id;nombre;tipos;ps;ataque;defensa;atq_esp;def_esp;velocidad;habilidad;habilidad_2;habilidad_oculta;curva;exp_base;ratio_captura;evs;aprende;mt;tutor;huevo;grupos_huevo;evoluciona;stats_extra;numero;categoria;altura;peso;color;hembras;legendario;descripcion
bulbasaur;Bulbasaur;grass|poison;45;49;49;65;65;45;overgrow;;chlorophyll;medium_slow;64;45;sp_attack:1;1:tackle|4:growl|7:leech_seed|10:vine_whip|15:poison_powder|15:sleep_powder|20:razor_leaf|25:sweet_scent|32:growth|39:synthesis|46:solar_beam;attract|curse|cut|defense_curl|double_team|endure|flash|frustration|fury_cutter|giga_drain|headbutt|hidden_power|mud_slap|protect|rest|return|sleep_talk|snore|solar_beam|sunny_day|swagger|sweet_scent|toxic;;light_screen|petal_dance|razor_wind|safeguard|skull_bash;monster|plant;ivysaur@16;;1;Semilla;0,7;6,9;verde;12,5;no;Una rara semilla le fue plantada en el lomo al nacer. La planta brota y crece con este Pokémon.
ivysaur;Ivysaur;grass|poison;60;62;63;80;80;60;overgrow;;chlorophyll;medium_slow;142;45;sp_attack:1|sp_defense:1;1:tackle|1:growl|1:leech_seed|10:vine_whip|15:poison_powder|15:sleep_powder|22:razor_leaf|29:sweet_scent|38:growth|47:synthesis|56:solar_beam;attract|curse|cut|defense_curl|double_team|endure|flash|frustration|fury_cutter|giga_drain|headbutt|hidden_power|mud_slap|protect|rest|return|sleep_talk|snore|solar_beam|sunny_day|swagger|sweet_scent|toxic;;light_screen|petal_dance|razor_wind|safeguard|skull_bash;monster|plant;venusaur@32;;2;Semilla;1;13;verde;12,5;no;Este Pokémon tiene un bulbo en el lomo. Dicen que, al absorber nutrientes, el bulbo se transforma en una flor grande.
venusaur;Venusaur;grass|poison;80;82;83;100;100;80;overgrow;;chlorophyll;medium_slow;236;45;sp_attack:2|sp_defense:1;1:tackle|1:growl|1:leech_seed|1:vine_whip|15:poison_powder|15:sleep_powder|22:razor_leaf|29:sweet_scent|41:growth|53:synthesis|65:solar_beam;attract|curse|cut|defense_curl|double_team|endure|flash|frustration|fury_cutter|giga_drain|headbutt|hidden_power|hyper_beam|mud_slap|protect|rest|return|roar|sleep_talk|snore|solar_beam|sunny_day|swagger|sweet_scent|toxic;;light_screen|petal_dance|razor_wind|safeguard|skull_bash;monster|plant;;;3;Semilla;2;100;verde;12,5;no;Llena su cuerpo de energía con los rayos solares que captan los anchos pétalos de su flor.
charmander;Charmander;fire;39;52;43;60;50;65;blaze;;solar_power;medium_slow;62;45;speed:1;1:scratch|1:growl|7:ember|13:smokescreen|19:rage|25:scary_face|31:flamethrower|37:slash|43:dragon_rage|49:fire_spin;attract|curse|cut|defense_curl|dig|double_team|dragon_breath|dynamic_punch|endure|fire_blast|fire_punch|frustration|fury_cutter|headbutt|hidden_power|iron_tail|mud_slap|protect|rest|return|rock_smash|sleep_talk|snore|strength|sunny_day|swagger|swift|toxic;flamethrower;ancient_power|beat_up|belly_drum|bite|outrage|rock_slide;monster|dragon;charmeleon@16;;4;Lagartija;0,6;8,5;rojo;12,5;no;La llama de su cola indica la fuerza vital de Charmander. Será brillante si está sano.
charmeleon;Charmeleon;fire;58;64;58;80;65;80;blaze;;solar_power;medium_slow;142;45;sp_attack:1|speed:1;1:scratch|1:growl|1:ember|13:smokescreen|20:rage|27:scary_face|34:flamethrower|41:slash|48:dragon_rage|55:fire_spin;attract|curse|cut|defense_curl|dig|double_team|dragon_breath|dynamic_punch|endure|fire_blast|fire_punch|frustration|fury_cutter|headbutt|hidden_power|iron_tail|mud_slap|protect|rest|return|rock_smash|sleep_talk|snore|strength|sunny_day|swagger|swift|toxic;flamethrower;ancient_power|beat_up|belly_drum|bite|outrage|rock_slide;monster|dragon;charizard@36;;5;Llama;1,1;19;rojo;12,5;no;Suele usar la cola para derribar a su rival. Cuando lo tira, se vale de sus afiladas garras para acabar con él.
charizard;Charizard;fire|flying;78;84;78;109;85;100;blaze;;solar_power;medium_slow;240;45;sp_attack:3;1:scratch|1:growl|1:ember|1:smokescreen|20:rage|27:scary_face|34:flamethrower|36:wing_attack|44:slash|54:dragon_rage|64:fire_spin;attract|curse|cut|defense_curl|dig|double_team|dragon_breath|dynamic_punch|earthquake|endure|fire_blast|fire_punch|fly|frustration|fury_cutter|headbutt|hidden_power|hyper_beam|iron_tail|mud_slap|protect|rest|return|roar|rock_smash|sandstorm|sleep_talk|snore|steel_wing|strength|sunny_day|swagger|swift|toxic;flamethrower;ancient_power|beat_up|belly_drum|bite|outrage|rock_slide;monster|dragon;;;6;Llama;1,7;90,5;rojo;12,5;no;Cuando lanza una descarga de fuego supercaliente, la roja llama de su cola brilla más intensamente.
squirtle;Squirtle;water;44;48;65;50;64;43;torrent;;rain_dish;medium_slow;63;45;defense:1;1:tackle|4:tail_whip|7:bubble|10:withdraw|13:water_gun|18:bite|23:rapid_spin|28:protect|33:rain_dance|40:skull_bash|47:hydro_pump;attract|blizzard|curse|defense_curl|dig|double_team|dynamic_punch|endure|frustration|headbutt|hidden_power|ice_punch|icy_wind|iron_tail|mud_slap|protect|rain_dance|rest|return|rock_smash|rollout|sleep_talk|snore|strength|surf|swagger|toxic|waterfall|whirlpool;ice_beam;confusion|flail|foresight|haze|mirror_coat|mist;monster|water1;wartortle@16;;7;Tortuguita;0,5;9;azul;12,5;no;Se protege con su caparazón y luego contraataca lanzando agua a presión cuando tiene oportunidad.
wartortle;Wartortle;water;59;63;80;65;80;58;torrent;;rain_dish;medium_slow;142;45;defense:1|sp_defense:1;1:tackle|1:tail_whip|1:bubble|10:withdraw|13:water_gun|19:bite|25:rapid_spin|31:protect|37:rain_dance|45:skull_bash|53:hydro_pump;attract|blizzard|curse|defense_curl|dig|double_team|dynamic_punch|endure|frustration|headbutt|hidden_power|ice_punch|icy_wind|iron_tail|mud_slap|protect|rain_dance|rest|return|rock_smash|rollout|sleep_talk|snore|strength|surf|swagger|toxic|waterfall|whirlpool;ice_beam;confusion|flail|foresight|haze|mirror_coat|mist;monster|water1;blastoise@36;;8;Tortuga;1;22,5;azul;12,5;no;Si es golpeado, esconderá su cabeza. Aun así, su cola puede seguir golpeando.
blastoise;Blastoise;water;79;83;100;85;105;78;torrent;;rain_dish;medium_slow;239;45;sp_defense:3;1:tackle|1:tail_whip|1:bubble|1:withdraw|13:water_gun|19:bite|25:rapid_spin|31:protect|42:rain_dance|55:skull_bash|68:hydro_pump;attract|blizzard|curse|defense_curl|dig|double_team|dynamic_punch|earthquake|endure|frustration|headbutt|hidden_power|hyper_beam|ice_punch|icy_wind|iron_tail|mud_slap|protect|rain_dance|rest|return|roar|rock_smash|rollout|sleep_talk|snore|strength|surf|swagger|toxic|waterfall|whirlpool;ice_beam;confusion|flail|foresight|haze|mirror_coat|mist;monster|water1;;;9;Armazón;1,6;85,5;azul;12,5;no;Para acabar con su enemigo, lo aplasta con el peso de su cuerpo. En momentos de apuro, se esconde en el caparazón.
caterpie;Caterpie;bug;45;30;35;20;20;45;shield_dust;;run_away;medium_fast;39;255;hp:1;1:tackle|1:string_shot;;;;bug;metapod@7;;10;Gusano;0,3;2,9;verde;50;no;Para protegerse despide un hedor horrible de sus antenas, con el que repele a sus enemigos.
metapod;Metapod;bug;50;20;55;25;25;30;shed_skin;;;medium_fast;72;120;defense:2;1:harden;;;;bug;butterfree@10;;11;Capullo;0,7;9,9;verde;50;no;Su frágil cuerpo está recubierto de una coraza dura como el acero. Permanece quieto en su desarrollo.
butterfree;Butterfree;bug|flying;60;45;50;90;80;70;compound_eyes;;tinted_lens;medium_fast;178;45;sp_attack:2|sp_defense:1;1:confusion|13:poison_powder|14:stun_spore|15:sleep_powder|18:supersonic|23:whirlwind|28:gust|34:psybeam|40:safeguard;attract|curse|double_team|endure|flash|frustration|giga_drain|hidden_power|hyper_beam|nightmare|protect|psychic|rest|return|sleep_talk|snore|solar_beam|sunny_day|swagger|sweet_scent|swift|toxic;;;bug;;;12;Mariposa;1,1;32;blanco;50;no;Adora el néctar de las flores. Puede localizar hasta las más pequeñas cantidades de polen.
weedle;Weedle;bug|poison;40;35;30;20;20;50;shield_dust;;run_away;medium_fast;39;255;speed:1;1:poison_sting|1:string_shot;;;;bug;kakuna@7;;13;Oruga;0,3;3,2;marrón;50;no;Suele habitar bosques y praderas. Tiene un afilado y venenoso aguijón de unos 5 cm encima de la cabeza.
kakuna;Kakuna;bug|poison;45;25;50;25;25;35;shed_skin;;;medium_fast;72;120;defense:2;1:harden;;;;bug;beedrill@10;;14;Capullo;0,6;10;amarillo;50;no;Casi incapaz de moverse, este Pokémon solo puede endurecer su caparazón para protegerse.
beedrill;Beedrill;bug|poison;65;90;40;45;80;75;swarm;;sniper;medium_fast;178;45;attack:2|sp_defense:1;1:fury_attack|15:focus_energy|20:twineedle|25:rage|30:pursuit|35:pin_missile|40:agility;attract|curse|cut|double_team|endure|frustration|fury_cutter|giga_drain|hidden_power|hyper_beam|protect|rest|return|sleep_talk|sludge_bomb|snore|sunny_day|swagger|sweet_scent|swift|toxic;;;bug;;;15;Abeja Veneno;1;29,5;amarillo;50;no;Tiene 3 aguijones venenosos en sus patas y cola. Suelen pinchar a sus enemigos repetidas veces.
pidgey;Pidgey;normal|flying;40;45;40;35;35;56;keen_eye;tangled_feet;big_pecks;medium_slow;50;255;speed:1;1:tackle|5:sand_attack|9:gust|15:quick_attack|21:whirlwind|29:wing_attack|37:agility|47:mirror_move;attract|curse|detect|double_team|endure|fly|frustration|hidden_power|mud_slap|protect|rest|return|sleep_talk|snore|steel_wing|sunny_day|swagger|swift|thief|toxic;;feint_attack|foresight|pursuit;flying;pidgeotto@18;;16;Pajarito;0,3;1,8;marrón;50;no;Muy común en bosques y selvas. Aletea al nivel del suelo para levantar la gravilla.
pidgeotto;Pidgeotto;normal|flying;63;60;55;50;50;71;keen_eye;tangled_feet;big_pecks;medium_slow;122;120;speed:2;1:tackle|1:sand_attack|1:gust|15:quick_attack|23:whirlwind|33:wing_attack|43:agility|55:mirror_move;attract|curse|detect|double_team|endure|fly|frustration|hidden_power|mud_slap|protect|rest|return|sleep_talk|snore|steel_wing|sunny_day|swagger|swift|thief|toxic;;feint_attack|foresight|pursuit;flying;pidgeot@36;;17;Pájaro;1,1;30;marrón;50;no;Tiene unas garras desarrolladas. Puede atrapar un Exeggcute y transportarlo desde una distancia de casi 100 km.
pidgeot;Pidgeot;normal|flying;83;80;75;70;70;101;keen_eye;tangled_feet;big_pecks;medium_slow;216;45;speed:3;1:tackle|1:sand_attack|1:gust|1:quick_attack|23:whirlwind|33:wing_attack|46:agility|61:mirror_move;attract|curse|detect|double_team|endure|fly|frustration|hidden_power|hyper_beam|mud_slap|protect|rest|return|sleep_talk|snore|steel_wing|sunny_day|swagger|swift|thief|toxic;;feint_attack|foresight|pursuit;flying;;;18;Pájaro;1,5;39,5;marrón;50;no;Cuando caza, vuela muy deprisa a ras del agua y sorprende a inocentes presas como Magikarp.
rattata;Rattata;normal;30;56;35;25;35;72;run_away;guts;hustle;medium_fast;51;255;speed:1;1:tackle|1:tail_whip|7:quick_attack|13:hyper_fang|20:focus_energy|27:pursuit|34:super_fang;attract|blizzard|curse|defense_curl|dig|double_team|endure|frustration|headbutt|hidden_power|icy_wind|iron_tail|mud_slap|protect|rest|return|rock_smash|shadow_ball|sleep_talk|snore|sunny_day|swagger|swift|thief|thunder|toxic;;bite|counter|flame_wheel|fury_swipes|reversal|screech;ground;raticate@20;;19;Ratón;0,3;3,5;morado;50;no;Vive allí donde haya comida disponible. Busca todo el día, sin descanso, algo comestible.
raticate;Raticate;normal;55;81;60;50;70;97;run_away;guts;hustle;medium_fast;145;127;speed:2;1:tackle|1:tail_whip|1:quick_attack|13:hyper_fang|20:scary_face|30:pursuit|40:super_fang;attract|blizzard|curse|cut|defense_curl|dig|double_team|endure|frustration|headbutt|hidden_power|hyper_beam|icy_wind|iron_tail|mud_slap|protect|rest|return|roar|rock_smash|shadow_ball|sleep_talk|snore|strength|sunny_day|swagger|swift|thief|thunder|toxic;ice_beam|thunderbolt;bite|counter|flame_wheel|fury_swipes|reversal|screech;ground;;;20;Ratón;0,7;18,5;marrón;50;no;Lima sus colmillos royendo objetos duros. Con ellos puede destruir incluso paredes de hormigón.
spearow;Spearow;normal|flying;40;60;30;31;31;70;keen_eye;;sniper;medium_fast;52;255;speed:1;1:peck|1:growl|7:leer|13:fury_attack|25:pursuit|31:mirror_move|37:drill_peck|43:agility;attract|curse|detect|double_team|endure|fly|frustration|hidden_power|mud_slap|protect|rest|return|sleep_talk|snore|steel_wing|sunny_day|swagger|swift|thief|toxic;;false_swipe|feint_attack|quick_attack|scary_face|tri_attack;flying;fearow@20;;21;Pajarito;0,3;2;marrón;50;no;Muy protector de su territorio, mueve sus cortas alas sin descanso para lanzarse a toda velocidad.
fearow;Fearow;normal|flying;65;90;65;61;61;100;keen_eye;;sniper;medium_fast;155;90;speed:2;1:peck|1:growl|1:leer|1:fury_attack|26:pursuit|32:mirror_move|40:drill_peck|47:agility;attract|curse|detect|double_team|endure|fly|frustration|hidden_power|hyper_beam|mud_slap|protect|rest|return|sleep_talk|snore|steel_wing|sunny_day|swagger|swift|thief|toxic;;false_swipe|feint_attack|quick_attack|scary_face|tri_attack;flying;;;22;Pico;1,2;38;marrón;50;no;Con sus enormes y magníficas alas, puede seguir volando sin tener que aterrizar para descansar.
ekans;Ekans;poison;35;60;44;40;54;55;intimidate;shed_skin;unnerve;medium_fast;58;255;attack:1;1:wrap|1:leer|9:poison_sting|15:bite|23:glare|29:screech|37:acid|43:haze;attract|curse|dig|double_team|earthquake|endure|frustration|giga_drain|headbutt|hidden_power|protect|rest|return|sleep_talk|sludge_bomb|snore|strength|sunny_day|swagger|thief|toxic;;beat_up|crunch|pursuit|slam|spite;ground|dragon;arbok@22;;23;Serpiente;2;6,9;morado;50;no;Cuanto más viejo, más crece este Pokémon. Por la noche, descansa en las ramas de los árboles.
arbok;Arbok;poison;60;95;69;65;79;80;intimidate;shed_skin;unnerve;medium_fast;157;90;attack:2;1:wrap|1:leer|1:poison_sting|1:bite|25:glare|33:screech|43:acid|51:haze;attract|curse|dig|double_team|earthquake|endure|frustration|giga_drain|headbutt|hidden_power|hyper_beam|protect|rest|return|sleep_talk|sludge_bomb|snore|strength|sunny_day|swagger|thief|toxic;;beat_up|crunch|pursuit|slam|spite;ground|dragon;;;24;Cobra;3,5;65;morado;50;no;El dibujo que tiene en la panza aterroriza. Los rivales más débiles salen huyendo al verlo.
pikachu;Pikachu;electric;35;55;40;50;50;90;static;;lightning_rod;medium_fast;112;190;speed:2;1:thunder_shock|1:growl|6:tail_whip|8:thunder_wave|11:quick_attack|15:double_team|20:slam|26:thunderbolt|33:agility|41:thunder|50:light_screen;attract|curse|defense_curl|detect|double_team|dynamic_punch|endure|flash|frustration|headbutt|hidden_power|iron_tail|mud_slap|protect|rain_dance|rest|return|rollout|sleep_talk|snore|strength|swagger|swift|thunder|thunder_punch|toxic|zap_cannon;thunderbolt;bide|double_slap|encore|present|reversal;ground|fairy;raichu@objeto:thunder_stone;;25;Ratón;0,4;6;amarillo;50;no;Levanta su cola para vigilar los alrededores. A veces, puede ser alcanzado por un rayo en esa pose.
raichu;Raichu;electric;60;90;55;90;80;110;static;;lightning_rod;medium_fast;218;75;speed:3;1:thunder_shock|1:tail_whip|1:quick_attack|1:thunderbolt;attract|curse|defense_curl|detect|double_team|dynamic_punch|endure|flash|frustration|headbutt|hidden_power|hyper_beam|iron_tail|mud_slap|protect|rain_dance|rest|return|rollout|sleep_talk|snore|strength|swagger|swift|thief|thunder|thunder_punch|toxic|zap_cannon;thunderbolt;bide|double_slap|encore|present|reversal;ground|fairy;;;26;Ratón;0,8;30;amarillo;50;no;Cuando se carga de electricidad, sus músculos se tensan y se vuelve más agresivo de lo normal.
sandshrew;Sandshrew;ground;50;75;85;20;30;40;sand_veil;;sand_rush;medium_fast;60;255;defense:1;1:scratch|6:defense_curl|11:sand_attack|17:poison_sting|23:slash|30:swift|37:fury_swipes|45:sandstorm;attract|curse|cut|defense_curl|detect|dig|double_team|dynamic_punch|earthquake|endure|frustration|fury_cutter|headbutt|hidden_power|iron_tail|mud_slap|protect|rest|return|rock_smash|rollout|sandstorm|sleep_talk|snore|strength|sunny_day|swagger|swift|thief|toxic;;counter|flail|metal_claw|rapid_spin|safeguard;ground;sandslash@22;;27;Ratón;0,6;12;amarillo;50;no;Este Pokémon permanece bajo tierra. Si se siente amenazado, se enrosca para defenderse.
sandslash;Sandslash;ground;75;100;110;45;55;65;sand_veil;;sand_rush;medium_fast;158;90;defense:2;1:scratch|1:defense_curl|1:sand_attack|17:poison_sting|24:slash|33:swift|42:fury_swipes|52:sandstorm;attract|curse|cut|defense_curl|detect|dig|double_team|dynamic_punch|earthquake|endure|frustration|fury_cutter|headbutt|hidden_power|hyper_beam|iron_tail|mud_slap|protect|rest|return|rock_smash|rollout|sandstorm|sleep_talk|snore|strength|sunny_day|swagger|swift|thief|toxic;;counter|flail|metal_claw|rapid_spin|safeguard;ground;;;28;Ratón;1;29,5;amarillo;50;no;Si cava a gran velocidad, puede que se le caigan las garras y púas. Vuelven a crecerle en un día.
nidoran_f;Nidoran♀;poison;55;47;52;40;40;41;poison_point;rivalry;hustle;medium_slow;55;235;hp:1;1:growl|1:tackle|8:scratch|12:double_kick|17:poison_sting|23:tail_whip|30:bite|38:fury_swipes;attract|blizzard|curse|defense_curl|detect|double_team|endure|frustration|headbutt|hidden_power|iron_tail|mud_slap|protect|rain_dance|rest|return|sleep_talk|snore|sunny_day|swagger|thief|thunder|toxic;thunderbolt;beat_up|charm|counter|disable|focus_energy|supersonic|take_down;monster|ground;nidorina@16;;29;Pin Veneno;0,4;7;azul;100;no;Aunque pequeñas, sus venenosas púas son muy peligrosas. Tienen un cuerno más pequeño que los machos.
nidorina;Nidorina;poison;70;62;67;55;55;56;poison_point;rivalry;hustle;medium_slow;128;120;hp:2;1:growl|1:tackle|8:scratch|12:double_kick|19:poison_sting|27:tail_whip|36:bite|46:fury_swipes;attract|blizzard|curse|defense_curl|detect|double_team|endure|frustration|headbutt|hidden_power|iron_tail|mud_slap|protect|rain_dance|rest|return|rock_smash|sleep_talk|snore|strength|sunny_day|swagger|thief|thunder|toxic;ice_beam|thunderbolt;beat_up|charm|counter|disable|focus_energy|supersonic|take_down;no_eggs;nidoqueen@objeto:moon_stone;;30;Pin Veneno;0,8;20;azul;100;no;Tiene un carácter afable. Emite ondas ultrasónicas para confundir al enemigo.
nidoqueen;Nidoqueen;poison|ground;90;92;87;75;85;76;poison_point;rivalry;sheer_force;medium_slow;227;45;hp:3;1:tackle|1:scratch|1:double_kick|1:tail_whip|23:body_slam;attract|blizzard|curse|defense_curl|detect|double_team|dynamic_punch|earthquake|endure|fire_blast|fire_punch|frustration|fury_cutter|headbutt|hidden_power|hyper_beam|ice_punch|icy_wind|iron_tail|mud_slap|protect|rain_dance|rest|return|roar|rock_smash|sandstorm|shadow_ball|sleep_talk|snore|strength|sunny_day|surf|swagger|thief|thunder|thunder_punch|toxic;flamethrower|ice_beam|thunderbolt;beat_up|charm|counter|disable|focus_energy|supersonic|take_down;no_eggs;;;31;Taladro;1,3;60;azul;100;no;Usa su cuerpo duro y escamoso para sellar la entrada a su madriguera y protegerse de los depredadores.
nidoran_m;Nidoran♂;poison;46;57;40;40;40;50;poison_point;rivalry;hustle;medium_slow;55;235;attack:1;1:leer|1:tackle|8:horn_attack|12:double_kick|17:poison_sting|23:focus_energy|30:fury_attack|38:horn_drill;attract|blizzard|curse|defense_curl|detect|double_team|endure|frustration|headbutt|hidden_power|iron_tail|mud_slap|protect|rain_dance|rest|return|sleep_talk|snore|sunny_day|swagger|thief|thunder|toxic;thunderbolt;amnesia|beat_up|confusion|counter|disable|supersonic|take_down;monster|ground;nidorino@16;;32;Pin Veneno;0,5;9;morado;0;no;Saca las orejas por encima de la hierba para explorar el territorio. Le protege su cuerno venenoso.
nidorino;Nidorino;poison;61;72;57;55;55;65;poison_point;rivalry;hustle;medium_slow;128;120;attack:2;1:leer|1:tackle|8:horn_attack|12:double_kick|19:poison_sting|27:focus_energy|36:fury_attack|46:horn_drill;attract|blizzard|curse|defense_curl|detect|double_team|endure|frustration|headbutt|hidden_power|iron_tail|mud_slap|protect|rain_dance|rest|return|rock_smash|sleep_talk|snore|strength|sunny_day|swagger|thief|thunder|toxic;ice_beam|thunderbolt;amnesia|beat_up|confusion|counter|disable|supersonic|take_down;monster|ground;nidoking@objeto:moon_stone;;33;Pin Veneno;0,9;19,5;morado;0;no;Levanta sus grandes orejas para vigilar. Si detecta algo, atacará de inmediato.
nidoking;Nidoking;poison|ground;81;102;77;85;75;85;poison_point;rivalry;sheer_force;medium_slow;227;45;attack:3;1:tackle|1:horn_attack|1:double_kick|1:poison_sting|23:thrash;attract|blizzard|curse|defense_curl|detect|double_team|dynamic_punch|earthquake|endure|fire_blast|fire_punch|frustration|fury_cutter|headbutt|hidden_power|hyper_beam|ice_punch|icy_wind|iron_tail|mud_slap|protect|rain_dance|rest|return|roar|rock_smash|sandstorm|shadow_ball|sleep_talk|snore|strength|sunny_day|surf|swagger|thief|thunder|thunder_punch|toxic;flamethrower|ice_beam|thunderbolt;amnesia|beat_up|confusion|counter|disable|supersonic|take_down;monster|ground;;;34;Taladro;1,4;62;morado;0;no;Es fácil reconocerlo por tener una dura piel y un gran cuerno lleno de peligrosísimo veneno.
clefairy;Clefairy;fairy;70;45;48;60;65;35;cute_charm;magic_guard;friend_guard;fast;113;150;hp:2;1:pound|1:growl|1:disarming_voice|4:encore|8:sing|13:double_slap|19:minimize|26:defense_curl|34:metronome|43:moonlight|46:moonblast|53:light_screen;attract|blizzard|curse|defense_curl|detect|double_team|dream_eater|dynamic_punch|endure|fire_blast|fire_punch|flash|frustration|headbutt|hidden_power|ice_punch|iron_tail|mud_slap|nightmare|protect|psych_up|psychic|rain_dance|rest|return|rollout|shadow_ball|sleep_talk|snore|solar_beam|strength|sunny_day|swagger|thunder|thunder_punch|toxic|zap_cannon;flamethrower|ice_beam|thunderbolt;amnesia|belly_drum|metronome|mimic|present|splash;fairy;clefable@objeto:moon_stone;;35;Hada;0,6;7,5;rosa;75;no;Se dice que la felicidad llegará a quien vea a un grupo de Clefairy bailando a la luz de la luna llena.
clefable;Clefable;fairy;95;70;73;95;90;60;cute_charm;magic_guard;unaware;fast;217;25;hp:3;1:sing|1:double_slap|1:metronome|1:moonlight|1:disarming_voice;attract|blizzard|curse|defense_curl|detect|double_team|dream_eater|dynamic_punch|endure|fire_blast|fire_punch|flash|frustration|headbutt|hidden_power|hyper_beam|ice_punch|iron_tail|mud_slap|nightmare|protect|psych_up|psychic|rain_dance|rest|return|rollout|shadow_ball|sleep_talk|snore|solar_beam|strength|sunny_day|swagger|thunder|thunder_punch|toxic|zap_cannon;flamethrower|ice_beam|thunderbolt;amnesia|belly_drum|metronome|mimic|present|splash;fairy;;;36;Hada;1,3;40;rosa;75;no;Su oído es tan agudo que puede oír una aguja caer a 1 km. Vive en montañas solitarias.
vulpix;Vulpix;fire;38;41;40;50;65;65;flash_fire;;drought;medium_fast;60;190;speed:1;1:ember|1:tail_whip|7:quick_attack|13:roar|19:confuse_ray|25:safeguard|31:flamethrower|37:fire_spin;attract|curse|dig|double_team|endure|fire_blast|frustration|headbutt|hidden_power|iron_tail|protect|rest|return|sleep_talk|snore|sunny_day|swagger|swift|toxic;flamethrower;disable|feint_attack|flail|hypnosis|spite;ground;ninetales@objeto:fire_stone;;37;Zorro;0,6;9,9;marrón;75;no;Cuando nace solo tiene una cola, pero a medida que crece, esta se va dividiendo desde la punta.
ninetales;Ninetales;fire;73;76;75;81;100;100;flash_fire;;drought;medium_fast;177;75;sp_defense:1|speed:1;1:ember|1:quick_attack|1:confuse_ray|1:safeguard|43:fire_spin;attract|curse|dig|double_team|endure|fire_blast|frustration|headbutt|hidden_power|hyper_beam|iron_tail|protect|rest|return|roar|sleep_talk|snore|sunny_day|swagger|swift|toxic;flamethrower;disable|feint_attack|flail|hypnosis|spite;ground;;;38;Zorro;1,1;19,9;amarillo;75;no;Tiene nueve colas y un pelaje de color dorado. Dicen que este Pokémon llega a vivir 1000 años.
jigglypuff;Jigglypuff;normal|fairy;115;45;20;45;25;20;cute_charm;competitive;friend_guard;fast;95;170;hp:2;1:sing|4:defense_curl|9:pound|11:disarming_voice|14:disable|19:rollout|24:double_slap|29:rest|34:body_slam|39:double_edge;attract|blizzard|curse|defense_curl|detect|double_team|dream_eater|dynamic_punch|endure|fire_blast|fire_punch|flash|frustration|headbutt|hidden_power|ice_punch|mud_slap|nightmare|protect|psych_up|psychic|rain_dance|rest|return|rollout|shadow_ball|sleep_talk|snore|solar_beam|strength|sunny_day|swagger|thunder|thunder_punch|toxic|zap_cannon;flamethrower|ice_beam|thunderbolt;feint_attack|perish_song|present;fairy;wigglytuff@objeto:moon_stone;;39;Globo;0,5;5,5;rosa;75;no;Cautiva con la mirada a su enemigo y hace que se quede profundamente dormido mientras entona una dulce melodía.
wigglytuff;Wigglytuff;normal|fairy;140;70;45;85;50;45;cute_charm;competitive;frisk;fast;196;50;hp:3;1:sing|1:disable|1:defense_curl|1:double_slap|1:play_rough;attract|blizzard|curse|defense_curl|detect|double_team|dream_eater|dynamic_punch|endure|fire_blast|fire_punch|flash|frustration|headbutt|hidden_power|hyper_beam|ice_punch|mud_slap|nightmare|protect|psych_up|psychic|rain_dance|rest|return|rollout|shadow_ball|sleep_talk|snore|solar_beam|strength|sunny_day|swagger|thunder|thunder_punch|toxic|zap_cannon;flamethrower|ice_beam|thunderbolt;feint_attack|perish_song|present;fairy;;;40;Globo;1;12;rosa;75;no;Su piel es tan suave que si dos de ellos se acurrucan juntos, no querrán separarse nunca.
zubat;Zubat;poison|flying;40;45;35;30;40;55;inner_focus;;infiltrator;medium_fast;49;255;speed:1;1:leech_life|6:supersonic|12:bite|19:confuse_ray|27:wing_attack|36:mean_look|46:haze;attract|curse|detect|double_team|endure|frustration|giga_drain|hidden_power|protect|rest|return|sleep_talk|snore|steel_wing|sunny_day|swagger|swift|thief|toxic;;feint_attack|gust|pursuit|quick_attack|whirlwind;flying;golbat@22;;41;Murciélago;0,8;7,5;morado;50;no;Aunque carezca de ojos, puede detectar obstáculos con las ondas ultrasónicas que emite su boca.
golbat;Golbat;poison|flying;75;80;70;65;75;90;inner_focus;;infiltrator;medium_fast;159;90;speed:2;1:screech|1:leech_life|1:supersonic|12:bite|19:confuse_ray|30:wing_attack|42:mean_look|55:haze;attract|curse|detect|double_team|endure|frustration|giga_drain|hidden_power|hyper_beam|protect|rest|return|sleep_talk|snore|steel_wing|sunny_day|swagger|swift|thief|toxic;;feint_attack|gust|pursuit|quick_attack|whirlwind;flying;crobat@amistad;;42;Murciélago;1,6;55;morado;50;no;Cuando ataque, seguirá chupando energía de su víctima, aunque pese tanto que ya no pueda volar.
oddish;Oddish;grass|poison;45;50;55;75;65;30;chlorophyll;;run_away;medium_slow;64;255;sp_attack:1;1:absorb|7:sweet_scent|14:poison_powder|16:stun_spore|18:sleep_powder|23:acid|32:moonlight|39:petal_dance;attract|curse|cut|double_team|endure|flash|frustration|giga_drain|hidden_power|protect|rest|return|sleep_talk|sludge_bomb|snore|solar_beam|sunny_day|swagger|sweet_scent|toxic;;flail|razor_leaf|swords_dance|synthesis;plant;gloom@21;;43;Hierbajo;0,5;5,4;azul;50;no;Durante el día, se agazapa en el frío subsuelo huyendo del sol. La luz de la luna le hace crecer mucho.
gloom;Gloom;grass|poison;60;65;70;85;75;40;chlorophyll;;stench;medium_slow;138;120;sp_attack:2;1:absorb|1:sweet_scent|1:poison_powder|16:stun_spore|18:sleep_powder|24:acid|35:moonlight|44:petal_dance;attract|curse|cut|double_team|endure|flash|frustration|giga_drain|hidden_power|protect|rest|return|sleep_talk|sludge_bomb|snore|solar_beam|sunny_day|swagger|sweet_scent|toxic;;flail|razor_leaf|swords_dance|synthesis;plant;vileplume@objeto:leaf_stone|bellossom@objeto:sun_stone;;44;Hierbajo;0,8;8,6;azul;50;no;¡Huele bastante mal! De todas formas, una de cada mil personas aprecian su fétido olor.
vileplume;Vileplume;grass|poison;75;80;85;110;90;50;chlorophyll;;effect_spore;medium_slow;221;45;sp_attack:3;1:absorb|1:sweet_scent|1:stun_spore|1:petal_dance;attract|curse|cut|double_team|endure|flash|frustration|giga_drain|hidden_power|hyper_beam|protect|rest|return|sleep_talk|sludge_bomb|snore|solar_beam|sunny_day|swagger|sweet_scent|toxic;;flail|razor_leaf|swords_dance|synthesis;plant;;;45;Flor;1,2;18,6;rojo;50;no;Cuanto mayores son sus pétalos, más tóxico es su polen. Le pesa la cabeza y le cuesta mantenerla erguida.
paras;Paras;bug|grass;35;70;55;45;55;25;effect_spore;dry_skin;damp;medium_fast;57;190;attack:1;1:scratch|7:stun_spore|13:poison_powder|19:leech_life|25:spore|31:slash|37:growth|43:giga_drain;attract|curse|cut|dig|double_team|endure|flash|frustration|fury_cutter|giga_drain|hidden_power|protect|rest|return|rock_smash|sleep_talk|sludge_bomb|snore|solar_beam|sunny_day|swagger|sweet_scent|thief|toxic;;counter|false_swipe|flail|light_screen|psybeam|pursuit|screech;bug|plant;parasect@24;;46;Hongo;0,3;5,4;rojo;50;no;Lleva en el lomo dos setas parásitas llamadas tochukaso, que crecen con él.
parasect;Parasect;bug|grass;60;95;80;60;80;30;effect_spore;dry_skin;damp;medium_fast;142;75;attack:2|defense:1;1:scratch|1:stun_spore|1:poison_powder|19:leech_life|28:spore|37:slash|46:growth|55:giga_drain;attract|curse|cut|dig|double_team|endure|flash|frustration|fury_cutter|giga_drain|hidden_power|hyper_beam|protect|rest|return|rock_smash|sleep_talk|sludge_bomb|snore|solar_beam|sunny_day|swagger|sweet_scent|thief|toxic;;counter|false_swipe|flail|light_screen|psybeam|pursuit|screech;bug|plant;;;47;Hongo;1;29,5;rojo;50;no;Parasect está dominado por una seta parásita mayor que él. Dispersa esporas venenosas.
venonat;Venonat;bug|poison;60;55;50;40;55;45;compound_eyes;tinted_lens;run_away;medium_fast;61;190;sp_defense:1;1:tackle|1:disable|1:foresight|9:supersonic|17:confusion|20:poison_powder|25:leech_life|28:stun_spore|33:psybeam|36:sleep_powder|41:psychic;attract|curse|double_team|endure|frustration|giga_drain|hidden_power|protect|psychic|rest|return|sleep_talk|sludge_bomb|snore|solar_beam|sunny_day|swagger|sweet_scent|swift|thief|toxic;;baton_pass|giga_drain|screech;bug;venomoth@31;;48;Insecto;1;30;morado;50;no;Sus grandes ojos son en realidad grupos de ojos diminutos. Por la noche se siente atraído por la luz.
venomoth;Venomoth;bug|poison;70;65;60;90;75;90;shield_dust;tinted_lens;wonder_skin;medium_fast;158;75;sp_attack:1|speed:1;1:tackle|1:disable|1:foresight|1:supersonic|17:confusion|20:poison_powder|25:leech_life|28:stun_spore|31:gust|36:psybeam|42:sleep_powder|52:psychic;attract|curse|double_team|endure|flash|frustration|giga_drain|hidden_power|hyper_beam|protect|psychic|rest|return|sleep_talk|sludge_bomb|snore|solar_beam|sunny_day|swagger|sweet_scent|swift|thief|toxic;;baton_pass|giga_drain|screech;bug;;;49;Polilla Ven.;1,5;12,5;morado;50;no;Lanza unas escamas que paralizan a cualquiera. Quien las toque, no podrá ni ponerse de pie.
diglett;Diglett;ground;10;55;25;35;45;95;sand_veil;arena_trap;sand_force;medium_fast;53;255;speed:1;1:scratch|5:growl|9:magnitude|17:dig|25:sand_attack|33:slash|41:earthquake|49:fissure;attract|curse|cut|dig|double_team|earthquake|endure|frustration|hidden_power|mud_slap|protect|rest|return|rock_smash|sleep_talk|sludge_bomb|snore|sunny_day|swagger|thief|toxic;;ancient_power|beat_up|feint_attack|pursuit|screech;ground;dugtrio@26;;50;Topo;0,2;0,8;marrón;50;no;Vive un metro por debajo del suelo, donde se alimenta de raíces. También aparece en la superficie.
dugtrio;Dugtrio;ground;35;100;50;50;70;120;sand_veil;arena_trap;sand_force;medium_fast;149;50;speed:2;1:tri_attack|1:scratch|1:growl|1:magnitude|17:dig|25:sand_attack|37:slash|49:earthquake|61:fissure;attract|curse|cut|dig|double_team|earthquake|endure|frustration|hidden_power|hyper_beam|mud_slap|protect|rest|return|rock_smash|sleep_talk|sludge_bomb|snore|sunny_day|swagger|thief|toxic;;ancient_power|beat_up|feint_attack|pursuit|screech;ground;;;51;Topo;0,7;33,3;marrón;50;no;En combate, cava la tierra, se esconde y sale de repente para golpear a su rival. Nunca se sabe por dónde puede aparecer.
meowth;Meowth;normal;40;45;35;40;40;90;pickup;technician;unnerve;medium_fast;58;255;speed:1;1:scratch|1:growl|11:bite|20:pay_day|28:feint_attack|35:screech|41:fury_swipes|46:slash;attract|curse|defense_curl|detect|double_team|dream_eater|endure|frustration|headbutt|hidden_power|icy_wind|iron_tail|mud_slap|nightmare|protect|psych_up|rest|return|shadow_ball|sleep_talk|snore|sunny_day|swagger|swift|thief|thunder|toxic|zap_cannon;thunderbolt;amnesia|charm|hypnosis|spite;ground;persian@28;;52;Gato Araña;0,4;4,2;amarillo;50;no;Es de naturaleza nocturna. Le atraen los objetos brillantes.
persian;Persian;normal;65;70;60;65;65;115;limber;technician;unnerve;medium_fast;154;90;speed:2;1:scratch|1:growl|1:bite|20:pay_day|29:feint_attack|38:screech|46:fury_swipes|53:slash;attract|curse|defense_curl|detect|double_team|dream_eater|endure|frustration|headbutt|hidden_power|hyper_beam|icy_wind|iron_tail|mud_slap|nightmare|protect|psych_up|rest|return|roar|shadow_ball|sleep_talk|snore|sunny_day|swagger|swift|thief|thunder|toxic|zap_cannon;thunderbolt;amnesia|charm|hypnosis|spite;ground;;;53;Gato Fino;1;32;amarillo;50;no;Aunque es muy admirado por el pelo, es difícil de entrenar como mascota, porque es un poco travieso.
psyduck;Psyduck;water;50;52;48;65;50;55;damp;cloud_nine;swift_swim;medium_fast;64;190;sp_attack:1;1:scratch|5:tail_whip|10:disable|16:confusion|23:screech|31:psych_up|40:fury_swipes|50:hydro_pump;attract|blizzard|curse|dig|double_team|dynamic_punch|endure|flash|frustration|headbutt|hidden_power|ice_punch|icy_wind|iron_tail|mud_slap|protect|psych_up|rain_dance|rest|return|rock_smash|sleep_talk|snore|strength|surf|swagger|swift|toxic|waterfall|whirlpool;ice_beam;cross_chop|foresight|future_sight|hypnosis|ice_beam|light_screen|psybeam|psychic;water1|ground;golduck@33;;54;Pato;0,8;19,6;amarillo;50;no;Padece continuamente dolores de cabeza. Cuando son muy fuertes, empieza a usar misteriosos poderes.
golduck;Golduck;water;80;82;78;95;80;85;damp;cloud_nine;swift_swim;medium_fast;175;75;sp_attack:2;1:scratch|1:tail_whip|1:disable|1:confusion|23:screech|31:psych_up|44:fury_swipes|58:hydro_pump;attract|blizzard|curse|dig|double_team|dynamic_punch|endure|flash|frustration|fury_cutter|headbutt|hidden_power|hyper_beam|ice_punch|icy_wind|iron_tail|mud_slap|protect|psych_up|rain_dance|rest|return|rock_smash|sleep_talk|snore|strength|surf|swagger|swift|toxic|waterfall|whirlpool;ice_beam;cross_chop|foresight|future_sight|hypnosis|ice_beam|light_screen|psybeam|psychic;water1|ground;;;55;Pato;1,7;76,6;azul;50;no;Aparece en ríos al anochecer. Puede usar poderes telequinéticos si su frente brilla misteriosamente.
mankey;Mankey;fighting;40;80;35;35;45;70;vital_spirit;anger_point;defiant;medium_fast;61;190;attack:1;1:scratch|1:leer|9:low_kick|15:karate_chop|21:fury_swipes|27:focus_energy|33:seismic_toss|39:cross_chop|45:screech|51:thrash;attract|curse|defense_curl|detect|dig|double_team|dynamic_punch|endure|fire_punch|frustration|headbutt|hidden_power|ice_punch|iron_tail|mud_slap|protect|psych_up|rest|return|rock_smash|sleep_talk|snore|strength|sunny_day|swagger|swift|thief|thunder|thunder_punch|toxic;thunderbolt;beat_up|counter|foresight|meditate|reversal|rock_slide;ground;primeape@28;;56;Mono Cerdo;0,5;28;marrón;50;no;Es peligroso acercarse si se enfada sin razón aparente, ya que no distingue entre amigos y enemigos.
primeape;Primeape;fighting;65;105;60;60;70;95;vital_spirit;anger_point;defiant;medium_fast;159;75;attack:2;1:scratch|1:leer|1:low_kick|1:rage|15:karate_chop|21:fury_swipes|27:focus_energy|36:seismic_toss|45:cross_chop|54:screech|63:thrash;attract|curse|defense_curl|detect|dig|double_team|dynamic_punch|endure|fire_punch|frustration|headbutt|hidden_power|hyper_beam|ice_punch|iron_tail|mud_slap|protect|psych_up|rest|return|rock_smash|sleep_talk|snore|strength|sunny_day|swagger|swift|thief|thunder|thunder_punch|toxic;thunderbolt;beat_up|counter|foresight|meditate|reversal|rock_slide;ground;;;57;Mono Cerdo;1;32;marrón;50;no;Solo se calma cuando nadie está cerca. Llegar a ver ese momento es realmente difícil.
growlithe;Growlithe;fire;55;70;45;70;50;60;intimidate;flash_fire;justified;slow;70;190;attack:1;1:bite|1:roar|9:ember|18:leer|26:take_down|34:flame_wheel|42:agility|50:flamethrower;attract|curse|dig|double_team|dragon_breath|endure|fire_blast|frustration|headbutt|hidden_power|iron_tail|protect|rest|return|roar|rock_smash|sleep_talk|snore|sunny_day|swagger|swift|toxic;flamethrower;body_slam|crunch|fire_spin|safeguard|thrash;ground;arcanine@objeto:fire_stone;;58;Perrito;0,7;19;marrón;25;no;Es muy agradable y leal. Para ahuyentar al enemigo, se pone a ladrar y a dar bocados.
arcanine;Arcanine;fire;90;110;80;100;80;95;intimidate;flash_fire;justified;slow;194;75;attack:2;1:roar|1:leer|1:take_down|1:flame_wheel|50:extreme_speed;attract|curse|dig|double_team|dragon_breath|endure|fire_blast|frustration|headbutt|hidden_power|hyper_beam|iron_tail|protect|rest|return|roar|rock_smash|sleep_talk|snore|sunny_day|swagger|swift|toxic;flamethrower;body_slam|crunch|fire_spin|safeguard|thrash;ground;;;59;Leyenda;1,9;155;marrón;25;no;Un Pokémon muy admirado desde la antigüedad por su belleza. Corre ágilmente como si tuviera alas.
poliwag;Poliwag;water;40;50;40;40;40;90;water_absorb;damp;swift_swim;medium_slow;60;255;speed:1;1:bubble|7:hypnosis|13:water_gun|19:double_slap|25:rain_dance|31:body_slam|37:belly_drum|43:hydro_pump;attract|blizzard|curse|defense_curl|double_team|endure|frustration|headbutt|hidden_power|icy_wind|protect|psychic|rain_dance|rest|return|sleep_talk|snore|surf|swagger|thief|toxic|waterfall|whirlpool;ice_beam;bubble_beam|haze|mind_reader|mist|splash;water1;poliwhirl@25;;60;Renacuajo;0,6;12,4;azul;50;no;Tiene una piel extraordinaria, fina y húmeda, que deja entrever las vísceras que tiene dispuestas en espiral.
poliwhirl;Poliwhirl;water;65;65;65;50;50;90;water_absorb;damp;swift_swim;medium_slow;135;120;speed:2;1:bubble|1:hypnosis|1:water_gun|19:double_slap|27:rain_dance|35:body_slam|43:belly_drum|51:hydro_pump;attract|blizzard|curse|defense_curl|detect|double_team|earthquake|endure|frustration|headbutt|hidden_power|ice_punch|icy_wind|mud_slap|protect|psychic|rain_dance|rest|return|rock_smash|sleep_talk|snore|strength|surf|swagger|thief|toxic|waterfall|whirlpool;ice_beam;bubble_beam|haze|mind_reader|mist|splash;water1;poliwrath@objeto:water_stone|politoed@intercambio:kings_rock;;61;Renacuajo;1;20;azul;50;no;Capaz de vivir dentro o fuera del agua. Fuera del agua suda para mantener baboso su cuerpo.
poliwrath;Poliwrath;water|fighting;90;95;95;70;90;70;water_absorb;damp;swift_swim;medium_slow;230;45;defense:3;1:water_gun|1:hypnosis|1:double_slap|1:submission|51:mind_reader;attract|blizzard|curse|defense_curl|detect|double_team|dynamic_punch|earthquake|endure|frustration|headbutt|hidden_power|hyper_beam|ice_punch|icy_wind|mud_slap|protect|psychic|rain_dance|rest|return|rock_smash|sleep_talk|snore|strength|surf|swagger|thief|toxic|waterfall|whirlpool;ice_beam;bubble_beam|haze|mind_reader|mist|splash;water1;;;62;Renacuajo;1,3;54;azul;50;no;Tiene músculos muy desarrollados. Es capaz de nadar en el océano sin descanso.
abra;Abra;psychic;25;20;15;105;55;90;synchronize;inner_focus;magic_guard;medium_slow;62;200;sp_attack:1;1:teleport;attract|curse|double_team|dream_eater|dynamic_punch|endure|fire_punch|flash|frustration|headbutt|hidden_power|ice_punch|nightmare|protect|psych_up|psychic|rain_dance|rest|return|shadow_ball|sleep_talk|snore|sunny_day|swagger|thief|thunder_punch|toxic|zap_cannon;;barrier|encore|light_screen;humanshape;kadabra@16;;63;Psi;0,9;19,5;marrón;25;no;Duerme 18 horas al día y mientras lo hace es capaz de usar una serie de poderes extrasensoriales.
kadabra;Kadabra;psychic;40;35;30;120;70;105;synchronize;inner_focus;magic_guard;medium_slow;140;100;sp_attack:2;1:teleport|1:kinesis|1:confusion|18:disable|21:psybeam|26:recover|31:future_sight|38:psychic|45:reflect;attract|curse|dig|double_team|dream_eater|dynamic_punch|endure|fire_punch|flash|frustration|headbutt|hidden_power|ice_punch|nightmare|protect|psych_up|psychic|rain_dance|rest|return|shadow_ball|sleep_talk|snore|sunny_day|swagger|thief|thunder_punch|toxic|zap_cannon;;barrier|encore|light_screen;humanshape;alakazam@intercambio;;64;Psi;1,3;56,5;marrón;25;no;Cuando utiliza su poder psíquico, emite poderosas ondas alfa que pueden destruir dispositivos.
alakazam;Alakazam;psychic;55;50;45;135;95;120;synchronize;inner_focus;magic_guard;medium_slow;225;50;sp_attack:3;1:teleport|1:kinesis|1:confusion|18:disable|21:psybeam|26:recover|31:future_sight|38:psychic|45:reflect;attract|curse|dig|double_team|dream_eater|dynamic_punch|endure|fire_punch|flash|frustration|headbutt|hidden_power|hyper_beam|ice_punch|nightmare|protect|psych_up|psychic|rain_dance|rest|return|shadow_ball|sleep_talk|snore|sunny_day|swagger|thief|thunder_punch|toxic|zap_cannon;;barrier|encore|light_screen;humanshape;;;65;Psi;1,5;48;marrón;25;no;Sus neuronas se multiplican continuamente durante su vida. Por eso, siempre lo recuerda todo.
machop;Machop;fighting;70;80;50;35;35;35;guts;no_guard;steadfast;medium_slow;61;180;attack:1;1:low_kick|1:leer|7:focus_energy|13:karate_chop|19:seismic_toss|25:foresight|31:vital_throw|37:cross_chop|43:scary_face|49:submission;attract|curse|detect|dig|double_team|dynamic_punch|earthquake|endure|fire_blast|fire_punch|frustration|headbutt|hidden_power|ice_punch|mud_slap|protect|rest|return|rock_smash|sleep_talk|snore|strength|sunny_day|swagger|thief|thunder_punch|toxic;flamethrower;encore|light_screen|meditate|rolling_kick;humanshape;machoke@28;;66;Superpoder;0,8;19,5;gris;25;no;Levanta un Graveler para mantener sus músculos en forma. Domina todas las artes marciales.
machoke;Machoke;fighting;80;100;70;50;60;45;guts;no_guard;steadfast;medium_slow;142;90;attack:2;1:low_kick|1:leer|1:focus_energy|15:karate_chop|19:seismic_toss|25:foresight|34:vital_throw|43:cross_chop|52:scary_face|61:submission;attract|curse|detect|dig|double_team|dynamic_punch|earthquake|endure|fire_blast|fire_punch|frustration|headbutt|hidden_power|ice_punch|mud_slap|protect|rest|return|rock_smash|sleep_talk|snore|strength|sunny_day|swagger|thief|thunder_punch|toxic;flamethrower;encore|light_screen|meditate|rolling_kick;humanshape;machamp@intercambio;;67;Superpoder;1,5;70,5;gris;25;no;Su musculoso cuerpo es tan fuerte que usa un cinto antifuerza para controlar sus movimientos.
machamp;Machamp;fighting;90;130;80;65;85;55;guts;no_guard;steadfast;medium_slow;227;45;attack:3;1:low_kick|1:leer|1:focus_energy|15:karate_chop|19:seismic_toss|25:foresight|34:vital_throw|43:cross_chop|52:scary_face|61:submission;attract|curse|detect|dig|double_team|dynamic_punch|earthquake|endure|fire_blast|fire_punch|frustration|headbutt|hidden_power|hyper_beam|ice_punch|mud_slap|protect|rest|return|rock_smash|sleep_talk|snore|strength|sunny_day|swagger|thief|thunder_punch|toxic;flamethrower;encore|light_screen|meditate|rolling_kick;humanshape;;;68;Superpoder;1,6;130;gris;25;no;Tiene cuatro brazos tan bien desarrollados que puede dar una serie de 1000 puñetazos en cuestión de dos segundos.
bellsprout;Bellsprout;grass|poison;50;75;35;70;30;40;chlorophyll;;gluttony;medium_slow;60;255;attack:1;1:vine_whip|6:growth|11:wrap|15:sleep_powder|17:poison_powder|19:stun_spore|23:acid|30:sweet_scent|37:razor_leaf|45:slam;attract|curse|cut|double_team|endure|flash|frustration|giga_drain|hidden_power|protect|rest|return|sleep_talk|sludge_bomb|snore|solar_beam|sunny_day|swagger|sweet_scent|toxic;;encore|leech_life|reflect|swords_dance|synthesis;plant;weepinbell@21;;69;Flor;0,7;4;verde;50;no;Aunque su cuerpo es extremadamente delgado, es muy rápido a la hora de capturar sus presas.
weepinbell;Weepinbell;grass|poison;65;90;50;85;45;55;chlorophyll;;gluttony;medium_slow;137;120;attack:2;1:vine_whip|1:growth|1:wrap|15:sleep_powder|17:poison_powder|19:stun_spore|24:acid|33:sweet_scent|42:razor_leaf|54:slam;attract|curse|cut|double_team|endure|flash|frustration|giga_drain|hidden_power|protect|rest|return|sleep_talk|sludge_bomb|snore|solar_beam|sunny_day|swagger|sweet_scent|toxic;;encore|leech_life|reflect|swords_dance|synthesis;plant;victreebel@objeto:leaf_stone;;70;Matamoscas;1;6,4;verde;50;no;Las hojas que tiene actúan como cuchillas en combate. Otra de sus armas es el corrosivo fluido que expulsa.
victreebel;Victreebel;grass|poison;80;105;65;100;70;70;chlorophyll;;gluttony;medium_slow;221;45;attack:3;1:vine_whip|1:sleep_powder|1:sweet_scent|1:razor_leaf;attract|curse|cut|double_team|endure|flash|frustration|giga_drain|hidden_power|hyper_beam|protect|rest|return|sleep_talk|sludge_bomb|snore|solar_beam|sunny_day|swagger|sweet_scent|toxic;;encore|leech_life|reflect|swords_dance|synthesis;plant;;;71;Matamoscas;1,7;15,5;verde;50;no;Dicen que vive en grandes colonias en el interior de las junglas, aunque nadie ha podido verificarlo.
tentacool;Tentacool;water|poison;40;40;35;50;100;70;clear_body;liquid_ooze;rain_dish;slow;67;190;sp_defense:1;1:poison_sting|6:supersonic|12:constrict|19:acid|25:bubble_beam|30:wrap|36:barrier|43:screech|49:hydro_pump;attract|blizzard|curse|cut|double_team|endure|frustration|giga_drain|hidden_power|icy_wind|protect|rain_dance|rest|return|sleep_talk|sludge_bomb|snore|surf|swagger|toxic|whirlpool;ice_beam;aurora_beam|haze|mirror_coat|rapid_spin|safeguard;water3;tentacruel@30;;72;Medusa;0,9;45,5;azul;50;no;Su cuerpo se compone casi en exclusiva de agua. Lanza extraños rayos con sus ojos cristalinos.
tentacruel;Tentacruel;water|poison;80;70;65;80;120;100;clear_body;liquid_ooze;rain_dish;slow;180;60;sp_defense:2;1:poison_sting|1:supersonic|1:constrict|19:acid|25:bubble_beam|30:wrap|38:barrier|47:screech|55:hydro_pump;attract|blizzard|curse|cut|double_team|endure|frustration|giga_drain|hidden_power|hyper_beam|icy_wind|protect|rain_dance|rest|return|sleep_talk|sludge_bomb|snore|surf|swagger|toxic|whirlpool;ice_beam;aurora_beam|haze|mirror_coat|rapid_spin|safeguard;water3;;;73;Medusa;1,6;55;azul;50;no;Cuando caza, extiende los cortos tentáculos que tiene para atrapar e inmovilizar a su presa.
geodude;Geodude;rock|ground;40;80;100;30;30;20;rock_head;sturdy;sand_veil;medium_slow;60;255;defense:1;1:tackle|6:defense_curl|11:rock_throw|16:magnitude|21:self_destruct|26:harden|31:rollout|36:earthquake|41:explosion;attract|curse|defense_curl|dig|double_team|dynamic_punch|earthquake|endure|fire_blast|fire_punch|frustration|headbutt|hidden_power|mud_slap|protect|rest|return|rock_smash|rollout|sandstorm|sleep_talk|snore|strength|sunny_day|swagger|toxic;flamethrower;mega_punch|rock_slide;mineral;graveler@25;;74;Roca;0,4;20;marrón;50;no;Aparecen en llanos y montañas. Como parecen rocas, la gente se tropieza con ellos o los pisa.
graveler;Graveler;rock|ground;55;95;115;45;45;35;rock_head;sturdy;sand_veil;medium_slow;137;120;defense:2;1:tackle|1:defense_curl|1:rock_throw|16:magnitude|21:self_destruct|27:harden|34:rollout|41:earthquake|48:explosion;attract|curse|defense_curl|dig|double_team|dynamic_punch|earthquake|endure|fire_blast|fire_punch|frustration|headbutt|hidden_power|mud_slap|protect|rest|return|rock_smash|rollout|sandstorm|sleep_talk|snore|strength|sunny_day|swagger|toxic;flamethrower;mega_punch|rock_slide;mineral;golem@intercambio;;75;Roca;1;105;marrón;50;no;De naturaleza descuidada y libre, no le importa dañarse cuando baja rodando montañas.
golem;Golem;rock|ground;80;120;130;55;65;45;rock_head;sturdy;sand_veil;medium_slow;223;45;defense:3;1:tackle|1:defense_curl|1:rock_throw|1:magnitude|21:self_destruct|27:harden|34:rollout|41:earthquake|48:explosion;attract|curse|defense_curl|dig|double_team|dynamic_punch|earthquake|endure|fire_blast|fire_punch|frustration|fury_cutter|headbutt|hidden_power|hyper_beam|mud_slap|protect|rest|return|roar|rock_smash|rollout|sandstorm|sleep_talk|snore|strength|sunny_day|swagger|toxic;flamethrower;mega_punch|rock_slide;mineral;;;76;Megatón;1,4;300;marrón;50;no;Se lanza montaña abajo y deja un surco desde la cima hasta el pie. Es mejor mantenerse alejado.
ponyta;Ponyta;fire;50;85;55;65;65;90;run_away;flash_fire;flame_body;medium_fast;82;190;speed:1;1:tackle|4:growl|8:tail_whip|13:ember|19:stomp|26:fire_spin|34:take_down|43:agility|53:fire_blast;attract|curse|double_team|endure|fire_blast|frustration|headbutt|hidden_power|iron_tail|protect|rest|return|sleep_talk|snore|sunny_day|swagger|swift|toxic;flamethrower;charm|double_kick|flame_wheel|hypnosis|quick_attack|thrash;ground;rapidash@40;;77;Caballo Fuego;1;30;amarillo;50;no;Cuando nace, apenas puede tenerse en pie. Pero va fortaleciendo las patas en cuanto empieza a galopar.
rapidash;Rapidash;fire;65;100;70;80;80;105;run_away;flash_fire;flame_body;medium_fast;175;60;speed:2;1:tackle|1:growl|1:tail_whip|1:ember|19:stomp|26:fire_spin|34:take_down|40:fury_attack|47:agility|61:fire_blast;attract|curse|double_team|endure|fire_blast|frustration|headbutt|hidden_power|hyper_beam|iron_tail|protect|rest|return|sleep_talk|snore|sunny_day|swagger|swift|toxic;flamethrower;charm|double_kick|flame_wheel|hypnosis|quick_attack|thrash;ground;;;78;Caballo Fuego;1,7;95;amarillo;50;no;Muy competitivo, este Pokémon perseguirá a todo lo que se mueva rápido e intentará salir airoso.
slowpoke;Slowpoke;water|psychic;90;65;65;40;40;15;oblivious;own_tempo;regenerator;medium_fast;63;190;hp:1;1:curse|1:tackle|6:growl|15:water_gun|20:confusion|29:disable|34:headbutt|43:amnesia|48:psychic;attract|blizzard|curse|dig|double_team|dream_eater|earthquake|endure|fire_blast|flash|frustration|headbutt|hidden_power|icy_wind|iron_tail|mud_slap|nightmare|protect|psych_up|psychic|rain_dance|rest|return|shadow_ball|sleep_talk|snore|strength|sunny_day|surf|swagger|swift|toxic|zap_cannon;flamethrower|ice_beam;belly_drum|future_sight|safeguard|stomp;monster|water1;slowbro@37|slowking@intercambio:kings_rock;;79;Atontado;1,2;36;rosa;50;no;Está siempre en su mundo, pero nadie sabe en qué piensa. Suele pescar con la cola.
slowbro;Slowbro;water|psychic;95;75;110;100;80;30;oblivious;own_tempo;regenerator;medium_fast;172;75;defense:2;1:curse|1:tackle|1:growl|1:water_gun|20:confusion|29:disable|34:headbutt|37:withdraw|46:amnesia|54:psychic;attract|blizzard|curse|dig|double_team|dream_eater|dynamic_punch|earthquake|endure|fire_blast|flash|frustration|fury_cutter|headbutt|hidden_power|hyper_beam|ice_punch|icy_wind|iron_tail|mud_slap|nightmare|protect|psych_up|psychic|rain_dance|rest|return|rock_smash|shadow_ball|sleep_talk|snore|strength|sunny_day|surf|swagger|swift|toxic|zap_cannon;flamethrower|ice_beam;belly_drum|future_sight|safeguard|stomp;monster|water1;;;80;Ermitaño;1,6;78,5;rosa;50;no;Tiene una cola tan apetecible, que el Shellder que va enganchado a ella no se soltará por nada del mundo.
magnemite;Magnemite;electric|steel;25;35;70;95;55;45;magnet_pull;sturdy;analytic;medium_fast;65;190;sp_attack:1;1:tackle|6:thunder_shock|11:supersonic|16:sonic_boom|21:thunder_wave|27:lock_on|33:swift|39:screech|45:zap_cannon;curse|double_team|endure|flash|frustration|hidden_power|protect|rain_dance|rest|return|rollout|sleep_talk|snore|swagger|swift|thunder|toxic|zap_cannon;thunderbolt;;mineral;magneton@30;;81;Imán;0,3;6;gris;sin_genero;no;Las unidades a los lados de su cuerpo generan energía antigravitatoria para mantenerlo en el aire.
magneton;Magneton;electric|steel;50;60;95;120;70;70;magnet_pull;sturdy;analytic;medium_fast;163;60;sp_attack:2;1:tackle|1:thunder_shock|1:supersonic|1:sonic_boom|21:thunder_wave|27:lock_on|35:tri_attack|43:screech|53:zap_cannon;curse|double_team|endure|flash|frustration|hidden_power|hyper_beam|protect|rain_dance|rest|return|rollout|sleep_talk|snore|swagger|swift|thunder|toxic|zap_cannon;thunderbolt;;mineral;magnezone@subir+lugar:mt_coronet;;82;Imán;1;60;gris;sin_genero;no;Lo constituye un grupo de Magnemite. Descarga potentes ondas magnéticas de alto voltaje.
farfetchd;Farfetch’d;normal|flying;52;90;55;58;62;60;keen_eye;inner_focus;defiant;medium_fast;132;45;attack:1;1:peck|7:sand_attack|13:leer|19:fury_attack|25:swords_dance|31:agility|37:slash|44:false_swipe;attract|curse|cut|detect|double_team|endure|fly|frustration|headbutt|hidden_power|iron_tail|mud_slap|protect|psych_up|rest|return|sleep_talk|snore|steel_wing|sunny_day|swagger|swift|thief|toxic;;flail|foresight|gust|mirror_move|quick_attack;flying|ground;;;83;Pato Salvaje;0,8;15;marrón;50;no;El puerro que lleva es su mejor arma. Suele usarlo como espada para cortar cosas.
doduo;Doduo;normal|flying;35;85;45;35;35;75;run_away;early_bird;tangled_feet;medium_fast;62;190;attack:1;1:peck|1:growl|9:pursuit|13:fury_attack|21:tri_attack|25:rage|33:drill_peck|37:agility;attract|curse|double_team|endure|fly|frustration|hidden_power|mud_slap|protect|rest|return|sleep_talk|snore|steel_wing|sunny_day|swagger|swift|thief|toxic;;feint_attack|flail|haze|quick_attack|supersonic;flying;dodrio@31;;84;Ave Gemela;1,4;39,2;marrón;50;no;Este Pokémon de dos cabezas es el resultado de una mutación. Cuando corre, puede alcanzar casi 100 km por hora.
dodrio;Dodrio;normal|flying;60;110;70;60;60;110;run_away;early_bird;tangled_feet;medium_fast;165;45;attack:2;1:peck|1:growl|1:pursuit|1:fury_attack|21:tri_attack|25:rage|38:drill_peck|47:agility;attract|curse|double_team|endure|fly|frustration|hidden_power|hyper_beam|mud_slap|protect|rest|return|sleep_talk|snore|steel_wing|sunny_day|swagger|swift|thief|toxic;;feint_attack|flail|haze|quick_attack|supersonic;flying;;;85;Ave Triple;1,8;85,2;marrón;50;no;Más vale no perder de vista ninguna de las tres cabezas. De lo contrario, el número de picotazos será enorme.
seel;Seel;water;65;45;55;45;70;45;thick_fat;hydration;ice_body;medium_fast;65;190;sp_defense:1;1:headbutt|5:growl|16:aurora_beam|21:rest|32:take_down|37:ice_beam|48:safeguard;attract|blizzard|curse|double_team|endure|frustration|headbutt|hidden_power|icy_wind|protect|rain_dance|rest|return|sleep_talk|snore|surf|swagger|toxic|waterfall|whirlpool;ice_beam;disable|encore|lick|peck|perish_song|slam;water1|ground;dewgong@34;;86;León Marino;1,1;90;blanco;50;no;Este Pokémon vive en icebergs. Nada en el mar y usa el cuerno de su cabeza para romper el hielo.
dewgong;Dewgong;water|ice;90;70;80;70;95;70;thick_fat;hydration;ice_body;medium_fast;166;75;sp_defense:2;1:headbutt|1:growl|1:aurora_beam|21:rest|32:take_down|43:ice_beam|60:safeguard;attract|blizzard|curse|double_team|endure|frustration|headbutt|hidden_power|hyper_beam|icy_wind|protect|rain_dance|rest|return|sleep_talk|snore|surf|swagger|toxic|waterfall|whirlpool;ice_beam;disable|encore|lick|peck|perish_song|slam;water1|ground;;;87;León Marino;1,7;120;blanco;50;no;Está recubierto de un luminoso pelaje blanco. Este Pokémon aumenta su actividad cuando bajan las temperaturas.
grimer;Grimer;poison;80;80;50;40;50;25;stench;sticky_hold;poison_touch;medium_fast;65;190;hp:1;1:poison_gas|1:pound|5:harden|10:disable|16:sludge|23:minimize|31:screech|40:acid_armor|50:sludge_bomb;attract|curse|double_team|dynamic_punch|endure|fire_blast|fire_punch|frustration|giga_drain|hidden_power|ice_punch|mud_slap|protect|rest|return|sleep_talk|sludge_bomb|snore|sunny_day|swagger|thief|thunder|thunder_punch|toxic|zap_cannon;flamethrower|thunderbolt;haze|lick|mean_look;indeterminate;muk@38;;88;Lodo;0,9;30;morado;50;no;Nace de lodo alterado al filtrarse en el agua los rayos X reflejados por la Luna. Se alimenta de sustancias desagradables.
muk;Muk;poison;105;105;75;65;100;50;stench;sticky_hold;poison_touch;medium_fast;175;75;hp:1|attack:1;1:poison_gas|1:pound|1:harden|23:minimize|31:screech|37:disable|45:acid_armor|45:sludge|60:sludge_bomb;attract|curse|double_team|dynamic_punch|endure|fire_blast|fire_punch|frustration|giga_drain|hidden_power|hyper_beam|ice_punch|mud_slap|protect|rest|return|sleep_talk|sludge_bomb|snore|sunny_day|swagger|thief|thunder|thunder_punch|toxic|zap_cannon;flamethrower|thunderbolt;haze|lick|mean_look;indeterminate;;;89;Lodo;1,2;30;morado;50;no;Les encanta reunirse en zonas apestosas donde se acumula el lodo, haciendo su olor más insoportable.
shellder;Shellder;water;30;65;100;45;25;40;shell_armor;skill_link;overcoat;slow;61;190;defense:1;1:tackle|1:withdraw|9:supersonic|17:aurora_beam|25:protect|33:leer|41:clamp|49:ice_beam;attract|blizzard|curse|double_team|endure|frustration|hidden_power|icy_wind|protect|rain_dance|rest|return|sleep_talk|snore|surf|swagger|swift|toxic|whirlpool;ice_beam;barrier|bubble_beam|rapid_spin|screech|take_down;water3;cloyster@objeto:water_stone;;90;Bivalvo;0,3;4;morado;50;no;La concha lo protege de cualquier tipo de ataque. Solo es vulnerable cuando se abre.
cloyster;Cloyster;water|ice;50;95;180;85;45;70;shell_armor;skill_link;overcoat;slow;184;60;defense:2;1:withdraw|1:supersonic|1:aurora_beam|1:protect|33:spikes|41:spike_cannon;attract|blizzard|curse|double_team|endure|frustration|hidden_power|hyper_beam|icy_wind|protect|rain_dance|rest|return|sleep_talk|snore|surf|swagger|swift|toxic|whirlpool;ice_beam;barrier|bubble_beam|rapid_spin|screech|take_down;water3;;;91;Bivalvo;1,5;132,5;morado;50;no;A los Cloyster que viven en las fuertes corrientes marinas les crecen largas y afiladas púas en la concha.
gastly;Gastly;ghost|poison;30;35;30;100;35;80;levitate;;;medium_slow;62;190;sp_attack:1;1:hypnosis|1:lick|8:spite|13:mean_look|16:curse|21:night_shade|28:confuse_ray|33:dream_eater|36:destiny_bond;attract|curse|double_team|dream_eater|endure|frustration|giga_drain|hidden_power|nightmare|protect|psych_up|psychic|rain_dance|rest|return|shadow_ball|sleep_talk|snore|sunny_day|swagger|thief|thunder|toxic|zap_cannon;thunderbolt;haze|perish_song|psywave;indeterminate;haunter@25;;92;Gas;1,3;0,1;morado;50;no;Su etéreo cuerpo está hecho de gas. Puede envolver a un oponente de cualquier tamaño hasta ahogarlo.
haunter;Haunter;ghost|poison;45;50;45;115;55;95;levitate;;;medium_slow;142;90;sp_attack:2;1:hypnosis|1:lick|1:spite|13:mean_look|16:curse|21:night_shade|31:confuse_ray|39:dream_eater|48:destiny_bond;attract|curse|double_team|dream_eater|endure|frustration|giga_drain|hidden_power|nightmare|protect|psych_up|psychic|rain_dance|rest|return|shadow_ball|sleep_talk|snore|sunny_day|swagger|thief|thunder|toxic|zap_cannon;thunderbolt;haze|perish_song|psywave;indeterminate;gengar@intercambio;;93;Gas;1,6;0,1;morado;50;no;Cuando tienes la sensación de que te están observando, seguro que es porque Haunter está cerca.
gengar;Gengar;ghost|poison;60;65;60;130;75;110;cursed_body;;;medium_slow;225;45;sp_attack:3;1:hypnosis|1:lick|1:spite|13:mean_look|16:curse|21:night_shade|31:confuse_ray|39:dream_eater|48:destiny_bond;attract|curse|double_team|dream_eater|dynamic_punch|endure|fire_punch|frustration|giga_drain|headbutt|hidden_power|hyper_beam|ice_punch|nightmare|protect|psych_up|psychic|rain_dance|rest|return|rock_smash|shadow_ball|sleep_talk|snore|strength|sunny_day|swagger|thief|thunder|thunder_punch|toxic|zap_cannon;thunderbolt;haze|perish_song|psywave;indeterminate;;;94;Sombra;1,5;40,5;morado;50;no;Se esconde entre las sombras. Se dice que donde Gengar acecha, la temperatura baja 5 °C.
onix;Onix;rock|ground;35;45;160;30;45;70;rock_head;sturdy;weak_armor;medium_fast;77;45;defense:1;1:tackle|1:screech|10:bind|14:rock_throw|23:harden|27:rage|36:sandstorm|40:slam;attract|curse|dig|double_team|earthquake|endure|frustration|headbutt|hidden_power|iron_tail|mud_slap|protect|rest|return|roar|rock_smash|sandstorm|sleep_talk|snore|strength|sunny_day|swagger|toxic;;flail|rock_slide;mineral;steelix@intercambio:metal_coat;;95;Serpiente Roca;8,8;210;gris;50;no;Cava a gran velocidad en busca de comida. Los túneles que deja son usados por los Diglett.
drowzee;Drowzee;psychic;60;48;45;43;90;42;insomnia;forewarn;inner_focus;medium_fast;66;190;sp_defense:1;1:pound|1:hypnosis|10:disable|18:confusion|25:headbutt|31:poison_gas|36:meditate|40:psychic|43:psych_up|45:future_sight;attract|curse|double_team|dream_eater|dynamic_punch|endure|fire_punch|flash|frustration|headbutt|hidden_power|ice_punch|nightmare|protect|psych_up|psychic|rain_dance|rest|return|shadow_ball|sleep_talk|snore|sunny_day|swagger|thunder_punch|toxic|zap_cannon;;barrier|light_screen;humanshape;hypno@26;;96;Hipnosis;1;32,4;amarillo;50;no;Adormece a sus enemigos y se come sus sueños. A veces se pone enfermo si come pesadillas.
hypno;Hypno;psychic;85;73;70;73;115;67;insomnia;forewarn;inner_focus;medium_fast;169;75;sp_defense:2;1:pound|1:hypnosis|1:disable|1:confusion|25:headbutt|33:poison_gas|40:meditate|49:psychic|55:psych_up|60:future_sight;attract|curse|double_team|dream_eater|dynamic_punch|endure|fire_punch|flash|frustration|headbutt|hidden_power|hyper_beam|ice_punch|nightmare|protect|psych_up|psychic|rain_dance|rest|return|shadow_ball|sleep_talk|snore|sunny_day|swagger|thunder_punch|toxic|zap_cannon;;barrier|light_screen;humanshape;;;97;Hipnosis;1,6;75,6;amarillo;50;no;Lleva un péndulo en la mano. Una vez, hizo desaparecer a un niño al que había hipnotizado.
krabby;Krabby;water;30;105;90;25;25;50;hyper_cutter;shell_armor;sheer_force;medium_fast;65;225;attack:1;1:bubble|5:leer|12:vice_grip|16:harden|23:stomp|27:guillotine|34:protect|41:crabhammer;attract|blizzard|curse|cut|double_team|endure|frustration|fury_cutter|hidden_power|icy_wind|mud_slap|protect|rain_dance|rest|return|rock_smash|sleep_talk|snore|strength|surf|swagger|thief|toxic|whirlpool;ice_beam;amnesia|dig|flail|haze|slam;water3;kingler@28;;98;Cangrejo;0,4;6,5;rojo;50;no;Ante el peligro, se camufla con las burbujas que desprende su boca, para parecer más grande.
kingler;Kingler;water;55;130;115;50;50;75;hyper_cutter;shell_armor;sheer_force;medium_fast;166;60;attack:2;1:bubble|1:leer|1:vice_grip|16:harden|23:stomp|27:guillotine|38:protect|49:crabhammer;attract|blizzard|curse|cut|double_team|endure|frustration|fury_cutter|hidden_power|hyper_beam|icy_wind|mud_slap|protect|rain_dance|rest|return|rock_smash|sleep_talk|snore|strength|surf|swagger|thief|toxic|whirlpool;ice_beam;amnesia|dig|flail|haze|slam;water3;;;99;Tenaza;1,3;60;rojo;50;no;La pinza tan grande que tiene posee una fuerza de 10 000 caballos de potencia. Pero, por su gran tamaño, cuesta moverla.
voltorb;Voltorb;electric;40;30;50;55;55;100;soundproof;static;aftermath;medium_fast;66;190;speed:1;1:tackle|9:screech|17:sonic_boom|23:self_destruct|29:rollout|33:light_screen|37:swift|39:explosion|41:mirror_coat;curse|double_team|endure|flash|frustration|headbutt|hidden_power|protect|rain_dance|rest|return|rollout|sleep_talk|snore|swagger|swift|thunder|toxic|zap_cannon;thunderbolt;;mineral;electrode@30;;100;Bola;0,5;10,4;rojo;sin_genero;no;Fue descubierto cuando se crearon las Poké Balls. Se dice que tiene algo que ver con ellas.
electrode;Electrode;electric;60;50;70;80;80;150;soundproof;static;aftermath;medium_fast;172;60;speed:2;1:tackle|1:screech|1:sonic_boom|1:self_destruct|29:rollout|34:light_screen|40:swift|44:explosion|48:mirror_coat;curse|double_team|endure|flash|frustration|headbutt|hidden_power|hyper_beam|protect|rain_dance|rest|return|rollout|sleep_talk|snore|swagger|swift|thunder|toxic|zap_cannon;thunderbolt;;mineral;;;101;Bola;1,2;66,6;rojo;sin_genero;no;Explotan a la mínima. Por eso se les tiene mucho miedo. Estos Pokémon reciben el mote de Bomba Ball.
exeggcute;Exeggcute;grass|psychic;60;40;80;60;45;40;chlorophyll;;harvest;slow;65;90;defense:1;1:barrage|1:hypnosis|7:reflect|13:leech_seed|19:confusion|25:stun_spore|31:poison_powder|37:sleep_powder|43:solar_beam;attract|curse|double_team|dream_eater|endure|flash|frustration|giga_drain|hidden_power|nightmare|protect|psych_up|psychic|rest|return|rollout|sleep_talk|sludge_bomb|snore|solar_beam|strength|sunny_day|swagger|thief|toxic;;ancient_power|mega_drain|moonlight|reflect|synthesis;plant;exeggutor@objeto:leaf_stone;;102;Huevo;0,4;2,5;rosa;50;no;Estos seis huevos se comunican por telepatía. Si se separan, se pueden reunir rápidamente.
exeggutor;Exeggutor;grass|psychic;95;95;85;125;75;55;chlorophyll;;harvest;slow;186;45;sp_attack:2;1:barrage|1:hypnosis|1:confusion|19:stomp|31:egg_bomb;attract|curse|double_team|dream_eater|endure|flash|frustration|giga_drain|headbutt|hidden_power|hyper_beam|nightmare|protect|psych_up|psychic|rest|return|rollout|sleep_talk|sludge_bomb|snore|solar_beam|strength|sunny_day|swagger|thief|toxic;;ancient_power|mega_drain|moonlight|reflect|synthesis;plant;;;103;Coco;2;120;amarillo;50;no;Sus tres cabezas piensan de forma independiente. Sin embargo, son amigas y no suelen discutir nunca.
cubone;Cubone;ground;50;50;95;40;50;35;rock_head;lightning_rod;battle_armor;medium_fast;64;190;defense:1;1:growl|5:tail_whip|9:bone_club|13:headbutt|17:leer|21:focus_energy|25:bonemerang|29:rage|33:false_swipe|37:thrash|41:bone_rush;attract|blizzard|curse|detect|dig|double_team|dynamic_punch|earthquake|endure|fire_blast|fire_punch|frustration|headbutt|hidden_power|icy_wind|iron_tail|mud_slap|protect|rest|return|rock_smash|sandstorm|sleep_talk|snore|strength|sunny_day|swagger|thief|thunder_punch|toxic;flamethrower|ice_beam;ancient_power|belly_drum|perish_song|rock_slide|screech|skull_bash|swords_dance;monster;marowak@28;;104;Solitario;0,4;6,5;marrón;50;no;Lleva puesto el cráneo de su madre. Cuando se siente solo se pone a gritar muy fuerte.
marowak;Marowak;ground;60;80;110;50;80;45;rock_head;lightning_rod;battle_armor;medium_fast;149;75;defense:2;1:growl|1:tail_whip|1:bone_club|1:headbutt|17:leer|21:focus_energy|25:bonemerang|32:rage|39:false_swipe|46:thrash|53:bone_rush;attract|blizzard|curse|detect|dig|double_team|dynamic_punch|earthquake|endure|fire_blast|fire_punch|frustration|headbutt|hidden_power|hyper_beam|icy_wind|iron_tail|mud_slap|protect|rest|return|rock_smash|sandstorm|sleep_talk|snore|strength|sunny_day|swagger|thief|thunder_punch|toxic;flamethrower|ice_beam;ancient_power|belly_drum|perish_song|rock_slide|screech|skull_bash|swords_dance;monster;;;105;Apilahueso;1;45;marrón;50;no;Es pequeño y siempre ha sido muy débil. Cuando empezó a usar huesos, se volvió más violento.
hitmonlee;Hitmonlee;fighting;50;120;53;35;110;87;limber;reckless;unburden;medium_fast;159;45;attack:2;1:double_kick|6:meditate|11:rolling_kick|16:jump_kick|21:focus_energy|26:high_jump_kick|31:mind_reader|36:foresight|41:endure|46:mega_kick|51:reversal;attract|curse|detect|double_team|dynamic_punch|endure|frustration|headbutt|hidden_power|mud_slap|protect|rest|return|rock_smash|sleep_talk|snore|strength|sunny_day|swagger|swift|thief|toxic;;high_jump_kick|mach_punch|mind_reader|rapid_spin;humanshape;;;106;Patada;1,5;49,8;marrón;0;no;Encoge y estira las patas a su antojo. Cuando las estira, es capaz de propinar una buena patada al enemigo.
hitmonchan;Hitmonchan;fighting;50;105;79;35;110;76;keen_eye;iron_fist;inner_focus;medium_fast;159;45;sp_defense:2;1:comet_punch|7:agility|13:pursuit|26:thunder_punch|26:ice_punch|26:fire_punch|32:mach_punch|38:mega_punch|44:detect|50:counter;attract|curse|detect|double_team|dynamic_punch|endure|fire_punch|frustration|headbutt|hidden_power|ice_punch|mud_slap|protect|rest|return|rock_smash|sleep_talk|snore|strength|sunny_day|swagger|swift|thief|thunder_punch|toxic;;high_jump_kick|mach_punch|mind_reader|rapid_spin;humanshape;;;107;Puñetazo;1,4;50,2;marrón;0;no;Los potentes golpes de sus brazos pueden pulverizar el hormigón. Descansa tras luchar tres minutos.
lickitung;Lickitung;normal;90;55;75;60;75;30;own_tempo;oblivious;cloud_nine;medium_fast;77;45;hp:2;1:lick|7:supersonic|13:defense_curl|19:stomp|25:wrap|31:disable|37:slam|43:screech;attract|blizzard|curse|cut|defense_curl|double_team|dream_eater|dynamic_punch|earthquake|endure|fire_blast|fire_punch|frustration|headbutt|hidden_power|hyper_beam|ice_punch|icy_wind|iron_tail|mud_slap|nightmare|protect|psych_up|rain_dance|rest|return|rock_smash|rollout|sandstorm|shadow_ball|sleep_talk|snore|strength|sunny_day|surf|swagger|thief|thunder|thunder_punch|toxic;flamethrower|ice_beam|thunderbolt;belly_drum|body_slam|magnitude;monster;lickilicky@subir+sabe:rollout;;108;Lametazo;1,2;65,5;rosa;50;no;Su larga lengua, recubierta de saliva pegajosa, se pega a todo, por lo que es muy útil.
koffing;Koffing;poison;40;65;95;60;45;35;levitate;neutralizing_gas;stench;medium_fast;68;190;defense:1;1:poison_gas|1:tackle|9:smog|17:self_destruct|21:sludge|25:smokescreen|33:haze|41:explosion|45:destiny_bond;attract|curse|double_team|endure|fire_blast|frustration|hidden_power|protect|rest|return|rollout|sleep_talk|sludge_bomb|snore|sunny_day|swagger|thief|thunder|toxic|zap_cannon;flamethrower|thunderbolt;destiny_bond|pain_split|psybeam|psywave|screech;indeterminate;weezing@35;;109;Gas Venenoso;0,6;1;morado;50;no;Tiene forma de globo y es muy ligero. Está compuesto por gases tóxicos y apesta.
weezing;Weezing;poison;65;90;120;85;70;60;levitate;neutralizing_gas;stench;medium_fast;172;60;defense:2;1:poison_gas|1:tackle|1:smog|1:self_destruct|21:sludge|25:smokescreen|33:haze|44:explosion|51:destiny_bond;attract|curse|double_team|endure|fire_blast|frustration|hidden_power|hyper_beam|protect|rest|return|rollout|sleep_talk|sludge_bomb|snore|sunny_day|swagger|thief|thunder|toxic|zap_cannon;flamethrower|thunderbolt;destiny_bond|pain_split|psybeam|psywave|screech;indeterminate;;;110;Gas Venenoso;1,2;9,5;morado;50;no;Si uno de los gemelos Koffing se infla, el otro se desinfla. Mezclan constantemente sus venenosos gases.
rhyhorn;Rhyhorn;ground|rock;80;85;95;30;30;25;lightning_rod;rock_head;reckless;slow;69;120;defense:1;1:horn_attack|1:tail_whip|13:stomp|19:fury_attack|31:scary_face|37:horn_drill|49:take_down|55:earthquake;attract|blizzard|curse|dig|double_team|earthquake|endure|fire_blast|frustration|headbutt|hidden_power|icy_wind|iron_tail|mud_slap|protect|rest|return|roar|rock_smash|rollout|sandstorm|sleep_talk|snore|strength|sunny_day|swagger|thunder|toxic|zap_cannon;flamethrower|ice_beam|thunderbolt;counter|crunch|magnitude|pursuit|reversal|rock_slide|thrash;monster|ground;rhydon@42;;111;Clavos;1;115;gris;50;no;Es muy fuerte, pero no especialmente listo. Es capaz de derribar rascacielos usando Placaje varias veces.
rhydon;Rhydon;ground|rock;105;130;120;45;45;40;lightning_rod;rock_head;reckless;slow;170;60;attack:2;1:horn_attack|1:tail_whip|1:stomp|1:fury_attack|31:scary_face|37:horn_drill|54:take_down|65:earthquake;attract|blizzard|curse|dig|double_team|dynamic_punch|earthquake|endure|fire_blast|fire_punch|frustration|fury_cutter|headbutt|hidden_power|hyper_beam|icy_wind|iron_tail|mud_slap|protect|rest|return|roar|rock_smash|rollout|sandstorm|sleep_talk|snore|strength|sunny_day|surf|swagger|thunder|thunder_punch|toxic|zap_cannon;flamethrower|ice_beam|thunderbolt;counter|crunch|magnitude|pursuit|reversal|rock_slide|thrash;monster|ground;rhyperior@intercambio:protector;;112;Taladro;1,9;120;gris;50;no;La piel le sirve de escudo protector. Puede vivir en lava líquida a 2000 °C de temperatura.
chansey;Chansey;normal;250;5;5;35;105;50;natural_cure;serene_grace;healer;fast;395;30;hp:2;1:pound|5:growl|9:tail_whip|13:soft_boiled|17:double_slap|23:minimize|29:sing|35:egg_bomb|41:defense_curl|49:light_screen|57:double_edge;attract|blizzard|curse|defense_curl|double_team|dream_eater|dynamic_punch|endure|fire_blast|flash|frustration|headbutt|hidden_power|hyper_beam|icy_wind|iron_tail|mud_slap|protect|psych_up|psychic|rain_dance|rest|return|rock_smash|rollout|sandstorm|shadow_ball|sleep_talk|snore|solar_beam|strength|sunny_day|swagger|thunder|toxic|zap_cannon;flamethrower|ice_beam|thunderbolt;heal_bell|metronome|present;fairy;blissey@amistad;;113;Huevo;1,1;34,6;rosa;100;no;Se dice que reparte felicidad. Se caracteriza por su compasión y reparte sus huevos entre la gente herida.
tangela;Tangela;grass;65;55;115;100;40;60;chlorophyll;leaf_guard;regenerator;medium_fast;87;45;defense:1;1:constrict|4:sleep_powder|10:absorb|13:poison_powder|19:vine_whip|25:bind|31:mega_drain|34:stun_spore|40:slam|46:growth;attract|curse|cut|double_team|endure|flash|frustration|giga_drain|headbutt|hidden_power|hyper_beam|protect|psych_up|rest|return|sleep_talk|sludge_bomb|snore|solar_beam|sunny_day|swagger|sweet_scent|thief|toxic;;amnesia|confusion|flail|mega_drain|reflect;plant;tangrowth@subir+sabe:ancient_power;;114;Enredadera;1;35;azul;50;no;Se camufla con la multitud de lianas que envuelven su cuerpo y que no dejan de crecer a lo largo de toda su vida.
kangaskhan;Kangaskhan;normal;105;95;80;40;80;90;early_bird;scrappy;inner_focus;medium_fast;172;45;hp:2;1:comet_punch|7:leer|13:bite|19:tail_whip|25:mega_punch|31:rage|37:endure|43:dizzy_punch|49:reversal;attract|blizzard|curse|double_team|dynamic_punch|earthquake|endure|fire_blast|fire_punch|frustration|fury_cutter|headbutt|hidden_power|hyper_beam|ice_punch|icy_wind|iron_tail|mud_slap|protect|rain_dance|rest|return|roar|rock_smash|sandstorm|shadow_ball|sleep_talk|snore|strength|sunny_day|surf|swagger|thunder|thunder_punch|toxic|zap_cannon;flamethrower|ice_beam|thunderbolt;disable|focus_energy|foresight|safeguard|stomp;monster;;;115;Maternal;2,2;80;marrón;100;no;Lleva a su cría en la bolsa de su panza. Solo deja que su cría salga a jugar cuando no siente peligro.
horsea;Horsea;water;30;40;70;70;25;60;swift_swim;sniper;damp;medium_fast;59;225;sp_attack:1;1:bubble|8:smokescreen|15:leer|22:water_gun|29:twister|36:agility|43:hydro_pump;attract|blizzard|curse|double_team|dragon_breath|endure|frustration|headbutt|hidden_power|icy_wind|protect|rain_dance|rest|return|sleep_talk|snore|surf|swagger|swift|toxic|waterfall|whirlpool;ice_beam;aurora_beam|disable|dragon_rage|flail|octazooka|splash;water1|dragon;seadra@32;;116;Dragón;0,4;8;azul;50;no;Es famoso por derribar a bichos voladores lanzando tinta desde la superficie del agua.
seadra;Seadra;water;55;65;95;95;45;85;poison_point;sniper;damp;medium_fast;154;75;defense:1|sp_attack:1;1:bubble|1:smokescreen|1:leer|1:water_gun|29:twister|40:agility|51:hydro_pump;attract|blizzard|curse|double_team|dragon_breath|endure|frustration|headbutt|hidden_power|hyper_beam|icy_wind|protect|rain_dance|rest|return|sleep_talk|snore|surf|swagger|swift|toxic|waterfall|whirlpool;ice_beam;aurora_beam|disable|dragon_rage|flail|octazooka|splash;water1|dragon;kingdra@intercambio:dragon_scale;;117;Dragón;1,2;25;azul;50;no;Las afiladas púas que le recubren el cuerpo se le erizan y pueden causar el debilitamiento con solo tocarlo.
goldeen;Goldeen;water;45;67;60;35;50;63;swift_swim;water_veil;lightning_rod;medium_fast;64;225;attack:1;1:peck|1:tail_whip|10:supersonic|15:horn_attack|24:flail|29:fury_attack|38:waterfall|43:horn_drill|52:agility;attract|blizzard|curse|double_team|endure|frustration|hidden_power|icy_wind|protect|rain_dance|rest|return|sleep_talk|snore|surf|swagger|swift|toxic|waterfall;ice_beam;haze|hydro_pump|psybeam;water2;seaking@33;;118;Pez Color;0,6;15;rojo;50;no;Nada a una velocidad de cinco nudos. Si siente peligro, golpea con su afilado cuerno.
seaking;Seaking;water;80;92;65;65;80;68;swift_swim;water_veil;lightning_rod;medium_fast;158;60;attack:2;1:peck|1:tail_whip|10:supersonic|15:horn_attack|24:flail|29:fury_attack|41:waterfall|49:horn_drill|61:agility;attract|blizzard|curse|double_team|endure|frustration|hidden_power|hyper_beam|icy_wind|protect|rain_dance|rest|return|sleep_talk|snore|surf|swagger|swift|toxic|waterfall;ice_beam;haze|hydro_pump|psybeam;water2;;;119;Pez Color;1,3;39;rojo;50;no;En otoño, cuando se reproducen, se les puede ver nadando con energía por ríos y arroyos.
staryu;Staryu;water;30;45;55;70;55;85;illuminate;natural_cure;analytic;slow;68;225;speed:1;1:tackle|1:harden|7:water_gun|13:rapid_spin|19:recover|25:swift|31:bubble_beam|37:minimize|43:light_screen|50:hydro_pump;attract|blizzard|curse|double_team|endure|flash|frustration|hidden_power|icy_wind|protect|psych_up|psychic|rain_dance|rest|return|sleep_talk|snore|surf|swagger|swift|thunder|toxic|waterfall|whirlpool|zap_cannon;ice_beam|thunderbolt;;water3;starmie@objeto:water_stone;;120;Estrella;0,8;34,5;marrón;sin_genero;no;Aunque sus brazos se rompan podrán regenerarse, siempre y cuando su núcleo siga intacto.
starmie;Starmie;water|psychic;60;75;85;100;85;115;illuminate;natural_cure;analytic;slow;182;60;speed:2;1:tackle|1:rapid_spin|1:recover|1:bubble_beam|37:confuse_ray;attract|blizzard|curse|double_team|dream_eater|endure|flash|frustration|hidden_power|hyper_beam|icy_wind|nightmare|protect|psych_up|psychic|rain_dance|rest|return|sleep_talk|snore|surf|swagger|swift|thunder|toxic|waterfall|whirlpool|zap_cannon;ice_beam|thunderbolt;;water3;;;121;Misterioso;1,1;80;morado;sin_genero;no;Su núcleo central brilla con los colores del arcoíris. Para algunos tiene el valor de una gema.
mr_mime;Mr. Mime;psychic|fairy;40;45;65;100;120;90;soundproof;filter;technician;medium_fast;161;45;sp_defense:2;1:barrier|1:misty_terrain|6:confusion|11:substitute|16:meditate|21:double_slap|26:light_screen|26:reflect|31:encore|36:psybeam|41:baton_pass|46:safeguard;attract|curse|double_team|dream_eater|dynamic_punch|endure|fire_punch|flash|frustration|headbutt|hidden_power|hyper_beam|ice_punch|mud_slap|nightmare|protect|psych_up|psychic|rest|return|shadow_ball|sleep_talk|snore|solar_beam|sunny_day|swagger|thief|thunder|thunder_punch|toxic|zap_cannon;thunderbolt;future_sight|hypnosis|mimic;humanshape;;;122;Barrera;1,3;54,5;rosa;50;no;Para repeler ataques, solidifica el aire y crea muros invisibles con emanaciones de sus dedos.
scyther;Scyther;bug|flying;70;110;80;55;80;105;swarm;technician;steadfast;medium_fast;100;45;attack:1;1:quick_attack|1:leer|6:focus_energy|12:pursuit|18:false_swipe|24:agility|30:wing_attack|36:slash|42:swords_dance|48:double_team;attract|curse|cut|detect|double_team|endure|frustration|fury_cutter|headbutt|hidden_power|hyper_beam|protect|rest|return|rock_smash|sleep_talk|snore|steel_wing|sunny_day|swagger|swift|thief|toxic;;baton_pass|counter|light_screen|razor_wind|reversal|safeguard;bug;scizor@intercambio:metal_coat;;123;Mantis;1,5;56;verde;50;no;Destroza a su presa con las guadañas que tiene. No es común que use las alas para volar.
jynx;Jynx;ice|psychic;65;50;35;115;95;95;oblivious;forewarn;dry_skin;medium_fast;159;45;sp_attack:2;1:pound|1:lick|1:lovely_kiss|1:powder_snow|21:double_slap|25:ice_punch|35:mean_look|41:body_slam|51:perish_song|57:blizzard;attract|blizzard|curse|double_team|dream_eater|dynamic_punch|endure|frustration|headbutt|hidden_power|hyper_beam|ice_punch|icy_wind|mud_slap|nightmare|protect|psych_up|psychic|rain_dance|rest|return|shadow_ball|sleep_talk|snore|swagger|sweet_scent|thief|toxic;ice_beam;meditate;humanshape;;;124;Forma Humana;1,4;40,6;rojo;100;no;Camina moviendo las caderas de forma llamativa. Puede hacer que la gente baile a su ritmo.
electabuzz;Electabuzz;electric;65;83;57;95;85;105;static;;vital_spirit;medium_fast;172;45;speed:2;1:quick_attack|1:leer|1:thunder_punch|17:light_screen|25:swift|36:screech|47:thunderbolt|58:thunder;attract|curse|detect|double_team|dynamic_punch|endure|fire_punch|flash|frustration|headbutt|hidden_power|hyper_beam|ice_punch|iron_tail|mud_slap|protect|psychic|rain_dance|rest|return|rock_smash|sleep_talk|snore|strength|swagger|swift|thief|thunder|thunder_punch|toxic|zap_cannon;thunderbolt;barrier|cross_chop|karate_chop|meditate|rolling_kick;humanshape;electivire@intercambio:electirizer;;125;Eléctrico;1,1;30;amarillo;25;no;Por la superficie de su piel corre la electricidad. En la oscuridad, su cuerpo se torna blanquecino.
magmar;Magmar;fire;65;95;57;100;85;93;flame_body;;vital_spirit;medium_fast;173;45;sp_attack:2;1:ember|1:leer|1:smog|1:fire_punch|25:smokescreen|33:sunny_day|41:flamethrower|49:confuse_ray|57:fire_blast;attract|curse|detect|double_team|dynamic_punch|endure|fire_blast|fire_punch|frustration|headbutt|hidden_power|hyper_beam|iron_tail|mud_slap|protect|psychic|rest|return|rock_smash|sleep_talk|snore|strength|sunny_day|swagger|thief|thunder_punch|toxic;flamethrower;barrier|cross_chop|karate_chop|mega_punch|screech;humanshape;magmortar@intercambio:magmarizer;;126;Escupefuego;1,3;44,5;rojo;25;no;A este Pokémon se lo encontraron cerca de un volcán. Esta criatura ígnea tiene una temperatura corporal de unos 1200 °C.
pinsir;Pinsir;bug;65;125;100;55;70;85;hyper_cutter;mold_breaker;moxie;slow;175;45;attack:2;1:vice_grip|7:focus_energy|13:bind|19:seismic_toss|25:harden|31:guillotine|37:submission|43:swords_dance;attract|curse|cut|double_team|endure|frustration|fury_cutter|headbutt|hidden_power|hyper_beam|protect|rest|return|rock_smash|sleep_talk|snore|strength|sunny_day|swagger|thief|toxic;;flail|fury_attack;bug;;;127;Escarabajo;1,5;55;marrón;50;no;Atrapa presas con sus pinzas hasta que las parte en dos. Lanza lejos lo que no puede quebrar.
tauros;Tauros;normal;75;100;95;40;70;110;intimidate;anger_point;sheer_force;slow;172;45;attack:1|speed:1;1:tackle|4:tail_whip|8:rage|13:horn_attack|19:scary_face|26:pursuit|34:rest|43:thrash|53:take_down;attract|blizzard|curse|double_team|earthquake|endure|fire_blast|frustration|headbutt|hidden_power|hyper_beam|icy_wind|iron_tail|protect|rest|return|rock_smash|sleep_talk|snore|strength|sunny_day|surf|swagger|thunder|toxic|zap_cannon;flamethrower|ice_beam|thunderbolt;;ground;;;128;Toro Bravo;1,4;88,4;marrón;0;no;Después de animarse a luchar fustigándose con sus tres colas, carga a toda velocidad.
magikarp;Magikarp;water;20;10;55;15;20;80;swift_swim;;rattled;slow;40;255;speed:1;1:splash|15:tackle|30:flail;;;;water2|dragon;gyarados@20;;129;Pez;0,9;10;rojo;50;no;No es precisamente rápido ni fuerte. Es el Pokémon más debilucho y simplón de todos los que hay.
gyarados;Gyarados;water|flying;95;125;79;60;100;81;intimidate;;moxie;slow;189;45;attack:2;1:thrash|20:bite|25:dragon_rage|30:leer|35:twister|40:hydro_pump|45:rain_dance|50:hyper_beam;attract|blizzard|curse|double_team|dragon_breath|endure|fire_blast|frustration|headbutt|hidden_power|hyper_beam|icy_wind|protect|rain_dance|rest|return|roar|rock_smash|sandstorm|sleep_talk|snore|strength|surf|swagger|thunder|toxic|waterfall|whirlpool|zap_cannon;flamethrower|ice_beam|thunderbolt;;water2|dragon;;;130;Atrocidad;6,5;235;azul;50;no;En la literatura antigua se dice que un Gyarados rebosante de violencia arrasó un poblado.
lapras;Lapras;water|ice;130;85;80;85;95;60;water_absorb;shell_armor;hydration;slow;187;45;hp:2;1:water_gun|1:growl|1:sing|8:mist|15:body_slam|22:confuse_ray|29:perish_song|36:ice_beam|43:rain_dance|50:safeguard|57:hydro_pump;attract|blizzard|curse|double_team|dragon_breath|dream_eater|endure|frustration|headbutt|hidden_power|hyper_beam|icy_wind|iron_tail|nightmare|protect|psychic|rain_dance|rest|return|rock_smash|sleep_talk|snore|strength|surf|swagger|thunder|toxic|whirlpool|zap_cannon;ice_beam|thunderbolt;aurora_beam|foresight;monster|water1;;;131;Transporte;2,5;220;azul;50;no;Son buenos de corazón. Muchos fueron capturados por ser tan pacíficos. Ahora hay muchos menos.
ditto;Ditto;normal;48;48;48;48;48;48;limber;;imposter;medium_fast;101;35;hp:1;1:transform;;;;ditto;;;132;Transformación;0,3;4;morado;sin_genero;no;Puede alterar por completo su estructura celular para emular cualquier objeto que vea.
eevee;Eevee;normal;55;55;50;45;65;55;run_away;adaptability;anticipation;medium_fast;65;45;sp_defense:1;1:tackle|1:tail_whip|8:sand_attack|16:growl|23:quick_attack|30:bite|36:baton_pass|42:take_down;attract|curse|detect|double_team|endure|frustration|headbutt|hidden_power|iron_tail|mud_slap|protect|rain_dance|rest|return|shadow_ball|sleep_talk|snore|sunny_day|swagger|swift|toxic;;charm|flail;ground;vaporeon@objeto:water_stone|jolteon@objeto:thunder_stone|flareon@objeto:fire_stone|espeon@amistad+hora:dia|umbreon@amistad+hora:noche|leafeon@subir+lugar:eterna_forest|glaceon@subir+lugar:sinnoh_route_217|sylveon@subir+sabe_tipo:fairy+amistad:160;;133;Evolución;0,3;6,5;marrón;12,5;no;Un extraño Pokémon que se adapta a los entornos más hostiles gracias a sus diferentes evoluciones.
vaporeon;Vaporeon;water;130;65;60;110;95;65;water_absorb;;hydration;medium_fast;184;45;hp:2;1:tackle|1:tail_whip|8:sand_attack|16:water_gun|23:quick_attack|30:bite|36:aurora_beam|42:haze|47:acid_armor|52:hydro_pump;attract|blizzard|curse|detect|double_team|endure|frustration|headbutt|hidden_power|hyper_beam|icy_wind|iron_tail|mud_slap|protect|rain_dance|rest|return|roar|shadow_ball|sleep_talk|snore|sunny_day|surf|swagger|swift|toxic|waterfall|whirlpool;ice_beam;charm|flail;ground;;;134;Burbuja;1;29;azul;12,5;no;Prefiere las bellas costas. Con células parecidas al agua, podría fundirse en la misma.
jolteon;Jolteon;electric;65;65;60;110;95;130;volt_absorb;;quick_feet;medium_fast;184;45;speed:2;1:tackle|1:tail_whip|8:sand_attack|16:thunder_shock|23:quick_attack|30:double_kick|36:pin_missile|42:thunder_wave|47:agility|52:thunder;attract|curse|detect|double_team|endure|flash|frustration|headbutt|hidden_power|hyper_beam|iron_tail|mud_slap|protect|rain_dance|rest|return|roar|shadow_ball|sleep_talk|snore|sunny_day|swagger|swift|thunder|toxic|zap_cannon;thunderbolt;charm|flail;ground;;;135;Relámpago;0,8;24,5;amarillo;12,5;no;Todos los pelos de su cuerpo se ponen de punta si empieza a cargarse de electricidad.
flareon;Flareon;fire;65;130;60;95;110;65;flash_fire;;guts;medium_fast;184;45;attack:2;1:tackle|1:tail_whip|8:sand_attack|16:ember|23:quick_attack|30:bite|36:fire_spin|42:smog|47:leer|52:flamethrower;attract|curse|detect|double_team|endure|fire_blast|frustration|headbutt|hidden_power|hyper_beam|iron_tail|mud_slap|protect|rain_dance|rest|return|roar|shadow_ball|sleep_talk|snore|sunny_day|swagger|swift|toxic|zap_cannon;flamethrower;charm|flail;ground;;;136;Llama;0,9;25;rojo;12,5;no;Almacena llamas en su cuerpo, que alcanza una temperatura de 900 °C antes de un combate.
porygon;Porygon;normal;65;60;70;85;75;40;trace;download;analytic;medium_fast;79;45;sp_attack:1;1:conversion_2|1:tackle|1:conversion|9:agility|12:psybeam|20:recover|24:sharpen|32:lock_on|36:tri_attack|44:zap_cannon;blizzard|curse|double_team|dream_eater|endure|flash|frustration|hidden_power|hyper_beam|icy_wind|iron_tail|nightmare|protect|psych_up|psychic|rain_dance|rest|return|sleep_talk|snore|sunny_day|swagger|swift|thief|thunder|toxic|zap_cannon;ice_beam|thunderbolt;;mineral;porygon2@intercambio:up_grade;;137;Virtual;0,8;36,5;rosa;sin_genero;no;Pokémon creado por el hombre tras muchas investigaciones. Sus habilidades son básicas.
omanyte;Omanyte;rock|water;35;40;100;90;55;35;swift_swim;shell_armor;weak_armor;medium_fast;71;45;defense:1;1:constrict|1:withdraw|13:bite|19:water_gun|31:leer|37:protect|49:ancient_power|55:hydro_pump;attract|blizzard|curse|double_team|endure|frustration|headbutt|hidden_power|icy_wind|protect|rain_dance|rest|return|rock_smash|rollout|sandstorm|sleep_talk|snore|surf|swagger|thief|toxic|whirlpool;ice_beam;aurora_beam|bubble_beam|haze|slam|supersonic;water1|water3;omastar@40;;138;Espiral;0,4;7,5;azul;12,5;no;Pokémon prehistórico que vivió en el océano primordial. Para nadar se valía de sus 10 tentáculos.
omastar;Omastar;rock|water;70;60;125;115;70;55;swift_swim;shell_armor;weak_armor;medium_fast;173;45;defense:2;1:constrict|1:withdraw|1:bite|19:water_gun|31:leer|37:protect|40:spike_cannon|54:ancient_power|65:hydro_pump;attract|blizzard|curse|double_team|endure|frustration|headbutt|hidden_power|hyper_beam|icy_wind|protect|rain_dance|rest|return|rock_smash|rollout|sandstorm|sleep_talk|snore|surf|swagger|thief|toxic|whirlpool;ice_beam;aurora_beam|bubble_beam|haze|slam|supersonic;water1|water3;;;139;Espiral;1;35;azul;12,5;no;Tiene los tentáculos tan desarrollados que le sirven de manos y pies. Con ellos atrapa a su presa y le da un bocado.
kabuto;Kabuto;rock|water;30;80;90;55;45;55;swift_swim;battle_armor;weak_armor;medium_fast;71;45;defense:1;1:scratch|1:harden|10:absorb|19:leer|28:sand_attack|37:endure|46:mega_drain|55:ancient_power;attract|blizzard|curse|double_team|endure|frustration|giga_drain|hidden_power|icy_wind|protect|rain_dance|rest|return|rock_smash|rollout|sandstorm|sleep_talk|snore|swagger|thief|toxic;ice_beam;aurora_beam|bubble_beam|dig|flail|rapid_spin;water1|water3;kabutops@40;;140;Armazón;0,5;11,5;marrón;12,5;no;Se cree que habitó las playas hace 300 millones de años. Se protege con una dura concha.
kabutops;Kabutops;rock|water;60;115;105;65;70;80;swift_swim;battle_armor;weak_armor;medium_fast;173;45;attack:2;1:scratch|1:harden|1:absorb|19:leer|28:sand_attack|37:endure|40:slash|51:mega_drain|65:ancient_power;attract|blizzard|curse|cut|double_team|endure|frustration|fury_cutter|giga_drain|headbutt|hidden_power|hyper_beam|icy_wind|protect|rain_dance|rest|return|rock_smash|rollout|sandstorm|sleep_talk|snore|surf|swagger|thief|toxic|whirlpool;ice_beam;aurora_beam|bubble_beam|dig|flail|rapid_spin;water1|water3;;;141;Armazón;1,3;40,5;marrón;12,5;no;Repliega sus extremidades en el agua para hacerse más compacto, y mueve su concha para nadar rápido.
aerodactyl;Aerodactyl;rock|flying;80;105;65;60;75;130;rock_head;pressure;unnerve;slow;180;45;speed:2;1:wing_attack|8:agility|15:bite|22:supersonic|29:ancient_power|36:scary_face|43:take_down|50:hyper_beam;attract|curse|detect|double_team|dragon_breath|earthquake|endure|fire_blast|fly|frustration|headbutt|hidden_power|hyper_beam|iron_tail|protect|rain_dance|rest|return|roar|rock_smash|sandstorm|sleep_talk|snore|steel_wing|swagger|swift|toxic;flamethrower;foresight|pursuit|whirlwind;flying;;;142;Fósil;1,8;59;morado;12,5;no;Se regeneró a partir de material genético de un dinosaurio encontrado en ámbar. Cuando vuela emite escandalosos alaridos.
snorlax;Snorlax;normal;160;110;65;65;110;30;immunity;thick_fat;gluttony;slow;189;25;hp:2;1:tackle|8:amnesia|15:defense_curl|22:belly_drum|29:headbutt|36:snore|36:rest|43:body_slam|50:rollout|57:hyper_beam;attract|blizzard|curse|defense_curl|double_team|dynamic_punch|earthquake|endure|fire_blast|fire_punch|frustration|headbutt|hidden_power|hyper_beam|ice_punch|icy_wind|mud_slap|protect|psych_up|psychic|rain_dance|rest|return|rock_smash|rollout|sandstorm|shadow_ball|sleep_talk|snore|solar_beam|strength|sunny_day|surf|swagger|thunder|thunder_punch|toxic|zap_cannon;flamethrower|ice_beam|thunderbolt;lick;monster;;;143;Dormir;2,1;460;negro;12,5;no;No se encuentra satisfecho hasta que no se come 400 kg de comida cada día. Cuando acaba de comer, se queda dormido.
articuno;Articuno;ice|flying;90;85;100;95;125;85;pressure;;snow_cloak;slow;261;3;sp_defense:3;1:gust|1:powder_snow|13:mist|25:agility|37:mind_reader|49:ice_beam|61:reflect|73:blizzard;blizzard|curse|detect|double_team|endure|fly|frustration|hidden_power|hyper_beam|icy_wind|mud_slap|protect|rain_dance|rest|return|roar|rock_smash|sandstorm|sleep_talk|snore|steel_wing|sunny_day|swagger|swift|toxic;ice_beam;;no_eggs;;;144;Congelar;1,7;55,4;azul;sin_genero;si;Legendario Pokémon pájaro capaz de generar ventiscas congelando la humedad del aire.
zapdos;Zapdos;electric|flying;90;90;85;125;90;100;pressure;;static;slow;261;3;sp_attack:3;1:peck|1:thunder_shock|13:thunder_wave|25:agility|37:detect|49:drill_peck|61:light_screen|73:thunder;curse|detect|double_team|endure|flash|fly|frustration|hidden_power|hyper_beam|mud_slap|protect|rain_dance|rest|return|roar|rock_smash|sandstorm|sleep_talk|snore|steel_wing|sunny_day|swagger|swift|thunder|toxic|zap_cannon;thunderbolt;;no_eggs;;;145;Eléctrico;1,6;52,6;amarillo;sin_genero;si;Es un legendario pájaro Pokémon. Dicen que aparece entre las nubes lanzando enormes rayos brillantes.
moltres;Moltres;fire|flying;90;100;90;125;85;90;pressure;;flame_body;slow;261;3;sp_attack:3;1:wing_attack|1:ember|13:fire_spin|25:agility|37:endure|49:flamethrower|61:safeguard|73:sky_attack;curse|detect|double_team|endure|fire_blast|fly|frustration|hidden_power|hyper_beam|mud_slap|protect|rain_dance|rest|return|roar|rock_smash|sandstorm|sleep_talk|snore|steel_wing|sunny_day|swagger|swift|toxic;flamethrower;;no_eggs;;;146;Llama;2;60;amarillo;sin_genero;si;Es más conocido como el legendario pájaro de fuego. Con cada aleteo crea brillantes llamas.
dratini;Dratini;dragon;41;64;45;50;50;50;shed_skin;;marvel_scale;slow;60;45;attack:1;1:wrap|1:leer|8:thunder_wave|15:twister|22:dragon_rage|29:slam|36:agility|43:safeguard|50:outrage|57:hyper_beam;attract|blizzard|curse|detect|double_team|dragon_breath|endure|fire_blast|frustration|headbutt|hidden_power|icy_wind|iron_tail|protect|rain_dance|rest|return|sleep_talk|snore|surf|swagger|swift|thunder|toxic|waterfall|zap_cannon;flamethrower|ice_beam|thunderbolt;haze|light_screen|mist|supersonic;water1|dragon;dragonair@30;;147;Dragón;1,8;3,3;azul;50;no;Se le llama el Pokémon Espejismo porque son muy pocos los que lo han visto. Se encontró su muda.
dragonair;Dragonair;dragon;61;84;65;70;70;70;shed_skin;;marvel_scale;slow;147;45;attack:2;1:wrap|1:leer|1:thunder_wave|1:twister|22:dragon_rage|29:slam|38:agility|47:safeguard|56:outrage|65:hyper_beam;attract|blizzard|curse|detect|double_team|dragon_breath|endure|fire_blast|frustration|headbutt|hidden_power|icy_wind|iron_tail|protect|rain_dance|rest|return|sleep_talk|snore|surf|swagger|swift|thunder|toxic|waterfall|zap_cannon;flamethrower|ice_beam|thunderbolt;haze|light_screen|mist|supersonic;water1|dragon;dragonite@55;;148;Dragón;4;16,5;azul;50;no;Sus cristalinos orbes parecen darle al Pokémon el poder de controlar el clima libremente.
dragonite;Dragonite;dragon|flying;91;134;95;100;100;80;inner_focus;;multiscale;slow;270;45;attack:3;1:wrap|1:leer|1:thunder_wave|1:twister|22:dragon_rage|29:slam|38:agility|47:safeguard|55:wing_attack|61:outrage|75:hyper_beam;attract|blizzard|curse|detect|double_team|dragon_breath|dynamic_punch|endure|fire_blast|fire_punch|fly|frustration|fury_cutter|headbutt|hidden_power|hyper_beam|ice_punch|icy_wind|iron_tail|mud_slap|protect|rain_dance|rest|return|rock_smash|sandstorm|sleep_talk|snore|steel_wing|strength|surf|swagger|swift|thunder|thunder_punch|toxic|waterfall|whirlpool|zap_cannon;flamethrower|ice_beam|thunderbolt;haze|light_screen|mist|supersonic;water1|dragon;;;149;Dragón;2,2;210;marrón;50;no;A pesar del tamaño que tiene y de lo pesado que es, puede volar. Es capaz de dar la vuelta al mundo en solo 16 horas.
mewtwo;Mewtwo;psychic;106;110;90;154;90;130;pressure;;unnerve;slow;306;3;sp_attack:3;1:confusion|1:disable|11:barrier|22:swift|33:psych_up|44:future_sight|55:mist|66:psychic|77:amnesia|88:recover|99:safeguard;blizzard|curse|detect|double_team|dream_eater|dynamic_punch|endure|fire_blast|fire_punch|flash|frustration|headbutt|hidden_power|hyper_beam|ice_punch|icy_wind|iron_tail|mud_slap|nightmare|protect|psych_up|psychic|rain_dance|rest|return|rock_smash|shadow_ball|sleep_talk|snore|solar_beam|strength|sunny_day|swagger|swift|thunder|thunder_punch|toxic|zap_cannon;flamethrower|ice_beam|thunderbolt;;no_eggs;;;150;Genético;2;122;morado;sin_genero;si;Fue creado por un científico tras años de horribles experimentos de ingeniería genética.
mew;Mew;psychic;100;100;100;100;100;100;synchronize;;;medium_slow;270;45;hp:3;1:pound|10:transform|20:mega_punch|30:metronome|40:psychic|50:ancient_power;attract|blizzard|curse|cut|defense_curl|detect|dig|double_team|dragon_breath|dream_eater|dynamic_punch|earthquake|endure|fire_blast|fire_punch|flash|fly|frustration|fury_cutter|giga_drain|headbutt|hidden_power|hyper_beam|ice_punch|icy_wind|iron_tail|mud_slap|nightmare|protect|psych_up|psychic|rain_dance|rest|return|roar|rock_smash|rollout|sandstorm|shadow_ball|sleep_talk|sludge_bomb|snore|solar_beam|steel_wing|strength|sunny_day|surf|swagger|sweet_scent|swift|thief|thunder|thunder_punch|toxic|waterfall|whirlpool|zap_cannon;flamethrower|ice_beam|thunderbolt;;no_eggs;;;151;Nueva Especie;0,4;4;rosa;sin_genero;si;Varios científicos lo consideran el antecesor de los Pokémon porque usa todo tipo de movimientos.
chikorita;Chikorita;grass;45;49;65;49;65;45;overgrow;;leaf_guard;medium_slow;64;45;sp_defense:1;1:tackle|1:growl|8:razor_leaf|12:reflect|15:poison_powder|22:synthesis|29:body_slam|36:light_screen|43:safeguard|50:solar_beam;attract|curse|cut|detect|double_team|endure|flash|frustration|giga_drain|headbutt|hidden_power|iron_tail|mud_slap|protect|rest|return|sleep_talk|snore|solar_beam|sunny_day|swagger|sweet_scent|toxic;;ancient_power|counter|flail|leech_seed|swords_dance|vine_whip;monster|plant;bayleef@16;;152;Hoja;0,9;6,4;verde;12,5;no;Un dulce aroma se desprende de la hoja de su cabeza. Es dócil y le encanta absorber los rayos de sol.
bayleef;Bayleef;grass;60;62;80;63;80;60;overgrow;;leaf_guard;medium_slow;142;45;defense:1|sp_defense:1;1:tackle|1:growl|1:razor_leaf|1:reflect|15:poison_powder|23:synthesis|31:body_slam|39:light_screen|47:safeguard|55:solar_beam;attract|curse|cut|detect|double_team|endure|flash|frustration|fury_cutter|giga_drain|headbutt|hidden_power|iron_tail|mud_slap|protect|rest|return|rock_smash|sleep_talk|snore|solar_beam|strength|sunny_day|swagger|sweet_scent|toxic;;ancient_power|counter|flail|leech_seed|swords_dance|vine_whip;monster|plant;meganium@32;;153;Hoja;1,2;15,8;verde;12,5;no;Emana un aroma picante de su cuello. El aroma actúa como estimulante para recuperar salud.
meganium;Meganium;grass;80;82;100;83;100;80;overgrow;;leaf_guard;medium_slow;236;45;defense:1|sp_defense:2;1:tackle|1:growl|1:razor_leaf|1:reflect|15:poison_powder|23:synthesis|31:body_slam|41:light_screen|51:safeguard|61:solar_beam;attract|curse|cut|detect|double_team|earthquake|endure|flash|frustration|fury_cutter|giga_drain|headbutt|hidden_power|hyper_beam|iron_tail|mud_slap|protect|rest|return|rock_smash|sleep_talk|snore|solar_beam|strength|sunny_day|swagger|sweet_scent|toxic;;ancient_power|counter|flail|leech_seed|swords_dance|vine_whip;monster|plant;;;154;Hierba;1,8;100,5;verde;12,5;no;El olor que desprenden sus pétalos contiene una sustancia que calma el instinto agresivo.
cyndaquil;Cyndaquil;fire;39;52;43;60;50;65;blaze;;flash_fire;medium_slow;62;45;speed:1;1:tackle|1:leer|6:smokescreen|12:ember|19:quick_attack|27:flame_wheel|36:swift|46:flamethrower;attract|curse|cut|defense_curl|detect|dig|double_team|endure|fire_blast|frustration|headbutt|hidden_power|iron_tail|mud_slap|protect|rest|return|rollout|sleep_talk|snore|sunny_day|swagger|swift|toxic;flamethrower;foresight|fury_swipes|quick_attack|reversal|submission|thrash;ground;quilava@14;;155;Ratón Fuego;0,5;7,9;amarillo;12,5;no;Es tímido y siempre se enrosca como una pelota. Si es atacado, enciende su lomo para protegerse.
quilava;Quilava;fire;58;64;58;80;65;80;blaze;;flash_fire;medium_slow;142;45;sp_attack:1|speed:1;1:tackle|1:leer|1:smokescreen|12:ember|21:quick_attack|31:flame_wheel|42:swift|54:flamethrower;attract|curse|cut|defense_curl|detect|dig|double_team|endure|fire_blast|frustration|fury_cutter|headbutt|hidden_power|iron_tail|mud_slap|protect|rest|return|roar|rock_smash|rollout|sleep_talk|snore|strength|sunny_day|swagger|swift|toxic;flamethrower;foresight|fury_swipes|quick_attack|reversal|submission|thrash;ground;typhlosion@36;;156;Volcán;0,9;19;amarillo;12,5;no;Antes de empezar a luchar, se gira ante su rival para alardear del alcance y la fuerza de sus llamas.
typhlosion;Typhlosion;fire;78;84;78;109;85;100;blaze;;flash_fire;medium_slow;240;45;sp_attack:3;1:tackle|1:leer|1:smokescreen|1:ember|21:quick_attack|31:flame_wheel|45:swift|60:flamethrower;attract|curse|cut|defense_curl|detect|dig|double_team|dynamic_punch|earthquake|endure|fire_blast|fire_punch|frustration|fury_cutter|headbutt|hidden_power|hyper_beam|iron_tail|mud_slap|protect|rest|return|roar|rock_smash|rollout|sleep_talk|snore|strength|sunny_day|swagger|swift|thunder_punch|toxic;flamethrower;foresight|fury_swipes|quick_attack|reversal|submission|thrash;ground;;;157;Volcán;1,7;79,5;amarillo;12,5;no;Si su furia crece, se calienta tanto que cualquier cosa que toque se prenderá al instante.
totodile;Totodile;water;50;65;64;44;48;43;torrent;;sheer_force;medium_slow;63;45;attack:1;1:scratch|1:leer|7:rage|13:water_gun|20:bite|27:scary_face|35:slash|43:screech|52:hydro_pump;attract|blizzard|curse|cut|detect|dig|double_team|dynamic_punch|endure|frustration|headbutt|hidden_power|ice_punch|icy_wind|iron_tail|mud_slap|protect|rain_dance|rest|return|sleep_talk|snore|surf|swagger|toxic|whirlpool;ice_beam;ancient_power|crunch|hydro_pump|razor_wind|rock_slide|thrash;monster|water1;croconaw@18;;158;Fauces;0,6;9,5;azul;12,5;no;Es pequeño pero violento. No dudará en morder cualquier cosa que se mueva cerca.
croconaw;Croconaw;water;65;80;80;59;63;58;torrent;;sheer_force;medium_slow;142;45;attack:1|defense:1;1:scratch|1:leer|1:rage|13:water_gun|21:bite|28:scary_face|37:slash|45:screech|55:hydro_pump;attract|blizzard|curse|cut|detect|dig|double_team|dynamic_punch|endure|frustration|fury_cutter|headbutt|hidden_power|ice_punch|icy_wind|iron_tail|mud_slap|protect|rain_dance|rest|return|roar|rock_smash|sleep_talk|snore|strength|surf|swagger|toxic|whirlpool;ice_beam;ancient_power|crunch|hydro_pump|razor_wind|rock_slide|thrash;monster|water1;feraligatr@30;;159;Fauces;1,1;25;azul;12,5;no;Si pierde un colmillo, le crecerá otro en su lugar. Siempre tiene 48 colmillos en su boca.
feraligatr;Feraligatr;water;85;105;100;79;83;78;torrent;;sheer_force;medium_slow;239;45;attack:2|defense:1;1:scratch|1:leer|1:rage|1:water_gun|21:bite|28:scary_face|38:slash|47:screech|58:hydro_pump;attract|blizzard|curse|cut|detect|dig|double_team|dynamic_punch|earthquake|endure|frustration|fury_cutter|headbutt|hidden_power|hyper_beam|ice_punch|icy_wind|iron_tail|mud_slap|protect|rain_dance|rest|return|roar|rock_smash|sleep_talk|snore|strength|surf|swagger|toxic|whirlpool;ice_beam;ancient_power|crunch|hydro_pump|razor_wind|rock_slide|thrash;monster|water1;;;160;Fauces;2,3;88,8;azul;12,5;no;Se suele mover lento, pero alcanza velocidades de vértigo al atacar y morder a sus enemigos.
sentret;Sentret;normal;35;46;34;35;45;20;run_away;keen_eye;frisk;medium_fast;43;255;attack:1;1:tackle|5:defense_curl|11:quick_attack|17:fury_swipes|25:slam|33:rest|41:amnesia;attract|curse|cut|defense_curl|detect|dig|double_team|dynamic_punch|endure|fire_punch|frustration|fury_cutter|headbutt|hidden_power|ice_punch|iron_tail|mud_slap|protect|rest|return|rollout|shadow_ball|sleep_talk|snore|sunny_day|surf|swagger|swift|thief|thunder_punch|toxic;;double_edge|focus_energy|pursuit|reversal|slash;ground;furret@15;;161;Explorador;0,8;6;marrón;50;no;Cuando hace de centinela, avisa del peligro a los demás, chillando y dando golpes al suelo con la cola.
furret;Furret;normal;85;76;64;45;55;90;run_away;keen_eye;frisk;medium_fast;145;90;speed:2;1:scratch|1:defense_curl|1:quick_attack|18:fury_swipes|28:slam|38:rest|48:amnesia;attract|curse|cut|defense_curl|detect|dig|double_team|dynamic_punch|endure|fire_punch|frustration|fury_cutter|headbutt|hidden_power|hyper_beam|ice_punch|iron_tail|mud_slap|protect|rest|return|rollout|shadow_ball|sleep_talk|snore|strength|sunny_day|surf|swagger|swift|thief|thunder_punch|toxic;;double_edge|focus_energy|pursuit|reversal|slash;ground;;;162;Alargado;1,8;32,5;marrón;50;no;Acurruca a sus crías para que duerman. Acorrala a los enemigos con su enorme velocidad.
hoothoot;Hoothoot;normal|flying;60;30;30;36;56;50;insomnia;keen_eye;tinted_lens;medium_fast;52;255;hp:1;1:tackle|1:growl|6:foresight|11:peck|16:hypnosis|22:reflect|28:take_down|34:confusion|48:dream_eater;attract|curse|detect|double_team|dream_eater|endure|flash|fly|frustration|hidden_power|mud_slap|nightmare|protect|rest|return|sleep_talk|snore|steel_wing|sunny_day|swagger|swift|thief|toxic;;feint_attack|mirror_move|sky_attack|supersonic|whirlwind|wing_attack;flying;noctowl@20;;163;Búho;0,7;21,2;marrón;50;no;Su percepción del tiempo es exacta. Ocurra lo que ocurra, lleva el ritmo moviendo la cabeza.
noctowl;Noctowl;normal|flying;100;50;50;86;96;70;insomnia;keen_eye;tinted_lens;medium_fast;158;90;hp:2;1:tackle|1:growl|1:foresight|1:peck|16:hypnosis|25:reflect|33:take_down|41:confusion|57:dream_eater;attract|curse|detect|double_team|dream_eater|endure|flash|fly|frustration|hidden_power|hyper_beam|mud_slap|nightmare|protect|rest|return|sleep_talk|snore|steel_wing|sunny_day|swagger|swift|thief|toxic;;feint_attack|mirror_move|sky_attack|supersonic|whirlwind|wing_attack;flying;;;164;Búho;1,6;40,8;marrón;50;no;Sus ojos están especialmente adaptados. Concentran la luz para poder ver en la oscuridad.
ledyba;Ledyba;bug|flying;40;20;30;40;80;55;swarm;early_bird;rattled;fast;53;255;sp_defense:1;1:tackle|8:supersonic|15:comet_punch|22:light_screen|22:reflect|22:safeguard|29:baton_pass|36:swift|43:agility|50:double_edge;attract|curse|dig|double_team|dynamic_punch|endure|flash|frustration|giga_drain|headbutt|hidden_power|ice_punch|protect|rest|return|rollout|sleep_talk|snore|solar_beam|sunny_day|swagger|sweet_scent|swift|thief|thunder_punch|toxic;;bide|light_screen|psybeam;bug;ledian@18;;165;5 Estrellas;1;10,8;rojo;50;no;Cuando llega el frío, se reúnen muchos Ledyba de todas partes para darse calor.
ledian;Ledian;bug|flying;55;35;50;55;110;85;swarm;early_bird;iron_fist;fast;137;90;sp_defense:2;1:tackle|1:supersonic|15:comet_punch|24:light_screen|24:reflect|24:safeguard|33:baton_pass|42:swift|51:agility|60:double_edge;attract|curse|dig|double_team|dynamic_punch|endure|flash|frustration|giga_drain|headbutt|hidden_power|hyper_beam|ice_punch|protect|rest|return|rollout|sleep_talk|snore|solar_beam|sunny_day|swagger|sweet_scent|swift|thief|thunder_punch|toxic;;bide|light_screen|psybeam;bug;;;166;5 Estrellas;1,4;35,6;rojo;50;no;Cuando parpadean las estrellas en el cielo nocturno, se mece desprendiendo un polvo brillante.
spinarak;Spinarak;bug|poison;40;60;40;40;40;30;swarm;insomnia;sniper;fast;50;255;attack:1;1:poison_sting|1:string_shot|6:scary_face|11:constrict|17:night_shade|23:leech_life|30:fury_swipes|37:spider_web|45:agility|53:psychic;attract|curse|dig|double_team|endure|flash|frustration|giga_drain|hidden_power|protect|psychic|rest|return|sleep_talk|sludge_bomb|snore|solar_beam|sunny_day|swagger|thief|toxic;;baton_pass|disable|psybeam|pursuit|sonic_boom;bug;ariados@22;;167;Escupesoga;0,5;8,5;verde;50;no;Teje su telaraña con hilo fino pero resistente. Espera pacientemente a que caiga su presa.
ariados;Ariados;bug|poison;70;90;70;60;70;40;swarm;insomnia;sniper;fast;140;90;attack:2;1:poison_sting|1:string_shot|1:scary_face|1:constrict|17:night_shade|25:leech_life|34:fury_swipes|43:spider_web|53:agility|63:psychic;attract|curse|dig|double_team|endure|flash|frustration|giga_drain|hidden_power|hyper_beam|protect|psychic|rest|return|sleep_talk|sludge_bomb|snore|solar_beam|sunny_day|swagger|thief|toxic;;baton_pass|disable|psybeam|pursuit|sonic_boom;bug;;;168;Pata Larga;1,1;33,5;rojo;50;no;Teje su telaraña desde atrás y desde su boca. Es muy difícil saber dónde está cada cual.
crobat;Crobat;poison|flying;85;90;80;70;80;130;inner_focus;;infiltrator;medium_fast;241;90;speed:3;1:screech|1:leech_life|1:supersonic|12:bite|19:confuse_ray|30:wing_attack|42:mean_look|55:haze;attract|curse|detect|double_team|endure|fly|frustration|giga_drain|hidden_power|hyper_beam|protect|rest|return|sleep_talk|snore|steel_wing|sunny_day|swagger|swift|thief|toxic;;feint_attack|gust|pursuit|quick_attack|whirlwind;flying;;;169;Murciélago;1,8;75;morado;50;no;Es tan silencioso cuando vuela en la oscuridad con sus cuatro alas, que cuesta percibirlo cuando se acerca.
chinchou;Chinchou;water|electric;75;38;38;56;56;67;volt_absorb;illuminate;water_absorb;slow;66;190;hp:1;1:bubble|1:thunder_wave|5:supersonic|13:flail|17:water_gun|25:spark|29:confuse_ray|37:take_down|41:hydro_pump;attract|curse|double_team|endure|flash|frustration|hidden_power|protect|rain_dance|rest|return|sleep_talk|snore|surf|swagger|thunder|toxic|waterfall|whirlpool|zap_cannon;ice_beam|thunderbolt;flail|screech|supersonic;water2;lanturn@27;;170;Rape;0,5;12;azul;50;no;En el oscuro fondo del océano, su único modo de comunicarse es emitiendo luces parpadeantes.
lanturn;Lanturn;water|electric;125;58;58;76;76;67;volt_absorb;illuminate;water_absorb;slow;161;75;hp:2;1:bubble|1:thunder_wave|1:supersonic|13:flail|17:water_gun|25:spark|33:confuse_ray|45:take_down|53:hydro_pump;attract|curse|double_team|endure|flash|frustration|hidden_power|hyper_beam|protect|rain_dance|rest|return|sleep_talk|snore|surf|swagger|thunder|toxic|waterfall|whirlpool|zap_cannon;ice_beam|thunderbolt;flail|screech|supersonic;water2;;;171;Luz;1,2;22,5;azul;50;no;La luz de Lanturn se puede ver desde lo más profundo. Se le llama la Estrella de Alta Mar.
pichu;Pichu;electric;20;40;15;35;35;60;static;;lightning_rod;medium_fast;41;190;speed:1;1:thunder_shock|1:charm|6:tail_whip|8:thunder_wave|11:sweet_kiss;attract|curse|defense_curl|detect|double_team|endure|flash|frustration|headbutt|hidden_power|iron_tail|mud_slap|protect|rain_dance|rest|return|rollout|sleep_talk|snore|swagger|swift|thunder|toxic|zap_cannon;thunderbolt;bide|double_slap|encore|present|reversal;no_eggs;pikachu@amistad;;172;Ratoncito;0,3;2;amarillo;50;no;Cuando juegan, se tocan las colas y emiten chispas. Al parecer, es una prueba de valor.
cleffa;Cleffa;fairy;50;25;28;45;55;15;cute_charm;magic_guard;friend_guard;fast;44;150;sp_defense:1;1:pound|1:charm|4:encore|8:sing|13:sweet_kiss;attract|curse|defense_curl|detect|double_team|dream_eater|endure|fire_blast|flash|frustration|headbutt|hidden_power|icy_wind|iron_tail|mud_slap|nightmare|protect|psych_up|psychic|rain_dance|rest|return|rollout|shadow_ball|sleep_talk|snore|solar_beam|sunny_day|swagger|toxic|zap_cannon;flamethrower;amnesia|belly_drum|metronome|mimic|present|splash;no_eggs;clefairy@amistad;;173;Estrella;0,3;3;rosa;75;no;Por su inusual forma estrellada, la gente cree que procede de un meteorito que cayó a la tierra.
igglybuff;Igglybuff;normal|fairy;90;30;15;40;20;15;cute_charm;competitive;friend_guard;fast;42;170;hp:1;1:sing|1:charm|4:defense_curl|9:pound|14:sweet_kiss;attract|curse|defense_curl|detect|double_team|dream_eater|endure|fire_blast|flash|frustration|headbutt|hidden_power|icy_wind|mud_slap|nightmare|protect|psych_up|psychic|rain_dance|rest|return|rollout|shadow_ball|sleep_talk|snore|solar_beam|sunny_day|swagger|toxic|zap_cannon;flamethrower;feint_attack|perish_song|present;no_eggs;jigglypuff@amistad;;174;Globo;0,3;1;rosa;75;no;Para caminar, en lugar de usar los pies que tiene, opta por dar botes con su cuerpo redondo y blandito.
togepi;Togepi;fairy;35;20;65;40;65;20;hustle;serene_grace;super_luck;fast;49;190;sp_defense:1;1:growl|1:charm|7:metronome|18:sweet_kiss|25:encore|31:safeguard|38:double_edge;attract|curse|defense_curl|detect|double_team|dream_eater|endure|fire_blast|flash|frustration|headbutt|hidden_power|mud_slap|protect|psych_up|psychic|rain_dance|rest|return|rock_smash|rollout|shadow_ball|sleep_talk|snore|solar_beam|sunny_day|swagger|swift|toxic|zap_cannon;flamethrower;foresight|future_sight|mirror_move|peck|present;no_eggs;togetic@amistad;;175;Bolaclavos;0,3;1,5;blanco;12,5;no;El cascarón parece estar lleno de alegría. Dicen que trae buena suerte si es tratado con cariño.
togetic;Togetic;fairy|flying;55;40;85;80;105;40;hustle;serene_grace;super_luck;fast;142;75;sp_defense:2;1:growl|1:charm|7:metronome|14:fairy_wind|18:sweet_kiss|25:encore|31:safeguard|38:double_edge;attract|curse|defense_curl|detect|double_team|dream_eater|endure|fire_blast|flash|fly|frustration|headbutt|hidden_power|hyper_beam|mud_slap|protect|psych_up|psychic|rain_dance|rest|return|rock_smash|rollout|shadow_ball|sleep_talk|snore|solar_beam|steel_wing|sunny_day|swagger|swift|toxic|zap_cannon;flamethrower;foresight|future_sight|mirror_move|peck|present;flying|fairy;togekiss@objeto:shiny_stone;;176;Felicidad;0,6;3,2;blanco;12,5;no;Si no está con gente amable, se entristece. Puede flotar en el aire sin mover las alas.
natu;Natu;psychic|flying;40;50;45;70;45;70;synchronize;early_bird;magic_bounce;medium_fast;64;190;sp_attack:1;1:peck|1:leer|10:night_shade|20:teleport|30:future_sight|40:confuse_ray|50:psychic;attract|curse|detect|double_team|dream_eater|endure|flash|frustration|giga_drain|hidden_power|nightmare|protect|psych_up|psychic|rest|return|sleep_talk|snore|solar_beam|sunny_day|swagger|swift|thief|toxic;;drill_peck|feint_attack|haze|quick_attack|steel_wing;flying;xatu@25;;177;Pajarito;0,2;2;verde;50;no;Va dando saltitos porque sus alas no han crecido lo suficiente. Siempre está pendiente de algo.
xatu;Xatu;psychic|flying;65;75;70;95;70;95;synchronize;early_bird;magic_bounce;medium_fast;165;75;sp_attack:1|speed:1;1:peck|1:leer|1:night_shade|20:teleport|35:future_sight|50:confuse_ray|65:psychic;attract|curse|detect|double_team|dream_eater|endure|flash|fly|frustration|giga_drain|hidden_power|hyper_beam|nightmare|protect|psych_up|psychic|rest|return|sleep_talk|snore|solar_beam|sunny_day|swagger|swift|thief|toxic;;drill_peck|feint_attack|haze|quick_attack|steel_wing;flying;;;178;Místico;1,5;15;verde;50;no;Cuando se pone a meditar al amanecer, pierde la noción del tiempo. Puede pasarse así todo el día.
mareep;Mareep;electric;55;40;40;65;45;35;static;;plus;medium_slow;56;235;sp_attack:1;1:tackle|1:growl|9:thunder_shock|16:thunder_wave|23:cotton_spore|30:light_screen|37:thunder;attract|curse|defense_curl|double_team|endure|flash|frustration|headbutt|hidden_power|iron_tail|protect|rain_dance|rest|return|sleep_talk|snore|swagger|swift|thunder|toxic|zap_cannon;thunderbolt;body_slam|reflect|safeguard|screech|take_down|thunderbolt;monster|ground;flaaffy@15;;179;Lana;0,6;7,8;blanco;50;no;Su pelaje lanudo dobla su volumen al acumular electricidad estática. Tocarlo puede dar calambre.
flaaffy;Flaaffy;electric;70;55;55;80;60;45;static;;plus;medium_slow;128;120;sp_attack:2;1:tackle|1:growl|1:thunder_shock|18:thunder_wave|27:cotton_spore|36:light_screen|45:thunder;attract|curse|defense_curl|double_team|dynamic_punch|endure|fire_punch|flash|frustration|headbutt|hidden_power|iron_tail|protect|rain_dance|rest|return|rock_smash|sleep_talk|snore|strength|swagger|swift|thunder|thunder_punch|toxic|zap_cannon;thunderbolt;body_slam|reflect|safeguard|screech|take_down|thunderbolt;monster|ground;ampharos@30;;180;Lana;0,8;13,3;rosa;50;no;Su esponjosa lana almacena electricidad. Su piel gomosa evita que sea electrocutado.
ampharos;Ampharos;electric;90;75;85;115;90;55;static;;plus;medium_slow;230;45;sp_attack:3;1:tackle|1:growl|1:thunder_shock|1:thunder_wave|27:cotton_spore|30:thunder_punch|42:light_screen|57:thunder;attract|curse|defense_curl|double_team|dynamic_punch|endure|fire_punch|flash|frustration|headbutt|hidden_power|hyper_beam|iron_tail|protect|rain_dance|rest|return|rock_smash|sleep_talk|snore|strength|swagger|swift|thunder|thunder_punch|toxic|zap_cannon;thunderbolt;body_slam|reflect|safeguard|screech|take_down|thunderbolt;monster|ground;;;181;Luz;1,4;61,5;amarillo;50;no;La punta de su cola reluce brillantemente y puede ser vista desde lejos. Es usado como faro.
bellossom;Bellossom;grass;75;80;95;90;100;50;chlorophyll;;healer;medium_slow;221;45;sp_defense:3;1:absorb|1:sweet_scent|1:stun_spore|1:petal_dance|55:solar_beam;attract|curse|cut|double_team|endure|flash|frustration|giga_drain|hidden_power|hyper_beam|protect|rest|return|sleep_talk|snore|solar_beam|sunny_day|swagger|sweet_scent|toxic;;flail|razor_leaf|swords_dance|synthesis;plant;;;182;Flor;0,4;5,8;verde;50;no;Los Bellossom suelen reunirse para bailar. Dicen que sus danzas son un ritual para invocar al sol.
marill;Marill;water|fairy;70;20;50;20;50;40;thick_fat;huge_power;sap_sipper;fast;88;190;hp:2;1:tackle|3:defense_curl|6:tail_whip|10:water_gun|15:rollout|21:bubble_beam|23:play_rough|28:double_edge|36:rain_dance;attract|blizzard|curse|defense_curl|double_team|dynamic_punch|endure|frustration|headbutt|hidden_power|ice_punch|icy_wind|iron_tail|mud_slap|protect|rain_dance|rest|return|rollout|sleep_talk|snore|surf|swagger|swift|toxic|waterfall|whirlpool;ice_beam;amnesia|belly_drum|foresight|future_sight|light_screen|perish_song|present|supersonic;water1|fairy;azumarill@18;;183;Ratón Agua;0,4;8,5;azul;50;no;Tiene una piel que repele el agua. De hecho, puede pasarse horas jugando en el agua sin mojarse.
azumarill;Azumarill;water|fairy;100;50;80;60;80;50;thick_fat;huge_power;sap_sipper;fast;189;75;hp:3;1:tackle|1:defense_curl|1:tail_whip|1:water_gun|15:rollout|25:bubble_beam|25:play_rough|36:double_edge|48:rain_dance;attract|blizzard|curse|defense_curl|double_team|dynamic_punch|endure|frustration|headbutt|hidden_power|hyper_beam|ice_punch|icy_wind|iron_tail|mud_slap|protect|rain_dance|rest|return|rock_smash|rollout|sleep_talk|snore|strength|surf|swagger|swift|toxic|waterfall|whirlpool;ice_beam;encore|refresh|sing|slam|tickle;water1|fairy;;;184;Conejo Agua;0,8;28,5;azul;50;no;Sus largas orejas son sensores que pueden percibir movimientos de seres vivos en el lecho del río.
sudowoodo;Sudowoodo;rock;70;100;115;30;65;30;sturdy;rock_head;rattled;medium_fast;144;65;defense:2;1:rock_throw|1:mimic|10:flail|19:low_kick|28:rock_slide|37:feint_attack|46:slam;attract|curse|defense_curl|dig|double_team|dynamic_punch|earthquake|endure|fire_punch|frustration|headbutt|hidden_power|ice_punch|mud_slap|protect|psych_up|rest|return|rock_smash|rollout|sandstorm|sleep_talk|snore|strength|sunny_day|swagger|thief|thunder_punch|toxic;;self_destruct;mineral;;;185;Imitación;1,2;38;marrón;50;no;Aunque pretende ser un árbol, en su composición se parece más a una roca que a una planta.
politoed;Politoed;water;90;75;75;90;100;70;water_absorb;damp;drizzle;medium_slow;225;45;sp_defense:3;1:water_gun|1:hypnosis|1:double_slap|1:perish_song|51:swagger;attract|blizzard|curse|defense_curl|detect|double_team|dynamic_punch|earthquake|endure|frustration|headbutt|hidden_power|hyper_beam|ice_punch|icy_wind|mud_slap|protect|psychic|rain_dance|rest|return|rock_smash|sleep_talk|snore|strength|surf|swagger|thief|toxic|waterfall|whirlpool;ice_beam;bubble_beam|haze|mind_reader|mist|splash;water1;;;186;Rana;1,1;33,9;verde;50;no;Cuando tres o más de estos se juntan, emiten un sonido muy fuerte parecido a un bramido.
hoppip;Hoppip;grass|flying;35;35;40;35;55;50;chlorophyll;leaf_guard;infiltrator;medium_slow;50;255;sp_defense:1;1:splash|5:synthesis|5:tail_whip|10:tackle|13:poison_powder|15:stun_spore|17:sleep_powder|20:leech_seed|25:cotton_spore|30:mega_drain;attract|curse|defense_curl|double_team|endure|flash|frustration|giga_drain|headbutt|hidden_power|protect|rest|return|sleep_talk|snore|solar_beam|sunny_day|swagger|sweet_scent|toxic;;amnesia|confusion|double_edge|encore|growl|pay_day|reflect;fairy|plant;skiploom@18;;187;Algadón;0,4;0,5;rosa;50;no;Su cuerpo es tan ligero, que debe agarrarse bien al suelo con las patas para no irse con el viento.
skiploom;Skiploom;grass|flying;55;45;50;45;65;80;chlorophyll;leaf_guard;infiltrator;medium_slow;119;120;speed:2;1:splash|1:synthesis|1:tail_whip|1:tackle|13:poison_powder|15:stun_spore|17:sleep_powder|22:leech_seed|29:cotton_spore|36:mega_drain;attract|curse|defense_curl|double_team|endure|flash|frustration|giga_drain|headbutt|hidden_power|protect|rest|return|sleep_talk|snore|solar_beam|sunny_day|swagger|sweet_scent|toxic;;amnesia|confusion|double_edge|encore|growl|pay_day|reflect;fairy|plant;jumpluff@27;;188;Algadón;0,6;1;verde;50;no;La flor de su cabeza se abre y cierra según suba o baje la temperatura.
jumpluff;Jumpluff;grass|flying;75;55;70;55;95;110;chlorophyll;leaf_guard;infiltrator;medium_slow;207;45;speed:3;1:splash|1:synthesis|1:tail_whip|1:tackle|13:poison_powder|15:stun_spore|17:sleep_powder|22:leech_seed|33:cotton_spore|44:mega_drain;attract|curse|defense_curl|double_team|endure|flash|frustration|giga_drain|headbutt|hidden_power|hyper_beam|protect|rest|return|sleep_talk|snore|solar_beam|sunny_day|swagger|sweet_scent|toxic;;amnesia|confusion|double_edge|encore|growl|pay_day|reflect;fairy|plant;;;189;Algadón;0,8;3;azul;50;no;Los vientos estacionales lo llevan por todo el mundo, donde va soltando sus esporas.
aipom;Aipom;normal;55;70;55;40;55;85;run_away;pickup;skill_link;fast;72;45;speed:1;1:scratch|1:tail_whip|6:sand_attack|12:baton_pass|19:fury_swipes|27:swift|36:screech|46:agility;attract|curse|cut|defense_curl|detect|double_team|dream_eater|dynamic_punch|endure|fire_punch|frustration|fury_cutter|headbutt|hidden_power|ice_punch|iron_tail|mud_slap|nightmare|protect|rest|return|rock_smash|shadow_ball|sleep_talk|snore|strength|sunny_day|swagger|swift|thief|thunder|thunder_punch|toxic|zap_cannon;thunderbolt;agility|beat_up|counter|double_slap|pursuit|screech|slam|spite;ground;ambipom@subir+sabe:double_hit;;190;Cola Larga;0,8;11,5;morado;50;no;Vive en lo alto de los árboles. Cuando salta de rama en rama, usa su cola para equilibrarse.
sunkern;Sunkern;grass;30;30;30;30;30;30;chlorophyll;solar_power;early_bird;medium_slow;36;235;sp_attack:1;1:absorb|4:growth|10:mega_drain|19:sunny_day|31:synthesis|46:giga_drain;attract|curse|cut|double_team|endure|flash|frustration|giga_drain|hidden_power|protect|rest|return|sleep_talk|sludge_bomb|snore|solar_beam|sunny_day|swagger|sweet_scent|toxic;;;plant;sunflora@objeto:sun_stone;;191;Semilla;0,3;1,8;amarillo;50;no;Puede caer del cielo de repente. Si le ataca un Spearow, moverá violentamente sus hojas.
sunflora;Sunflora;grass;75;75;55;105;85;30;chlorophyll;solar_power;early_bird;medium_slow;149;120;sp_attack:2;1:absorb|1:pound|4:growth|10:razor_leaf|19:sunny_day|31:petal_dance|46:solar_beam;attract|curse|cut|double_team|endure|flash|frustration|giga_drain|hidden_power|hyper_beam|protect|rest|return|sleep_talk|sludge_bomb|snore|solar_beam|sunny_day|swagger|sweet_scent|toxic;;;plant;;;192;Sol;0,8;8,5;amarillo;50;no;A medida que se acerca el verano, va adquiriendo un color más vivo e intenso en los pétalos de la cara.
yanma;Yanma;bug|flying;65;65;45;75;45;95;speed_boost;compound_eyes;frisk;medium_fast;78;75;speed:1;1:tackle|1:foresight|7:quick_attack|13:double_team|19:sonic_boom|25:detect|31:supersonic|37:wing_attack|43:screech;attract|curse|detect|double_team|endure|flash|frustration|giga_drain|headbutt|hidden_power|protect|rest|return|sleep_talk|snore|solar_beam|sunny_day|swagger|swift|thief|toxic;;leech_life|reversal|whirlwind;bug;yanmega@subir+sabe:ancient_power;;193;Ala Clara;1,2;38;rojo;50;no;Su campo visual es de 360° sin girar la cabeza. Detecta hasta las presas que están a su espalda.
wooper;Wooper;water|ground;55;45;45;25;25;15;damp;water_absorb;unaware;medium_fast;42;255;hp:1;1:water_gun|1:tail_whip|11:slam|21:amnesia|31:earthquake|41:rain_dance|51:mist|51:haze;attract|curse|defense_curl|dig|double_team|dynamic_punch|earthquake|endure|flash|frustration|headbutt|hidden_power|ice_punch|iron_tail|mud_slap|protect|rain_dance|rest|return|rock_smash|rollout|sandstorm|sleep_talk|sludge_bomb|snore|surf|swagger|toxic|whirlpool;ice_beam;ancient_power|body_slam|safeguard;water1|ground;quagsire@20;;194;Pez Agua;0,4;8,5;azul;50;no;Este Pokémon vive en aguas frías. Sale del agua para buscar comida cuando refresca el ambiente.
quagsire;Quagsire;water|ground;95;85;85;65;65;35;damp;water_absorb;unaware;medium_fast;151;90;hp:2;1:water_gun|1:tail_whip|11:slam|23:amnesia|35:earthquake|47:rain_dance|59:mist|59:haze;attract|curse|defense_curl|dig|double_team|dynamic_punch|earthquake|endure|flash|frustration|headbutt|hidden_power|hyper_beam|ice_punch|iron_tail|mud_slap|protect|rain_dance|rest|return|rock_smash|rollout|sandstorm|sleep_talk|sludge_bomb|snore|strength|surf|swagger|toxic|whirlpool;ice_beam;ancient_power|body_slam|safeguard;water1|ground;;;195;Pez Agua;1,4;75;azul;50;no;Es un Pokémon bastante perezoso. Para pescar permanece en el fondo del río con la boca abierta.
espeon;Espeon;psychic;65;65;60;130;95;110;synchronize;;magic_bounce;medium_fast;184;45;sp_attack:2;1:tackle|1:tail_whip|8:sand_attack|16:confusion|23:quick_attack|30:swift|36:psybeam|42:psych_up|47:psychic|52:morning_sun;attract|curse|cut|detect|double_team|dream_eater|endure|flash|frustration|headbutt|hidden_power|hyper_beam|iron_tail|mud_slap|nightmare|protect|psych_up|psychic|rain_dance|rest|return|shadow_ball|sleep_talk|snore|sunny_day|swagger|swift|toxic|zap_cannon;;charm|flail;ground;;;196;Sol;0,9;26,5;morado;12,5;no;Al predecir el siguiente movimiento de su rival, chasquea el extremo de la cola bífida que tiene.
umbreon;Umbreon;dark;95;65;110;60;130;65;synchronize;;inner_focus;medium_fast;184;45;sp_defense:2;1:tackle|1:tail_whip|8:sand_attack|16:pursuit|23:quick_attack|30:confuse_ray|36:feint_attack|42:mean_look|47:screech|52:moonlight;attract|curse|cut|detect|double_team|dream_eater|endure|flash|frustration|headbutt|hidden_power|hyper_beam|iron_tail|mud_slap|nightmare|protect|psych_up|psychic|rain_dance|rest|return|shadow_ball|sleep_talk|snore|sunny_day|swagger|swift|toxic|zap_cannon;;charm|flail;ground;;;197;Luz Lunar;1;27;negro;12,5;no;Creado cuando la luz lunar alteró la estructura genética de Eevee. Busca presas en la oscuridad.
murkrow;Murkrow;dark|flying;60;85;42;85;42;91;insomnia;super_luck;prankster;medium_slow;81;30;speed:1;1:peck|11:pursuit|16:haze|26:night_shade|31:feint_attack|41:mean_look;attract|curse|detect|double_team|dream_eater|endure|fly|frustration|hidden_power|icy_wind|mud_slap|nightmare|protect|psych_up|rest|return|shadow_ball|sleep_talk|snore|steel_wing|sunny_day|swagger|swift|thief|toxic;;drill_peck|mirror_move|quick_attack|sky_attack|whirlwind|wing_attack;flying;honchkrow@objeto:dusk_stone;;198;Oscuridad;0,5;2,1;negro;50;no;Esconde objetos brillantes en un lugar secreto. Meowth y Murkrow suelen saquear su escondite.
slowking;Slowking;water|psychic;95;75;80;100;110;30;oblivious;own_tempo;regenerator;medium_fast;172;70;sp_defense:2;1:curse|1:tackle|6:growl|15:water_gun|20:confusion|29:disable|34:headbutt|43:swagger|48:psychic;attract|blizzard|curse|dig|double_team|dream_eater|dynamic_punch|earthquake|endure|fire_blast|flash|frustration|fury_cutter|headbutt|hidden_power|hyper_beam|ice_punch|icy_wind|iron_tail|mud_slap|nightmare|protect|psych_up|psychic|rain_dance|rest|return|rock_smash|shadow_ball|sleep_talk|snore|strength|sunny_day|surf|swagger|swift|toxic|whirlpool|zap_cannon;flamethrower|ice_beam;belly_drum|future_sight|safeguard|stomp;monster|water1;;;199;Regio;2;79,5;rosa;50;no;Su intelecto e intuición son increíbles. No pierde la compostura en ninguna situación.
misdreavus;Misdreavus;ghost;60;60;60;85;85;85;levitate;;;fast;87;45;sp_defense:1;1:growl|1:psywave|6:spite|12:confuse_ray|19:mean_look|27:psybeam|36:pain_split|46:perish_song;attract|curse|defense_curl|double_team|dream_eater|endure|flash|frustration|headbutt|hidden_power|nightmare|protect|psych_up|psychic|rain_dance|rest|return|shadow_ball|sleep_talk|snore|sunny_day|swagger|swift|thief|thunder|toxic|zap_cannon;thunderbolt;destiny_bond|screech;indeterminate;mismagius@objeto:dusk_stone;;200;Chirrido;0,7;1;gris;50;no;Se deleita con el miedo, que absorbe con sus esferas rojas. Por el día, duerme en la oscuridad.
unown;Unown;psychic;48;72;48;72;48;48;levitate;;;medium_fast;118;225;attack:1|sp_attack:1;1:hidden_power;;;;no_eggs;;;201;Símbolo;0,5;5;negro;sin_genero;no;Su cuerpo fino y plano aparece siempre en los muros. Su forma parece tener algún significado.
wobbuffet;Wobbuffet;psychic;190;33;58;33;58;33;shadow_tag;;telepathy;medium_fast;142;45;hp:2;1:counter|1:mirror_coat|1:safeguard|1:destiny_bond;;;;indeterminate;;;202;Paciente;1,3;28,5;azul;50;no;Odia la luz y las sacudidas. Si le atacan, infla su cuerpo para aumentar su contraataque.
girafarig;Girafarig;normal|psychic;70;80;65;90;65;85;inner_focus;early_bird;sap_sipper;medium_fast;159;60;sp_attack:2;1:tackle|1:growl|1:confusion|1:stomp|20:agility|30:baton_pass|41:psybeam|54:crunch;attract|curse|double_team|dream_eater|earthquake|endure|frustration|headbutt|hidden_power|iron_tail|mud_slap|nightmare|protect|psych_up|psychic|rest|return|rock_smash|shadow_ball|sleep_talk|snore|strength|sunny_day|swagger|swift|thief|thunder|toxic|zap_cannon;thunderbolt;amnesia|beat_up|foresight|future_sight|take_down;ground;;;203;Gran Cuello;1,5;41,5;amarillo;50;no;Cuando duerme, la cabeza de su cola se queda vigilando, ya que ella no necesita dormir.
pineco;Pineco;bug;50;65;90;35;35;15;sturdy;;overcoat;medium_fast;58;190;defense:1;1:tackle|1:protect|8:self_destruct|15:take_down|22:rapid_spin|29:bide|36:explosion|43:spikes|50:double_edge;attract|curse|defense_curl|double_team|endure|frustration|giga_drain|headbutt|hidden_power|protect|rest|return|rock_smash|rollout|sleep_talk|snore|solar_beam|strength|sunny_day|swagger|sweet_scent|toxic;;flail|pin_missile|reflect|swift;bug;forretress@31;;204;Larva;0,6;7,2;gris;50;no;Le gusta engrosar su coraza añadiendo cortezas de árbol. El aumento de peso no le molesta.
forretress;Forretress;bug|steel;75;90;140;60;60;40;sturdy;;overcoat;medium_fast;163;75;defense:2;1:tackle|1:protect|1:self_destruct|15:take_down|22:rapid_spin|29:bide|39:explosion|49:spikes|59:double_edge;attract|curse|defense_curl|double_team|endure|frustration|giga_drain|headbutt|hidden_power|hyper_beam|protect|rest|return|rock_smash|rollout|sandstorm|sleep_talk|snore|solar_beam|strength|sunny_day|swagger|sweet_scent|toxic;;flail|pin_missile|reflect|swift;bug;;;205;Larva;1,2;125,8;morado;50;no;Se protege con su concha de acero de tal manera que solo se pueden ver sus ojos.
dunsparce;Dunsparce;normal;100;70;70;65;65;45;serene_grace;run_away;rattled;medium_fast;145;190;hp:1;1:rage|5:defense_curl|13:glare|18:spite|26:pursuit|30:screech|38:take_down;attract|curse|defense_curl|dig|double_team|dream_eater|endure|frustration|headbutt|hidden_power|iron_tail|mud_slap|nightmare|protect|psych_up|rain_dance|rest|return|rock_smash|rollout|sleep_talk|snore|solar_beam|strength|sunny_day|swagger|thief|thunder|toxic|zap_cannon;flamethrower|thunderbolt;ancient_power|bide|bite|rage|rock_slide;ground;;;206;Serpiente Tierra;1,5;14;amarillo;50;no;Este Pokémon escapa hacia atrás perforando el suelo con su cola, si es descubierto.
gligar;Gligar;ground|flying;65;75;105;35;65;85;hyper_cutter;sand_veil;immunity;medium_slow;86;60;defense:1;1:poison_sting|6:sand_attack|13:harden|20:quick_attack|28:feint_attack|36:slash|44:screech|52:guillotine;attract|curse|cut|detect|double_team|endure|frustration|fury_cutter|headbutt|hidden_power|iron_tail|protect|rest|return|rock_smash|sandstorm|sleep_talk|sludge_bomb|snore|strength|sunny_day|swagger|swift|thief|toxic;;counter|metal_claw|razor_wind|wing_attack;bug;gliscor@subir+hora:noche+lleva:razor_fang;;207;Escorpiala;1,1;64,8;morado;50;no;A veces se sujeta a los precipicios. Cuando divisa una presa, despliega sus alas y planea para atacar.
steelix;Steelix;steel|ground;75;85;200;55;65;30;rock_head;sturdy;sheer_force;medium_fast;179;25;defense:2;1:tackle|1:screech|10:bind|14:rock_throw|23:harden|27:rage|36:sandstorm|40:slam|49:crunch;attract|curse|cut|defense_curl|dig|double_team|dragon_breath|earthquake|endure|frustration|headbutt|hidden_power|hyper_beam|iron_tail|mud_slap|protect|rest|return|roar|rock_smash|rollout|sandstorm|sleep_talk|snore|strength|sunny_day|swagger|toxic;;flail|rock_slide;mineral;;;208;Serpiente Férrea;9,2;400;gris;50;no;Su cuerpo es más duro que cualquier metal debido a la gran presión y calor de su hábitat.
snubbull;Snubbull;fairy;60;80;50;40;40;30;intimidate;run_away;rattled;fast;60;190;attack:1;1:tackle|1:scary_face|4:tail_whip|8:charm|13:bite|19:lick|26:roar|34:rage|37:play_rough|43:take_down;attract|curse|defense_curl|detect|double_team|dynamic_punch|endure|fire_punch|frustration|headbutt|hidden_power|ice_punch|mud_slap|protect|rain_dance|rest|return|roar|rock_smash|shadow_ball|sleep_talk|sludge_bomb|snore|strength|sunny_day|swagger|thief|thunder|thunder_punch|toxic|zap_cannon;thunderbolt;crunch|feint_attack|heal_bell|leer|lick|metronome|present|reflect;ground|fairy;granbull@23;;209;Hada;0,6;7,8;rosa;75;no;Muy travieso por naturaleza, a muchas mujeres les gusta jugar con él porque es muy cariñoso.
granbull;Granbull;fairy;90;120;75;60;60;45;intimidate;quick_feet;rattled;fast;158;75;attack:2;1:tackle|1:scary_face|4:tail_whip|8:charm|13:bite|19:lick|28:roar|38:rage|43:play_rough|51:take_down;attract|curse|defense_curl|detect|double_team|dynamic_punch|endure|fire_punch|frustration|headbutt|hidden_power|hyper_beam|ice_punch|mud_slap|protect|rain_dance|rest|return|roar|rock_smash|shadow_ball|sleep_talk|sludge_bomb|snore|strength|sunny_day|swagger|thief|thunder|thunder_punch|toxic|zap_cannon;thunderbolt;crunch|feint_attack|heal_bell|leer|lick|metronome|present|reflect;ground|fairy;;;210;Hada;1,4;48,7;morado;75;no;A pesar de su aspecto, es muy tímido. Sin embargo, cuando se enfada, ataca con sus colmillos.
qwilfish;Qwilfish;water|poison;65;95;85;55;55;85;poison_point;swift_swim;intimidate;medium_fast;88;45;attack:1;1:spikes|1:tackle|1:poison_sting|10:harden|10:minimize|19:water_gun|28:pin_missile|37:take_down|46:hydro_pump;attract|blizzard|curse|defense_curl|double_team|endure|frustration|headbutt|hidden_power|icy_wind|protect|rain_dance|rest|return|rollout|sleep_talk|sludge_bomb|snore|surf|swagger|swift|toxic|waterfall|whirlpool;ice_beam;bubble_beam|flail|haze|supersonic;water2;;;211;Globo;0,5;3,9;gris;50;no;Para arrojar sus venenosas púas, infla su cuerpo bebiendo hasta diez litros de agua de una sola vez.
scizor;Scizor;bug|steel;70;130;100;55;80;65;swarm;technician;light_metal;medium_fast;175;25;attack:2;1:quick_attack|1:leer|6:focus_energy|12:pursuit|18:false_swipe|24:agility|30:metal_claw|36:slash|42:swords_dance|48:double_team;attract|curse|cut|detect|double_team|endure|frustration|fury_cutter|headbutt|hidden_power|hyper_beam|protect|rest|return|rock_smash|sandstorm|sleep_talk|snore|steel_wing|strength|sunny_day|swagger|swift|thief|toxic;;baton_pass|counter|light_screen|razor_wind|reversal|safeguard;bug;;;212;Tenaza;1,8;118;rojo;50;no;Las pinzas que posee tienen acero. Con ellas, no hay nada que se le resista. Rompen todo lo que pillan.
shuckle;Shuckle;bug|rock;20;10;230;10;230;5;sturdy;gluttony;contrary;medium_slow;177;190;defense:1|sp_defense:1;1:constrict|1:withdraw|9:wrap|14:encore|23:safeguard|28:bide|37:rest;attract|curse|defense_curl|dig|double_team|earthquake|endure|flash|frustration|headbutt|hidden_power|mud_slap|protect|rest|return|rock_smash|rollout|sandstorm|sleep_talk|sludge_bomb|snore|strength|sunny_day|swagger|toxic;;sweet_scent;bug;;;213;Moho;0,6;20,5;amarillo;50;no;Las bayas que almacena en su caparazón con forma de tarro se convierten al final en un espeso zumo.
heracross;Heracross;bug|fighting;80;125;75;40;95;85;swarm;guts;moxie;slow;175;45;attack:2;1:tackle|1:leer|6:horn_attack|12:endure|19:fury_attack|27:counter|35:take_down|44:reversal|54:megahorn;attract|curse|cut|detect|double_team|earthquake|endure|frustration|fury_cutter|headbutt|hidden_power|protect|rest|return|rock_smash|sleep_talk|snore|strength|sunny_day|swagger|thief|toxic;;bide|flail|harden;bug;;;214;Cuerno;1,5;54;azul;50;no;Este fuerte Pokémon clava su preciado cuerno en la tripa del enemigo, lo eleva y luego lo arroja.
sneasel;Sneasel;dark|ice;55;95;55;35;75;115;inner_focus;keen_eye;pickpocket;medium_slow;86;60;speed:1;1:scratch|1:leer|9:quick_attack|17:screech|25:feint_attack|33:fury_swipes|41:agility|49:slash|57:beat_up|65:metal_claw;attract|blizzard|curse|cut|defense_curl|detect|dig|double_team|dream_eater|dynamic_punch|endure|frustration|fury_cutter|headbutt|hidden_power|ice_punch|icy_wind|iron_tail|mud_slap|nightmare|protect|psych_up|rain_dance|rest|return|rock_smash|shadow_ball|sleep_talk|snore|strength|surf|swagger|swift|thief|toxic;ice_beam;bite|counter|foresight|reflect|spite;ground;weavile@subir+hora:noche+lleva:razor_claw;;215;Garra Filo;0,9;28;negro;50;no;Se alimenta de huevos robados en nidos. Clava sus afiladas garras en los puntos débiles de sus rivales.
teddiursa;Teddiursa;normal;60;80;50;50;50;40;pickup;quick_feet;honey_gather;medium_fast;66;120;attack:1;1:scratch|1:leer|8:lick|15:fury_swipes|22:feint_attack|29:rest|36:slash|43:snore|50:thrash;attract|curse|cut|defense_curl|dig|double_team|dynamic_punch|earthquake|endure|fire_punch|frustration|fury_cutter|headbutt|hidden_power|ice_punch|mud_slap|protect|rest|return|roar|rock_smash|rollout|sleep_talk|snore|strength|sunny_day|swagger|swift|thief|thunder_punch|toxic|zap_cannon;;counter|crunch|focus_energy|metal_claw|seismic_toss|take_down;ground;ursaring@30;;216;Osito;0,6;8,8;marrón;50;no;Si encuentra miel, brillará la marca de su frente. Se lame las garras cuando están llenas de miel.
ursaring;Ursaring;normal;90;130;75;75;75;55;guts;quick_feet;unnerve;medium_fast;175;60;attack:2;1:scratch|1:leer|1:lick|1:fury_swipes|22:feint_attack|29:rest|39:slash|49:snore|59:thrash;attract|curse|cut|defense_curl|dig|double_team|dynamic_punch|earthquake|endure|fire_punch|frustration|fury_cutter|headbutt|hidden_power|hyper_beam|ice_punch|mud_slap|protect|rest|return|roar|rock_smash|rollout|sleep_talk|snore|strength|sunny_day|swagger|swift|thief|thunder_punch|toxic|zap_cannon;;counter|crunch|focus_energy|metal_claw|seismic_toss|take_down;ground;;;217;Hibernante;1,8;125,8;marrón;50;no;Capaz de percibir cualquier tipo de aroma, encuentra sin problemas todo alimento enterrado bajo tierra.
slugma;Slugma;fire;40;40;40;70;40;20;magma_armor;flame_body;weak_armor;medium_fast;50;190;sp_attack:1;1:smog|8:ember|15:rock_throw|22:harden|29:amnesia|36:flamethrower|43:rock_slide|50:body_slam;attract|curse|defense_curl|double_team|endure|fire_blast|frustration|hidden_power|mud_slap|protect|rest|return|rock_smash|rollout|sleep_talk|snore|sunny_day|swagger|toxic;flamethrower;acid_armor;indeterminate;magcargo@38;;218;Lava;0,7;35;rojo;50;no;Asiduo a las zonas volcánicas, se desliza lentamente en busca de lugares calientes.
magcargo;Magcargo;fire|rock;60;50;120;90;80;30;magma_armor;flame_body;weak_armor;medium_fast;151;75;defense:2;1:smog|1:ember|1:rock_throw|22:harden|29:amnesia|36:flamethrower|48:rock_slide|60:body_slam;attract|curse|defense_curl|double_team|earthquake|endure|fire_blast|frustration|hidden_power|hyper_beam|mud_slap|protect|rest|return|rock_smash|rollout|sleep_talk|snore|strength|sunny_day|swagger|toxic;flamethrower;acid_armor;indeterminate;;;219;Lava;0,8;55;rojo;50;no;En ocasiones, su resbaladiza concha lanza intensas llamaradas que recorren todo su cuerpo.
swinub;Swinub;ice|ground;50;50;40;30;30;50;oblivious;snow_cloak;thick_fat;slow;50;225;attack:1;1:tackle|10:powder_snow|19:endure|28:take_down|37:mist|46:blizzard|55:amnesia;attract|blizzard|curse|defense_curl|detect|double_team|earthquake|endure|frustration|headbutt|hidden_power|icy_wind|mud_slap|protect|rain_dance|rest|return|roar|rock_smash|sleep_talk|snore|strength|swagger|toxic;ice_beam;ancient_power|bite|body_slam|rock_slide|take_down;ground;piloswine@33;;220;Cerdo;0,4;6,5;marrón;50;no;Frota su hocico contra el suelo para desenterrar comida. A veces descubre aguas termales.
piloswine;Piloswine;ice|ground;100;100;80;60;60;50;oblivious;snow_cloak;thick_fat;slow;158;75;hp:1|attack:1;1:horn_attack|1:powder_snow|1:endure|28:take_down|33:fury_attack|42:mist|56:blizzard|70:amnesia;attract|blizzard|curse|defense_curl|detect|double_team|earthquake|endure|frustration|headbutt|hidden_power|hyper_beam|icy_wind|mud_slap|protect|rain_dance|rest|return|roar|rock_smash|sleep_talk|snore|strength|swagger|toxic;ice_beam;ancient_power|bite|body_slam|rock_slide|take_down;ground;mamoswine@subir+sabe:ancient_power;;221;Puerco;1,1;55,8;marrón;50;no;Aunque tiene las patas cortas, las fuertes pezuñas le permiten agarrarse bien al suelo, a pesar del hielo.
corsola;Corsola;water|rock;65;55;95;65;95;35;hustle;natural_cure;regenerator;fast;144;60;defense:1|sp_defense:1;1:tackle|7:harden|13:bubble|19:recover|25:bubble_beam|31:spike_cannon|37:mirror_coat|43:ancient_power;attract|curse|defense_curl|double_team|earthquake|endure|frustration|headbutt|hidden_power|mud_slap|protect|psychic|rain_dance|rest|return|rock_smash|rollout|sandstorm|sleep_talk|snore|strength|sunny_day|surf|swagger|toxic|whirlpool;ice_beam;amnesia|mist|rock_slide|safeguard|screech;water1|water3;;;222;Coral;0,6;5;rosa;75;no;Crece y muda continuamente. La parte superior de su cabeza es muy apreciada por su belleza.
remoraid;Remoraid;water;35;65;35;65;35;65;hustle;sniper;moody;medium_fast;60;190;sp_attack:1;1:water_gun|11:lock_on|22:psybeam|22:aurora_beam|22:bubble_beam|33:focus_energy|44:ice_beam|55:hyper_beam;attract|curse|defense_curl|double_team|endure|frustration|hidden_power|hyper_beam|mud_slap|protect|rain_dance|rest|return|sleep_talk|snore|surf|swagger|swift|thief|toxic|whirlpool;flamethrower|ice_beam;aurora_beam|haze|octazooka|screech|supersonic;water1|water2;octillery@25;;223;Reactor;0,6;12;gris;50;no;Tiene muy buena puntería. Dispara agua a sus presas, hasta si se están moviendo, a más de 100 metros.
octillery;Octillery;water;75;105;75;105;75;45;suction_cups;sniper;moody;medium_fast;168;75;attack:1|sp_attack:1;1:water_gun|11:constrict|22:psybeam|22:aurora_beam|22:bubble_beam|25:octazooka|38:focus_energy|54:ice_beam|70:hyper_beam;attract|curse|defense_curl|double_team|endure|frustration|hidden_power|hyper_beam|mud_slap|protect|rain_dance|rest|return|sleep_talk|snore|surf|swagger|swift|thief|toxic|whirlpool;flamethrower|ice_beam;aurora_beam|haze|octazooka|screech|supersonic;water1|water2;;;224;Reactor;0,9;28,5;rojo;50;no;Tiene querencia por los agujeros. Ataca escupiendo tinta metido en las grietas de rocas o en recipientes.
delibird;Delibird;ice|flying;45;55;45;65;45;75;vital_spirit;hustle;insomnia;fast;116;45;speed:1;1:present;attract|blizzard|curse|detect|double_team|endure|fly|frustration|headbutt|hidden_power|icy_wind|mud_slap|protect|rain_dance|rest|return|sleep_talk|snore|swagger|swift|thief|toxic;ice_beam;aurora_beam|future_sight|quick_attack|rapid_spin|splash;water1|ground;;;225;Reparto;0,9;16;rojo;50;no;Transporta alimentos en su cola enrollada. Le gusta compartir su comida con los montañistas perdidos.
mantine;Mantine;water|flying;85;40;70;80;140;70;swift_swim;water_absorb;water_veil;slow;170;25;sp_defense:2;1:tackle|1:bubble|10:supersonic|18:bubble_beam|25:take_down|32:agility|40:wing_attack|49:confuse_ray;attract|blizzard|curse|double_team|endure|frustration|headbutt|hidden_power|icy_wind|mud_slap|protect|rain_dance|rest|return|sleep_talk|snore|surf|swagger|swift|toxic|waterfall|whirlpool;ice_beam;haze|hydro_pump|slam|twister;water1;;;226;Milano;2,1;220;morado;50;no;Acumula velocidad nadando y puede saltar fuera del agua, alcanzando 100 metros de altura, para descender luego planeando.
skarmory;Skarmory;steel|flying;65;80;140;40;70;70;keen_eye;sturdy;weak_armor;slow;163;25;defense:2;1:leer|1:peck|13:sand_attack|19:swift|25:agility|37:fury_attack|49:steel_wing;attract|curse|cut|detect|double_team|endure|fly|frustration|hidden_power|mud_slap|protect|rest|return|sandstorm|sleep_talk|snore|steel_wing|sunny_day|swagger|swift|thief|toxic;;drill_peck|pursuit|sky_attack|whirlwind;flying;;;227;Coraza Ave;1,7;50,5;gris;50;no;Después de anidar en zarzas, las alas de sus polluelos crecen fortalecidas por los rasguños.
houndour;Houndour;dark|fire;45;60;30;80;50;65;early_bird;flash_fire;unnerve;slow;66;120;sp_attack:1;1:leer|1:ember|7:roar|13:smog|20:bite|27:feint_attack|35:flamethrower|43:crunch;attract|curse|detect|double_team|dream_eater|endure|fire_blast|frustration|headbutt|hidden_power|iron_tail|mud_slap|nightmare|protect|rest|return|roar|rock_smash|shadow_ball|sleep_talk|sludge_bomb|snore|solar_beam|sunny_day|swagger|swift|thief|toxic;flamethrower;beat_up|counter|fire_spin|pursuit|rage|reversal|spite;ground;houndoom@24;;228;Siniestro;0,6;10,8;negro;50;no;Al amanecer, resuena por la zona su inquietante aullido para anunciar que es su territorio.
houndoom;Houndoom;dark|fire;75;90;50;110;80;95;early_bird;flash_fire;unnerve;slow;175;45;sp_attack:2;1:leer|1:ember|7:roar|13:smog|20:bite|30:feint_attack|41:flamethrower|52:crunch;attract|curse|detect|double_team|dream_eater|endure|fire_blast|frustration|headbutt|hidden_power|hyper_beam|iron_tail|mud_slap|nightmare|protect|rest|return|roar|rock_smash|shadow_ball|sleep_talk|sludge_bomb|snore|solar_beam|strength|sunny_day|swagger|swift|thief|toxic;flamethrower;beat_up|counter|fire_spin|pursuit|rage|reversal|spite;ground;;;229;Siniestro;1,4;35;negro;50;no;Hace mucho, la gente creía que sus horripilantes aullidos eran de la muerte personificada.
kingdra;Kingdra;water|dragon;75;95;95;95;95;85;swift_swim;sniper;damp;medium_fast;243;45;attack:1|sp_attack:1|sp_defense:1;1:bubble|1:smokescreen|1:leer|1:water_gun|29:twister|40:agility|51:hydro_pump;attract|blizzard|curse|double_team|dragon_breath|endure|frustration|headbutt|hidden_power|hyper_beam|icy_wind|protect|rain_dance|rest|return|sleep_talk|snore|surf|swagger|swift|toxic|waterfall|whirlpool;ice_beam;aurora_beam|disable|dragon_rage|flail|octazooka|splash;water1|dragon;;;230;Dragón;1,8;152;azul;50;no;Dicen que suele esconderse en cuevas submarinas. Puede crear torbellinos al bostezar.
phanpy;Phanpy;ground;90;60;60;40;40;40;pickup;;sand_veil;medium_fast;66;120;hp:1;1:tackle|1:growl|9:defense_curl|17:flail|25:take_down|33:rollout|41:endure|49:double_edge;attract|curse|defense_curl|double_team|earthquake|endure|frustration|headbutt|hidden_power|mud_slap|protect|rest|return|roar|rock_smash|rollout|sandstorm|sleep_talk|snore|strength|sunny_day|swagger|toxic;;ancient_power|body_slam|focus_energy|water_gun;ground;donphan@25;;231;Narizotas;0,5;33,5;azul;50;no;Como muestra de afecto, golpea con su trompa. Aunque es tan fuerte que te mandará lejos.
donphan;Donphan;ground;90;120;120;60;60;50;sturdy;;sand_veil;medium_fast;175;60;attack:1|defense:1;1:horn_attack|1:growl|9:defense_curl|17:flail|25:fury_attack|33:rollout|41:rapid_spin|49:earthquake;attract|curse|defense_curl|double_team|earthquake|endure|frustration|headbutt|hidden_power|hyper_beam|mud_slap|protect|rest|return|roar|rock_smash|rollout|sandstorm|sleep_talk|snore|strength|sunny_day|swagger|toxic;;ancient_power|body_slam|focus_energy|water_gun;ground;;;232;Coraza;1,1;120;gris;50;no;Tiene afilados y duros colmillos, y una gruesa piel. Su Placaje es tan fuerte que puede derribar una casa.
porygon2;Porygon2;normal;85;80;90;105;95;60;trace;download;analytic;medium_fast;180;45;sp_attack:2;1:conversion_2|1:tackle|1:conversion|9:agility|12:psybeam|20:recover|24:defense_curl|32:lock_on|36:tri_attack|44:zap_cannon;blizzard|curse|defense_curl|double_team|dream_eater|endure|flash|frustration|hidden_power|hyper_beam|icy_wind|iron_tail|nightmare|protect|psych_up|psychic|rain_dance|rest|return|sleep_talk|snore|sunny_day|swagger|swift|thief|thunder|toxic|zap_cannon;ice_beam|thunderbolt;;mineral;porygon_z@intercambio:dubious_disc;;233;Virtual;0,6;32,5;rojo;sin_genero;no;La investigación mejoró sus habilidades. A veces, puede actuar de forma no programada.
stantler;Stantler;normal;73;95;62;85;65;85;intimidate;frisk;sap_sipper;slow;163;45;attack:1;1:tackle|8:leer|15:hypnosis|23:stomp|31:sand_attack|40:take_down|49:confuse_ray;attract|curse|detect|double_team|dream_eater|earthquake|endure|flash|frustration|headbutt|hidden_power|mud_slap|nightmare|protect|psych_up|psychic|rain_dance|rest|return|roar|sleep_talk|snore|sunny_day|swagger|swift|thief|toxic;;bite|disable|light_screen|reflect|spite;ground;;;234;Gran Cuerno;1,4;71,2;marrón;50;no;Mirar a su cornamenta provoca una extraña sensación de pérdida de equilibrio.
smeargle;Smeargle;normal;55;20;35;20;45;75;own_tempo;technician;moody;fast;88;45;speed:1;1:sketch;;;;ground;;;235;Pintor;1,2;58;blanco;50;no;Marca su territorio usando su cola a modo de pincel. Ha hecho más de 5000 marcas diferentes.
tyrogue;Tyrogue;fighting;35;35;35;35;35;35;guts;steadfast;vital_spirit;medium_fast;42;75;attack:1;1:tackle;attract|curse|detect|double_team|endure|frustration|headbutt|hidden_power|mud_slap|protect|rest|return|rock_smash|sleep_talk|snore|strength|sunny_day|swagger|swift|thief|toxic;;high_jump_kick|mach_punch|mind_reader|rapid_spin;no_eggs;hitmonlee@20+stats:atq>def|hitmonchan@20+stats:atq<def|hitmontop@20+stats:atq=def;;236;Peleón;0,7;21;morado;0;no;Ataca siempre con mucha energía. Para fortalecerse a sí mismo, sigue luchando aunque pierda.
hitmontop;Hitmontop;fighting;50;95;95;35;110;70;intimidate;technician;steadfast;medium_fast;159;45;sp_defense:2;1:rolling_kick|7:focus_energy|13:pursuit|19:quick_attack|25:rapid_spin|31:counter|37:agility|43:detect|49:triple_kick;attract|curse|detect|dig|double_team|endure|frustration|headbutt|hidden_power|mud_slap|protect|rest|return|rock_smash|sleep_talk|snore|strength|sunny_day|swagger|swift|thief|toxic;;high_jump_kick|mach_punch|mind_reader|rapid_spin;humanshape;;;237;Boca Abajo;1,4;48;marrón;0;no;Gira a gran velocidad al luchar. La fuerza centrífuga multiplica su poder de destrucción por diez.
smoochum;Smoochum;ice|psychic;45;30;15;85;65;65;oblivious;forewarn;hydration;medium_fast;61;45;sp_attack:1;1:pound|1:lick|9:sweet_kiss|13:powder_snow|21:confusion|25:sing|33:mean_look|37:psychic|45:perish_song|49:blizzard;attract|blizzard|curse|double_team|dream_eater|dynamic_punch|endure|frustration|hidden_power|ice_punch|icy_wind|mud_slap|nightmare|protect|psych_up|psychic|rain_dance|rest|return|shadow_ball|sleep_talk|snore|swagger|sweet_scent|thief|toxic;ice_beam;meditate;no_eggs;jynx@30;;238;Beso;0,4;6;rosa;100;no;Sus labios son la parte más sensible de su cuerpo. Siempre los usa para examinar las cosas.
elekid;Elekid;electric;45;63;37;65;55;95;static;;vital_spirit;medium_fast;72;45;speed:1;1:quick_attack|1:leer|9:thunder_punch|17:light_screen|25:swift|33:screech|41:thunderbolt|49:thunder;attract|curse|detect|double_team|dynamic_punch|endure|fire_punch|flash|frustration|headbutt|hidden_power|ice_punch|mud_slap|protect|psychic|rain_dance|rest|return|sleep_talk|snore|swagger|swift|thief|thunder|thunder_punch|toxic|zap_cannon;thunderbolt;barrier|cross_chop|karate_chop|meditate|rolling_kick;no_eggs;electabuzz@30;;239;Eléctrico;0,6;23,5;amarillo;25;no;Genera electricidad girando los brazos. No obstante, es incapaz de almacenar la energía creada.
magby;Magby;fire;45;75;37;70;55;83;flame_body;;vital_spirit;medium_fast;73;45;speed:1;1:ember|7:leer|13:smog|19:fire_punch|25:smokescreen|31:sunny_day|37:flamethrower|43:confuse_ray|49:fire_blast;attract|curse|detect|double_team|dynamic_punch|endure|fire_blast|fire_punch|frustration|headbutt|hidden_power|iron_tail|mud_slap|protect|psychic|rest|return|sleep_talk|snore|sunny_day|swagger|thief|thunder_punch|toxic;flamethrower;barrier|cross_chop|karate_chop|mega_punch|screech;no_eggs;magmar@30;;240;Ascuas;0,7;21,4;rojo;25;no;Es pequeño, pero su cuerpo puede llegar a alcanzar 600 °C. Cuando inspira y espira, expulsa llamas por la nariz y por la boca.
miltank;Miltank;normal;95;80;105;40;70;100;thick_fat;scrappy;sap_sipper;slow;172;45;defense:2;1:tackle|4:growl|8:defense_curl|13:stomp|19:milk_drink|26:bide|34:rollout|43:body_slam|53:heal_bell;attract|blizzard|curse|defense_curl|double_team|dynamic_punch|earthquake|endure|fire_punch|frustration|headbutt|hidden_power|hyper_beam|ice_punch|icy_wind|iron_tail|mud_slap|protect|psych_up|rain_dance|rest|return|rock_smash|rollout|sandstorm|shadow_ball|sleep_talk|snore|strength|sunny_day|surf|swagger|sweet_scent|thunder|thunder_punch|toxic|zap_cannon;ice_beam|thunderbolt;present|reversal|seismic_toss;ground;;;241;Lechera;1,2;75,5;rosa;100;no;Si tiene crías, la leche que produce contiene muchos más nutrientes de lo normal.
blissey;Blissey;normal;255;10;10;75;135;55;natural_cure;serene_grace;healer;fast;608;30;hp:3;1:pound|4:growl|7:tail_whip|10:soft_boiled|13:double_slap|18:minimize|23:sing|28:egg_bomb|33:defense_curl|40:light_screen|47:double_edge;attract|blizzard|curse|defense_curl|double_team|dream_eater|dynamic_punch|endure|fire_blast|flash|frustration|headbutt|hidden_power|hyper_beam|icy_wind|mud_slap|protect|psychic|rain_dance|rest|return|rock_smash|rollout|sandstorm|shadow_ball|sleep_talk|snore|solar_beam|strength|sunny_day|swagger|thunder|toxic|zap_cannon;flamethrower|ice_beam|thunderbolt;aromatherapy|counter|gravity|heal_bell|helping_hand|last_resort|metronome|present|substitute;fairy;;;242;Felicidad;1,5;46,8;rosa;100;no;Los huevos que pone están llenos de felicidad. Solo con probar un poquito de uno, cualquiera sonríe.
raikou;Raikou;electric;90;85;75;115;100;115;pressure;;inner_focus;slow;261;3;sp_attack:1|speed:2;1:bite|1:leer|11:thunder_shock|21:roar|31:quick_attack|41:spark|51:reflect|61:crunch|71:thunder;curse|cut|detect|dig|double_team|endure|flash|frustration|headbutt|hidden_power|hyper_beam|iron_tail|mud_slap|protect|psych_up|rain_dance|rest|return|roar|rock_smash|sandstorm|sleep_talk|snore|strength|sunny_day|swagger|swift|thunder|toxic|zap_cannon;thunderbolt;;no_eggs;;;243;Trueno;1,9;178;amarillo;sin_genero;si;Las nubes de lluvia que lleva le permiten lanzar rayos a voluntad. Dicen que apareció con un rayo.
entei;Entei;fire;115;115;85;90;75;100;pressure;;inner_focus;slow;261;3;hp:1|attack:2;1:bite|1:leer|11:ember|21:roar|31:fire_spin|41:stomp|51:flamethrower|61:swagger|71:fire_blast;curse|cut|detect|dig|double_team|endure|fire_blast|flash|frustration|headbutt|hidden_power|hyper_beam|iron_tail|mud_slap|protect|psych_up|rain_dance|rest|return|roar|rock_smash|sandstorm|sleep_talk|snore|solar_beam|strength|sunny_day|swagger|swift|toxic;flamethrower;;no_eggs;;;244;Volcán;2,1;198;marrón;sin_genero;si;Un Pokémon que corre por la tierra. Dicen que siempre nace uno cuando aparece un nuevo volcán.
suicune;Suicune;water;100;75;115;90;115;85;pressure;;inner_focus;slow;261;3;defense:1|sp_defense:2;1:bite|1:leer|11:bubble_beam|21:rain_dance|31:gust|41:aurora_beam|51:mist|61:mirror_coat|71:hydro_pump;blizzard|curse|cut|detect|dig|double_team|endure|frustration|headbutt|hidden_power|hyper_beam|icy_wind|iron_tail|mud_slap|protect|psych_up|rain_dance|rest|return|roar|rock_smash|sandstorm|sleep_talk|snore|sunny_day|surf|swagger|swift|toxic|waterfall|whirlpool;ice_beam;;no_eggs;;;245;Aurora;2;187;azul;sin_genero;si;Recorre el mundo para purificar agua contaminada. Corre veloz con el viento del norte.
larvitar;Larvitar;rock|ground;50;64;50;45;50;41;guts;;sand_veil;slow;60;45;attack:1;1:bite|1:leer|8:sandstorm|15:screech|22:rock_slide|29:thrash|36:scary_face|43:crunch|50:earthquake|57:hyper_beam;attract|curse|detect|dig|double_team|earthquake|endure|frustration|headbutt|hidden_power|hyper_beam|mud_slap|protect|rain_dance|rest|return|sandstorm|sleep_talk|snore|sunny_day|swagger|toxic;;ancient_power|focus_energy|outrage|pursuit|stomp;monster;pupitar@30;;246;Piel Roca;0,6;72;verde;50;no;Se alimenta de tierra. Después de comer una gran montaña, se duerme y empieza a crecer.
pupitar;Pupitar;rock|ground;70;84;70;65;70;51;shed_skin;;;slow;144;45;attack:2;1:bite|1:leer|1:sandstorm|1:screech|22:rock_slide|29:thrash|38:scary_face|47:crunch|56:earthquake|65:hyper_beam;attract|curse|detect|dig|double_team|earthquake|endure|frustration|headbutt|hidden_power|hyper_beam|mud_slap|protect|rain_dance|rest|return|sandstorm|sleep_talk|snore|sunny_day|swagger|toxic;;ancient_power|focus_energy|outrage|pursuit|stomp;monster;tyranitar@55;;247;Caparazón;1,2;152;gris;50;no;Su cuerpo es duro como la roca. Se autopropulsa como un cohete soltando los gases de su interior.
tyranitar;Tyranitar;rock|dark;100;134;110;95;100;61;sand_stream;;unnerve;slow;270;45;attack:3;1:bite|1:leer|1:sandstorm|1:screech|22:rock_slide|29:thrash|38:scary_face|47:crunch|61:earthquake|75:hyper_beam;attract|curse|cut|detect|dig|double_team|dragon_breath|dynamic_punch|earthquake|endure|fire_blast|fire_punch|frustration|fury_cutter|headbutt|hidden_power|hyper_beam|iron_tail|mud_slap|nightmare|protect|rain_dance|rest|return|roar|rock_smash|sandstorm|sleep_talk|snore|strength|sunny_day|surf|swagger|toxic;flamethrower|ice_beam|thunderbolt;ancient_power|focus_energy|outrage|pursuit|stomp;monster;;;248;Coraza;2;202;verde;50;no;En una de sus poderosas garras tiene el poder de hacer temblar la tierra y las montañas.
lugia;Lugia;psychic|flying;106;90;130;90;154;110;pressure;;multiscale;slow;306;3;sp_defense:3;1:aeroblast|11:safeguard|22:gust|33:recover|44:hydro_pump|55:rain_dance|66:swift|77:whirlwind|88:ancient_power|99:future_sight;blizzard|curse|detect|double_team|dragon_breath|dream_eater|earthquake|endure|fly|frustration|giga_drain|headbutt|hidden_power|hyper_beam|icy_wind|iron_tail|mud_slap|nightmare|protect|psych_up|psychic|rain_dance|rest|return|roar|rock_smash|sandstorm|shadow_ball|sleep_talk|snore|steel_wing|strength|sunny_day|surf|swagger|swift|thunder|toxic|waterfall|whirlpool|zap_cannon;ice_beam|thunderbolt;;no_eggs;;;249;Buceo;5,2;216;blanco;sin_genero;si;Duerme en una dorsal marina. Si bate sus alas, puede causar tormentas de 40 días.
ho_oh;Ho-Oh;fire|flying;106;130;90;110;154;90;pressure;;regenerator;slow;306;3;sp_defense:3;1:sacred_fire|11:safeguard|22:gust|33:recover|44:fire_blast|55:sunny_day|66:swift|77:whirlwind|88:ancient_power|99:future_sight;curse|detect|double_team|dragon_breath|dream_eater|earthquake|endure|fire_blast|flash|fly|frustration|giga_drain|hidden_power|hyper_beam|mud_slap|nightmare|protect|psych_up|psychic|rain_dance|rest|return|roar|rock_smash|sandstorm|shadow_ball|sleep_talk|snore|solar_beam|steel_wing|strength|sunny_day|swagger|swift|thunder|toxic|zap_cannon;flamethrower|thunderbolt;;no_eggs;;;250;Arcoíris;3,8;199;rojo;sin_genero;si;Cuenta la leyenda que brilla en siete colores. Dicen que deja un arcoíris tras de sí al volar.
celebi;Celebi;psychic|grass;100;100;100;100;100;100;natural_cure;;;medium_slow;270;45;hp:3;1:leech_seed|1:confusion|1:recover|1:heal_bell|10:safeguard|20:ancient_power|30:future_sight|40:baton_pass|50:perish_song;curse|defense_curl|detect|double_team|dream_eater|endure|flash|frustration|giga_drain|hidden_power|hyper_beam|mud_slap|nightmare|protect|psych_up|psychic|rain_dance|rest|return|sandstorm|shadow_ball|sleep_talk|snore|solar_beam|sunny_day|swagger|sweet_scent|swift|toxic;;;no_eggs;;;251;Viajetiempo;0,6;5;verde;sin_genero;si;Este Pokémon vaga por el tiempo. La hierba y los árboles crecen por los campos por donde pasa.
treecko;Treecko;grass;40;45;35;65;55;70;overgrow;;unburden;medium_slow;62;45;speed:1;1:pound|1:leer|6:absorb|11:quick_attack|16:pursuit|21:screech|26:mega_drain|31:agility|36:slam|41:detect|46:giga_drain;aerial_ace|attract|brick_break|bullet_seed|cut|dig|double_team|facade|flash|focus_punch|frustration|giga_drain|hidden_power|iron_tail|protect|rest|return|rock_smash|rock_tomb|safeguard|secret_power|solar_beam|strength|sunny_day|toxic;body_slam|counter|double_edge|dynamic_punch|endure|fury_cutter|mega_kick|mega_punch|mimic|mud_slap|seismic_toss|sleep_talk|snore|substitute|swagger|swift|swords_dance|thunder_punch;crunch|crush_claw|dragon_breath|endeavor|leech_seed|mud_sport;monster|dragon;grovyle@16;;252;Geco Bosque;0,5;5;verde;12,5;no;Escala superficies verticales muy rápido. Con la cola detecta la humedad y prevé el tiempo que va a hacer.
grovyle;Grovyle;grass;50;65;45;85;65;95;overgrow;;unburden;medium_slow;142;45;speed:2;1:pound|1:leer|1:absorb|1:quick_attack|16:fury_cutter|17:pursuit|23:screech|29:leaf_blade|35:agility|41:slam|47:detect|53:false_swipe;aerial_ace|attract|brick_break|bullet_seed|cut|dig|double_team|facade|flash|focus_punch|frustration|giga_drain|hidden_power|iron_tail|protect|rest|return|rock_smash|rock_tomb|safeguard|secret_power|solar_beam|strength|sunny_day|toxic;body_slam|counter|double_edge|dynamic_punch|endure|fury_cutter|mega_kick|mega_punch|mimic|mud_slap|seismic_toss|sleep_talk|snore|substitute|swagger|swift|swords_dance|thunder_punch;crunch|crush_claw|dragon_breath|endeavor|leech_seed|mud_sport;monster|dragon;sceptile@36;;253;Geco Bosque;0,9;21,6;verde;12,5;no;Los desarrollados músculos que tiene en las extremidades inferiores le hacen ser muy ágil y le permiten dar grandes saltos.
sceptile;Sceptile;grass;70;85;65;105;85;120;overgrow;;unburden;medium_slow;239;45;speed:3;1:pound|1:leer|1:absorb|1:quick_attack|16:fury_cutter|17:pursuit|23:screech|29:leaf_blade|35:agility|43:slam|51:detect|59:false_swipe;aerial_ace|attract|brick_break|bullet_seed|cut|dig|double_team|dragon_claw|earthquake|facade|flash|focus_punch|frustration|giga_drain|hidden_power|hyper_beam|iron_tail|protect|rest|return|roar|rock_smash|rock_tomb|safeguard|secret_power|solar_beam|strength|sunny_day|toxic;body_slam|counter|double_edge|dynamic_punch|endure|fury_cutter|mega_kick|mega_punch|mimic|mud_slap|seismic_toss|sleep_talk|snore|substitute|swagger|swift|swords_dance|thunder_punch;crunch|crush_claw|dragon_breath|endeavor|leech_seed|mud_sport;monster|dragon;;;254;Monte;1,7;52,2;verde;12,5;no;Las hojas de sus brazos pueden cortar gruesos árboles. Invencible en los combates en la jungla.
torchic;Torchic;fire;45;60;40;70;50;45;blaze;;speed_boost;medium_slow;62;45;sp_attack:1;1:scratch|1:growl|7:focus_energy|10:ember|16:peck|19:sand_attack|25:fire_spin|28:quick_attack|34:slash|37:mirror_move|43:flamethrower;aerial_ace|attract|cut|dig|double_team|facade|fire_blast|flamethrower|frustration|hidden_power|overheat|protect|rest|return|rock_smash|rock_tomb|secret_power|strength|sunny_day|toxic;body_slam|counter|double_edge|endure|mega_kick|mega_punch|mimic|mud_slap|rock_slide|seismic_toss|sleep_talk|snore|substitute|swagger|swift|swords_dance;counter|endure|reversal|rock_slide|smelling_salts|swagger;ground;combusken@16;;255;Polluelo;0,4;2,5;rojo;12,5;no;En su interior, guarda una llama que arde sin cesar. Si se le abraza, se nota que tiene una temperatura muy alta.
combusken;Combusken;fire|fighting;60;85;60;85;60;55;blaze;;speed_boost;medium_slow;142;45;attack:1|sp_attack:1;1:scratch|1:growl|1:focus_energy|1:ember|16:double_kick|17:peck|21:sand_attack|28:bulk_up|32:quick_attack|39:slash|43:mirror_move|50:sky_uppercut;aerial_ace|attract|brick_break|bulk_up|cut|dig|double_team|facade|fire_blast|flamethrower|focus_punch|frustration|hidden_power|overheat|protect|rest|return|rock_smash|rock_tomb|secret_power|strength|sunny_day|toxic;body_slam|counter|double_edge|dynamic_punch|endure|fire_punch|fury_cutter|mega_kick|mega_punch|mimic|mud_slap|rock_slide|seismic_toss|sleep_talk|snore|substitute|swagger|swift|swords_dance|thunder_punch;counter|endure|reversal|rock_slide|smelling_salts|swagger;ground;blaziken@36;;256;Ave Corral;0,9;19,5;rojo;12,5;no;Su habilidad le permite dar diez patadas por segundo. Lanza potentes gritos para intimidar.
blaziken;Blaziken;fire|fighting;80;120;70;110;70;80;blaze;;speed_boost;medium_slow;239;45;attack:3;1:fire_punch|1:scratch|1:growl|1:focus_energy|1:ember|16:double_kick|17:peck|21:sand_attack|28:bulk_up|32:quick_attack|36:blaze_kick|42:slash|49:mirror_move|59:sky_uppercut;aerial_ace|attract|brick_break|bulk_up|cut|dig|double_team|earthquake|facade|fire_blast|flamethrower|focus_punch|frustration|hidden_power|hyper_beam|overheat|protect|rest|return|roar|rock_smash|rock_tomb|secret_power|strength|sunny_day|toxic;body_slam|counter|double_edge|dynamic_punch|endure|fire_punch|fury_cutter|mega_kick|mega_punch|mimic|mud_slap|rock_slide|seismic_toss|sleep_talk|snore|substitute|swagger|swift|swords_dance|thunder_punch;counter|endure|reversal|rock_slide|smelling_salts|swagger;ground;;;257;Llameante;1,9;52;rojo;12,5;no;Puede saltar edificios de 30 plantas. Con sus golpes de fuego quema a sus rivales.
mudkip;Mudkip;water;50;70;50;50;50;40;torrent;;damp;medium_slow;62;45;attack:1;1:tackle|1:growl|6:mud_slap|10:water_gun|15:bide|19:foresight|24:mud_sport|28:take_down|33:whirlpool|37:protect|42:hydro_pump|46:endeavor;attract|blizzard|dig|dive|double_team|facade|frustration|hail|hidden_power|ice_beam|iron_tail|protect|rain_dance|rest|return|rock_smash|rock_tomb|secret_power|strength|surf|toxic|water_pulse|waterfall;body_slam|defense_curl|double_edge|endure|icy_wind|mimic|mud_slap|rollout|sleep_talk|snore|substitute|swagger;curse|ice_ball|mirror_coat|refresh|stomp|uproar;monster|water1;marshtomp@16;;258;Pez Lodo;0,4;7,6;azul;12,5;no;Tiene una larga cola que le propulsa por el agua con mucha potencia. A pesar de ser pequeño, tiene mucha fuerza.
marshtomp;Marshtomp;water|ground;70;85;70;60;70;50;torrent;;damp;medium_slow;142;45;attack:2;1:tackle|1:growl|1:mud_slap|1:water_gun|15:bide|16:mud_shot|20:foresight|25:mud_sport|31:take_down|37:muddy_water|42:protect|46:earthquake|53:endeavor;attract|blizzard|dig|dive|double_team|earthquake|facade|frustration|hail|hidden_power|ice_beam|iron_tail|protect|rain_dance|rest|return|rock_smash|rock_tomb|secret_power|strength|surf|toxic|water_pulse|waterfall;body_slam|counter|defense_curl|double_edge|dynamic_punch|endure|ice_punch|icy_wind|mega_kick|mega_punch|mimic|mud_slap|rock_slide|rollout|seismic_toss|sleep_talk|snore|substitute|swagger;curse|ice_ball|mirror_coat|refresh|stomp|uproar;monster|water1;swampert@36;;259;Pez Lodo;0,7;28;azul;12,5;no;Sus piernas robustas impiden que pierda el equilibrio y caiga, incluso en el barro. Duerme bajo la arena.
swampert;Swampert;water|ground;100;110;90;85;90;60;torrent;;damp;medium_slow;241;45;attack:3;1:tackle|1:growl|1:mud_slap|1:water_gun|15:bide|16:mud_shot|20:foresight|25:mud_sport|31:take_down|39:muddy_water|46:protect|52:earthquake|61:endeavor;attract|blizzard|brick_break|dig|dive|double_team|earthquake|facade|focus_punch|frustration|hail|hidden_power|hyper_beam|ice_beam|iron_tail|protect|rain_dance|rest|return|roar|rock_smash|rock_tomb|secret_power|strength|surf|toxic|water_pulse|waterfall;body_slam|counter|defense_curl|double_edge|dynamic_punch|endure|ice_punch|icy_wind|mega_kick|mega_punch|mimic|mud_slap|rock_slide|rollout|seismic_toss|sleep_talk|snore|substitute|swagger;curse|ice_ball|mirror_coat|refresh|stomp|uproar;monster|water1;;;260;Pez Lodo;1,5;81,9;azul;12,5;no;Con sus brazos duros como el acero puede partir rocas gigantescas en mil pedazos de un solo golpe.
poochyena;Poochyena;dark;35;55;35;30;30;35;run_away;quick_feet;rattled;medium_fast;56;255;attack:1;1:tackle|5:howl|9:sand_attack|13:bite|17:odor_sleuth|21:roar|25:swagger|29:scary_face|33:take_down|37:taunt|41:crunch|45:thief;attract|dig|double_team|facade|frustration|hidden_power|iron_tail|protect|rain_dance|rest|return|roar|rock_smash|secret_power|shadow_ball|snatch|sunny_day|taunt|thief|torment|toxic;body_slam|counter|double_edge|endure|mimic|mud_slap|psych_up|sleep_talk|snore|substitute|swagger;astonish|covet|leer|poison_fang|yawn;ground;mightyena@18;;261;Mordisco;0,5;13,6;gris;50;no;Es muy persistente. Si se fija en una presa, no la dejará hasta que caiga agotada.
mightyena;Mightyena;dark;70;90;70;60;60;70;intimidate;quick_feet;moxie;medium_fast;147;127;attack:2;1:tackle|1:howl|1:sand_attack|1:bite|17:odor_sleuth|22:roar|27:swagger|32:scary_face|37:take_down|42:taunt|47:crunch|52:thief;attract|dig|double_team|facade|frustration|hidden_power|hyper_beam|iron_tail|protect|rain_dance|rest|return|roar|rock_smash|secret_power|shadow_ball|snatch|strength|sunny_day|taunt|thief|torment|toxic;body_slam|counter|double_edge|endure|mimic|mud_slap|psych_up|sleep_talk|snore|substitute|swagger;astonish|covet|leer|poison_fang|yawn;ground;;;262;Mordisco;1;37;gris;50;no;Siempre obedece a los buenos Entrenadores. Está acostumbrado a vivir en jaurías en estado salvaje.
zigzagoon;Zigzagoon;normal;38;30;41;30;41;60;pickup;gluttony;quick_feet;medium_fast;56;255;speed:1;1:tackle|1:growl|5:tail_whip|9:headbutt|13:sand_attack|17:odor_sleuth|21:mud_sport|25:pin_missile|29:covet|33:flail|37:rest|41:belly_drum;attract|blizzard|cut|dig|double_team|facade|frustration|hidden_power|ice_beam|iron_tail|protect|rain_dance|rest|return|rock_smash|secret_power|shadow_ball|shock_wave|sunny_day|surf|thief|thunder|thunderbolt|toxic|water_pulse;body_slam|defense_curl|double_edge|endure|fury_cutter|icy_wind|mimic|mud_slap|rollout|sleep_talk|snore|substitute|swagger|swift|thunder_wave;charm|pursuit|substitute|tickle|trick;ground;linoone@20;;263;Mapachito;0,4;17,5;marrón;50;no;Se mueve en zigzag. Se le da bien encontrar objetos ocultos en la hierba e incluso enterrados.
linoone;Linoone;normal;78;70;61;50;61;100;pickup;gluttony;quick_feet;medium_fast;147;90;speed:2;1:tackle|1:growl|1:tail_whip|1:headbutt|13:sand_attack|17:odor_sleuth|23:mud_sport|29:fury_swipes|35:covet|41:slash|47:rest|53:belly_drum;attract|blizzard|cut|dig|double_team|facade|frustration|hidden_power|hyper_beam|ice_beam|iron_tail|protect|rain_dance|rest|return|roar|rock_smash|secret_power|shadow_ball|shock_wave|strength|sunny_day|surf|thief|thunder|thunderbolt|toxic|water_pulse;body_slam|defense_curl|double_edge|endure|fury_cutter|icy_wind|mimic|mud_slap|rollout|sleep_talk|snore|substitute|swagger|swift|thunder_wave;charm|pursuit|substitute|tickle|trick;ground;;;264;Lanzado;0,5;32,5;blanco;50;no;En línea recta corre a algo más de 100 km/h, pero no es tan hábil si hay curvas de por medio.
wurmple;Wurmple;bug;45;45;35;20;30;20;shield_dust;;run_away;medium_fast;56;255;hp:1;1:tackle|1:string_shot|5:poison_sting;;;;bug;silcoon@7+azar:50|cascoon@7+!azar:50;;265;Gusano;0,3;3,6;rojo;50;no;Le encanta comer hojas. Si le ataca un Starly, se defenderá con sus púas.
silcoon;Silcoon;bug;50;35;55;25;25;15;shed_skin;;;medium_fast;72;120;defense:2;1:harden;;;;bug;beautifly@10;;266;Capullo;0,6;10;blanco;50;no;Se agarra con su seda a las ramas de un árbol y espera su evolución bebiendo agua de lluvia.
beautifly;Beautifly;bug|flying;60;70;50;100;50;65;swarm;;rivalry;medium_fast;178;45;sp_attack:3;1:absorb|13:gust|17:stun_spore|20:morning_sun|24:mega_drain|27:whirlwind|31:attract|34:silver_wind|38:giga_drain;aerial_ace|attract|double_team|facade|flash|frustration|giga_drain|hidden_power|hyper_beam|protect|psychic|rest|return|safeguard|secret_power|shadow_ball|solar_beam|sunny_day|thief|toxic;double_edge|endure|mimic|sleep_talk|snore|substitute|swagger|swift;;bug;;;267;Mariposa;1;28,4;amarillo;50;no;Los dibujos de sus coloridas alas son muy peculiares. Liba el néctar de las flores con su fina trompa.
cascoon;Cascoon;bug;50;35;55;25;25;15;shed_skin;;;medium_fast;72;120;defense:2;1:harden;;;;bug;dustox@10;;268;Capullo;0,7;11,5;morado;50;no;Está formado por seda que se endurece poco a poco. Si se resquebraja el capullo, está a punto de evolucionar.
dustox;Dustox;bug|poison;60;50;70;50;90;65;shield_dust;;compound_eyes;medium_fast;173;45;sp_defense:3;1:confusion|13:gust|17:protect|20:moonlight|24:psybeam|27:whirlwind|31:light_screen|34:silver_wind|38:toxic;aerial_ace|attract|double_team|facade|flash|frustration|giga_drain|hidden_power|hyper_beam|light_screen|protect|psychic|rest|return|secret_power|shadow_ball|sludge_bomb|solar_beam|sunny_day|thief|toxic;double_edge|endure|mimic|sleep_talk|snore|substitute|swagger|swift;;bug;;;269;Polilla Ven.;1,2;31,6;verde;50;no;Pokémon nocturno. Atraído por las luces de la ciudad, se come las hojas y arbustos de las avenidas.
lotad;Lotad;water|grass;40;30;30;40;50;30;swift_swim;rain_dish;own_tempo;medium_slow;44;255;sp_defense:1;1:astonish|3:growl|7:absorb|13:nature_power|21:mist|31:rain_dance|43:mega_drain;attract|blizzard|bullet_seed|double_team|facade|flash|frustration|giga_drain|hail|hidden_power|ice_beam|protect|rain_dance|rest|return|secret_power|solar_beam|sunny_day|surf|thief|toxic|water_pulse;body_slam|double_edge|endure|icy_wind|mimic|sleep_talk|snore|substitute|swagger|swords_dance;flail|leech_seed|razor_leaf|sweet_scent|synthesis|water_gun;water1|plant;lombre@14;;270;Lenteja Agua;0,5;2,6;verde;50;no;Parece una planta acuática. Hace de ferry para los Pokémon que no saben nadar.
lombre;Lombre;water|grass;60;50;50;60;70;50;swift_swim;rain_dish;own_tempo;medium_slow;119;120;sp_defense:2;1:astonish|3:growl|7:absorb|13:nature_power|19:fake_out|25:fury_swipes|31:water_sport|37:thief|43:uproar|49:hydro_pump;attract|blizzard|brick_break|bullet_seed|dive|double_team|facade|flash|frustration|giga_drain|hail|hidden_power|ice_beam|protect|rain_dance|rest|return|rock_smash|secret_power|solar_beam|strength|sunny_day|surf|thief|toxic|water_pulse|waterfall;body_slam|double_edge|dynamic_punch|endure|fire_punch|ice_punch|icy_wind|mimic|mud_slap|sleep_talk|snore|substitute|swagger|swords_dance|thunder_punch;flail|leech_seed|razor_leaf|sweet_scent|synthesis|water_gun;water1|plant;ludicolo@objeto:water_stone;;271;Alegre;1,2;32,5;verde;50;no;Vive en el agua y, cuando hace sol, se queda en la orilla. De día duerme sobre las algas y de noche entra en acción.
ludicolo;Ludicolo;water|grass;80;70;70;90;100;70;swift_swim;rain_dish;own_tempo;medium_slow;216;45;sp_defense:3;1:astonish|1:growl|1:absorb|1:nature_power;attract|blizzard|brick_break|bullet_seed|dive|double_team|facade|flash|focus_punch|frustration|giga_drain|hail|hidden_power|hyper_beam|ice_beam|protect|rain_dance|rest|return|rock_smash|secret_power|solar_beam|strength|sunny_day|surf|thief|toxic|water_pulse|waterfall;body_slam|counter|double_edge|dynamic_punch|endure|fire_punch|ice_punch|icy_wind|mega_kick|mega_punch|metronome|mimic|mud_slap|seismic_toss|sleep_talk|snore|substitute|swagger|swords_dance|thunder_punch;flail|leech_seed|razor_leaf|sweet_scent|synthesis|water_gun;water1|plant;;;272;Optimista;1,5;55;verde;50;no;Cuando oye música alegre, sus músculos se llenan de energía, y no puede evitar ponerse a bailar.
seedot;Seedot;grass;40;40;50;30;30;30;chlorophyll;early_bird;pickpocket;medium_slow;44;255;defense:1;1:bide|3:harden|7:growth|13:nature_power|21:synthesis|31:sunny_day|43:explosion;attract|bullet_seed|dig|double_team|facade|flash|frustration|giga_drain|hidden_power|protect|rest|return|rock_smash|secret_power|shadow_ball|solar_beam|sunny_day|toxic;body_slam|defense_curl|double_edge|endure|explosion|mimic|rollout|sleep_talk|snore|substitute|swagger|swords_dance;amnesia|false_swipe|leech_seed|quick_attack|razor_wind|take_down;ground|plant;nuzleaf@14;;273;Bellota;0,5;4;marrón;50;no;Se cuelga de las ramas con el extremo de su cabeza. A veces se cae cuando soplan vientos fuertes.
nuzleaf;Nuzleaf;grass|dark;70;70;40;60;40;60;chlorophyll;early_bird;pickpocket;medium_slow;119;120;attack:2;1:pound|3:harden|7:growth|13:nature_power|19:fake_out|25:torment|31:feint_attack|37:razor_wind|43:swagger|49:extrasensory;attract|brick_break|bullet_seed|cut|dig|double_team|facade|flash|frustration|giga_drain|hidden_power|hyper_beam|protect|rest|return|rock_smash|rock_tomb|secret_power|shadow_ball|solar_beam|strength|sunny_day|thief|torment|toxic;body_slam|defense_curl|double_edge|endure|explosion|fury_cutter|mega_kick|mimic|mud_slap|psych_up|rollout|sleep_talk|snore|substitute|swagger|swift|swords_dance;amnesia|false_swipe|leech_seed|quick_attack|razor_wind|take_down;ground|plant;shiftry@objeto:leaf_stone;;274;Astuto;1;28;marrón;50;no;Cuando usa la hoja de su cabeza como flauta, asusta a la gente. Vive en lo más profundo de los bosques.
shiftry;Shiftry;grass|dark;90;100;60;90;60;80;chlorophyll;wind_rider;pickpocket;medium_slow;216;45;attack:3;1:pound|1:harden|1:growth|1:nature_power;aerial_ace|attract|brick_break|bullet_seed|cut|dig|double_team|facade|flash|frustration|giga_drain|hidden_power|hyper_beam|protect|rest|return|rock_smash|rock_tomb|secret_power|shadow_ball|solar_beam|strength|sunny_day|thief|torment|toxic;body_slam|defense_curl|double_edge|endure|explosion|fury_cutter|mega_kick|mimic|mud_slap|psych_up|rollout|sleep_talk|snore|substitute|swagger|swift|swords_dance;amnesia|false_swipe|leech_seed|quick_attack|razor_wind|take_down;ground|plant;;;275;Malvado;1,3;59,6;marrón;50;no;Habita los bosques y se le tiene miedo. Es capaz de leer los pensamientos del rival y actuar en consecuencia.
taillow;Taillow;normal|flying;40;55;30;30;30;85;guts;;scrappy;medium_slow;54;200;speed:1;1:peck|1:growl|4:focus_energy|8:quick_attack|13:wing_attack|19:double_team|26:endeavor|34:aerial_ace|43:agility;aerial_ace|attract|double_team|facade|fly|frustration|hidden_power|protect|rain_dance|rest|return|secret_power|steel_wing|sunny_day|thief|toxic;counter|double_edge|endure|mimic|mud_slap|sleep_talk|snore|substitute|swagger|swift;mirror_move|pursuit|rage|refresh|sky_attack|supersonic;flying;swellow@22;;276;Pequebuche;0,3;2,3;azul;50;no;Es un Pokémon valiente que no teme a los rivales fuertes. Vuela en busca de climas templados.
swellow;Swellow;normal|flying;60;85;60;75;50;125;guts;;scrappy;medium_slow;159;45;speed:2;1:peck|1:growl|1:focus_energy|1:quick_attack|13:wing_attack|19:double_team|28:endeavor|38:aerial_ace|49:agility;aerial_ace|attract|double_team|facade|fly|frustration|hidden_power|hyper_beam|protect|rain_dance|rest|return|secret_power|steel_wing|sunny_day|thief|toxic;counter|double_edge|endure|mimic|mud_slap|sleep_talk|snore|substitute|swagger|swift;mirror_move|pursuit|rage|refresh|sky_attack|supersonic;flying;;;277;Buche;0,7;19,8;azul;50;no;Cuando se encuentra bien, pone firmes las plumas de la cola doble que tiene. Remonta el vuelo de forma muy elegante.
wingull;Wingull;water|flying;40;30;30;55;30;85;keen_eye;hydration;rain_dish;medium_fast;54;190;speed:1;1:growl|1:water_gun|7:supersonic|13:wing_attack|21:mist|31:quick_attack|43:pursuit|55:agility;aerial_ace|attract|blizzard|double_team|facade|fly|frustration|hail|hidden_power|ice_beam|protect|rain_dance|rest|return|secret_power|shock_wave|steel_wing|thief|toxic|water_pulse;double_edge|endure|icy_wind|mimic|mud_slap|sleep_talk|snore|substitute|swagger|swift;agility|gust|mist|twister|water_sport;water1|flying;pelipper@25;;278;Gaviota;0,6;9,5;blanco;50;no;Sus largas alas aprovechan los vientos marinos para planear. Cuando descansa, las pliega.
pelipper;Pelipper;water|flying;60;50;100;95;70;65;keen_eye;drizzle;rain_dish;medium_fast;154;45;defense:2;1:growl|1:water_gun|1:water_sport|1:wing_attack|7:supersonic|21:mist|25:protect|33:stockpile|33:swallow|47:spit_up|61:hydro_pump;aerial_ace|attract|blizzard|double_team|facade|fly|frustration|hail|hidden_power|hyper_beam|ice_beam|protect|rain_dance|rest|return|secret_power|shock_wave|steel_wing|surf|thief|toxic|water_pulse;double_edge|endure|icy_wind|mimic|mud_slap|sleep_talk|snore|substitute|swagger|swift;agility|gust|mist|twister|water_sport;water1|flying;;;279;Ave Agua;1,2;28;amarillo;50;no;Hunde su gran pico en el mar para sacar numerosas presas junto con mucha agua.
ralts;Ralts;psychic|fairy;28;25;25;45;35;40;synchronize;trace;telepathy;slow;40;235;sp_attack:1;1:growl|6:confusion|11:double_team|11:disarming_voice|16:teleport|21:calm_mind|22:draining_kiss|26:psychic|31:imprison|34:charm|36:future_sight|41:hypnosis|46:dream_eater;attract|calm_mind|double_team|facade|flash|frustration|hidden_power|light_screen|protect|psychic|rain_dance|reflect|rest|return|safeguard|secret_power|shadow_ball|shock_wave|skill_swap|snatch|sunny_day|taunt|thief|thunderbolt|torment|toxic;body_slam|defense_curl|double_edge|dream_eater|endure|fire_punch|ice_punch|icy_wind|mimic|mud_slap|psych_up|sleep_talk|snore|substitute|swagger|thunder_punch|thunder_wave;destiny_bond|disable|mean_look|memento|will_o_wisp;humanshape|indeterminate;kirlia@20;;280;Sensible;0,4;6,6;blanco;50;no;Si sus cuernos perciben emociones positivas de personas o Pokémon, su cuerpo se calienta un poco.
kirlia;Kirlia;psychic|fairy;38;35;35;65;55;50;synchronize;trace;telepathy;slow;97;120;sp_attack:2;1:growl|1:confusion|1:double_team|1:teleport|11:disarming_voice|21:calm_mind|23:draining_kiss|26:psychic|33:imprison|40:future_sight|40:charm|47:hypnosis|54:dream_eater;attract|calm_mind|double_team|facade|flash|frustration|hidden_power|light_screen|protect|psychic|rain_dance|reflect|rest|return|safeguard|secret_power|shadow_ball|shock_wave|skill_swap|snatch|sunny_day|taunt|thief|thunderbolt|torment|toxic;body_slam|defense_curl|double_edge|dream_eater|endure|fire_punch|ice_punch|icy_wind|mimic|mud_slap|psych_up|sleep_talk|snore|substitute|swagger|thunder_punch|thunder_wave;destiny_bond|disable|mean_look|memento|will_o_wisp;humanshape|indeterminate;gardevoir@30|gallade@objeto:dawn_stone+genero:macho;;281;Sensorio;0,8;20,2;blanco;50;no;Al percibir la alegría de su Entrenador refuerza sus ataques psicoquinéticos. Cuando está contento, da vueltas y baila.
gardevoir;Gardevoir;psychic|fairy;68;65;65;125;115;80;synchronize;trace;telepathy;slow;233;45;sp_attack:3;1:growl|1:confusion|1:double_team|1:teleport|1:misty_terrain|1:moonblast|11:disarming_voice|21:calm_mind|23:draining_kiss|26:psychic|33:imprison|42:future_sight|51:hypnosis|60:dream_eater;attract|calm_mind|double_team|facade|flash|frustration|hidden_power|hyper_beam|light_screen|protect|psychic|rain_dance|reflect|rest|return|safeguard|secret_power|shadow_ball|shock_wave|skill_swap|snatch|sunny_day|taunt|thief|thunderbolt|torment|toxic;body_slam|defense_curl|double_edge|dream_eater|endure|fire_punch|ice_punch|icy_wind|mimic|mud_slap|psych_up|sleep_talk|snore|substitute|swagger|thunder_punch|thunder_wave;destiny_bond|disable|mean_look|memento|will_o_wisp;humanshape|indeterminate;;;282;Envolvente;1,6;48,4;blanco;50;no;Para proteger a su Entrenador, emplea todo su poder psíquico en crear un pequeño agujero negro.
surskit;Surskit;bug|water;40;30;32;50;52;65;swift_swim;;rain_dish;medium_fast;54;200;speed:1;1:bubble|7:quick_attack|13:sweet_scent|19:water_sport|25:bubble_beam|31:agility|37:mist|37:haze;attract|blizzard|double_team|facade|flash|frustration|giga_drain|hidden_power|ice_beam|protect|rain_dance|rest|return|secret_power|shadow_ball|solar_beam|sunny_day|thief|toxic|water_pulse;double_edge|endure|icy_wind|mimic|psych_up|sleep_talk|snore|substitute|swagger|swift;foresight|hydro_pump|mind_reader|mud_shot|psybeam;water1|bug;masquerain@22;;283;Zapatero;0,5;1,7;azul;50;no;Vive en estanques, pero cuando se desata una tormenta puede aparecer en los charcos que se forman en las ciudades.
masquerain;Masquerain;bug|flying;70;60;62;100;82;80;intimidate;;unnerve;medium_fast;159;75;sp_attack:1|sp_defense:1;1:bubble|1:quick_attack|1:sweet_scent|1:water_sport|26:gust|33:scary_face|40:stun_spore|47:silver_wind|53:whirlwind;aerial_ace|attract|blizzard|double_team|facade|flash|frustration|giga_drain|hidden_power|hyper_beam|ice_beam|protect|rain_dance|rest|return|secret_power|shadow_ball|solar_beam|sunny_day|thief|toxic|water_pulse;double_edge|endure|icy_wind|mimic|psych_up|sleep_talk|snore|substitute|swagger|swift;foresight|hydro_pump|mind_reader|mud_shot|psybeam;water1|bug;;;284;Globocular;0,8;3,6;azul;50;no;Sus antenas tienen dibujos de ojos, mientras que sus alas le permiten volar en cualquier dirección.
shroomish;Shroomish;grass;60;40;60;40;60;35;effect_spore;poison_heal;quick_feet;fluctuating;59;255;hp:1;1:absorb|4:tackle|7:stun_spore|10:leech_seed|16:mega_drain|22:headbutt|28:poison_powder|36:growth|45:giga_drain|54:spore;attract|bullet_seed|double_team|facade|flash|frustration|giga_drain|hidden_power|protect|rest|return|safeguard|secret_power|sludge_bomb|snatch|solar_beam|sunny_day|toxic;body_slam|double_edge|endure|mimic|sleep_talk|snore|substitute|swagger|swords_dance;charm|fake_tears|false_swipe|helping_hand|swagger;fairy|plant;breloom@23;;285;Hongo;0,4;4,5;marrón;50;no;Prefiere los sitios húmedos. De día está tranquilamente en el bosque, a la sombra. Expulsa polvo tóxico por la cabeza.
breloom;Breloom;grass|fighting;60;130;80;60;60;70;effect_spore;poison_heal;technician;fluctuating;161;90;attack:2;1:absorb|1:tackle|1:stun_spore|1:leech_seed|16:mega_drain|22:headbutt|23:mach_punch|28:counter|36:sky_uppercut|45:mind_reader|54:dynamic_punch;attract|brick_break|bulk_up|bullet_seed|cut|double_team|facade|flash|focus_punch|frustration|giga_drain|hidden_power|hyper_beam|iron_tail|protect|rest|return|rock_smash|safeguard|secret_power|sludge_bomb|snatch|solar_beam|strength|sunny_day|toxic;body_slam|counter|double_edge|dynamic_punch|endure|fury_cutter|mega_kick|mega_punch|mimic|mud_slap|seismic_toss|sleep_talk|snore|substitute|swagger|swords_dance|thunder_punch;charm|fake_tears|false_swipe|helping_hand|swagger;fairy|plant;;;286;Hongo;1,2;39,2;verde;50;no;Sus cortos brazos se expanden cuando da puñetazos. Tiene una técnica pugilística muy depurada.
slakoth;Slakoth;normal;60;60;60;35;35;30;truant;;;slow;56;255;hp:1;1:scratch|1:yawn|7:encore|13:slack_off|19:feint_attack|25:amnesia|31:covet|37:counter|43:flail;aerial_ace|attract|blizzard|brick_break|bulk_up|cut|double_team|facade|fire_blast|flamethrower|focus_punch|frustration|hidden_power|ice_beam|protect|rain_dance|rest|return|rock_smash|secret_power|shadow_ball|shock_wave|solar_beam|strength|sunny_day|thunder|thunderbolt|toxic|water_pulse;body_slam|counter|double_edge|dynamic_punch|endure|fire_punch|fury_cutter|ice_punch|icy_wind|mega_kick|mega_punch|mimic|mud_slap|rock_slide|seismic_toss|sleep_talk|snore|substitute|swagger|thunder_punch;body_slam|crush_claw|curse|pursuit|slash|sleep_talk|snore;ground;vigoroth@18;;287;Gandul;0,8;24;marrón;50;no;Slakoth se pasa todo el día holgazaneando y solo con verlo a uno le entra mucha pereza.
vigoroth;Vigoroth;normal;80;80;80;55;55;90;vital_spirit;;;slow;154;120;speed:2;1:scratch|1:focus_energy|1:encore|1:uproar|19:fury_swipes|25:endure|31:slash|37:counter|43:focus_punch|49:reversal;aerial_ace|attract|blizzard|brick_break|bulk_up|cut|double_team|earthquake|facade|fire_blast|flamethrower|focus_punch|frustration|hidden_power|ice_beam|protect|rain_dance|rest|return|roar|rock_smash|secret_power|shadow_ball|shock_wave|solar_beam|strength|sunny_day|taunt|thunder|thunderbolt|toxic|water_pulse;body_slam|counter|double_edge|dynamic_punch|endure|fire_punch|fury_cutter|ice_punch|icy_wind|mega_kick|mega_punch|mimic|mud_slap|rock_slide|seismic_toss|sleep_talk|snore|substitute|swagger|thunder_punch;body_slam|crush_claw|curse|pursuit|slash|sleep_talk|snore;ground;slaking@36;;288;Mono Feroz;1,4;46,5;blanco;50;no;Su corazón palpita a un ritmo frenético, haciendo que su sangre bulla, así que no puede estarse quieto ni un segundo.
slaking;Slaking;normal;150;160;100;95;65;100;truant;;;slow;252;45;hp:3;1:scratch|1:yawn|1:encore|1:slack_off|19:feint_attack|25:amnesia|31:covet|36:swagger|37:counter|43:flail;aerial_ace|attract|blizzard|brick_break|bulk_up|cut|double_team|earthquake|facade|fire_blast|flamethrower|focus_punch|frustration|hidden_power|hyper_beam|ice_beam|protect|rain_dance|rest|return|roar|rock_smash|secret_power|shadow_ball|shock_wave|solar_beam|strength|sunny_day|taunt|thunder|thunderbolt|toxic|water_pulse;body_slam|counter|double_edge|dynamic_punch|endure|fire_punch|fury_cutter|ice_punch|icy_wind|mega_kick|mega_punch|mimic|mud_slap|rock_slide|seismic_toss|sleep_talk|snore|substitute|swagger|thunder_punch;body_slam|crush_claw|curse|pursuit|slash|sleep_talk|snore;ground;;;289;Holgazán;2;130,5;marrón;50;no;El Pokémon más perezoso del mundo. Cambia de lugar para coger la comida al alcance de su mano.
nincada;Nincada;bug|ground;31;45;90;30;30;40;compound_eyes;;run_away;erratic;53;255;defense:1;1:scratch|1:harden|5:leech_life|9:sand_attack|14:fury_swipes|19:mind_reader|25:false_swipe|31:mud_slap|38:metal_claw|45:dig;aerial_ace|cut|dig|double_team|facade|flash|frustration|giga_drain|hidden_power|protect|rest|return|sandstorm|secret_power|shadow_ball|solar_beam|sunny_day|toxic;double_edge|endure|fury_cutter|mimic|mud_slap|sleep_talk|snore|substitute|swagger;endure|feint_attack|gust|silver_wind;bug;ninjask@20;;290;Aprendiz;0,5;5,5;gris;50;no;Como se ha pasado casi toda la vida viviendo bajo tierra, no ve bien. Las antenas que tiene le ayudan a orientarse.
ninjask;Ninjask;bug|flying;61;90;45;50;50;160;speed_boost;;infiltrator;erratic;160;120;speed:2;1:scratch|1:harden|1:leech_life|1:sand_attack|14:fury_swipes|19:mind_reader|20:double_team|20:fury_cutter|20:screech|25:swords_dance|31:slash|38:agility|45:baton_pass;aerial_ace|attract|cut|dig|double_team|facade|flash|frustration|giga_drain|hidden_power|hyper_beam|protect|rest|return|sandstorm|secret_power|shadow_ball|solar_beam|sunny_day|thief|toxic;double_edge|endure|fury_cutter|mimic|mud_slap|sleep_talk|snore|substitute|swagger|swift|swords_dance;endure|feint_attack|gust|silver_wind;bug;;;291;Ninja;0,8;12;amarillo;50;no;Escuchar su zumbido de forma continuada provoca jaquecas. Casi no se le ve de lo rápido que es.
shedinja;Shedinja;bug|ghost;1;90;45;30;30;40;wonder_guard;;;erratic;83;45;hp:2;1:scratch|1:harden|5:leech_life|9:sand_attack|14:fury_swipes|19:mind_reader|25:spite|31:confuse_ray|38:shadow_ball|45:grudge;aerial_ace|cut|dig|double_team|facade|flash|frustration|giga_drain|hidden_power|hyper_beam|protect|rest|return|sandstorm|secret_power|shadow_ball|solar_beam|sunny_day|thief|toxic;double_edge|dream_eater|endure|fury_cutter|mimic|mud_slap|sleep_talk|snore|substitute|swagger;endure|feint_attack|gust|silver_wind;mineral;;;292;Muda;0,8;1,2;marrón;sin_genero;no;Es el caparazón de un bicho que cobró vida. Si alguien lo mira por la espalda, le robará el alma.
whismur;Whismur;normal;64;51;23;51;23;28;soundproof;;rattled;medium_slow;48;190;hp:1;1:pound|5:uproar|11:astonish|15:howl|21:supersonic|25:stomp|31:screech|35:roar|41:rest|41:sleep_talk|45:hyper_voice;attract|blizzard|double_team|facade|fire_blast|flamethrower|frustration|hidden_power|ice_beam|protect|rain_dance|rest|return|roar|secret_power|shadow_ball|shock_wave|solar_beam|sunny_day|toxic|water_pulse;body_slam|counter|defense_curl|double_edge|dynamic_punch|endure|fire_punch|ice_punch|icy_wind|mega_kick|mega_punch|mimic|mud_slap|psych_up|rollout|seismic_toss|sleep_talk|snore|substitute|swagger|thunder_punch;extrasensory|smelling_salts|snore|swagger|take_down;monster|ground;loudred@20;;293;Susurro;0,6;16,3;rosa;50;no;Normalmente murmulla, pero cuando siente que hay peligro se pone a chillar. Solo para cuando se le cierran las orejas.
loudred;Loudred;normal;84;71;43;71;43;48;soundproof;;scrappy;medium_slow;126;120;hp:2;1:pound|1:uproar|1:astonish|1:howl|23:supersonic|29:stomp|37:screech|43:roar|51:rest|51:sleep_talk|57:hyper_voice;attract|blizzard|brick_break|double_team|earthquake|facade|fire_blast|flamethrower|frustration|hidden_power|ice_beam|overheat|protect|rain_dance|rest|return|roar|rock_smash|secret_power|shadow_ball|shock_wave|solar_beam|strength|sunny_day|taunt|torment|toxic|water_pulse;body_slam|counter|defense_curl|double_edge|dynamic_punch|endure|fire_punch|ice_punch|icy_wind|mega_kick|mega_punch|mimic|mud_slap|psych_up|rock_slide|rollout|seismic_toss|sleep_talk|snore|substitute|swagger|thunder_punch;extrasensory|smelling_salts|snore|swagger|take_down;monster|ground;exploud@40;;294;Chillón;1;40,5;azul;50;no;Aspira profundamente y luego, usando sus fuertes abdominales, suelta un potente vozarrón.
exploud;Exploud;normal;104;91;63;91;73;68;soundproof;;scrappy;medium_slow;221;45;hp:3;1:pound|1:uproar|1:astonish|1:howl|23:supersonic|29:stomp|37:screech|40:hyper_beam|45:roar|55:rest|55:sleep_talk|63:hyper_voice;attract|blizzard|brick_break|double_team|earthquake|facade|fire_blast|flamethrower|frustration|hidden_power|hyper_beam|ice_beam|overheat|protect|rain_dance|rest|return|roar|rock_smash|secret_power|shadow_ball|shock_wave|solar_beam|strength|sunny_day|taunt|torment|toxic|water_pulse;body_slam|counter|defense_curl|double_edge|dynamic_punch|endure|fire_punch|ice_punch|icy_wind|mega_kick|mega_punch|mimic|mud_slap|psych_up|rock_slide|rollout|seismic_toss|sleep_talk|snore|substitute|swagger|thunder_punch;extrasensory|smelling_salts|snore|swagger|take_down;monster|ground;;;295;Escandaloso;1,5;84;azul;50;no;Su aullido se puede oír a 10 km. Emite todo tipo de sonidos desde los tubos de su cuerpo.
makuhita;Makuhita;fighting;72;60;30;20;30;25;thick_fat;guts;sheer_force;fluctuating;47;180;hp:1;1:tackle|1:focus_energy|4:sand_attack|10:arm_thrust|13:vital_throw|19:fake_out|22:whirlwind|28:knock_off|31:smelling_salts|37:belly_drum|40:endure|46:seismic_toss|49:reversal;attract|brick_break|bulk_up|dig|double_team|earthquake|facade|focus_punch|frustration|hidden_power|protect|rain_dance|rest|return|rock_smash|rock_tomb|secret_power|strength|sunny_day|surf|toxic;body_slam|counter|double_edge|dynamic_punch|endure|fire_punch|ice_punch|mega_kick|mega_punch|metronome|mimic|mud_slap|rock_slide|seismic_toss|sleep_talk|snore|substitute|swagger|thunder_punch;counter|cross_chop|detect|dynamic_punch|feint_attack|foresight|helping_hand|revenge;humanshape;hariyama@24;;296;Valiente;1;86,4;amarillo;25;no;Endurece su cuerpo golpeando grandes árboles sin perder jamás el ánimo.
hariyama;Hariyama;fighting;144;120;60;40;60;50;thick_fat;guts;sheer_force;fluctuating;166;200;hp:2;1:tackle|1:focus_energy|1:sand_attack|1:arm_thrust|13:vital_throw|19:fake_out|22:whirlwind|29:knock_off|33:smelling_salts|40:belly_drum|44:endure|51:seismic_toss|55:reversal;attract|brick_break|bulk_up|dig|double_team|earthquake|facade|focus_punch|frustration|hidden_power|hyper_beam|protect|rain_dance|rest|return|rock_smash|rock_tomb|secret_power|strength|sunny_day|surf|toxic;body_slam|counter|double_edge|dynamic_punch|endure|fire_punch|ice_punch|mega_kick|mega_punch|metronome|mimic|mud_slap|rock_slide|seismic_toss|sleep_talk|snore|substitute|swagger|thunder_punch;counter|cross_chop|detect|dynamic_punch|feint_attack|foresight|helping_hand|revenge;humanshape;;;297;Empuje;2,3;253,8;marrón;25;no;Para aumentar su fuerza, da un pisotón en el suelo. Puede lanzar un camión de 10 toneladas por los aires de un puñetazo.
azurill;Azurill;normal|fairy;50;20;40;20;40;20;thick_fat;huge_power;sap_sipper;fast;38;150;hp:1;1:splash|3:charm|6:tail_whip|10:bubble|15:slam|21:water_gun;attract|blizzard|double_team|facade|frustration|hail|hidden_power|ice_beam|iron_tail|protect|rain_dance|rest|return|secret_power|surf|toxic|water_pulse|waterfall;body_slam|defense_curl|double_edge|endure|icy_wind|mimic|mud_slap|rollout|sleep_talk|snore|substitute|swagger|swift;encore|refresh|sing|slam|tickle;no_eggs;marill@amistad;;298;A Topos;0,2;2;azul;75;no;Vive cerca del agua. En la tierra se mueve muy rápido botando sobre su gran cola.
nosepass;Nosepass;rock;30;45;135;45;90;30;sturdy;magnet_pull;sand_force;medium_fast;75;255;defense:1;1:tackle|7:harden|13:rock_throw|16:block|22:thunder_wave|28:rock_slide|31:sandstorm|37:rest|43:zap_cannon|46:lock_on;attract|double_team|earthquake|facade|frustration|hidden_power|protect|rest|return|rock_smash|rock_tomb|sandstorm|secret_power|shock_wave|strength|sunny_day|taunt|thunder|thunderbolt|torment|toxic;body_slam|defense_curl|double_edge|dynamic_punch|endure|explosion|fire_punch|ice_punch|mimic|mud_slap|rock_slide|rollout|sleep_talk|snore|substitute|swagger|thunder_punch|thunder_wave;explosion|magnitude|rollout;mineral;probopass@subir+lugar:mt_coronet;;299;Brújula;1;97;gris;50;no;Siempre apunta al norte con su nariz imantada. Con ella reviste su cuerpo de objetos metálicos para protegerse.
skitty;Skitty;normal;50;45;45;35;35;50;cute_charm;normalize;wonder_skin;fast;52;255;speed:1;1:growl|1:tackle|3:tail_whip|7:attract|13:sing|15:double_slap|19:assist|25:charm|27:feint_attack|31:covet|37:heal_bell|39:double_edge;attract|blizzard|calm_mind|dig|double_team|facade|flash|frustration|hidden_power|ice_beam|iron_tail|protect|rain_dance|rest|return|safeguard|secret_power|shadow_ball|shock_wave|solar_beam|sunny_day|thunder|thunderbolt|toxic|water_pulse;body_slam|defense_curl|double_edge|dream_eater|endure|icy_wind|mimic|mud_slap|psych_up|rollout|sleep_talk|snore|substitute|swagger|swift|thunder_wave;baton_pass|fake_tears|helping_hand|psych_up|substitute|tickle|uproar|wish;ground|fairy;delcatty@objeto:moon_stone;;300;Gatito;0,6;11;rosa;75;no;No puede evitar ir tras las cosas que se mueven. Hasta corre en círculos persiguiéndose la cola.
delcatty;Delcatty;normal;70;65;65;55;55;90;cute_charm;normalize;wonder_skin;fast;140;60;hp:1|speed:1;1:growl|1:attract|1:sing|1:double_slap;attract|blizzard|calm_mind|dig|double_team|facade|flash|frustration|hidden_power|hyper_beam|ice_beam|iron_tail|protect|rain_dance|rest|return|rock_smash|safeguard|secret_power|shadow_ball|shock_wave|solar_beam|strength|sunny_day|thunder|thunderbolt|toxic|water_pulse;body_slam|defense_curl|double_edge|dream_eater|endure|icy_wind|mimic|mud_slap|psych_up|rollout|sleep_talk|snore|substitute|swagger|swift|thunder_wave;baton_pass|fake_tears|helping_hand|psych_up|substitute|tickle|uproar|wish;ground|fairy;;;301;Cursi;1,1;32,6;morado;75;no;No soporta los lugares sucios. Le encanta acicalarse el pelaje cuando está a gusto en un sitio.
sableye;Sableye;dark|ghost;50;75;75;65;65;50;keen_eye;stall;prankster;medium_slow;133;45;attack:1|defense:1;1:leer|1:scratch|5:foresight|9:night_shade|13:astonish|17:fury_swipes|21:fake_out|25:detect|29:feint_attack|33:knock_off|37:confuse_ray|41:shadow_ball|45:mean_look;aerial_ace|attract|brick_break|calm_mind|cut|dig|double_team|facade|flash|focus_punch|frustration|hidden_power|protect|psychic|rain_dance|rest|return|rock_smash|rock_tomb|secret_power|shadow_ball|shock_wave|snatch|sunny_day|taunt|thief|torment|toxic|water_pulse;body_slam|counter|double_edge|dream_eater|dynamic_punch|endure|fire_punch|fury_cutter|ice_punch|mega_kick|mega_punch|metronome|mimic|mud_slap|psych_up|seismic_toss|sleep_talk|snore|substitute|swagger|thunder_punch;moonlight|psych_up|recover;humanshape;;;302;Oscuridad;0,5;11;morado;50;no;Se oculta en cavernas oscuras. De tanto comer gemas, sus ojos son piedras preciosas.
mawile;Mawile;steel|fairy;50;85;85;55;55;50;hyper_cutter;intimidate;sheer_force;fast;133;45;attack:1|defense:1;1:astonish|1:fairy_wind|1:play_rough|6:fake_tears|11:bite|16:sweet_scent|21:vice_grip|26:feint_attack|31:baton_pass|36:crunch|41:iron_defense|46:stockpile|46:swallow|46:spit_up;attract|brick_break|double_team|facade|fire_blast|flamethrower|focus_punch|frustration|hidden_power|hyper_beam|ice_beam|protect|rain_dance|rest|return|rock_smash|rock_tomb|sandstorm|secret_power|sludge_bomb|solar_beam|strength|sunny_day|taunt|torment|toxic;body_slam|counter|double_edge|dynamic_punch|endure|ice_punch|icy_wind|mega_kick|mega_punch|mimic|mud_slap|psych_up|rock_slide|seismic_toss|sleep_talk|snore|substitute|swagger|swords_dance|thunder_punch;ancient_power|false_swipe|poison_fang|psych_up|swords_dance|tickle;ground|fairy;;;303;Tramposo;0,6;11,5;negro;50;no;"Engaña con su aspecto dócil; hace que el rival se confíe y le da un mordisco con sus enormes e implacables mandíbulas."
aron;Aron;steel|rock;50;70;100;40;40;30;sturdy;rock_head;heavy_metal;slow;66;180;defense:1;1:tackle|4:harden|7:mud_slap|10:headbutt|13:metal_claw|17:iron_defense|21:roar|25:take_down|29:iron_tail|34:protect|39:metal_sound|44:double_edge;aerial_ace|attract|cut|dig|double_team|earthquake|facade|frustration|hidden_power|iron_tail|protect|rain_dance|rest|return|roar|rock_smash|rock_tomb|sandstorm|secret_power|shock_wave|strength|sunny_day|toxic|water_pulse;body_slam|defense_curl|double_edge|endure|fury_cutter|mimic|mud_slap|rock_slide|rollout|sleep_talk|snore|substitute|swagger;body_slam|endeavor|smelling_salts|stomp;monster;lairon@32;;304;Coraza Férrea;0,4;60;gris;50;no;Suele vivir en lugares inaccesibles de las montañas, pero el hambre lo empuja a comer raíles y coches.
lairon;Lairon;steel|rock;60;90;140;50;50;40;sturdy;rock_head;heavy_metal;slow;151;90;defense:2;1:tackle|1:harden|1:mud_slap|1:headbutt|13:metal_claw|17:iron_defense|21:roar|25:take_down|29:iron_tail|37:protect|45:metal_sound|53:double_edge;aerial_ace|attract|cut|dig|double_team|earthquake|facade|frustration|hidden_power|iron_tail|protect|rain_dance|rest|return|roar|rock_smash|rock_tomb|sandstorm|secret_power|shock_wave|strength|sunny_day|toxic|water_pulse;body_slam|defense_curl|double_edge|endure|fury_cutter|mimic|mud_slap|rock_slide|rollout|sleep_talk|snore|substitute|swagger;body_slam|endeavor|smelling_salts|stomp;monster;aggron@42;;305;Coraza Férrea;0,9;120;gris;50;no;Le encanta comer hierro. Lucha por su territorio embistiendo a sus rivales con su cuerpo de acero.
aggron;Aggron;steel|rock;70;110;180;60;60;50;sturdy;rock_head;heavy_metal;slow;239;45;defense:3;1:tackle|1:harden|1:mud_slap|1:headbutt|13:metal_claw|17:iron_defense|21:roar|25:take_down|29:iron_tail|37:protect|50:metal_sound|63:double_edge;aerial_ace|attract|blizzard|brick_break|cut|dig|double_team|dragon_claw|earthquake|facade|fire_blast|flamethrower|focus_punch|frustration|hidden_power|hyper_beam|ice_beam|iron_tail|protect|rain_dance|rest|return|roar|rock_smash|rock_tomb|sandstorm|secret_power|shock_wave|solar_beam|strength|sunny_day|surf|taunt|thunder|thunderbolt|toxic|water_pulse;body_slam|counter|defense_curl|double_edge|dynamic_punch|endure|fire_punch|fury_cutter|ice_punch|icy_wind|mega_kick|mega_punch|mimic|mud_slap|rock_slide|rollout|seismic_toss|sleep_talk|snore|substitute|swagger|thunder_punch|thunder_wave;body_slam|endeavor|smelling_salts|stomp;monster;;;306;Coraza Férrea;2,1;360;gris;50;no;Hacen de toda una montaña su territorio. Cuantas más cicatrices tienen, más curtidos en disputas. ¡Mucha atención!
meditite;Meditite;fighting|psychic;30;40;55;40;55;60;pure_power;;telepathy;medium_fast;56;180;speed:1;1:bide|4:meditate|9:confusion|12:detect|18:hidden_power|22:mind_reader|28:calm_mind|32:high_jump_kick|38:psych_up|42:reversal|48:recover;attract|brick_break|bulk_up|calm_mind|double_team|facade|flash|focus_punch|frustration|hidden_power|light_screen|protect|psychic|rain_dance|reflect|rest|return|rock_smash|rock_tomb|secret_power|shadow_ball|strength|sunny_day|toxic;body_slam|counter|double_edge|dream_eater|dynamic_punch|endure|fire_punch|ice_punch|mega_kick|mega_punch|metronome|mimic|mud_slap|psych_up|seismic_toss|sleep_talk|snore|substitute|swagger|swift|thunder_punch;baton_pass|dynamic_punch|fake_out|fire_punch|foresight|ice_punch|thunder_punch;humanshape;medicham@37;;307;Meditador;0,6;11,2;azul;50;no;Se entrena en la profundidad de las montañas. Cuando aumenta su poder espiritual con meditación, levita.
medicham;Medicham;fighting|psychic;60;60;75;60;75;80;pure_power;;telepathy;medium_fast;144;90;speed:2;1:fire_punch|1:thunder_punch|1:ice_punch|1:bide|1:meditate|1:confusion|1:detect|18:hidden_power|22:mind_reader|28:calm_mind|32:high_jump_kick|40:psych_up|46:reversal|54:recover;attract|brick_break|bulk_up|calm_mind|double_team|facade|flash|focus_punch|frustration|hidden_power|hyper_beam|light_screen|protect|psychic|rain_dance|reflect|rest|return|rock_smash|rock_tomb|secret_power|shadow_ball|strength|sunny_day|toxic;body_slam|counter|double_edge|dream_eater|dynamic_punch|endure|fire_punch|ice_punch|mega_kick|mega_punch|metronome|mimic|mud_slap|psych_up|rock_slide|seismic_toss|sleep_talk|snore|substitute|swagger|swift|thunder_punch;baton_pass|dynamic_punch|fake_out|fire_punch|foresight|ice_punch|thunder_punch;humanshape;;;308;Meditador;1,3;31,5;rojo;50;no;Evita los ataques moviéndose de forma elegante, como si bailara. Ataca dando un golpe devastador y moviéndose igual.
electrike;Electrike;electric;40;45;40;65;40;65;static;lightning_rod;minus;slow;59;120;speed:1;1:tackle|4:thunder_wave|9:leer|12:howl|17:quick_attack|20:spark|25:odor_sleuth|28:roar|33:bite|36:thunder|41:charge;attract|double_team|facade|flash|frustration|hidden_power|iron_tail|protect|rain_dance|rest|return|roar|secret_power|shock_wave|strength|thief|thunder|thunderbolt|toxic;body_slam|double_edge|endure|mimic|mud_slap|sleep_talk|snore|substitute|swagger|swift|thunder_wave;crunch|curse|headbutt|swift|uproar;ground;manectric@26;;309;Calambre;0,6;15,2;verde;50;no;Estimula sus músculos y aumenta sus reflejos con la electricidad que almacena su pelaje.
manectric;Manectric;electric;70;75;60;105;60;105;static;lightning_rod;minus;slow;166;45;speed:2;1:tackle|1:thunder_wave|1:leer|1:howl|17:quick_attack|20:spark|25:odor_sleuth|31:roar|39:bite|45:thunder|53:charge;attract|double_team|facade|flash|frustration|hidden_power|hyper_beam|iron_tail|protect|rain_dance|rest|return|roar|secret_power|shock_wave|strength|thief|thunder|thunderbolt|toxic;body_slam|double_edge|endure|mimic|mud_slap|sleep_talk|snore|substitute|swagger|swift|thunder_wave;crunch|curse|headbutt|swift|uproar;ground;;;310;Descarga;1,5;40,2;amarillo;50;no;No suele aparecer ante la gente. Dicen que suele colocar su nido donde caen los rayos.
plusle;Plusle;electric;60;50;40;85;75;95;plus;;lightning_rod;medium_fast;142;200;speed:1;1:growl|4:thunder_wave|10:quick_attack|13:helping_hand|19:spark|22:encore|28:fake_tears|31:charge|37:thunder|40:baton_pass|47:agility;attract|double_team|facade|flash|frustration|hidden_power|iron_tail|light_screen|protect|rain_dance|rest|return|secret_power|shock_wave|thunder|thunderbolt|toxic;body_slam|counter|defense_curl|double_edge|dynamic_punch|endure|mega_kick|mega_punch|metronome|mimic|mud_slap|rollout|seismic_toss|sleep_talk|snore|substitute|swagger|swift|thunder_punch|thunder_wave;substitute|wish;fairy;;;311;Ánimo;0,4;4,2;amarillo;50;no;Anima a sus compañeros con pompones de chispas. Roba energía de los postes telefónicos.
minun;Minun;electric;60;40;50;75;85;95;minus;;volt_absorb;medium_fast;142;200;speed:1;1:growl|4:thunder_wave|10:quick_attack|13:helping_hand|19:spark|22:encore|28:charm|31:charge|37:thunder|40:baton_pass|47:agility;attract|double_team|facade|flash|frustration|hidden_power|iron_tail|light_screen|protect|rain_dance|rest|return|secret_power|shock_wave|thunder|thunderbolt|toxic;body_slam|counter|defense_curl|double_edge|dynamic_punch|endure|mega_kick|mega_punch|metronome|mimic|mud_slap|rollout|seismic_toss|sleep_talk|snore|substitute|swagger|swift|thunder_punch|thunder_wave;substitute|wish;fairy;;;312;Ánimo;0,4;4,2;amarillo;50;no;La electricidad de Minun y Plusle es buena para la circulación y para desentumecer músculos.
volbeat;Volbeat;bug;65;73;75;47;85;85;illuminate;swarm;prankster;erratic;151;150;speed:1;1:tackle|5:confuse_ray|9:double_team|13:moonlight|17:quick_attack|21:tail_glow|25:signal_beam|29:protect|33:helping_hand|37:double_edge;aerial_ace|attract|brick_break|double_team|facade|flash|focus_punch|frustration|giga_drain|hidden_power|light_screen|protect|rain_dance|rest|return|secret_power|shadow_ball|shock_wave|solar_beam|sunny_day|thief|thunder|thunderbolt|toxic|water_pulse;body_slam|counter|double_edge|dynamic_punch|endure|ice_punch|mega_kick|mega_punch|metronome|mimic|mud_slap|psych_up|seismic_toss|sleep_talk|snore|substitute|swagger|swift|thunder_punch|thunder_wave;baton_pass|silver_wind|trick;bug|humanshape;;;313;Luciérnaga;0,7;17,7;gris;0;no;Se comunica con otros iluminando su cola por la noche. Le encanta el suave aroma de Illumise.
illumise;Illumise;bug;65;47;75;73;85;85;oblivious;tinted_lens;prankster;fluctuating;151;150;speed:1;1:tackle|5:sweet_scent|9:charm|13:moonlight|17:quick_attack|21:wish|25:encore|29:flatter|33:helping_hand|37:covet;aerial_ace|attract|brick_break|double_team|facade|flash|focus_punch|frustration|giga_drain|hidden_power|light_screen|protect|rain_dance|rest|return|secret_power|shadow_ball|shock_wave|solar_beam|sunny_day|thief|thunder|thunderbolt|toxic|water_pulse;body_slam|counter|double_edge|dynamic_punch|endure|ice_punch|mega_kick|mega_punch|metronome|mimic|mud_slap|psych_up|seismic_toss|sleep_talk|snore|substitute|swagger|swift|thunder_punch|thunder_wave;baton_pass|growth|silver_wind;bug|humanshape;;;314;Luciérnaga;0,6;17,7;morado;100;no;Con su dulce aroma guía a grupos de Volbeat para que tracen hasta 200 dibujos distintos en el cielo nocturno.
roselia;Roselia;grass|poison;50;60;45;100;80;65;natural_cure;poison_point;leaf_guard;medium_slow;140;150;sp_attack:2;1:absorb|5:growth|9:poison_sting|13:stun_spore|17:mega_drain|21:leech_seed|25:magical_leaf|29:grass_whistle|33:giga_drain|37:sweet_scent|41:ingrain|45:toxic|49:petal_dance|53:aromatherapy|57:synthesis;attract|bullet_seed|cut|double_team|facade|flash|frustration|giga_drain|hidden_power|protect|rest|return|secret_power|shadow_ball|sludge_bomb|solar_beam|sunny_day|toxic;body_slam|double_edge|endure|fury_cutter|mimic|mud_slap|psych_up|sleep_talk|snore|substitute|swagger|swift|swords_dance;cotton_spore|pin_missile|spikes|synthesis;fairy|plant;roserade@objeto:shiny_stone;;315;Espina;0,3;2;verde;50;no;Ataca con sus manos, en las que tiene un tipo de veneno diferente en cada una. Cuanto más aroma, mejor salud tiene.
gulpin;Gulpin;poison;70;43;53;43;53;40;liquid_ooze;sticky_hold;gluttony;fluctuating;60;225;hp:1;1:pound|6:yawn|9:poison_gas|14:sludge|17:amnesia|23:encore|28:toxic|34:stockpile|34:spit_up|34:swallow|39:sludge_bomb;attract|bullet_seed|double_team|facade|frustration|giga_drain|hidden_power|ice_beam|protect|rain_dance|rest|return|rock_smash|secret_power|shadow_ball|shock_wave|sludge_bomb|snatch|solar_beam|strength|sunny_day|toxic|water_pulse;body_slam|counter|defense_curl|double_edge|dream_eater|dynamic_punch|endure|explosion|fire_punch|ice_punch|mimic|mud_slap|rollout|sleep_talk|snore|substitute|swagger|thunder_punch;acid_armor|dream_eater|pain_split|smog;indeterminate;swalot@26;;316;Estómago;0,4;10,3;verde;50;no;"Sus sesos y corazón son diminutos; es casi todo estómago. Sus jugos gástricos disuelven lo que sea."
swalot;Swalot;poison;100;73;83;73;83;55;liquid_ooze;sticky_hold;gluttony;fluctuating;163;75;hp:2;1:pound|1:yawn|1:poison_gas|1:sludge|17:amnesia|23:encore|26:body_slam|31:toxic|40:stockpile|40:spit_up|40:swallow|48:sludge_bomb;attract|bullet_seed|double_team|facade|frustration|giga_drain|hidden_power|hyper_beam|ice_beam|protect|rain_dance|rest|return|rock_smash|secret_power|shadow_ball|shock_wave|sludge_bomb|snatch|solar_beam|strength|sunny_day|toxic|water_pulse;body_slam|counter|defense_curl|double_edge|dream_eater|dynamic_punch|endure|explosion|fire_punch|ice_punch|mimic|mud_slap|rollout|sleep_talk|snore|substitute|swagger|thunder_punch;acid_armor|dream_eater|pain_split|smog;indeterminate;;;317;Bolsa Veneno;1,7;80;morado;50;no;Se traga cualquier cosa de una pieza. Sus poros segregan fluidos tóxicos que dañan a sus enemigos.
carvanha;Carvanha;water|dark;45;90;20;65;20;65;rough_skin;;speed_boost;slow;61;225;attack:1;1:leer|1:bite|7:rage|13:focus_energy|16:scary_face|22:crunch|28:screech|31:take_down|37:swagger|43:agility;attract|blizzard|dive|double_team|facade|frustration|hail|hidden_power|ice_beam|protect|rain_dance|rest|return|secret_power|surf|taunt|thief|torment|toxic|water_pulse|waterfall;double_edge|endure|fury_cutter|icy_wind|mimic|mud_slap|sleep_talk|snore|substitute|swagger|swift;double_edge|hydro_pump|thrash;water2;sharpedo@30;;318;Feroz;0,8;20,8;rojo;50;no;Atacan en grupo a los barcos y los hunden a base de bocados. Habitan en los ríos de la jungla.
sharpedo;Sharpedo;water|dark;70;120;40;95;40;95;rough_skin;;speed_boost;slow;161;60;attack:2;1:leer|1:bite|1:rage|1:focus_energy|16:scary_face|22:crunch|28:screech|33:slash|38:taunt|43:swagger|48:skull_bash|53:agility;attract|blizzard|dive|double_team|earthquake|facade|frustration|hail|hidden_power|hyper_beam|ice_beam|protect|rain_dance|rest|return|roar|rock_smash|rock_tomb|secret_power|strength|surf|taunt|thief|torment|toxic|water_pulse|waterfall;double_edge|endure|fury_cutter|icy_wind|mimic|mud_slap|sleep_talk|snore|substitute|swagger|swift;double_edge|hydro_pump|thrash;water2;;;319;Voraz;1,8;88,8;azul;50;no;Con sus colmillos puede atravesar el acero. Nada a 120 km/h. Le llaman el Terror de los Mares.
wailmer;Wailmer;water;130;70;35;70;35;60;water_veil;oblivious;pressure;fluctuating;80;125;hp:1;1:splash|5:growl|10:water_gun|14:rollout|19:whirlpool|23:astonish|28:water_pulse|32:mist|37:rest|41:water_spout|46:amnesia|50:hydro_pump;attract|blizzard|dive|double_team|earthquake|facade|frustration|hail|hidden_power|ice_beam|protect|rain_dance|rest|return|roar|rock_smash|rock_tomb|secret_power|strength|surf|toxic|water_pulse|waterfall;body_slam|defense_curl|double_edge|endure|icy_wind|mimic|rollout|sleep_talk|snore|substitute|swagger;curse|double_edge|fissure|sleep_talk|snore|swagger|thrash|tickle;ground|water2;wailord@40;;320;Ballenabola;2;130;azul;50;no;Le gusta botar como una pelota de playa. Cuanta más agua de mar traga, más alto puede llegar.
wailord;Wailord;water;170;90;45;90;45;60;water_veil;oblivious;pressure;fluctuating;175;60;hp:2;1:splash|1:growl|1:water_gun|1:rollout|19:whirlpool|23:astonish|28:water_pulse|32:mist|37:rest|44:water_spout|52:amnesia|59:hydro_pump;attract|blizzard|dive|double_team|earthquake|facade|frustration|hail|hidden_power|hyper_beam|ice_beam|protect|rain_dance|rest|return|roar|rock_smash|rock_tomb|secret_power|strength|surf|toxic|water_pulse|waterfall;body_slam|defense_curl|double_edge|endure|icy_wind|mimic|rollout|sleep_talk|snore|substitute|swagger;curse|double_edge|fissure|sleep_talk|snore|swagger|thrash|tickle;ground|water2;;;321;Ballenaflot;14,5;398;azul;50;no;Puede dejar fuera de combate a sus oponentes con el impacto de su enorme cuerpo al caer en el agua tras un salto.
numel;Numel;fire|ground;60;60;40;65;45;35;oblivious;simple;own_tempo;medium_fast;61;255;sp_attack:1;1:growl|1:tackle|11:ember|19:magnitude|25:focus_energy|29:take_down|31:amnesia|35:earthquake|41:flamethrower|49:double_edge;attract|dig|double_team|earthquake|facade|fire_blast|flamethrower|frustration|hidden_power|overheat|protect|rest|return|rock_smash|rock_tomb|sandstorm|secret_power|strength|sunny_day|toxic;body_slam|defense_curl|double_edge|endure|mimic|mud_slap|rock_slide|rollout|sleep_talk|snore|substitute|swagger;body_slam|defense_curl|howl|rollout|scary_face|stomp;ground;camerupt@33;;322;Torpe;0,7;24;amarillo;50;no;En su joroba almacena magma ardiente que se enfría cuando llueve y lo ralentiza.
camerupt;Camerupt;fire|ground;70;100;70;105;75;40;magma_armor;solid_rock;anger_point;medium_fast;161;150;attack:1|sp_attack:1;1:growl|1:tackle|1:ember|1:magnitude|25:focus_energy|29:take_down|31:amnesia|33:rock_slide|37:earthquake|45:eruption|55:fissure;attract|dig|double_team|earthquake|facade|fire_blast|flamethrower|frustration|hidden_power|hyper_beam|overheat|protect|rest|return|roar|rock_smash|rock_tomb|sandstorm|secret_power|strength|sunny_day|toxic;body_slam|defense_curl|double_edge|endure|explosion|mimic|mud_slap|rock_slide|rollout|sleep_talk|snore|substitute|swagger;body_slam|defense_curl|howl|rollout|scary_face|stomp;ground;;;323;Erupción;1,9;220;rojo;50;no;Los volcanes de su joroba entran en erupción cada 10 años o cuando Camerupt se enfada mucho.
torkoal;Torkoal;fire;70;85;140;85;70;20;white_smoke;drought;shell_armor;medium_fast;165;90;defense:2;1:ember|4:smog|7:curse|14:smokescreen|17:fire_spin|20:body_slam|27:protect|30:flamethrower|33:iron_defense|40:amnesia|43:flail|46:heat_wave;attract|double_team|facade|fire_blast|flamethrower|frustration|hidden_power|iron_tail|overheat|protect|rest|return|rock_smash|secret_power|sludge_bomb|strength|sunny_day|toxic;body_slam|double_edge|endure|explosion|mimic|mud_slap|rock_slide|sleep_talk|snore|substitute|swagger;endure|eruption|sleep_talk|yawn;ground;;;324;Carbón;0,5;80,4;marrón;50;no;Trabaja sin descanso en minas en desuso localizando y extrayendo carbón.
spoink;Spoink;psychic;60;25;35;70;80;60;thick_fat;own_tempo;gluttony;fast;66;255;sp_defense:1;1:splash|7:psywave|10:odor_sleuth|16:psybeam|19:psych_up|25:confuse_ray|28:magic_coat|34:psychic|37:rest|37:snore|43:bounce;attract|calm_mind|double_team|facade|flash|frustration|hidden_power|iron_tail|light_screen|protect|psychic|rain_dance|reflect|rest|return|secret_power|shadow_ball|shock_wave|skill_swap|snatch|sunny_day|taunt|thief|torment|toxic;body_slam|double_edge|dream_eater|endure|icy_wind|mimic|psych_up|sleep_talk|snore|substitute|swagger|swift;extrasensory|future_sight|substitute|trick;ground;grumpig@32;;325;Saltarín;0,7;30,6;negro;50;no;Bota continuamente usando su cola como muelle. Salta para mantener el latido de su corazón.
grumpig;Grumpig;psychic;80;45;65;90;110;80;thick_fat;own_tempo;gluttony;fast;165;60;sp_defense:2;1:splash|1:psywave|1:odor_sleuth|1:psybeam|19:psych_up|25:confuse_ray|28:magic_coat|37:psychic|43:rest|43:snore|55:bounce;attract|calm_mind|double_team|facade|flash|focus_punch|frustration|hidden_power|hyper_beam|iron_tail|light_screen|protect|psychic|rain_dance|reflect|rest|return|secret_power|shadow_ball|shock_wave|skill_swap|snatch|sunny_day|taunt|thief|torment|toxic;body_slam|counter|double_edge|dream_eater|dynamic_punch|endure|fire_punch|ice_punch|icy_wind|mega_kick|mega_punch|mimic|mud_slap|psych_up|seismic_toss|sleep_talk|snore|substitute|swagger|swift|thunder_punch;extrasensory|future_sight|substitute|trick;ground;;;326;Manipulador;0,9;71,5;morado;50;no;Las perlas negras aumentan sus poderes psíquicos. Controla las mentes de sus rivales con un extraño baile.
spinda;Spinda;normal;60;60;60;60;60;60;own_tempo;tangled_feet;contrary;fast;126;255;sp_attack:1;1:tackle|5:uproar|12:feint_attack|16:psybeam|23:hypnosis|27:dizzy_punch|34:teeter_dance|38:psych_up|45:double_edge|49:flail|56:thrash;attract|brick_break|calm_mind|dig|double_team|facade|flash|focus_punch|frustration|hidden_power|protect|psychic|rain_dance|rest|return|rock_smash|rock_tomb|safeguard|secret_power|shadow_ball|shock_wave|skill_swap|snatch|strength|sunny_day|thief|toxic|water_pulse;body_slam|counter|defense_curl|double_edge|dream_eater|dynamic_punch|endure|fire_punch|ice_punch|icy_wind|mega_kick|mega_punch|metronome|mimic|mud_slap|psych_up|rock_slide|rollout|seismic_toss|sleep_talk|snore|substitute|swagger|swift|thunder_punch;assist|baton_pass|disable|encore|rock_slide|smelling_salts|trick|wish;ground|humanshape;;;327;Panda Topos;1,1;5;marrón;50;no;No hay dos Spinda que tengan idénticos pelajes. Su tambaleo al bailar confunde a los rivales.
trapinch;Trapinch;ground;45;100;45;45;45;10;hyper_cutter;arena_trap;sheer_force;medium_slow;58;255;attack:1;1:bite|9:sand_attack|17:feint_attack|25:sand_tomb|33:crunch|41:dig|49:sandstorm|57:hyper_beam;attract|dig|double_team|earthquake|facade|frustration|giga_drain|hidden_power|hyper_beam|protect|rest|return|rock_smash|rock_tomb|sandstorm|secret_power|solar_beam|strength|sunny_day|toxic;body_slam|double_edge|endure|mimic|mud_slap|rock_slide|sleep_talk|snore|substitute|swagger;focus_energy|gust|quick_attack;bug|dragon;vibrava@35;;328;Hormiga León;0,7;15;marrón;50;no;Habita desiertos áridos. Cava fosas profundas, en las que espera que caiga su presa.
vibrava;Vibrava;ground|dragon;50;70;50;50;50;70;levitate;;;medium_slow;119;120;attack:1|speed:1;1:bite|1:sand_attack|1:feint_attack|1:sand_tomb|33:crunch|35:dragon_breath|41:screech|49:sandstorm|57:hyper_beam;attract|dig|double_team|earthquake|facade|fly|frustration|giga_drain|hidden_power|hyper_beam|protect|rest|return|rock_smash|rock_tomb|sandstorm|secret_power|solar_beam|steel_wing|strength|sunny_day|toxic;body_slam|double_edge|endure|mimic|mud_slap|rock_slide|sleep_talk|snore|substitute|swagger|swift;focus_energy|gust|quick_attack;bug|dragon;flygon@45;;329;Vibrante;1,1;15,3;verde;50;no;Al agitar a gran velocidad ambas alas, emite ondas ultrasónicas que provocan fuertes dolores de cabeza.
flygon;Flygon;ground|dragon;80;100;80;80;80;100;levitate;;;medium_slow;234;45;attack:1|speed:2;1:bite|1:sand_attack|1:feint_attack|1:sand_tomb|33:crunch|35:dragon_breath|41:screech|53:sandstorm|65:hyper_beam;attract|dig|double_team|dragon_claw|earthquake|facade|fire_blast|flamethrower|fly|frustration|giga_drain|hidden_power|hyper_beam|iron_tail|protect|rest|return|rock_smash|rock_tomb|sandstorm|secret_power|solar_beam|steel_wing|strength|sunny_day|toxic;body_slam|double_edge|endure|fire_punch|fury_cutter|mimic|mud_slap|rock_slide|sleep_talk|snore|substitute|swagger|swift;focus_energy|gust|quick_attack;bug|dragon;;;330;Místico;2;82;verde;50;no;Su medio es el desierto. Para esconderse, levanta arena con las patas. Tiene los ojos protegidos con mallas rojas.
cacnea;Cacnea;grass;50;85;40;85;40;35;sand_veil;;water_absorb;medium_slow;67;190;sp_attack:1;1:poison_sting|1:leer|5:absorb|9:growth|13:leech_seed|17:sand_attack|21:pin_missile|25:ingrain|29:feint_attack|33:spikes|37:needle_arm|41:cotton_spore|45:sandstorm;attract|bullet_seed|cut|double_team|facade|flash|focus_punch|frustration|giga_drain|hidden_power|protect|rest|return|sandstorm|secret_power|solar_beam|sunny_day|toxic;body_slam|counter|double_edge|dynamic_punch|endure|fury_cutter|mega_punch|mimic|mud_slap|seismic_toss|sleep_talk|snore|substitute|swagger|swords_dance|thunder_punch;acid|counter|dynamic_punch|grass_whistle|teeter_dance;plant|humanshape;cacturne@32;;331;Cactus;0,4;51,3;verde;50;no;Vive en regiones secas y con pocas lluvias. Una vez al año, le brota una flor amarilla.
cacturne;Cacturne;grass|dark;70;115;60;115;60;55;sand_veil;;water_absorb;medium_slow;166;60;attack:1|sp_attack:1;1:poison_sting|1:leer|1:absorb|1:growth|13:leech_seed|17:sand_attack|21:pin_missile|25:ingrain|29:feint_attack|35:spikes|41:needle_arm|47:cotton_spore|53:sandstorm;attract|bullet_seed|cut|double_team|facade|flash|focus_punch|frustration|giga_drain|hidden_power|hyper_beam|protect|rest|return|sandstorm|secret_power|solar_beam|strength|sunny_day|toxic;body_slam|counter|double_edge|dynamic_punch|endure|fury_cutter|mega_kick|mega_punch|mimic|mud_slap|seismic_toss|sleep_talk|snore|substitute|swagger|swords_dance|thunder_punch;acid|counter|dynamic_punch|grass_whistle|teeter_dance;plant|humanshape;;;332;Espantajo;1,3;77,4;verde;50;no;Es un Pokémon nocturno. Busca presas agotadas por el calor diurno del desierto.
swablu;Swablu;normal|flying;45;40;60;40;75;50;natural_cure;;cloud_nine;erratic;62;255;sp_defense:1;1:peck|1:growl|8:astonish|11:sing|18:fury_attack|21:safeguard|28:mist|31:take_down|38:mirror_move|41:refresh|48:perish_song;aerial_ace|attract|double_team|facade|fly|frustration|hidden_power|ice_beam|protect|rain_dance|rest|return|safeguard|secret_power|solar_beam|steel_wing|sunny_day|thief|toxic;body_slam|double_edge|dream_eater|endure|mimic|mud_slap|psych_up|sleep_talk|snore|substitute|swagger|swift;agility|haze|pursuit|rage;flying|dragon;altaria@35;;333;Ave Algodón;0,4;1,2;azul;50;no;Se desconoce el porqué, pero le encanta posarse sobre la cabeza de los humanos y fingir que es un gorro.
altaria;Altaria;dragon|flying;75;70;90;70;105;80;natural_cure;;cloud_nine;erratic;172;45;sp_defense:2;1:peck|1:growl|1:astonish|1:sing|18:fury_attack|21:safeguard|28:mist|31:take_down|35:dragon_breath|40:dragon_dance|45:refresh|54:perish_song|59:sky_attack;aerial_ace|attract|double_team|dragon_claw|earthquake|facade|fire_blast|flamethrower|fly|frustration|hidden_power|hyper_beam|ice_beam|iron_tail|protect|rain_dance|rest|return|roar|rock_smash|safeguard|secret_power|solar_beam|steel_wing|sunny_day|thief|toxic;body_slam|double_edge|dream_eater|endure|mimic|mud_slap|psych_up|sleep_talk|snore|substitute|swagger|swift;agility|haze|pursuit|rage;flying|dragon;;;334;Cantor;1,1;20,6;azul;50;no;Vuela pausadamente por el cielo azul. Su hermoso trino cautiva a todo aquel que lo escucha.
zangoose;Zangoose;normal;73;115;60;60;60;90;immunity;;toxic_boost;erratic;160;90;attack:2;1:scratch|4:leer|7:quick_attack|10:swords_dance|13:fury_cutter|19:slash|25:pursuit|31:crush_claw|37:taunt|46:detect|55:false_swipe;aerial_ace|attract|blizzard|brick_break|dig|double_team|facade|fire_blast|flamethrower|focus_punch|frustration|giga_drain|hidden_power|ice_beam|iron_tail|protect|rain_dance|rest|return|roar|rock_smash|secret_power|shadow_ball|shock_wave|solar_beam|strength|sunny_day|taunt|thief|thunder|thunderbolt|toxic|water_pulse;body_slam|counter|defense_curl|double_edge|dynamic_punch|endure|fire_punch|fury_cutter|ice_punch|icy_wind|mega_kick|mega_punch|mimic|mud_slap|rock_slide|rollout|seismic_toss|sleep_talk|snore|substitute|swagger|swift|swords_dance|thunder_punch|thunder_wave;counter|curse|double_kick|flail|razor_wind|roar;ground;;;335;Gato Hurón;1,3;40,3;blanco;50;no;Hace muchos años que se enfrenta a Seviper. Su arma más eficaz son sus zarpas afiladas.
seviper;Seviper;poison;73;100;60;100;60;65;shed_skin;;infiltrator;fluctuating;160;90;attack:1|sp_attack:1;1:wrap|7:lick|10:bite|16:poison_tail|19:screech|25:glare|28:crunch|34:poison_fang|37:swagger|43:haze;attract|dig|double_team|earthquake|facade|flamethrower|frustration|giga_drain|hidden_power|iron_tail|protect|rain_dance|rest|return|rock_smash|secret_power|sludge_bomb|snatch|strength|sunny_day|taunt|thief|toxic;body_slam|double_edge|endure|fury_cutter|mimic|mud_slap|sleep_talk|snore|substitute|swagger|swift;body_slam|spit_up|stockpile|swallow;ground|dragon;;;336;Colmillos;2,7;52,5;negro;50;no;Hace frente a Zangoose con su agilidad y su afilada cola, que está cargada con un veneno letal.
lunatone;Lunatone;rock|psychic;90;55;65;95;85;70;levitate;;;fast;161;45;sp_attack:2;1:tackle|1:harden|7:confusion|13:rock_throw|19:hypnosis|25:psywave|31:cosmic_power|37:psychic|43:future_sight|49:explosion;calm_mind|double_team|earthquake|facade|flash|frustration|hidden_power|hyper_beam|ice_beam|light_screen|protect|psychic|rain_dance|reflect|rest|return|rock_tomb|safeguard|sandstorm|secret_power|shadow_ball|skill_swap|toxic;body_slam|defense_curl|double_edge|dream_eater|endure|explosion|mimic|psych_up|rock_slide|rollout|sleep_talk|snore|substitute|swagger|swift;;mineral;;;337;Meteorito;1;168;amarillo;sin_genero;no;Se piensa que está muy influido por las fases lunares, ya que solo actúa en noches de luna llena.
solrock;Solrock;rock|psychic;90;95;85;55;65;70;levitate;;;fast;161;45;attack:2;1:tackle|1:harden|7:confusion|13:rock_throw|19:fire_spin|25:psywave|31:cosmic_power|37:rock_slide|43:solar_beam|49:explosion;calm_mind|double_team|earthquake|facade|fire_blast|flamethrower|flash|frustration|hidden_power|hyper_beam|light_screen|overheat|protect|psychic|reflect|rest|return|rock_tomb|safeguard|sandstorm|secret_power|shadow_ball|skill_swap|solar_beam|sunny_day|toxic;body_slam|defense_curl|double_edge|dream_eater|endure|explosion|mimic|psych_up|rock_slide|rollout|sleep_talk|snore|substitute|swagger|swift;;mineral;;;338;Meteorito;1,2;154;rojo;sin_genero;no;Usa el sol como fuente de energía, por lo que es más poderoso de día. Brilla al rotar.
barboach;Barboach;water|ground;50;48;43;46;41;60;oblivious;anticipation;hydration;medium_fast;58;190;hp:1;1:mud_slap|6:mud_sport|6:water_sport|11:water_gun|16:magnitude|21:amnesia|26:rest|26:snore|31:earthquake|36:future_sight|41:fissure;attract|blizzard|dive|double_team|earthquake|facade|frustration|hail|hidden_power|ice_beam|protect|rain_dance|rest|return|rock_tomb|sandstorm|secret_power|surf|toxic|water_pulse|waterfall;double_edge|endure|icy_wind|mimic|mud_slap|sleep_talk|snore|substitute|swagger;spark|thrash|whirlpool;water2;whiscash@30;;339;Bigotudo;0,4;1,9;gris;50;no;Recubre su cuerpo de una película viscosa que le permite escapar si alguien lo agarra.
whiscash;Whiscash;water|ground;110;78;73;76;71;60;oblivious;anticipation;hydration;medium_fast;164;75;hp:2;1:tickle|1:mud_slap|1:mud_sport|1:water_sport|11:water_gun|16:magnitude|21:amnesia|26:rest|26:snore|36:earthquake|46:future_sight|56:fissure;attract|blizzard|dive|double_team|earthquake|facade|frustration|hail|hidden_power|hyper_beam|ice_beam|protect|rain_dance|rest|return|rock_smash|rock_tomb|sandstorm|secret_power|strength|surf|toxic|water_pulse|waterfall;double_edge|endure|icy_wind|mimic|mud_slap|rock_slide|sleep_talk|snore|substitute|swagger;spark|thrash|whirlpool;water2;;;340;Bigotudo;0,9;23,6;azul;50;no;Habita en grandes pantanos. Si se acerca un enemigo, se alborota y causa temblores monumentales.
corphish;Corphish;water;43;80;65;50;35;35;hyper_cutter;shell_armor;adaptability;fluctuating;62;205;attack:1;1:bubble|7:harden|10:vice_grip|13:leer|20:bubble_beam|23:protect|26:knock_off|32:taunt|35:crabhammer|38:swords_dance|44:guillotine;aerial_ace|attract|blizzard|brick_break|cut|dig|double_team|facade|frustration|hail|hidden_power|ice_beam|protect|rain_dance|rest|return|rock_smash|rock_tomb|secret_power|sludge_bomb|strength|surf|taunt|toxic|water_pulse|waterfall;body_slam|counter|double_edge|endure|fury_cutter|icy_wind|mimic|mud_slap|sleep_talk|snore|substitute|swagger|swords_dance;ancient_power|body_slam|endeavor|mud_sport;water1|water3;crawdaunt@30;;341;Rufián;0,6;11,5;rojo;50;no;Por sucio o contaminado que esté el río, se adaptan rápido y se multiplican. Poseen una gran fuerza vital.
crawdaunt;Crawdaunt;water|dark;63;120;85;90;55;55;hyper_cutter;shell_armor;adaptability;fluctuating;164;155;attack:2;1:bubble|1:harden|1:vice_grip|1:leer|20:bubble_beam|23:protect|26:knock_off|34:taunt|39:crabhammer|44:swords_dance|52:guillotine;aerial_ace|attract|blizzard|brick_break|cut|dig|dive|double_team|facade|frustration|hail|hidden_power|hyper_beam|ice_beam|protect|rain_dance|rest|return|rock_smash|rock_tomb|secret_power|sludge_bomb|strength|surf|taunt|toxic|water_pulse|waterfall;body_slam|counter|double_edge|endure|fury_cutter|icy_wind|mimic|mud_slap|sleep_talk|snore|substitute|swagger|swift|swords_dance;ancient_power|body_slam|endeavor|mud_sport;water1|water3;;;342;Granuja;1,1;32,8;rojo;50;no;Este malandrín usa sus pinzas para atosigar y expulsar a los otros Pokémon que viven en su estanque.
baltoy;Baltoy;ground|psychic;40;40;55;40;70;55;levitate;;;medium_fast;60;255;sp_defense:1;1:confusion|3:harden|5:rapid_spin|7:mud_slap|11:psybeam|15:rock_tomb|19:self_destruct|25:ancient_power|31:sandstorm|37:cosmic_power|45:explosion;dig|double_team|earthquake|facade|flash|frustration|hidden_power|ice_beam|light_screen|protect|psychic|rain_dance|reflect|rest|return|rock_tomb|sandstorm|secret_power|shadow_ball|skill_swap|solar_beam|sunny_day|toxic;double_edge|dream_eater|endure|explosion|mimic|mud_slap|psych_up|rock_slide|sleep_talk|snore|substitute|swagger;;mineral;claydol@36;;343;Muñeca Barro;0,5;21,5;marrón;sin_genero;no;Se mueve girando sobre su eje. También se le puede ver girando cabeza abajo.
claydol;Claydol;ground|psychic;60;70;105;70;120;75;levitate;;;medium_fast;175;90;sp_defense:2;1:teleport|1:confusion|1:harden|1:rapid_spin|7:mud_slap|11:psybeam|15:rock_tomb|19:self_destruct|25:ancient_power|31:sandstorm|36:hyper_beam|42:cosmic_power|55:explosion;dig|double_team|earthquake|facade|flash|frustration|hidden_power|hyper_beam|ice_beam|light_screen|protect|psychic|rain_dance|reflect|rest|return|rock_smash|rock_tomb|sandstorm|secret_power|shadow_ball|skill_swap|solar_beam|strength|sunny_day|toxic;double_edge|dream_eater|endure|explosion|mimic|mud_slap|psych_up|rock_slide|sleep_talk|snore|substitute|swagger;;mineral;;;344;Muñeca Barro;1,5;108;negro;sin_genero;no;Este Pokémon es una vieja figurilla de barro que cobró vida mediante la exposición a extraños rayos de luz.
lileep;Lileep;rock|grass;66;41;77;61;87;23;suction_cups;;storm_drain;erratic;71;45;sp_defense:1;1:astonish|8:constrict|15:acid|22:ingrain|29:confuse_ray|36:amnesia|43:ancient_power|50:stockpile|50:spit_up|50:swallow;attract|bullet_seed|double_team|facade|frustration|giga_drain|hidden_power|protect|rest|return|sandstorm|secret_power|sludge_bomb|solar_beam|sunny_day|toxic;body_slam|double_edge|endure|mimic|mud_slap|psych_up|rock_slide|sleep_talk|snore|substitute|swagger;barrier|mirror_coat|recover|rock_slide;water3;cradily@40;;345;Lirio de Mar;1;23,8;morado;12,5;no;Se extinguió hace 100 millones de años. Sus tentáculos parecen pétalos para atraer a sus presas.
cradily;Cradily;rock|grass;86;81;97;81;107;43;suction_cups;;storm_drain;erratic;173;45;sp_defense:2;1:astonish|1:constrict|1:acid|1:ingrain|29:confuse_ray|36:amnesia|48:ancient_power|60:stockpile|60:spit_up|60:swallow;attract|bullet_seed|double_team|earthquake|facade|frustration|giga_drain|hidden_power|hyper_beam|protect|rest|return|rock_smash|rock_tomb|sandstorm|secret_power|sludge_bomb|solar_beam|strength|sunny_day|toxic;body_slam|double_edge|endure|mimic|mud_slap|psych_up|rock_slide|sleep_talk|snore|substitute|swagger;barrier|mirror_coat|recover|rock_slide;water3;;;346;Percebe;1,5;60,4;verde;12,5;no;Vive en el fondo de los mares de aguas templadas. Emerge para cazar cuando baja la marea.
anorith;Anorith;rock|bug;45;95;50;40;50;75;battle_armor;;swift_swim;erratic;71;45;attack:1;1:scratch|7:harden|13:mud_sport|19:water_gun|25:metal_claw|31:protect|37:ancient_power|43:fury_cutter|49:slash|55:rock_blast;aerial_ace|attract|brick_break|cut|dig|double_team|facade|frustration|hidden_power|protect|rest|return|rock_smash|rock_tomb|sandstorm|secret_power|sunny_day|toxic|water_pulse;body_slam|double_edge|endure|fury_cutter|mimic|mud_slap|rock_slide|sleep_talk|snore|substitute|swagger|swords_dance;knock_off|rapid_spin|rock_slide|swords_dance;water3;armaldo@40;;347;Camarón;0,7;12,5;gris;12,5;no;Es una especie de Pokémon predecesor. Estira las pinzas para cazar a sus presas, que se esconden en las rocas del mar.
armaldo;Armaldo;rock|bug;75;125;100;70;80;45;battle_armor;;swift_swim;erratic;173;45;attack:2;1:scratch|1:harden|1:mud_sport|1:water_gun|25:metal_claw|31:protect|37:ancient_power|46:fury_cutter|55:slash|64:rock_blast;aerial_ace|attract|brick_break|cut|dig|double_team|earthquake|facade|frustration|hidden_power|hyper_beam|iron_tail|protect|rest|return|rock_smash|rock_tomb|sandstorm|secret_power|strength|sunny_day|toxic|water_pulse;body_slam|double_edge|endure|fury_cutter|mimic|mud_slap|rock_slide|seismic_toss|sleep_talk|snore|substitute|swagger|swords_dance;knock_off|rapid_spin|rock_slide|swords_dance;water3;;;348;Armadura;1,5;68,2;gris;12,5;no;Ensarta a sus presas con sus gigantescas garras elásticas. Una fuerte coraza cubre su cuerpo.
feebas;Feebas;water;20;15;20;10;55;80;swift_swim;oblivious;adaptability;erratic;40;255;speed:1;1:splash|15:tackle|30:flail;attract|blizzard|dive|double_team|facade|frustration|hail|hidden_power|ice_beam|protect|rain_dance|rest|return|secret_power|surf|toxic|water_pulse|waterfall;double_edge|endure|icy_wind|mimic|sleep_talk|snore|substitute|swagger|swift;confuse_ray|dragon_breath|hypnosis|light_screen|mirror_coat|mud_sport;water1|dragon;milotic@intercambio:prism_scale;;349;Pez;0,6;7,4;marrón;50;no;Come de todo, por lo que puede vivir en aguas contaminadas. Nadie le presta atención.
milotic;Milotic;water;95;60;79;100;125;81;marvel_scale;competitive;cute_charm;erratic;189;60;sp_defense:2;1:water_gun|5:wrap|10:water_sport|15:refresh|20:water_pulse|25:twister|30:recover|35:rain_dance|40:hydro_pump|45:attract|50:safeguard;attract|blizzard|dive|double_team|facade|frustration|hail|hidden_power|hyper_beam|ice_beam|iron_tail|protect|rain_dance|rest|return|safeguard|secret_power|surf|toxic|water_pulse|waterfall;body_slam|double_edge|endure|icy_wind|mimic|mud_slap|psych_up|sleep_talk|snore|substitute|swagger|swift;confuse_ray|dragon_breath|hypnosis|light_screen|mirror_coat|mud_sport;water1|dragon;;;350;Tierno;6,2;162;rosa;50;no;Milotic es impresionantemente bello. Quienes lo ven, temen perder las ganas de luchar contra él.
castform;Castform;normal;70;70;70;70;70;70;forecast;;;medium_fast;147;45;hp:1;1:tackle|10:water_gun|10:ember|10:powder_snow|20:rain_dance|20:sunny_day|20:hail|30:weather_ball;attract|blizzard|double_team|facade|fire_blast|flamethrower|flash|frustration|hail|hidden_power|ice_beam|protect|rain_dance|rest|return|sandstorm|secret_power|shadow_ball|shock_wave|solar_beam|sunny_day|thief|thunder|thunderbolt|toxic|water_pulse;body_slam|defense_curl|double_edge|endure|icy_wind|mimic|psych_up|sleep_talk|snore|substitute|swagger|swift|thunder_wave;future_sight|psych_up;fairy|indeterminate;;;351;Clima;0,3;0,8;gris;50;no;Sus células son muy sensibles a los cambios de temperatura y humedad y se adapta sin problema.
kecleon;Kecleon;normal;60;90;70;60;120;40;color_change;;protean;medium_slow;154;200;sp_defense:1;1:thief|1:tail_whip|1:astonish|1:lick|1:scratch|4:bind|7:feint_attack|12:fury_swipes|17:psybeam|24:screech|31:slash|40:substitute|49:ancient_power;aerial_ace|attract|blizzard|brick_break|cut|dig|double_team|facade|fire_blast|flamethrower|flash|focus_punch|frustration|hidden_power|ice_beam|iron_tail|protect|rain_dance|rest|return|rock_smash|rock_tomb|secret_power|shadow_ball|shock_wave|skill_swap|snatch|solar_beam|strength|sunny_day|thief|thunder|thunderbolt|toxic|water_pulse;body_slam|counter|defense_curl|double_edge|dynamic_punch|endure|fire_punch|fury_cutter|ice_punch|icy_wind|mega_kick|mega_punch|metronome|mimic|mud_slap|psych_up|rock_slide|rollout|seismic_toss|sleep_talk|snore|substitute|swagger|swift|thunder_punch|thunder_wave;disable|magic_coat|trick;ground;;;352;Camaleónico;1;22;verde;50;no;Puede mudar el color de su cuerpo a voluntad, pero el dibujo en zigzag de su panza nunca desaparece.
shuppet;Shuppet;ghost;44;75;35;63;33;45;insomnia;frisk;cursed_body;fast;59;225;attack:1;1:knock_off|8:screech|13:night_shade|20:curse|25:spite|32:will_o_wisp|37:feint_attack|44:shadow_ball|49:snatch|56:grudge;attract|calm_mind|double_team|facade|flash|frustration|hidden_power|protect|psychic|rain_dance|rest|return|secret_power|shadow_ball|shock_wave|skill_swap|snatch|sunny_day|taunt|thief|thunder|thunderbolt|torment|toxic;body_slam|double_edge|dream_eater|endure|icy_wind|mimic|psych_up|sleep_talk|snore|substitute|swagger|thunder_wave;astonish|destiny_bond|disable|foresight|imprison;indeterminate;banette@37;;353;Títere;0,6;2,3;negro;50;no;Dicen que con su cuerno se alimenta de sentimientos de celos y envidia. Es muy activo a medianoche.
banette;Banette;ghost;64;115;65;83;63;65;insomnia;frisk;cursed_body;fast;159;45;attack:2;1:knock_off|1:screech|1:night_shade|1:curse|25:spite|32:will_o_wisp|39:feint_attack|48:shadow_ball|55:snatch|64:grudge;attract|calm_mind|double_team|facade|flash|frustration|hidden_power|hyper_beam|protect|psychic|rain_dance|rest|return|secret_power|shadow_ball|shock_wave|skill_swap|snatch|sunny_day|taunt|thief|thunder|thunderbolt|torment|toxic;body_slam|double_edge|dream_eater|endure|icy_wind|metronome|mimic|mud_slap|psych_up|sleep_talk|snore|substitute|swagger|thunder_wave;astonish|destiny_bond|disable|foresight|imprison;indeterminate;;;354;Marioneta;1,1;12,5;negro;50;no;Este muñeco se convirtió en un Pokémon cuando lo tiraron a la basura. Busca a su antiguo dueño.
duskull;Duskull;ghost;20;40;90;30;90;25;levitate;;frisk;fast;59;190;sp_defense:1;1:leer|1:night_shade|5:disable|12:foresight|16:astonish|23:confuse_ray|27:pursuit|34:curse|38:will_o_wisp|45:mean_look|49:future_sight;attract|blizzard|calm_mind|double_team|facade|flash|frustration|hidden_power|ice_beam|protect|psychic|rain_dance|rest|return|secret_power|shadow_ball|skill_swap|snatch|sunny_day|taunt|thief|torment|toxic;body_slam|double_edge|dream_eater|endure|icy_wind|mimic|psych_up|sleep_talk|snore|substitute|swagger;destiny_bond|feint_attack|grudge|imprison|memento|pain_split;indeterminate;dusclops@37;;355;Réquiem;0,8;15;negro;50;no;Persigue a su presa sin descanso allá donde vaya. No obstante, abandona la caza al amanecer.
dusclops;Dusclops;ghost;40;70;130;60;130;25;pressure;;frisk;fast;159;90;defense:1|sp_defense:1;1:bind|1:leer|1:night_shade|1:disable|12:foresight|16:astonish|23:confuse_ray|27:pursuit|34:curse|37:shadow_punch|41:will_o_wisp|51:mean_look|58:future_sight;attract|blizzard|calm_mind|double_team|earthquake|facade|flash|focus_punch|frustration|hidden_power|hyper_beam|ice_beam|protect|psychic|rain_dance|rest|return|rock_smash|rock_tomb|secret_power|shadow_ball|skill_swap|snatch|strength|sunny_day|taunt|thief|torment|toxic;body_slam|counter|double_edge|dream_eater|dynamic_punch|endure|fire_punch|ice_punch|icy_wind|mega_kick|mega_punch|metronome|mimic|mud_slap|psych_up|rock_slide|seismic_toss|sleep_talk|snore|substitute|swagger|thunder_punch;destiny_bond|feint_attack|grudge|imprison|memento|pain_split;indeterminate;dusknoir@intercambio:reaper_cloth;;356;Atrayente;1,6;30,6;negro;50;no;Si alguien mira los fuegos fatuos del interior de Dusclops, perderá su alma irremediablemente.
tropius;Tropius;grass|flying;99;68;83;72;87;51;chlorophyll;solar_power;harvest;slow;161;200;hp:2;1:leer|1:gust|7:growth|11:razor_leaf|17:stomp|21:sweet_scent|27:whirlwind|31:magical_leaf|37:body_slam|41:solar_beam|47:synthesis;aerial_ace|attract|bullet_seed|cut|double_team|earthquake|facade|flash|fly|frustration|giga_drain|hidden_power|hyper_beam|protect|rest|return|roar|rock_smash|safeguard|secret_power|solar_beam|steel_wing|strength|sunny_day|toxic;body_slam|double_edge|endure|fury_cutter|mimic|mud_slap|sleep_talk|snore|substitute|swagger|swords_dance;headbutt|leech_seed|nature_power|razor_wind|slam;monster|plant;;;357;Fruto;2;100;verde;50;no;Puede volar al agitar sus grandes hojas. Reparte entre los niños la codiciada fruta dulce que crece de su cuello.
chimecho;Chimecho;psychic;75;50;80;95;90;65;levitate;;;fast;159;45;sp_attack:1|sp_defense:1;1:wrap|6:growl|9:astonish|14:confusion|17:take_down|22:uproar|25:yawn|30:psywave|33:double_edge|38:heal_bell|41:safeguard|46:psychic;attract|calm_mind|double_team|facade|flash|frustration|hidden_power|light_screen|protect|psychic|rain_dance|reflect|rest|return|safeguard|secret_power|shadow_ball|shock_wave|skill_swap|snatch|sunny_day|taunt|torment|toxic;defense_curl|double_edge|dream_eater|endure|icy_wind|mimic|psych_up|rollout|sleep_talk|snore|substitute|swagger;curse|disable|dream_eater|hypnosis;indeterminate;;;358;Sonido Aire;0,6;1;azul;50;no;Se cuelga de ramas y aleros con la ventosa de su cabeza. Tiene siete tipos de gritos diferentes.
absol;Absol;dark;65;130;60;75;60;75;pressure;super_luck;justified;medium_slow;163;30;attack:2;1:scratch|5:leer|9:taunt|13:quick_attack|17:razor_wind|21:bite|26:swords_dance|31:double_team|36:slash|41:future_sight|46:perish_song;aerial_ace|attract|blizzard|calm_mind|cut|double_team|facade|fire_blast|flamethrower|flash|frustration|hail|hidden_power|hyper_beam|ice_beam|iron_tail|protect|rain_dance|rest|return|rock_smash|sandstorm|secret_power|shadow_ball|shock_wave|snatch|strength|sunny_day|taunt|thief|thunder|thunderbolt|torment|toxic|water_pulse;body_slam|counter|double_edge|dream_eater|endure|fury_cutter|icy_wind|mimic|mud_slap|psych_up|rock_slide|sleep_talk|snore|substitute|swagger|swift|swords_dance|thunder_wave;baton_pass|curse|double_edge|feint_attack|magic_coat|substitute;ground;;;359;Catástrofe;1,2;47;blanco;50;no;Presiente desastres inminentes y se aparece a la gente para advertir del peligro.
wynaut;Wynaut;psychic;95;23;48;23;48;23;shadow_tag;;telepathy;medium_fast;52;125;hp:1;1:splash|1:charm|1:encore|15:counter|15:mirror_coat|15:safeguard|15:destiny_bond;;;;no_eggs;wobbuffet@15;;360;Radiante;0,6;14;azul;50;no;Suelen ir en grupo y a la hora de dormir se resguardan en una cueva.
snorunt;Snorunt;ice;50;50;50;50;50;50;inner_focus;ice_body;moody;medium_fast;60;190;hp:1;1:powder_snow|1:leer|7:double_team|10:bite|16:icy_wind|19:headbutt|25:protect|28:crunch|34:ice_beam|37:hail|43:blizzard;attract|blizzard|double_team|facade|flash|frustration|hail|hidden_power|ice_beam|light_screen|protect|rain_dance|rest|return|safeguard|secret_power|shadow_ball|toxic|water_pulse;body_slam|double_edge|endure|icy_wind|mimic|sleep_talk|snore|substitute|swagger;block|spikes;fairy|mineral;glalie@42|froslass@objeto:dawn_stone+genero:hembra;;361;Gorro Nieve;0,7;16,8;gris;50;no;Se dice que se reúnen en grupos bajo hojas gigantescas y viven allí en total armonía.
glalie;Glalie;ice;80;80;80;80;80;80;inner_focus;ice_body;moody;medium_fast;168;75;hp:2;1:powder_snow|1:leer|1:double_team|1:bite|16:icy_wind|19:headbutt|25:protect|28:crunch|34:ice_beam|42:hail|53:blizzard|61:sheer_cold;attract|blizzard|double_team|earthquake|facade|flash|frustration|hail|hidden_power|hyper_beam|ice_beam|light_screen|protect|rain_dance|rest|return|safeguard|secret_power|shadow_ball|taunt|torment|toxic|water_pulse;body_slam|defense_curl|double_edge|endure|explosion|icy_wind|mimic|rollout|sleep_talk|snore|substitute|swagger;block|spikes;fairy|mineral;;;362;Cara;1,5;256,5;gris;50;no;Se protege con una armadura de hielo creada por congelación de la humedad del aire.
spheal;Spheal;ice|water;70;40;50;55;50;25;thick_fat;ice_body;oblivious;medium_slow;58;255;hp:1;1:powder_snow|1:growl|1:water_gun|7:encore|13:ice_ball|19:body_slam|25:aurora_beam|31:hail|37:rest|37:snore|43:blizzard|49:sheer_cold;attract|blizzard|dive|double_team|earthquake|facade|frustration|hail|hidden_power|ice_beam|iron_tail|protect|rain_dance|rest|return|rock_smash|rock_tomb|secret_power|strength|surf|toxic|water_pulse|waterfall;body_slam|defense_curl|double_edge|endure|icy_wind|mimic|mud_slap|rock_slide|rollout|sleep_talk|snore|substitute|swagger;curse|fissure|rock_slide|spit_up|stockpile|swallow|water_sport|yawn;water1|ground;sealeo@32;;363;Aplauso;0,8;39,5;azul;50;no;Como no saben nadar muy bien, se mueven rápidamente rodando. Cuando están alegres, dan palmadas con las aletas.
sealeo;Sealeo;ice|water;90;60;70;75;70;45;thick_fat;ice_body;oblivious;medium_slow;144;120;hp:2;1:powder_snow|1:growl|1:water_gun|1:encore|13:ice_ball|19:body_slam|25:aurora_beam|31:hail|39:rest|39:snore|47:blizzard|55:sheer_cold;attract|blizzard|dive|double_team|earthquake|facade|frustration|hail|hidden_power|ice_beam|iron_tail|protect|rain_dance|rest|return|roar|rock_smash|rock_tomb|secret_power|strength|surf|toxic|water_pulse|waterfall;body_slam|defense_curl|double_edge|endure|icy_wind|mimic|mud_slap|rock_slide|rollout|sleep_talk|snore|substitute|swagger;curse|fissure|rock_slide|spit_up|stockpile|swallow|water_sport|yawn;water1|ground;walrein@44;;364;Rodabola;1,1;87,6;azul;50;no;Su nariz es muy sensible. Cuando ve algo por primera vez, lo toca con ella para recordarlo después.
walrein;Walrein;ice|water;110;80;90;95;90;65;thick_fat;ice_body;oblivious;medium_slow;239;45;hp:3;1:powder_snow|1:growl|1:water_gun|1:encore|13:ice_ball|19:body_slam|25:aurora_beam|31:hail|39:rest|39:snore|50:blizzard|61:sheer_cold;attract|blizzard|dive|double_team|earthquake|facade|frustration|hail|hidden_power|hyper_beam|ice_beam|iron_tail|protect|rain_dance|rest|return|roar|rock_smash|rock_tomb|secret_power|strength|surf|toxic|water_pulse|waterfall;body_slam|defense_curl|double_edge|endure|icy_wind|mimic|mud_slap|rock_slide|rollout|sleep_talk|snore|substitute|swagger;curse|fissure|rock_slide|spit_up|stockpile|swallow|water_sport|yawn;water1|ground;;;365;Rompehielo;1,4;150,6;azul;50;no;Rompe el hielo con sus colmillos. Su gruesa capa de grasa le protege del frío y de los enemigos.
clamperl;Clamperl;water;35;64;85;74;55;32;shell_armor;;rattled;erratic;69;255;defense:1;1:clamp|1:water_gun|1:whirlpool|1:iron_defense;attract|blizzard|dive|double_team|facade|frustration|hail|hidden_power|ice_beam|protect|rain_dance|rest|return|secret_power|surf|toxic|water_pulse|waterfall;body_slam|double_edge|endure|icy_wind|mimic|sleep_talk|snore|substitute|swagger;barrier|body_slam|confuse_ray|mud_sport|refresh|supersonic;water1;huntail@intercambio:deep_sea_tooth|gorebyss@intercambio:deep_sea_scale;;366;Bivalvo;0,4;52,5;azul;50;no;Produce durante su vida una sola perla que aumenta los poderes psíquicos al evolucionar.
huntail;Huntail;water;55;104;105;94;75;52;swift_swim;;water_veil;erratic;170;60;attack:1|defense:1;1:whirlpool|8:bite|15:screech|22:water_pulse|29:scary_face|36:crunch|43:baton_pass|50:hydro_pump;attract|blizzard|dive|double_team|facade|frustration|hail|hidden_power|hyper_beam|ice_beam|protect|rain_dance|rest|return|rock_tomb|secret_power|snatch|surf|toxic|water_pulse|waterfall;body_slam|double_edge|endure|icy_wind|mimic|mud_slap|sleep_talk|snore|substitute|swagger|swift;barrier|body_slam|confuse_ray|mud_sport|refresh|supersonic;water1;;;367;Abisal;1,7;27;azul;50;no;Vive en los abismos marinos, donde no se filtra la luz. Tiene una cola en forma de pez, que enciende para atraer a su presa.
gorebyss;Gorebyss;water;55;84;105;114;75;52;swift_swim;;hydration;erratic;170;60;sp_attack:2;1:whirlpool|8:confusion|15:agility|22:water_pulse|29:amnesia|36:psychic|43:baton_pass|50:hydro_pump;attract|blizzard|dive|double_team|facade|frustration|hail|hidden_power|hyper_beam|ice_beam|protect|psychic|rain_dance|rest|return|safeguard|secret_power|shadow_ball|surf|toxic|water_pulse|waterfall;body_slam|double_edge|endure|icy_wind|mimic|mud_slap|sleep_talk|snore|substitute|swagger|swift;barrier|body_slam|confuse_ray|mud_sport|refresh|supersonic;water1;;;368;Mar del Sur;1,8;22,6;rosa;50;no;Vive en el fondo del mar. En primavera, su cuerpo rosado adquiere colores más vivos.
relicanth;Relicanth;water|rock;100;90;130;45;65;55;swift_swim;rock_head;sturdy;slow;170;25;hp:1|defense:1;1:tackle|1:harden|8:water_gun|15:rock_tomb|22:yawn|29:take_down|36:mud_sport|43:ancient_power|50:rest|57:double_edge|64:hydro_pump;attract|blizzard|calm_mind|dive|double_team|earthquake|facade|frustration|hail|hidden_power|hyper_beam|ice_beam|protect|rain_dance|rest|return|rock_smash|rock_tomb|safeguard|sandstorm|secret_power|surf|toxic|water_pulse|waterfall;body_slam|double_edge|endure|icy_wind|mimic|mud_slap|psych_up|rock_slide|sleep_talk|snore|substitute|swagger;amnesia|magnitude|rock_slide|skull_bash|sleep_talk|water_sport;water1|water2;;;369;Longevo;1;23,4;gris;12,5;no;No ha sufrido ningún cambio desde hace 100 millones de años. Fue descubierto durante una expedición marina.
luvdisc;Luvdisc;water;43;30;55;40;65;97;swift_swim;;hydration;fast;116;225;speed:1;1:tackle|4:charm|12:water_gun|16:agility|24:take_down|28:attract|36:sweet_kiss|40:flail|48:safeguard;attract|blizzard|dive|double_team|facade|frustration|hail|hidden_power|ice_beam|protect|rain_dance|rest|return|safeguard|secret_power|surf|toxic|water_pulse|waterfall;double_edge|endure|icy_wind|mimic|psych_up|sleep_talk|snore|substitute|swagger|swift;mud_sport|splash|supersonic|water_sport;water2;;;370;Cita;0,6;8,7;rosa;75;no;Vive en mares cálidos. Se dice que, si una pareja lo encuentra, será bendecida con amor eterno.
bagon;Bagon;dragon;45;75;60;40;30;50;rock_head;;sheer_force;slow;60;45;attack:1;1:rage|5:bite|9:leer|17:headbutt|21:focus_energy|25:ember|33:dragon_breath|37:scary_face|41:crunch|49:dragon_claw|53:double_edge;aerial_ace|attract|brick_break|cut|double_team|dragon_claw|facade|fire_blast|flamethrower|frustration|hidden_power|protect|rain_dance|rest|return|roar|rock_smash|rock_tomb|secret_power|strength|sunny_day|toxic;body_slam|double_edge|endure|fury_cutter|mimic|mud_slap|rock_slide|sleep_talk|snore|substitute|swagger;dragon_dance|dragon_rage|hydro_pump|thrash|twister;dragon;shelgon@30;;371;Cabeza Roca;0,6;42,1;azul;50;no;Su desarrollado cuello y su cabeza dura como el acero le permiten reducir a añicos rocas enormes.
shelgon;Shelgon;dragon;65;95;100;60;50;50;rock_head;;overcoat;slow;147;45;defense:2;1:rage|1:bite|1:leer|1:headbutt|21:focus_energy|25:ember|30:protect|38:dragon_breath|47:scary_face|56:crunch|69:dragon_claw|78:double_edge;aerial_ace|attract|brick_break|cut|double_team|dragon_claw|facade|fire_blast|flamethrower|frustration|hidden_power|protect|rain_dance|rest|return|roar|rock_smash|rock_tomb|secret_power|strength|sunny_day|toxic;body_slam|defense_curl|double_edge|endure|fury_cutter|mimic|mud_slap|rock_slide|rollout|sleep_talk|snore|substitute|swagger;dragon_dance|dragon_rage|hydro_pump|thrash|twister;dragon;salamence@50;;372;Resistencia;1,1;110,5;blanco;50;no;Las células han empezado a cambiar dentro de su dura concha, que se separa cuando evoluciona.
salamence;Salamence;dragon|flying;95;135;80;110;80;100;intimidate;;moxie;slow;270;45;attack:3;1:rage|1:bite|1:leer|1:headbutt|21:focus_energy|25:ember|30:protect|38:dragon_breath|47:scary_face|50:fly|61:crunch|79:dragon_claw|93:double_edge;aerial_ace|attract|brick_break|cut|double_team|dragon_claw|earthquake|facade|fire_blast|flamethrower|fly|frustration|hidden_power|hyper_beam|iron_tail|protect|rain_dance|rest|return|roar|rock_smash|rock_tomb|secret_power|steel_wing|strength|sunny_day|toxic;body_slam|defense_curl|double_edge|endure|fury_cutter|mimic|mud_slap|rock_slide|rollout|sleep_talk|snore|substitute|swagger|swift;dragon_dance|dragon_rage|hydro_pump|thrash|twister;dragon;;;373;Dragón;1,5;102,6;azul;50;no;"Si se enfada, no hay forma de calmarlo; lo destruye todo lanzando arañazos y llamas."
beldum;Beldum;steel|psychic;40;55;80;35;60;30;clear_body;;light_metal;slow;60;3;defense:1;1:take_down;;;;mineral;metang@20;;374;Bola Hierro;0,6;95,2;azul;sin_genero;no;Los pulsos magnéticos de su cuerpo repelen la gravedad, lo que le permite flotar en el aire.
metang;Metang;steel|psychic;60;75;100;55;80;50;clear_body;;light_metal;slow;147;3;defense:2;1:take_down|20:confusion|20:metal_claw|26:scary_face|32:pursuit|38:psychic|44:iron_defense|50:meteor_mash|56:agility|62:hyper_beam;aerial_ace|brick_break|cut|double_team|earthquake|facade|flash|frustration|hidden_power|hyper_beam|light_screen|protect|psychic|rain_dance|reflect|rest|return|rock_smash|rock_tomb|sandstorm|secret_power|shadow_ball|sludge_bomb|strength|sunny_day|toxic;body_slam|defense_curl|double_edge|dynamic_punch|endure|explosion|fury_cutter|ice_punch|icy_wind|mimic|mud_slap|psych_up|rock_slide|rollout|sleep_talk|snore|substitute|swagger|swift|thunder_punch;;mineral;metagross@45;;375;Garra Hierro;1,2;202,5;azul;sin_genero;no;Lo forman dos Beldum unidos. Puede chocarse con un avión sin que su cuerpo de acero sufra ni un rasguño.
metagross;Metagross;steel|psychic;80;135;130;95;90;70;clear_body;;light_metal;slow;270;3;defense:3;1:take_down|1:confusion|1:metal_claw|1:scary_face|32:pursuit|38:psychic|44:iron_defense|55:meteor_mash|66:agility|77:hyper_beam;aerial_ace|brick_break|cut|double_team|earthquake|facade|flash|frustration|hidden_power|hyper_beam|light_screen|protect|psychic|rain_dance|reflect|rest|return|rock_smash|rock_tomb|sandstorm|secret_power|shadow_ball|sludge_bomb|strength|sunny_day|toxic;body_slam|defense_curl|double_edge|dynamic_punch|endure|explosion|fury_cutter|ice_punch|icy_wind|mimic|mud_slap|psych_up|rock_slide|rollout|sleep_talk|snore|substitute|swagger|swift|thunder_punch;;mineral;;;376;Pata Hierro;1,6;550;azul;sin_genero;no;Gracias a sus cuatro cerebros, es más inteligente que un superordenador y analiza con precisión al enemigo.
regirock;Regirock;rock;80;100;200;50;100;50;clear_body;;sturdy;slow;261;3;defense:3;1:explosion|9:rock_throw|17:curse|25:superpower|33:ancient_power|41:iron_defense|49:zap_cannon|57:lock_on|65:hyper_beam;brick_break|dig|double_team|earthquake|facade|focus_punch|frustration|hidden_power|hyper_beam|protect|rest|return|rock_smash|rock_tomb|safeguard|sandstorm|secret_power|shock_wave|strength|sunny_day|thunder|thunderbolt|toxic;body_slam|counter|defense_curl|double_edge|dynamic_punch|endure|explosion|fire_punch|ice_punch|mega_kick|mega_punch|mimic|mud_slap|psych_up|rock_slide|rollout|seismic_toss|sleep_talk|snore|substitute|swagger|thunder_punch|thunder_wave;;no_eggs;;;377;Pico Roca;1,7;230;marrón;sin_genero;si;Su cuerpo está hecho de roca. Si se astilla durante el combate, emplea piedras para repararlo.
regice;Regice;ice;80;50;100;100;200;50;clear_body;;ice_body;slow;261;3;sp_defense:3;1:explosion|9:icy_wind|17:curse|25:superpower|33:ancient_power|41:amnesia|49:zap_cannon|57:lock_on|65:hyper_beam;blizzard|brick_break|double_team|earthquake|facade|focus_punch|frustration|hail|hidden_power|hyper_beam|ice_beam|protect|rain_dance|rest|return|rock_smash|safeguard|secret_power|shock_wave|strength|thunder|thunderbolt|toxic;body_slam|counter|defense_curl|double_edge|dynamic_punch|endure|explosion|ice_punch|icy_wind|mega_kick|mega_punch|mimic|mud_slap|psych_up|rock_slide|rollout|seismic_toss|sleep_talk|snore|substitute|swagger|thunder_punch|thunder_wave;;no_eggs;;;378;Iceberg;1,8;175;azul;sin_genero;si;Dicen que ha yacido durmiendo en un glaciar durante milenios. Ni el magma puede derretir su cuerpo.
registeel;Registeel;steel;80;75;150;75;150;50;clear_body;;light_metal;slow;261;3;defense:2|sp_defense:1;1:explosion|9:metal_claw|17:curse|25:superpower|33:ancient_power|41:iron_defense|41:amnesia|49:zap_cannon|57:lock_on|65:hyper_beam;aerial_ace|brick_break|double_team|earthquake|facade|focus_punch|frustration|hidden_power|hyper_beam|protect|rain_dance|rest|return|rock_smash|rock_tomb|safeguard|sandstorm|secret_power|shock_wave|strength|sunny_day|thunder|thunderbolt|toxic;body_slam|counter|defense_curl|double_edge|dynamic_punch|endure|explosion|ice_punch|mega_kick|mega_punch|mimic|mud_slap|psych_up|rock_slide|rollout|seismic_toss|sleep_talk|snore|substitute|swagger|thunder_punch|thunder_wave;;no_eggs;;;379;Hierro;1,9;205;gris;sin_genero;si;Su cuerpo ha estado sometido a la presión subterránea durante miles de años y no puede arañarse.
latias;Latias;dragon|psychic;80;80;90;110;130;110;levitate;;;slow;270;3;sp_defense:3;1:psywave|5:wish|10:helping_hand|15:safeguard|20:dragon_breath|25:water_sport|30:refresh|35:mist_ball|40:psychic|45:recover|50:charm;aerial_ace|attract|calm_mind|cut|dive|double_team|dragon_claw|earthquake|facade|flash|fly|frustration|hidden_power|hyper_beam|ice_beam|light_screen|protect|psychic|rain_dance|reflect|rest|return|roar|safeguard|sandstorm|secret_power|shadow_ball|shock_wave|solar_beam|steel_wing|sunny_day|surf|thunder|thunderbolt|toxic|water_pulse|waterfall;body_slam|double_edge|dream_eater|endure|fury_cutter|icy_wind|mimic|mud_slap|psych_up|sleep_talk|snore|substitute|swagger|swift|thunder_wave;;no_eggs;;;380;Eón;1,4;40;rojo;100;si;Se comunica por telepatía. Su plumaje refleja la luz, lo que le permite hacerse invisible.
latios;Latios;dragon|psychic;80;90;80;130;110;110;levitate;;;slow;270;3;sp_attack:3;1:psywave|5:memento|10:helping_hand|15:safeguard|20:dragon_breath|25:protect|30:refresh|35:luster_purge|40:psychic|45:recover|50:dragon_dance;aerial_ace|attract|calm_mind|cut|dive|double_team|dragon_claw|earthquake|facade|flash|fly|frustration|hidden_power|hyper_beam|ice_beam|light_screen|protect|psychic|rain_dance|reflect|rest|return|roar|safeguard|sandstorm|secret_power|shadow_ball|shock_wave|solar_beam|steel_wing|sunny_day|surf|thunder|thunderbolt|toxic|water_pulse|waterfall;body_slam|double_edge|dream_eater|endure|fury_cutter|icy_wind|mimic|mud_slap|psych_up|sleep_talk|snore|substitute|swagger|swift|thunder_wave;;no_eggs;;;381;Eón;2;60;azul;0;si;Es un Pokémon muy inteligente. Puede adelantar a aviones a reacción plegando las alas.
kyogre;Kyogre;water;100;100;90;150;140;90;drizzle;;;slow;302;3;sp_attack:3;1:water_pulse|5:scary_face|15:ancient_power|20:body_slam|30:calm_mind|35:ice_beam|45:hydro_pump|50:rest|60:sheer_cold|65:double_edge|75:water_spout;blizzard|brick_break|calm_mind|dive|double_team|earthquake|facade|frustration|hail|hidden_power|hyper_beam|ice_beam|protect|rain_dance|rest|return|roar|rock_smash|rock_tomb|safeguard|secret_power|shock_wave|strength|surf|thunder|thunderbolt|toxic|water_pulse|waterfall;body_slam|defense_curl|double_edge|endure|icy_wind|mimic|mud_slap|psych_up|rock_slide|sleep_talk|snore|substitute|swagger|swift|thunder_wave;;no_eggs;;;382;Cuenca Mar;4,5;352;azul;sin_genero;si;Pokémon legendario que aumentó los mares con diluvios y maremotos. Fue un enemigo acérrimo de Groudon.
groudon;Groudon;ground;100;150;140;100;90;90;drought;;;slow;302;3;attack:3;1:mud_shot|5:scary_face|15:ancient_power|20:slash|30:bulk_up|35:earthquake|45:fire_blast|50:rest|60:fissure|65:solar_beam|75:eruption;aerial_ace|brick_break|bulk_up|cut|dig|double_team|dragon_claw|earthquake|facade|fire_blast|flamethrower|frustration|hidden_power|hyper_beam|iron_tail|overheat|protect|rest|return|roar|rock_smash|rock_tomb|safeguard|sandstorm|secret_power|shock_wave|solar_beam|strength|sunny_day|thunder|thunderbolt|toxic;body_slam|counter|defense_curl|double_edge|dynamic_punch|endure|fire_punch|fury_cutter|mega_kick|mega_punch|mimic|mud_slap|psych_up|rock_slide|rollout|seismic_toss|sleep_talk|snore|substitute|swagger|swift|swords_dance|thunder_punch|thunder_wave;;no_eggs;;;383;Continente;3,5;950;rojo;sin_genero;si;Dicen que aumentó la superficie terrestre evaporando el agua. Fue un enemigo acérrimo de Kyogre.
rayquaza;Rayquaza;dragon|flying;105;150;90;150;90;95;air_lock;;;slow;306;45;attack:2|sp_attack:1;1:twister|5:scary_face|15:ancient_power|20:dragon_claw|30:dragon_dance|35:crunch|45:fly|50:rest|60:extreme_speed|65:outrage|75:hyper_beam;aerial_ace|blizzard|brick_break|bulk_up|dive|double_team|dragon_claw|earthquake|facade|fire_blast|flamethrower|fly|frustration|hidden_power|hyper_beam|ice_beam|iron_tail|overheat|protect|rain_dance|rest|return|roar|rock_smash|sandstorm|secret_power|shock_wave|solar_beam|strength|sunny_day|surf|thunder|thunderbolt|toxic|water_pulse|waterfall;body_slam|double_edge|endure|fury_cutter|icy_wind|mimic|mud_slap|psych_up|rock_slide|sleep_talk|snore|substitute|swagger|swift|thunder_wave;;no_eggs;;;384;Cielo;7;206,5;verde;sin_genero;si;Vive en la capa de ozono sobre las nubes y no puede ser visto desde el suelo.
jirachi;Jirachi;steel|psychic;100;100;100;100;100;100;serene_grace;;;slow;270;3;hp:3;1:wish|1:confusion|5:rest|10:swift|15:helping_hand|20:psychic|25:refresh|35:double_edge|40:future_sight|45:cosmic_power|50:doom_desire;aerial_ace|calm_mind|double_team|facade|flash|frustration|hidden_power|hyper_beam|light_screen|protect|psychic|rain_dance|reflect|rest|return|safeguard|sandstorm|secret_power|shadow_ball|shock_wave|skill_swap|sunny_day|thunder|thunderbolt|toxic|water_pulse;body_slam|defense_curl|double_edge|dream_eater|dynamic_punch|endure|fire_punch|ice_punch|icy_wind|metronome|mimic|mud_slap|psych_up|sleep_talk|snore|substitute|swagger|swift|thunder_punch|thunder_wave;;no_eggs;;;385;Deseo;0,3;1,1;amarillo;sin_genero;si;Desde antaño se dice que concederá los deseos escritos en las notas de su cabeza cuando se despierte.
deoxys;Deoxys;psychic;50;150;50;150;50;150;pressure;;;slow;270;3;attack:1|sp_attack:1|speed:1;1:leer|1:wrap|5:night_shade|10:teleport|15:knock_off|20:pursuit|25:psychic|30:snatch|35:cosmic_power|40:recover|45:psycho_boost|50:hyper_beam;aerial_ace|brick_break|calm_mind|cut|double_team|facade|flash|focus_punch|frustration|hidden_power|hyper_beam|ice_beam|light_screen|protect|psychic|rain_dance|reflect|rest|return|rock_smash|rock_tomb|safeguard|secret_power|shadow_ball|shock_wave|skill_swap|snatch|solar_beam|strength|sunny_day|taunt|thunder|thunderbolt|torment|toxic|water_pulse;;;no_eggs;;;386;ADN;1,7;60,8;rojo;sin_genero;si;Surgió a raíz de la mutación de ADN de un virus alienígena que cayó a la Tierra en un meteorito.
turtwig;Turtwig;grass;55;68;64;45;55;31;overgrow;;shell_armor;medium_slow;64;45;attack:1;1:tackle|5:withdraw|9:absorb|13:razor_leaf|17:curse|21:bite|25:mega_drain|29:leech_seed|33:synthesis|37:crunch|41:giga_drain|45:leaf_storm;attract|bullet_seed|captivate|cut|double_team|endure|energy_ball|facade|flash|frustration|giga_drain|grass_knot|hidden_power|iron_tail|light_screen|natural_gift|protect|reflect|rest|return|rock_climb|rock_smash|safeguard|secret_power|sleep_talk|solar_beam|stealth_rock|strength|substitute|sunny_day|swagger|swords_dance|toxic;earth_power|mud_slap|seed_bomb|snore|superpower|synthesis;amnesia|body_slam|double_edge|growth|sand_tomb|seed_bomb|superpower|thrash|tickle|worry_seed;monster|plant;grotle@18;;387;Hojita;0,4;10,2;verde;12,5;no;Realiza la fotosíntesis al bañarle los rayos de sol. Su concha está formada por tierra endurecida.
grotle;Grotle;grass;75;89;85;55;65;36;overgrow;;shell_armor;medium_slow;142;45;attack:1|defense:1;1:tackle|1:withdraw|9:absorb|13:razor_leaf|17:curse|22:bite|27:mega_drain|32:leech_seed|37:synthesis|42:crunch|47:giga_drain|52:leaf_storm;attract|bullet_seed|captivate|cut|double_team|endure|energy_ball|facade|flash|frustration|giga_drain|grass_knot|hidden_power|iron_tail|light_screen|natural_gift|protect|reflect|rest|return|rock_climb|rock_smash|safeguard|secret_power|sleep_talk|solar_beam|stealth_rock|strength|substitute|sunny_day|swagger|swords_dance|toxic;earth_power|mud_slap|seed_bomb|snore|superpower|synthesis;amnesia|body_slam|double_edge|growth|sand_tomb|seed_bomb|superpower|thrash|tickle|worry_seed;monster|plant;torterra@32;;388;Arboleda;1,1;97;verde;12,5;no;Vive en los bosques cerca del agua. Por el día, sale a que les dé el sol a las plantas de su espalda.
torterra;Torterra;grass|ground;95;109;105;75;85;56;overgrow;;shell_armor;medium_slow;236;45;attack:2|defense:1;1:wood_hammer|1:tackle|1:withdraw|1:absorb|1:razor_leaf|17:curse|22:bite|27:mega_drain|32:earthquake|33:leech_seed|39:synthesis|45:crunch|51:giga_drain|57:leaf_storm;attract|bullet_seed|captivate|cut|double_team|earthquake|endure|energy_ball|facade|flash|frustration|giga_drain|giga_impact|grass_knot|hidden_power|hyper_beam|iron_tail|light_screen|natural_gift|protect|reflect|rest|return|roar|rock_climb|rock_polish|rock_slide|rock_smash|rock_tomb|safeguard|sandstorm|secret_power|sleep_talk|solar_beam|stealth_rock|stone_edge|strength|substitute|sunny_day|swagger|swords_dance|toxic;earth_power|frenzy_plant|iron_head|mud_slap|outrage|seed_bomb|snore|superpower|synthesis;amnesia|body_slam|double_edge|growth|sand_tomb|seed_bomb|superpower|thrash|tickle|worry_seed;monster|plant;;;389;Continente;2,2;310;verde;12,5;no;Las gentes de antaño creían que el planeta se sustentaba en la espalda de un gran Torterra.
chimchar;Chimchar;fire;44;58;44;58;44;61;blaze;;iron_fist;medium_slow;62;45;speed:1;1:scratch|1:leer|7:ember|9:taunt|15:fury_swipes|17:flame_wheel|23:nasty_plot|25:torment|31:facade|33:fire_spin|39:slack_off|41:flamethrower;aerial_ace|attract|brick_break|bulk_up|captivate|cut|dig|double_team|endure|facade|fire_blast|flamethrower|fling|focus_punch|frustration|grass_knot|hidden_power|iron_tail|natural_gift|overheat|protect|rest|return|rock_climb|rock_smash|secret_power|shadow_claw|sleep_talk|stealth_rock|strength|substitute|sunny_day|swagger|swords_dance|taunt|torment|toxic|u_turn|will_o_wisp;endeavor|fire_punch|gunk_shot|heat_wave|helping_hand|mud_slap|rollout|snore|swift|thunder_punch|uproar|vacuum_wave;blaze_kick|counter|double_kick|encore|fake_out|fire_punch|focus_energy|heat_wave|helping_hand|thunder_punch;ground|humanshape;monferno@14;;390;Chimpancé;0,5;6,2;marrón;12,5;no;El gas de su panza alimenta el fuego de su parte trasera, que ni la lluvia puede extinguir.
monferno;Monferno;fire|fighting;64;78;52;78;52;81;blaze;;iron_fist;medium_slow;142;45;sp_attack:1|speed:1;1:scratch|1:leer|1:ember|9:taunt|14:mach_punch|16:fury_swipes|19:flame_wheel|26:feint|29:torment|36:close_combat|39:fire_spin|46:slack_off|49:flare_blitz;aerial_ace|attract|brick_break|bulk_up|captivate|cut|dig|double_team|endure|facade|fire_blast|flamethrower|fling|focus_blast|focus_punch|frustration|grass_knot|hidden_power|iron_tail|natural_gift|overheat|poison_jab|protect|rest|return|rock_climb|rock_slide|rock_smash|rock_tomb|secret_power|shadow_claw|sleep_talk|stealth_rock|strength|substitute|sunny_day|swagger|swords_dance|taunt|torment|toxic|u_turn|will_o_wisp;endeavor|fire_punch|gunk_shot|heat_wave|helping_hand|mud_slap|rollout|snore|swift|thunder_punch|vacuum_wave;blaze_kick|counter|double_kick|encore|fake_out|fire_punch|focus_energy|heat_wave|helping_hand|thunder_punch;ground|humanshape;infernape@36;;391;Juguetón;0,9;22;marrón;12,5;no;Controla hábilmente la intensidad del fuego de su cola para mantener al enemigo a una distancia ideal.
infernape;Infernape;fire|fighting;76;104;71;104;71;108;blaze;;iron_fist;medium_slow;240;45;attack:1|sp_attack:1|speed:1;1:scratch|1:leer|1:ember|1:taunt|14:mach_punch|17:fury_swipes|21:flame_wheel|29:feint|33:punishment|41:close_combat|45:fire_spin|53:calm_mind|57:flare_blitz;aerial_ace|attract|brick_break|bulk_up|calm_mind|captivate|cut|dig|double_team|earthquake|endure|facade|fire_blast|flamethrower|fling|focus_blast|focus_punch|frustration|giga_impact|grass_knot|hidden_power|hyper_beam|iron_tail|natural_gift|overheat|poison_jab|protect|rest|return|roar|rock_climb|rock_slide|rock_smash|rock_tomb|secret_power|shadow_claw|sleep_talk|solar_beam|stealth_rock|stone_edge|strength|substitute|sunny_day|swagger|swords_dance|taunt|torment|toxic|u_turn|will_o_wisp;blast_burn|endeavor|fire_punch|gunk_shot|heat_wave|helping_hand|mud_slap|rollout|snore|swift|thunder_punch|vacuum_wave;blaze_kick|counter|double_kick|encore|fake_out|fire_punch|focus_energy|heat_wave|helping_hand|thunder_punch;ground|humanshape;;;392;Llama;1,2;55;marrón;12,5;no;Su corona de fuego demuestra su naturaleza ígnea. Nadie le gana en velocidad.
piplup;Piplup;water;53;51;53;61;56;40;torrent;;competitive;medium_slow;63;45;sp_attack:1;1:pound|4:growl|8:bubble|11:water_sport|15:peck|18:bubble_beam|22:bide|25:fury_attack|29:brine|32:whirlpool|36:mist|39:drill_peck|43:hydro_pump;aerial_ace|attract|blizzard|brick_break|brine|captivate|cut|defog|dig|double_team|endure|facade|fling|frustration|grass_knot|hail|hidden_power|ice_beam|natural_gift|pluck|protect|rain_dance|rest|return|rock_tomb|secret_power|sleep_talk|stealth_rock|substitute|surf|swagger|toxic|water_pulse|waterfall;dive|icy_wind|mud_slap|signal_beam|snore;agility|aqua_ring|double_hit|flail|hydro_pump|mud_slap|mud_sport|snore|supersonic|yawn;water1|ground;prinplup@16;;393;Pingüino;0,4;5,2;azul;12,5;no;No le gusta que lo cuiden. Como no aprecia el apoyo de su Entrenador, le cuesta coger confianza con él.
prinplup;Prinplup;water;64;66;68;81;76;50;torrent;;competitive;medium_slow;142;45;sp_attack:2;1:tackle|1:growl|8:bubble|11:water_sport|15:peck|16:metal_claw|19:bubble_beam|24:bide|28:fury_attack|33:brine|37:whirlpool|42:mist|46:drill_peck|51:hydro_pump;aerial_ace|attract|blizzard|brick_break|brine|captivate|cut|defog|dig|double_team|endure|facade|fling|frustration|grass_knot|hail|hidden_power|ice_beam|natural_gift|pluck|protect|rain_dance|rest|return|rock_smash|rock_tomb|secret_power|shadow_claw|sleep_talk|stealth_rock|strength|substitute|surf|swagger|toxic|water_pulse|waterfall;dive|icy_wind|mud_slap|signal_beam|snore;agility|aqua_ring|double_hit|flail|hydro_pump|mud_slap|mud_sport|snore|supersonic|yawn;water1|ground;empoleon@36;;394;Pingüino;0,8;23;azul;12,5;no;Vive solo, alejado de los demás. Cada uno piensa que es el más importante.
empoleon;Empoleon;water|steel;84;86;88;111;101;60;torrent;;competitive;medium_slow;239;45;sp_attack:3;1:tackle|1:growl|1:bubble|11:swords_dance|15:peck|16:metal_claw|19:bubble_beam|24:swagger|28:fury_attack|33:brine|36:aqua_jet|39:whirlpool|46:mist|52:drill_peck|59:hydro_pump;aerial_ace|attract|avalanche|blizzard|brick_break|brine|captivate|cut|defog|dig|double_team|earthquake|endure|facade|flash_cannon|fling|frustration|giga_impact|grass_knot|hail|hidden_power|hyper_beam|ice_beam|natural_gift|pluck|protect|rain_dance|rest|return|roar|rock_climb|rock_slide|rock_smash|rock_tomb|secret_power|shadow_claw|sleep_talk|stealth_rock|steel_wing|strength|substitute|surf|swagger|swords_dance|toxic|water_pulse|waterfall;dive|fury_cutter|hydro_cannon|icy_wind|iron_defense|knock_off|mud_slap|signal_beam|snore;agility|aqua_ring|double_hit|flail|hydro_pump|mud_slap|mud_sport|snore|supersonic|yawn;water1|ground;;;395;Emperador;1,7;84,5;azul;12,5;no;Nada tan rápido como un fueraborda. Con los afilados bordes de sus alas puede cortar el hielo.
starly;Starly;normal|flying;40;55;30;30;30;60;keen_eye;;reckless;medium_slow;49;255;speed:1;1:tackle|1:growl|5:quick_attack|9:wing_attack|13:double_team|17:endeavor|21:whirlwind|25:aerial_ace|29:take_down|33:agility|37:brave_bird;aerial_ace|attract|captivate|defog|double_team|endure|facade|fly|frustration|hidden_power|natural_gift|pluck|protect|rain_dance|rest|return|roost|secret_power|sleep_talk|steel_wing|substitute|sunny_day|swagger|thief|toxic|u_turn;air_cutter|endeavor|heat_wave|mud_slap|ominous_wind|snore|swift|twister;astonish|double_edge|feather_dance|foresight|fury_attack|pursuit|sand_attack;flying;staravia@14;;396;Estornino;0,3;2;marrón;50;no;Viaja en grandes bandadas. Aunque es pequeño, agita las alas con gran fuerza.
staravia;Staravia;normal|flying;55;75;50;40;40;80;intimidate;;reckless;medium_slow;119;120;speed:2;1:tackle|1:growl|1:quick_attack|9:wing_attack|13:double_team|18:endeavor|23:whirlwind|28:aerial_ace|33:take_down|38:agility|43:brave_bird;aerial_ace|attract|captivate|defog|double_team|endure|facade|fly|frustration|hidden_power|natural_gift|pluck|protect|rain_dance|rest|return|roost|secret_power|sleep_talk|steel_wing|substitute|sunny_day|swagger|thief|toxic|u_turn;air_cutter|endeavor|heat_wave|mud_slap|ominous_wind|snore|swift|twister;astonish|double_edge|feather_dance|foresight|fury_attack|pursuit|sand_attack;flying;staraptor@34;;397;Estornino;0,6;15,5;marrón;50;no;Vive siempre en grandes grupos y las disputas dentro de ellos son muy intensas.
staraptor;Staraptor;normal|flying;85;120;70;50;60;100;intimidate;;reckless;medium_slow;218;45;attack:3;1:tackle|1:growl|1:quick_attack|1:wing_attack|13:double_team|18:endeavor|23:whirlwind|28:aerial_ace|33:take_down|34:close_combat|41:agility|49:brave_bird;aerial_ace|attract|captivate|defog|double_team|endure|facade|fly|frustration|giga_impact|hidden_power|hyper_beam|natural_gift|pluck|protect|rain_dance|rest|return|roost|secret_power|sleep_talk|steel_wing|substitute|sunny_day|swagger|thief|toxic|u_turn;air_cutter|endeavor|heat_wave|mud_slap|ominous_wind|snore|swift|twister;astonish|double_edge|feather_dance|foresight|fury_attack|pursuit|sand_attack;flying;;;398;Depredador;1,2;24,9;marrón;50;no;Sus alas y sus patas son muy fuertes. Puede llevarse volando Pokémon pequeños.
bidoof;Bidoof;normal;59;45;40;35;40;31;simple;unaware;moody;medium_fast;50;255;hp:1;1:tackle|5:growl|9:defense_curl|13:rollout|17:headbutt|21:hyper_fang|25:yawn|29:amnesia|33:take_down|37:super_fang|41:superpower|45:curse;attract|blizzard|captivate|charge_beam|cut|dig|double_team|endure|facade|frustration|grass_knot|hidden_power|ice_beam|iron_tail|natural_gift|pluck|protect|rain_dance|rest|return|rock_smash|secret_power|shadow_ball|shock_wave|sleep_talk|stealth_rock|substitute|sunny_day|swagger|taunt|thief|thunder|thunder_wave|thunderbolt|toxic;aqua_tail|fury_cutter|icy_wind|last_resort|mud_slap|rollout|snore|superpower|swift;aqua_tail|defense_curl|double_edge|fury_swipes|odor_sleuth|quick_attack|rollout|water_sport;water1|ground;bibarel@15;;399;Gran Ratón;0,5;20;marrón;50;no;Tiene nervios de acero y nada puede perturbarlo. Es más ágil y activo de lo que aparenta.
bibarel;Bibarel;normal|water;79;85;60;55;60;71;simple;unaware;moody;medium_fast;144;127;attack:2;1:tackle|1:growl|9:defense_curl|13:rollout|15:water_gun|18:headbutt|23:hyper_fang|28:yawn|33:amnesia|38:take_down|43:super_fang|48:superpower|53:curse;attract|blizzard|captivate|charge_beam|cut|dig|double_team|endure|facade|fling|focus_punch|frustration|giga_impact|grass_knot|hidden_power|hyper_beam|ice_beam|iron_tail|natural_gift|pluck|protect|rain_dance|rest|return|rock_climb|rock_smash|secret_power|shadow_ball|shock_wave|sleep_talk|stealth_rock|strength|substitute|sunny_day|surf|swagger|taunt|thief|thunder|thunder_wave|thunderbolt|toxic|water_pulse|waterfall;aqua_tail|dive|fury_cutter|icy_wind|last_resort|mud_slap|rollout|snore|superpower|swift;aqua_tail|defense_curl|double_edge|fury_swipes|odor_sleuth|quick_attack|rollout|water_sport;water1|ground;;;400;Castor;1;31,5;marrón;50;no;Con sus incisivos roe ramas y raíces y las apila para construir sus madrigueras junto al río.
kricketot;Kricketot;bug;37;25;41;25;41;25;shed_skin;;run_away;medium_slow;39;255;defense:1;1:growl|1:bide|16:bug_bite;;endeavor|mud_slap|snore|uproar;;bug;kricketune@10;;401;Grillo;0,3;2,2;rojo;50;no;Hablan entre sí chocando las antenas. Los sonidos producidos son muy característicos.
kricketune;Kricketune;bug;77;85;51;55;51;65;swarm;;technician;medium_slow;134;45;attack:2;1:growl|1:bide|10:fury_cutter|14:leech_life|18:sing|22:focus_energy|26:slash|30:x_scissor|34:screech|38:taunt|42:night_slash|46:bug_buzz|50:perish_song;aerial_ace|attract|brick_break|captivate|cut|double_team|endure|facade|false_swipe|flash|frustration|giga_impact|hidden_power|hyper_beam|natural_gift|protect|rain_dance|rest|return|rock_smash|secret_power|silver_wind|sleep_talk|strength|substitute|sunny_day|swagger|swords_dance|toxic|x_scissor;endeavor|fury_cutter|knock_off|mud_slap|snore|uproar;;bug;;;402;Grillo;1;25,5;rojo;50;no;Cuando llora, cruza sus brazos con forma de cuchillo. Puede improvisar melodías.
shinx;Shinx;electric;45;65;34;40;34;45;rivalry;intimidate;guts;medium_slow;53;235;attack:1;1:tackle|5:leer|9:charge|13:spark|17:bite|21:roar|25:swagger|29:thunder_fang|33:crunch|37:scary_face|41:discharge;attract|captivate|charge_beam|double_team|endure|facade|flash|frustration|hidden_power|iron_tail|light_screen|natural_gift|protect|rain_dance|rest|return|roar|secret_power|shock_wave|sleep_talk|strength|substitute|swagger|thief|thunder|thunder_wave|thunderbolt|toxic;fury_cutter|magnet_rise|mud_slap|signal_beam|snore|swift;fire_fang|howl|ice_fang|quick_attack|take_down|thunder_fang;ground;luxio@15;;403;Flash;0,5;9,5;azul;50;no;La extensión y contracción de sus músculos genera electricidad. Brilla cuando está en peligro.
luxio;Luxio;electric;60;85;49;60;49;60;rivalry;intimidate;guts;medium_slow;127;120;attack:2;1:tackle|1:leer|9:charge|13:spark|18:bite|23:roar|28:swagger|33:thunder_fang|38:crunch|43:scary_face|48:discharge;attract|captivate|charge_beam|double_team|endure|facade|flash|frustration|hidden_power|iron_tail|light_screen|natural_gift|protect|rain_dance|rest|return|roar|secret_power|shock_wave|sleep_talk|strength|substitute|swagger|thief|thunder|thunder_wave|thunderbolt|toxic;fury_cutter|magnet_rise|mud_slap|signal_beam|snore|swift;fire_fang|howl|ice_fang|quick_attack|take_down|thunder_fang;ground;luxray@30;;404;Chispa;0,9;30,5;azul;50;no;Sus garras emiten electricidad que puede debilitar a sus rivales. Viven en grupos pequeños.
luxray;Luxray;electric;80;120;79;95;79;70;rivalry;intimidate;guts;medium_slow;235;45;attack:3;1:tackle|1:leer|1:charge|13:spark|18:bite|23:roar|28:swagger|35:thunder_fang|42:crunch|49:scary_face|56:discharge;attract|captivate|charge_beam|double_team|endure|facade|flash|frustration|giga_impact|hidden_power|hyper_beam|iron_tail|light_screen|natural_gift|protect|rain_dance|rest|return|roar|secret_power|shock_wave|sleep_talk|strength|substitute|swagger|thief|thunder|thunder_wave|thunderbolt|toxic;fury_cutter|magnet_rise|mud_slap|signal_beam|snore|superpower|swift;fire_fang|howl|ice_fang|quick_attack|take_down|thunder_fang;ground;;;405;Chispa Ojos;1,4;42;azul;50;no;Cuando sus ojos brillan como el oro, puede ver presas escondidas, incluso detrás de un muro.
budew;Budew;grass|poison;40;30;35;50;70;55;natural_cure;poison_point;leaf_guard;medium_slow;56;255;sp_attack:1;1:absorb|4:growth|7:water_sport|10:stun_spore|13:mega_drain|16:worry_seed;attract|bullet_seed|captivate|cut|double_team|endure|energy_ball|facade|flash|frustration|giga_drain|grass_knot|hidden_power|natural_gift|protect|psych_up|rain_dance|rest|return|secret_power|shadow_ball|sleep_talk|sludge_bomb|solar_beam|substitute|sunny_day|swagger|swords_dance|toxic;mud_slap|seed_bomb|snore|swift|synthesis|uproar;cotton_spore|extrasensory|leaf_storm|mind_reader|pin_missile|razor_leaf|sleep_powder|spikes|synthesis;no_eggs;roselia@amistad+hora:dia;;406;Brote;0,2;1,2;verde;50;no;Vive cerca de aguas cristalinas. Su cabello se abre y esparce polen cuando le bañan los rayos del sol.
roserade;Roserade;grass|poison;60;70;65;125;105;90;natural_cure;poison_point;technician;medium_slow;232;75;sp_attack:3;1:weather_ball|1:poison_sting|1:mega_drain|1:magical_leaf|1:sweet_scent;attract|bullet_seed|captivate|cut|double_team|endure|energy_ball|facade|flash|frustration|giga_drain|giga_impact|grass_knot|hidden_power|hyper_beam|natural_gift|poison_jab|protect|psych_up|rain_dance|rest|return|secret_power|shadow_ball|sleep_talk|sludge_bomb|solar_beam|substitute|sunny_day|swagger|swords_dance|toxic;fury_cutter|mud_slap|seed_bomb|snore|swift|synthesis;cotton_spore|extrasensory|leaf_storm|mind_reader|pin_missile|razor_leaf|sleep_powder|spikes|synthesis;fairy|plant;;;407;Ramillete;0,9;14,5;verde;50;no;Atrae a sus presas con una dulce fragancia y usa sus cepas venenosas para atenazarlas y acabar con ellas.
cranidos;Cranidos;rock;67;125;40;30;30;58;mold_breaker;;sheer_force;erratic;70;45;attack:1;1:headbutt|1:leer|6:focus_energy|10:pursuit|15:take_down|19:scary_face|24:assurance|28:ancient_power|33:zen_headbutt|37:screech|43:head_smash;attract|blizzard|captivate|dig|double_team|dragon_pulse|earthquake|endure|facade|fire_blast|flamethrower|fling|frustration|hidden_power|ice_beam|iron_tail|natural_gift|payback|protect|rain_dance|rest|return|roar|rock_climb|rock_polish|rock_slide|rock_smash|rock_tomb|sandstorm|secret_power|shock_wave|sleep_talk|stealth_rock|stone_edge|strength|substitute|sunny_day|swagger|swords_dance|thief|thunder|thunderbolt|toxic;ancient_power|earth_power|endeavor|fire_punch|iron_head|mud_slap|snore|spite|superpower|thunder_punch|uproar|zen_headbutt;crunch|double_edge|hammer_arm|leer|slam|stomp|thrash|whirlwind;monster;rampardos@30;;408;Cabezazo;0,9;31,5;azul;12,5;no;Fue recreado a partir de un fósil con forma esférica. Derriba a las presas a cabezazos.
rampardos;Rampardos;rock;97;165;60;65;50;58;mold_breaker;;sheer_force;erratic;173;45;attack:2;1:headbutt|1:leer|6:focus_energy|10:pursuit|15:take_down|19:scary_face|24:assurance|28:ancient_power|30:endeavor|36:zen_headbutt|43:screech|52:head_smash;attract|avalanche|blizzard|brick_break|captivate|cut|dig|double_team|dragon_pulse|earthquake|endure|facade|fire_blast|flamethrower|fling|focus_blast|focus_punch|frustration|giga_impact|hidden_power|hyper_beam|ice_beam|iron_tail|natural_gift|payback|protect|rain_dance|rest|return|roar|rock_climb|rock_polish|rock_slide|rock_smash|rock_tomb|sandstorm|secret_power|shock_wave|sleep_talk|stealth_rock|stone_edge|strength|substitute|sunny_day|surf|swagger|swords_dance|thief|thunder|thunderbolt|toxic;ancient_power|earth_power|endeavor|fire_punch|iron_head|mud_slap|outrage|snore|spite|superpower|thunder_punch|uproar|zen_headbutt;crunch|double_edge|hammer_arm|leer|slam|stomp|thrash|whirlwind;monster;;;409;Cabezazo;1,6;102,5;azul;12,5;no;Tiene sesos pequeños porque su duro cráneo, que soporta cualquier golpe, les impide desarrollarse.
shieldon;Shieldon;rock|steel;30;42;118;42;88;30;sturdy;;soundproof;erratic;70;45;defense:1;1:tackle|1:protect|6:taunt|10:metal_sound|15:take_down|19:iron_defense|24:swagger|28:ancient_power|33:endure|37:metal_burst|43:iron_head;attract|blizzard|captivate|dig|double_team|earthquake|endure|facade|fire_blast|flamethrower|flash_cannon|frustration|hidden_power|ice_beam|iron_tail|natural_gift|protect|rain_dance|rest|return|roar|rock_polish|rock_slide|rock_smash|rock_tomb|sandstorm|secret_power|shock_wave|sleep_talk|stealth_rock|stone_edge|strength|substitute|sunny_day|swagger|taunt|thunder|thunderbolt|torment|toxic;ancient_power|earth_power|iron_defense|iron_head|magnet_rise|mud_slap|snore;body_slam|curse|double_edge|fissure|focus_energy|headbutt|rock_blast|scary_face|screech;monster;bastiodon@30;;410;Escudo;0,5;57;gris;12,5;no;Se abrillanta la cara frotándola contra los árboles. Es vulnerable a los ataques por la espalda.
bastiodon;Bastiodon;rock|steel;60;52;168;47;138;30;sturdy;;soundproof;erratic;173;45;defense:2;1:tackle|1:protect|1:taunt|1:metal_sound|15:take_down|19:iron_defense|24:swagger|28:ancient_power|30:block|36:endure|43:metal_burst|52:iron_head;attract|avalanche|blizzard|captivate|dig|double_team|earthquake|endure|facade|fire_blast|flamethrower|flash_cannon|frustration|giga_impact|hidden_power|hyper_beam|ice_beam|iron_tail|natural_gift|protect|rain_dance|rest|return|roar|rock_polish|rock_slide|rock_smash|rock_tomb|sandstorm|secret_power|shock_wave|sleep_talk|stealth_rock|stone_edge|strength|substitute|sunny_day|swagger|taunt|thunder|thunderbolt|torment|toxic;ancient_power|earth_power|iron_defense|iron_head|magnet_rise|mud_slap|outrage|snore;body_slam|curse|double_edge|fissure|focus_energy|headbutt|rock_blast|scary_face|screech;monster;;;411;Escudo;1,3;149,5;gris;12,5;no;Se alineaban y creaban una barrera que ningún enemigo podía cruzar. Así protegían a sus crías.
burmy;Burmy;bug;40;29;45;29;45;36;shed_skin;;overcoat;medium_fast;45;120;sp_defense:1;1:protect|10:tackle|15:bug_bite|20:hidden_power;;snore;;bug;wormadam@20+genero:hembra|mothim@20+genero:macho;;412;Larva;0,2;3,4;verde;50;no;Para protegerse de los vientos fríos invernales, se cubre con un caparazón de ramas y hojas.
wormadam;Wormadam;bug|grass;60;59;85;79;105;36;anticipation;;overcoat;medium_fast;148;45;sp_defense:2;1:tackle|10:protect|15:bug_bite|20:hidden_power|23:confusion|26:razor_leaf|29:growth|32:psybeam|35:captivate|38:flail|41:attract|44:psychic|47:leaf_storm;attract|bullet_seed|captivate|double_team|dream_eater|endure|energy_ball|facade|flash|frustration|giga_drain|giga_impact|grass_knot|hidden_power|hyper_beam|natural_gift|protect|psych_up|psychic|rain_dance|rest|return|safeguard|secret_power|shadow_ball|skill_swap|sleep_talk|solar_beam|substitute|sunny_day|swagger|thief|toxic;endeavor|seed_bomb|signal_beam|snore|sucker_punch|synthesis|uproar;;bug;;;413;Larva;0,5;6,5;verde;100;no;Su apariencia varía según dónde evolucione. Los materiales que haya pasan a formar parte de su cuerpo.
mothim;Mothim;bug|flying;70;94;50;94;50;66;swarm;;tinted_lens;medium_fast;148;45;attack:1|sp_attack:1;1:tackle|10:protect|15:bug_bite|20:hidden_power|23:confusion|26:gust|29:poison_powder|32:psybeam|35:camouflage|38:silver_wind|41:air_slash|44:psychic|47:bug_buzz;aerial_ace|attract|captivate|defog|double_team|dream_eater|endure|energy_ball|facade|flash|frustration|giga_drain|giga_impact|hidden_power|hyper_beam|natural_gift|protect|psych_up|psychic|rain_dance|rest|return|roost|safeguard|secret_power|shadow_ball|silver_wind|skill_swap|sleep_talk|solar_beam|substitute|sunny_day|swagger|thief|toxic|u_turn;air_cutter|mud_slap|ominous_wind|signal_beam|snore|swift|twister;;bug;;;414;Polilla;0,9;23,3;amarillo;0;no;Le encanta la miel de las flores y roba la que recoge Combee.
combee;Combee;bug|flying;30;30;42;30;42;70;honey_gather;;hustle;medium_slow;49;120;speed:1;1:sweet_scent|1:gust|13:bug_bite;;air_cutter|endeavor|mud_slap|ominous_wind|snore|swift;;bug;vespiquen@21+genero:hembra;;415;Abejita;0,3;5,5;amarillo;12,5;no;El trío se forma al nacer y se pasa la vida recogiendo miel de las flores para satisfacer a Vespiquen.
vespiquen;Vespiquen;bug|flying;70;80;102;80;102;40;pressure;;unnerve;medium_slow;166;45;defense:1|sp_defense:1;1:sweet_scent|1:gust|3:poison_sting|7:confuse_ray|9:fury_cutter|13:defend_order|15:pursuit|19:fury_swipes|21:power_gem|25:heal_order|27:toxic|31:slash|33:captivate|37:attack_order|39:swagger|43:destiny_bond;aerial_ace|attract|captivate|cut|defog|double_team|endure|facade|flash|fling|frustration|giga_impact|hidden_power|hyper_beam|natural_gift|protect|rain_dance|rest|return|roost|secret_power|silver_wind|sleep_talk|sludge_bomb|substitute|sunny_day|swagger|thief|toxic|u_turn|x_scissor;air_cutter|endeavor|fury_cutter|mud_slap|ominous_wind|signal_beam|snore|swift;;bug;;;416;Colmena;1,2;38,5;amarillo;100;no;Cría larvas en los panales de su cuerpo. Segrega diversas feromonas de su cuerpo con las cuales controla a sus crías.
pachirisu;Pachirisu;electric;60;45;70;45;90;95;run_away;pickup;volt_absorb;medium_fast;142;200;speed:1;1:growl|1:bide|5:quick_attack|9:charm|13:spark|17:endure|21:swift|25:sweet_kiss|29:discharge|33:super_fang|37:last_resort;attract|captivate|charge_beam|cut|dig|double_team|endure|facade|flash|fling|frustration|grass_knot|hidden_power|iron_tail|light_screen|natural_gift|protect|rain_dance|rest|return|secret_power|shock_wave|sleep_talk|substitute|swagger|thunder|thunder_wave|thunderbolt|toxic|u_turn;gunk_shot|helping_hand|last_resort|magnet_rise|mud_slap|rollout|seed_bomb|snore|swift|thunder_punch|uproar;bite|covet|defense_curl|fake_tears|flail|flatter|rollout;ground|fairy;;;417;Ardillalec;0,4;3,9;blanco;50;no;Crea bolas de pelo que crepitan con electricidad estática. Las almacena en agujeros de árboles.
buizel;Buizel;water;55;65;35;60;30;85;swift_swim;;water_veil;medium_fast;66;190;speed:1;1:sonic_boom|1:growl|1:water_sport|3:quick_attack|6:water_gun|10:pursuit|15:swift|21:aqua_jet|28:agility|36:whirlpool|45:razor_wind;attract|blizzard|brick_break|brine|bulk_up|captivate|dig|double_team|endure|facade|focus_punch|frustration|hail|hidden_power|ice_beam|iron_tail|natural_gift|protect|rain_dance|rest|return|rock_smash|rock_tomb|secret_power|sleep_talk|strength|substitute|surf|swagger|toxic|water_pulse|waterfall;dive|ice_punch|icy_wind|mud_slap|snore|swift;baton_pass|double_slap|fury_cutter|fury_swipes|headbutt|mud_slap|odor_sleuth|slash;water1|ground;floatzel@26;;418;Nutria Mar.;0,7;29,5;marrón;50;no;Nada rotando sus dos colas a modo de tornillo. Cuando bucea, el flotador se pliega.
floatzel;Floatzel;water;85;105;55;85;50;115;swift_swim;;water_veil;medium_fast;173;75;speed:2;1:ice_fang|1:sonic_boom|1:growl|1:water_sport|1:quick_attack|6:water_gun|10:pursuit|15:swift|21:aqua_jet|26:crunch|29:agility|39:whirlpool|50:razor_wind;attract|blizzard|brick_break|brine|bulk_up|captivate|dig|double_team|endure|facade|focus_blast|focus_punch|frustration|giga_impact|hail|hidden_power|hyper_beam|ice_beam|iron_tail|natural_gift|payback|protect|rain_dance|rest|return|roar|rock_smash|rock_tomb|secret_power|sleep_talk|strength|substitute|surf|swagger|taunt|torment|toxic|water_pulse|waterfall;aqua_tail|dive|ice_punch|icy_wind|mud_slap|snore|swift;baton_pass|double_slap|fury_cutter|fury_swipes|headbutt|mud_slap|odor_sleuth|slash;water1|ground;;;419;Nutria Mar.;1,1;33,5;marrón;50;no;Nada gracias a su flotador. Ayuda en los rescates de gente que se está ahogando.
cherubi;Cherubi;grass;45;35;45;62;53;35;chlorophyll;;;medium_fast;55;190;sp_attack:1;1:tackle|7:growth|10:leech_seed|13:helping_hand|19:magical_leaf|22:sunny_day|28:worry_seed|31:take_down|37:solar_beam|40:lucky_chant;attract|bullet_seed|captivate|double_team|endure|energy_ball|facade|flash|frustration|giga_drain|grass_knot|hidden_power|natural_gift|protect|rest|return|safeguard|secret_power|sleep_talk|solar_beam|substitute|sunny_day|swagger|swords_dance|toxic;helping_hand|rollout|seed_bomb|snore|synthesis;aromatherapy|grass_whistle|nature_power|razor_leaf|sweet_scent|tickle;fairy|plant;cherrim@25;;420;Cereza;0,4;3,3;rosa;50;no;Bajo la luz solar es rojo. La esfera pequeña pierde sus nutrientes y se seca para anunciar la evolución.
cherrim;Cherrim;grass;70;60;70;87;78;85;flower_gift;;;medium_fast;158;75;sp_attack:2;1:tackle|1:growth|10:leech_seed|13:helping_hand|19:magical_leaf|22:sunny_day|25:petal_dance|30:worry_seed|35:take_down|43:solar_beam|48:lucky_chant;attract|bullet_seed|captivate|double_team|endure|energy_ball|facade|flash|frustration|giga_drain|giga_impact|grass_knot|hidden_power|hyper_beam|natural_gift|protect|rest|return|safeguard|secret_power|sleep_talk|solar_beam|substitute|sunny_day|swagger|swords_dance|toxic;helping_hand|rollout|seed_bomb|snore|synthesis;aromatherapy|grass_whistle|nature_power|razor_leaf|sweet_scent|tickle;fairy|plant;;;421;Floración;0,5;9,3;morado;50;no;Cuando los rayos de sol inundan su capullo, abre de par en par sus pétalos y se vuelve muy dinámico.
shellos;Shellos;water;76;48;48;57;62;34;sticky_hold;storm_drain;sand_force;medium_fast;65;190;hp:1;1:mud_slap|2:mud_sport|4:harden|7:water_pulse|11:mud_bomb|16:hidden_power|22:rain_dance|29:body_slam|37:muddy_water|46:recover;attract|blizzard|brine|captivate|double_team|endure|facade|frustration|hail|hidden_power|ice_beam|natural_gift|protect|rain_dance|rest|return|secret_power|sleep_talk|substitute|surf|swagger|toxic|water_pulse;ancient_power|dive|earth_power|icy_wind|mud_slap|snore;amnesia|counter|curse|fissure|memento|mirror_coat|spit_up|stockpile|swallow|yawn;water1|indeterminate;gastrodon@30;;422;Babosa Marina;0,3;6,3;morado;50;no;No hay que apretarle muy fuerte, ya que, si lo haces, secreta un misterioso fluido morado.
gastrodon;Gastrodon;water|ground;111;83;68;92;82;39;sticky_hold;storm_drain;sand_force;medium_fast;166;75;hp:2;1:mud_slap|1:mud_sport|1:harden|1:water_pulse|11:mud_bomb|16:hidden_power|22:rain_dance|29:body_slam|41:muddy_water|54:recover;attract|blizzard|brine|captivate|dig|double_team|earthquake|endure|facade|flash|frustration|giga_impact|hail|hidden_power|hyper_beam|ice_beam|natural_gift|protect|rain_dance|rest|return|rock_slide|rock_smash|rock_tomb|sandstorm|secret_power|sleep_talk|sludge_bomb|stone_edge|strength|substitute|surf|swagger|toxic|water_pulse|waterfall;ancient_power|dive|earth_power|icy_wind|mud_slap|snore;amnesia|counter|curse|fissure|memento|mirror_coat|spit_up|stockpile|swallow|yawn;water1|indeterminate;;;423;Babosa Marina;0,9;29,9;morado;50;no;Si se ve amenazado por sus enemigos naturales, segrega un líquido morado y huye rápidamente.
ambipom;Ambipom;normal;75;100;66;60;66;115;technician;pickup;skill_link;fast;169;45;speed:2;1:scratch|1:tail_whip|1:sand_attack|1:astonish|11:baton_pass|15:tickle|18:fury_swipes|22:swift|25:screech|29:agility|32:double_hit|36:fling|39:nasty_plot|43:last_resort;aerial_ace|attract|brick_break|captivate|cut|dig|double_team|dream_eater|endure|facade|fling|focus_punch|frustration|giga_impact|grass_knot|hidden_power|hyper_beam|iron_tail|natural_gift|payback|protect|rain_dance|rest|return|rock_smash|secret_power|shadow_ball|shadow_claw|shock_wave|sleep_talk|snatch|solar_beam|strength|substitute|sunny_day|swagger|taunt|thief|thunder|thunder_wave|thunderbolt|toxic|u_turn|water_pulse;bounce|fire_punch|fury_cutter|gunk_shot|ice_punch|knock_off|last_resort|mud_slap|seed_bomb|snore|spite|swift|thunder_punch|uproar;agility|beat_up|counter|double_slap|pursuit|screech|slam|spite;ground;;;424;Cola Larga;1,2;20,3;morado;50;no;Habitan en grandes colonias y forman anillos uniendo sus colas, aparentemente en signo de amistad.
drifloon;Drifloon;ghost|flying;90;50;34;60;44;70;aftermath;unburden;flare_boost;fluctuating;70;125;hp:1;1:constrict|1:minimize|6:astonish|11:gust|14:focus_energy|17:payback|22:stockpile|27:swallow|27:spit_up|30:ominous_wind|33:baton_pass|38:shadow_ball|43:explosion;attract|calm_mind|captivate|charge_beam|cut|defog|double_team|dream_eater|embargo|endure|explosion|facade|flash|frustration|gyro_ball|hidden_power|natural_gift|payback|protect|psych_up|psychic|rain_dance|recycle|rest|return|secret_power|shadow_ball|shock_wave|silver_wind|skill_swap|sleep_talk|substitute|sunny_day|swagger|thief|thunder|thunder_wave|thunderbolt|toxic|will_o_wisp;air_cutter|icy_wind|knock_off|mud_slap|ominous_wind|rollout|snore|spite|sucker_punch|swift|trick;body_slam|destiny_bond|disable|haze|hypnosis|memento;indeterminate;drifblim@28;;425;Globo;0,4;1,2;morado;50;no;Está formado por los espíritus de personas y Pokémon. Le encantan las estaciones húmedas.
drifblim;Drifblim;ghost|flying;150;80;44;90;54;80;aftermath;unburden;flare_boost;fluctuating;174;60;hp:2;1:constrict|1:minimize|1:astonish|1:gust|14:focus_energy|17:payback|22:stockpile|27:swallow|27:spit_up|32:ominous_wind|37:baton_pass|44:shadow_ball|51:explosion;attract|calm_mind|captivate|charge_beam|cut|defog|double_team|dream_eater|embargo|endure|explosion|facade|flash|fly|frustration|giga_impact|gyro_ball|hidden_power|hyper_beam|natural_gift|payback|protect|psych_up|psychic|rain_dance|recycle|rest|return|secret_power|shadow_ball|shock_wave|silver_wind|skill_swap|sleep_talk|substitute|sunny_day|swagger|thief|thunder|thunder_wave|thunderbolt|toxic|will_o_wisp;air_cutter|icy_wind|knock_off|mud_slap|ominous_wind|rollout|snore|spite|sucker_punch|swift|trick;body_slam|destiny_bond|disable|haze|hypnosis|memento;indeterminate;;;426;Dirigible;1,2;15;morado;50;no;Transporta a gente y a Pokémon volando, pero, como se deja llevar, puede acabar en cualquier sitio.
buneary;Buneary;normal;55;66;44;44;56;85;run_away;klutz;limber;medium_fast;70;190;speed:1;1:splash|1:pound|1:defense_curl|1:foresight|6:endure|13:frustration|16:quick_attack|23:jump_kick|26:baton_pass|33:agility|36:dizzy_punch|43:charm|46:bounce|53:healing_wish;attract|captivate|charge_beam|cut|dig|double_team|drain_punch|endure|facade|fling|focus_punch|frustration|grass_knot|hidden_power|ice_beam|iron_tail|natural_gift|protect|rain_dance|rest|return|rock_smash|secret_power|shadow_ball|shock_wave|sleep_talk|solar_beam|substitute|sunny_day|swagger|thunder_wave|thunderbolt|toxic|water_pulse;bounce|endeavor|helping_hand|last_resort|mud_slap|snore|swift|uproar;attract|double_hit|encore|fake_out|fake_tears|fire_punch|ice_punch|low_kick|sky_uppercut|sweet_kiss|switcheroo|thunder_punch;ground|humanshape;lopunny@amistad;;427;Conejo;0,4;5,5;marrón;50;no;Lleva las orejas enrolladas. Cuando las extiende, golpea con tal fuerza que incluso puede romper rocas.
lopunny;Lopunny;normal;65;76;84;54;96;105;cute_charm;klutz;limber;medium_fast;168;60;speed:2;1:mirror_coat|1:magic_coat|1:splash|1:pound|1:defense_curl|1:foresight|6:endure|13:return|16:quick_attack|23:jump_kick|26:baton_pass|33:agility|36:dizzy_punch|43:charm|46:bounce|53:healing_wish;attract|blizzard|captivate|charge_beam|cut|dig|double_team|drain_punch|endure|facade|fling|focus_blast|focus_punch|frustration|giga_impact|grass_knot|hidden_power|hyper_beam|ice_beam|iron_tail|natural_gift|protect|rain_dance|rest|return|rock_smash|secret_power|shadow_ball|shock_wave|sleep_talk|solar_beam|strength|substitute|sunny_day|swagger|thunder|thunder_wave|thunderbolt|toxic|water_pulse;bounce|endeavor|fire_punch|fury_cutter|helping_hand|ice_punch|last_resort|mud_slap|snore|swift|thunder_punch|uproar;attract|double_hit|encore|fake_out|fake_tears|fire_punch|ice_punch|low_kick|sky_uppercut|sweet_kiss|switcheroo|thunder_punch;ground|humanshape;;;428;Conejo;1,2;33,3;marrón;50;no;Este Pokémon resulta muy precavido. Si siente peligro, escapa corriendo a grandes saltos.
mismagius;Mismagius;ghost;60;60;60;105;105;105;levitate;;;fast;173;45;sp_attack:1|sp_defense:1;1:lucky_chant|1:magical_leaf|1:growl|1:psywave|1:spite|1:astonish;aerial_ace|attract|calm_mind|captivate|charge_beam|dark_pulse|double_team|dream_eater|embargo|endure|energy_ball|facade|flash|frustration|giga_impact|hidden_power|hyper_beam|natural_gift|payback|protect|psych_up|psychic|rain_dance|rest|return|secret_power|shadow_ball|shock_wave|skill_swap|sleep_talk|snatch|substitute|sunny_day|swagger|taunt|thief|thunder|thunder_wave|thunderbolt|torment|toxic|trick_room|will_o_wisp;icy_wind|ominous_wind|snore|spite|sucker_punch|swift|trick|uproar;destiny_bond|screech;indeterminate;;;429;Mágico;0,9;4,4;morado;50;no;Recita cánticos. Algunos de ellos atormentan a sus rivales, mientras que otros producen felicidad.
honchkrow;Honchkrow;dark|flying;100;125;52;105;52;71;insomnia;super_luck;moxie;medium_slow;177;30;attack:2;1:astonish|1:pursuit|1:haze|1:wing_attack|25:swagger|35:nasty_plot|45:night_slash|55:dark_pulse;aerial_ace|attract|calm_mind|captivate|dark_pulse|defog|double_team|dream_eater|embargo|endure|facade|fly|frustration|giga_impact|hidden_power|hyper_beam|natural_gift|payback|pluck|protect|psych_up|psychic|rain_dance|rest|return|roost|secret_power|shadow_ball|sleep_talk|snatch|steel_wing|substitute|sunny_day|swagger|taunt|thief|thunder_wave|torment|toxic;air_cutter|heat_wave|mud_slap|ominous_wind|spite|sucker_punch|superpower|swift|twister|uproar;drill_peck|mirror_move|quick_attack|sky_attack|whirlwind|wing_attack;flying;;;430;Gran Jefe;0,9;27,3;negro;50;no;Si uno lanza un grito profundo, los demás acuden. Por eso se le llama también Invocador de la Noche.
glameow;Glameow;normal;49;55;42;42;37;85;limber;own_tempo;keen_eye;fast;62;190;speed:1;1:fake_out|5:scratch|8:growl|13:hypnosis|17:feint_attack|20:fury_swipes|25:charm|29:assist|32:captivate|37:slash|41:sucker_punch|45:attract;aerial_ace|attract|captivate|cut|dig|double_team|dream_eater|endure|facade|flash|frustration|hidden_power|iron_tail|natural_gift|payback|protect|psych_up|rain_dance|rest|return|secret_power|shadow_ball|shadow_claw|shock_wave|sleep_talk|snatch|substitute|sunny_day|swagger|taunt|thief|thunder|thunderbolt|torment|toxic|u_turn|water_pulse;fury_cutter|knock_off|last_resort|mud_slap|snore|sucker_punch|swift;assurance|bite|fake_tears|quick_attack|sand_attack|tail_whip;ground;purugly@38;;431;Gastuto;0,5;3,9;gris;75;no;Araña cuando está enfadado y ronronea cuando está cariñoso. Su imprevisibilidad es famosa.
purugly;Purugly;normal;71;82;64;64;59;112;thick_fat;own_tempo;defiant;fast;158;75;speed:2;1:fake_out|1:scratch|1:growl|13:hypnosis|17:feint_attack|20:fury_swipes|25:charm|29:assist|32:captivate|37:slash|38:swagger|45:body_slam|53:attract;aerial_ace|attract|captivate|cut|dig|double_team|dream_eater|endure|facade|flash|frustration|giga_impact|hidden_power|hyper_beam|iron_tail|natural_gift|payback|protect|psych_up|rain_dance|rest|return|roar|secret_power|shadow_ball|shadow_claw|shock_wave|sleep_talk|snatch|substitute|sunny_day|swagger|taunt|thief|thunder|thunderbolt|torment|toxic|u_turn|water_pulse;fury_cutter|knock_off|last_resort|mud_slap|rollout|snore|sucker_punch|swift;assurance|bite|fake_tears|quick_attack|sand_attack|tail_whip;ground;;;432;Tigre Gato;1;43,8;gris;75;no;Si se siente a gusto, no tiene ningún reparo en apropiarse de las moradas de otros Pokémon.
chingling;Chingling;psychic;45;30;50;65;50;45;levitate;;;fast;57;120;sp_attack:1;1:wrap|6:growl|9:astonish|14:confusion|17:uproar|22:last_resort;attract|calm_mind|captivate|charge_beam|double_team|dream_eater|endure|facade|flash|frustration|grass_knot|hidden_power|light_screen|natural_gift|protect|psych_up|psychic|rain_dance|recycle|reflect|rest|return|safeguard|secret_power|shadow_ball|shock_wave|skill_swap|sleep_talk|snatch|substitute|sunny_day|swagger|taunt|thunder_wave|torment|toxic|trick_room;helping_hand|icy_wind|knock_off|last_resort|rollout|signal_beam|snore|swift|trick|uproar|zen_headbutt;curse|disable|dream_eater|future_sight|hypnosis|recover|wish;no_eggs;chimecho@amistad+hora:noche;;433;Campana;0,2;0,6;amarillo;50;no;Emite un tintineo cada vez que salta. Ensordece a sus rivales con sonidos de alta frecuencia.
stunky;Stunky;poison|dark;63;63;47;41;41;74;stench;aftermath;keen_eye;medium_fast;66;225;speed:1;1:scratch|1:focus_energy|4:poison_gas|7:screech|10:fury_swipes|14:smokescreen|18:feint|22:slash|27:toxic|32:night_slash|38:memento|44:explosion;attract|captivate|cut|dark_pulse|defog|dig|double_team|endure|explosion|facade|fire_blast|flamethrower|frustration|hidden_power|iron_tail|natural_gift|payback|protect|rain_dance|rest|return|roar|rock_smash|secret_power|shadow_ball|shadow_claw|sleep_talk|sludge_bomb|snatch|substitute|sunny_day|swagger|taunt|thief|torment|toxic;fury_cutter|mud_slap|snore|sucker_punch|swift;astonish|crunch|double_edge|leer|punishment|pursuit|scary_face|smog;ground;skuntank@34;;434;Mofeta;0,4;19,2;morado;50;no;Expulsa un fluido maloliente por sus cuartos traseros. El hedor repele Pokémon en un radio de 2 km.
skuntank;Skuntank;poison|dark;103;93;67;71;61;84;stench;aftermath;keen_eye;medium_fast;168;60;hp:2;1:scratch|1:focus_energy|1:poison_gas|7:screech|10:fury_swipes|14:smokescreen|18:feint|22:slash|27:toxic|32:night_slash|34:flamethrower|42:memento|52:explosion;attract|captivate|cut|dark_pulse|defog|dig|double_team|endure|explosion|facade|fire_blast|flamethrower|frustration|giga_impact|hidden_power|hyper_beam|iron_tail|natural_gift|payback|poison_jab|protect|rain_dance|rest|return|roar|rock_smash|secret_power|shadow_ball|shadow_claw|sleep_talk|sludge_bomb|snatch|strength|substitute|sunny_day|swagger|taunt|thief|torment|toxic;fury_cutter|mud_slap|snore|sucker_punch|swift;astonish|crunch|double_edge|leer|punishment|pursuit|scary_face|smog;ground;;;435;Mofeta;1;38;morado;50;no;Para atacar, emite un fluido maloliente por la punta de su cola que puede llegar a más de 50 m.
bronzor;Bronzor;steel|psychic;57;24;86;24;86;23;levitate;heatproof;heavy_metal;medium_fast;60;255;defense:1;1:tackle|1:confusion|7:hypnosis|12:imprison|14:confuse_ray|19:extrasensory|26:iron_defense|30:safeguard|35:gyro_ball|37:future_sight|41:feint_attack|49:payback|52:heal_block;calm_mind|charge_beam|double_team|dream_eater|earthquake|endure|facade|flash|flash_cannon|frustration|grass_knot|gyro_ball|hidden_power|light_screen|natural_gift|payback|protect|psych_up|psychic|rain_dance|recycle|reflect|rest|return|rock_polish|rock_slide|rock_tomb|safeguard|sandstorm|secret_power|shadow_ball|skill_swap|sleep_talk|solar_beam|stealth_rock|substitute|sunny_day|swagger|toxic|trick_room;ancient_power|rollout|signal_beam|snore|trick;;mineral;bronzong@33;;436;Bronce;0,5;60,5;verde;sin_genero;no;Antaño se creía que en los dibujos de su parte posterior residía una fuerza misteriosa.
bronzong;Bronzong;steel|psychic;67;89;116;79;116;33;levitate;heatproof;heavy_metal;medium_fast;175;90;defense:1|sp_defense:1;1:sunny_day|1:rain_dance|1:tackle|1:confusion|1:hypnosis|1:imprison|14:confuse_ray|19:extrasensory|26:iron_defense|30:safeguard|33:block|38:gyro_ball|43:future_sight|50:feint_attack|61:payback|67:heal_block;calm_mind|charge_beam|double_team|dream_eater|earthquake|endure|explosion|facade|flash|flash_cannon|frustration|giga_impact|grass_knot|gyro_ball|hidden_power|hyper_beam|light_screen|natural_gift|payback|protect|psych_up|psychic|rain_dance|recycle|reflect|rest|return|rock_polish|rock_slide|rock_smash|rock_tomb|safeguard|sandstorm|secret_power|shadow_ball|skill_swap|sleep_talk|solar_beam|stealth_rock|strength|substitute|sunny_day|swagger|toxic|trick_room;ancient_power|iron_head|rollout|signal_beam|snore|trick|zen_headbutt;;mineral;;;437;Campana Bronce;1,3;187;verde;sin_genero;no;Desde antaño se adora a este Pokémon para que propicie lluvias abundantes. A veces se esconde bajo tierra.
bonsly;Bonsly;rock;50;80;95;10;45;10;sturdy;rock_head;rattled;medium_fast;58;255;defense:1;1:fake_tears|1:copycat|6:flail|9:low_kick|14:rock_throw|17:mimic|22:block|25:feint_attack|30:rock_tomb|33:rock_slide|38:slam|41:sucker_punch|46:double_edge;attract|brick_break|calm_mind|captivate|dig|double_team|endure|explosion|facade|frustration|hidden_power|natural_gift|protect|psych_up|rest|return|rock_polish|rock_slide|rock_tomb|sandstorm|secret_power|sleep_talk|stealth_rock|substitute|sunny_day|swagger|thief|toxic;earth_power|helping_hand|rollout|snore|sucker_punch|uproar;defense_curl|harden|headbutt|rollout|sand_tomb|self_destruct;no_eggs;sudowoodo@subir+sabe:mimic;;438;Bonsái;0,5;15;marrón;50;no;Prefiere entornos áridos. Sus ojos expulsan agua para ajustar los niveles de fluido corporal.
mime_jr;Mime Jr.;psychic|fairy;20;25;45;70;90;60;soundproof;filter;technician;medium_fast;62;145;sp_defense:1;1:tickle|1:barrier|1:confusion|4:copycat|8:meditate|11:encore|15:double_slap|18:mimic|22:light_screen|22:reflect|25:psybeam|29:substitute|32:recycle|36:trick|39:psychic|43:role_play|46:baton_pass|50:safeguard;attract|brick_break|calm_mind|captivate|charge_beam|double_team|drain_punch|dream_eater|endure|facade|flash|fling|focus_punch|frustration|grass_knot|hidden_power|light_screen|natural_gift|protect|psych_up|psychic|rain_dance|recycle|reflect|rest|return|safeguard|secret_power|shadow_ball|shock_wave|skill_swap|sleep_talk|snatch|solar_beam|substitute|sunny_day|swagger|taunt|thief|thunder|thunder_wave|thunderbolt|torment|toxic|trick_room;helping_hand|mud_slap|signal_beam|snore|trick|uproar;charm|confuse_ray|fake_out|future_sight|healing_wish|hypnosis|mimic|psych_up|teeter_dance|trick|wake_up_slap;no_eggs;mr_mime@subir+sabe:mimic;;439;Mimo;0,6;13;rosa;50;no;Desconcierta a sus rivales imitando sus movimientos a la perfección y aprovecha para darse a la fuga.
happiny;Happiny;normal;100;5;5;15;65;30;natural_cure;serene_grace;friend_guard;fast;110;130;hp:1;1:pound|1:charm|5:copycat|9:refresh|12:sweet_kiss;attract|captivate|double_team|drain_punch|dream_eater|endure|facade|fire_blast|flamethrower|flash|fling|frustration|grass_knot|hail|hidden_power|light_screen|natural_gift|protect|psych_up|psychic|rain_dance|recycle|rest|return|safeguard|secret_power|shadow_ball|shock_wave|sleep_talk|solar_beam|substitute|sunny_day|swagger|thunder_wave|toxic|water_pulse;endeavor|helping_hand|icy_wind|last_resort|mud_slap|rollout|snore|uproar|zen_headbutt;aromatherapy|counter|gravity|heal_bell|helping_hand|last_resort|metronome|present|substitute;no_eggs;chansey@subir+hora:dia+lleva:oval_stone;;440;Casita;0,6;24,4;rosa;100;no;Les da a sus amigos una roca con forma de huevo que transporta en la bolsa de su panza.
chatot;Chatot;normal|flying;76;65;45;92;42;91;keen_eye;tangled_feet;big_pecks;medium_slow;144;30;attack:1;1:peck|5:growl|9:mirror_move|13:sing|17:fury_attack|21:chatter|25:taunt|29:mimic|33:roost|37:uproar|41:feather_dance|45:hyper_voice;aerial_ace|attract|captivate|defog|double_team|endure|facade|fly|frustration|hidden_power|natural_gift|pluck|protect|rain_dance|rest|return|roost|secret_power|sleep_talk|steel_wing|substitute|sunny_day|swagger|taunt|thief|torment|toxic|u_turn;air_cutter|heat_wave|mud_slap|ominous_wind|snore|swift|twister|uproar;agility|encore|nasty_plot|night_shade|supersonic;flying;;;441;Corchea;0,5;1,9;negro;50;no;Imita los sonidos de sus rivales, haciéndoles creer que son amigos e impidiendo que le ataquen.
spiritomb;Spiritomb;ghost|dark;50;92;108;92;108;35;pressure;;infiltrator;medium_fast;170;100;defense:1|sp_defense:1;1:curse|1:pursuit|1:confuse_ray|1:spite|1:shadow_sneak|7:feint_attack|13:hypnosis|19:dream_eater|25:ominous_wind|31:sucker_punch|37:nasty_plot|43:memento|49:dark_pulse;attract|calm_mind|captivate|dark_pulse|double_team|dream_eater|embargo|endure|facade|flash|frustration|giga_impact|hidden_power|hyper_beam|natural_gift|protect|psych_up|psychic|rain_dance|rest|return|rock_tomb|secret_power|shadow_ball|shock_wave|silver_wind|sleep_talk|snatch|substitute|sunny_day|swagger|taunt|thief|torment|toxic|water_pulse|will_o_wisp;icy_wind|ominous_wind|snore|spite|sucker_punch|trick|uproar;destiny_bond|grudge|imprison|pain_split|shadow_sneak|smokescreen;indeterminate;;;442;Prohibido;1;108;morado;50;no;Se formó a partir de 108 espíritus. Está unido a la fisura de una piedra angular mística.
gible;Gible;dragon|ground;58;70;45;40;45;42;sand_veil;;rough_skin;slow;60;45;attack:1;1:tackle|3:sand_attack|7:dragon_rage|13:sandstorm|15:take_down|19:sand_tomb|25:slash|27:dragon_claw|31:dig|37:dragon_rush;aerial_ace|attract|captivate|cut|dig|double_team|dragon_claw|dragon_pulse|earthquake|endure|facade|fire_blast|flamethrower|frustration|hidden_power|natural_gift|protect|rain_dance|rest|return|roar|rock_climb|rock_slide|rock_smash|rock_tomb|sandstorm|secret_power|shadow_claw|sleep_talk|stealth_rock|stone_edge|strength|substitute|sunny_day|swagger|toxic;draco_meteor|earth_power|fury_cutter|iron_head|mud_slap|outrage|snore|swift|twister;body_slam|double_edge|dragon_breath|iron_head|metal_claw|outrage|sand_tomb|scary_face|thrash|twister;monster|dragon;gabite@24;;443;Terrascualo;0,7;20,5;azul;50;no;Vive en agujeros en las cuevas, al amparo del calor geotérmico. Si se acerca un enemigo, le muerde.
gabite;Gabite;dragon|ground;68;90;65;50;55;82;sand_veil;;rough_skin;slow;144;45;attack:2;1:tackle|1:sand_attack|7:dragon_rage|13:sandstorm|15:take_down|19:sand_tomb|28:slash|33:dragon_claw|40:dig|49:dragon_rush;aerial_ace|attract|captivate|cut|dig|double_team|dragon_claw|dragon_pulse|earthquake|endure|facade|fire_blast|flamethrower|frustration|hidden_power|iron_tail|natural_gift|protect|rain_dance|rest|return|roar|rock_climb|rock_slide|rock_smash|rock_tomb|sandstorm|secret_power|shadow_claw|sleep_talk|stealth_rock|stone_edge|strength|substitute|sunny_day|swagger|toxic;draco_meteor|earth_power|fury_cutter|iron_head|mud_slap|outrage|snore|swift|twister;body_slam|double_edge|dragon_breath|iron_head|metal_claw|outrage|sand_tomb|scary_face|thrash|twister;monster|dragon;garchomp@48;;444;Cueva;1,4;56;azul;50;no;Le gustan las cosas brillantes. Busca tesoros en cuevas y se lleva el botín a su nido.
garchomp;Garchomp;dragon|ground;108;130;95;80;85;102;sand_veil;;rough_skin;slow;270;45;attack:3;1:fire_fang|1:tackle|1:sand_attack|1:dragon_rage|1:sandstorm|15:take_down|19:sand_tomb|28:slash|33:dragon_claw|40:dig|48:crunch|55:dragon_rush;aerial_ace|attract|brick_break|captivate|cut|dig|double_team|dragon_claw|dragon_pulse|earthquake|endure|facade|false_swipe|fire_blast|flamethrower|fling|frustration|giga_impact|hidden_power|hyper_beam|iron_tail|natural_gift|poison_jab|protect|rain_dance|rest|return|roar|rock_climb|rock_slide|rock_smash|rock_tomb|sandstorm|secret_power|shadow_claw|sleep_talk|stealth_rock|stone_edge|strength|substitute|sunny_day|surf|swagger|swords_dance|toxic;aqua_tail|draco_meteor|earth_power|fury_cutter|iron_head|mud_slap|outrage|snore|swift|twister;body_slam|double_edge|dragon_breath|iron_head|metal_claw|outrage|sand_tomb|scary_face|thrash|twister;monster|dragon;;;445;Mach;1,9;95;azul;50;no;Cuando despliega su cuerpo y sus alas, parece un avión a reacción. Vuela a velocidad sónica.
munchlax;Munchlax;normal;135;85;40;40;85;5;pickup;thick_fat;gluttony;slow;78;50;hp:1;1:metronome|1:odor_sleuth|1:tackle|4:defense_curl|9:amnesia|12:lick|17:recycle|20:screech|25:stockpile|28:swallow|33:body_slam|36:fling|41:rollout|44:natural_gift|49:last_resort;attract|blizzard|brick_break|captivate|double_team|earthquake|endure|facade|fire_blast|flamethrower|fling|focus_punch|frustration|hidden_power|ice_beam|natural_gift|protect|psychic|rain_dance|recycle|rest|return|rock_climb|rock_slide|rock_smash|rock_tomb|sandstorm|secret_power|shadow_ball|shock_wave|sleep_talk|solar_beam|strength|substitute|sunny_day|surf|swagger|thunder|thunderbolt|toxic|water_pulse;fire_punch|gunk_shot|ice_punch|icy_wind|last_resort|mud_slap|rollout|seed_bomb|snore|superpower|thunder_punch|uproar|zen_headbutt;charm|curse|double_edge|lick|pursuit|substitute|whirlwind|zen_headbutt;no_eggs;snorlax@amistad;;446;Comilón;0,6;105;negro;12,5;no;Esconde comida bajo el largo pelo de su cuerpo, pero más tarde lo olvida.
riolu;Riolu;fighting;40;70;40;35;40;60;steadfast;inner_focus;prankster;medium_slow;57;75;attack:1;1:quick_attack|1:foresight|1:endure|6:counter|11:force_palm|15:feint|19:reversal|24:screech|29:copycat;attract|brick_break|bulk_up|captivate|dig|double_team|drain_punch|earthquake|endure|facade|fling|focus_blast|focus_punch|frustration|hidden_power|iron_tail|natural_gift|payback|poison_jab|protect|rain_dance|rest|return|roar|rock_slide|rock_smash|rock_tomb|secret_power|shadow_claw|sleep_talk|strength|substitute|sunny_day|swagger|swords_dance|toxic;fury_cutter|helping_hand|ice_punch|iron_defense|magnet_rise|mud_slap|snore|swift|thunder_punch|vacuum_wave|zen_headbutt;agility|bite|blaze_kick|bullet_punch|cross_chop|crunch|detect|high_jump_kick|iron_defense|low_kick|mind_reader|sky_uppercut|vacuum_wave;no_eggs;lucario@amistad+hora:dia;;447;Emanación;0,7;20,2;azul;12,5;no;Se comunica con los suyos mediante la emisión de unas ondas que cambian de forma en función de los sentimientos.
lucario;Lucario;fighting|steel;70;110;70;115;70;90;steadfast;inner_focus;justified;medium_slow;184;45;attack:1|sp_attack:1;1:dark_pulse|1:quick_attack|1:foresight|1:detect|1:metal_claw|6:counter|11:force_palm|15:feint|19:bone_rush|24:metal_sound|29:me_first|33:swords_dance|37:aura_sphere|42:close_combat|47:dragon_pulse|51:extreme_speed;attract|brick_break|bulk_up|calm_mind|captivate|dark_pulse|dig|double_team|dragon_pulse|drain_punch|earthquake|endure|facade|flash_cannon|fling|focus_blast|focus_punch|frustration|giga_impact|hidden_power|hyper_beam|iron_tail|natural_gift|payback|poison_jab|protect|psychic|rain_dance|rest|return|roar|rock_climb|rock_slide|rock_smash|rock_tomb|secret_power|shadow_ball|shadow_claw|sleep_talk|stone_edge|strength|substitute|sunny_day|swagger|swords_dance|toxic|water_pulse;fury_cutter|helping_hand|ice_punch|iron_defense|magnet_rise|mud_slap|snore|swift|thunder_punch|vacuum_wave|zen_headbutt;agility|bite|blaze_kick|bullet_punch|cross_chop|crunch|detect|high_jump_kick|iron_defense|low_kick|mind_reader|sky_uppercut|vacuum_wave;ground|humanshape;;;448;Aura;1,2;54;azul;12,5;no;Puede leer los pensamientos y movimientos de su adversario a través de su aura.
hippopotas;Hippopotas;ground;68;72;78;38;42;32;sand_stream;;sand_force;slow;66;140;defense:1;1:tackle|1:sand_attack|7:bite|13:yawn|19:take_down|25:sand_tomb|31:crunch|37:earthquake|44:double_edge|50:fissure;attract|captivate|double_team|earthquake|endure|facade|frustration|hidden_power|iron_tail|natural_gift|protect|rest|return|roar|rock_slide|rock_smash|rock_tomb|sandstorm|secret_power|sleep_talk|stealth_rock|strength|substitute|sunny_day|swagger|toxic|water_pulse;earth_power|mud_slap|snore|superpower;body_slam|curse|sand_tomb|slack_off|spit_up|stockpile|swallow;ground;hippowdon@34;;449;Hipo;0,8;49,5;marrón;50;no;Vive en zonas áridas. En lugar de sudar, su cuerpo expulsa granos de arena.
hippowdon;Hippowdon;ground;108;112;118;68;72;47;sand_stream;;sand_force;slow;184;60;defense:2;1:ice_fang|1:fire_fang|1:thunder_fang|1:tackle|1:sand_attack|1:bite|1:yawn|19:take_down|25:sand_tomb|31:crunch|40:earthquake|50:double_edge|60:fissure;attract|captivate|double_team|earthquake|endure|facade|frustration|giga_impact|hidden_power|hyper_beam|iron_tail|natural_gift|protect|rest|return|roar|rock_slide|rock_smash|rock_tomb|sandstorm|secret_power|sleep_talk|stealth_rock|stone_edge|strength|substitute|sunny_day|swagger|toxic|water_pulse;earth_power|iron_head|mud_slap|snore|superpower;body_slam|curse|sand_tomb|slack_off|spit_up|stockpile|swallow;ground;;;450;Peso Pesado;2;300;marrón;50;no;Hace gala de su fuerza abriendo su enorme boca. Para atacar levanta gran cantidad de arena.
skorupi;Skorupi;poison|bug;40;50;90;30;55;65;battle_armor;sniper;keen_eye;slow;66;120;defense:1;1:bite|1:poison_sting|1:leer|6:knock_off|12:pin_missile|17:acupressure|23:scary_face|28:toxic_spikes|34:bug_bite|39:poison_fang|45:crunch|50:cross_poison;aerial_ace|attract|brick_break|captivate|cut|dark_pulse|dig|double_team|endure|facade|false_swipe|flash|fling|frustration|hidden_power|iron_tail|natural_gift|payback|poison_jab|protect|rain_dance|rest|return|rock_smash|rock_tomb|secret_power|shadow_ball|sleep_talk|sludge_bomb|strength|substitute|sunny_day|swagger|swords_dance|taunt|thief|torment|toxic|x_scissor;aqua_tail|fury_cutter|knock_off|mud_slap|snore;agility|confuse_ray|feint_attack|night_slash|pursuit|sand_attack|screech|slash|whirlwind;bug|water3;drapion@40;;451;Escorpión;0,8;12;morado;50;no;Agarra a sus presas con las pinzas de la cola y les inyecta veneno. Espera hasta que hace efecto.
drapion;Drapion;poison|dark;70;90;110;60;75;95;battle_armor;sniper;keen_eye;slow;175;45;defense:2;1:thunder_fang|1:ice_fang|1:fire_fang|1:bite|1:poison_sting|1:leer|1:knock_off|12:pin_missile|17:acupressure|23:scary_face|28:toxic_spikes|34:bug_bite|39:poison_fang|49:crunch|58:cross_poison;aerial_ace|attract|brick_break|captivate|cut|dark_pulse|dig|double_team|earthquake|endure|facade|false_swipe|flash|fling|frustration|giga_impact|hidden_power|hyper_beam|iron_tail|natural_gift|payback|poison_jab|protect|rain_dance|rest|return|roar|rock_climb|rock_slide|rock_smash|rock_tomb|secret_power|shadow_ball|sleep_talk|sludge_bomb|strength|substitute|sunny_day|swagger|swords_dance|taunt|thief|torment|toxic|x_scissor;aqua_tail|fury_cutter|knock_off|mud_slap|snore;agility|confuse_ray|feint_attack|night_slash|pursuit|sand_attack|screech|slash|whirlwind;bug|water3;;;452;Escorpiogro;1,3;61,5;morado;50;no;Aunque sabe que puede aplastar al rival con su gran fuerza, le gusta dar el golpe de gracia con su virulento veneno.
croagunk;Croagunk;poison|fighting;48;61;40;61;40;50;anticipation;dry_skin;poison_touch;medium_fast;60;140;attack:1;1:astonish|3:mud_slap|8:poison_sting|10:taunt|15:pursuit|17:feint_attack|22:revenge|24:swagger|29:mud_bomb|31:sucker_punch|36:nasty_plot|38:poison_jab|43:sludge_bomb|45:flatter;attract|brick_break|bulk_up|captivate|dark_pulse|dig|double_team|earthquake|embargo|endure|facade|fling|focus_blast|focus_punch|frustration|hidden_power|natural_gift|payback|poison_jab|protect|rain_dance|rest|return|rock_climb|rock_slide|rock_smash|rock_tomb|secret_power|shadow_ball|sleep_talk|sludge_bomb|snatch|strength|substitute|sunny_day|swagger|taunt|thief|torment|toxic|x_scissor;bounce|fury_cutter|gunk_shot|helping_hand|ice_punch|icy_wind|knock_off|mud_slap|snore|spite|sucker_punch|thunder_punch|vacuum_wave;bullet_punch|cross_chop|dynamic_punch|fake_out|feint|headbutt|me_first|meditate|smelling_salts|vacuum_wave|wake_up_slap;humanshape;toxicroak@37;;453;Boca Tóxica;0,7;23;azul;50;no;Tiene bolsas venenosas en las mejillas. Pilla desprevenidos a sus rivales para pincharles.
toxicroak;Toxicroak;poison|fighting;83;106;65;86;65;85;anticipation;dry_skin;poison_touch;medium_fast;172;75;attack:2;1:astonish|1:mud_slap|1:poison_sting|10:taunt|15:pursuit|17:feint_attack|22:revenge|24:swagger|29:mud_bomb|31:sucker_punch|36:nasty_plot|41:poison_jab|49:sludge_bomb|54:flatter;attract|brick_break|bulk_up|captivate|cut|dark_pulse|dig|double_team|earthquake|embargo|endure|facade|fling|focus_blast|focus_punch|frustration|giga_impact|hidden_power|hyper_beam|natural_gift|payback|poison_jab|protect|rain_dance|rest|return|rock_climb|rock_slide|rock_smash|rock_tomb|secret_power|shadow_ball|sleep_talk|sludge_bomb|snatch|stone_edge|strength|substitute|sunny_day|swagger|swords_dance|taunt|thief|torment|toxic|x_scissor;bounce|fury_cutter|gunk_shot|helping_hand|ice_punch|icy_wind|knock_off|mud_slap|snore|spite|sucker_punch|thunder_punch|vacuum_wave;bullet_punch|cross_chop|dynamic_punch|fake_out|feint|headbutt|me_first|meditate|smelling_salts|vacuum_wave|wake_up_slap;humanshape;;;454;Boca Tóxica;1,3;44,4;azul;50;no;Almacena veneno en una bolsa de la garganta. Cuando croa, este se agita para lograr mayor potencia.
carnivine;Carnivine;grass;74;100;72;90;72;46;levitate;;;slow;159;200;attack:2;1:bind|1:growth|7:bite|11:vine_whip|17:sweet_scent|21:ingrain|27:feint_attack|31:stockpile|31:spit_up|31:swallow|37:crunch|41:wring_out|47:power_whip;attract|bullet_seed|captivate|cut|double_team|endure|energy_ball|facade|flash|fling|frustration|giga_drain|giga_impact|grass_knot|hidden_power|hyper_beam|natural_gift|payback|protect|rest|return|secret_power|sleep_talk|sludge_bomb|solar_beam|substitute|sunny_day|swagger|swords_dance|thief|toxic;fury_cutter|gastro_acid|knock_off|mud_slap|seed_bomb|snore|synthesis;leech_seed|magical_leaf|razor_leaf|slam|sleep_powder|stun_spore|synthesis|worry_seed;plant;;;455;Caza Bichos;1,4;27;verde;50;no;Atrae a sus presas con saliva de olor dulce y las mastica. Tarda todo un día en comérselas.
finneon;Finneon;water;49;49;56;49;61;66;swift_swim;storm_drain;water_veil;erratic;66;190;speed:1;1:pound|6:water_gun|10:attract|13:rain_dance|17:gust|22:water_pulse|26:captivate|29:safeguard|33:aqua_ring|38:whirlpool|42:u_turn|45:bounce|49:silver_wind;attract|blizzard|brine|captivate|defog|double_team|endure|facade|flash|frustration|hail|hidden_power|ice_beam|natural_gift|payback|protect|psych_up|rain_dance|rest|return|safeguard|secret_power|silver_wind|sleep_talk|substitute|surf|swagger|toxic|u_turn|water_pulse|waterfall;air_cutter|aqua_tail|bounce|dive|icy_wind|ominous_wind|snore|swift|twister;agility|aqua_tail|charm|flail|psybeam|splash|sweet_kiss|tickle;water2;lumineon@31;;456;Pez Ala;0,4;7;azul;50;no;La línea que le recorre el costado puede almacenar luz solar. Brilla con mucha fuerza por la noche.
lumineon;Lumineon;water;69;69;76;69;86;91;swift_swim;storm_drain;water_veil;erratic;161;75;speed:2;1:pound|1:water_gun|1:attract|13:rain_dance|17:gust|22:water_pulse|26:captivate|29:safeguard|35:aqua_ring|42:whirlpool|48:u_turn|53:bounce|59:silver_wind;attract|blizzard|brine|captivate|defog|double_team|endure|facade|flash|frustration|giga_impact|hail|hidden_power|hyper_beam|ice_beam|natural_gift|payback|protect|psych_up|rain_dance|rest|return|safeguard|secret_power|silver_wind|sleep_talk|substitute|surf|swagger|toxic|u_turn|water_pulse|waterfall;air_cutter|aqua_tail|bounce|dive|icy_wind|ominous_wind|snore|swift|twister;agility|aqua_tail|charm|flail|psybeam|splash|sweet_kiss|tickle;water2;;;457;Neón;1,2;24;azul;50;no;Vive en las profundidades marinas. Atrae a sus presas con parpadeos del dibujo de sus cuatro aletas.
mantyke;Mantyke;water|flying;45;20;50;60;120;50;swift_swim;water_absorb;water_veil;slow;69;25;sp_defense:1;1:tackle|1:bubble|4:supersonic|10:bubble_beam|13:headbutt|19:agility|22:wing_attack|28:water_pulse|31:take_down|37:confuse_ray|40:bounce|46:aqua_ring|49:hydro_pump;aerial_ace|attract|blizzard|captivate|double_team|earthquake|endure|facade|frustration|hail|hidden_power|ice_beam|natural_gift|protect|rain_dance|rest|return|secret_power|sleep_talk|substitute|surf|swagger|toxic|water_pulse|waterfall;air_cutter|bounce|dive|helping_hand|icy_wind|mud_slap|snore|swift;haze|hydro_pump|mirror_coat|mud_sport|rock_slide|signal_beam|slam|splash|twister|water_sport;no_eggs;mantine@subir+equipo_especie:remoraid;;458;Milano;1;65;azul;50;no;Los símbolos de su espalda cambian según la región. A veces se mezcla con bancos de Remoraid y nada junto a ellos.
snover;Snover;grass|ice;60;62;50;62;60;40;snow_warning;;soundproof;slow;67;120;attack:1;1:powder_snow|1:leer|5:razor_leaf|9:icy_wind|13:grass_whistle|17:swagger|21:mist|26:ice_shard|31:ingrain|36:wood_hammer|41:blizzard|46:sheer_cold;attract|avalanche|blizzard|bullet_seed|captivate|double_team|endure|energy_ball|facade|flash|frustration|giga_drain|grass_knot|hail|hidden_power|ice_beam|iron_tail|light_screen|natural_gift|protect|rain_dance|rest|return|safeguard|secret_power|shadow_ball|sleep_talk|solar_beam|substitute|swagger|swords_dance|toxic|water_pulse;ice_punch|icy_wind|mud_slap|seed_bomb|snore|synthesis;double_edge|growth|leech_seed|magical_leaf|mist|seed_bomb|stomp;monster|plant;abomasnow@40;;459;Árbol Nieve;1;50,5;blanco;50;no;En las estaciones frías baja al pie de la montaña, pero regresa a las cimas nevadas en primavera.
abomasnow;Abomasnow;grass|ice;90;92;75;92;85;60;snow_warning;;soundproof;slow;173;60;attack:1|sp_attack:1;1:ice_punch|1:powder_snow|1:leer|1:razor_leaf|1:icy_wind|13:grass_whistle|17:swagger|21:mist|26:ice_shard|31:ingrain|36:wood_hammer|47:blizzard|58:sheer_cold;attract|avalanche|blizzard|brick_break|bullet_seed|captivate|double_team|earthquake|endure|energy_ball|facade|flash|fling|focus_blast|focus_punch|frustration|giga_drain|giga_impact|grass_knot|hail|hidden_power|hyper_beam|ice_beam|iron_tail|light_screen|natural_gift|protect|rain_dance|rest|return|rock_climb|rock_slide|rock_smash|rock_tomb|safeguard|secret_power|shadow_ball|sleep_talk|solar_beam|strength|substitute|swagger|swords_dance|toxic|water_pulse;ice_punch|icy_wind|mud_slap|outrage|seed_bomb|snore|synthesis;double_edge|growth|leech_seed|magical_leaf|mist|seed_bomb|stomp;monster|plant;;;460;Árbol Nieve;2,2;135,5;blanco;50;no;Genera ventiscas con las que cubre de nieve grandes áreas. Se le llama el Monstruo de Hielo.
weavile;Weavile;dark|ice;70;120;65;45;85;125;pressure;;pickpocket;medium_slow;179;45;attack:1|speed:1;1:embargo|1:revenge|1:assurance|1:scratch|1:leer|1:taunt|1:quick_attack|10:screech|14:feint_attack|21:fury_swipes|24:nasty_plot|28:icy_wind|35:night_slash|38:fling|42:metal_claw|49:dark_pulse;aerial_ace|attract|avalanche|blizzard|brick_break|calm_mind|captivate|cut|dark_pulse|dig|double_team|dream_eater|embargo|endure|facade|false_swipe|fling|focus_blast|focus_punch|frustration|giga_impact|hail|hidden_power|hyper_beam|ice_beam|iron_tail|natural_gift|payback|poison_jab|protect|psych_up|rain_dance|rest|return|rock_smash|secret_power|shadow_ball|shadow_claw|sleep_talk|snatch|strength|substitute|sunny_day|surf|swagger|swords_dance|taunt|thief|torment|toxic|x_scissor;fury_cutter|ice_punch|icy_wind|knock_off|mud_slap|snore|spite|swift;bite|counter|foresight|reflect|spite;ground;;;461;Garra Filo;1,1;34;negro;50;no;Vive en zonas nevadas. Deja marcas en los árboles con sus garras para comunicarse con sus compañeros.
magnezone;Magnezone;electric|steel;70;70;115;130;90;60;magnet_pull;sturdy;analytic;medium_fast;241;30;sp_attack:3;1:mirror_coat|1:barrier|1:metal_sound|1:tackle|1:thunder_shock|1:supersonic|14:sonic_boom|17:thunder_wave|22:spark|27:lock_on|30:magnet_bomb|34:screech|40:discharge|46:mirror_shot|50:magnet_rise|54:gyro_ball|60:zap_cannon;charge_beam|double_team|endure|explosion|facade|flash|flash_cannon|frustration|giga_impact|gyro_ball|hidden_power|hyper_beam|light_screen|natural_gift|protect|psych_up|rain_dance|recycle|reflect|rest|return|secret_power|shock_wave|sleep_talk|substitute|sunny_day|swagger|thunder|thunder_wave|thunderbolt|toxic;iron_defense|iron_head|magnet_rise|rollout|signal_beam|snore|swift;;mineral;;;462;Magnético;1,2;180;gris;sin_genero;no;Emiten campos magnéticos tan potentes que se atraen entre sí e incluso pueden llegar a inmovilizarse.
lickilicky;Lickilicky;normal;110;85;95;80;95;50;own_tempo;oblivious;cloud_nine;medium_fast;180;30;hp:3;1:lick|5:supersonic|9:defense_curl|13:knock_off|17:wrap|21:stomp|25:disable|29:slam|33:rollout|37:me_first|41:refresh|45:screech|49:power_whip|53:wring_out|57:gyro_ball;attract|blizzard|brick_break|captivate|cut|dig|double_team|dream_eater|earthquake|endure|explosion|facade|fire_blast|flamethrower|fling|focus_blast|focus_punch|frustration|giga_impact|gyro_ball|hidden_power|hyper_beam|ice_beam|iron_tail|natural_gift|protect|psych_up|rain_dance|rest|return|rock_climb|rock_slide|rock_smash|rock_tomb|sandstorm|secret_power|shadow_ball|shock_wave|sleep_talk|solar_beam|strength|substitute|sunny_day|surf|swagger|swords_dance|thief|thunder|thunderbolt|toxic|water_pulse;aqua_tail|fire_punch|ice_punch|icy_wind|knock_off|mud_slap|rollout|snore|thunder_punch|zen_headbutt;belly_drum|body_slam|magnitude;monster;;;463;Lametazo;1,7;140;rosa;50;no;Agarra cosas con su lengua extensible. Si te acercas mucho, te deja lleno de babas.
rhyperior;Rhyperior;ground|rock;115;140;130;55;55;40;lightning_rod;solid_rock;reckless;slow;241;30;attack:3;1:poison_jab|1:horn_attack|1:tail_whip|1:stomp|1:fury_attack|21:scary_face|25:rock_blast|33:take_down|37:horn_drill|42:hammer_arm|45:stone_edge|49:earthquake|57:megahorn|61:rock_wrecker;attract|avalanche|blizzard|brick_break|captivate|cut|dig|double_team|dragon_pulse|earthquake|endure|facade|fire_blast|flamethrower|flash_cannon|fling|focus_blast|focus_punch|frustration|giga_impact|hidden_power|hyper_beam|ice_beam|iron_tail|natural_gift|payback|poison_jab|protect|rain_dance|rest|return|roar|rock_climb|rock_polish|rock_slide|rock_smash|rock_tomb|sandstorm|secret_power|shadow_claw|shock_wave|sleep_talk|stealth_rock|stone_edge|strength|substitute|sunny_day|surf|swagger|swords_dance|thief|thunder|thunderbolt|toxic;ancient_power|aqua_tail|earth_power|endeavor|fire_punch|fury_cutter|ice_punch|icy_wind|iron_head|mud_slap|outrage|rollout|snore|spite|superpower|thunder_punch|uproar;counter|crunch|magnitude|pursuit|reversal|rock_slide|thrash;monster|ground;;;464;Taladro;2,4;282,8;gris;50;no;Lanza Geodude por los agujeros de las manos. Gracias a Protector resiste erupciones volcánicas.
tangrowth;Tangrowth;grass;100;100;125;110;50;50;chlorophyll;leaf_guard;regenerator;medium_fast;187;30;defense:2;1:ingrain|1:constrict|5:sleep_powder|8:absorb|12:growth|15:poison_powder|19:vine_whip|22:bind|26:mega_drain|29:stun_spore|33:ancient_power|36:knock_off|40:natural_gift|43:slam|47:tickle|50:wring_out|54:power_whip|57:block;aerial_ace|attract|brick_break|bullet_seed|captivate|cut|double_team|earthquake|endure|energy_ball|facade|flash|fling|focus_blast|frustration|giga_drain|giga_impact|grass_knot|hidden_power|hyper_beam|natural_gift|payback|poison_jab|protect|psych_up|reflect|rest|return|rock_slide|rock_smash|rock_tomb|secret_power|shock_wave|sleep_talk|sludge_bomb|solar_beam|strength|substitute|sunny_day|swagger|swords_dance|thief|toxic;ancient_power|knock_off|mud_slap|seed_bomb|snore|synthesis;amnesia|confusion|flail|mega_drain|reflect;plant;;;465;Enredadera;2;128,6;azul;50;no;Atrapa a su presa desplegando las ramas de sus brazos, que no le importa perder ante depredadores.
electivire;Electivire;electric;75;123;67;95;85;95;motor_drive;;vital_spirit;medium_fast;243;30;attack:3;1:fire_punch|1:quick_attack|1:leer|1:thunder_shock|1:low_kick|16:swift|19:shock_wave|25:light_screen|28:thunder_punch|37:discharge|43:thunderbolt|52:screech|58:thunder|67:giga_impact;attract|brick_break|captivate|charge_beam|dig|double_team|earthquake|endure|facade|flamethrower|flash|fling|focus_blast|focus_punch|frustration|giga_impact|hidden_power|hyper_beam|iron_tail|light_screen|natural_gift|protect|psychic|rain_dance|rest|return|rock_climb|rock_slide|rock_smash|rock_tomb|secret_power|shock_wave|sleep_talk|strength|substitute|swagger|taunt|thief|thunder|thunder_wave|thunderbolt|torment|toxic;fire_punch|helping_hand|ice_punch|magnet_rise|mud_slap|signal_beam|snore|swift|thunder_punch;barrier|cross_chop|karate_chop|meditate|rolling_kick;humanshape;;;466;Rayo;1,8;138,6;amarillo;25;no;Al almacenar mucha electricidad, desprende chispas de una claridad increíble entre sus dos cuernos.
magmortar;Magmortar;fire;75;95;67;125;95;83;flame_body;;vital_spirit;medium_fast;243;30;sp_attack:3;1:thunder_punch|1:smog|1:leer|1:ember|1:smokescreen|16:feint_attack|19:fire_spin|25:confuse_ray|28:fire_punch|37:lava_plume|43:flamethrower|52:sunny_day|58:fire_blast|67:hyper_beam;attract|brick_break|captivate|double_team|earthquake|endure|facade|fire_blast|flamethrower|fling|focus_blast|focus_punch|frustration|giga_impact|hidden_power|hyper_beam|iron_tail|natural_gift|overheat|protect|psychic|rest|return|rock_climb|rock_slide|rock_smash|rock_tomb|secret_power|sleep_talk|solar_beam|strength|substitute|sunny_day|swagger|taunt|thief|thunderbolt|torment|toxic|will_o_wisp;fire_punch|heat_wave|helping_hand|mud_slap|snore|thunder_punch;barrier|cross_chop|karate_chop|mega_punch|screech;humanshape;;;467;Explosión;1,6;68;rojo;25;no;Sus brazos disparan bolas de fuego de más de 2000 °C. Vive en cráteres volcánicos.
togekiss;Togekiss;fairy|flying;85;50;95;120;115;80;hustle;serene_grace;super_luck;fast;245;30;sp_attack:2|sp_defense:1;1:sky_attack|1:extreme_speed|1:aura_sphere|1:air_slash;aerial_ace|attract|brick_break|captivate|defog|double_team|drain_punch|dream_eater|endure|facade|fire_blast|flamethrower|flash|fling|fly|focus_punch|frustration|giga_impact|grass_knot|hidden_power|hyper_beam|light_screen|natural_gift|pluck|protect|psych_up|psychic|rain_dance|reflect|rest|return|rock_smash|roost|safeguard|secret_power|shadow_ball|shock_wave|silver_wind|sleep_talk|solar_beam|steel_wing|substitute|sunny_day|swagger|thunder_wave|toxic|water_pulse;air_cutter|ancient_power|endeavor|heat_wave|last_resort|mud_slap|ominous_wind|rollout|signal_beam|snore|swift|trick|twister|zen_headbutt;foresight|future_sight|mirror_move|peck|present;flying|fairy;;;468;Festejo;1,5;38;blanco;12,5;no;Se dice que aparece en zonas pacíficas y las bendice con sus dones.
yanmega;Yanmega;bug|flying;86;76;86;116;56;95;speed_boost;tinted_lens;frisk;medium_fast;180;30;attack:2;1:night_slash|1:bug_bite|1:tackle|1:foresight|1:quick_attack|1:double_team|14:sonic_boom|17:detect|22:supersonic|27:uproar|30:pursuit|33:ancient_power|38:feint|43:slash|46:screech|49:u_turn|54:air_slash|57:bug_buzz;aerial_ace|attract|captivate|defog|double_team|dream_eater|endure|facade|flash|frustration|giga_drain|giga_impact|hidden_power|hyper_beam|natural_gift|protect|psych_up|psychic|rest|return|roost|secret_power|shadow_ball|silver_wind|sleep_talk|solar_beam|steel_wing|substitute|sunny_day|swagger|thief|toxic|u_turn;air_cutter|ancient_power|mud_slap|ominous_wind|signal_beam|snore|swift|uproar;leech_life|reversal|whirlwind;bug;;;469;Libélula;1,9;51,5;verde;50;no;Su técnica favorita consiste en volar a gran velocidad y despedazar con su mandíbula a su oponente en un instante.
leafeon;Leafeon;grass;65;110;130;60;65;95;leaf_guard;;chlorophyll;medium_fast;184;45;defense:2;1:tail_whip|1:tackle|1:helping_hand|8:sand_attack|15:razor_leaf|22:quick_attack|29:synthesis|36:magical_leaf|43:giga_drain|50:last_resort|57:grass_whistle|64:sunny_day|71:leaf_blade|78:swords_dance;aerial_ace|attract|bullet_seed|captivate|dig|double_team|endure|energy_ball|facade|flash|frustration|giga_drain|giga_impact|grass_knot|hidden_power|hyper_beam|iron_tail|natural_gift|protect|rain_dance|rest|return|roar|rock_smash|secret_power|shadow_ball|sleep_talk|solar_beam|strength|substitute|sunny_day|swagger|swords_dance|toxic|x_scissor;fury_cutter|helping_hand|knock_off|last_resort|mud_slap|seed_bomb|snore|swift|synthesis;charm|flail;ground;;;470;Verdor;1;25,5;verde;12,5;no;En días soleados duerme y hace la fotosíntesis, emitiendo aire puro a su alrededor.
glaceon;Glaceon;ice;65;60;110;130;95;65;snow_cloak;;ice_body;medium_fast;184;45;sp_attack:2;1:tail_whip|1:tackle|1:helping_hand|8:sand_attack|15:icy_wind|22:quick_attack|29:bite|36:ice_shard|43:ice_fang|50:last_resort|57:mirror_coat|64:hail|71:blizzard|78:barrier;attract|avalanche|blizzard|captivate|dig|double_team|endure|facade|frustration|giga_impact|hail|hidden_power|hyper_beam|ice_beam|iron_tail|natural_gift|protect|rain_dance|rest|return|roar|rock_smash|secret_power|shadow_ball|sleep_talk|strength|substitute|sunny_day|swagger|toxic|water_pulse;aqua_tail|helping_hand|icy_wind|last_resort|mud_slap|signal_beam|snore|swift;charm|flail;ground;;;471;Nieve Fresca;0,8;25,9;azul;12,5;no;Controla su temperatura corporal para congelar el ambiente y causar ráfagas de nieve en polvo.
gliscor;Gliscor;ground|flying;75;95;125;45;75;95;hyper_cutter;sand_veil;poison_heal;medium_slow;179;30;defense:2;1:thunder_fang|1:ice_fang|1:fire_fang|1:poison_jab|1:sand_attack|1:harden|1:knock_off|16:quick_attack|20:fury_cutter|23:feint_attack|27:screech|31:night_slash|34:swords_dance|38:u_turn|42:x_scissor|45:guillotine;aerial_ace|attract|brick_break|captivate|cut|dark_pulse|defog|dig|double_team|earthquake|endure|facade|false_swipe|fling|frustration|giga_impact|hidden_power|hyper_beam|iron_tail|natural_gift|payback|poison_jab|protect|rain_dance|rest|return|rock_polish|rock_slide|rock_smash|rock_tomb|roost|sandstorm|secret_power|sleep_talk|sludge_bomb|stealth_rock|steel_wing|stone_edge|strength|substitute|sunny_day|swagger|swords_dance|taunt|thief|torment|toxic|u_turn|x_scissor;aqua_tail|earth_power|fury_cutter|knock_off|mud_slap|snore|swift;counter|metal_claw|razor_wind|wing_attack;bug;;;472;Colmicorpio;2;42,5;morado;50;no;Espera a sus presas colgado de una rama bocabajo. Cuando llega su oportunidad, se lanza en picado.
mamoswine;Mamoswine;ice|ground;110;130;80;70;60;80;oblivious;snow_cloak;thick_fat;slow;239;50;attack:3;1:ancient_power|1:peck|1:odor_sleuth|1:mud_sport|1:powder_snow|13:mud_slap|16:endure|20:mud_bomb|25:hail|28:ice_fang|32:take_down|33:double_hit|40:earthquake|48:mist|56:blizzard|65:scary_face;attract|avalanche|blizzard|captivate|dig|double_team|earthquake|endure|facade|frustration|giga_impact|hail|hidden_power|hyper_beam|ice_beam|light_screen|natural_gift|protect|rain_dance|reflect|rest|return|roar|rock_climb|rock_slide|rock_smash|rock_tomb|sandstorm|secret_power|sleep_talk|stealth_rock|stone_edge|strength|substitute|swagger|toxic;ancient_power|earth_power|endeavor|fury_cutter|icy_wind|iron_head|knock_off|mud_slap|snore|superpower;ancient_power|bite|body_slam|rock_slide|take_down;ground;;;473;Doscolmillos;2,5;291;marrón;50;no;Ya existía en la antigüedad. Se encontró uno bajo hielo de hace más de 10 000 años.
porygon_z;Porygon-Z;normal;85;80;70;135;75;90;adaptability;download;analytic;medium_fast;241;30;sp_attack:3;1:trick_room|1:conversion_2|1:tackle|1:conversion|1:nasty_plot|7:psybeam|12:agility|18:recover|23:magnet_rise|29:signal_beam|34:embargo|40:discharge|45:lock_on|51:tri_attack|56:magic_coat|62:zap_cannon|67:hyper_beam;aerial_ace|blizzard|charge_beam|dark_pulse|double_team|dream_eater|embargo|endure|facade|flash|frustration|giga_impact|hidden_power|hyper_beam|ice_beam|iron_tail|natural_gift|protect|psych_up|psychic|rain_dance|recycle|rest|return|secret_power|shadow_ball|shock_wave|sleep_talk|solar_beam|substitute|sunny_day|swagger|thief|thunder|thunder_wave|thunderbolt|toxic|trick_room;icy_wind|last_resort|signal_beam|snore|swift|trick|uproar|zen_headbutt;;mineral;;;474;Virtual;0,9;34;rojo;sin_genero;no;Se le instaló un software para mejorarlo. Sin embargo, comenzó a comportarse de manera extraña.
gallade;Gallade;psychic|fighting;68;125;65;65;115;80;steadfast;sharpness;justified;slow;233;45;attack:3;1:leaf_blade|1:night_slash|1:leer|1:confusion|1:double_team|1:teleport|17:fury_cutter|22:slash|25:swords_dance|31:psycho_cut|36:helping_hand|39:feint|45:false_swipe|50:protect|53:close_combat;aerial_ace|attract|brick_break|bulk_up|calm_mind|captivate|charge_beam|cut|double_team|drain_punch|dream_eater|earthquake|endure|facade|false_swipe|flash|fling|focus_blast|focus_punch|frustration|giga_impact|grass_knot|hidden_power|hyper_beam|light_screen|natural_gift|poison_jab|protect|psych_up|psychic|rain_dance|recycle|reflect|rest|return|rock_slide|rock_smash|rock_tomb|safeguard|secret_power|shadow_ball|shock_wave|skill_swap|sleep_talk|snatch|stone_edge|strength|substitute|sunny_day|swagger|swords_dance|taunt|thief|thunder_wave|thunderbolt|torment|toxic|trick_room|x_scissor;fire_punch|fury_cutter|helping_hand|ice_punch|knock_off|mud_slap|signal_beam|snore|swift|thunder_punch|trick|vacuum_wave|zen_headbutt;destiny_bond|disable|mean_look|memento|will_o_wisp;humanshape|indeterminate;;;475;Cuchilla;1,6;52;blanco;0;no;Puede presentir los movimientos de sus rivales y por eso ataca siempre antes que ellos.
probopass;Probopass;rock|steel;60;55;145;75;150;40;sturdy;magnet_pull;sand_force;medium_fast;184;60;defense:1|sp_defense:2;1:magnet_rise|1:gravity|1:tackle|1:iron_defense|1:magnet_bomb|1:block|25:thunder_wave|31:rock_slide|37:sandstorm|43:rest|49:power_gem|55:discharge|61:stone_edge|67:zap_cannon|73:lock_on|79:earth_power;attract|captivate|double_team|earthquake|endure|explosion|facade|flash_cannon|frustration|giga_impact|hidden_power|hyper_beam|natural_gift|protect|rest|return|rock_polish|rock_slide|rock_smash|rock_tomb|sandstorm|secret_power|shock_wave|sleep_talk|stealth_rock|stone_edge|strength|substitute|sunny_day|swagger|taunt|thunder|thunder_wave|thunderbolt|torment|toxic;ancient_power|earth_power|fire_punch|ice_punch|iron_defense|iron_head|magnet_rise|mud_slap|rollout|snore|thunder_punch;explosion|magnitude|rollout;mineral;;;476;Brújula;1,4;340;gris;50;no;Emana un fuerte magnetismo. Controla tres pequeñas unidades llamadas mininarices.
dusknoir;Dusknoir;ghost;45;100;135;65;135;45;pressure;;frisk;fast;236;45;defense:1|sp_defense:2;1:fire_punch|1:ice_punch|1:thunder_punch|1:gravity|1:bind|1:leer|1:night_shade|1:disable|9:foresight|14:astonish|17:confuse_ray|22:shadow_sneak|25:pursuit|30:curse|33:will_o_wisp|37:shadow_punch|43:mean_look|51:payback|61:future_sight;attract|blizzard|brick_break|calm_mind|captivate|charge_beam|dark_pulse|double_team|dream_eater|earthquake|embargo|endure|facade|flash|fling|focus_blast|focus_punch|frustration|giga_impact|hidden_power|hyper_beam|ice_beam|natural_gift|payback|protect|psych_up|psychic|rain_dance|rest|return|rock_slide|rock_smash|rock_tomb|secret_power|shadow_ball|skill_swap|sleep_talk|snatch|strength|substitute|sunny_day|swagger|taunt|thief|torment|toxic|trick_room|will_o_wisp;fire_punch|ice_punch|icy_wind|mud_slap|ominous_wind|snore|spite|sucker_punch|thunder_punch|trick;destiny_bond|feint_attack|grudge|imprison|memento|pain_split;indeterminate;;;477;Grilletes;2,2;106,6;negro;50;no;Se dice que recoge en su cuerpo flexible a los espíritus extraviados y los guía hasta casa.
froslass;Froslass;ice|ghost;70;80;70;80;70;110;snow_cloak;;cursed_body;medium_fast;168;75;speed:2;1:powder_snow|1:leer|1:double_team|1:astonish|13:icy_wind|19:confuse_ray|22:ominous_wind|28:wake_up_slap|31:captivate|37:ice_shard|40:hail|51:blizzard|59:destiny_bond;attract|avalanche|blizzard|captivate|double_team|dream_eater|embargo|endure|facade|flash|fling|frustration|giga_impact|hail|hidden_power|hyper_beam|ice_beam|light_screen|natural_gift|payback|protect|psych_up|psychic|rain_dance|rest|return|safeguard|secret_power|shadow_ball|shock_wave|sleep_talk|snatch|substitute|swagger|taunt|thunder|thunder_wave|thunderbolt|torment|toxic|water_pulse;ice_punch|icy_wind|mud_slap|ominous_wind|rollout|signal_beam|snore|spite|sucker_punch|trick;block|spikes;fairy|mineral;;;478;Tierra Fría;1,3;26,6;blanco;100;no;Congela a sus enemigos con un aliento gélido de -50 °C. Su cuerpo está hueco.
rotom;Rotom;electric|ghost;50;50;77;95;77;91;levitate;;;medium_fast;154;45;sp_attack:1|speed:1;1:trick|1:astonish|1:thunder_wave|1:thunder_shock|1:confuse_ray|8:uproar|15:double_team|22:shock_wave|29:ominous_wind|36:substitute|43:charge|50:discharge;charge_beam|dark_pulse|double_team|dream_eater|endure|facade|flash|frustration|hidden_power|light_screen|natural_gift|protect|psych_up|rain_dance|reflect|rest|return|secret_power|shadow_ball|shock_wave|sleep_talk|snatch|substitute|sunny_day|swagger|thief|thunder|thunder_wave|thunderbolt|toxic|will_o_wisp;mud_slap|ominous_wind|signal_beam|snore|spite|sucker_punch|swift|trick|uproar;;indeterminate;;;479;Plasma;0,3;0,3;rojo;sin_genero;no;Desde hace mucho tiempo se estudia su singular motor como fuente de energía motriz.
uxie;Uxie;psychic;75;75;130;75;130;95;levitate;;;slow;261;3;defense:2|sp_defense:1;1:rest|1:confusion|6:imprison|16:endure|21:swift|31:yawn|36:future_sight|46:amnesia|51:extrasensory|61:flail|66:natural_gift|76:memento;calm_mind|charge_beam|double_team|dream_eater|endure|energy_ball|facade|flash|fling|frustration|giga_drain|giga_impact|grass_knot|hidden_power|hyper_beam|iron_tail|light_screen|natural_gift|protect|psych_up|psychic|rain_dance|recycle|reflect|rest|return|safeguard|sandstorm|secret_power|shadow_ball|shock_wave|skill_swap|sleep_talk|solar_beam|stealth_rock|substitute|sunny_day|swagger|thunder|thunder_wave|thunderbolt|toxic|trick_room|u_turn|water_pulse;fire_punch|helping_hand|ice_punch|knock_off|mud_slap|signal_beam|snore|swift|thunder_punch|trick|zen_headbutt;;no_eggs;;;480;Sabiduría;0,3;0,3;amarillo;sin_genero;si;Se le conoce como el Ser de la Sabiduría. Se dice que puede borrar la memoria con una mirada.
mesprit;Mesprit;psychic;80;105;105;105;105;80;levitate;;;slow;261;3;attack:1|sp_attack:1|sp_defense:1;1:rest|1:confusion|6:imprison|16:protect|21:swift|31:lucky_chant|36:future_sight|46:charm|51:extrasensory|61:copycat|66:natural_gift|76:healing_wish;blizzard|calm_mind|charge_beam|double_team|dream_eater|endure|energy_ball|facade|flash|fling|frustration|giga_impact|grass_knot|hidden_power|hyper_beam|ice_beam|iron_tail|light_screen|natural_gift|protect|psych_up|psychic|rain_dance|recycle|reflect|rest|return|safeguard|sandstorm|secret_power|shadow_ball|shock_wave|skill_swap|sleep_talk|stealth_rock|substitute|sunny_day|swagger|thunder|thunder_wave|thunderbolt|toxic|trick_room|u_turn|water_pulse;fire_punch|helping_hand|ice_punch|knock_off|mud_slap|signal_beam|snore|swift|thunder_punch|trick|zen_headbutt;;no_eggs;;;481;Sensorio;0,3;0,3;rosa;sin_genero;si;Se le conoce como el Ser de la Emoción. Enseñó a los humanos la nobleza del dolor y la alegría.
azelf;Azelf;psychic;75;125;70;125;70;115;levitate;;;slow;261;3;attack:2|sp_attack:1;1:rest|1:confusion|6:imprison|16:detect|21:swift|31:uproar|36:future_sight|46:nasty_plot|51:extrasensory|61:last_resort|66:natural_gift|76:explosion;calm_mind|charge_beam|double_team|dream_eater|endure|energy_ball|explosion|facade|fire_blast|flamethrower|flash|fling|frustration|giga_impact|grass_knot|hidden_power|hyper_beam|iron_tail|light_screen|natural_gift|payback|protect|psych_up|psychic|rain_dance|recycle|reflect|rest|return|safeguard|sandstorm|secret_power|shadow_ball|shock_wave|skill_swap|sleep_talk|stealth_rock|substitute|sunny_day|swagger|taunt|thunder|thunder_wave|thunderbolt|torment|toxic|trick_room|u_turn|water_pulse;fire_punch|helping_hand|ice_punch|knock_off|last_resort|mud_slap|signal_beam|snore|swift|thunder_punch|trick|uproar|zen_headbutt;;no_eggs;;;482;Voluntad;0,3;0,3;azul;sin_genero;si;Se le conoce como el Ser de la Voluntad. Duerme en el fondo de un lago para equilibrar el mundo.
dialga;Dialga;steel|dragon;100;120;120;150;100;90;pressure;;telepathy;slow;306;3;sp_attack:3;1:dragon_breath|1:scary_face|10:metal_claw|20:ancient_power|30:dragon_claw|40:roar_of_time|50:heal_block|60:earth_power|70:slash|80:flash_cannon|90:aura_sphere;aerial_ace|blizzard|brick_break|bulk_up|cut|double_team|dragon_claw|dragon_pulse|earthquake|endure|facade|fire_blast|flamethrower|flash|flash_cannon|frustration|giga_impact|hidden_power|hyper_beam|ice_beam|iron_tail|natural_gift|overheat|protect|psych_up|rain_dance|rest|return|roar|rock_slide|rock_smash|rock_tomb|safeguard|sandstorm|secret_power|shadow_claw|shock_wave|sleep_talk|stealth_rock|stone_edge|strength|substitute|sunny_day|swagger|thunder|thunder_wave|thunderbolt|toxic|trick_room;ancient_power|draco_meteor|earth_power|fury_cutter|iron_defense|iron_head|magnet_rise|mud_slap|outrage|snore|swift|twister;;no_eggs;;;483;Temporal;5,4;683;blanco;sin_genero;si;Un Pokémon de leyenda. Se dice que el tiempo comenzó a avanzar cuando Dialga nació.
palkia;Palkia;water|dragon;90;120;100;150;120;100;pressure;;telepathy;slow;306;3;sp_attack:3;1:dragon_breath|1:scary_face|10:water_pulse|20:ancient_power|30:dragon_claw|40:spacial_rend|50:heal_block|60:earth_power|70:slash|80:aqua_tail|90:aura_sphere;aerial_ace|avalanche|blizzard|brick_break|brine|bulk_up|cut|double_team|dragon_claw|dragon_pulse|earthquake|endure|facade|fire_blast|flamethrower|fling|focus_blast|focus_punch|frustration|giga_impact|hail|hidden_power|hyper_beam|ice_beam|natural_gift|protect|psych_up|rain_dance|rest|return|roar|rock_slide|rock_smash|rock_tomb|safeguard|sandstorm|secret_power|shadow_claw|shock_wave|sleep_talk|stone_edge|strength|substitute|sunny_day|surf|swagger|thunder|thunder_wave|thunderbolt|toxic|trick_room|water_pulse;ancient_power|aqua_tail|dive|draco_meteor|earth_power|fury_cutter|mud_slap|outrage|snore|swift|twister;;no_eggs;;;484;Espacial;4,2;336;morado;sin_genero;si;Se dice que vive en una dimensión espacial paralela. Aparece en la mitología.
heatran;Heatran;fire|steel;91;90;106;130;106;77;flash_fire;;flame_body;slow;270;3;sp_attack:3;1:ancient_power|9:leer|17:fire_fang|25:metal_sound|33:crunch|41:scary_face|49:lava_plume|57:fire_spin|65:iron_head|73:earth_power|81:heat_wave|88:stone_edge|96:magma_storm;attract|captivate|dark_pulse|dig|double_team|dragon_pulse|earthquake|endure|explosion|facade|fire_blast|flamethrower|flash_cannon|frustration|giga_impact|hidden_power|hyper_beam|natural_gift|overheat|payback|protect|rest|return|roar|rock_climb|rock_slide|rock_smash|rock_tomb|secret_power|sleep_talk|solar_beam|stealth_rock|stone_edge|strength|substitute|sunny_day|swagger|taunt|torment|toxic|will_o_wisp;ancient_power|earth_power|heat_wave|iron_defense|iron_head|mud_slap|snore|uproar;;no_eggs;;;485;Domo Lava;1,7;430;marrón;50;si;Habita cuevas volcánicas. Cava con sus pies en forma de cruz para trepar por techos y paredes.
regigigas;Regigigas;normal;110;160;110;80;110;100;slow_start;;;slow;302;3;attack:3;1:fire_punch|1:ice_punch|1:thunder_punch|1:dizzy_punch|1:knock_off|1:confuse_ray|1:foresight|25:revenge|50:zen_headbutt|75:crush_grip|100:giga_impact;aerial_ace|avalanche|brick_break|double_team|drain_punch|earthquake|endure|facade|fling|focus_blast|focus_punch|frustration|giga_impact|hidden_power|hyper_beam|natural_gift|psych_up|rain_dance|return|rock_climb|rock_polish|rock_slide|rock_smash|rock_tomb|safeguard|secret_power|shock_wave|sleep_talk|stone_edge|strength|substitute|sunny_day|swagger|thunder|thunder_wave|thunderbolt|toxic;ancient_power|earth_power|fire_punch|ice_punch|icy_wind|iron_head|mud_slap|snore|superpower|thunder_punch|zen_headbutt;;no_eggs;;;486;Colosal;3,7;420;blanco;sin_genero;si;Se dice que usó rocas, magma y un hielo especial de montaña para crear Pokémon con su aspecto.
giratina;Giratina;ghost|dragon;150;100;120;100;120;90;pressure;;telepathy;slow;306;3;hp:3;1:dragon_breath|1:scary_face|10:ominous_wind|20:ancient_power|30:dragon_claw|40:shadow_force|50:heal_block|60:earth_power|70:slash|80:shadow_claw|90:aura_sphere;aerial_ace|calm_mind|charge_beam|cut|dark_pulse|defog|double_team|dragon_claw|dragon_pulse|dream_eater|earthquake|endure|energy_ball|facade|fly|frustration|giga_impact|hidden_power|hyper_beam|iron_tail|natural_gift|payback|protect|psych_up|psychic|rain_dance|rest|return|roar|rock_climb|rock_smash|safeguard|secret_power|shadow_ball|shadow_claw|shock_wave|silver_wind|sleep_talk|steel_wing|stone_edge|strength|substitute|sunny_day|swagger|thunder|thunder_wave|thunderbolt|toxic|will_o_wisp;air_cutter|ancient_power|aqua_tail|draco_meteor|earth_power|fury_cutter|icy_wind|iron_head|mud_slap|ominous_wind|outrage|snore|spite|swift|twister;;no_eggs;;;487;Renegado;4,5;750;negro;sin_genero;si;Vive en el Mundo Distorsión, un mundo opuesto al nuestro y cuyas leyes desafían el sentido común.
cresselia;Cresselia;psychic;120;70;110;75;120;85;levitate;;;slow;270;3;sp_defense:3;1:confusion|1:double_team|11:safeguard|20:mist|29:aurora_beam|38:future_sight|47:slash|57:moonlight|66:psycho_cut|75:psycho_shift|84:lunar_dance|93:psychic;attract|calm_mind|captivate|charge_beam|double_team|dream_eater|endure|energy_ball|facade|flash|frustration|giga_impact|grass_knot|hidden_power|hyper_beam|ice_beam|light_screen|natural_gift|protect|psych_up|psychic|rain_dance|recycle|reflect|rest|return|safeguard|secret_power|shadow_ball|skill_swap|sleep_talk|solar_beam|substitute|sunny_day|swagger|thunder_wave|toxic|trick_room;fury_cutter|helping_hand|icy_wind|mud_slap|signal_beam|snore|swift|trick|zen_headbutt;;no_eggs;;;488;Lunar;1,5;85,6;amarillo;100;si;Sus alas emiten un velo de partículas brillantes. Se dice que representa un cuarto lunar.
phione;Phione;water;80;80;80;80;80;80;hydration;;;slow;216;30;hp:1;1:bubble|1:water_sport|9:charm|16:supersonic|24:bubble_beam|31:acid_armor|39:whirlpool|46:water_pulse|54:aqua_ring|61:dive|69:rain_dance;blizzard|brine|double_team|endure|facade|fling|frustration|grass_knot|hail|hidden_power|ice_beam|natural_gift|protect|psych_up|rain_dance|rest|return|safeguard|secret_power|sleep_talk|substitute|surf|swagger|toxic|u_turn|water_pulse|waterfall;ancient_power|bounce|dive|helping_hand|icy_wind|knock_off|last_resort|mud_slap|signal_beam|snore|swift|uproar;;water1|fairy;;;489;Marino;0,4;3,1;azul;sin_genero;si;Si sube la temperatura del mar, infla el flotador de su cabeza y flota en grupo en la superficie.
manaphy;Manaphy;water;100;100;100;100;100;100;hydration;;;slow;270;3;hp:3;1:tail_glow|1:bubble|1:water_sport|9:charm|16:supersonic|24:bubble_beam|31:acid_armor|39:whirlpool|46:water_pulse|54:aqua_ring|61:dive|69:rain_dance|76:heart_swap;blizzard|brine|calm_mind|double_team|endure|energy_ball|facade|flash|fling|frustration|giga_impact|grass_knot|hail|hidden_power|hyper_beam|ice_beam|light_screen|natural_gift|protect|psych_up|psychic|rain_dance|reflect|rest|return|safeguard|secret_power|shadow_ball|skill_swap|sleep_talk|substitute|surf|swagger|toxic|u_turn|water_pulse|waterfall;ancient_power|bounce|dive|helping_hand|icy_wind|knock_off|last_resort|mud_slap|signal_beam|snore|swift|uproar;;water1|fairy;;;490;Náutico;0,3;1,4;azul;sin_genero;si;Nace con un maravilloso poder que le permite establecer vínculos con cualquier tipo de Pokémon.
darkrai;Darkrai;dark;70;90;90;135;90;125;bad_dreams;;;slow;270;3;sp_attack:2|speed:1;1:ominous_wind|1:disable|11:quick_attack|20:hypnosis|29:feint_attack|38:nightmare|47:double_team|57:haze|66:dark_void|75:nasty_plot|84:dream_eater|93:dark_pulse;aerial_ace|blizzard|brick_break|calm_mind|charge_beam|cut|dark_pulse|double_team|drain_punch|dream_eater|embargo|endure|facade|flash|fling|focus_blast|focus_punch|frustration|giga_impact|hidden_power|hyper_beam|ice_beam|natural_gift|payback|poison_jab|protect|psych_up|psychic|rain_dance|rest|return|rock_climb|rock_slide|rock_smash|rock_tomb|secret_power|shadow_ball|shadow_claw|shock_wave|sleep_talk|sludge_bomb|snatch|strength|substitute|sunny_day|swagger|swords_dance|taunt|thief|thunder|thunder_wave|thunderbolt|torment|toxic|will_o_wisp|x_scissor;icy_wind|knock_off|last_resort|mud_slap|ominous_wind|snore|spite|sucker_punch|swift|trick;;no_eggs;;;491;Oscuridad;1,5;50,5;negro;sin_genero;si;Defiende su territorio de personas y Pokémon haciéndoles dormir y provocándoles pesadillas.
shaymin;Shaymin;grass;100;100;100;100;100;100;natural_cure;;;medium_slow;270;45;hp:3;1:growth|10:magical_leaf|19:leech_seed|28:synthesis|37:sweet_scent|46:natural_gift|55:worry_seed|64:aromatherapy|73:energy_ball|82:sweet_kiss|91:healing_wish|100:seed_flare;bullet_seed|double_team|endure|energy_ball|facade|flash|frustration|giga_drain|giga_impact|grass_knot|hidden_power|hyper_beam|natural_gift|protect|psych_up|psychic|rest|return|safeguard|secret_power|sleep_talk|solar_beam|substitute|sunny_day|swagger|swords_dance|toxic;earth_power|endeavor|last_resort|mud_slap|seed_bomb|snore|swift|synthesis|zen_headbutt;;no_eggs;;;492;Gratitud;0,2;2,1;verde;sin_genero;si;Puede disolver las toxinas del aire para transformar tierra yerma en campos de flores.
arceus;Arceus;normal;120;120;120;120;120;120;multitype;;;slow;324;3;hp:3;1:seismic_toss|1:cosmic_power|1:natural_gift|1:punishment|10:gravity|20:earth_power|30:hyper_voice|40:extreme_speed|50:refresh|60:future_sight|70:recover|80:hyper_beam|90:perish_song|100:judgment;aerial_ace|avalanche|blizzard|brick_break|brine|bullet_seed|calm_mind|charge_beam|cut|dark_pulse|defog|double_team|dragon_claw|dragon_pulse|dream_eater|earthquake|endure|energy_ball|facade|fire_blast|flamethrower|flash|flash_cannon|fly|focus_blast|frustration|giga_drain|giga_impact|grass_knot|hail|hidden_power|hyper_beam|ice_beam|iron_tail|light_screen|natural_gift|overheat|payback|poison_jab|protect|psych_up|psychic|rain_dance|recycle|reflect|rest|return|roar|rock_climb|rock_slide|rock_smash|rock_tomb|safeguard|sandstorm|secret_power|shadow_ball|shadow_claw|shock_wave|silver_wind|sleep_talk|sludge_bomb|solar_beam|stealth_rock|stone_edge|strength|substitute|sunny_day|surf|swagger|swords_dance|thunder|thunder_wave|thunderbolt|toxic|trick_room|water_pulse|waterfall|will_o_wisp|x_scissor;ancient_power|aqua_tail|dive|draco_meteor|earth_power|fury_cutter|heat_wave|icy_wind|iron_defense|iron_head|last_resort|mud_slap|ominous_wind|outrage|signal_beam|snore|swift|trick|twister|zen_headbutt;;no_eggs;;;493;Alfa;3,2;320;blanco;sin_genero;si;Según la mitología de Sinnoh, Arceus surgió de un huevo y después creó todo el mundo.
victini;Victini;psychic|fire;100;100;100;100;100;100;victory_star;;;slow;270;3;hp:3;1:searing_shot|1:focus_energy|1:confusion|1:incinerate|1:quick_attack|9:endure|17:headbutt|25:flame_charge|33:reversal|41:flame_burst|49:zen_headbutt|57:inferno|65:double_edge|73:flare_blitz|81:final_gambit|89:stored_power|97:overheat;brick_break|charge_beam|double_team|embargo|energy_ball|facade|fire_blast|flame_charge|flamethrower|flash|fling|focus_blast|frustration|giga_impact|grass_knot|hidden_power|hyper_beam|incinerate|light_screen|overheat|protect|psych_up|psychic|psyshock|rest|return|rock_smash|round|safeguard|shadow_ball|solar_beam|substitute|sunny_day|swagger|taunt|telekinesis|thunder|thunder_wave|thunderbolt|toxic|trick_room|u_turn|wild_charge|will_o_wisp|work_up;bounce|fire_punch|heat_wave|helping_hand|last_resort|magic_coat|role_play|signal_beam|skill_swap|sleep_talk|snore|thunder_punch|trick|uproar|zen_headbutt;;no_eggs;;;494;Victoria;0,4;4;amarillo;sin_genero;si;Pokémon que atrae la victoria. Dicen que el Entrenador que lo lleve saldrá vencedor de cualquier batalla.
snivy;Snivy;grass;45;45;55;45;55;63;overgrow;;contrary;medium_slow;62;45;speed:1;1:tackle|4:leer|7:vine_whip|10:wrap|13:growth|16:leaf_tornado|19:leech_seed|22:mega_drain|25:slam|28:leaf_blade|31:coil|34:giga_drain|37:wring_out|40:gastro_acid|43:leaf_storm;aerial_ace|attract|calm_mind|cut|double_team|energy_ball|facade|flash|frustration|grass_knot|hidden_power|light_screen|protect|reflect|rest|return|round|safeguard|solar_beam|substitute|sunny_day|swagger|swords_dance|taunt|torment|toxic;aqua_tail|bind|gastro_acid|giga_drain|grass_pledge|iron_tail|knock_off|seed_bomb|sleep_talk|snatch|snore|synthesis|worry_seed;captivate|glare|iron_tail|magical_leaf|mean_look|mirror_coat|natural_gift|pursuit|sweet_scent|twister;ground|plant;servine@17;;495;Serp. Hierba;0,6;8,1;verde;12,5;no;Cuando recibe los rayos de sol, se mueve mucho más rápido que de costumbre. Usa mejor sus lianas que sus manos.
servine;Servine;grass;60;60;75;60;75;83;overgrow;;contrary;medium_slow;145;45;speed:2;1:tackle|1:leer|1:vine_whip|1:wrap|13:growth|16:leaf_tornado|20:leech_seed|24:mega_drain|28:slam|32:leaf_blade|36:coil|40:giga_drain|44:wring_out|48:gastro_acid|52:leaf_storm;aerial_ace|attract|calm_mind|cut|double_team|energy_ball|facade|flash|frustration|grass_knot|hidden_power|light_screen|protect|reflect|rest|return|round|safeguard|solar_beam|substitute|sunny_day|swagger|swords_dance|taunt|torment|toxic;aqua_tail|bind|gastro_acid|giga_drain|grass_pledge|iron_tail|knock_off|seed_bomb|sleep_talk|snatch|snore|synthesis|worry_seed;captivate|glare|iron_tail|magical_leaf|mean_look|mirror_coat|natural_gift|pursuit|sweet_scent|twister;ground|plant;serperior@36;;496;Serp. Hierba;0,8;16;verde;12,5;no;Parece que se desliza al correr. Engaña a sus rivales con su velocidad y los fustiga con su látigo.
serperior;Serperior;grass;75;75;95;75;95;113;overgrow;;contrary;medium_slow;238;45;speed:3;1:tackle|1:leer|1:vine_whip|1:wrap|13:growth|16:leaf_tornado|20:leech_seed|24:mega_drain|28:slam|32:leaf_blade|38:coil|44:giga_drain|50:wring_out|56:gastro_acid|62:leaf_storm;aerial_ace|attract|calm_mind|cut|double_team|dragon_tail|energy_ball|facade|flash|frustration|giga_impact|grass_knot|hidden_power|hyper_beam|light_screen|protect|reflect|rest|return|rock_smash|round|safeguard|solar_beam|strength|substitute|sunny_day|swagger|swords_dance|taunt|torment|toxic;aqua_tail|bind|dragon_pulse|frenzy_plant|gastro_acid|giga_drain|grass_pledge|iron_tail|knock_off|outrage|seed_bomb|sleep_talk|snatch|snore|synthesis|worry_seed;captivate|glare|iron_tail|magical_leaf|mean_look|mirror_coat|natural_gift|pursuit|sweet_scent|twister;ground|plant;;;497;Realeza;3,3;63;verde;12,5;no;Tan solo muestra su verdadero poder a quienes no se amedrentan ante su noble pero inquisitoria mirada.
tepig;Tepig;fire;65;63;45;45;45;45;blaze;;thick_fat;medium_slow;62;45;hp:1;1:tackle|3:tail_whip|7:ember|9:odor_sleuth|13:defense_curl|15:flame_charge|19:smog|21:rollout|25:take_down|27:heat_crash|31:assurance|33:flamethrower|37:head_smash|39:roar|43:flare_blitz;attract|double_team|echoed_voice|facade|fire_blast|flame_charge|flamethrower|frustration|grass_knot|gyro_ball|hidden_power|incinerate|overheat|protect|rest|return|roar|rock_smash|rock_tomb|round|solar_beam|strength|substitute|sunny_day|swagger|taunt|toxic|wild_charge|will_o_wisp;covet|endeavor|fire_pledge|heat_wave|helping_hand|iron_tail|sleep_talk|snore|superpower;body_slam|covet|curse|endeavor|heavy_slam|magnitude|sleep_talk|superpower|thrash|yawn;ground;pignite@17;;498;Cerdo Fuego;0,5;9,9;rojo;12,5;no;Evita con agilidad los ataques enemigos. Lanza bolas de fuego por su hocico y tuesta bayas del bosque para comer.
pignite;Pignite;fire|fighting;90;93;55;70;55;55;blaze;;thick_fat;medium_slow;146;45;attack:2;1:tackle|1:tail_whip|1:ember|1:odor_sleuth|13:defense_curl|15:flame_charge|17:arm_thrust|20:smog|23:rollout|28:take_down|31:heat_crash|36:assurance|39:flamethrower|44:head_smash|47:roar|52:flare_blitz;attract|brick_break|bulldoze|double_team|echoed_voice|facade|fire_blast|flame_charge|flamethrower|fling|focus_blast|frustration|grass_knot|gyro_ball|hidden_power|incinerate|low_sweep|overheat|poison_jab|protect|rest|return|roar|rock_slide|rock_smash|rock_tomb|round|solar_beam|stone_edge|strength|substitute|sunny_day|swagger|taunt|toxic|wild_charge|will_o_wisp|work_up;covet|endeavor|fire_pledge|fire_punch|heat_wave|helping_hand|iron_tail|low_kick|sleep_talk|snore|superpower|thunder_punch;body_slam|covet|curse|endeavor|heavy_slam|magnitude|sleep_talk|superpower|thrash|yawn;ground;emboar@36;;499;Cerdo Fuego;1;55,5;rojo;12,5;no;Cuanto más come, más combustible tiene en su interior para avivar sus llamas, con lo que también aumenta su poder.
emboar;Emboar;fire|fighting;110;123;65;100;65;65;blaze;;reckless;medium_slow;238;45;attack:3;1:hammer_arm|1:tackle|1:tail_whip|1:ember|1:odor_sleuth|13:defense_curl|15:flame_charge|17:arm_thrust|20:smog|23:rollout|28:take_down|31:heat_crash|38:assurance|43:flamethrower|50:head_smash|55:roar|62:flare_blitz;attract|brick_break|bulk_up|bulldoze|double_team|earthquake|echoed_voice|facade|fire_blast|flame_charge|flamethrower|fling|focus_blast|frustration|giga_impact|grass_knot|gyro_ball|hidden_power|hyper_beam|incinerate|low_sweep|overheat|poison_jab|protect|rest|return|roar|rock_slide|rock_smash|rock_tomb|round|scald|smack_down|solar_beam|stone_edge|strength|substitute|sunny_day|swagger|taunt|toxic|wild_charge|will_o_wisp|work_up;blast_burn|block|covet|endeavor|fire_pledge|fire_punch|heat_wave|helping_hand|iron_head|iron_tail|low_kick|sleep_talk|snore|superpower|thunder_punch;body_slam|covet|curse|endeavor|heavy_slam|magnitude|sleep_talk|superpower|thrash|yawn;ground;;;500;Cerdo Ígneo;1,6;150;rojo;12,5;no;Calienta sus puños con las llamas de su barbilla para propinar puñetazos ardientes. Es muy fiel a sus compañeros.
oshawott;Oshawott;water;55;55;45;63;45;45;torrent;;shell_armor;medium_slow;62;45;sp_attack:1;1:tackle|5:tail_whip|7:water_gun|11:water_sport|13:focus_energy|17:razor_shell|19:fury_cutter|23:water_pulse|25:revenge|29:aqua_jet|31:encore|35:aqua_tail|37:retaliate|41:swords_dance|43:hydro_pump;aerial_ace|attract|blizzard|cut|dig|dive|double_team|facade|false_swipe|fling|frustration|grass_knot|hail|hidden_power|ice_beam|protect|rain_dance|rest|retaliate|return|rock_smash|round|scald|substitute|surf|swagger|swords_dance|taunt|toxic|waterfall|x_scissor;aqua_tail|covet|helping_hand|icy_wind|iron_tail|sleep_talk|snore|water_pledge;air_slash|assurance|brine|copycat|detect|night_slash|screech|trump_card;ground;dewott@17;;501;Nutria;0,5;5,9;azul;12,5;no;La vieira de su ombligo no solo sirve como arma, sino también como instrumento para cortar las bayas que estén duras.
dewott;Dewott;water;75;75;60;83;60;60;torrent;;shell_armor;medium_slow;145;45;sp_attack:2;1:tackle|1:tail_whip|1:water_gun|1:water_sport|13:focus_energy|17:razor_shell|20:fury_cutter|25:water_pulse|28:revenge|33:aqua_jet|36:encore|41:aqua_tail|44:retaliate|49:swords_dance|52:hydro_pump;aerial_ace|attract|blizzard|cut|dig|dive|double_team|facade|false_swipe|fling|frustration|grass_knot|hail|hidden_power|ice_beam|protect|rain_dance|rest|retaliate|return|rock_smash|round|scald|substitute|surf|swagger|swords_dance|taunt|toxic|waterfall|x_scissor;aqua_tail|covet|helping_hand|icy_wind|iron_tail|sleep_talk|snore|water_pledge;air_slash|assurance|brine|copycat|detect|night_slash|screech|trump_card;ground;samurott@36;;502;Superación;0,8;24,5;azul;12,5;no;Gran espadachín. Utiliza sus dos vieiras con soltura al ejecutar las técnicas que aprende con una disciplina espartana.
samurott;Samurott;water;95;100;85;108;70;70;torrent;;shell_armor;medium_slow;238;45;sp_attack:3;1:megahorn|1:tackle|1:tail_whip|1:water_gun|1:water_sport|13:focus_energy|17:razor_shell|20:fury_cutter|25:water_pulse|28:revenge|33:aqua_jet|36:slash|38:encore|45:aqua_tail|50:retaliate|57:swords_dance|62:hydro_pump;aerial_ace|attract|blizzard|cut|dig|dive|double_team|dragon_tail|facade|false_swipe|fling|frustration|giga_impact|grass_knot|hail|hidden_power|hyper_beam|ice_beam|protect|rain_dance|rest|retaliate|return|rock_smash|round|scald|strength|substitute|surf|swagger|swords_dance|taunt|toxic|waterfall|x_scissor;aqua_tail|block|covet|helping_hand|hydro_cannon|icy_wind|iron_tail|knock_off|sleep_talk|snore|superpower|water_pledge;air_slash|assurance|brine|copycat|detect|night_slash|screech|trump_card;ground;;;503;Majestuoso;1,5;94,6;azul;12,5;no;En un abrir y cerrar de ojos, puede desenvainar y envainar los sables que hay en sus patas delanteras.
patrat;Patrat;normal;45;55;39;35;39;42;run_away;keen_eye;analytic;medium_fast;51;255;attack:1;1:tackle|3:leer|6:bite|8:bide|11:detect|13:sand_attack|16:crunch|18:hypnosis|21:super_fang|23:after_you|26:work_up|28:hyper_fang|31:mean_look|33:baton_pass|36:slam;attract|cut|dig|double_team|facade|fling|frustration|grass_knot|hidden_power|protect|rain_dance|rest|retaliate|return|round|shadow_ball|substitute|sunny_day|swagger|swords_dance|thunderbolt|toxic|work_up;after_you|aqua_tail|covet|endeavor|gunk_shot|helping_hand|iron_tail|last_resort|low_kick|seed_bomb|sleep_talk|snore|super_fang|zen_headbutt;assurance|flail|foresight|iron_tail|pursuit|revenge|screech;ground;watchog@20;;504;Explorador;0,5;11,6;marrón;50;no;Almacena víveres en unas bolsas en sus mofletes y vigila durante días. Hace señales con la cola a sus compañeros.
watchog;Watchog;normal;60;85;69;60;69;77;illuminate;keen_eye;analytic;medium_fast;147;255;attack:2;1:tackle|1:leer|1:bite|1:low_kick|8:bide|11:detect|13:sand_attack|16:crunch|18:hypnosis|20:confuse_ray|22:super_fang|25:after_you|29:psych_up|32:hyper_fang|36:mean_look|39:baton_pass|43:slam;attract|cut|dig|double_team|dream_eater|facade|flamethrower|flash|fling|focus_blast|frustration|giga_impact|grass_knot|hidden_power|hyper_beam|light_screen|protect|psych_up|rain_dance|rest|retaliate|return|rock_smash|round|shadow_ball|strength|substitute|sunny_day|swagger|swords_dance|thunder|thunder_wave|thunderbolt|toxic|work_up;after_you|aqua_tail|covet|endeavor|fire_punch|gunk_shot|helping_hand|ice_punch|iron_tail|knock_off|last_resort|low_kick|seed_bomb|signal_beam|sleep_talk|snore|super_fang|thunder_punch|zen_headbutt;assurance|flail|foresight|iron_tail|pursuit|revenge|screech;ground;;;505;Alerta;1,1;27;marrón;50;no;Los componentes luminiscentes de su interior hacen que sus ojos y su cuerpo brillen, y así intimida a sus rivales.
lillipup;Lillipup;normal;45;60;45;25;45;55;vital_spirit;pickup;run_away;medium_slow;55;255;attack:1;1:leer|1:tackle|5:odor_sleuth|8:bite|12:helping_hand|15:take_down|19:work_up|22:crunch|26:roar|29:retaliate|33:reversal|36:last_resort|40:giga_impact;aerial_ace|attract|dig|double_team|facade|frustration|giga_impact|hidden_power|protect|rain_dance|rest|retaliate|return|roar|rock_smash|rock_tomb|round|shadow_ball|snarl|substitute|sunny_day|swagger|thunder_wave|thunderbolt|toxic|wild_charge|work_up;covet|helping_hand|hyper_voice|last_resort|sleep_talk|snore|uproar;charm|endure|fire_fang|howl|ice_fang|lick|mud_slap|pursuit|sand_attack|thunder_fang|yawn;ground;herdier@16;;506;Perrito;0,4;4,1;marrón;50;no;Los mechones que cubren su cara actúan como un magnífico radar para detectar con precisión lo que hay a su alrededor.
herdier;Herdier;normal;65;80;65;35;65;60;intimidate;sand_rush;scrappy;medium_slow;130;120;attack:2;1:leer|1:tackle|1:odor_sleuth|1:bite|12:helping_hand|15:take_down|20:work_up|24:crunch|29:roar|33:retaliate|38:reversal|42:last_resort|47:giga_impact;aerial_ace|attract|dig|double_team|facade|frustration|giga_impact|hidden_power|payback|protect|rain_dance|rest|retaliate|return|roar|rock_smash|rock_tomb|round|shadow_ball|snarl|strength|substitute|sunny_day|surf|swagger|thunder_wave|thunderbolt|toxic|wild_charge|work_up;covet|helping_hand|hyper_voice|last_resort|sleep_talk|snore|uproar;charm|endure|fire_fang|howl|ice_fang|lick|mud_slap|pursuit|sand_attack|thunder_fang|yawn;ground;stoutland@32;;507;Leal;0,9;14,7;gris;50;no;Este Pokémon es muy leal. No solo ayuda a Entrenadores, sino que también se preocupa por otros Pokémon.
stoutland;Stoutland;normal;85;110;90;45;90;80;intimidate;sand_rush;scrappy;medium_slow;225;45;attack:3;1:ice_fang|1:fire_fang|1:thunder_fang|1:leer|1:tackle|1:odor_sleuth|1:bite|12:helping_hand|15:take_down|20:work_up|24:crunch|29:roar|36:retaliate|42:reversal|51:last_resort|59:giga_impact;aerial_ace|attract|dig|double_team|facade|frustration|giga_impact|hidden_power|hyper_beam|payback|protect|rain_dance|rest|retaliate|return|roar|rock_smash|rock_tomb|round|shadow_ball|snarl|strength|substitute|sunny_day|surf|swagger|thunder|thunder_wave|thunderbolt|toxic|wild_charge|work_up;covet|helping_hand|hyper_voice|iron_head|last_resort|sleep_talk|snore|superpower|uproar;charm|endure|fire_fang|howl|ice_fang|lick|mud_slap|pursuit|sand_attack|thunder_fang|yawn;ground;;;508;Magnánimo;1,2;61;gris;50;no;Socorre a humanos perdidos en montañas azotadas por ventiscas. Su largo pelaje le protege del frío.
purrloin;Purrloin;dark;41;50;37;50;37;66;limber;unburden;prankster;medium_fast;56;255;speed:1;1:scratch|3:growl|6:assist|10:sand_attack|12:fury_swipes|15:pursuit|19:torment|21:fake_out|24:hone_claws|28:assurance|30:slash|33:captivate|37:night_slash|39:snatch|42:nasty_plot|46:sucker_punch;aerial_ace|attract|cut|double_team|dream_eater|echoed_voice|embargo|facade|frustration|grass_knot|hidden_power|hone_claws|payback|protect|psych_up|rain_dance|rest|return|round|shadow_ball|shadow_claw|snarl|substitute|sunny_day|swagger|taunt|thief|thunder_wave|torment|toxic|u_turn;covet|dark_pulse|foul_play|gunk_shot|hyper_voice|iron_tail|knock_off|role_play|seed_bomb|sleep_talk|snatch|snore|spite|trick;charm|covet|encore|fake_tears|feint_attack|foul_play|pay_day|yawn;ground;liepard@20;;509;Malicioso;0,4;10,1;morado;50;no;Distrae a su oponente con movimientos gráciles y sustrae sus pertenencias. Cuando se enfada, ataca con las garras.
liepard;Liepard;dark;64;88;50;88;50;106;limber;unburden;prankster;medium_fast;156;90;speed:2;1:scratch|1:growl|1:assist|1:sand_attack|12:fury_swipes|15:pursuit|19:torment|22:fake_out|26:hone_claws|31:assurance|34:slash|38:taunt|43:night_slash|47:snatch|50:nasty_plot|55:sucker_punch;aerial_ace|attract|cut|double_team|dream_eater|echoed_voice|embargo|facade|frustration|giga_impact|grass_knot|hidden_power|hone_claws|hyper_beam|payback|protect|psych_up|rain_dance|rest|return|rock_smash|round|shadow_ball|shadow_claw|snarl|substitute|sunny_day|swagger|taunt|thief|thunder_wave|torment|toxic|u_turn;covet|dark_pulse|foul_play|gunk_shot|hyper_voice|iron_tail|knock_off|role_play|seed_bomb|sleep_talk|snatch|snore|spite|trick;charm|covet|encore|fake_tears|feint_attack|foul_play|pay_day|yawn;ground;;;510;Calculador;1,1;37,5;morado;50;no;Su bella y grácil silueta le viene dada por su desarrollada musculatura, que le permite andar de noche sin hacer ruido.
pansage;Pansage;grass;50;53;48;53;48;64;gluttony;;overgrow;medium_fast;63;190;speed:1;1:scratch|4:leer|7:lick|10:vine_whip|13:fury_swipes|16:leech_seed|19:bite|22:seed_bomb|25:torment|28:fling|31:acrobatics|34:grass_knot|37:recycle|40:natural_gift|43:crunch;acrobatics|attract|cut|dig|double_team|energy_ball|facade|flash|fling|frustration|grass_knot|hidden_power|hone_claws|low_sweep|payback|protect|rest|return|rock_smash|rock_tomb|round|shadow_claw|solar_beam|substitute|sunny_day|swagger|taunt|thief|torment|toxic|work_up;covet|endeavor|giga_drain|gunk_shot|helping_hand|iron_tail|knock_off|low_kick|recycle|role_play|seed_bomb|sleep_talk|snore|synthesis|uproar|worry_seed;astonish|bullet_seed|covet|grass_whistle|leaf_storm|low_kick|magical_leaf|nasty_plot|role_play|tickle;ground;simisage@objeto:leaf_stone;;511;Mono Hierba;0,6;10,5;verde;12,5;no;Comparte las hojas de su cabeza con Pokémon agotados. Posee la facultad de aliviar el cansancio.
simisage;Simisage;grass;75;98;63;98;63;101;gluttony;;overgrow;medium_fast;174;75;speed:2;1:leer|1:lick|1:fury_swipes|1:seed_bomb;acrobatics|attract|brick_break|cut|dig|double_team|energy_ball|facade|flash|fling|focus_blast|frustration|giga_impact|grass_knot|hidden_power|hone_claws|hyper_beam|low_sweep|payback|protect|rest|return|rock_slide|rock_smash|rock_tomb|round|shadow_claw|solar_beam|substitute|sunny_day|swagger|taunt|thief|torment|toxic|work_up;covet|endeavor|giga_drain|gunk_shot|helping_hand|iron_tail|knock_off|low_kick|recycle|role_play|seed_bomb|sleep_talk|snore|superpower|synthesis|uproar|worry_seed;astonish|bullet_seed|covet|grass_whistle|leaf_storm|low_kick|magical_leaf|nasty_plot|role_play|tickle;ground;;;512;Mono Pincho;1,1;30,5;verde;12,5;no;Ataca estampando las espinas de su cola en el enemigo. Es un Pokémon con mucho temperamento.
pansear;Pansear;fire;50;53;48;53;48;64;gluttony;;blaze;medium_fast;63;190;speed:1;1:scratch|4:leer|7:lick|10:incinerate|13:fury_swipes|16:yawn|19:bite|22:flame_burst|25:amnesia|28:fling|31:acrobatics|34:fire_blast|37:recycle|40:natural_gift|43:crunch;acrobatics|attract|cut|dig|double_team|facade|fire_blast|flame_charge|flamethrower|fling|frustration|grass_knot|hidden_power|hone_claws|incinerate|low_sweep|overheat|payback|protect|rest|return|rock_smash|rock_tomb|round|shadow_claw|solar_beam|substitute|sunny_day|swagger|taunt|thief|torment|toxic|will_o_wisp|work_up;covet|endeavor|fire_punch|gunk_shot|heat_wave|helping_hand|iron_tail|knock_off|low_kick|recycle|role_play|sleep_talk|snore|uproar;astonish|covet|fire_punch|fire_spin|heat_wave|low_kick|nasty_plot|role_play|sleep_talk|tickle;ground;simisear@objeto:fire_stone;;513;Ardiente;0,6;11;rojo;12,5;no;Pokémon muy inteligente que tiene la costumbre de tostar las bayas antes de comérselas. Ayuda mucho a los humanos.
simisear;Simisear;fire;75;98;63;98;63;101;gluttony;;blaze;medium_fast;174;75;speed:2;1:leer|1:lick|1:fury_swipes|1:flame_burst;acrobatics|attract|brick_break|cut|dig|double_team|facade|fire_blast|flame_charge|flamethrower|fling|focus_blast|frustration|giga_impact|grass_knot|hidden_power|hone_claws|hyper_beam|incinerate|low_sweep|overheat|payback|protect|rest|return|rock_slide|rock_smash|rock_tomb|round|shadow_claw|solar_beam|substitute|sunny_day|swagger|taunt|thief|torment|toxic|will_o_wisp|work_up;covet|endeavor|fire_punch|gunk_shot|heat_wave|helping_hand|iron_tail|knock_off|low_kick|recycle|role_play|sleep_talk|snore|superpower|uproar;astonish|covet|fire_punch|fire_spin|heat_wave|low_kick|nasty_plot|role_play|sleep_talk|tickle;ground;;;514;Lumbre;1;28;rojo;12,5;no;Achicharra a sus enemigos desprendiendo llamas por la cola y la cabeza, fruto de su desmesurado calor interno.
panpour;Panpour;water;50;53;48;53;48;64;gluttony;;torrent;medium_fast;63;190;speed:1;1:scratch|4:leer|7:lick|10:water_gun|13:fury_swipes|16:water_sport|19:bite|22:scald|25:taunt|28:fling|31:acrobatics|34:brine|37:recycle|40:natural_gift|43:crunch;acrobatics|attract|blizzard|cut|dig|dive|double_team|facade|fling|frustration|grass_knot|hail|hidden_power|hone_claws|ice_beam|low_sweep|payback|protect|rain_dance|rest|return|rock_smash|rock_tomb|round|scald|shadow_claw|substitute|surf|swagger|taunt|thief|torment|toxic|waterfall|work_up;aqua_tail|covet|endeavor|gunk_shot|helping_hand|ice_punch|icy_wind|iron_tail|knock_off|low_kick|recycle|role_play|sleep_talk|snore|uproar;aqua_ring|aqua_tail|astonish|covet|hydro_pump|low_kick|mud_sport|nasty_plot|role_play|tickle;ground;simipour@objeto:water_stone;;515;Salpicadura;0,6;13,5;azul;12,5;no;El agua acumulada en su mata de pelo es rica en nutrientes. Usa su cola para regar plantas con esa misma agua.
simipour;Simipour;water;75;98;63;98;63;101;gluttony;;torrent;medium_fast;174;75;speed:2;1:leer|1:lick|1:fury_swipes|1:scald;acrobatics|attract|blizzard|brick_break|cut|dig|dive|double_team|facade|fling|focus_blast|frustration|giga_impact|grass_knot|hail|hidden_power|hone_claws|hyper_beam|ice_beam|low_sweep|payback|protect|rain_dance|rest|return|rock_slide|rock_smash|rock_tomb|round|scald|shadow_claw|substitute|surf|swagger|taunt|thief|torment|toxic|waterfall|work_up;aqua_tail|covet|endeavor|gunk_shot|helping_hand|ice_punch|icy_wind|iron_tail|knock_off|low_kick|recycle|role_play|sleep_talk|snore|superpower|uproar;aqua_ring|aqua_tail|astonish|covet|hydro_pump|low_kick|mud_sport|nasty_plot|role_play|tickle;ground;;;516;Drenaje;1;29;azul;12,5;no;Cuando lanza agua a alta presión con su cola, puede incluso resquebrajar una pared de cemento.
munna;Munna;psychic;76;25;45;67;55;24;forewarn;synchronize;telepathy;fast;58;190;hp:1;1:psywave|1:defense_curl|5:lucky_chant|7:yawn|11:psybeam|13:imprison|17:moonlight|19:hypnosis|23:zen_headbutt|25:synchronoise|29:nightmare|31:future_sight|35:calm_mind|37:psychic|41:dream_eater|43:telekinesis|47:stored_power;attract|calm_mind|charge_beam|double_team|dream_eater|energy_ball|facade|flash|frustration|gyro_ball|hidden_power|light_screen|protect|psych_up|psychic|psyshock|rain_dance|reflect|rest|return|rock_slide|rock_tomb|round|safeguard|shadow_ball|substitute|swagger|telekinesis|thunder_wave|torment|toxic|trick_room;after_you|gravity|heal_bell|helping_hand|magic_coat|pain_split|signal_beam|skill_swap|sleep_talk|snore|trick|wonder_room|worry_seed|zen_headbutt;barrier|baton_pass|curse|helping_hand|magic_coat|secret_power|sleep_talk|sonic_boom|swift;ground;musharna@objeto:moon_stone;;517;Comesueños;0,6;23,3;rosa;50;no;Cuando un humano o un Pokémon sufre una pesadilla, Munna se aparece ante ellos y la engulle.
musharna;Musharna;psychic;116;55;85;107;95;29;forewarn;synchronize;telepathy;fast;170;75;hp:2;1:defense_curl|1:lucky_chant|1:psybeam|1:hypnosis;attract|calm_mind|charge_beam|double_team|dream_eater|energy_ball|facade|flash|frustration|giga_impact|gyro_ball|hidden_power|hyper_beam|light_screen|protect|psych_up|psychic|psyshock|rain_dance|reflect|rest|return|rock_slide|rock_tomb|round|safeguard|shadow_ball|substitute|swagger|telekinesis|thunder_wave|torment|toxic|trick_room;after_you|gravity|heal_bell|helping_hand|magic_coat|pain_split|signal_beam|skill_swap|sleep_talk|snore|trick|wonder_room|worry_seed|zen_headbutt;barrier|baton_pass|curse|helping_hand|magic_coat|secret_power|sleep_talk|sonic_boom|swift;ground;;;518;Duermevela;1,1;60,5;rosa;50;no;Multitud de sueños de humanos y Pokémon se encuentran atrapados en el humo que despide por su frente.
pidove;Pidove;normal|flying;50;55;50;36;30;43;big_pecks;super_luck;rivalry;medium_slow;53;255;attack:1;1:gust|4:growl|8:leer|11:quick_attack|15:air_cutter|18:roost|22:detect|25:taunt|29:air_slash|32:razor_wind|36:feather_dance|39:swagger|43:facade|46:tailwind|50:sky_attack;aerial_ace|attract|double_team|echoed_voice|facade|fly|frustration|hidden_power|pluck|protect|rain_dance|rest|return|round|substitute|sunny_day|swagger|taunt|toxic|u_turn|work_up;heat_wave|roost|sky_attack|sleep_talk|snore|tailwind|uproar;bestow|hypnosis|lucky_chant|morning_sun|steel_wing|uproar|wish;flying;tranquill@21;;519;Pichón;0,3;2,1;gris;50;no;Es un Pokémon muy despistado. Aunque reciba órdenes de su Entrenador, se le olvidan, y se queda esperando.
tranquill;Tranquill;normal|flying;62;77;62;50;42;65;big_pecks;super_luck;rivalry;medium_slow;125;120;attack:2;1:gust|1:growl|1:leer|1:quick_attack|15:air_cutter|18:roost|23:detect|27:taunt|32:air_slash|36:razor_wind|41:feather_dance|45:swagger|50:facade|54:tailwind|59:sky_attack;aerial_ace|attract|double_team|echoed_voice|facade|fly|frustration|hidden_power|pluck|protect|rain_dance|rest|return|round|substitute|sunny_day|swagger|taunt|toxic|u_turn|work_up;heat_wave|roost|sky_attack|sleep_talk|snore|tailwind|uproar;bestow|hypnosis|lucky_chant|morning_sun|steel_wing|uproar|wish;flying;unfezant@32;;520;Torcaz;0,6;15;gris;50;no;Según los rumores, en lo más profundo del bosque donde mora Tranquill, hay un mundo pacífico y exento de luchas.
unfezant;Unfezant;normal|flying;80;115;80;65;55;93;big_pecks;super_luck;rivalry;medium_slow;220;45;attack:3;1:gust|1:growl|1:leer|1:quick_attack|15:air_cutter|18:roost|23:detect|27:taunt|33:air_slash|38:razor_wind|44:feather_dance|49:swagger|55:facade|60:tailwind|66:sky_attack;aerial_ace|attract|double_team|echoed_voice|facade|fly|frustration|giga_impact|hidden_power|hyper_beam|pluck|protect|psych_up|rain_dance|rest|return|round|substitute|sunny_day|swagger|taunt|toxic|u_turn|work_up;heat_wave|roost|sky_attack|sleep_talk|snore|tailwind|uproar;bestow|hypnosis|lucky_chant|morning_sun|steel_wing|uproar|wish;flying;;;521;Altanero;1,2;29;gris;50;no;El macho amenaza al enemigo meciendo el adorno de su cabeza. Al volar, la hembra es mucho más diestra que el macho.
blitzle;Blitzle;electric;45;60;32;50;32;76;lightning_rod;motor_drive;sap_sipper;medium_fast;59;190;speed:1;1:quick_attack|4:tail_whip|8:charge|11:shock_wave|15:thunder_wave|18:flame_charge|22:pursuit|25:spark|29:stomp|32:discharge|36:agility|39:wild_charge|43:thrash;attract|charge_beam|double_team|facade|flame_charge|flash|frustration|hidden_power|light_screen|protect|rain_dance|rest|return|round|substitute|swagger|thunder|thunder_wave|thunderbolt|toxic|volt_switch|wild_charge;bounce|magnet_rise|signal_beam|sleep_talk|snore;double_edge|double_kick|endure|me_first|rage|sand_attack|screech|shock_wave|take_down;ground;zebstrika@27;;522;Electrizado;0,8;29,8;negro;50;no;Aparece cuando nubes envueltas en rayos encapotan el cielo. Atrapa rayos con su crin y almacena electricidad.
zebstrika;Zebstrika;electric;75;100;63;80;63;116;lightning_rod;motor_drive;sap_sipper;medium_fast;174;75;speed:2;1:quick_attack|1:tail_whip|1:charge|1:thunder_wave|11:shock_wave|18:flame_charge|22:pursuit|25:spark|31:stomp|36:discharge|42:agility|47:wild_charge|53:thrash;attract|charge_beam|double_team|facade|flame_charge|flash|frustration|giga_impact|hidden_power|hyper_beam|light_screen|overheat|protect|rain_dance|rest|return|rock_smash|round|substitute|swagger|thunder|thunder_wave|thunderbolt|toxic|volt_switch|wild_charge;bounce|magnet_rise|signal_beam|sleep_talk|snore;double_edge|double_kick|endure|me_first|rage|sand_attack|screech|shock_wave|take_down;ground;;;523;Rayo;1,6;79,5;negro;50;no;Es un Pokémon con mucho temperamento. Cuando se enoja, lanza rayos desde su crin en todas direcciones.
roggenrola;Roggenrola;rock;55;75;85;25;25;15;sturdy;weak_armor;sand_force;medium_slow;56;255;defense:1;1:tackle|4:harden|7:sand_attack|10:headbutt|14:rock_blast|17:mud_slap|20:iron_defense|23:smack_down|27:rock_slide|30:stealth_rock|33:sandstorm|36:stone_edge|40:explosion;attract|bulldoze|double_team|earthquake|explosion|facade|flash_cannon|frustration|hidden_power|protect|rest|return|rock_polish|rock_slide|rock_smash|rock_tomb|round|sandstorm|smack_down|stone_edge|strength|substitute|swagger|toxic;block|earth_power|gravity|iron_defense|sleep_talk|snore|stealth_rock;autotomize|curse|gravity|heavy_slam|lock_on|magnitude|rock_tomb|take_down;mineral;boldore@25;;524;Manto;0,4;18;azul;50;no;Su oreja tiene forma hexagonal. Su cuerpo fue comprimido bajo tierra. Por eso, es duro como el acero.
boldore;Boldore;rock;70;105;105;50;40;20;sturdy;weak_armor;sand_force;medium_slow;137;120;attack:1|defense:1;1:tackle|1:harden|1:sand_attack|1:headbutt|14:rock_blast|17:mud_slap|20:iron_defense|23:smack_down|25:power_gem|30:rock_slide|36:stealth_rock|42:sandstorm|48:stone_edge|55:explosion;attract|bulldoze|double_team|earthquake|explosion|facade|flash_cannon|frustration|hidden_power|protect|rest|return|rock_polish|rock_slide|rock_smash|rock_tomb|round|sandstorm|smack_down|stone_edge|strength|substitute|swagger|toxic;block|earth_power|gravity|iron_defense|sleep_talk|snore|stealth_rock;autotomize|curse|gravity|heavy_slam|lock_on|magnitude|rock_tomb|take_down;mineral;gigalith@intercambio;;525;Mineral;0,9;102;azul;50;no;La energía que no puede contener en el interior de su cuerpo se escapa formando cristales naranjas.
gigalith;Gigalith;rock;85;135;130;60;80;25;sturdy;sand_stream;sand_force;medium_slow;232;45;attack:3;1:tackle|1:harden|1:sand_attack|1:headbutt|14:rock_blast|17:mud_slap|20:iron_defense|23:smack_down|25:power_gem|30:rock_slide|36:stealth_rock|42:sandstorm|48:stone_edge|55:explosion;attract|bulldoze|double_team|earthquake|explosion|facade|flash_cannon|frustration|giga_impact|hidden_power|hyper_beam|protect|rest|return|rock_polish|rock_slide|rock_smash|rock_tomb|round|sandstorm|smack_down|solar_beam|stone_edge|strength|substitute|swagger|toxic;block|earth_power|gravity|iron_defense|iron_head|sleep_talk|snore|stealth_rock|superpower;autotomize|curse|gravity|heavy_slam|lock_on|magnitude|rock_tomb|take_down;mineral;;;526;Presurizado;1,7;260;azul;50;no;Absorbe los rayos solares, procesa esa energía en su núcleo y lanza poderosas bolas de luz a sus enemigos.
woobat;Woobat;psychic|flying;65;45;43;55;43;72;unaware;klutz;simple;medium_fast;65;190;speed:1;1:confusion|4:odor_sleuth|8:gust|12:assurance|15:heart_stamp|19:imprison|21:air_cutter|25:attract|29:amnesia|29:calm_mind|32:air_slash|36:future_sight|41:psychic|47:endeavor;acrobatics|aerial_ace|attract|calm_mind|charge_beam|double_team|dream_eater|embargo|energy_ball|facade|flash|fly|frustration|gyro_ball|hidden_power|light_screen|pluck|protect|psych_up|psychic|psyshock|rain_dance|reflect|rest|return|round|safeguard|shadow_ball|substitute|swagger|taunt|telekinesis|thief|thunder_wave|torment|toxic|trick_room|u_turn;after_you|endeavor|giga_drain|heat_wave|helping_hand|knock_off|magic_coat|roost|signal_beam|skill_swap|sleep_talk|snore|super_fang|tailwind|trick|uproar|zen_headbutt;charm|fake_tears|flatter|helping_hand|knock_off|roost|stored_power|supersonic|synchronoise;ground|flying;swoobat@amistad;;527;Murciélago;0,4;2,1;azul;50;no;Vive en bosques oscuros y cavernas. Emite ultrasonidos por la nariz para saber todo lo que pasa a su alrededor.
swoobat;Swoobat;psychic|flying;67;57;55;77;55;114;unaware;klutz;simple;medium_fast;149;45;speed:2;1:confusion|1:odor_sleuth|1:gust|1:assurance|15:heart_stamp|19:imprison|21:air_cutter|25:attract|29:amnesia|29:calm_mind|32:air_slash|36:future_sight|41:psychic|47:endeavor;acrobatics|aerial_ace|attract|calm_mind|charge_beam|double_team|dream_eater|embargo|energy_ball|facade|flash|fly|frustration|giga_impact|gyro_ball|hidden_power|hyper_beam|light_screen|pluck|protect|psych_up|psychic|psyshock|rain_dance|reflect|rest|return|round|safeguard|shadow_ball|substitute|swagger|taunt|telekinesis|thief|thunder_wave|torment|toxic|trick_room|u_turn;after_you|endeavor|giga_drain|heat_wave|helping_hand|knock_off|magic_coat|roost|signal_beam|skill_swap|sky_attack|sleep_talk|snore|super_fang|tailwind|trick|uproar|zen_headbutt;charm|fake_tears|flatter|helping_hand|knock_off|roost|stored_power|supersonic|synchronoise;ground|flying;;;528;Galante;0,9;10,5;azul;50;no;Cuando emite ondas ultrasónicas, que incluso pueden reventar el cemento, agita su cola con vehemencia.
drilbur;Drilbur;ground;60;85;40;30;45;68;sand_rush;sand_force;mold_breaker;medium_fast;66;120;attack:1;1:scratch|1:mud_sport|5:rapid_spin|8:mud_slap|12:fury_swipes|15:metal_claw|19:dig|22:hone_claws|26:slash|29:rock_slide|33:earthquake|36:swords_dance|40:sandstorm|43:drill_run|47:fissure;aerial_ace|attract|brick_break|bulldoze|cut|dig|double_team|earthquake|facade|fling|frustration|hidden_power|hone_claws|poison_jab|protect|rest|return|rock_slide|rock_smash|rock_tomb|round|sandstorm|shadow_claw|sludge_bomb|strength|substitute|swagger|swords_dance|toxic|x_scissor;drill_run|earth_power|iron_defense|sleep_talk|snore|stealth_rock;crush_claw|earth_power|iron_defense|metal_sound|rapid_spin|rock_climb|skull_bash|submission;ground;excadrill@31;;529;Topo;0,3;8,5;gris;50;no;Cuando junta las garras y comienza a dar vueltas frenéticas, avanza bajo tierra a gran velocidad.
excadrill;Excadrill;ground|steel;110;135;60;50;65;88;sand_rush;sand_force;mold_breaker;medium_fast;178;60;attack:2;1:scratch|1:mud_sport|1:rapid_spin|1:mud_slap|12:fury_swipes|15:metal_claw|19:dig|22:hone_claws|26:slash|29:rock_slide|31:horn_drill|36:earthquake|42:swords_dance|49:sandstorm|55:drill_run|62:fissure;aerial_ace|attract|brick_break|bulldoze|cut|dig|double_team|earthquake|facade|fling|focus_blast|frustration|giga_impact|hidden_power|hone_claws|hyper_beam|poison_jab|protect|rest|return|rock_slide|rock_smash|rock_tomb|round|sandstorm|shadow_claw|sludge_bomb|strength|substitute|swagger|swords_dance|toxic|x_scissor;drill_run|earth_power|iron_defense|iron_head|magnet_rise|sleep_talk|snore|stealth_rock;crush_claw|earth_power|iron_defense|metal_sound|rapid_spin|rock_climb|skull_bash|submission;ground;;;530;Subterráneo;0,7;40,4;gris;50;no;Su taladro ha evolucionado y es capaz de atravesar una lámina de hierro. Es muy útil para construir túneles.
audino;Audino;normal;103;60;86;60;86;50;healer;regenerator;klutz;fast;390;255;hp:2;1:pound|1:growl|1:helping_hand|5:refresh|10:double_slap|15:attract|20:secret_power|25:entrainment|30:take_down|35:heal_pulse|40:after_you|45:simple_beam|50:double_edge|55:last_resort;attract|blizzard|calm_mind|charge_beam|dig|double_team|dream_eater|echoed_voice|facade|fire_blast|flamethrower|flash|fling|frustration|grass_knot|hidden_power|hyper_beam|ice_beam|incinerate|light_screen|protect|psych_up|psychic|psyshock|rain_dance|reflect|rest|retaliate|return|round|safeguard|shadow_ball|solar_beam|substitute|sunny_day|surf|swagger|telekinesis|thunder|thunder_wave|thunderbolt|toxic|trick_room|wild_charge|work_up;after_you|covet|drain_punch|fire_punch|gravity|heal_bell|helping_hand|hyper_voice|ice_punch|icy_wind|iron_tail|knock_off|last_resort|low_kick|magic_coat|pain_split|role_play|signal_beam|skill_swap|sleep_talk|snatch|snore|thunder_punch|uproar|zen_headbutt;amnesia|bestow|encore|heal_bell|healing_wish|lucky_chant|sleep_talk|sweet_kiss|wish|yawn;fairy;;;531;Escucha;1,1;31;rosa;50;no;Con las antenas de sus oídos, perciben el estado de un rival o predicen cuándo va a eclosionar un Huevo Pokémon.
timburr;Timburr;fighting;75;80;55;25;35;35;guts;sheer_force;iron_fist;medium_slow;61;180;attack:1;1:pound|1:leer|4:focus_energy|8:bide|12:low_kick|16:rock_throw|20:wake_up_slap|24:chip_away|28:bulk_up|31:rock_slide|34:dynamic_punch|37:scary_face|40:hammer_arm|43:stone_edge|46:focus_punch|49:superpower;attract|brick_break|bulk_up|dig|double_team|facade|fling|focus_blast|frustration|grass_knot|hidden_power|low_sweep|payback|poison_jab|protect|rain_dance|rest|retaliate|return|rock_slide|rock_smash|rock_tomb|round|smack_down|stone_edge|strength|substitute|sunny_day|swagger|taunt|toxic|work_up;block|drain_punch|fire_punch|helping_hand|ice_punch|knock_off|low_kick|sleep_talk|snore|superpower|thunder_punch;comet_punch|counter|detect|drain_punch|endure|force_palm|foresight|mach_punch|reversal|smelling_salts|wide_guard;humanshape;gurdurr@25;;532;Musculoso;0,6;12,5;gris;25;no;Siempre lleva vigas de madera. Normalmente ayuda en obras de construcción.
gurdurr;Gurdurr;fighting;85;105;85;40;50;40;guts;sheer_force;iron_fist;medium_slow;142;90;attack:2;1:pound|1:leer|1:focus_energy|1:bide|12:low_kick|16:rock_throw|20:wake_up_slap|24:chip_away|29:bulk_up|33:rock_slide|37:dynamic_punch|41:scary_face|45:hammer_arm|49:stone_edge|53:focus_punch|57:superpower;attract|brick_break|bulk_up|dig|double_team|facade|fling|focus_blast|frustration|grass_knot|hidden_power|low_sweep|payback|poison_jab|protect|rain_dance|rest|retaliate|return|rock_slide|rock_smash|rock_tomb|round|smack_down|stone_edge|strength|substitute|sunny_day|swagger|taunt|toxic|work_up;block|drain_punch|fire_punch|helping_hand|ice_punch|knock_off|low_kick|sleep_talk|snore|superpower|thunder_punch;comet_punch|counter|detect|drain_punch|endure|force_palm|foresight|mach_punch|reversal|smelling_salts|wide_guard;humanshape;conkeldurr@intercambio;;533;Musculoso;1,2;40;gris;25;no;Gracias a su entrenada musculatura, puede blandir vigas de acero sin problema para así derribar edificios enteros.
conkeldurr;Conkeldurr;fighting;105;140;95;55;65;45;guts;sheer_force;iron_fist;medium_slow;227;45;attack:3;1:pound|1:leer|1:focus_energy|1:bide|12:low_kick|16:rock_throw|20:wake_up_slap|24:chip_away|29:bulk_up|33:rock_slide|37:dynamic_punch|41:scary_face|45:hammer_arm|49:stone_edge|53:focus_punch|57:superpower;attract|brick_break|bulk_up|bulldoze|dig|double_team|earthquake|facade|fling|focus_blast|frustration|giga_impact|grass_knot|hidden_power|hyper_beam|low_sweep|payback|poison_jab|protect|rain_dance|rest|retaliate|return|rock_slide|rock_smash|rock_tomb|round|smack_down|stone_edge|strength|substitute|sunny_day|swagger|taunt|toxic|work_up;block|drain_punch|fire_punch|helping_hand|ice_punch|knock_off|low_kick|sleep_talk|snore|superpower|thunder_punch;comet_punch|counter|detect|drain_punch|endure|force_palm|foresight|mach_punch|reversal|smelling_salts|wide_guard;humanshape;;;534;Musculoso;1,4;87;marrón;25;no;Se cree que Conkeldurr enseñó a los humanos la técnica para elaborar cemento hace más de 2000 años.
tympole;Tympole;water;50;50;40;50;40;64;swift_swim;hydration;water_absorb;medium_slow;59;255;speed:1;1:bubble|1:growl|5:supersonic|9:round|12:bubble_beam|16:mud_shot|20:aqua_ring|23:uproar|27:muddy_water|31:rain_dance|34:flail|38:echoed_voice|42:hydro_pump|45:hyper_voice;attract|double_team|echoed_voice|facade|frustration|hail|hidden_power|protect|rain_dance|rest|return|round|scald|sludge_bomb|sludge_wave|substitute|surf|swagger|toxic;bounce|earth_power|endeavor|hyper_voice|icy_wind|sleep_talk|snore|uproar;earth_power|mist|mud_bomb|mud_sport|refresh|sleep_talk|snore|water_pulse;water1;palpitoad@25;;535;Renacuajo;0,5;4,5;azul;50;no;Emite sonidos imperceptibles para los humanos con la vibración de sus mejillas y advierte de algún peligro a los suyos.
palpitoad;Palpitoad;water|ground;75;65;55;65;55;69;swift_swim;hydration;water_absorb;medium_slow;134;120;hp:2;1:bubble|1:growl|1:supersonic|1:round|12:bubble_beam|16:mud_shot|20:aqua_ring|23:uproar|28:muddy_water|33:rain_dance|37:flail|42:echoed_voice|47:hydro_pump|51:hyper_voice;attract|bulldoze|double_team|echoed_voice|facade|frustration|hail|hidden_power|protect|rain_dance|rest|return|rock_smash|round|scald|sludge_bomb|sludge_wave|substitute|surf|swagger|toxic;bounce|earth_power|endeavor|gastro_acid|hyper_voice|icy_wind|sleep_talk|snore|stealth_rock|uproar;earth_power|mist|mud_bomb|mud_sport|refresh|sleep_talk|snore|water_pulse;water1;seismitoad@36;;536;Vibrante;0,8;17;azul;50;no;Cuando hace vibrar el bulto de su cabeza, no solo se embravece el mar, sino que la tierra también tiembla.
seismitoad;Seismitoad;water|ground;105;95;75;85;75;74;swift_swim;poison_touch;water_absorb;medium_slow;229;45;hp:3;1:bubble|1:growl|1:supersonic|1:round|12:bubble_beam|16:mud_shot|20:aqua_ring|23:uproar|28:muddy_water|33:rain_dance|36:acid|39:flail|44:drain_punch|49:echoed_voice|53:hydro_pump|59:hyper_voice;attract|brick_break|bulldoze|dig|double_team|earthquake|echoed_voice|facade|fling|focus_blast|frustration|giga_impact|grass_knot|hail|hidden_power|hyper_beam|payback|poison_jab|protect|rain_dance|rest|return|rock_slide|rock_smash|rock_tomb|round|scald|sludge_bomb|sludge_wave|strength|substitute|surf|swagger|toxic|venoshock;bounce|drain_punch|earth_power|endeavor|gastro_acid|hyper_voice|ice_punch|icy_wind|knock_off|low_kick|sleep_talk|snore|stealth_rock|uproar;earth_power|mist|mud_bomb|mud_sport|refresh|sleep_talk|snore|water_pulse;water1;;;537;Vibrante;1,5;62;azul;50;no;Aumenta la potencia de sus puñetazos haciendo vibrar sus puños. Es capaz de quebrar una roca de un solo golpe.
throh;Throh;fighting;120;100;85;30;85;45;guts;inner_focus;mold_breaker;medium_fast;163;45;hp:2;1:bind|1:leer|5:bide|9:focus_energy|13:seismic_toss|17:vital_throw|21:revenge|25:storm_throw|29:body_slam|33:bulk_up|37:circle_throw|41:endure|45:wide_guard|49:superpower|53:reversal;attract|brick_break|bulk_up|bulldoze|dig|double_team|earthquake|facade|fling|focus_blast|frustration|giga_impact|grass_knot|hidden_power|low_sweep|payback|poison_jab|protect|rain_dance|rest|retaliate|return|rock_slide|rock_smash|rock_tomb|round|stone_edge|strength|substitute|sunny_day|swagger|taunt|toxic|work_up;bind|block|fire_punch|helping_hand|ice_punch|knock_off|low_kick|pain_split|sleep_talk|snore|superpower|thunder_punch;;humanshape;;;538;Judo;1,3;55,5;rojo;0;no;Aumenta su potencia si se aprieta el cinturón. Un Throh salvaje teje su propio cinturón usando lianas.
sawk;Sawk;fighting;75;125;75;30;75;85;sturdy;inner_focus;mold_breaker;medium_fast;163;45;attack:2;1:rock_smash|1:leer|5:bide|9:focus_energy|13:double_kick|17:low_sweep|21:counter|25:karate_chop|29:brick_break|33:bulk_up|37:retaliate|41:endure|45:quick_guard|49:close_combat|53:reversal;attract|brick_break|bulk_up|bulldoze|dig|double_team|earthquake|facade|fling|focus_blast|frustration|giga_impact|grass_knot|hidden_power|low_sweep|payback|poison_jab|protect|rain_dance|rest|retaliate|return|rock_slide|rock_smash|rock_tomb|round|stone_edge|strength|substitute|sunny_day|swagger|taunt|toxic|work_up;block|dual_chop|fire_punch|helping_hand|ice_punch|knock_off|low_kick|pain_split|sleep_talk|snore|superpower|thunder_punch;;humanshape;;;539;Kárate;1,4;51;azul;0;no;Para lograr dominar las técnicas de kárate más letales, se retiran a las montañas y entrenan día y noche.
sewaddle;Sewaddle;bug|grass;45;53;70;40;60;42;swarm;chlorophyll;overcoat;medium_slow;62;255;defense:1;1:tackle|1:string_shot|8:bug_bite|15:razor_leaf|22:struggle_bug|29:endure|36:bug_buzz|43:flail;attract|calm_mind|cut|double_team|dream_eater|energy_ball|facade|flash|frustration|grass_knot|hidden_power|light_screen|payback|protect|rest|return|round|safeguard|solar_beam|struggle_bug|substitute|sunny_day|swagger|toxic;bug_bite|electroweb|giga_drain|iron_defense|magic_coat|seed_bomb|signal_beam|sleep_talk|snore|synthesis|worry_seed;agility|air_slash|baton_pass|camouflage|me_first|mind_reader|razor_wind|screech|silver_wind;bug;swadloon@20;;540;Sastre;0,3;2,5;amarillo;50;no;Recorta hojas y las teje con el líquido viscoso que segrega por la boca para hacerse su propia ropa.
swadloon;Swadloon;bug|grass;55;63;90;50;80;42;leaf_guard;chlorophyll;overcoat;medium_slow;133;120;defense:2;1:grass_whistle|1:tackle|1:string_shot|1:bug_bite|1:razor_leaf|20:protect;attract|calm_mind|cut|double_team|dream_eater|energy_ball|facade|flash|frustration|grass_knot|hidden_power|light_screen|payback|protect|rest|return|round|safeguard|solar_beam|struggle_bug|substitute|sunny_day|swagger|toxic;bug_bite|electroweb|giga_drain|iron_defense|magic_coat|seed_bomb|signal_beam|sleep_talk|snore|synthesis|worry_seed;agility|air_slash|baton_pass|camouflage|me_first|mind_reader|razor_wind|screech|silver_wind;bug;leavanny@amistad;;541;Arropado;0,5;7,3;verde;50;no;La vegetación abunda en los bosques que habita. Este Pokémon transforma las hojas caídas en nutrientes.
leavanny;Leavanny;bug|grass;75;103;80;70;80;92;swarm;chlorophyll;overcoat;medium_slow;225;45;attack:3;1:false_swipe|1:tackle|1:string_shot|1:bug_bite|1:razor_leaf|22:struggle_bug|29:slash|32:helping_hand|36:leaf_blade|39:x_scissor|43:entrainment|46:swords_dance|50:leaf_storm;aerial_ace|attract|calm_mind|cut|double_team|dream_eater|energy_ball|facade|false_swipe|flash|frustration|giga_impact|grass_knot|hidden_power|hone_claws|hyper_beam|light_screen|payback|poison_jab|protect|reflect|rest|retaliate|return|round|safeguard|shadow_claw|solar_beam|struggle_bug|substitute|sunny_day|swagger|swords_dance|toxic|x_scissor;bug_bite|electroweb|giga_drain|heal_bell|helping_hand|iron_defense|knock_off|magic_coat|seed_bomb|signal_beam|sleep_talk|snore|synthesis|worry_seed;agility|air_slash|baton_pass|camouflage|me_first|mind_reader|razor_wind|screech|silver_wind;bug;;;542;Cuidador;1,2;20,5;amarillo;50;no;Si se encuentra con un Pokémon joven, segrega por la boca hilos pegadizos con los que le teje una prenda de ropa.
venipede;Venipede;bug|poison;30;45;59;30;39;57;poison_point;swarm;speed_boost;medium_slow;52;255;defense:1;1:defense_curl|1:rollout|5:poison_sting|8:screech|12:pursuit|15:protect|19:poison_tail|22:bug_bite|26:venoshock|29:agility|33:steamroller|36:toxic|40:rock_climb|43:double_edge;attract|double_team|facade|frustration|gyro_ball|hidden_power|payback|poison_jab|protect|rest|return|rock_smash|round|sludge_bomb|solar_beam|struggle_bug|substitute|sunny_day|swagger|toxic|venoshock;bug_bite|endeavor|iron_defense|sleep_talk|snore;pin_missile|rock_climb|spikes|take_down|toxic_spikes|twineedle;bug;whirlipede@22;;543;Ciempiés;0,4;5,3;rojo;50;no;Percibe su entorno con su sentido del tacto, residente en su cabeza y cola. Su carácter es violento por naturaleza.
whirlipede;Whirlipede;bug|poison;40;55;99;40;79;47;poison_point;swarm;speed_boost;medium_slow;126;120;defense:2;1:defense_curl|1:rollout|1:poison_sting|1:screech|12:pursuit|15:protect|19:poison_tail|22:iron_defense|23:bug_bite|28:venoshock|32:agility|37:steamroller|41:toxic|46:rock_climb|50:double_edge;attract|double_team|facade|frustration|gyro_ball|hidden_power|payback|poison_jab|protect|rest|return|rock_smash|round|sludge_bomb|solar_beam|struggle_bug|substitute|sunny_day|swagger|toxic|venoshock;bug_bite|endeavor|iron_defense|sleep_talk|snore;pin_missile|rock_climb|spikes|take_down|toxic_spikes|twineedle;bug;scolipede@30;;544;Pupaciempiés;1,2;58,5;gris;50;no;Lo protege un duro caparazón. Gira como una rueda y realiza brutales placajes contra sus enemigos.
scolipede;Scolipede;bug|poison;60;100;89;55;69;112;poison_point;swarm;speed_boost;medium_slow;218;45;speed:3;1:megahorn|1:defense_curl|1:rollout|1:poison_sting|1:screech|12:pursuit|15:protect|19:poison_tail|23:bug_bite|28:venoshock|30:baton_pass|33:agility|39:steamroller|44:toxic|50:rock_climb|55:double_edge;attract|bulldoze|cut|dig|double_team|earthquake|facade|frustration|giga_impact|gyro_ball|hidden_power|hyper_beam|payback|poison_jab|protect|rest|return|rock_slide|rock_smash|rock_tomb|round|sludge_bomb|solar_beam|strength|struggle_bug|substitute|sunny_day|swagger|swords_dance|toxic|venoshock|x_scissor;aqua_tail|bug_bite|endeavor|iron_defense|iron_tail|sleep_talk|snatch|snore|superpower;pin_missile|rock_climb|spikes|take_down|toxic_spikes|twineedle;bug;;;545;Megaciempiés;2,5;200,5;rojo;50;no;Atenaza a sus presas con las garras que sobresalen de su cuello hasta que no se pueden mover y las remata con veneno.
cottonee;Cottonee;grass|fairy;40;27;60;37;50;66;prankster;infiltrator;chlorophyll;medium_fast;56;190;speed:1;1:absorb|4:growth|8:leech_seed|10:stun_spore|13:mega_drain|17:cotton_spore|19:razor_leaf|22:poison_powder|26:giga_drain|28:charm|31:helping_hand|35:energy_ball|37:cotton_guard|40:sunny_day|44:endeavor|46:solar_beam;attract|double_team|dream_eater|energy_ball|facade|flash|frustration|grass_knot|hidden_power|protect|rest|return|round|safeguard|solar_beam|substitute|sunny_day|swagger|taunt|toxic;covet|endeavor|giga_drain|helping_hand|knock_off|seed_bomb|sleep_talk|snore|tailwind|worry_seed;beat_up|encore|fake_tears|grass_whistle|memento|natural_gift|switcheroo|tickle|worry_seed;plant|fairy;whimsicott@objeto:sun_stone;;546;Bolalgodón;0,3;0,6;verde;50;no;Despide motas de algodón cuando lo atacan para confundir a los enemigos y poner pies en polvorosa.
whimsicott;Whimsicott;grass|fairy;60;67;85;77;75;116;prankster;infiltrator;chlorophyll;medium_fast;168;75;speed:2;1:growth|1:leech_seed|1:mega_drain|1:cotton_spore|10:gust|28:tailwind|46:hurricane;attract|double_team|dream_eater|energy_ball|facade|flash|fling|frustration|giga_impact|grass_knot|hidden_power|hyper_beam|light_screen|protect|psychic|rest|return|round|safeguard|shadow_ball|solar_beam|substitute|sunny_day|swagger|taunt|thief|toxic|trick_room|u_turn;covet|endeavor|giga_drain|helping_hand|knock_off|seed_bomb|sleep_talk|snore|tailwind|worry_seed;beat_up|encore|fake_tears|grass_whistle|memento|natural_gift|switcheroo|tickle|worry_seed;plant|fairy;;;547;Vuelalviento;0,7;6,6;verde;50;no;Aparecen en medio de un torbellino y entran en las casas para descolocar los muebles o esparcir algodón por doquier.
petilil;Petilil;grass;45;35;50;70;50;30;chlorophyll;own_tempo;leaf_guard;medium_fast;56;190;sp_attack:1;1:absorb|4:growth|8:leech_seed|10:sleep_powder|13:mega_drain|17:synthesis|19:magical_leaf|22:stun_spore|26:giga_drain|28:aromatherapy|31:helping_hand|35:energy_ball|37:entrainment|40:sunny_day|44:after_you|46:leaf_storm;attract|cut|double_team|dream_eater|energy_ball|facade|flash|frustration|grass_knot|hidden_power|protect|rest|return|round|safeguard|solar_beam|substitute|sunny_day|swagger|toxic;after_you|covet|giga_drain|heal_bell|helping_hand|seed_bomb|sleep_talk|snore|synthesis|worry_seed;bide|charm|endure|grass_whistle|healing_wish|ingrain|natural_gift|sweet_scent|worry_seed;plant;lilligant@objeto:sun_stone;;548;Bulbo;0,5;6,6;verde;100;no;Mordisquear las hojas de su cabeza permite recuperar toda la vitalidad, a pesar de que están muy amargas.
lilligant;Lilligant;grass;70;60;75;110;75;90;chlorophyll;own_tempo;leaf_guard;medium_fast;168;75;sp_attack:2;1:growth|1:leech_seed|1:mega_drain|1:synthesis|10:teeter_dance|28:quiver_dance|46:petal_dance;attract|cut|double_team|dream_eater|energy_ball|facade|flash|frustration|giga_impact|grass_knot|hidden_power|hyper_beam|light_screen|protect|rest|return|round|safeguard|solar_beam|substitute|sunny_day|swagger|swords_dance|toxic;after_you|covet|giga_drain|heal_bell|helping_hand|role_play|seed_bomb|sleep_talk|snore|synthesis|worry_seed;bide|charm|endure|grass_whistle|healing_wish|ingrain|natural_gift|sweet_scent|worry_seed;plant;;;549;Adornofloral;1,1;16,3;verde;100;no;El aroma de la flor de su tocado relaja a cualquiera a su alrededor. Hay que cuidarle mucho para que no se marchite.
basculin;Basculin;water;70;92;65;80;55;98;reckless;adaptability;mold_breaker;medium_fast;161;25;speed:2;1:tackle|1:water_gun|4:uproar|7:headbutt|10:bite|13:aqua_jet|16:chip_away|20:take_down|24:crunch|28:aqua_tail|32:soak|36:double_edge|41:scary_face|46:flail|51:final_gambit|56:thrash;attract|cut|dive|double_team|facade|frustration|hail|hidden_power|ice_beam|protect|rain_dance|rest|return|round|scald|substitute|surf|swagger|taunt|toxic|waterfall;aqua_tail|bounce|endeavor|icy_wind|sleep_talk|snore|superpower|uproar|zen_headbutt;agility|brine|bubble_beam|mud_shot|muddy_water|rage|revenge|swift|whirlpool;water2;;;550;Violento;1;18;verde;50;no;Los de color azul y los de color rojo siempre se pelean. Son muy violentos, pero su sabor es excepcional.
sandile;Sandile;ground|dark;50;72;35;35;35;65;intimidate;moxie;anger_point;medium_slow;58;180;attack:1;1:leer|1:rage|4:bite|7:sand_attack|10:torment|13:sand_tomb|16:assurance|19:mud_slap|22:embargo|25:swagger|28:crunch|31:dig|34:scary_face|37:foul_play|40:sandstorm|43:earthquake|46:thrash;attract|bulldoze|cut|dig|double_team|earthquake|embargo|facade|frustration|hidden_power|hone_claws|incinerate|payback|protect|rest|retaliate|return|roar|rock_slide|rock_tomb|round|sandstorm|sludge_bomb|snarl|stone_edge|substitute|swagger|taunt|thief|torment|toxic;aqua_tail|dark_pulse|earth_power|foul_play|iron_tail|sleep_talk|snatch|snore|spite|stealth_rock|uproar;beat_up|counter|double_edge|fire_fang|focus_energy|mean_look|pursuit|rock_climb|thunder_fang|uproar;ground;krokorok@29;;551;Desierdrilo;0,7;15,2;marrón;50;no;Se desplaza hundido en la arena, dejando al descubierto solo los ojos y la nariz. Una membrana negra le protege los ojos.
krokorok;Krokorok;ground|dark;60;82;45;45;45;74;intimidate;moxie;anger_point;medium_slow;123;90;attack:2;1:leer|1:rage|1:bite|1:sand_attack|10:torment|13:sand_tomb|16:assurance|19:mud_slap|22:embargo|25:swagger|28:crunch|32:dig|36:scary_face|40:foul_play|44:sandstorm|48:earthquake|52:thrash;attract|brick_break|bulldoze|cut|dig|double_team|earthquake|embargo|facade|fling|frustration|grass_knot|hidden_power|hone_claws|incinerate|low_sweep|payback|protect|rest|retaliate|return|roar|rock_slide|rock_smash|rock_tomb|round|sandstorm|shadow_claw|sludge_bomb|snarl|stone_edge|strength|substitute|swagger|taunt|thief|torment|toxic;aqua_tail|dark_pulse|earth_power|foul_play|iron_tail|knock_off|low_kick|sleep_talk|snatch|snore|spite|stealth_rock|uproar;beat_up|counter|double_edge|fire_fang|focus_energy|mean_look|pursuit|rock_climb|thunder_fang|uproar;ground;krookodile@40;;552;Desierdrilo;1;33,4;marrón;50;no;Viven en manadas. La membrana que cubre sus ojos los protege de la arena.
krookodile;Krookodile;ground|dark;95;117;80;65;70;92;intimidate;moxie;anger_point;medium_slow;234;45;attack:3;1:leer|1:rage|1:bite|1:sand_attack|10:torment|13:sand_tomb|16:assurance|19:mud_slap|22:embargo|25:swagger|28:crunch|32:dig|36:scary_face|42:foul_play|48:sandstorm|54:earthquake|60:outrage;aerial_ace|attract|brick_break|bulk_up|bulldoze|cut|dig|double_team|dragon_claw|dragon_tail|earthquake|embargo|facade|fling|focus_blast|frustration|giga_impact|grass_knot|hidden_power|hone_claws|hyper_beam|incinerate|low_sweep|payback|protect|rest|retaliate|return|roar|rock_slide|rock_smash|rock_tomb|round|sandstorm|shadow_claw|sludge_bomb|smack_down|snarl|stone_edge|strength|substitute|swagger|taunt|thief|torment|toxic;aqua_tail|block|dark_pulse|dragon_pulse|earth_power|foul_play|iron_tail|knock_off|low_kick|outrage|sleep_talk|snatch|snore|spite|stealth_rock|superpower|uproar;beat_up|counter|double_edge|fire_fang|focus_energy|mean_look|pursuit|rock_climb|thunder_fang|uproar;ground;;;553;Amenazador;1,5;96,3;rojo;50;no;Un Pokémon bastante violento. Ataca todo lo que se mueva delante de él con sus mortíferas mandíbulas.
darumaka;Darumaka;fire;70;90;45;15;45;50;hustle;;inner_focus;medium_slow;63;120;attack:1;1:tackle|3:rollout|6:incinerate|9:rage|11:fire_fang|14:headbutt|17:uproar|19:facade|22:fire_punch|25:work_up|27:thrash|30:belly_drum|33:flare_blitz|35:taunt|39:superpower|42:overheat;attract|brick_break|dig|double_team|facade|fire_blast|flame_charge|flamethrower|fling|frustration|grass_knot|gyro_ball|hidden_power|incinerate|overheat|protect|rest|return|roar|rock_slide|rock_smash|rock_tomb|round|solar_beam|strength|substitute|sunny_day|swagger|taunt|thief|toxic|u_turn|will_o_wisp|work_up;endeavor|fire_punch|heat_wave|sleep_talk|snore|superpower|uproar|zen_headbutt;encore|endure|flame_wheel|focus_energy|focus_punch|hammer_arm|sleep_talk|take_down|yawn;ground;darmanitan@35;;554;Daruma;0,6;37,5;rojo;50;no;Como sus excrementos están muy calientes, la gente de antaño se los metía en los bolsillos para calentarse.
darmanitan;Darmanitan;fire;105;140;55;30;55;95;sheer_force;;zen_mode;medium_slow;168;60;attack:2;1:tackle|1:rollout|1:incinerate|1:rage|11:fire_fang|14:headbutt|17:swagger|19:facade|22:fire_punch|25:work_up|27:thrash|30:belly_drum|33:flare_blitz|35:hammer_arm|39:taunt|47:superpower|54:overheat;attract|brick_break|bulk_up|bulldoze|dig|double_team|earthquake|facade|fire_blast|flame_charge|flamethrower|fling|focus_blast|frustration|giga_impact|grass_knot|gyro_ball|hidden_power|hyper_beam|incinerate|overheat|payback|protect|psychic|rest|return|roar|rock_slide|rock_smash|rock_tomb|round|smack_down|solar_beam|stone_edge|strength|substitute|sunny_day|swagger|taunt|thief|torment|toxic|u_turn|will_o_wisp|work_up;endeavor|fire_punch|heat_wave|sleep_talk|snore|superpower|uproar|zen_headbutt;encore|endure|flame_wheel|focus_energy|focus_punch|hammer_arm|sleep_talk|take_down|yawn;ground;;;555;Candente;1,3;92,9;rojo;50;no;Cuando resulta gravemente herido, se endurece como una piedra y medita para agudizar la mente.
maractus;Maractus;grass;75;86;67;106;67;60;water_absorb;chlorophyll;storm_drain;medium_fast;161;255;sp_attack:2;1:peck|1:absorb|3:sweet_scent|6:growth|10:pin_missile|13:mega_drain|15:synthesis|18:cotton_spore|22:needle_arm|26:giga_drain|29:acupressure|33:ingrain|38:petal_dance|42:sucker_punch|45:sunny_day|50:solar_beam|55:cotton_guard|57:after_you;aerial_ace|attract|double_team|energy_ball|facade|frustration|grass_knot|hidden_power|poison_jab|protect|rest|return|round|safeguard|solar_beam|substitute|sunny_day|swagger|toxic;after_you|bounce|drain_punch|endeavor|giga_drain|helping_hand|hyper_voice|knock_off|seed_bomb|sleep_talk|snore|synthesis|uproar|worry_seed;bounce|bullet_seed|grass_whistle|leech_seed|seed_bomb|spikes|wood_hammer|worry_seed;plant;;;556;Cactus;1;28;verde;50;no;Espanta a los Pokémon pájaro con un baile rápido y haciendo ruido para evitar que picoteen las semillas de sus flores.
dwebble;Dwebble;bug|rock;50;65;85;35;35;55;sturdy;shell_armor;weak_armor;medium_fast;65;190;defense:1;1:fury_cutter|5:rock_blast|7:withdraw|11:sand_attack|13:feint_attack|17:smack_down|19:rock_polish|23:bug_bite|24:stealth_rock|29:rock_slide|31:slash|35:x_scissor|37:shell_smash|41:flail|43:rock_wrecker;aerial_ace|attract|bulldoze|cut|dig|double_team|earthquake|facade|frustration|hidden_power|hone_claws|poison_jab|protect|rest|return|rock_polish|rock_slide|rock_smash|rock_tomb|round|sandstorm|shadow_claw|smack_down|solar_beam|stone_edge|strength|struggle_bug|substitute|swagger|swords_dance|toxic|x_scissor;block|bug_bite|iron_defense|knock_off|sleep_talk|snore|stealth_rock;block|counter|curse|endure|iron_defense|night_slash|sand_tomb|spikes;bug|mineral;crustle@34;;557;Casapiedra;0,3;14,5;rojo;50;no;Abre un agujero en la roca y vive en él. Si la roca se resquebraja, no se queda tranquilo hasta que no encuentra otra.
crustle;Crustle;bug|rock;70;105;125;65;75;45;sturdy;shell_armor;weak_armor;medium_fast;170;75;defense:2;1:shell_smash|1:rock_blast|1:withdraw|1:sand_attack|13:feint_attack|17:smack_down|19:rock_polish|23:bug_bite|24:stealth_rock|29:rock_slide|31:slash|38:x_scissor|50:flail|55:rock_wrecker;aerial_ace|attract|bulldoze|cut|dig|double_team|earthquake|facade|frustration|giga_impact|hidden_power|hone_claws|hyper_beam|poison_jab|protect|rest|return|rock_polish|rock_slide|rock_smash|rock_tomb|round|sandstorm|shadow_claw|smack_down|solar_beam|stone_edge|strength|struggle_bug|substitute|swagger|swords_dance|toxic|x_scissor;block|bug_bite|iron_defense|knock_off|sleep_talk|snore|stealth_rock;block|counter|curse|endure|iron_defense|night_slash|sand_tomb|spikes;bug|mineral;;;558;Casarroca;1,4;200;rojo;50;no;Su inmensa capacidad motriz le permite desplazarse cargando a sus espaldas rocas enormes durante días.
scraggy;Scraggy;dark|fighting;50;75;70;35;70;48;shed_skin;moxie;intimidate;medium_fast;70;180;attack:1;1:leer|1:low_kick|5:sand_attack|9:feint_attack|12:headbutt|16:swagger|20:brick_break|23:payback|27:chip_away|31:high_jump_kick|34:scary_face|38:crunch|42:facade|45:rock_climb|49:focus_punch|53:head_smash;attract|brick_break|bulk_up|dig|double_team|dragon_claw|dragon_tail|facade|fling|focus_blast|frustration|grass_knot|hidden_power|incinerate|low_sweep|payback|poison_jab|protect|rain_dance|rest|retaliate|return|roar|rock_slide|rock_smash|rock_tomb|round|sludge_bomb|smack_down|snarl|stone_edge|strength|substitute|sunny_day|swagger|taunt|torment|toxic|work_up;dark_pulse|dragon_pulse|drain_punch|dual_chop|fire_punch|foul_play|ice_punch|iron_defense|iron_head|iron_tail|knock_off|low_kick|sleep_talk|snatch|snore|spite|super_fang|thunder_punch|zen_headbutt;amnesia|counter|detect|dragon_dance|drain_punch|fake_out|feint_attack|fire_punch|ice_punch|thunder_punch|zen_headbutt;ground|dragon;scrafty@39;;559;Mudapiel;0,6;11,8;amarillo;50;no;Se sube la piel hasta el cuello para defenderse. Su elasticidad, similar a la de una goma, reduce el daño recibido.
scrafty;Scrafty;dark|fighting;65;90;115;45;115;58;shed_skin;moxie;intimidate;medium_fast;171;90;defense:1|sp_defense:1;1:leer|1:low_kick|1:sand_attack|1:feint_attack|12:headbutt|16:swagger|20:brick_break|23:payback|27:chip_away|31:high_jump_kick|34:scary_face|38:crunch|45:facade|51:rock_climb|58:focus_punch|65:head_smash;attract|brick_break|bulk_up|dig|double_team|dragon_claw|dragon_tail|facade|fling|focus_blast|frustration|giga_impact|grass_knot|hidden_power|hyper_beam|incinerate|low_sweep|payback|poison_jab|protect|rain_dance|rest|retaliate|return|roar|rock_slide|rock_smash|rock_tomb|round|sludge_bomb|smack_down|snarl|stone_edge|strength|substitute|sunny_day|swagger|taunt|thief|torment|toxic|work_up;dark_pulse|dragon_pulse|drain_punch|dual_chop|fire_punch|foul_play|ice_punch|iron_defense|iron_head|iron_tail|knock_off|low_kick|outrage|sleep_talk|snatch|snore|spite|super_fang|thunder_punch|zen_headbutt;amnesia|counter|detect|dragon_dance|drain_punch|fake_out|feint_attack|fire_punch|ice_punch|thunder_punch|zen_headbutt;ground|dragon;;;560;Gamberro;1,1;30;rojo;50;no;Se protege de los ataques con la muda de su piel mientras reparte patadas. Cuanto mayor es su cresta, más se le respeta.
sigilyph;Sigilyph;psychic|flying;72;58;80;103;80;97;wonder_skin;magic_guard;tinted_lens;medium_fast;172;45;sp_attack:2;1:gust|1:miracle_eye|4:hypnosis|8:psywave|11:tailwind|14:whirlwind|18:psybeam|21:air_cutter|24:light_screen|28:reflect|31:synchronoise|34:mirror_move|38:gravity|41:air_slash|44:psychic|48:cosmic_power|51:sky_attack;aerial_ace|attract|calm_mind|charge_beam|double_team|dream_eater|energy_ball|facade|flash|flash_cannon|fly|frustration|hidden_power|hyper_beam|ice_beam|light_screen|pluck|protect|psych_up|psychic|psyshock|rain_dance|reflect|rest|return|round|safeguard|shadow_ball|smack_down|solar_beam|substitute|swagger|telekinesis|thief|thunder_wave|toxic|trick_room;dark_pulse|gravity|heat_wave|icy_wind|magic_coat|magic_room|roost|signal_beam|skill_swap|sky_attack|sleep_talk|snore|tailwind|trick|zen_headbutt;ancient_power|psycho_shift|roost|skill_swap|steel_wing|stored_power;flying;;;561;Pseudopájaro;1,4;14;negro;50;no;Fue la deidad protectora de una ciudad milenaria. Ataca con su poder psíquico a los enemigos que invaden su territorio.
yamask;Yamask;ghost;38;30;85;55;65;30;mummy;;;medium_fast;61;190;defense:1;1:astonish|1:protect|5:disable|9:haze|13:night_shade|17:hex|21:will_o_wisp|25:ominous_wind|29:curse|33:power_split|33:guard_split|37:shadow_ball|41:grudge|45:mean_look|49:destiny_bond;attract|calm_mind|double_team|dream_eater|embargo|energy_ball|facade|flash|frustration|hidden_power|payback|protect|psych_up|psychic|rain_dance|rest|return|round|safeguard|shadow_ball|substitute|swagger|telekinesis|thief|toxic|trick_room|will_o_wisp;after_you|block|dark_pulse|iron_defense|knock_off|magic_coat|pain_split|role_play|skill_swap|sleep_talk|snatch|snore|spite|trick|wonder_room;disable|endure|fake_tears|heal_block|imprison|memento|nasty_plot|nightmare;mineral|indeterminate;cofagrigus@34;;562;Espíritu;0,5;1,5;negro;50;no;Almas de humanos sepultados en tumbas que han adquirido forma de Pokémon. Recuerdan su vida antes de la muerte.
cofagrigus;Cofagrigus;ghost;58;50;145;95;105;30;mummy;;;medium_fast;169;90;defense:2;1:astonish|1:protect|1:disable|1:haze|13:night_shade|17:hex|21:will_o_wisp|25:ominous_wind|29:curse|33:power_split|33:guard_split|34:scary_face|39:shadow_ball|45:grudge|51:mean_look|57:destiny_bond;attract|calm_mind|double_team|dream_eater|embargo|energy_ball|facade|flash|frustration|giga_impact|grass_knot|hidden_power|hyper_beam|payback|protect|psych_up|psychic|rain_dance|rest|return|round|safeguard|shadow_ball|substitute|swagger|telekinesis|thief|toxic|trick_room|will_o_wisp;after_you|block|dark_pulse|iron_defense|knock_off|magic_coat|pain_split|role_play|skill_swap|sleep_talk|snatch|snore|spite|trick|wonder_room;disable|endure|fake_tears|heal_block|imprison|memento|nasty_plot|nightmare;mineral|indeterminate;;;563;Sepultura;1,7;76,5;amarillo;50;no;Se comenta que engulle a todo humano que se le acerca y lo momifica. Su comida favorita son las pepitas de oro.
tirtouga;Tirtouga;water|rock;54;78;103;53;45;22;solid_rock;sturdy;swift_swim;medium_fast;71;45;defense:1;1:bide|1:withdraw|1:water_gun|5:rollout|8:bite|11:protect|15:aqua_jet|18:ancient_power|21:crunch|25:wide_guard|28:brine|31:smack_down|35:curse|38:shell_smash|41:aqua_tail|45:rock_slide|48:rain_dance|51:hydro_pump;attract|blizzard|bulldoze|dig|dive|double_team|earthquake|facade|frustration|hidden_power|ice_beam|protect|rain_dance|rest|return|rock_polish|rock_slide|rock_smash|rock_tomb|round|sandstorm|scald|smack_down|stone_edge|strength|substitute|surf|swagger|toxic|waterfall;aqua_tail|block|earth_power|icy_wind|iron_defense|iron_tail|sleep_talk|snore|stealth_rock;bide|body_slam|flail|iron_defense|knock_off|rock_throw|slam|water_pulse|whirlpool;water1|water3;carracosta@37;;564;Pretortuga;0,7;16,5;azul;12,5;no;Ya pululaba por las aguas hace 100 millones de años. También va a tierra a veces en busca de alimento.
carracosta;Carracosta;water|rock;74;108;133;83;65;32;solid_rock;sturdy;swift_swim;medium_fast;173;45;defense:2;1:bide|1:withdraw|1:water_gun|1:rollout|8:bite|11:protect|15:aqua_jet|18:ancient_power|21:crunch|25:wide_guard|28:brine|31:smack_down|35:curse|40:shell_smash|45:aqua_tail|51:rock_slide|56:rain_dance|61:hydro_pump;attract|blizzard|bulldoze|dig|dive|double_team|earthquake|facade|focus_blast|frustration|giga_impact|hidden_power|hyper_beam|ice_beam|protect|rain_dance|rest|return|rock_polish|rock_slide|rock_smash|rock_tomb|round|sandstorm|scald|smack_down|stone_edge|strength|substitute|surf|swagger|toxic|waterfall;aqua_tail|block|earth_power|icy_wind|iron_defense|iron_head|iron_tail|low_kick|sleep_talk|snore|stealth_rock|superpower;bide|body_slam|flail|iron_defense|knock_off|rock_throw|slam|water_pulse|whirlpool;water1|water3;;;565;Pretortuga;1,2;81;azul;12,5;no;Vive en el mar y en la superficie. Sus garras pueden abrir un agujero en el fondo de un petrolero.
archen;Archen;rock|flying;55;112;45;74;45;70;defeatist;;;medium_fast;71;45;attack:1;1:quick_attack|1:leer|1:wing_attack|5:rock_throw|8:double_team|11:scary_face|15:pluck|18:ancient_power|21:agility|25:quick_guard|28:acrobatics|31:dragon_breath|35:crunch|38:endeavor|41:u_turn|45:rock_slide|48:dragon_claw|51:thrash;acrobatics|aerial_ace|attract|bulldoze|cut|dig|double_team|dragon_claw|earthquake|facade|frustration|hidden_power|hone_claws|pluck|protect|rest|return|roar|rock_polish|rock_slide|rock_smash|rock_tomb|round|sandstorm|shadow_claw|smack_down|stone_edge|substitute|swagger|taunt|torment|toxic|u_turn;aqua_tail|bounce|dragon_pulse|earth_power|endeavor|heat_wave|iron_defense|iron_tail|roost|sleep_talk|snore|stealth_rock|tailwind|uproar;bite|defog|dragon_pulse|earth_power|head_smash|knock_off|steel_wing;flying|water3;archeops@37;;566;Protopájaro;0,5;9,5;amarillo;12,5;no;Pokémon que renació de un fósil. Dicen que es el antepasado de todos los Pokémon pájaro.
archeops;Archeops;rock|flying;75;140;65;112;65;110;defeatist;;;medium_fast;177;45;attack:2;1:quick_attack|1:leer|1:wing_attack|1:rock_throw|8:double_team|11:scary_face|15:pluck|18:ancient_power|21:agility|25:quick_guard|28:acrobatics|31:dragon_breath|35:crunch|40:endeavor|45:u_turn|51:rock_slide|56:dragon_claw|61:thrash;acrobatics|aerial_ace|attract|bulldoze|cut|dig|double_team|dragon_claw|dragon_tail|earthquake|facade|fly|focus_blast|frustration|giga_impact|hidden_power|hone_claws|hyper_beam|pluck|protect|rest|return|roar|rock_polish|rock_slide|rock_smash|rock_tomb|round|sandstorm|shadow_claw|smack_down|stone_edge|substitute|swagger|taunt|torment|toxic|u_turn;aqua_tail|bounce|dragon_pulse|earth_power|endeavor|heat_wave|iron_defense|iron_tail|outrage|roost|sky_attack|sleep_talk|snore|stealth_rock|tailwind|uproar;bite|defog|dragon_pulse|earth_power|head_smash|knock_off|steel_wing;flying|water3;;;567;Protopájaro;1,4;32;amarillo;12,5;no;Levanta el vuelo tras coger carrerilla. Coopera con sus compañeros de bandada para atrapar a sus presas.
trubbish;Trubbish;poison;50;50;62;40;62;65;stench;sticky_hold;aftermath;medium_fast;66;190;speed:1;1:pound|1:poison_gas|3:recycle|7:toxic_spikes|12:acid_spray|14:double_slap|18:sludge|23:stockpile|23:swallow|25:take_down|29:sludge_bomb|34:clear_smog|36:toxic|40:amnesia|45:gunk_shot|47:explosion;attract|double_team|explosion|facade|frustration|hidden_power|payback|protect|rain_dance|rest|return|round|sludge_bomb|sludge_wave|substitute|sunny_day|swagger|thief|toxic|venoshock;dark_pulse|drain_punch|giga_drain|gunk_shot|pain_split|recycle|seed_bomb|sleep_talk|snore|spite;curse|haze|mud_sport|rock_blast|rollout|sand_attack|self_destruct|spikes;mineral;garbodor@36;;568;Bolsa Basura;0,6;31;verde;50;no;Pokémon nacido de la reacción química entre una bolsa de basura y residuos industriales.
garbodor;Garbodor;poison;80;95;82;60;82;75;stench;weak_armor;aftermath;medium_fast;166;60;attack:2;1:pound|1:poison_gas|1:recycle|1:toxic_spikes|12:acid_spray|14:double_slap|18:sludge|23:stockpile|23:swallow|25:body_slam|29:sludge_bomb|34:clear_smog|39:toxic|46:amnesia|54:gunk_shot|59:explosion;attract|double_team|explosion|facade|fling|focus_blast|frustration|giga_impact|hidden_power|hyper_beam|payback|protect|psychic|rain_dance|rest|return|rock_polish|round|sludge_bomb|sludge_wave|smack_down|solar_beam|substitute|sunny_day|swagger|thief|thunderbolt|toxic|venoshock;dark_pulse|drain_punch|giga_drain|gunk_shot|pain_split|recycle|seed_bomb|sleep_talk|snore|spite;curse|haze|mud_sport|rock_blast|rollout|sand_attack|self_destruct|spikes;mineral;;;569;Vertedero;1,9;107,3;verde;50;no;Apresa a su rival con el brazo izquierdo y le da el golpe de gracia exhalando por la boca un apestoso gas venenoso.
zorua;Zorua;dark;40;65;40;80;40;65;illusion;;;medium_slow;66;75;sp_attack:1;1:scratch|1:leer|5:pursuit|9:fake_tears|13:fury_swipes|17:feint_attack|21:scary_face|25:taunt|29:foul_play|33:torment|37:agility|41:embargo|45:punishment|49:nasty_plot|53:imprison|57:night_daze;aerial_ace|attract|calm_mind|cut|dig|double_team|embargo|facade|fling|frustration|grass_knot|hidden_power|hone_claws|incinerate|payback|protect|psych_up|rain_dance|rest|retaliate|return|roar|round|shadow_ball|snarl|substitute|sunny_day|swagger|swords_dance|taunt|thief|torment|toxic|u_turn;bounce|covet|dark_pulse|foul_play|hyper_voice|knock_off|sleep_talk|snatch|snore|spite|trick|uproar;captivate|counter|dark_pulse|detect|extrasensory|memento|snatch|sucker_punch;ground;zoroark@30;;570;Zorro Pillo;0,7;12,5;gris;12,5;no;Adopta la apariencia de su enemigo para engañarlo vilmente y aprovecha su estupor para poner tierra por medio.
zoroark;Zoroark;dark;60;105;60;120;60;105;illusion;;;medium_slow;179;45;sp_attack:2;1:u_turn|1:scratch|1:leer|1:pursuit|1:hone_claws|13:fury_swipes|17:feint_attack|21:scary_face|25:taunt|29:foul_play|30:night_slash|34:torment|39:agility|44:embargo|49:punishment|54:nasty_plot|59:imprison|64:night_daze;aerial_ace|attract|calm_mind|cut|dig|double_team|embargo|facade|flamethrower|fling|focus_blast|frustration|giga_impact|grass_knot|hidden_power|hone_claws|hyper_beam|incinerate|low_sweep|payback|protect|psych_up|rain_dance|rest|retaliate|return|roar|rock_smash|round|shadow_ball|shadow_claw|snarl|substitute|sunny_day|swagger|swords_dance|taunt|thief|torment|toxic|u_turn;bounce|covet|dark_pulse|foul_play|hyper_voice|knock_off|low_kick|sleep_talk|snatch|snore|spite|trick|uproar;captivate|counter|dark_pulse|detect|extrasensory|memento|snatch|sucker_punch;ground;;;571;Disfrazorro;1,6;81,1;gris;12,5;no;Tiene la facultad de confundir a muchos humanos a la vez. Protege su guarida creando un paisaje ilusorio.
minccino;Minccino;normal;55;50;40;40;40;75;cute_charm;technician;skill_link;fast;60;255;speed:1;1:pound|3:growl|7:helping_hand|9:tickle|13:double_slap|15:encore|19:swift|21:sing|25:tail_slap|27:charm|31:wake_up_slap|33:echoed_voice|37:slam|39:captivate|43:hyper_voice|45:last_resort|49:after_you;attract|calm_mind|dig|double_team|echoed_voice|facade|fling|frustration|grass_knot|hidden_power|protect|rain_dance|rest|retaliate|return|round|safeguard|substitute|sunny_day|swagger|thief|thunder_wave|thunderbolt|toxic|u_turn|work_up;after_you|aqua_tail|covet|gunk_shot|helping_hand|hyper_voice|iron_tail|knock_off|last_resort|seed_bomb|sleep_talk|snore|uproar;aqua_tail|endure|fake_tears|flail|iron_tail|knock_off|mud_slap|sleep_talk|tail_whip;ground;cinccino@objeto:shiny_stone;;572;Chinchilla;0,4;5,8;gris;75;no;Se saludan entre sí frotándose con la cola y limpiándose a conciencia.
cinccino;Cinccino;normal;75;95;60;65;60;115;cute_charm;technician;skill_link;fast;165;60;speed:2;1:bullet_seed|1:rock_blast|1:helping_hand|1:tickle|1:sing|1:tail_slap;attract|calm_mind|dig|double_team|echoed_voice|facade|fling|focus_blast|frustration|giga_impact|grass_knot|hidden_power|hyper_beam|light_screen|protect|rain_dance|rest|retaliate|return|round|safeguard|substitute|sunny_day|swagger|thief|thunder|thunder_wave|thunderbolt|toxic|u_turn|work_up;after_you|aqua_tail|covet|gunk_shot|helping_hand|hyper_voice|iron_tail|knock_off|last_resort|seed_bomb|sleep_talk|snore|uproar;aqua_tail|endure|fake_tears|flail|iron_tail|knock_off|mud_slap|sleep_talk|tail_whip;ground;;;573;Estola;0,5;7,5;gris;75;no;El pelo que cubre su cuerpo proporciona una agradable sensación al tocarlo. No acumula ni polvo ni electricidad estática.
gothita;Gothita;psychic;45;30;50;55;65;45;frisk;competitive;shadow_tag;medium_slow;58;200;sp_defense:1;1:pound|3:confusion|7:tickle|10:fake_tears|14:double_slap|16:psybeam|19:embargo|24:feint_attack|25:psyshock|28:flatter|31:future_sight|33:heal_block|37:psychic|40:telekinesis|46:charm|48:magic_room;attract|calm_mind|charge_beam|double_team|dream_eater|embargo|energy_ball|facade|flash|fling|frustration|grass_knot|hidden_power|light_screen|payback|protect|psych_up|psychic|psyshock|rain_dance|reflect|rest|return|rock_slide|rock_tomb|round|safeguard|shadow_ball|substitute|swagger|taunt|telekinesis|thief|thunder_wave|thunderbolt|torment|toxic|trick_room;covet|foul_play|gravity|heal_bell|helping_hand|magic_coat|magic_room|recycle|role_play|signal_beam|skill_swap|sleep_talk|snatch|snore|trick|uproar|zen_headbutt;captivate|dark_pulse|mean_look|miracle_eye|mirror_coat|uproar;humanshape;gothorita@32;;574;Inquisitivo;0,4;5,8;morado;75;no;Amplifica su poder psíquico con sus antenitas en forma de lazo. Siempre está mirando algo fijamente.
gothorita;Gothorita;psychic;60;45;70;75;85;55;frisk;competitive;shadow_tag;medium_slow;137;100;sp_defense:2;1:pound|1:confusion|1:tickle|1:fake_tears|14:double_slap|16:psybeam|19:embargo|24:feint_attack|25:psyshock|28:flatter|31:future_sight|34:heal_block|39:psychic|43:telekinesis|50:charm|53:magic_room;attract|calm_mind|charge_beam|double_team|dream_eater|embargo|energy_ball|facade|flash|fling|frustration|grass_knot|hidden_power|light_screen|payback|protect|psych_up|psychic|psyshock|rain_dance|reflect|rest|return|rock_slide|rock_tomb|round|safeguard|shadow_ball|substitute|swagger|taunt|telekinesis|thief|thunder_wave|thunderbolt|torment|toxic|trick_room;covet|foul_play|gravity|heal_bell|helping_hand|magic_coat|magic_room|recycle|role_play|signal_beam|skill_swap|sleep_talk|snatch|snore|trick|uproar|zen_headbutt;captivate|dark_pulse|mean_look|miracle_eye|mirror_coat|uproar;humanshape;gothitelle@41;;575;Manipulador;0,7;18;morado;75;no;La luz de las estrellas origina su poder. De noche, marca su posición haciendo levitar piedras con su poder psíquico.
gothitelle;Gothitelle;psychic;70;55;95;95;110;65;frisk;competitive;shadow_tag;medium_slow;221;50;sp_defense:3;1:pound|1:confusion|1:tickle|1:fake_tears|14:double_slap|16:psybeam|19:embargo|24:feint_attack|25:psyshock|28:flatter|31:future_sight|34:heal_block|39:psychic|45:telekinesis|54:charm|59:magic_room;attract|brick_break|calm_mind|charge_beam|double_team|dream_eater|embargo|energy_ball|facade|flash|fling|frustration|giga_impact|grass_knot|hidden_power|hyper_beam|light_screen|low_sweep|payback|protect|psych_up|psychic|psyshock|rain_dance|reflect|rest|return|rock_slide|rock_tomb|round|safeguard|shadow_ball|substitute|swagger|taunt|telekinesis|thief|thunder_wave|thunderbolt|torment|toxic|trick_room;covet|foul_play|gravity|heal_bell|helping_hand|magic_coat|magic_room|recycle|role_play|signal_beam|skill_swap|sleep_talk|snatch|snore|trick|uproar|zen_headbutt;captivate|dark_pulse|mean_look|miracle_eye|mirror_coat|uproar;humanshape;;;576;Astro;1,5;44;morado;75;no;Su inmenso poder psíquico distorsiona el espacio y le permite reflejar incluso estrellas a años luz de distancia.
solosis;Solosis;psychic;45;30;40;105;50;20;overcoat;magic_guard;regenerator;medium_slow;58;200;sp_attack:1;1:psywave|3:reflect|7:rollout|10:snatch|14:hidden_power|16:light_screen|19:charm|24:recover|25:psyshock|28:endeavor|31:future_sight|33:pain_split|37:psychic|40:skill_swap|46:heal_block|48:wonder_room;attract|calm_mind|double_team|dream_eater|embargo|energy_ball|explosion|facade|flash|flash_cannon|frustration|gyro_ball|hidden_power|light_screen|protect|psych_up|psychic|psyshock|rain_dance|reflect|rest|return|rock_slide|rock_tomb|round|safeguard|shadow_ball|substitute|swagger|telekinesis|thunder|thunder_wave|toxic|trick_room;after_you|endeavor|gravity|magic_coat|pain_split|role_play|signal_beam|skill_swap|sleep_talk|snatch|snore|trick|wonder_room|zen_headbutt;acid_armor|astonish|confuse_ray|imprison|night_shade|secret_power|trick;indeterminate;duosion@32;;577;Célula;0,3;1;verde;50;no;Gracias a la sustancia viscosa que envuelve su cuerpo, permanece tranquilo por dura o rigurosa que sea la situación.
duosion;Duosion;psychic;65;40;50;125;60;30;overcoat;magic_guard;regenerator;medium_slow;130;100;sp_attack:2;1:psywave|1:reflect|1:rollout|1:snatch|14:hidden_power|16:light_screen|19:charm|24:recover|25:psyshock|28:endeavor|31:future_sight|34:pain_split|39:psychic|43:skill_swap|50:heal_block|53:wonder_room;attract|calm_mind|double_team|dream_eater|embargo|energy_ball|explosion|facade|flash|flash_cannon|frustration|gyro_ball|hidden_power|light_screen|protect|psych_up|psychic|psyshock|rain_dance|reflect|rest|return|rock_slide|rock_tomb|round|safeguard|shadow_ball|substitute|swagger|telekinesis|thunder|thunder_wave|toxic|trick_room;after_you|endeavor|gravity|magic_coat|pain_split|role_play|signal_beam|skill_swap|sleep_talk|snatch|snore|trick|wonder_room|zen_headbutt;acid_armor|astonish|confuse_ray|imprison|night_shade|secret_power|trick;indeterminate;reuniclus@41;;578;Mitosis;0,6;8;verde;50;no;Dado que su cerebro está dividido en dos, a veces tiene conflictos a la hora de decidir qué hacer.
reuniclus;Reuniclus;psychic;110;65;75;125;85;30;overcoat;magic_guard;regenerator;medium_slow;221;50;sp_attack:3;1:psywave|1:reflect|1:rollout|1:snatch|14:hidden_power|16:light_screen|19:charm|24:recover|25:psyshock|28:endeavor|31:future_sight|34:pain_split|39:psychic|41:dizzy_punch|45:skill_swap|54:heal_block|59:wonder_room;attract|calm_mind|double_team|dream_eater|embargo|energy_ball|explosion|facade|flash|flash_cannon|fling|focus_blast|frustration|giga_impact|grass_knot|gyro_ball|hidden_power|hyper_beam|light_screen|protect|psych_up|psychic|psyshock|rain_dance|reflect|rest|return|rock_slide|rock_smash|rock_tomb|round|safeguard|shadow_ball|strength|substitute|swagger|telekinesis|thunder|thunder_wave|toxic|trick_room;after_you|drain_punch|endeavor|fire_punch|gravity|helping_hand|ice_punch|knock_off|magic_coat|pain_split|role_play|signal_beam|skill_swap|sleep_talk|snatch|snore|superpower|thunder_punch|trick|wonder_room|zen_headbutt;acid_armor|astonish|confuse_ray|imprison|night_shade|secret_power|trick;indeterminate;;;579;Ampliación;1;20,1;verde;50;no;Hacen gala de su poder psíquico y mueven sus brazos compuestos de líquido para controlar rocas y hacerlas añicos.
ducklett;Ducklett;water|flying;62;44;50;44;50;55;keen_eye;big_pecks;hydration;medium_fast;61;190;hp:1;1:water_gun|3:water_sport|6:defog|9:wing_attack|13:water_pulse|15:aerial_ace|19:bubble_beam|21:feather_dance|24:aqua_ring|27:air_slash|30:roost|34:rain_dance|37:tailwind|41:brave_bird|46:hurricane;aerial_ace|attract|dive|double_team|facade|fly|frustration|hail|hidden_power|ice_beam|pluck|protect|rain_dance|rest|return|round|scald|substitute|surf|swagger|toxic;endeavor|icy_wind|roost|sleep_talk|snore|tailwind|uproar;air_cutter|brine|gust|lucky_chant|me_first|mirror_move|steel_wing;water1|flying;swanna@35;;580;Ave Agua;0,5;5,5;azul;50;no;Cuando se ve atacado, las plumas que lo recubren despiden ráfagas de agua que lo ayudan a escapar.
swanna;Swanna;water|flying;75;87;63;87;63;98;keen_eye;big_pecks;hydration;medium_fast;166;45;speed:2;1:water_gun|1:water_sport|1:defog|1:wing_attack|13:water_pulse|15:aerial_ace|19:bubble_beam|21:feather_dance|24:aqua_ring|27:air_slash|30:roost|34:rain_dance|40:tailwind|47:brave_bird|55:hurricane;aerial_ace|attract|dive|double_team|facade|fly|frustration|giga_impact|hail|hidden_power|hyper_beam|ice_beam|pluck|protect|rain_dance|rest|return|round|scald|substitute|surf|swagger|toxic;endeavor|icy_wind|roost|sky_attack|sleep_talk|snore|tailwind|uproar;air_cutter|brine|gust|lucky_chant|me_first|mirror_move|steel_wing;water1|flying;;;581;Cisne;1,3;24,2;blanco;50;no;Aunque no lo parezca por su grácil elegancia, puede batir con fuerza las alas y volar durante miles de kilómetros.
vanillite;Vanillite;ice;36;50;50;65;60;44;ice_body;snow_cloak;weak_armor;slow;61;255;sp_attack:1;1:icicle_spear|4:harden|7:astonish|10:uproar|13:icy_wind|16:mist|19:avalanche|22:taunt|26:mirror_shot|31:acid_armor|35:ice_beam|40:hail|44:mirror_coat|49:blizzard|53:sheer_cold;attract|blizzard|double_team|explosion|facade|flash_cannon|frost_breath|frustration|hail|hidden_power|ice_beam|light_screen|protect|rain_dance|rest|return|round|substitute|swagger|taunt|toxic;icy_wind|iron_defense|magic_coat|magnet_rise|signal_beam|sleep_talk|snore|uproar;autotomize|ice_shard|imprison|iron_defense|magnet_rise|natural_gift|powder_snow|water_pulse;mineral;vanillish@35;;582;Nieve Fresca;0,4;5,7;blanco;50;no;Lanza un aliento de -50 °C. Crea bloques de nieve y es capaz de lograr que nieve a su alrededor.
vanillish;Vanillish;ice;51;65;65;80;75;59;ice_body;snow_cloak;weak_armor;slow;138;120;sp_attack:2;1:icicle_spear|1:harden|1:astonish|1:uproar|13:icy_wind|16:mist|19:avalanche|22:taunt|26:mirror_shot|31:acid_armor|36:ice_beam|42:hail|47:mirror_coat|53:blizzard|58:sheer_cold;attract|blizzard|double_team|explosion|facade|flash_cannon|frost_breath|frustration|hail|hidden_power|ice_beam|light_screen|protect|rain_dance|rest|return|round|substitute|swagger|taunt|toxic;icy_wind|iron_defense|magic_coat|magnet_rise|signal_beam|sleep_talk|snore|uproar;autotomize|ice_shard|imprison|iron_defense|magnet_rise|natural_gift|powder_snow|water_pulse;mineral;vanilluxe@47;;583;Nieve Helada;1,1;41;blanco;50;no;Enfrían el aire a su alrededor y crean partículas de hielo mediante las cuales congelan a sus oponentes.
vanilluxe;Vanilluxe;ice;71;95;85;110;95;79;ice_body;snow_warning;weak_armor;slow;241;45;sp_attack:3;1:weather_ball|1:icicle_spear|1:harden|1:astonish|1:uproar|13:icy_wind|16:mist|19:avalanche|22:taunt|26:mirror_shot|31:acid_armor|36:ice_beam|42:hail|50:mirror_coat|59:blizzard|67:sheer_cold;attract|blizzard|double_team|explosion|facade|flash_cannon|frost_breath|frustration|giga_impact|hail|hidden_power|hyper_beam|ice_beam|light_screen|protect|rain_dance|rest|return|round|substitute|swagger|taunt|toxic;icy_wind|iron_defense|magic_coat|magnet_rise|signal_beam|sleep_talk|snore|uproar;autotomize|ice_shard|imprison|iron_defense|magnet_rise|natural_gift|powder_snow|water_pulse;mineral;;;584;Nieve Gélida;1,3;57,5;blanco;50;no;Si sus dos cabezas se irritan al mismo tiempo, genera una ventisca desde su cuerno cubriendo su entorno con nieve.
deerling;Deerling;normal|grass;60;60;50;40;50;75;chlorophyll;sap_sipper;serene_grace;medium_fast;67;190;speed:1;1:tackle|1:camouflage|4:growl|7:sand_attack|10:double_kick|13:leech_seed|16:feint_attack|20:take_down|24:jump_kick|28:aromatherapy|32:energy_ball|36:charm|41:nature_power|46:double_edge|51:solar_beam;attract|double_team|echoed_voice|energy_ball|facade|flash|frustration|grass_knot|hidden_power|light_screen|protect|rain_dance|rest|retaliate|return|round|safeguard|shadow_ball|solar_beam|substitute|sunny_day|swagger|thunder_wave|toxic|wild_charge|work_up;bounce|giga_drain|last_resort|seed_bomb|sleep_talk|snore|synthesis|worry_seed;agility|baton_pass|fake_tears|grass_whistle|natural_gift|odor_sleuth|sleep_talk|synthesis|worry_seed;ground;sawsbuck@34;;585;Estacional;0,6;19,5;rosa;50;no;El color de su cuerpo cambia no solo con las estaciones, sino también con los cambios de humedad y temperatura.
sawsbuck;Sawsbuck;normal|grass;80;100;70;60;70;95;chlorophyll;sap_sipper;serene_grace;medium_fast;166;75;attack:2;1:megahorn|1:tackle|1:camouflage|1:growl|1:sand_attack|10:double_kick|13:leech_seed|16:feint_attack|20:take_down|24:jump_kick|28:aromatherapy|32:energy_ball|36:charm|37:horn_leech|44:nature_power|52:double_edge|60:solar_beam;attract|cut|double_team|echoed_voice|energy_ball|facade|flash|frustration|giga_impact|grass_knot|hidden_power|hyper_beam|light_screen|protect|rain_dance|rest|retaliate|return|rock_smash|round|safeguard|shadow_ball|solar_beam|substitute|sunny_day|swagger|swords_dance|thunder_wave|toxic|wild_charge|work_up;bounce|giga_drain|last_resort|seed_bomb|sleep_talk|snore|synthesis|worry_seed;agility|baton_pass|fake_tears|grass_whistle|natural_gift|odor_sleuth|sleep_talk|synthesis|worry_seed;ground;;;586;Estacional;1,9;92,5;marrón;50;no;Cambia de morada dependiendo de las estaciones. Observando sus cuernos, la gente sabe cuándo estas van a cambiar.
emolga;Emolga;electric|flying;55;75;60;75;60;103;static;;motor_drive;medium_fast;150;200;speed:2;1:thunder_shock|4:quick_attack|7:tail_whip|10:charge|13:spark|16:pursuit|19:double_team|22:shock_wave|26:electro_ball|30:acrobatics|34:light_screen|38:encore|42:volt_switch|46:agility|50:discharge;acrobatics|aerial_ace|attract|charge_beam|cut|double_team|facade|flash|fling|frustration|hidden_power|light_screen|protect|rain_dance|rest|return|round|substitute|swagger|taunt|thunder|thunder_wave|thunderbolt|toxic|u_turn|volt_switch|wild_charge;covet|helping_hand|iron_tail|knock_off|last_resort|roost|signal_beam|sleep_talk|snore|tailwind;air_slash|astonish|baton_pass|charm|covet|iron_tail|roost|shock_wave|tickle;ground;;;587;Vuelardilla;0,4;5;blanco;50;no;Vive en la copa de los árboles. Produce descargas mientras vuela con el interior de la membrana que hace de capa.
karrablast;Karrablast;bug;50;75;45;40;45;60;swarm;shed_skin;no_guard;medium_fast;63;200;attack:1;1:peck|4:leer|8:endure|13:fury_cutter|16:fury_attack|20:headbutt|25:false_swipe|28:bug_buzz|32:slash|37:take_down|40:scary_face|44:x_scissor|49:flail|52:swords_dance|56:double_edge;aerial_ace|attract|cut|double_team|energy_ball|facade|false_swipe|frustration|hidden_power|poison_jab|protect|rain_dance|rest|return|round|struggle_bug|substitute|swagger|swords_dance|toxic|x_scissor;bug_bite|giga_drain|iron_defense|knock_off|sleep_talk|snore;bug_bite|counter|feint_attack|horn_attack|knock_off|megahorn|pursuit|screech;bug;escavalier@intercambio;;588;Bocado;0,5;5,9;azul;50;no;Si recibe un estímulo eléctrico al estar en contacto con un Shelmet, evoluciona.
escavalier;Escavalier;bug|steel;70;135;105;60;105;20;swarm;shell_armor;overcoat;medium_fast;173;75;attack:2;1:peck|1:leer|1:quick_guard|1:twineedle|16:fury_attack|20:headbutt|25:false_swipe|28:bug_buzz|32:slash|37:iron_head|40:iron_defense|44:x_scissor|49:reversal|52:swords_dance|56:giga_impact;aerial_ace|attract|cut|double_team|energy_ball|facade|false_swipe|focus_blast|frustration|giga_impact|hidden_power|hyper_beam|poison_jab|protect|rain_dance|rest|return|rock_smash|round|struggle_bug|substitute|swagger|swords_dance|toxic|x_scissor;bug_bite|giga_drain|iron_defense|iron_head|knock_off|sleep_talk|snore;bug_bite|counter|feint_attack|horn_attack|knock_off|megahorn|pursuit|screech;bug;;;589;Soldado;1;33;gris;50;no;Se defienden de los ataques con el caparazón que roban a los Shelmet. Atacan con sus dos mortíferas lanzas.
foongus;Foongus;grass|poison;69;55;45;55;55;15;effect_spore;;regenerator;medium_fast;59;190;hp:1;1:absorb|6:growth|8:astonish|12:bide|15:mega_drain|18:ingrain|20:feint_attack|24:sweet_scent|28:giga_drain|32:toxic|35:synthesis|39:clear_smog|43:solar_beam|45:rage_powder|50:spore;attract|double_team|energy_ball|facade|flash|frustration|grass_knot|hidden_power|payback|protect|rain_dance|rest|return|round|sludge_bomb|solar_beam|substitute|sunny_day|swagger|toxic|venoshock;after_you|foul_play|gastro_acid|giga_drain|seed_bomb|sleep_talk|snore|synthesis|worry_seed;body_slam|defense_curl|endure|gastro_acid|growth|poison_powder|rollout|stun_spore;plant;amoonguss@39;;590;Hongo;0,2;1;blanco;50;no;Gracias a su misterioso parecido a una Poké Ball, atrae a sus presas y lanza rápidamente esporas de veneno.
amoonguss;Amoonguss;grass|poison;114;85;70;85;80;30;effect_spore;;regenerator;medium_fast;162;75;hp:2;1:absorb|1:growth|1:astonish|1:bide|15:mega_drain|18:ingrain|20:feint_attack|24:sweet_scent|28:giga_drain|32:toxic|35:synthesis|43:clear_smog|49:solar_beam|54:rage_powder|62:spore;attract|double_team|energy_ball|facade|flash|frustration|giga_impact|grass_knot|hidden_power|hyper_beam|payback|protect|rain_dance|rest|return|round|sludge_bomb|solar_beam|substitute|sunny_day|swagger|toxic|venoshock;after_you|foul_play|gastro_acid|giga_drain|seed_bomb|sleep_talk|snore|synthesis|worry_seed;body_slam|defense_curl|endure|gastro_acid|growth|poison_powder|rollout|stun_spore;plant;;;591;Hongo;0,6;10,5;blanco;50;no;Aunque intenta pasar por parte superior de una Poké Ball para atraer a sus presas, consigue engañar a pocos.
frillish;Frillish;water|ghost;55;40;50;65;85;40;water_absorb;cursed_body;damp;medium_fast;67;190;sp_defense:1;1:bubble|1:water_sport|5:absorb|9:night_shade|13:bubble_beam|17:recover|22:water_pulse|27:ominous_wind|32:brine|37:rain_dance|43:hex|49:hydro_pump|55:wring_out|61:water_spout;attract|blizzard|dive|double_team|dream_eater|energy_ball|facade|flash|frustration|hail|hidden_power|ice_beam|protect|psych_up|psychic|rain_dance|rest|return|round|safeguard|scald|shadow_ball|sludge_bomb|sludge_wave|substitute|surf|swagger|taunt|toxic|trick_room|waterfall|will_o_wisp;bind|dark_pulse|giga_drain|icy_wind|magic_coat|pain_split|sleep_talk|snore|spite|trick;acid_armor|confuse_ray|constrict|mist|pain_split|recover;indeterminate;jellicent@40;;592;Ingrávido;1,2;33;blanco;50;no;Paraliza a sus presas con veneno y las lleva a su morada, que se encuentra a 8000 m en el fondo del mar.
jellicent;Jellicent;water|ghost;100;60;70;85;105;60;water_absorb;cursed_body;damp;medium_fast;168;60;sp_defense:2;1:bubble|1:water_sport|1:absorb|1:night_shade|13:bubble_beam|17:recover|22:water_pulse|27:ominous_wind|32:brine|37:rain_dance|45:hex|53:hydro_pump|61:wring_out|69:water_spout;attract|blizzard|dive|double_team|dream_eater|energy_ball|facade|flash|frustration|giga_impact|hail|hidden_power|hyper_beam|ice_beam|protect|psych_up|psychic|rain_dance|rest|return|round|safeguard|scald|shadow_ball|sludge_bomb|sludge_wave|substitute|surf|swagger|taunt|toxic|trick_room|waterfall|will_o_wisp;bind|dark_pulse|giga_drain|icy_wind|magic_coat|pain_split|sleep_talk|snore|spite|trick;acid_armor|confuse_ray|constrict|mist|pain_split|recover;indeterminate;;;593;Ingrávido;2,2;135;blanco;50;no;Su cuerpo se compone de agua salada. Dicen que ha construido un palacio en el fondo del mar con restos de barcos.
alomomola;Alomomola;water;165;75;80;40;45;65;healer;hydration;regenerator;fast;165;75;hp:2;1:pound|1:water_sport|5:aqua_ring|9:aqua_jet|13:double_slap|17:heal_pulse|21:protect|25:water_pulse|29:wake_up_slap|33:soak|37:wish|41:brine|45:safeguard|49:helping_hand|53:wide_guard|57:healing_wish|61:hydro_pump;attract|blizzard|calm_mind|dive|double_team|facade|frustration|hail|hidden_power|ice_beam|light_screen|protect|psych_up|psychic|rain_dance|rest|return|round|safeguard|scald|shadow_ball|substitute|surf|swagger|toxic|waterfall;bounce|helping_hand|icy_wind|knock_off|magic_coat|pain_split|sleep_talk|snore;endure|mirror_coat|mist|pain_split|refresh|tickle;water1|water2;;;594;Socorrista;1,2;31,6;rosa;50;no;Vive flotando a la deriva en mar abierto. Siempre que encuentra un Pokémon herido, lo abraza y lo lleva a la costa.
joltik;Joltik;bug|electric;50;47;50;57;50;65;compound_eyes;unnerve;swarm;medium_fast;64;190;speed:1;1:string_shot|1:leech_life|1:spider_web|4:thunder_wave|7:screech|12:fury_cutter|15:electroweb|18:bug_bite|23:gastro_acid|26:slash|29:electro_ball|34:signal_beam|37:agility|40:sucker_punch|45:discharge|48:bug_buzz;attract|charge_beam|cut|double_team|energy_ball|facade|flash|frustration|hidden_power|light_screen|poison_jab|protect|rain_dance|rest|return|round|struggle_bug|substitute|swagger|thief|thunder_wave|thunderbolt|toxic|volt_switch|wild_charge|x_scissor;bounce|bug_bite|electroweb|gastro_acid|giga_drain|magnet_rise|signal_beam|sleep_talk|snore;cross_poison|disable|feint_attack|pin_missile|poison_sting|pursuit|rock_climb;bug;galvantula@36;;595;Lapa;0,1;0,6;amarillo;50;no;No puede generar electricidad por sí mismo, así que se encarama a Pokémon grandes y absorbe su energía estática.
galvantula;Galvantula;bug|electric;70;77;60;97;60;108;compound_eyes;unnerve;swarm;medium_fast;165;75;speed:2;1:string_shot|1:leech_life|1:spider_web|1:thunder_wave|7:screech|12:fury_cutter|15:electroweb|18:bug_bite|23:gastro_acid|26:slash|29:electro_ball|34:signal_beam|40:agility|46:sucker_punch|54:discharge|60:bug_buzz;attract|charge_beam|cut|double_team|energy_ball|facade|flash|frustration|giga_impact|hidden_power|hyper_beam|light_screen|poison_jab|protect|rain_dance|rest|return|round|struggle_bug|substitute|swagger|thief|thunder|thunder_wave|thunderbolt|toxic|volt_switch|wild_charge|x_scissor;bounce|bug_bite|electroweb|gastro_acid|giga_drain|magnet_rise|signal_beam|sleep_talk|snore;cross_poison|disable|feint_attack|pin_missile|poison_sting|pursuit|rock_climb;bug;;;596;Electroaraña;0,8;14,3;amarillo;50;no;Pone trampas con hilos electrificados. De este modo, electrocuta a sus enemigos y los inmoviliza por completo.
ferroseed;Ferroseed;grass|steel;44;50;91;24;86;10;iron_barbs;;;medium_fast;61;255;defense:1;1:tackle|1:harden|6:rollout|9:curse|14:metal_claw|18:pin_missile|21:gyro_ball|26:iron_defense|30:mirror_shot|35:ingrain|38:self_destruct|43:iron_head|47:payback|52:flash_cannon|55:explosion;double_team|energy_ball|explosion|facade|flash|flash_cannon|frustration|gyro_ball|hidden_power|hone_claws|payback|poison_jab|protect|rest|return|rock_polish|rock_smash|round|solar_beam|substitute|sunny_day|swagger|thunder_wave|thunderbolt|toxic;endeavor|giga_drain|gravity|iron_defense|iron_head|magnet_rise|seed_bomb|sleep_talk|snore|stealth_rock|worry_seed;bullet_seed|gravity|leech_seed|rock_climb|seed_bomb|spikes|stealth_rock|worry_seed;plant|mineral;ferrothorn@40;;597;Fruto Espina;0,6;18,8;gris;50;no;Lanza numerosas púas al detectar peligro. En cuanto tiene ocasión, echa a rodar y se escapa.
ferrothorn;Ferrothorn;grass|steel;74;94;131;54;116;20;iron_barbs;;anticipation;medium_fast;171;90;defense:2;1:rock_climb|1:tackle|1:harden|1:rollout|1:curse|14:metal_claw|18:pin_missile|21:gyro_ball|26:iron_defense|30:mirror_shot|35:ingrain|38:self_destruct|40:power_whip|46:iron_head|53:payback|61:flash_cannon|67:explosion;aerial_ace|bulldoze|cut|double_team|energy_ball|explosion|facade|flash|flash_cannon|frustration|giga_impact|grass_knot|gyro_ball|hidden_power|hone_claws|hyper_beam|payback|poison_jab|protect|rest|return|rock_polish|rock_smash|round|sandstorm|shadow_claw|solar_beam|strength|substitute|sunny_day|swagger|swords_dance|thunder|thunder_wave|thunderbolt|toxic;endeavor|giga_drain|gravity|iron_defense|iron_head|knock_off|magnet_rise|seed_bomb|sleep_talk|snore|stealth_rock|worry_seed;bullet_seed|gravity|leech_seed|rock_climb|seed_bomb|spikes|stealth_rock|worry_seed;plant|mineral;;;598;Bola Espina;1;110;gris;50;no;Azota al enemigo con sus tres tentáculos y después dispara púas hasta que no deja ni rastro del rival.
klink;Klink;steel;40;55;70;45;60;30;plus;minus;clear_body;medium_slow;60;130;defense:1;1:vice_grip|6:charge|11:thunder_shock|16:gear_grind|21:bind|26:charge_beam|31:autotomize|36:mirror_shot|39:screech|42:discharge|45:metal_sound|48:shift_gear|51:lock_on|54:zap_cannon|57:hyper_beam;charge_beam|double_team|facade|flash_cannon|frustration|hidden_power|hyper_beam|protect|rest|return|rock_polish|rock_smash|round|sandstorm|substitute|swagger|thunder_wave|thunderbolt|toxic|volt_switch|wild_charge;bind|gravity|iron_defense|magic_coat|magnet_rise|recycle|signal_beam|sleep_talk|snore|uproar;;mineral;klang@38;;599;Engranaje;0,3;21;gris;sin_genero;no;Genera la energía vital que necesita haciendo girar sus dos cuerpos.
klang;Klang;steel;60;80;95;70;85;50;plus;minus;clear_body;medium_slow;154;60;defense:2;1:vice_grip|1:charge|1:thunder_shock|1:gear_grind|21:bind|26:charge_beam|31:autotomize|36:mirror_shot|40:screech|44:discharge|48:metal_sound|52:shift_gear|56:lock_on|60:zap_cannon|64:hyper_beam;charge_beam|double_team|facade|flash_cannon|frustration|hidden_power|hyper_beam|protect|rest|return|rock_polish|rock_smash|round|sandstorm|substitute|swagger|thunder_wave|thunderbolt|toxic|volt_switch|wild_charge;bind|gravity|iron_defense|magic_coat|magnet_rise|recycle|signal_beam|sleep_talk|snore|uproar;;mineral;klinklang@49;;600;Engranaje;0,6;51;gris;sin_genero;no;Muestra sus sentimientos cambiando la dirección de su giro. Cuanto más se enfade, más rápido girará.
klinklang;Klinklang;steel;60;100;115;70;85;90;plus;minus;clear_body;medium_slow;234;30;defense:3;1:vice_grip|1:charge|1:thunder_shock|1:gear_grind|21:bind|25:charge_beam|31:autotomize|36:mirror_shot|40:screech|44:discharge|48:metal_sound|54:shift_gear|60:lock_on|66:zap_cannon|72:hyper_beam;charge_beam|double_team|facade|flash_cannon|frustration|giga_impact|hidden_power|hyper_beam|protect|rest|return|rock_polish|rock_smash|round|sandstorm|substitute|swagger|thunder|thunder_wave|thunderbolt|toxic|trick_room|volt_switch|wild_charge;bind|gravity|iron_defense|magic_coat|magnet_rise|recycle|signal_beam|sleep_talk|snore|uproar;;mineral;;;601;Engranaje;0,6;81;gris;sin_genero;no;Recarga su energía rápidamente haciendo girar con gran celeridad el engranaje equipado con un núcleo rojo.
tynamo;Tynamo;electric;35;55;40;45;40;60;levitate;;;slow;55;190;speed:1;1:tackle|1:thunder_wave|1:spark|1:charge_beam;;magnet_rise;;indeterminate;eelektrik@39;;602;Electropez;0,2;0,3;blanco;50;no;La electricidad de uno solo es diminuta, pero, si multitud de Tynamo se conectan, consiguen la potencia de un rayo.
eelektrik;Eelektrik;electric;65;85;70;75;70;40;levitate;;;slow;142;60;attack:2;1:headbutt|1:thunder_wave|1:spark|1:charge_beam|9:bind|19:acid|29:discharge|39:crunch|44:thunderbolt|49:acid_spray|54:coil|59:wild_charge|64:gastro_acid|69:zap_cannon|74:thrash;acrobatics|attract|charge_beam|double_team|facade|flash|flash_cannon|frustration|hidden_power|light_screen|protect|rain_dance|rest|return|round|substitute|swagger|thunder|thunder_wave|thunderbolt|toxic|u_turn|volt_switch|wild_charge;aqua_tail|bind|bounce|gastro_acid|giga_drain|iron_tail|knock_off|magnet_rise|signal_beam|sleep_talk|snore|super_fang;;indeterminate;eelektross@objeto:thunder_stone;;603;Electropez;1,2;22;azul;50;no;Se enrolla alrededor de su presa, la paraliza con la electricidad de sus marcas circulares y le asesta mordiscos.
eelektross;Eelektross;electric;85;115;80;105;80;50;levitate;;;slow;232;30;attack:3;1:crush_claw|1:headbutt|1:acid|1:discharge|1:crunch;acrobatics|attract|brick_break|charge_beam|cut|double_team|dragon_claw|dragon_tail|facade|flamethrower|flash|flash_cannon|frustration|giga_impact|grass_knot|hidden_power|hone_claws|hyper_beam|light_screen|protect|rain_dance|rest|return|roar|rock_slide|rock_smash|rock_tomb|round|strength|substitute|swagger|thunder|thunder_wave|thunderbolt|toxic|u_turn|volt_switch|wild_charge;aqua_tail|bind|bounce|drain_punch|fire_punch|gastro_acid|giga_drain|iron_tail|knock_off|magnet_rise|signal_beam|sleep_talk|snore|super_fang|superpower|thunder_punch;;indeterminate;;;604;Electropez;2,1;80,5;azul;50;no;Pega la ventosa de su boca en su presa y la electrocuta con sus colmillos.
elgyem;Elgyem;psychic;55;55;55;85;55;30;telepathy;synchronize;analytic;medium_fast;67;255;sp_attack:1;1:confusion|4:growl|8:heal_block|11:miracle_eye|15:psybeam|18:headbutt|22:hidden_power|25:imprison|29:simple_beam|32:zen_headbutt|36:psych_up|39:psychic|43:calm_mind|46:recover|50:guard_split|50:power_split|53:synchronoise|56:wonder_room;ally_switch|attract|calm_mind|charge_beam|double_team|dream_eater|echoed_voice|embargo|energy_ball|facade|flash|frustration|hidden_power|light_screen|protect|psych_up|psychic|psyshock|rain_dance|reflect|rest|return|rock_slide|rock_tomb|round|safeguard|shadow_ball|substitute|swagger|telekinesis|thief|thunder_wave|thunderbolt|toxic|trick_room;after_you|dark_pulse|gravity|magic_coat|pain_split|recycle|role_play|signal_beam|skill_swap|sleep_talk|snatch|snore|trick|uproar|wonder_room|zen_headbutt;astonish|barrier|disable|guard_swap|nasty_plot|power_swap|skill_swap|teleport;humanshape;beheeyem@42;;605;Cerebro;0,5;9;azul;50;no;Posee un gran poder psíquico. Lo usa para comprimir el cerebro del enemigo y ocasionarle dolores de cabeza.
beheeyem;Beheeyem;psychic;75;75;75;125;95;40;telepathy;synchronize;analytic;medium_fast;170;90;sp_attack:2;1:confusion|1:growl|1:heal_block|1:miracle_eye|15:psybeam|18:headbutt|22:hidden_power|25:imprison|29:simple_beam|32:zen_headbutt|36:psych_up|39:psychic|45:calm_mind|50:recover|56:guard_split|58:power_split|63:synchronoise|68:wonder_room;ally_switch|attract|calm_mind|charge_beam|double_team|dream_eater|echoed_voice|embargo|energy_ball|facade|flash|frustration|giga_impact|hidden_power|hyper_beam|light_screen|protect|psych_up|psychic|psyshock|rain_dance|reflect|rest|return|rock_slide|rock_tomb|round|safeguard|shadow_ball|substitute|swagger|telekinesis|thief|thunder_wave|thunderbolt|toxic|trick_room;after_you|dark_pulse|gravity|magic_coat|pain_split|recycle|role_play|signal_beam|skill_swap|sleep_talk|snatch|snore|trick|uproar|wonder_room|zen_headbutt;astonish|barrier|disable|guard_swap|nasty_plot|power_swap|skill_swap|teleport;humanshape;;;606;Cerebro;1;34,5;marrón;50;no;Parece que se comunica haciendo brillar sus dedos tricolores, pero nadie ha conseguido descifrar aún su patrón.
litwick;Litwick;ghost|fire;50;30;55;65;55;20;flash_fire;flame_body;infiltrator;medium_slow;55;190;sp_attack:1;1:ember|1:astonish|3:minimize|5:smog|7:fire_spin|10:confuse_ray|13:night_shade|16:will_o_wisp|20:flame_burst|24:imprison|28:hex|33:memento|38:inferno|43:curse|49:shadow_ball|55:pain_split|61:overheat;attract|calm_mind|double_team|dream_eater|embargo|energy_ball|facade|fire_blast|flame_charge|flamethrower|flash|frustration|hidden_power|incinerate|overheat|payback|protect|psych_up|psychic|rest|return|round|safeguard|shadow_ball|solar_beam|substitute|sunny_day|swagger|taunt|telekinesis|thief|toxic|trick_room|will_o_wisp;dark_pulse|heat_wave|pain_split|sleep_talk|snore|spite|trick;acid|acid_armor|captivate|clear_smog|endure|haze|heat_wave;indeterminate;lampent@41;;607;Vela;0,3;3,1;blanco;50;no;Finge ser una luz guía en el camino, pero en realidad solo quiere absorber la energía vital de quien lo sigue.
lampent;Lampent;ghost|fire;60;40;60;95;60;55;flash_fire;flame_body;infiltrator;medium_slow;130;90;sp_attack:2;1:ember|1:astonish|1:minimize|1:smog|7:fire_spin|10:confuse_ray|13:night_shade|16:will_o_wisp|20:flame_burst|24:imprison|28:hex|33:memento|38:inferno|45:curse|53:shadow_ball|61:pain_split|69:overheat;attract|calm_mind|double_team|dream_eater|embargo|energy_ball|facade|fire_blast|flame_charge|flamethrower|flash|frustration|hidden_power|incinerate|overheat|payback|protect|psych_up|psychic|rest|return|round|safeguard|shadow_ball|solar_beam|substitute|sunny_day|swagger|taunt|telekinesis|thief|toxic|trick_room|will_o_wisp;dark_pulse|heat_wave|pain_split|sleep_talk|snore|spite|trick;acid|acid_armor|captivate|clear_smog|endure|haze|heat_wave;indeterminate;chandelure@objeto:dusk_stone;;608;Farolillo;0,6;13;negro;50;no;Al absorber almas, su llama se enciende. Espera a que la gente fallezca, así que suele deambular por los hospitales.
chandelure;Chandelure;ghost|fire;60;55;90;145;90;80;flash_fire;flame_body;infiltrator;medium_slow;234;45;sp_attack:3;1:smog|1:confuse_ray|1:flame_burst|1:hex;attract|calm_mind|double_team|dream_eater|embargo|energy_ball|facade|fire_blast|flame_charge|flamethrower|flash|frustration|giga_impact|hidden_power|hyper_beam|incinerate|overheat|payback|protect|psych_up|psychic|rest|return|round|safeguard|shadow_ball|solar_beam|substitute|sunny_day|swagger|taunt|telekinesis|thief|toxic|trick_room|will_o_wisp;dark_pulse|heat_wave|pain_split|sleep_talk|snore|spite|trick;acid|acid_armor|captivate|clear_smog|endure|haze|heat_wave;indeterminate;;;609;Señuelo;1;34,3;negro;50;no;Sus llamas absorben el alma del enemigo y la abrasan, dejando solo su cuerpo inerte.
axew;Axew;dragon;46;87;60;30;40;57;rivalry;mold_breaker;unnerve;slow;64;75;attack:1;1:scratch|4:leer|7:assurance|10:dragon_rage|13:dual_chop|16:scary_face|20:slash|24:false_swipe|28:dragon_claw|32:dragon_dance|36:taunt|41:dragon_pulse|46:swords_dance|51:guillotine|56:outrage|61:giga_impact;aerial_ace|attract|cut|dig|double_team|dragon_claw|facade|false_swipe|fling|frustration|giga_impact|hidden_power|hone_claws|incinerate|payback|poison_jab|protect|rain_dance|rest|return|roar|rock_smash|rock_tomb|round|strength|substitute|sunny_day|swagger|swords_dance|taunt|toxic|x_scissor;aqua_tail|draco_meteor|dragon_pulse|dual_chop|endeavor|iron_tail|outrage|sleep_talk|snore|superpower;counter|dragon_pulse|endeavor|endure|focus_energy|harden|iron_tail|night_slash|razor_wind|reversal;monster|dragon;fraxure@38;;610;Colmillo;0,6;18;verde;50;no;Usa sus colmillos para romper las bayas que come. Estos se regeneran una y otra vez, por eso son tan fuertes y afilados.
fraxure;Fraxure;dragon;66;117;70;40;50;67;rivalry;mold_breaker;unnerve;slow;144;60;attack:2;1:scratch|1:leer|1:assurance|1:dragon_rage|13:dual_chop|16:scary_face|20:slash|24:false_swipe|28:dragon_claw|32:dragon_dance|36:taunt|42:dragon_pulse|48:swords_dance|54:guillotine|60:outrage|66:giga_impact;aerial_ace|attract|cut|dig|double_team|dragon_claw|dragon_tail|facade|false_swipe|fling|frustration|giga_impact|hidden_power|hone_claws|incinerate|payback|poison_jab|protect|rain_dance|rest|return|roar|rock_smash|rock_tomb|round|shadow_claw|strength|substitute|sunny_day|swagger|swords_dance|taunt|toxic|x_scissor;aqua_tail|draco_meteor|dragon_pulse|dual_chop|endeavor|iron_tail|low_kick|outrage|sleep_talk|snore|superpower;counter|dragon_pulse|endeavor|endure|focus_energy|harden|iron_tail|night_slash|razor_wind|reversal;monster|dragon;haxorus@48;;611;Boca Hacha;1;36;verde;50;no;Sus colmillos pueden hacer añicos rocas inmensas. Las luchas territoriales de los Fraxure son encarnizadas.
haxorus;Haxorus;dragon;76;147;90;60;70;97;rivalry;mold_breaker;unnerve;slow;243;45;attack:3;1:scratch|1:leer|1:assurance|1:dragon_rage|13:dual_chop|16:scary_face|20:slash|24:false_swipe|28:dragon_claw|32:dragon_dance|36:taunt|42:dragon_pulse|50:swords_dance|58:guillotine|66:outrage|74:giga_impact;aerial_ace|attract|brick_break|bulldoze|cut|dig|double_team|dragon_claw|dragon_tail|earthquake|facade|false_swipe|fling|focus_blast|frustration|giga_impact|grass_knot|hidden_power|hone_claws|hyper_beam|incinerate|payback|poison_jab|protect|rain_dance|rest|return|roar|rock_slide|rock_smash|rock_tomb|round|shadow_claw|strength|substitute|sunny_day|surf|swagger|swords_dance|taunt|toxic|x_scissor;aqua_tail|draco_meteor|dragon_pulse|dual_chop|endeavor|iron_tail|low_kick|outrage|sleep_talk|snore|superpower;counter|dragon_pulse|endeavor|endure|focus_energy|harden|iron_tail|night_slash|razor_wind|reversal;monster|dragon;;;612;Boca Hacha;1,8;105,5;amarillo;50;no;Es gentil, pero no perdona a todo el que ose invadir su territorio. Su mayor baza son sus colmillos, que cortan el acero.
cubchoo;Cubchoo;ice;55;70;40;60;40;40;snow_cloak;slush_rush;rattled;medium_fast;61;120;attack:1;1:powder_snow|5:growl|9:bide|13:icy_wind|17:fury_swipes|21:brine|25:endure|29:charm|33:slash|36:flail|41:rest|45:blizzard|49:hail|53:thrash|57:sheer_cold;aerial_ace|attract|blizzard|cut|dig|double_team|echoed_voice|facade|fling|frost_breath|frustration|grass_knot|hail|hidden_power|hone_claws|ice_beam|protect|rain_dance|rest|return|rock_smash|rock_tomb|round|shadow_claw|strength|substitute|surf|swagger|toxic;covet|ice_punch|icy_wind|low_kick|sleep_talk|snore|superpower;assurance|avalanche|encore|focus_punch|ice_punch|night_slash|sleep_talk|yawn;ground;beartic@37;;613;Congelación;0,5;8,5;blanco;50;no;Siempre está con mucosidades colgando. Las aspira para hacer un movimiento, ya que son su materia prima para esto.
beartic;Beartic;ice;95;130;80;70;80;50;snow_cloak;slush_rush;swift_swim;medium_fast;177;60;attack:2;1:superpower|1:aqua_jet|1:powder_snow|1:growl|1:bide|1:icy_wind|17:fury_swipes|21:brine|25:endure|29:swagger|33:slash|36:flail|37:icicle_crash|41:rest|45:blizzard|53:hail|59:thrash|66:sheer_cold;aerial_ace|attract|blizzard|brick_break|bulk_up|bulldoze|cut|dig|dive|double_team|echoed_voice|facade|fling|focus_blast|frost_breath|frustration|giga_impact|grass_knot|hail|hidden_power|hone_claws|hyper_beam|ice_beam|protect|rain_dance|rest|return|roar|rock_slide|rock_smash|rock_tomb|round|shadow_claw|stone_edge|strength|substitute|surf|swagger|swords_dance|taunt|toxic;covet|ice_punch|icy_wind|low_kick|sleep_talk|snore|superpower;assurance|avalanche|encore|focus_punch|ice_punch|night_slash|sleep_talk|yawn;ground;;;614;Glaciación;2,6;260;blanco;50;no;Adoran los mares gélidos del norte. Congelan su aliento para crear sendas por las que caminar sobre las aguas.
cryogonal;Cryogonal;ice;80;50;50;95;135;105;levitate;;;medium_fast;180;25;sp_defense:2;1:bind|5:ice_shard|9:sharpen|13:rapid_spin|17:icy_wind|21:mist|21:haze|25:aurora_beam|29:acid_armor|33:ice_beam|37:light_screen|37:reflect|41:slash|45:confuse_ray|49:recover|53:solar_beam|57:night_slash|61:sheer_cold;acrobatics|attract|blizzard|double_team|explosion|facade|flash_cannon|frost_breath|frustration|hail|hidden_power|hyper_beam|ice_beam|light_screen|poison_jab|protect|rain_dance|reflect|rest|return|round|solar_beam|substitute|swagger|toxic;bind|icy_wind|iron_defense|knock_off|magic_coat|signal_beam|sleep_talk|snore;;mineral;;;615;Cristal;1,1;148;azul;sin_genero;no;Nació entre nubes de nieve. Atrapa a sus presas con una cadena hecha de hielo cristalizado.
shelmet;Shelmet;bug;50;40;85;40;65;25;hydration;shell_armor;overcoat;medium_fast;61;200;defense:1;1:leech_life|4:acid|8:bide|13:curse|16:struggle_bug|20:mega_drain|25:yawn|28:protect|32:acid_armor|37:giga_drain|40:body_slam|44:bug_buzz|49:recover|52:guard_swap|56:final_gambit;attract|double_team|energy_ball|facade|frustration|hidden_power|protect|rain_dance|rest|return|round|sludge_bomb|struggle_bug|substitute|swagger|toxic|venoshock;bug_bite|gastro_acid|giga_drain|signal_beam|sleep_talk|snore;baton_pass|double_edge|encore|endure|feint|guard_split|mind_reader|mud_slap|pursuit|spikes;bug;accelgor@intercambio;;616;Caracol;0,4;7,7;rojo;50;no;Si está junto a Karrablast, y ambos reciben una descarga eléctrica, evolucionan los dos a la vez.
accelgor;Accelgor;bug;80;70;40;100;60;145;hydration;sticky_hold;unburden;medium_fast;173;75;speed:2;1:leech_life|1:acid_spray|1:double_team|1:quick_attack|16:struggle_bug|20:mega_drain|25:swift|28:me_first|32:agility|37:giga_drain|40:u_turn|44:bug_buzz|49:recover|52:power_swap|56:final_gambit;attract|double_team|energy_ball|facade|focus_blast|frustration|giga_impact|hidden_power|hyper_beam|protect|rain_dance|rest|return|round|sandstorm|sludge_bomb|struggle_bug|substitute|swagger|toxic|u_turn|venoshock;bug_bite|gastro_acid|giga_drain|knock_off|signal_beam|sleep_talk|snore;baton_pass|double_edge|encore|endure|feint|guard_split|mind_reader|mud_slap|pursuit|spikes;bug;;;617;Sincaparazón;0,8;25,3;rojo;50;no;Se siente ligero una vez liberado de su caparazón. Lucha y se mueve como un ninja.
stunfisk;Stunfisk;ground|electric;109;66;84;81;99;32;static;limber;sand_veil;medium_fast;165;75;hp:2;1:mud_slap|1:mud_sport|5:bide|9:thunder_shock|13:mud_shot|17:camouflage|21:mud_bomb|25:discharge|30:endure|35:bounce|40:muddy_water|45:thunderbolt|50:revenge|55:flail|61:fissure;attract|bulldoze|dig|double_team|earthquake|facade|flash|frustration|hidden_power|payback|protect|rain_dance|rest|return|rock_slide|rock_tomb|round|sandstorm|scald|sludge_bomb|sludge_wave|stone_edge|substitute|surf|swagger|thunder|thunder_wave|thunderbolt|toxic;aqua_tail|bounce|earth_power|electroweb|endeavor|foul_play|magnet_rise|pain_split|sleep_talk|snore|spite|stealth_rock|uproar;astonish|curse|earth_power|pain_split|shock_wave|sleep_talk|spark|spite|yawn;water1|indeterminate;;;618;Trampa;0,7;11;marrón;50;no;Ni un pisotón de un luchador de sumo lo aplastaría gracias a su piel sólida. Sonríe al soltar descargas eléctricas.
mienfoo;Mienfoo;fighting;45;85;50;55;50;65;inner_focus;regenerator;reckless;medium_slow;70;180;attack:1;1:pound|5:meditate|9:detect|13:fake_out|17:double_slap|21:swift|25:calm_mind|29:force_palm|33:drain_punch|37:jump_kick|41:u_turn|45:quick_guard|49:bounce|53:high_jump_kick|57:reversal|61:aura_sphere;acrobatics|aerial_ace|attract|brick_break|bulk_up|calm_mind|dig|double_team|facade|fling|focus_blast|frustration|grass_knot|hidden_power|low_sweep|payback|poison_jab|protect|psych_up|rain_dance|reflect|rest|retaliate|return|rock_slide|rock_smash|rock_tomb|round|stone_edge|strength|substitute|sunny_day|swagger|swords_dance|taunt|toxic|u_turn|work_up;bounce|drain_punch|dual_chop|helping_hand|knock_off|low_kick|role_play|sleep_talk|snore;baton_pass|endure|feint|knock_off|low_kick|me_first|smelling_salts|vital_throw;ground|humanshape;mienshao@50;;619;Arte Marcial;0,9;20;amarillo;50;no;La velocidad de sus ataques es su gran orgullo. Lo que le falta de fuerza bruta lo compensa en cantidad de golpes.
mienshao;Mienshao;fighting;65;125;60;95;60;105;inner_focus;regenerator;reckless;medium_slow;179;45;attack:2;1:pound|1:meditate|1:detect|1:fake_out|17:double_slap|21:swift|25:calm_mind|29:force_palm|33:drain_punch|37:jump_kick|41:u_turn|45:wide_guard|49:bounce|56:high_jump_kick|63:reversal|70:aura_sphere;acrobatics|aerial_ace|attract|brick_break|bulk_up|calm_mind|dig|double_team|facade|fling|focus_blast|frustration|giga_impact|grass_knot|hidden_power|hyper_beam|low_sweep|payback|poison_jab|protect|psych_up|rain_dance|reflect|rest|retaliate|return|rock_slide|rock_smash|rock_tomb|round|stone_edge|strength|substitute|sunny_day|swagger|swords_dance|taunt|toxic|u_turn|work_up;bounce|drain_punch|dual_chop|helping_hand|knock_off|low_kick|role_play|sleep_talk|snore;baton_pass|endure|feint|knock_off|low_kick|me_first|smelling_salts|vital_throw;ground|humanshape;;;620;Arte Marcial;1,4;35,5;morado;50;no;Usa el pelaje de sus brazos a manera de látigos. Sus ataques alcanzan velocidades de vértigo.
druddigon;Druddigon;dragon;77;120;90;60;90;48;rough_skin;sheer_force;mold_breaker;medium_fast;170;45;attack:2;1:leer|1:scratch|5:hone_claws|9:bite|13:scary_face|18:dragon_rage|21:slash|25:crunch|27:dragon_claw|31:chip_away|35:revenge|40:night_slash|45:dragon_tail|49:rock_climb|55:superpower|62:outrage;aerial_ace|attract|bulldoze|charge_beam|cut|dig|double_team|dragon_claw|dragon_tail|earthquake|facade|flamethrower|flash_cannon|fling|focus_blast|frustration|giga_impact|hidden_power|hone_claws|hyper_beam|incinerate|payback|protect|rain_dance|rest|retaliate|return|roar|rock_slide|rock_smash|rock_tomb|round|shadow_claw|sludge_bomb|smack_down|snarl|strength|substitute|sunny_day|surf|swagger|taunt|torment|toxic;aqua_tail|dark_pulse|draco_meteor|dragon_pulse|fire_punch|gunk_shot|heat_wave|iron_head|iron_tail|outrage|sleep_talk|snatch|snore|stealth_rock|superpower|thunder_punch;crush_claw|feint_attack|fire_fang|glare|iron_tail|metal_claw|poison_tail|pursuit|snatch|sucker_punch|thunder_fang;dragon|monster;;;621;Cueva;1,6;139;rojo;50;no;Corre por estrechas cavernas y atrapa a sus presas con sus afiladas garras. La piel de la cara es más dura que una roca.
golett;Golett;ground|ghost;59;74;50;35;50;35;iron_fist;klutz;no_guard;medium_fast;61;190;attack:1;1:pound|1:astonish|1:defense_curl|5:mud_slap|9:rollout|13:shadow_punch|17:iron_defense|21:mega_punch|25:magnitude|30:dynamic_punch|35:night_shade|40:curse|45:earthquake|50:hammer_arm|55:focus_punch;brick_break|bulldoze|double_team|earthquake|facade|flash|fling|focus_blast|frustration|grass_knot|gyro_ball|hidden_power|ice_beam|low_sweep|protect|psychic|rain_dance|rest|return|rock_polish|rock_slide|rock_smash|rock_tomb|round|safeguard|shadow_ball|strength|substitute|swagger|telekinesis|thief|toxic;block|drain_punch|earth_power|fire_punch|gravity|ice_punch|icy_wind|iron_defense|low_kick|magic_coat|signal_beam|sleep_talk|snore|stealth_rock|superpower|thunder_punch;;mineral;golurk@43;;622;Autómata;1;92;verde;sin_genero;no;Se mueve gracias a la energía que quema dentro de su cuerpo, pero el origen de esta energía es incierto.
golurk;Golurk;ground|ghost;89;124;80;55;80;55;iron_fist;klutz;no_guard;medium_fast;169;90;attack:2;1:pound|1:astonish|1:defense_curl|1:mud_slap|9:rollout|13:shadow_punch|17:iron_defense|21:mega_punch|25:magnitude|30:dynamic_punch|35:night_shade|40:curse|43:heavy_slam|50:earthquake|60:hammer_arm|70:focus_punch;brick_break|bulldoze|charge_beam|double_team|earthquake|facade|flash|flash_cannon|fling|fly|focus_blast|frustration|giga_impact|grass_knot|gyro_ball|hidden_power|hyper_beam|ice_beam|low_sweep|protect|psychic|rain_dance|rest|return|rock_polish|rock_slide|rock_smash|rock_tomb|round|safeguard|shadow_ball|solar_beam|stone_edge|strength|substitute|swagger|telekinesis|thief|thunderbolt|toxic;block|drain_punch|earth_power|fire_punch|gravity|ice_punch|icy_wind|iron_defense|low_kick|magic_coat|signal_beam|sleep_talk|snore|stealth_rock|superpower|thunder_punch|zen_headbutt;;mineral;;;623;Autómata;2,8;330;verde;sin_genero;no;Al parecer, aquel que antaño lo creó le ordenó proteger a los Pokémon y a los humanos.
pawniard;Pawniard;dark|steel;45;85;70;40;40;60;defiant;inner_focus;pressure;medium_fast;68;120;attack:1;1:scratch|6:leer|9:fury_cutter|14:torment|17:feint_attack|22:scary_face|25:metal_claw|30:slash|33:assurance|38:metal_sound|41:embargo|46:iron_defense|49:night_slash|54:iron_head|57:swords_dance|62:guillotine;aerial_ace|attract|brick_break|cut|dig|double_team|embargo|facade|false_swipe|fling|frustration|grass_knot|hidden_power|hone_claws|low_sweep|payback|poison_jab|protect|rain_dance|rest|retaliate|return|rock_polish|rock_smash|rock_tomb|round|sandstorm|shadow_claw|snarl|substitute|swagger|swords_dance|taunt|thief|thunder_wave|torment|toxic|x_scissor;dark_pulse|dual_chop|foul_play|iron_defense|iron_head|knock_off|low_kick|magnet_rise|role_play|sleep_talk|snatch|snore|spite|stealth_rock;headbutt|mean_look|psycho_cut|pursuit|revenge|stealth_rock|sucker_punch;humanshape;bisharp@52;;624;Tajo;0,5;10,2;rojo;50;no;Su cuerpo está provisto de hojas afiladas. Cuando se desgastan, las afila con cantos rodados a la orilla del río.
bisharp;Bisharp;dark|steel;65;125;100;60;70;70;defiant;inner_focus;pressure;medium_fast;172;45;attack:2;1:metal_burst|1:scratch|1:leer|1:fury_cutter|1:torment|17:feint_attack|22:scary_face|25:metal_claw|30:slash|33:assurance|38:metal_sound|41:embargo|46:iron_defense|49:night_slash|57:iron_head|63:swords_dance|71:guillotine;aerial_ace|attract|brick_break|cut|dig|double_team|embargo|facade|false_swipe|fling|focus_blast|frustration|giga_impact|grass_knot|hidden_power|hone_claws|hyper_beam|low_sweep|payback|poison_jab|protect|rain_dance|rest|retaliate|return|rock_polish|rock_smash|rock_tomb|round|sandstorm|shadow_claw|snarl|stone_edge|substitute|swagger|swords_dance|taunt|thief|thunder_wave|torment|toxic|x_scissor;dark_pulse|dual_chop|foul_play|iron_defense|iron_head|knock_off|low_kick|magnet_rise|role_play|sleep_talk|snatch|snore|spite|stealth_rock;headbutt|mean_look|psycho_cut|pursuit|revenge|stealth_rock|sucker_punch;humanshape;;;625;Filo;1,6;70;rojo;50;no;Un Pokémon temible que remata a su presa una vez que su séquito de Pawniard la ha debilitado e inmovilizado.
bouffalant;Bouffalant;normal;95;110;95;40;95;55;reckless;sap_sipper;soundproof;medium_fast;172;45;attack:2;1:pursuit|1:leer|6:rage|11:fury_attack|16:horn_attack|21:scary_face|26:revenge|31:head_charge|36:focus_energy|41:megahorn|46:reversal|51:thrash|56:swords_dance|61:giga_impact;aerial_ace|attract|bulldoze|cut|double_team|earthquake|facade|frustration|giga_impact|hidden_power|payback|poison_jab|protect|rain_dance|rest|retaliate|return|rock_slide|rock_smash|rock_tomb|round|stone_edge|strength|substitute|sunny_day|surf|swagger|swords_dance|taunt|toxic|wild_charge|work_up;endeavor|iron_head|outrage|sleep_talk|snore|superpower|uproar|zen_headbutt;amnesia|headbutt|iron_head|mud_shot|mud_slap|rock_climb|skull_bash|stomp;ground;;;626;Torocabezazo;1,6;94,6;marrón;50;no;Embiste con la cabeza sin distinción. Su potencia es capaz de hacer descarrilar un tren en marcha.
rufflet;Rufflet;normal|flying;70;83;50;37;50;60;keen_eye;sheer_force;hustle;slow;70;190;attack:1;1:peck|1:leer|5:fury_attack|10:wing_attack|14:hone_claws|19:scary_face|23:aerial_ace|28:slash|32:defog|37:tailwind|41:air_slash|46:crush_claw|50:sky_drop|55:whirlwind|59:brave_bird|64:thrash;aerial_ace|attract|bulk_up|cut|double_team|facade|fly|frustration|hidden_power|hone_claws|pluck|protect|rain_dance|rest|retaliate|return|rock_slide|rock_smash|rock_tomb|round|shadow_claw|sky_drop|strength|substitute|sunny_day|swagger|toxic|u_turn|work_up;heat_wave|roost|sleep_talk|snore|superpower|tailwind;;flying;braviary@54;;627;Aguilucho;0,5;10,5;blanco;0;no;Quiebra bayas con sus extremidades. Se enfrenta con valentía a todo enemigo por fuerte que este sea.
braviary;Braviary;normal|flying;100;123;75;57;75;80;keen_eye;sheer_force;defiant;slow;179;60;attack:2;1:peck|1:leer|1:fury_attack|1:wing_attack|14:hone_claws|19:scary_face|23:aerial_ace|28:slash|32:defog|37:tailwind|41:air_slash|46:crush_claw|50:sky_drop|51:superpower|57:whirlwind|63:brave_bird|70:thrash;aerial_ace|attract|bulk_up|cut|double_team|facade|fly|frustration|giga_impact|hidden_power|hone_claws|hyper_beam|pluck|protect|rain_dance|rest|retaliate|return|rock_slide|rock_smash|rock_tomb|round|shadow_claw|sky_drop|strength|substitute|sunny_day|swagger|toxic|u_turn|work_up;heat_wave|roost|sky_attack|sleep_talk|snore|superpower|tailwind;;flying;;;628;Aguerrido;1,5;41;rojo;0;no;Un valiente guerrero del cielo que no duda en luchar por sus compañeros por graves que sean sus heridas.
vullaby;Vullaby;dark|flying;70;55;75;45;65;60;big_pecks;overcoat;weak_armor;slow;74;190;defense:1;1:gust|1:leer|5:fury_attack|10:pluck|14:nasty_plot|19:flatter|23:feint_attack|28:punishment|32:defog|37:tailwind|41:air_slash|46:dark_pulse|50:embargo|55:whirlwind|59:brave_bird|64:mirror_move;aerial_ace|attract|cut|double_team|embargo|facade|fly|frustration|hidden_power|incinerate|payback|pluck|protect|psych_up|rain_dance|rest|retaliate|return|rock_smash|rock_tomb|round|shadow_ball|snarl|substitute|sunny_day|swagger|taunt|thief|torment|toxic|u_turn;block|dark_pulse|foul_play|heat_wave|iron_defense|knock_off|roost|sleep_talk|snatch|snore|tailwind;fake_tears|knock_off|mean_look|roost|scary_face|steel_wing;flying;mandibuzz@54;;629;Pañal;0,5;9;marrón;100;no;No puede volar porque sus alas son muy pequeñas. Cuando va a evolucionar, se deshace de su calavera.
mandibuzz;Mandibuzz;dark|flying;110;65;105;55;95;80;big_pecks;overcoat;weak_armor;slow;179;60;sp_attack:2;1:gust|1:leer|1:fury_attack|1:pluck|14:nasty_plot|19:flatter|23:feint_attack|28:punishment|32:defog|37:tailwind|41:air_slash|46:dark_pulse|50:embargo|51:bone_rush|57:whirlwind|63:brave_bird|70:mirror_move;aerial_ace|attract|cut|double_team|embargo|facade|fly|frustration|giga_impact|hidden_power|hyper_beam|incinerate|payback|pluck|protect|psych_up|rain_dance|rest|retaliate|return|rock_smash|rock_tomb|round|shadow_ball|snarl|substitute|sunny_day|swagger|taunt|thief|torment|toxic|u_turn;block|dark_pulse|foul_play|heat_wave|iron_defense|knock_off|roost|sky_attack|sleep_talk|snatch|snore|tailwind;fake_tears|knock_off|mean_look|roost|scary_face|steel_wing;flying;;;630;Buitre Hueso;1,2;39,5;marrón;100;no;Vuela en círculos. Cuando avista una presa, la ataca y la transporta a su nido con suma facilidad.
heatmor;Heatmor;fire;85;97;66;105;66;65;gluttony;flash_fire;white_smoke;medium_fast;169;90;sp_attack:2;1:incinerate|1:lick|6:odor_sleuth|11:bind|16:fire_spin|21:fury_swipes|26:snatch|31:flame_burst|36:bug_bite|41:slash|46:amnesia|51:flamethrower|56:stockpile|56:spit_up|56:swallow|61:inferno;aerial_ace|attract|cut|dig|double_team|facade|fire_blast|flamethrower|fling|focus_blast|frustration|giga_impact|hidden_power|hone_claws|incinerate|protect|rain_dance|rest|return|rock_smash|rock_tomb|round|shadow_claw|solar_beam|substitute|sunny_day|swagger|taunt|thief|toxic|will_o_wisp;bind|bug_bite|fire_punch|gastro_acid|giga_drain|heat_wave|knock_off|low_kick|recycle|sleep_talk|snatch|snore|superpower|thunder_punch;body_slam|curse|feint_attack|heat_wave|night_slash|pursuit|sleep_talk|sucker_punch|tickle|wrap;ground;;;631;Hormiguero;1,4;58;rojo;50;no;Usa su lengua de fuego para derretir la armadura de acero de los Durant y llegar así hasta su interior.
durant;Durant;bug|steel;58;109;112;48;48;109;swarm;hustle;truant;medium_fast;169;90;defense:2;1:vice_grip|1:sand_attack|6:fury_cutter|11:bite|16:agility|21:metal_claw|26:bug_bite|31:crunch|36:iron_head|41:dig|46:entrainment|51:x_scissor|56:iron_defense|61:guillotine|66:metal_sound;aerial_ace|attract|cut|dig|double_team|energy_ball|facade|flash_cannon|frustration|giga_impact|hidden_power|hone_claws|protect|rest|retaliate|return|rock_polish|rock_slide|rock_smash|rock_tomb|round|sandstorm|shadow_claw|stone_edge|strength|struggle_bug|substitute|swagger|thunder_wave|toxic|x_scissor;bug_bite|endeavor|iron_defense|iron_head|sleep_talk|snore|superpower;baton_pass|endure|feint_attack|rock_climb|screech|thunder_fang;bug;;;632;Hormigacero;0,3;33;gris;50;no;Actúan en grupo para expulsar de sus colonias a los Heatmor, sus depredadores naturales.
deino;Deino;dark|dragon;52;65;50;45;50;38;hustle;;;slow;60;45;attack:1;1:tackle|1:dragon_rage|4:focus_energy|9:bite|12:headbutt|17:dragon_breath|20:roar|25:crunch|28:slam|32:dragon_pulse|38:work_up|42:dragon_rush|48:body_slam|52:scary_face|58:hyper_voice|62:outrage;attract|double_team|dragon_tail|facade|frustration|hidden_power|incinerate|protect|psych_up|rain_dance|rest|return|roar|rock_smash|round|strength|substitute|sunny_day|swagger|taunt|thief|thunder_wave|torment|toxic|work_up;aqua_tail|dark_pulse|draco_meteor|dragon_pulse|earth_power|hyper_voice|outrage|sleep_talk|snore|spite|superpower|uproar|zen_headbutt;assurance|astonish|dark_pulse|double_hit|earth_power|fire_fang|head_smash|ice_fang|screech|thunder_fang;dragon;zweilous@50;;633;Tosco;0,8;17,3;azul;50;no;No ve, por eso va haciendo placajes y dando mordiscos a diestro y siniestro. Su cuerpo está plagado de heridas.
zweilous;Zweilous;dark|dragon;72;85;70;65;70;58;hustle;;;slow;147;45;attack:2;1:double_hit|1:dragon_rage|1:focus_energy|1:bite|12:headbutt|17:dragon_breath|20:roar|25:crunch|28:slam|32:dragon_pulse|38:work_up|42:dragon_rush|48:body_slam|55:scary_face|64:hyper_voice|71:outrage;attract|double_team|dragon_tail|facade|frustration|hidden_power|incinerate|protect|psych_up|rain_dance|rest|return|roar|rock_smash|round|strength|substitute|sunny_day|swagger|taunt|thief|thunder_wave|torment|toxic|work_up;aqua_tail|dark_pulse|draco_meteor|dragon_pulse|earth_power|hyper_voice|outrage|sleep_talk|snore|spite|superpower|uproar|zen_headbutt;assurance|astonish|dark_pulse|double_hit|earth_power|fire_fang|head_smash|ice_fang|screech|thunder_fang;dragon;hydreigon@64;;634;Violento;1,4;50;azul;50;no;Sus dos cabezas se llevan fatal, y la que consigue comer más que la otra es la que lleva la voz cantante.
hydreigon;Hydreigon;dark|dragon;92;105;90;125;90;98;levitate;;;slow;270;45;sp_attack:3;1:tri_attack|1:dragon_rage|1:focus_energy|1:bite|12:headbutt|17:dragon_breath|20:roar|25:crunch|28:slam|32:dragon_pulse|38:work_up|42:dragon_rush|48:body_slam|55:scary_face|68:hyper_voice|79:outrage;acrobatics|attract|bulldoze|charge_beam|double_team|dragon_tail|earthquake|echoed_voice|facade|fire_blast|flamethrower|flash_cannon|fly|focus_blast|frustration|giga_impact|hidden_power|hyper_beam|incinerate|payback|protect|psych_up|rain_dance|reflect|rest|return|roar|rock_slide|rock_smash|rock_tomb|round|stone_edge|strength|substitute|sunny_day|surf|swagger|taunt|thief|thunder_wave|torment|toxic|u_turn|work_up;aqua_tail|dark_pulse|draco_meteor|dragon_pulse|earth_power|heat_wave|hyper_voice|iron_tail|outrage|roost|signal_beam|sleep_talk|snore|spite|superpower|tailwind|uproar|zen_headbutt;assurance|astonish|dark_pulse|double_hit|earth_power|fire_fang|head_smash|ice_fang|screech|thunder_fang;dragon;;;635;Voraz;1,8;160;azul;50;no;Las cabezas de sus dos brazos no tienen cerebro. Con sus tres cabezas destruye y devora todo a su paso.
larvesta;Larvesta;bug|fire;55;85;55;50;55;60;flame_body;;swarm;slow;72;45;attack:1;1:ember|1:string_shot|10:leech_life|20:take_down|30:flame_charge|40:bug_bite|50:double_edge|60:flame_wheel|70:bug_buzz|80:amnesia|90:thrash|100:flare_blitz;acrobatics|calm_mind|double_team|facade|fire_blast|flame_charge|flamethrower|frustration|hidden_power|incinerate|light_screen|overheat|protect|psychic|rest|return|round|safeguard|solar_beam|struggle_bug|substitute|sunny_day|swagger|toxic|u_turn|wild_charge|will_o_wisp;bug_bite|giga_drain|heat_wave|magnet_rise|signal_beam|sleep_talk|snore|zen_headbutt;endure|foresight|harden|magnet_rise|morning_sun|string_shot|zen_headbutt;bug;volcarona@59;;636;Antorcha;1,1;28,8;blanco;50;no;Se dice que nació del sol. Al evolucionar, cubre su cuerpo con llamas que brotan de sus cuernos.
volcarona;Volcarona;bug|fire;85;60;65;135;105;100;flame_body;;swarm;slow;248;15;sp_attack:3;1:ember|1:string_shot|1:leech_life|1:gust|30:fire_spin|40:whirlwind|50:silver_wind|59:quiver_dance|60:heat_wave|70:bug_buzz|80:rage_powder|90:hurricane|100:fiery_dance;acrobatics|aerial_ace|calm_mind|double_team|facade|fire_blast|flame_charge|flamethrower|fly|frustration|giga_impact|hidden_power|hyper_beam|incinerate|light_screen|overheat|poison_jab|protect|psychic|rest|return|round|safeguard|solar_beam|struggle_bug|substitute|sunny_day|swagger|toxic|u_turn|wild_charge|will_o_wisp;bug_bite|giga_drain|heat_wave|magnet_rise|roost|signal_beam|sleep_talk|snore|tailwind|zen_headbutt;endure|foresight|harden|magnet_rise|morning_sun|string_shot|zen_headbutt;bug;;;637;Sol;1,6;46;blanco;50;no;Cuando combate, despide escamas ardientes de sus seis alas y genera un mar ígneo a su alrededor.
cobalion;Cobalion;steel|fighting;91;90;129;90;72;108;justified;;;slow;261;3;defense:3;1:quick_attack|1:leer|7:double_kick|13:metal_claw|19:take_down|25:helping_hand|31:retaliate|37:iron_head|42:sacred_sword|49:swords_dance|55:quick_guard|61:work_up|67:metal_burst|73:close_combat;aerial_ace|calm_mind|cut|double_team|facade|false_swipe|flash_cannon|focus_blast|frustration|giga_impact|hidden_power|hone_claws|hyper_beam|poison_jab|protect|psych_up|reflect|rest|retaliate|return|roar|rock_polish|rock_smash|round|safeguard|sandstorm|stone_edge|strength|substitute|swagger|swords_dance|taunt|thunder_wave|toxic|volt_switch|work_up|x_scissor;block|bounce|helping_hand|iron_defense|iron_head|magnet_rise|sleep_talk|snore|stealth_rock|superpower|zen_headbutt;;no_eggs;;;638;Tesón Acero;2,1;250;azul;sin_genero;si;Posee un cuerpo y un corazón de acero. Basta una mirada suya para que Pokémon violentos le obedezcan.
terrakion;Terrakion;rock|fighting;91;129;90;72;90;108;justified;;;slow;261;3;attack:3;1:quick_attack|1:leer|7:double_kick|13:smack_down|19:take_down|25:helping_hand|31:retaliate|37:rock_slide|42:sacred_sword|49:swords_dance|55:quick_guard|61:work_up|67:stone_edge|73:close_combat;aerial_ace|bulldoze|calm_mind|cut|double_team|earthquake|facade|false_swipe|focus_blast|frustration|giga_impact|hidden_power|hyper_beam|poison_jab|protect|psych_up|reflect|rest|retaliate|return|roar|rock_polish|rock_slide|rock_smash|rock_tomb|round|safeguard|sandstorm|smack_down|stone_edge|strength|substitute|swagger|swords_dance|taunt|toxic|work_up|x_scissor;block|earth_power|helping_hand|iron_head|sleep_talk|snore|stealth_rock|superpower|zen_headbutt;;no_eggs;;;639;Gruta;1,9;260;gris;sin_genero;si;Su potencia al embestir es capaz de derribar las murallas de un castillo. Las leyendas hablan de sus proezas.
virizion;Virizion;grass|fighting;91;90;72;90;129;108;justified;;;slow;261;3;sp_defense:3;1:quick_attack|1:leer|7:double_kick|13:magical_leaf|19:take_down|25:helping_hand|31:retaliate|37:giga_drain|42:sacred_sword|49:swords_dance|55:quick_guard|61:work_up|67:leaf_blade|73:close_combat;aerial_ace|calm_mind|cut|double_team|energy_ball|facade|false_swipe|flash|focus_blast|frustration|giga_impact|grass_knot|hidden_power|hyper_beam|light_screen|protect|psych_up|reflect|rest|retaliate|return|roar|rock_smash|round|safeguard|solar_beam|stone_edge|strength|substitute|sunny_day|swagger|swords_dance|taunt|toxic|work_up|x_scissor;block|bounce|giga_drain|helping_hand|seed_bomb|sleep_talk|snore|superpower|synthesis|worry_seed|zen_headbutt;;no_eggs;;;640;Prado;2;200;verde;sin_genero;si;Sus cuernos son hojas afiladas. Sacude a sus enemigos con sus relampagueantes movimientos y los reduce.
tornadus;Tornadus;flying;79;115;70;125;80;111;prankster;;defiant;slow;261;3;attack:3;1:uproar|1:astonish|1:gust|7:swagger|13:bite|19:revenge|25:air_cutter|31:extrasensory|37:agility|43:air_slash|49:crunch|55:tailwind|61:rain_dance|67:hurricane|73:dark_pulse|79:hammer_arm|85:thrash;acrobatics|aerial_ace|attract|brick_break|bulk_up|double_team|embargo|facade|fling|fly|focus_blast|frustration|giga_impact|grass_knot|hidden_power|hyper_beam|incinerate|payback|protect|psychic|rain_dance|rest|return|rock_smash|round|sky_drop|sludge_bomb|sludge_wave|smack_down|strength|substitute|swagger|taunt|thief|torment|toxic|u_turn;dark_pulse|foul_play|heat_wave|icy_wind|iron_tail|knock_off|role_play|sleep_talk|snore|superpower|tailwind|uproar;;no_eggs;;;641;Torbellino;1,5;63;verde;0;si;La parte inferior de su cuerpo, similar a una nube, está recubierta de un campo de energía. Vuela a 300 km/h.
thundurus;Thundurus;electric|flying;79;115;70;125;80;111;prankster;;defiant;slow;261;3;attack:3;1:uproar|1:astonish|1:thunder_shock|7:swagger|13:bite|19:revenge|25:shock_wave|31:heal_block|37:agility|43:discharge|49:crunch|55:charge|61:nasty_plot|67:thunder|73:dark_pulse|79:hammer_arm|85:thrash;attract|brick_break|bulk_up|charge_beam|double_team|embargo|facade|flash_cannon|fling|fly|focus_blast|frustration|giga_impact|grass_knot|hidden_power|hyper_beam|incinerate|payback|protect|psychic|rain_dance|rest|return|rock_smash|round|sky_drop|sludge_bomb|sludge_wave|smack_down|strength|substitute|swagger|taunt|thief|thunder|thunder_wave|thunderbolt|torment|toxic|u_turn|volt_switch|wild_charge;dark_pulse|foul_play|iron_tail|knock_off|role_play|sleep_talk|snore|superpower|thunder_punch|uproar;;no_eggs;;;642;Centella;1,5;61;azul;0;si;Lanza descargas eléctricas por las púas de su cola. Sobrevuela Teselia dejando caer rayos.
reshiram;Reshiram;dragon|fire;100;120;100;150;120;90;turboblaze;;;slow;306;3;sp_attack:3;1:fire_fang|1:dragon_rage|8:imprison|15:ancient_power|22:flamethrower|29:dragon_breath|36:slash|43:extrasensory|50:fusion_flare|54:dragon_pulse|71:crunch|78:fire_blast|85:outrage|92:hyper_voice|100:blue_flare;cut|double_team|dragon_claw|dragon_tail|echoed_voice|facade|fire_blast|flame_charge|flamethrower|fling|fly|focus_blast|frustration|giga_impact|hidden_power|hone_claws|hyper_beam|incinerate|light_screen|overheat|payback|protect|psychic|reflect|rest|return|rock_slide|rock_smash|rock_tomb|round|safeguard|shadow_ball|shadow_claw|solar_beam|stone_edge|strength|substitute|sunny_day|swagger|toxic|will_o_wisp;draco_meteor|dragon_pulse|earth_power|heat_wave|hyper_voice|outrage|roost|sleep_talk|snore|tailwind|zen_headbutt;;no_eggs;;;643;Blanco Veraz;3,2;330;blanco;sin_genero;si;Pokémon legendario capaz de abrasar el mundo con sus llamas. Ayuda a quienes persiguen un mundo veraz.
zekrom;Zekrom;dragon|electric;100;150;120;120;100;90;teravolt;;;slow;306;3;attack:3;1:thunder_fang|1:dragon_rage|8:imprison|15:ancient_power|22:thunderbolt|29:dragon_breath|36:slash|43:zen_headbutt|50:fusion_bolt|54:dragon_claw|71:crunch|78:thunder|85:outrage|92:hyper_voice|100:bolt_strike;charge_beam|cut|double_team|dragon_claw|dragon_tail|echoed_voice|facade|flash|flash_cannon|fling|fly|focus_blast|frustration|giga_impact|hidden_power|hone_claws|hyper_beam|light_screen|payback|protect|psychic|rain_dance|reflect|rest|return|rock_slide|rock_smash|rock_tomb|round|safeguard|shadow_ball|shadow_claw|stone_edge|strength|substitute|swagger|thunder|thunder_wave|thunderbolt|toxic|volt_switch|wild_charge;draco_meteor|dragon_pulse|earth_power|hyper_voice|magnet_rise|outrage|roost|signal_beam|sleep_talk|snore|tailwind|thunder_punch|zen_headbutt;;no_eggs;;;644;Negro Puro;2,9;345;negro;sin_genero;si;Pokémon legendario capaz de chamuscar el mundo con sus rayos. Ayuda a quienes persiguen un mundo de ideales.
landorus;Landorus;ground|flying;89;125;90;115;80;101;sand_force;;sheer_force;slow;270;3;sp_attack:3;1:block|1:mud_shot|1:rock_tomb|7:imprison|13:punishment|19:bulldoze|25:rock_throw|31:extrasensory|37:swords_dance|43:earth_power|49:rock_slide|55:earthquake|61:sandstorm|67:fissure|73:stone_edge|79:hammer_arm|85:outrage;attract|brick_break|bulk_up|bulldoze|calm_mind|dig|double_team|earthquake|explosion|facade|fling|fly|focus_blast|frustration|giga_impact|grass_knot|hidden_power|hyper_beam|payback|protect|psychic|rest|return|rock_polish|rock_slide|rock_smash|rock_tomb|round|sandstorm|sludge_bomb|sludge_wave|smack_down|stone_edge|strength|substitute|swagger|swords_dance|toxic|u_turn;block|earth_power|gravity|iron_tail|knock_off|outrage|role_play|sleep_talk|snore|stealth_rock|superpower;;no_eggs;;;645;Fertilidad;1,5;68;marrón;0;si;Lo consideran una deidad de las cosechas porque los cultivos crecen en abundancia en las tierras por las que pasa.
kyurem;Kyurem;dragon|ice;125;130;90;130;90;95;pressure;;;slow;297;3;hp:1|attack:1|sp_attack:1;1:icy_wind|1:dragon_rage|8:imprison|15:ancient_power|22:ice_beam|29:dragon_breath|36:slash|43:scary_face|50:glaciate|57:dragon_pulse|71:endeavor|78:blizzard|85:outrage|92:hyper_voice;blizzard|cut|double_team|dragon_claw|dragon_tail|echoed_voice|facade|flash_cannon|fling|fly|focus_blast|frustration|giga_impact|hail|hidden_power|hone_claws|hyper_beam|ice_beam|light_screen|payback|protect|psychic|rain_dance|reflect|rest|return|rock_slide|rock_smash|rock_tomb|round|safeguard|shadow_ball|shadow_claw|stone_edge|strength|substitute|sunny_day|swagger|toxic;draco_meteor|dragon_pulse|earth_power|endeavor|hyper_voice|icy_wind|iron_head|outrage|roost|signal_beam|sleep_talk|snore|zen_headbutt;;no_eggs;;;646;Frontera;3;325;gris;sin_genero;si;Pokémon legendario que aguarda al héroe que compense el vacío de su cuerpo de hielo con verdad e ideales.
keldeo;Keldeo;water|fighting;91;72;90;129;90;108;justified;;;slow;261;3;sp_attack:3;1:aqua_jet|1:leer|7:double_kick|13:bubble_beam|19:take_down|25:helping_hand|31:retaliate|37:aqua_tail|43:sacred_sword|49:swords_dance|55:quick_guard|61:work_up|67:hydro_pump|73:close_combat;aerial_ace|calm_mind|cut|double_team|facade|false_swipe|focus_blast|frustration|giga_impact|hail|hidden_power|hyper_beam|poison_jab|protect|psych_up|rain_dance|reflect|rest|retaliate|return|roar|rock_smash|round|safeguard|scald|stone_edge|strength|substitute|surf|swagger|swords_dance|taunt|toxic|work_up|x_scissor;aqua_tail|bounce|covet|endeavor|helping_hand|icy_wind|last_resort|secret_sword|sleep_talk|snore|superpower;;no_eggs;;;647;Potro;1,4;48,5;amarillo;sin_genero;si;Corre por mares, ríos o cualquier superficie acuática de todo el mundo. Aparece en aguas límpidas.
meloetta;Meloetta;normal|psychic;100;77;77;128;128;90;serene_grace;;;slow;270;3;sp_attack:1|sp_defense:1|speed:1;1:round|6:quick_attack|11:confusion|16:sing|21:teeter_dance|26:acrobatics|31:psybeam|36:echoed_voice|43:u_turn|50:wake_up_slap|57:psychic|64:hyper_voice|71:role_play|78:close_combat|85:perish_song;acrobatics|brick_break|calm_mind|charge_beam|double_team|dream_eater|echoed_voice|embargo|energy_ball|facade|flash|fling|focus_blast|frustration|giga_impact|grass_knot|hidden_power|hone_claws|hyper_beam|light_screen|low_sweep|payback|protect|psych_up|psychic|psyshock|rain_dance|rest|retaliate|return|rock_smash|round|safeguard|shadow_ball|shadow_claw|stone_edge|strength|substitute|sunny_day|swagger|telekinesis|thunder|thunder_wave|thunderbolt|toxic|trick_room|u_turn|work_up;covet|drain_punch|dual_chop|fire_punch|gravity|heal_bell|helping_hand|hyper_voice|ice_punch|knock_off|last_resort|low_kick|magic_coat|magic_room|recycle|relic_song|role_play|signal_beam|skill_swap|sleep_talk|snatch|snore|thunder_punch|trick|uproar|wonder_room|zen_headbutt;;no_eggs;;;648;Melodía;0,6;6,5;blanco;sin_genero;si;Las melodías que canta Meloetta tienen el poder de hacer sentir felicidad a los Pokémon que hay a su alrededor.
genesect;Genesect;bug|steel;71;120;95;120;95;99;download;;;slow;270;3;attack:1|sp_attack:1|speed:1;1:techno_blast|1:quick_attack|1:magnet_rise|1:metal_claw|1:screech|7:fury_cutter|11:lock_on|18:flame_charge|22:magnet_bomb|29:slash|33:metal_sound|40:signal_beam|44:tri_attack|51:x_scissor|55:bug_buzz|62:simple_beam|66:zap_cannon|73:hyper_beam|77:self_destruct;aerial_ace|blizzard|charge_beam|double_team|energy_ball|explosion|facade|flame_charge|flamethrower|flash|flash_cannon|fly|frustration|giga_impact|hidden_power|hone_claws|hyper_beam|ice_beam|light_screen|protect|psychic|reflect|rest|return|rock_polish|round|shadow_claw|solar_beam|struggle_bug|substitute|swagger|thunder|thunder_wave|thunderbolt|toxic|u_turn|x_scissor;bug_bite|dark_pulse|electroweb|giga_drain|gravity|gunk_shot|iron_defense|iron_head|last_resort|magic_coat|magnet_rise|recycle|signal_beam|sleep_talk|snore|zen_headbutt;;no_eggs;;;649;Paleozoico;1,5;82,5;morado;sin_genero;si;Pokémon de tipo Bicho de la antigüedad, modificado por el Equipo Plasma. El cañón de su lomo ha sido mejorado.
chespin;Chespin;grass;56;61;65;48;45;38;overgrow;;bulletproof;medium_slow;63;45;defense:1;1:tackle|1:growl|5:vine_whip|8:rollout|11:bite|15:leech_seed|18:pin_missile|27:take_down|32:seed_bomb|35:mud_shot|39:bulk_up|42:body_slam|45:pain_split|48:wood_hammer;aerial_ace|attract|brick_break|bulk_up|bulldoze|confide|cut|dig|double_team|energy_ball|facade|flash|fling|frustration|grass_knot|gyro_ball|hidden_power|low_sweep|nature_power|payback|poison_jab|power_up_punch|protect|reflect|rest|retaliate|return|roar|rock_slide|rock_smash|rock_tomb|round|secret_power|shadow_claw|sleep_talk|sludge_bomb|smack_down|solar_beam|stone_edge|strength|substitute|sunny_day|swagger|swords_dance|taunt|toxic;drain_punch|dual_chop|endeavor|focus_punch|giga_drain|grass_pledge|helping_hand|iron_defense|iron_head|iron_tail|low_kick|pain_split|seed_bomb|snore|super_fang|superpower|synthesis|thunder_punch|worry_seed|zen_headbutt;belly_drum|curse|defense_curl|quick_guard|rollout|spikes|synthesis;ground;quilladin@16;;650;Erizo;0,4;9;verde;12,5;no;Cuando acumula energía, las suaves púas de su cabeza se vuelven tan duras y afiladas que hasta pueden atravesar rocas.
quilladin;Quilladin;grass;61;78;95;56;58;57;overgrow;;bulletproof;medium_slow;142;45;defense:2;1:tackle|1:growl|5:vine_whip|8:rollout|11:bite|15:leech_seed|20:pin_missile|26:needle_arm|30:take_down|35:seed_bomb|39:mud_shot|44:bulk_up|48:body_slam|52:pain_split|55:wood_hammer;aerial_ace|attract|brick_break|bulk_up|bulldoze|confide|cut|dig|double_team|energy_ball|facade|flash|fling|frustration|grass_knot|gyro_ball|hidden_power|hone_claws|low_sweep|nature_power|payback|poison_jab|power_up_punch|protect|reflect|rest|retaliate|return|roar|rock_slide|rock_smash|rock_tomb|round|secret_power|shadow_claw|sleep_talk|sludge_bomb|smack_down|solar_beam|stone_edge|strength|substitute|sunny_day|swagger|swords_dance|taunt|toxic;drain_punch|dual_chop|endeavor|focus_punch|giga_drain|grass_pledge|helping_hand|iron_defense|iron_head|iron_tail|low_kick|pain_split|seed_bomb|snore|super_fang|superpower|synthesis|thunder_punch|worry_seed|zen_headbutt;belly_drum|curse|defense_curl|quick_guard|rollout|spikes|synthesis;ground;chesnaught@36;;651;Corazaespín;0,7;29;verde;12,5;no;Desvía los ataques de los enemigos con la robusta coraza que cubre su cuerpo y contraataca con sus dos afilados cuernos.
chesnaught;Chesnaught;grass|fighting;88;107;122;74;75;64;overgrow;;bulletproof;medium_slow;239;45;defense:3;1:feint|1:hammer_arm|1:belly_drum|1:tackle|1:growl|5:vine_whip|8:rollout|11:bite|15:leech_seed|20:pin_missile|26:needle_arm|30:take_down|35:seed_bomb|36:spiky_shield|41:mud_shot|44:bulk_up|48:body_slam|52:pain_split|55:wood_hammer|70:giga_impact;aerial_ace|attract|brick_break|bulk_up|bulldoze|confide|cut|dig|double_team|dragon_claw|earthquake|energy_ball|facade|flash|fling|focus_blast|frustration|giga_impact|grass_knot|gyro_ball|hidden_power|hone_claws|hyper_beam|low_sweep|nature_power|payback|poison_jab|power_up_punch|protect|reflect|rest|retaliate|return|roar|rock_slide|rock_smash|rock_tomb|round|secret_power|shadow_claw|sleep_talk|sludge_bomb|smack_down|solar_beam|stone_edge|strength|substitute|sunny_day|swagger|swords_dance|taunt|toxic;block|drain_punch|dual_chop|endeavor|focus_punch|frenzy_plant|giga_drain|grass_pledge|helping_hand|iron_defense|iron_head|iron_tail|low_kick|pain_split|seed_bomb|snore|super_fang|superpower|synthesis|thunder_punch|worry_seed|zen_headbutt;belly_drum|curse|defense_curl|quick_guard|rollout|spikes|synthesis;ground;;;652;Corazaespín;1,6;90;verde;12,5;no;Su fuerza es tal que, de un empellón, puede hacer volcar un tanque de 50 toneladas. Protege a sus aliados cuando hace de escudo.
fennekin;Fennekin;fire;40;45;40;62;60;60;blaze;;magician;medium_slow;61;45;sp_attack:1;1:scratch|1:tail_whip|5:ember|11:howl|14:flame_charge|17:psybeam|20:fire_spin|25:lucky_chant|27:light_screen|31:psyshock|35:flamethrower|38:will_o_wisp|41:psychic|43:sunny_day|46:magic_room|48:fire_blast;attract|confide|cut|double_team|dream_eater|echoed_voice|embargo|facade|fire_blast|flame_charge|flamethrower|frustration|grass_knot|hidden_power|incinerate|light_screen|overheat|power_up_punch|protect|psych_up|psychic|psyshock|rain_dance|rest|return|round|safeguard|secret_power|sleep_talk|solar_beam|substitute|sunny_day|swagger|thief|toxic|will_o_wisp;covet|fire_pledge|foul_play|heat_wave|iron_tail|magic_coat|magic_room|snore;heat_wave|hypnosis|magic_coat|wish;ground;braixen@16;;653;Zorro;0,4;9,4;rojo;12,5;no;Tras masticar e ingerir pequeñas ramas se siente pletórico y expulsa aire caliente por sus grandes orejas a temperaturas superiores a los 200 ºC.
braixen;Braixen;fire;59;59;58;90;70;73;blaze;;magician;medium_slow;143;45;sp_attack:2;1:scratch|1:tail_whip|5:ember|11:howl|14:flame_charge|18:psybeam|22:fire_spin|27:lucky_chant|30:light_screen|34:psyshock|41:flamethrower|45:will_o_wisp|48:psychic|51:sunny_day|53:magic_room|55:fire_blast;attract|confide|cut|double_team|dream_eater|echoed_voice|embargo|facade|fire_blast|flame_charge|flamethrower|frustration|grass_knot|hidden_power|incinerate|light_screen|overheat|power_up_punch|protect|psych_up|psychic|psyshock|rain_dance|rest|return|round|safeguard|secret_power|sleep_talk|solar_beam|substitute|sunny_day|swagger|thief|toxic|will_o_wisp;covet|fire_pledge|fire_punch|foul_play|heat_wave|iron_tail|low_kick|magic_coat|magic_room|recycle|shock_wave|skill_swap|snatch|snore|thunder_punch|trick|wonder_room|zen_headbutt;heat_wave|hypnosis|magic_coat|wish;ground;delphox@36;;654;Zorro;1;14,5;rojo;12,5;no;Tiene una rama enredada en la cola. Cuando la saca, la rama prende fuego al hacer fricción con su pelaje y se lanza al ataque con ella.
delphox;Delphox;fire|psychic;75;69;72;114;100;104;blaze;;magician;medium_slow;240;45;sp_attack:3;1:future_sight|1:role_play|1:switcheroo|1:shadow_ball|1:scratch|1:tail_whip|5:ember|11:howl|14:flame_charge|18:psybeam|22:fire_spin|27:lucky_chant|30:light_screen|34:psyshock|36:mystical_fire|42:flamethrower|47:will_o_wisp|51:psychic|55:sunny_day|58:magic_room|61:fire_blast;attract|calm_mind|confide|cut|dazzling_gleam|double_team|dream_eater|echoed_voice|embargo|facade|fire_blast|flame_charge|flamethrower|frustration|giga_impact|grass_knot|hidden_power|hyper_beam|incinerate|light_screen|overheat|power_up_punch|protect|psych_up|psychic|psyshock|rain_dance|rest|return|round|safeguard|secret_power|shadow_ball|sleep_talk|solar_beam|substitute|sunny_day|swagger|thief|toxic|trick_room|will_o_wisp;blast_burn|covet|fire_pledge|fire_punch|foul_play|heat_wave|iron_tail|low_kick|magic_coat|magic_room|recycle|role_play|shock_wave|signal_beam|skill_swap|snatch|snore|thunder_punch|trick|wonder_room|zen_headbutt;heat_wave|hypnosis|magic_coat|wish;ground;;;655;Zorro;1,5;39;rojo;12,5;no;Fija la mirada en la llama que arde en la punta de su bastón para concentrarse y prever sucesos que tienen lugar en el futuro.
froakie;Froakie;water;41;56;40;62;44;71;torrent;;protean;medium_slow;63;45;speed:1;1:pound|1:growl|5:bubble|8:quick_attack|10:lick|14:water_pulse|18:smokescreen|21:round|25:fling|29:smack_down|35:substitute|39:bounce|43:double_team|48:hydro_pump;acrobatics|aerial_ace|attract|blizzard|confide|cut|dig|dive|double_team|echoed_voice|facade|fling|frustration|grass_knot|hidden_power|ice_beam|power_up_punch|protect|rain_dance|rest|return|rock_slide|rock_smash|rock_tomb|round|scald|secret_power|sleep_talk|smack_down|strength|substitute|surf|swagger|taunt|thief|toxic|u_turn|waterfall;bounce|icy_wind|role_play|snatch|snore|spite|water_pledge|water_pulse;bestow|camouflage|mind_reader|mud_sport|toxic_spikes|water_sport;water1;frogadier@16;;656;Burburrana;0,3;7;azul;12,5;no;Secreta burbujas tanto por la espalda como por el pecho. Gracias a la elasticidad de estas, puede parar ataques y reducir el daño recibido.
frogadier;Frogadier;water;54;63;52;83;56;97;torrent;;protean;medium_slow;142;45;speed:2;1:pound|1:growl|5:bubble|8:quick_attack|10:lick|14:water_pulse|20:smokescreen|23:round|28:fling|33:smack_down|38:substitute|44:bounce|48:double_team|55:hydro_pump;acrobatics|aerial_ace|attract|blizzard|confide|cut|dark_pulse|dig|dive|double_team|echoed_voice|facade|fling|frustration|grass_knot|hidden_power|ice_beam|power_up_punch|protect|rain_dance|rest|return|rock_slide|rock_smash|rock_tomb|round|scald|secret_power|sleep_talk|smack_down|strength|substitute|surf|swagger|taunt|thief|toxic|u_turn|waterfall;bounce|gunk_shot|ice_punch|icy_wind|low_kick|role_play|snatch|snore|spite|water_pledge|water_pulse;bestow|camouflage|mind_reader|mud_sport|toxic_spikes|water_sport;water1;greninja@36;;657;Burburrana;0,6;10,9;azul;12,5;no;Puede lanzar piedras envueltas en burbujas con tal puntería, que acierta latas vacías a 30 metros de distancia.
greninja;Greninja;water|dark;72;95;67;103;71;122;torrent;;protean;medium_slow;239;45;speed:3;1:night_slash|1:role_play|1:mat_block|1:pound|1:growl|5:bubble|8:quick_attack|10:lick|14:water_pulse|20:smokescreen|23:shadow_sneak|28:spikes|33:feint_attack|36:water_shuriken|43:substitute|49:extrasensory|52:double_team|56:haze|60:hydro_pump;acrobatics|aerial_ace|attract|blizzard|confide|cut|dark_pulse|dig|dive|double_team|echoed_voice|facade|fling|frustration|giga_impact|grass_knot|hidden_power|hyper_beam|ice_beam|power_up_punch|protect|rain_dance|rest|return|rock_slide|rock_smash|rock_tomb|round|scald|secret_power|sleep_talk|smack_down|strength|substitute|surf|swagger|taunt|thief|toxic|u_turn|waterfall;bounce|gunk_shot|hydro_cannon|ice_punch|icy_wind|low_kick|role_play|snatch|snore|spite|water_pledge|water_pulse;bestow|camouflage|mind_reader|mud_sport|toxic_spikes|water_sport;water1;;;658;Ninja;1,5;40;azul;12,5;no;Comprime el agua y crea estrellas ninja con las que ataca al enemigo. Cuando las hace girar a gran velocidad cortan en dos hasta el metal.
bunnelby;Bunnelby;normal;38;36;38;32;36;57;pickup;cheek_pouch;huge_power;medium_fast;47;255;speed:1;1:tackle|1:agility|1:leer|7:quick_attack|10:double_slap|13:mud_slap|15:take_down|18:mud_shot|20:double_kick|25:odor_sleuth|29:flail|33:dig|38:bounce|42:super_fang|47:facade|49:earthquake;attract|brick_break|bulk_up|bulldoze|confide|cut|dig|double_team|earthquake|facade|fling|frustration|grass_knot|hidden_power|nature_power|payback|power_up_punch|protect|rest|return|rock_slide|rock_smash|rock_tomb|round|sandstorm|secret_power|sleep_talk|sludge_bomb|smack_down|stone_edge|strength|substitute|surf|swagger|thief|torment|toxic|u_turn|wild_charge;bounce|endeavor|iron_head|iron_tail|last_resort|recycle|snore|super_fang;defense_curl|rollout|spikes;ground;diggersby@20;;659;Excavador;0,4;5;marrón;50;no;Usa sus grandes orejas para excavar en la tierra y así crear madrigueras. Puede pasarse una noche entera cavando sin parar.
diggersby;Diggersby;normal|ground;85;56;77;50;77;78;pickup;cheek_pouch;huge_power;medium_fast;148;127;hp:2;1:hammer_arm|1:rototiller|1:bulldoze|1:swords_dance|1:tackle|1:agility|1:leer|7:quick_attack|13:mud_slap|15:take_down|18:mud_shot|20:double_kick|26:odor_sleuth|31:flail|37:dig|42:bounce|48:super_fang|53:facade|57:earthquake;attract|brick_break|bulk_up|bulldoze|confide|cut|dig|double_team|earthquake|facade|fling|frustration|giga_impact|grass_knot|hidden_power|hyper_beam|nature_power|payback|power_up_punch|protect|rest|return|rock_slide|rock_smash|rock_tomb|round|sandstorm|secret_power|sleep_talk|sludge_bomb|smack_down|stone_edge|strength|substitute|surf|swagger|swords_dance|thief|torment|toxic|u_turn|wild_charge;bounce|earth_power|endeavor|fire_punch|focus_punch|foul_play|gastro_acid|gunk_shot|ice_punch|iron_head|iron_tail|knock_off|last_resort|low_kick|recycle|snatch|snore|super_fang|superpower|thunder_punch|uproar;defense_curl|rollout|spikes;ground;;;660;Excavador;1;42,4;marrón;50;no;Sus grandes orejas tienen tal fuerza que con ellas puede levantar con facilidad rocas de más de una tonelada. Es de una ayuda inestimable en las obras.
fletchling;Fletchling;normal|flying;45;50;43;40;38;62;big_pecks;;gale_wings;medium_slow;56;255;speed:1;1:tackle|1:growl|6:quick_attack|10:peck|13:agility|16:flail|21:roost|25:razor_wind|29:natural_gift|34:flame_charge|39:acrobatics|41:me_first|45:tailwind|48:steel_wing;acrobatics|aerial_ace|attract|confide|double_team|facade|flame_charge|fly|frustration|hidden_power|overheat|protect|rest|return|roost|round|secret_power|sleep_talk|steel_wing|substitute|sunny_day|swagger|swords_dance|taunt|thief|toxic|u_turn;heat_wave|snatch|snore|tailwind;quick_guard|snatch|tailwind;flying;fletchinder@17;;661;Petirrojo;0,3;1,7;rojo;50;no;Es muy amigable y se comunica con sus aliados mediante melodiosos gorjeos y el movimiento de su cola y sus gráciles alas.
fletchinder;Fletchinder;fire|flying;62;73;55;56;52;84;flame_body;;gale_wings;medium_slow;134;120;speed:2;1:tackle|1:growl|6:quick_attack|10:peck|13:agility|16:flail|17:ember|25:roost|27:razor_wind|31:natural_gift|38:flame_charge|42:acrobatics|46:me_first|51:tailwind|55:steel_wing;acrobatics|aerial_ace|attract|confide|double_team|facade|fire_blast|flame_charge|flamethrower|fly|frustration|hidden_power|incinerate|overheat|protect|rest|return|roost|round|secret_power|sleep_talk|steel_wing|substitute|sunny_day|swagger|swords_dance|taunt|thief|toxic|u_turn|will_o_wisp;heat_wave|snatch|snore|tailwind;quick_guard|snatch|tailwind;flying;talonflame@35;;662;Lumbre;0,7;16;rojo;50;no;Lanza chispas por su pico y prende fuego a la hierba alta para así sorprender a sus presas y atraparlas cuando intentan escapar.
talonflame;Talonflame;fire|flying;78;81;71;74;69;126;flame_body;;gale_wings;medium_slow;175;45;speed:3;1:brave_bird|1:flare_blitz|1:tackle|1:growl|6:quick_attack|10:peck|13:agility|16:flail|17:ember|25:roost|27:razor_wind|31:natural_gift|39:flame_charge|44:acrobatics|49:me_first|55:tailwind|60:steel_wing;acrobatics|aerial_ace|attract|bulk_up|confide|double_team|facade|fire_blast|flame_charge|flamethrower|fly|frustration|giga_impact|hidden_power|hone_claws|hyper_beam|incinerate|overheat|protect|rest|return|roost|round|secret_power|sleep_talk|solar_beam|steel_wing|substitute|sunny_day|swagger|swords_dance|taunt|thief|toxic|u_turn|will_o_wisp;heat_wave|snatch|snore|tailwind;quick_guard|snatch|tailwind;flying;;;663;Flamígero;1,2;24,5;rojo;50;no;Si se exalta durante un combate reñido, arroja chispas y ascuas de los intersticios entre su plumaje mientras vuela.
scatterbug;Scatterbug;bug;38;35;40;27;25;35;shield_dust;compound_eyes;friend_guard;medium_fast;40;255;defense:1;1:tackle|1:string_shot|6:stun_spore|15:bug_bite;;bug_bite;poison_powder|rage_powder|stun_spore;bug;spewpa@9;;664;Tiraescamas;0,3;2,5;negro;50;no;Cuando recibe el ataque de un Pokémon pájaro, expulsa unas escamas negras que provocan parálisis si se entra en contacto con ellas.
spewpa;Spewpa;bug;45;22;60;27;30;29;shed_skin;;friend_guard;medium_fast;75;120;defense:2;1:harden|9:protect;protect;bug_bite|electroweb|iron_defense;poison_powder|rage_powder|stun_spore;bug;vivillon@12;;665;Tiraescamas;0,3;8,4;negro;50;no;Habita en la sombra de la espesura. Si percibe alguna amenaza, su pelaje se eriza y se vuelve muy afilado para así intimidar al enemigo.
vivillon;Vivillon;bug|flying;80;52;50;90;50;89;shield_dust;compound_eyes;friend_guard;medium_fast;185;45;hp:1|sp_attack:1|speed:1;1:powder|1:sleep_powder|1:poison_powder|1:stun_spore|1:gust|1:light_screen|12:struggle_bug|17:psybeam|21:supersonic|25:draining_kiss|31:aromatherapy|35:bug_buzz|41:safeguard|45:quiver_dance|50:hurricane;acrobatics|aerial_ace|attract|calm_mind|confide|double_team|dream_eater|energy_ball|facade|flash|frustration|giga_impact|hidden_power|hyper_beam|infestation|light_screen|protect|psych_up|psychic|rain_dance|rest|return|roost|round|safeguard|secret_power|sleep_talk|solar_beam|struggle_bug|substitute|sunny_day|swagger|thief|toxic|u_turn;bug_bite|electroweb|endeavor|giga_drain|signal_beam|snore|tailwind;poison_powder|rage_powder|stun_spore;bug;;;666;Escamaposa;1,2;17;blanco;50;no;En el mundo existen Vivillon con diferentes motivos en sus alas. El clima de cada región influye en sus rasgos.
litleo;Litleo;fire|normal;62;50;58;73;54;72;rivalry;unnerve;moxie;medium_slow;74;220;sp_attack:1;1:tackle|1:leer|5:ember|8:work_up|11:headbutt|15:noble_roar|20:take_down|23:fire_fang|28:endeavor|33:echoed_voice|36:flamethrower|39:crunch|43:hyper_voice|46:incinerate|50:overheat;attract|bulldoze|confide|dark_pulse|dig|double_team|echoed_voice|facade|fire_blast|flame_charge|flamethrower|frustration|hidden_power|incinerate|overheat|payback|protect|rain_dance|rest|retaliate|return|roar|rock_smash|round|secret_power|sleep_talk|snarl|solar_beam|strength|substitute|sunny_day|swagger|taunt|thief|toxic|wild_charge|will_o_wisp;endeavor|heat_wave|helping_hand|hyper_voice|iron_tail|snatch|snore;entrainment|fire_spin|snatch|yawn;ground;pyroar@35;;667;Leoncito;0,6;13,5;marrón;87,5;no;Cuanto más poderoso es el enemigo al que se enfrenta, más calor desprende su mechón y más energía recorre todo su cuerpo.
pyroar;Pyroar;fire|normal;86;68;72;109;66;106;rivalry;unnerve;moxie;medium_slow;177;65;sp_attack:2;1:hyper_beam|1:tackle|1:leer|5:ember|8:work_up|11:headbutt|15:noble_roar|20:take_down|23:fire_fang|28:endeavor|33:echoed_voice|38:flamethrower|42:crunch|48:hyper_voice|51:incinerate|57:overheat;attract|bulldoze|confide|dark_pulse|dig|double_team|echoed_voice|facade|fire_blast|flame_charge|flamethrower|frustration|giga_impact|hidden_power|hyper_beam|incinerate|overheat|payback|protect|rain_dance|rest|retaliate|return|roar|rock_smash|round|secret_power|sleep_talk|snarl|solar_beam|strength|substitute|sunny_day|swagger|taunt|thief|toxic|wild_charge|will_o_wisp;bounce|endeavor|heat_wave|helping_hand|hyper_voice|iron_tail|snatch|snore;entrainment|fire_spin|snatch|yawn;ground;;;668;Regio;1,5;81,5;marrón;87,5;no;El macho con la melena de fuego más grande de toda la manada es el líder de sus compañeros.
flabebe;Flabébé;fairy;44;38;39;61;79;42;flower_veil;;symbiosis;medium_fast;61;225;sp_defense:1;1:tackle|1:vine_whip|6:fairy_wind|10:lucky_chant|15:razor_leaf|20:wish|22:magical_leaf|24:grassy_terrain|28:petal_blizzard|33:aromatherapy|37:misty_terrain|41:moonblast|45:petal_dance|48:solar_beam;attract|calm_mind|confide|dazzling_gleam|double_team|echoed_voice|energy_ball|facade|flash|frustration|grass_knot|hidden_power|nature_power|protect|psychic|rain_dance|rest|return|round|safeguard|secret_power|sleep_talk|solar_beam|substitute|sunny_day|swagger|toxic;after_you|covet|endeavor|giga_drain|heal_bell|helping_hand|magic_coat|seed_bomb|snore|synthesis|worry_seed;camouflage|captivate|copycat;fairy;floette@19;;669;Monoflor;0,1;0,1;blanco;100;no;Puede controlar el poder oculto de las flores. La flor que lleva consigo es como si formara parte de su cuerpo.
floette;Floette;fairy;54;45;47;75;98;52;flower_veil;;symbiosis;medium_fast;130;120;sp_defense:2;1:tackle|1:vine_whip|6:fairy_wind|10:lucky_chant|15:razor_leaf|20:wish|25:magical_leaf|27:grassy_terrain|33:petal_blizzard|38:aromatherapy|43:misty_terrain|46:moonblast|51:petal_dance|58:solar_beam;attract|calm_mind|confide|dazzling_gleam|double_team|echoed_voice|energy_ball|facade|flash|frustration|grass_knot|hidden_power|nature_power|protect|psychic|rain_dance|rest|return|round|safeguard|secret_power|sleep_talk|solar_beam|substitute|sunny_day|swagger|toxic;after_you|covet|endeavor|giga_drain|heal_bell|helping_hand|magic_coat|seed_bomb|snore|synthesis|worry_seed;camouflage|captivate|copycat;fairy;florges@objeto:shiny_stone;;670;Monoflor;0,2;0,9;blanco;100;no;Revolotea alrededor de campos de flores y cuida de aquellas que empiezan a marchitarse. Usa en combate el poder oculto de las flores.
florges;Florges;fairy;78;65;68;112;154;75;flower_veil;;symbiosis;medium_fast;248;45;sp_defense:3;1:disarming_voice|1:lucky_chant|1:wish|1:magical_leaf|1:flower_shield|1:grass_knot|1:grassy_terrain|1:petal_blizzard|1:misty_terrain|1:moonblast|1:petal_dance|1:aromatherapy;attract|calm_mind|confide|dazzling_gleam|double_team|echoed_voice|energy_ball|facade|flash|frustration|giga_impact|grass_knot|hidden_power|hyper_beam|light_screen|nature_power|protect|psychic|rain_dance|rest|return|round|safeguard|secret_power|sleep_talk|solar_beam|substitute|sunny_day|swagger|toxic;after_you|covet|endeavor|giga_drain|heal_bell|helping_hand|magic_coat|seed_bomb|snore|synthesis|worry_seed;camouflage|captivate|copycat;fairy;;;671;Jardín;1,1;10;blanco;100;no;Habita en preciosos jardines floridos. Absorbe la energía que emiten las plantas y la convierte en su fuente de poder.
skiddo;Skiddo;grass;66;65;48;62;57;52;sap_sipper;;grass_pelt;medium_fast;70;200;hp:1;1:tackle|1:growth|7:vine_whip|9:tail_whip|12:leech_seed|13:razor_leaf|16:worry_seed|20:synthesis|22:take_down|26:bulldoze|30:seed_bomb|34:bulk_up|38:double_edge|42:horn_leech|45:leaf_blade|50:milk_drink;attract|brick_break|bulk_up|bulldoze|confide|dig|double_team|energy_ball|facade|frustration|grass_knot|hidden_power|nature_power|payback|protect|rain_dance|rest|retaliate|return|roar|rock_slide|rock_smash|round|secret_power|sleep_talk|solar_beam|strength|substitute|sunny_day|surf|swagger|toxic|wild_charge;giga_drain|iron_tail|seed_bomb|snore|synthesis|worry_seed|zen_headbutt;defense_curl|milk_drink|rollout;ground;gogoat@32;;672;Montura;0,9;31;marrón;50;no;Se dice que fue la primera especie de Pokémon que se acostumbró a vivir con los seres humanos. Tiene una naturaleza muy afable.
gogoat;Gogoat;grass;123;100;62;97;81;68;sap_sipper;;grass_pelt;medium_fast;186;45;hp:2;1:aerial_ace|1:tackle|1:growth|7:vine_whip|9:tail_whip|12:leech_seed|13:razor_leaf|16:worry_seed|20:synthesis|22:take_down|26:bulldoze|30:seed_bomb|34:bulk_up|40:double_edge|47:horn_leech|55:leaf_blade|58:milk_drink|60:earthquake;aerial_ace|attract|brick_break|bulk_up|bulldoze|confide|dig|double_team|earthquake|energy_ball|facade|frustration|giga_impact|grass_knot|hidden_power|hyper_beam|nature_power|payback|protect|rain_dance|rest|retaliate|return|roar|rock_slide|rock_smash|round|secret_power|sleep_talk|solar_beam|strength|substitute|sunny_day|surf|swagger|toxic|wild_charge;bounce|giga_drain|iron_tail|seed_bomb|snore|superpower|synthesis|worry_seed|zen_headbutt;defense_curl|milk_drink|rollout;ground;;;673;Montura;1,7;91;marrón;50;no;Percibe los sentimientos del Entrenador por la forma en la que agarra sus cuernos, aunque sean variaciones sutiles, y así avanzan como si fueran un solo ente.
pancham;Pancham;fighting;67;82;62;46;48;43;iron_fist;mold_breaker;scrappy;medium_fast;70;220;attack:1;1:tackle|1:leer|7:arm_thrust|10:work_up|12:karate_chop|15:comet_punch|20:slash|25:circle_throw|27:vital_throw|33:body_slam|39:crunch|42:entrainment|45:parting_shot|48:sky_uppercut;aerial_ace|attract|brick_break|bulk_up|bulldoze|confide|cut|dark_pulse|dig|double_team|echoed_voice|facade|false_swipe|fling|frustration|grass_knot|hidden_power|low_sweep|payback|power_up_punch|protect|rain_dance|rest|retaliate|return|roar|rock_slide|rock_smash|rock_tomb|round|secret_power|shadow_claw|sleep_talk|sludge_bomb|stone_edge|strength|substitute|sunny_day|surf|swagger|swords_dance|torment|toxic;block|covet|drain_punch|dual_chop|endeavor|fire_punch|focus_punch|foul_play|gunk_shot|helping_hand|hyper_voice|ice_punch|iron_head|knock_off|low_kick|snatch|snore|spite|superpower|thunder_punch|uproar|zen_headbutt;foul_play|me_first|quash|quick_guard|storm_throw;ground|humanshape;pangoro@32+equipo_tipo:dark;;674;Juguetón;0,6;8;blanco;50;no;Se esfuerza mucho para que el enemigo no lo menosprecie, pero su mirada no intimida demasiado. Se caracteriza por mascar siempre una hoja.
pangoro;Pangoro;fighting|dark;95;124;78;69;71;58;iron_fist;mold_breaker;scrappy;medium_fast;173;65;attack:2;1:entrainment|1:hammer_arm|1:tackle|1:leer|7:arm_thrust|10:work_up|12:karate_chop|15:comet_punch|20:slash|25:circle_throw|27:vital_throw|35:body_slam|42:crunch|48:parting_shot|52:sky_uppercut|65:taunt|70:low_sweep;aerial_ace|attract|brick_break|bulk_up|bulldoze|confide|cut|dark_pulse|dig|double_team|dragon_claw|earthquake|echoed_voice|embargo|facade|false_swipe|fling|focus_blast|frustration|giga_impact|grass_knot|hidden_power|hone_claws|hyper_beam|infestation|low_sweep|payback|poison_jab|power_up_punch|protect|quash|rain_dance|rest|retaliate|return|roar|rock_slide|rock_smash|rock_tomb|round|secret_power|shadow_claw|sleep_talk|sludge_bomb|snarl|stone_edge|strength|substitute|sunny_day|surf|swagger|swords_dance|taunt|thief|torment|toxic|x_scissor;block|covet|drain_punch|dual_chop|endeavor|fire_punch|focus_punch|foul_play|gunk_shot|helping_hand|hyper_voice|ice_punch|iron_head|knock_off|low_kick|outrage|snatch|snore|spite|superpower|thunder_punch|uproar|zen_headbutt;foul_play|me_first|quash|quick_guard|storm_throw;ground|humanshape;;;675;Rostro Fiero;2,1;136;blanco;50;no;Es muy temperamental, pero no permite que nadie se meta con los débiles. Mediante su hoja, predice los movimientos del enemigo.
furfrou;Furfrou;normal;75;80;60;65;90;102;fur_coat;;;medium_fast;165;160;speed:1;1:tackle|1:growl|5:sand_attack|9:baby_doll_eyes|12:headbutt|15:tail_whip|22:bite|27:odor_sleuth|33:retaliate|35:take_down|38:charm|42:sucker_punch|48:cotton_guard;attract|charge_beam|confide|dark_pulse|dig|double_team|echoed_voice|facade|flash|frustration|giga_impact|grass_knot|hidden_power|protect|rain_dance|rest|retaliate|return|roar|rock_smash|round|secret_power|sleep_talk|snarl|substitute|sunny_day|surf|swagger|thunder_wave|toxic|u_turn|wild_charge;endeavor|helping_hand|hyper_voice|iron_tail|last_resort|role_play|snore|uproar|zen_headbutt;captivate|mimic|refresh|role_play|work_up;ground;;;676;Caniche;1,2;28;blanco;50;no;Cuando le esquilan su mullido pelaje, no solo mejora su apariencia, sino que aumenta su agilidad.
espurr;Espurr;psychic;62;48;54;63;60;68;keen_eye;infiltrator;own_tempo;medium_fast;71;190;speed:1;1:scratch|1:leer|5:covet|9:confusion|13:light_screen|17:psybeam|19:fake_out|22:disarming_voice|25:psyshock;attract|calm_mind|charge_beam|confide|cut|dark_pulse|double_team|dream_eater|echoed_voice|energy_ball|facade|flash|frustration|hidden_power|light_screen|payback|protect|psych_up|psychic|psyshock|rain_dance|reflect|rest|return|round|safeguard|secret_power|sleep_talk|substitute|sunny_day|swagger|thunder_wave|thunderbolt|torment|toxic|trick_room;covet|gravity|heal_bell|helping_hand|iron_tail|magic_coat|magic_room|recycle|role_play|shock_wave|signal_beam|snatch|snore|trick|wonder_room|zen_headbutt;assist|barrier|trick|yawn;ground;meowstic@25;;677;Moderación;0,3;3,5;gris;50;no;Protege con las orejas el órgano con el que irradia su intenso poder psíquico para evitar que este se escape al exterior.
meowstic;Meowstic;psychic;74;48;76;83;81;104;keen_eye;infiltrator;prankster;medium_fast;163;75;speed:2;1:quick_guard|1:mean_look|1:helping_hand|1:scratch|1:leer|5:covet|9:confusion|13:light_screen|17:psybeam|19:fake_out|22:disarming_voice|25:psyshock|28:charm|31:miracle_eye|35:reflect|40:psychic|43:role_play|45:imprison|48:sucker_punch|50:misty_terrain;attract|calm_mind|charge_beam|confide|cut|dark_pulse|dig|double_team|dream_eater|echoed_voice|energy_ball|facade|flash|frustration|giga_impact|hidden_power|hyper_beam|light_screen|payback|power_up_punch|protect|psych_up|psychic|psyshock|rain_dance|reflect|rest|return|round|safeguard|secret_power|shadow_ball|sleep_talk|substitute|sunny_day|swagger|thunder_wave|thunderbolt|torment|toxic|trick_room;covet|gravity|heal_bell|helping_hand|iron_tail|magic_coat|magic_room|recycle|role_play|shock_wave|signal_beam|snatch|snore|trick|wonder_room|zen_headbutt;assist|barrier|trick|yawn;ground;;;678;Autocontrol;0,6;8,5;azul;50;no;Cuando percibe peligro, yergue sus orejas y desata un poder psíquico capaz de levantar un camión de unas 10 toneladas.
honedge;Honedge;steel|ghost;45;80;100;35;37;28;no_guard;;;medium_fast;65;180;defense:1;1:tackle|1:swords_dance|5:fury_cutter|8:metal_sound|13:pursuit|18:autotomize|20:shadow_sneak|22:aerial_ace|26:retaliate|29:slash|32:iron_defense|35:night_slash|39:power_trick|42:iron_head|47:sacred_sword;aerial_ace|attract|brick_break|confide|cut|double_team|facade|false_swipe|flash_cannon|frustration|gyro_ball|hidden_power|protect|rain_dance|reflect|rest|retaliate|return|rock_slide|rock_smash|secret_power|shadow_claw|sleep_talk|substitute|swagger|swords_dance|toxic;after_you|iron_defense|iron_head|magnet_rise|shock_wave|snore|spite;destiny_bond|metal_sound|shadow_sneak|wide_guard;mineral;doublade@35;;679;Tizona;0,8;2;marrón;50;no;Cuentan que este Pokémon nace cuando el espíritu de un difunto toma posesión de una espada antigua. Se aferra a las personas y absorbe su energía.
doublade;Doublade;steel|ghost;59;110;150;45;49;35;no_guard;;;medium_fast;157;90;defense:2;1:tackle|1:swords_dance|5:fury_cutter|8:metal_sound|13:pursuit|18:autotomize|20:shadow_sneak|22:aerial_ace|26:retaliate|29:slash|32:iron_defense|36:night_slash|41:power_trick|45:iron_head|51:sacred_sword;aerial_ace|attract|brick_break|confide|cut|double_team|facade|false_swipe|flash_cannon|frustration|gyro_ball|hidden_power|protect|rain_dance|reflect|rest|retaliate|return|rock_slide|rock_smash|secret_power|shadow_claw|sleep_talk|substitute|swagger|swords_dance|toxic;after_you|iron_defense|iron_head|magnet_rise|shock_wave|snore|spite;destiny_bond|metal_sound|shadow_sneak|wide_guard;mineral;aegislash@objeto:dusk_stone;;680;Tizona;0,8;4,5;marrón;50;no;Al evolucionar se divide en dos espadas. Se comunican entre sí mediante telepatía y coordinan los ataques para rebanar al enemigo.
aegislash;Aegislash;steel|ghost;60;50;140;50;140;60;stance_change;;;medium_fast;234;45;defense:2|sp_defense:1;1:fury_cutter|1:pursuit|1:autotomize|1:shadow_sneak|1:slash|1:iron_defense|1:night_slash|1:power_trick|1:iron_head|1:head_smash|1:swords_dance|1:aerial_ace|1:kings_shield|1:sacred_sword;aerial_ace|attract|brick_break|confide|cut|double_team|facade|false_swipe|flash_cannon|frustration|giga_impact|gyro_ball|hidden_power|hyper_beam|protect|rain_dance|reflect|rest|retaliate|return|rock_slide|rock_smash|round|secret_power|shadow_ball|shadow_claw|sleep_talk|substitute|sunny_day|swagger|swords_dance|toxic;after_you|block|iron_defense|iron_head|magnet_rise|shock_wave|snore|spite;destiny_bond|metal_sound|shadow_sneak|wide_guard;mineral;;;681;Espada Real;1,7;53;marrón;50;no;Han permanecido junto a estirpes de reyes durante generaciones. Mediante su poder espectral pueden controlar a humanos y a Pokémon.
spritzee;Spritzee;fairy;78;52;60;63;65;23;healer;;aroma_veil;medium_fast;68;200;hp:1;1:sweet_scent|1:fairy_wind|6:sweet_kiss|8:odor_sleuth|13:echoed_voice|17:calm_mind|21:draining_kiss|25:aromatherapy|29:attract|31:moonblast|35:charm|38:flail|42:misty_terrain|44:skill_swap|48:psychic|50:disarming_voice;attract|calm_mind|charge_beam|confide|dazzling_gleam|double_team|dream_eater|echoed_voice|energy_ball|facade|flash|flash_cannon|frustration|gyro_ball|hidden_power|light_screen|protect|psych_up|psychic|rain_dance|reflect|rest|return|round|secret_power|sleep_talk|substitute|sunny_day|swagger|thunderbolt|torment|toxic|trick_room;after_you|covet|endeavor|heal_bell|helping_hand|magic_coat|skill_swap|snore;captivate|disable|refresh|wish;fairy;aromatisse@intercambio:sachet;;682;Aroma;0,2;0,5;rosa;50;no;Su cuerpo emana una fragancia que embelesa a quien la huele. La fragancia es diferente según los alimentos que ingiere.
aromatisse;Aromatisse;fairy;101;72;72;99;89;29;healer;;aroma_veil;medium_fast;162;140;hp:2;1:aromatic_mist|1:heal_pulse|1:sweet_scent|1:fairy_wind|6:sweet_kiss|8:odor_sleuth|13:echoed_voice|17:calm_mind|21:draining_kiss|25:aromatherapy|29:attract|31:moonblast|35:charm|38:flail|42:misty_terrain|44:skill_swap|48:psychic|53:disarming_voice|57:reflect|64:psych_up;attract|calm_mind|charge_beam|confide|dazzling_gleam|double_team|dream_eater|echoed_voice|energy_ball|facade|flash|flash_cannon|frustration|giga_impact|gyro_ball|hidden_power|hyper_beam|light_screen|protect|psych_up|psychic|psyshock|rain_dance|reflect|rest|return|round|secret_power|sleep_talk|substitute|sunny_day|swagger|thunder|thunderbolt|torment|toxic|trick_room;after_you|covet|drain_punch|endeavor|heal_bell|helping_hand|magic_coat|skill_swap|snore;captivate|disable|refresh|wish;fairy;;;683;Fragancia;0,8;15,5;rosa;50;no;Puede producir multitud de olores diferentes y, en combate, secreta los que le resultan molestos al enemigo para así contar con cierta ventaja.
swirlix;Swirlix;fairy;62;48;66;59;57;49;sweet_veil;;unburden;medium_fast;68;200;defense:1;1:sweet_scent|1:tackle|5:fairy_wind|8:play_nice|10:fake_tears|13:round|17:cotton_spore|21:endeavor|26:aromatherapy|31:draining_kiss|36:energy_ball|41:cotton_guard|45:wish|49:play_rough|58:light_screen|67:safeguard;attract|calm_mind|confide|dazzling_gleam|double_team|dream_eater|energy_ball|facade|flamethrower|flash|frustration|hidden_power|light_screen|protect|psych_up|psychic|rain_dance|rest|return|round|safeguard|secret_power|sleep_talk|substitute|sunny_day|surf|swagger|thief|thunderbolt|toxic;after_you|covet|endeavor|gastro_acid|heal_bell|helping_hand|magic_coat|snore;after_you|belly_drum|copycat|yawn;fairy;slurpuff@intercambio:whipped_dream;;684;Chuchería;0,4;3,5;blanco;50;no;Escupe hebras pegajosas de color blanco y textura parecida a la del algodón de azúcar, con las que envuelve al enemigo y le impide que se mueva.
slurpuff;Slurpuff;fairy;82;80;86;85;75;72;sweet_veil;;unburden;medium_fast;168;140;defense:2;1:sweet_scent|1:tackle|5:fairy_wind|8:play_nice|10:fake_tears|13:round|17:cotton_spore|21:endeavor|26:aromatherapy|31:draining_kiss|36:energy_ball|41:cotton_guard|45:wish|49:play_rough|58:light_screen|67:safeguard;attract|calm_mind|confide|dazzling_gleam|double_team|dream_eater|energy_ball|facade|flamethrower|flash|frustration|giga_impact|hidden_power|hyper_beam|light_screen|protect|psych_up|psychic|rain_dance|rest|return|round|safeguard|secret_power|sleep_talk|substitute|sunny_day|surf|swagger|thief|thunderbolt|toxic;after_you|covet|drain_punch|endeavor|gastro_acid|heal_bell|helping_hand|magic_coat|snore;after_you|belly_drum|copycat|yawn;fairy;;;685;Nata;0,8;5;blanco;50;no;Puede rastrear hasta el más débil de los olores. Hace uso de su fino olfato para ayudar a los pasteleros más exquisitos.
inkay;Inkay;dark|psychic;53;54;53;37;46;45;contrary;suction_cups;infiltrator;medium_fast;58;190;attack:1;1:tackle|1:peck|1:constrict|4:reflect|8:foul_play|12:swagger|13:psywave|15:topsy_turvy|18:hypnosis|21:psybeam|23:switcheroo|27:payback|31:light_screen|35:pluck|39:psycho_cut|43:slash|46:night_slash|48:superpower;aerial_ace|attract|calm_mind|confide|cut|dark_pulse|double_team|embargo|facade|flamethrower|flash|fling|frustration|hidden_power|light_screen|payback|protect|psych_up|psychic|rain_dance|reflect|rest|retaliate|return|rock_slide|round|secret_power|sleep_talk|substitute|sunny_day|swagger|taunt|thief|thunderbolt|torment|toxic|trick_room;bind|foul_play|knock_off|role_play|snatch|snore|spite|superpower;camouflage|destiny_bond|flatter|power_split|simple_beam;water1|water2;malamar@30;;686;Rotación;0,4;3,5;azul;50;no;Los enemigos que contemplan el titilante fulgor de su brillante cuerpo terminan mareándose y pierden las ganas de continuar combatiendo.
malamar;Malamar;dark|psychic;86;92;88;68;75;73;contrary;suction_cups;infiltrator;medium_fast;169;80;attack:2;1:superpower|1:reversal|1:tackle|1:peck|1:constrict|4:reflect|8:foul_play|12:swagger|13:psywave|15:topsy_turvy|18:hypnosis|21:psybeam|23:switcheroo|27:payback|31:light_screen|35:pluck|39:psycho_cut|43:slash|46:night_slash;aerial_ace|attract|calm_mind|confide|cut|dark_pulse|double_team|embargo|facade|flamethrower|flash|fling|frustration|giga_impact|hidden_power|hyper_beam|light_screen|payback|protect|psych_up|psychic|psyshock|rain_dance|reflect|rest|retaliate|return|rock_slide|round|secret_power|sleep_talk|substitute|sunny_day|swagger|taunt|thief|thunderbolt|torment|toxic|trick_room;bind|block|foul_play|knock_off|role_play|signal_beam|snatch|snore|spite|superpower;camouflage|destiny_bond|flatter|power_split|simple_beam;water1|water2;;;687;Revolución;1,5;47;azul;50;no;Tiene a su disposición los poderes hipnóticos más poderosos de entre todos los Pokémon. Controla al enemigo a su voluntad.
binacle;Binacle;rock|water;42;52;67;39;56;50;tough_claws;sniper;pickpocket;medium_fast;61;120;attack:1;1:shell_smash|1:scratch|1:sand_attack|4:water_gun|7:withdraw|10:fury_swipes|13:slash|18:mud_slap|20:clamp|24:rock_polish|28:ancient_power|32:hone_claws|37:fury_cutter|41:night_slash|45:razor_shell|49:cross_chop;aerial_ace|attract|blizzard|brick_break|bulldoze|confide|cut|dig|double_team|earthquake|embargo|facade|false_swipe|fling|frustration|grass_knot|hidden_power|hone_claws|ice_beam|infestation|nature_power|payback|poison_jab|power_up_punch|protect|rain_dance|rest|return|rock_polish|rock_slide|rock_smash|rock_tomb|round|safeguard|sandstorm|scald|secret_power|shadow_claw|sleep_talk|sludge_bomb|sludge_wave|smack_down|stone_edge|strength|substitute|surf|swagger|swords_dance|taunt|thief|torment|toxic|x_scissor;dual_chop|endeavor|helping_hand|icy_wind|iron_defense|snore|stealth_rock|water_pulse;helping_hand|switcheroo|tickle|water_sport;water3;barbaracle@39;;688;Dos Manos;0,5;31;marrón;50;no;Dos Binacle conviven en la misma roca, pero cuando se produce un altercado entre ambos, uno de ellos se muda a otra.
barbaracle;Barbaracle;rock|water;72;105;115;54;86;68;tough_claws;sniper;pickpocket;medium_fast;175;45;attack:2;1:stone_edge|1:skull_bash|1:shell_smash|1:scratch|1:sand_attack|4:water_gun|7:withdraw|10:fury_swipes|13:slash|18:mud_slap|20:clamp|24:rock_polish|28:ancient_power|32:hone_claws|37:fury_cutter|44:night_slash|48:razor_shell|55:cross_chop;aerial_ace|attract|blizzard|brick_break|bulk_up|bulldoze|confide|cut|dig|double_team|dragon_claw|earthquake|embargo|facade|false_swipe|fling|focus_blast|frustration|giga_impact|grass_knot|hidden_power|hone_claws|hyper_beam|ice_beam|infestation|nature_power|payback|poison_jab|power_up_punch|protect|rain_dance|rest|return|rock_polish|rock_slide|rock_smash|rock_tomb|round|safeguard|sandstorm|scald|secret_power|shadow_claw|sleep_talk|sludge_bomb|sludge_wave|smack_down|stone_edge|strength|substitute|surf|swagger|swords_dance|taunt|thief|torment|toxic|x_scissor;dual_chop|earth_power|endeavor|helping_hand|icy_wind|iron_defense|low_kick|snore|stealth_rock|superpower|water_pulse;helping_hand|switcheroo|tickle|water_sport;water3;;;689;Combinación;1,3;96;marrón;50;no;Al evolucionar, los dos Binacle se dividen y dan lugar a siete criaturas que se aglomeran formando un Barbaracle y suman su poder al combatir.
skrelp;Skrelp;poison|water;50;60;60;60;60;30;poison_point;poison_touch;adaptability;medium_fast;64;225;sp_defense:1;1:tackle|1:smokescreen|1:water_gun|5:feint_attack|9:tail_whip|12:bubble|15:acid|19:camouflage|23:poison_tail|25:water_pulse|28:double_team|32:toxic|35:aqua_tail|38:sludge_bomb|42:hydro_pump|49:dragon_pulse;attract|confide|dive|double_team|facade|frustration|hail|hidden_power|protect|rain_dance|rest|return|round|scald|secret_power|shadow_ball|sleep_talk|sludge_bomb|sludge_wave|substitute|surf|swagger|thunderbolt|toxic|venoshock|waterfall;aqua_tail|bounce|dragon_pulse|gunk_shot|icy_wind|iron_tail|outrage|shock_wave|snore|water_pulse;acid_armor|haze|play_rough|toxic_spikes|venom_drench;water1|dragon;dragalge@48;;690;Pseudoalga;0,5;7,3;marrón;50;no;Adopta la apariencia de algas podridas y lanza un líquido venenoso a las presas desprevenidas que pasan cerca.
dragalge;Dragalge;poison|dragon;65;75;90;97;123;44;poison_point;poison_touch;adaptability;medium_fast;173;55;sp_defense:2;1:dragon_tail|1:twister|1:tackle|1:smokescreen|1:water_gun|5:feint_attack|9:tail_whip|12:bubble|15:acid|19:camouflage|23:poison_tail|25:water_pulse|28:double_team|32:toxic|35:aqua_tail|38:sludge_bomb|42:hydro_pump|53:dragon_pulse;attract|confide|dive|double_team|dragon_tail|facade|focus_blast|frustration|giga_impact|hail|hidden_power|hyper_beam|protect|rain_dance|rest|return|round|scald|secret_power|shadow_ball|sleep_talk|sludge_bomb|sludge_wave|substitute|surf|swagger|thunder|thunderbolt|toxic|venoshock|waterfall;aqua_tail|bounce|draco_meteor|dragon_pulse|gunk_shot|icy_wind|iron_tail|outrage|shock_wave|snore|water_pulse;acid_armor|haze|play_rough|toxic_spikes|venom_drench;water1|dragon;;;691;Pseudoalga;1,8;81,5;marrón;50;no;Ataca de manera indiscriminada a quien ose adentrarse en su territorio, escupiéndole un virulento veneno que puede corroer hasta el casco de un petrolero.
clauncher;Clauncher;water;50;53;62;58;63;44;mega_launcher;;;slow;66;225;sp_attack:1;1:splash|1:water_gun|7:water_sport|9:vice_grip|12:bubble|16:flail|20:bubble_beam|25:swords_dance|30:crabhammer|34:water_pulse|39:smack_down|43:aqua_jet|48:muddy_water;attract|confide|cut|dive|double_team|facade|flash_cannon|frustration|hidden_power|ice_beam|protect|rain_dance|rest|return|rock_slide|round|scald|secret_power|sleep_talk|sludge_bomb|sludge_wave|smack_down|substitute|surf|swagger|swords_dance|toxic|u_turn|venoshock|waterfall;aqua_tail|bounce|dragon_pulse|helping_hand|icy_wind|iron_tail|snore|water_pulse;aqua_jet|crabhammer|endure|entrainment|helping_hand;water1|water3;clawitzer@37;;692;Proyectagua;0,5;8,3;azul;50;no;Abate a enemigos voladores disparando agua a presión con su enorme pinza como si de una pistola se tratara.
clawitzer;Clawitzer;water;71;73;88;120;89;59;mega_launcher;;;slow;100;55;sp_attack:2;1:heal_pulse|1:dark_pulse|1:dragon_pulse|1:aura_sphere|1:splash|1:water_gun|7:water_sport|9:vice_grip|12:bubble|16:flail|20:bubble_beam|25:swords_dance|30:crabhammer|34:water_pulse|42:smack_down|47:aqua_jet|53:muddy_water;attract|confide|cut|dark_pulse|dive|double_team|facade|flash_cannon|focus_blast|frustration|giga_impact|hidden_power|hyper_beam|ice_beam|protect|rain_dance|rest|return|rock_slide|round|scald|secret_power|shadow_ball|sleep_talk|sludge_bomb|sludge_wave|smack_down|substitute|surf|swagger|swords_dance|toxic|u_turn|venoshock|waterfall;aqua_tail|bounce|dragon_pulse|helping_hand|icy_wind|iron_tail|snore|water_pulse;aqua_jet|crabhammer|endure|entrainment|helping_hand;water1|water3;;;693;Lanzachorro;1,3;35,3;azul;50;no;Posee una enorme pinza que dispara bolas de agua que podrían atravesar incluso el casco de un petrolero.
helioptile;Helioptile;electric|normal;44;38;33;61;43;70;dry_skin;sand_veil;solar_power;medium_fast;58;190;speed:1;1:pound|1:tail_whip|6:thunder_shock|11:charge|13:mud_slap|17:quick_attack|22:razor_wind|25:parabolic_charge|31:thunder_wave|35:bulldoze|40:volt_switch|45:electrify|49:thunderbolt;attract|bulldoze|charge_beam|confide|cut|dark_pulse|dig|double_team|dragon_tail|facade|flash|frustration|grass_knot|hidden_power|light_screen|low_sweep|protect|psych_up|rain_dance|rest|return|rock_slide|rock_tomb|round|sandstorm|secret_power|sleep_talk|substitute|surf|swagger|thunder|thunder_wave|thunderbolt|toxic|u_turn|volt_switch|wild_charge;electroweb|iron_tail|magnet_rise|shock_wave|signal_beam|snore;agility|camouflage|electric_terrain|glare;monster|dragon;heliolisk@objeto:sun_stone;;694;Generador;0,5;6;amarillo;50;no;Habita en los desiertos y, cuando toma el sol, acumula energía, lo que le permite vivir sin la necesidad de ingerir alimentos.
heliolisk;Heliolisk;electric|normal;62;55;52;109;94;109;dry_skin;sand_veil;solar_power;medium_fast;168;75;sp_attack:1|speed:1;1:eerie_impulse|1:electrify|1:razor_wind|1:quick_attack|1:thunder|1:charge|1:parabolic_charge;attract|bulldoze|charge_beam|confide|cut|dark_pulse|dig|double_team|dragon_tail|facade|flash|focus_blast|frustration|giga_impact|grass_knot|hidden_power|hyper_beam|light_screen|low_sweep|protect|psych_up|rain_dance|rest|return|rock_slide|rock_tomb|round|sandstorm|secret_power|sleep_talk|substitute|surf|swagger|thunder|thunder_wave|thunderbolt|toxic|u_turn|volt_switch|wild_charge;dragon_pulse|electroweb|fire_punch|hyper_voice|iron_tail|low_kick|magnet_rise|shock_wave|signal_beam|snore|thunder_punch;agility|camouflage|electric_terrain|glare;monster|dragon;;;695;Generador;1;21;amarillo;50;no;Extiende su gorguera y genera energía eléctrica suficiente para cubrir el consumo de electricidad de un rascacielos entero.
tyrunt;Tyrunt;rock|dragon;58;89;77;45;45;48;strong_jaw;;sturdy;medium_fast;72;45;attack:1;1:tail_whip|1:tackle|6:roar|10:stomp|12:bide|15:stealth_rock|17:bite|20:charm|26:ancient_power|30:dragon_tail|34:crunch|37:dragon_claw|40:thrash|44:earthquake|49:horn_drill;aerial_ace|attract|brick_break|bulldoze|confide|dark_pulse|dig|double_team|dragon_claw|dragon_tail|earthquake|facade|frustration|hidden_power|hone_claws|protect|rest|return|roar|rock_polish|rock_slide|rock_smash|rock_tomb|round|sandstorm|secret_power|sleep_talk|stone_edge|strength|substitute|sunny_day|swagger|toxic;block|draco_meteor|dragon_pulse|earth_power|hyper_voice|iron_defense|iron_head|iron_tail|outrage|snore|stealth_rock|superpower|zen_headbutt;curse|dragon_dance|fire_fang|ice_fang|poison_fang|rock_polish|thunder_fang;monster|dragon;tyrantrum@39+hora:dia;;696;Heredero;0,8;26;marrón;12,5;no;Pokémon recreado a partir de fósiles. Cuando sucede algo que no es de su agrado, se enfurece y se vuelve violento.
tyrantrum;Tyrantrum;rock|dragon;82;121;119;69;59;71;strong_jaw;;rock_head;medium_fast;182;45;attack:2;1:head_smash|1:tail_whip|1:tackle|6:roar|10:stomp|12:bide|15:stealth_rock|17:bite|20:charm|26:ancient_power|30:dragon_tail|34:crunch|37:dragon_claw|42:thrash|47:earthquake|53:horn_drill|68:rock_slide|75:giga_impact;aerial_ace|attract|brick_break|bulldoze|confide|dark_pulse|dig|double_team|dragon_claw|dragon_tail|earthquake|facade|frustration|giga_impact|hidden_power|hone_claws|hyper_beam|protect|rest|return|roar|rock_polish|rock_slide|rock_smash|rock_tomb|round|sandstorm|secret_power|sleep_talk|stone_edge|strength|substitute|sunny_day|swagger|toxic;block|draco_meteor|dragon_pulse|earth_power|hyper_voice|iron_defense|iron_head|iron_tail|outrage|snore|stealth_rock|superpower|zen_headbutt;curse|dragon_dance|fire_fang|ice_fang|poison_fang|rock_polish|thunder_fang;monster|dragon;;;697;Tirano;2,5;270;rojo;12,5;no;En el mundo antiguo en el que habitaba no tenía rivales gracias a sus mandíbulas, con las que podría despedazar con facilidad gruesas placas de acero.
amaura;Amaura;rock|ice;77;59;50;67;63;46;refrigerate;;snow_warning;medium_fast;72;45;hp:1;1:growl|1:powder_snow|5:thunder_wave|10:rock_throw|13:icy_wind|15:take_down|18:mist|20:aurora_beam|26:ancient_power|30:round|34:avalanche|38:hail|41:nature_power|44:encore|47:light_screen|50:ice_beam|57:hyper_beam|65:blizzard;attract|blizzard|bulldoze|calm_mind|charge_beam|confide|dark_pulse|double_team|dragon_tail|dream_eater|echoed_voice|facade|flash|flash_cannon|frost_breath|frustration|hail|hidden_power|hyper_beam|ice_beam|light_screen|nature_power|protect|psych_up|rain_dance|reflect|rest|return|roar|rock_polish|rock_slide|rock_smash|rock_tomb|round|safeguard|sandstorm|secret_power|sleep_talk|stone_edge|substitute|swagger|thunder_wave|thunderbolt|toxic;aqua_tail|earth_power|hyper_voice|icy_wind|iron_defense|iron_head|iron_tail|magnet_rise|outrage|snore|stealth_rock|water_pulse|zen_headbutt;barrier|discharge|haze|magnet_rise|mirror_coat;monster;aurorus@39+hora:noche;;698;Tundra;1,3;25,2;azul;12,5;no;Pokémon que ha sido regenerado a partir de un trozo de su antiguo cuerpo, que quedó congelado hace unos 100 millones de años.
aurorus;Aurorus;rock|ice;123;77;72;99;92;58;refrigerate;;snow_warning;medium_fast;104;45;hp:2;1:freeze_dry|1:growl|1:powder_snow|5:thunder_wave|10:rock_throw|13:icy_wind|15:take_down|18:mist|20:aurora_beam|26:ancient_power|30:round|34:avalanche|38:hail|43:nature_power|46:encore|50:light_screen|56:ice_beam|63:hyper_beam|74:blizzard;attract|blizzard|bulldoze|calm_mind|charge_beam|confide|dark_pulse|double_team|dragon_tail|dream_eater|earthquake|echoed_voice|facade|flash|flash_cannon|frost_breath|frustration|giga_impact|hail|hidden_power|hyper_beam|ice_beam|light_screen|nature_power|protect|psych_up|psychic|rain_dance|reflect|rest|return|roar|rock_polish|rock_slide|rock_smash|rock_tomb|round|safeguard|sandstorm|secret_power|sleep_talk|stone_edge|substitute|swagger|thunder|thunder_wave|thunderbolt|toxic;aqua_tail|earth_power|hyper_voice|icy_wind|iron_defense|iron_head|iron_tail|magnet_rise|outrage|snore|stealth_rock|water_pulse|zen_headbutt;barrier|discharge|haze|magnet_rise|mirror_coat;monster;;;699;Tundra;2,7;225;azul;12,5;no;Expulsa un gas gélido a temperaturas inferiores a los -150 ºC a través de sus cristales romboides y congela así a su enemigo.
sylveon;Sylveon;fairy;95;65;65;110;130;60;cute_charm;;pixilate;medium_fast;184;45;sp_defense:2;1:disarming_voice|1:tail_whip|1:tackle|1:helping_hand|5:sand_attack|9:fairy_wind|13:quick_attack|17:swift|20:draining_kiss|25:skill_swap|29:misty_terrain|33:light_screen|37:moonblast|41:last_resort|45:psych_up;attract|calm_mind|confide|cut|dazzling_gleam|dig|double_team|echoed_voice|facade|flash|frustration|giga_impact|hidden_power|hyper_beam|light_screen|protect|psych_up|psyshock|rain_dance|reflect|rest|retaliate|return|round|safeguard|secret_power|shadow_ball|sleep_talk|substitute|sunny_day|swagger|toxic;covet|heal_bell|helping_hand|hyper_voice|iron_tail|last_resort|magic_coat|skill_swap|snore;charm|flail;ground;;;700;Vínculo;1;23,5;rosa;12,5;no;A través de sus apéndices sensitivos con forma de cinta, emite unas ondas tranquilizadoras mediante las cuales detiene los combates.
hawlucha;Hawlucha;fighting|flying;78;92;75;74;63;118;limber;unburden;mold_breaker;medium_fast;175;100;attack:2;1:detect|1:tackle|1:hone_claws|4:karate_chop|8:wing_attack|12:roost|16:aerial_ace|20:encore|24:fling|28:flying_press|32:bounce|36:endeavor|40:feather_dance|44:high_jump_kick|48:sky_attack|55:sky_drop|60:swords_dance;acrobatics|aerial_ace|attract|brick_break|bulk_up|confide|cut|dig|double_team|facade|false_swipe|fling|fly|focus_blast|frustration|giga_impact|grass_knot|hidden_power|hone_claws|low_sweep|payback|poison_jab|power_up_punch|protect|rain_dance|rest|retaliate|return|rock_slide|rock_smash|rock_tomb|roost|round|secret_power|sky_drop|sleep_talk|steel_wing|stone_edge|strength|substitute|sunny_day|swagger|swords_dance|taunt|torment|toxic|u_turn|x_scissor;bounce|drain_punch|dual_chop|endeavor|fire_punch|focus_punch|helping_hand|iron_head|last_resort|low_kick|sky_attack|snore|superpower|tailwind|thunder_punch|zen_headbutt;agility|ally_switch|baton_pass|entrainment|me_first|mud_sport|quick_guard;flying|humanshape;;;701;Lucha Libre;0,8;21,5;verde;50;no;A pesar de ser un Pokémon de pequeña estatura, su pericia en el combate le permite plantar cara a Pokémon como Machamp o Hariyama.
dedenne;Dedenne;electric|fairy;67;58;57;81;67;101;cheek_pouch;pickup;plus;medium_fast;151;180;speed:2;1:tackle|1:tail_whip|7:thunder_shock|11:charge|14:charm|17:parabolic_charge|20:nuzzle|23:thunder_wave|26:volt_switch|30:rest|31:snore|34:charge_beam|39:entrainment|42:play_rough|45:thunder|50:discharge;aerial_ace|attract|charge_beam|confide|cut|dig|double_team|facade|flash|fling|frustration|giga_impact|grass_knot|hidden_power|protect|rain_dance|rest|retaliate|return|round|secret_power|sleep_talk|substitute|sunny_day|swagger|thief|thunder|thunder_wave|thunderbolt|toxic|u_turn|volt_switch|wild_charge;covet|electroweb|helping_hand|iron_tail|last_resort|magnet_rise|recycle|shock_wave|signal_beam|snore|super_fang|thunder_punch;covet|eerie_impulse|helping_hand|natural_gift;ground|fairy;;;702;Antenas;0,2;2,2;amarillo;50;no;Sus bigotes hacen la función de antenas, por lo que puede enviar y recibir ondas eléctricas para comunicarse a grandes distancias.
carbink;Carbink;rock|fairy;50;50;150;50;150;50;clear_body;;sturdy;slow;100;60;defense:1|sp_defense:1;1:tackle|1:harden|5:rock_throw|8:sharpen|12:smack_down|18:reflect|21:stealth_rock|27:guard_split|31:ancient_power|35:flail|40:skill_swap|46:power_gem|49:stone_edge|50:moonblast|60:light_screen|70:safeguard;calm_mind|confide|dazzling_gleam|double_team|explosion|facade|flash|frustration|gyro_ball|hail|hidden_power|light_screen|nature_power|protect|psych_up|psychic|reflect|rest|return|rock_polish|rock_slide|rock_tomb|round|safeguard|sandstorm|secret_power|sleep_talk|smack_down|stone_edge|substitute|sunny_day|swagger|toxic|trick_room;after_you|covet|earth_power|gravity|iron_defense|magic_coat|magnet_rise|skill_swap|snore|stealth_rock|wonder_room;;fairy|mineral;;;703;Joya;0,3;5,7;gris;sin_genero;no;Nace en las profundidades subterráneas, a altas temperaturas y a gran presión. Irradia energía por la roca que tiene en la cabeza.
goomy;Goomy;dragon;45;50;35;55;75;40;sap_sipper;hydration;gooey;slow;60;45;sp_defense:1;1:tackle|1:bubble|5:absorb|9:protect|13:bide|18:dragon_breath|25:rain_dance|28:flail|32:body_slam|38:muddy_water|42:dragon_pulse;attract|confide|double_team|facade|frustration|hidden_power|infestation|protect|rain_dance|rest|return|rock_slide|round|secret_power|sleep_talk|sludge_bomb|sludge_wave|substitute|sunny_day|swagger|thunderbolt|toxic;draco_meteor|dragon_pulse|iron_tail|outrage|shock_wave|snore|water_pulse;acid_armor|counter|curse|endure|iron_tail|poison_tail;dragon;sliggoo@40;;704;Molusco;0,3;2,8;morado;50;no;Es el Pokémon de tipo Dragón más débil. Habita en zonas oscuras y húmedas para evitar que su viscoso cuerpo se seque.
sliggoo;Sliggoo;dragon;68;75;53;83;113;60;sap_sipper;hydration;gooey;slow;158;45;sp_defense:2;1:tackle|1:bubble|5:absorb|9:protect|13:bide|18:dragon_breath|25:rain_dance|28:flail|32:body_slam|38:muddy_water|47:dragon_pulse;attract|blizzard|confide|double_team|facade|frustration|hidden_power|ice_beam|infestation|protect|rain_dance|rest|return|rock_slide|round|secret_power|sleep_talk|sludge_bomb|sludge_wave|substitute|sunny_day|swagger|thunderbolt|toxic;draco_meteor|dragon_pulse|iron_tail|outrage|shock_wave|snore|water_pulse;acid_armor|counter|curse|endure|iron_tail|poison_tail;dragon;goodra@50+clima:rain;;705;Molusco;0,8;17,5;morado;50;no;Segrega una mucosidad que corroe todo lo que toca y consigue así ahuyentar al enemigo. Sus ojos han involucionado, por lo que no puede ver.
goodra;Goodra;dragon;90;100;70;110;150;80;sap_sipper;hydration;gooey;slow;270;45;sp_defense:3;1:outrage|1:feint|1:tackle|1:bubble|5:absorb|9:protect|13:bide|18:dragon_breath|25:rain_dance|28:flail|32:body_slam|38:muddy_water|47:dragon_pulse|50:aqua_tail|55:power_whip;attract|blizzard|bulldoze|confide|double_team|dragon_tail|earthquake|facade|fire_blast|flamethrower|focus_blast|frustration|giga_impact|hail|hidden_power|hyper_beam|ice_beam|incinerate|infestation|protect|rain_dance|rest|return|rock_slide|rock_smash|round|secret_power|sleep_talk|sludge_bomb|sludge_wave|strength|substitute|sunny_day|swagger|thunder|thunderbolt|toxic;aqua_tail|draco_meteor|dragon_pulse|fire_punch|focus_punch|iron_tail|outrage|shock_wave|snore|superpower|thunder_punch|water_pulse;acid_armor|counter|curse|endure|iron_tail|poison_tail;dragon;;;706;Dragón;2;150,5;morado;50;no;Pokémon de tipo Dragón muy afable al que le gusta abrazar con efusión a su Entrenador, aunque después lo deja totalmente pringado.
klefki;Klefki;steel|fairy;57;80;91;80;87;75;prankster;;magician;fast;165;75;defense:1;1:fairy_lock|1:tackle|5:fairy_wind|8:astonish|12:metal_sound|15:spikes|18:draining_kiss|23:crafty_shield|27:foul_play|32:torment|34:mirror_shot|36:imprison|40:recycle|43:play_rough|44:magic_room|50:heal_block;attract|calm_mind|confide|cut|dazzling_gleam|double_team|facade|flash_cannon|frustration|giga_impact|hidden_power|hyper_beam|light_screen|protect|psych_up|psychic|psyshock|rain_dance|reflect|rest|return|round|safeguard|secret_power|sleep_talk|substitute|sunny_day|swagger|thief|thunder_wave|torment|toxic;covet|foul_play|iron_defense|last_resort|magic_coat|magic_room|magnet_rise|recycle|snore;iron_defense|lock_on|switcheroo|thief;mineral;;;707;Llavero;0,2;3;gris;50;no;Tiene el hábito de coleccionar llaves. Cuando un enemigo lo ataca, las hace tintinear como método de intimidación.
phantump;Phantump;ghost|grass;43;70;48;50;60;38;natural_cure;frisk;harvest;medium_fast;62;120;attack:1;1:tackle|1:confuse_ray|5:astonish|8:growth|13:ingrain|19:feint_attack|23:leech_seed|28:curse|31:will_o_wisp|35:forests_curse|39:destiny_bond|45:phantom_force|49:wood_hammer|54:horn_leech;attract|bulldoze|confide|cut|dark_pulse|dig|double_team|dream_eater|energy_ball|facade|frustration|grass_knot|hidden_power|nature_power|poison_jab|protect|psychic|reflect|rest|return|rock_slide|rock_smash|round|safeguard|secret_power|shadow_ball|shadow_claw|sleep_talk|solar_beam|strength|substitute|sunny_day|swagger|thief|toxic|trick_room|will_o_wisp;foul_play|giga_drain|magic_coat|pain_split|role_play|seed_bomb|skill_swap|snore|spite|trick|worry_seed;bestow|grudge|imprison|venom_drench;plant|indeterminate;trevenant@intercambio;;708;Tocón;0,4;7;marrón;50;no;Pokémon que nace cuando un espíritu se adentra en un tocón podrido. Habita en bosques que son poco frecuentados por humanos.
trevenant;Trevenant;ghost|grass;85;110;76;65;82;56;natural_cure;frisk;harvest;medium_fast;166;60;attack:2;1:horn_leech|1:tackle|1:confuse_ray|5:astonish|8:growth|13:ingrain|19:feint_attack|23:leech_seed|28:curse|31:will_o_wisp|35:forests_curse|39:destiny_bond|45:phantom_force|49:wood_hammer|55:shadow_claw;attract|bulldoze|calm_mind|confide|cut|dark_pulse|dig|double_team|dream_eater|earthquake|energy_ball|facade|focus_blast|frustration|giga_impact|grass_knot|hidden_power|hone_claws|hyper_beam|nature_power|poison_jab|power_up_punch|protect|psychic|reflect|rest|return|rock_slide|rock_smash|round|safeguard|secret_power|shadow_ball|shadow_claw|sleep_talk|solar_beam|strength|substitute|sunny_day|swagger|thief|toxic|trick_room|will_o_wisp|x_scissor;block|drain_punch|foul_play|giga_drain|magic_coat|pain_split|role_play|seed_bomb|skill_swap|snore|spite|trick|worry_seed;bestow|grudge|imprison|venom_drench;plant|indeterminate;;;709;Árbol Viejo;1,5;71;marrón;50;no;Puede controlar los árboles a su voluntad. Retiene hasta el fin de sus días a los humanos que se adentran en el bosque y lo mancillan.
pumpkaboo;Pumpkaboo;ghost|grass;49;66;70;44;55;51;pickup;frisk;insomnia;medium_fast;67;120;defense:1;1:trick|1:astonish|1:confuse_ray|4:scary_face|6:trick_or_treat|11:worry_seed|16:razor_leaf|20:leech_seed|26:bullet_seed|30:shadow_sneak|36:shadow_ball|42:pain_split|48:seed_bomb;attract|charge_beam|confide|dark_pulse|double_team|dream_eater|energy_ball|explosion|facade|fire_blast|flame_charge|flamethrower|flash|frustration|grass_knot|gyro_ball|hidden_power|incinerate|light_screen|nature_power|protect|psychic|rest|return|rock_slide|rock_smash|round|safeguard|secret_power|shadow_ball|sleep_talk|sludge_bomb|solar_beam|substitute|sunny_day|swagger|thief|toxic|trick_room|will_o_wisp;foul_play|giga_drain|magic_coat|pain_split|role_play|seed_bomb|skill_swap|spite|synthesis|trick|worry_seed;bestow|destiny_bond|disable;indeterminate;gourgeist@intercambio;;710;Calabaza;0,4;5;marrón;50;no;En el interior de la calabaza reside un espíritu que ha permanecido atrapado en este mundo. Entra en acción al caer la noche.
gourgeist;Gourgeist;ghost|grass;65;90;122;58;75;84;pickup;frisk;insomnia;medium_fast;173;60;defense:2;1:explosion|1:phantom_force|1:trick|1:astonish|1:confuse_ray|4:scary_face|6:trick_or_treat|11:worry_seed|16:razor_leaf|20:leech_seed|26:bullet_seed|30:shadow_sneak|36:shadow_ball|42:pain_split|48:seed_bomb;attract|charge_beam|confide|dark_pulse|double_team|dream_eater|energy_ball|explosion|facade|fire_blast|flame_charge|flamethrower|flash|focus_blast|frustration|giga_impact|grass_knot|gyro_ball|hidden_power|hyper_beam|incinerate|light_screen|nature_power|protect|psychic|rest|return|rock_slide|rock_smash|round|safeguard|secret_power|shadow_ball|sleep_talk|sludge_bomb|solar_beam|substitute|sunny_day|swagger|thief|toxic|trick_room|will_o_wisp;foul_play|giga_drain|magic_coat|pain_split|role_play|seed_bomb|skill_swap|spite|synthesis|trick|worry_seed;bestow|destiny_bond|disable;indeterminate;;;711;Calabaza;0,9;12,5;marrón;50;no;En las noches de luna nueva deambula por las calles de las ciudades y emite espeluznantes alaridos que maldicen a quienes los oyen.
bergmite;Bergmite;ice;55;69;85;32;35;28;own_tempo;ice_body;sturdy;medium_fast;61;190;defense:1;1:tackle|1:bite|1:harden|5:powder_snow|10:icy_wind|15:take_down|20:sharpen|22:curse|26:ice_fang|30:ice_ball|35:rapid_spin|39:avalanche|43:blizzard|47:recover|49:double_edge;attract|blizzard|confide|double_team|facade|flash|flash_cannon|frost_breath|frustration|gyro_ball|hail|hidden_power|ice_beam|protect|rain_dance|rest|return|rock_polish|rock_slide|rock_smash|rock_tomb|round|safeguard|secret_power|sleep_talk|stone_edge|strength|substitute|surf|swagger|toxic;after_you|icy_wind|iron_defense|snore|water_pulse;barrier|mirror_coat|mist|recover;monster|mineral;avalugg@37;;712;Témpano;1;99,5;azul;50;no;Envuelve su cuerpo en una capa de hielo que le permite evitar los ataques del enemigo. Si se resquebraja, la recompone con aire gélido.
avalugg;Avalugg;ice;95;117;184;44;46;28;own_tempo;ice_body;sturdy;medium_fast;180;55;defense:2;1:iron_defense|1:crunch|1:skull_bash|1:tackle|1:bite|1:harden|5:powder_snow|10:icy_wind|15:take_down|20:sharpen|22:curse|26:ice_fang|30:ice_ball|35:rapid_spin|42:avalanche|46:blizzard|51:recover|56:double_edge;attract|blizzard|bulldoze|confide|double_team|earthquake|facade|flash|flash_cannon|frost_breath|frustration|giga_impact|gyro_ball|hail|hidden_power|hyper_beam|ice_beam|protect|rain_dance|rest|return|roar|rock_polish|rock_slide|rock_smash|rock_tomb|round|safeguard|secret_power|sleep_talk|stone_edge|strength|substitute|surf|swagger|toxic;after_you|block|icy_wind|iron_defense|iron_head|snore|superpower|water_pulse;barrier|mirror_coat|mist|recover;monster|mineral;;;713;Iceberg;2;505;azul;50;no;Su cuerpo, cubierto de hielo, es tan duro como el propio acero. Su abultada figura le permite arramblar con todo lo que se encuentra a su paso.
noibat;Noibat;flying|dragon;40;30;35;45;40;55;frisk;infiltrator;telepathy;medium_fast;49;190;speed:1;1:screech|1:supersonic|1:tackle|5:leech_life|11:gust|13:bite|16:wing_attack|18:agility|23:air_cutter|27:roost|31:razor_wind|35:tailwind|40:whirlwind|43:super_fang|48:air_slash|58:hurricane;acrobatics|aerial_ace|attract|brick_break|confide|cut|dark_pulse|double_team|dream_eater|echoed_voice|facade|fly|frustration|hidden_power|protect|psychic|rest|return|roost|round|secret_power|shadow_ball|shadow_claw|sleep_talk|solar_beam|steel_wing|substitute|sunny_day|swagger|taunt|thief|torment|toxic|u_turn|wild_charge|x_scissor;draco_meteor|dragon_pulse|heat_wave|hyper_voice|iron_tail|outrage|sky_attack|snatch|snore|super_fang|tailwind|uproar|water_pulse;outrage|snatch|switcheroo|tailwind;flying|dragon;noivern@48;;714;Onda Sónica;0,5;8;morado;50;no;Habita en cuevas donde reina la más absoluta oscuridad y emite ondas ultrasónicas de 200 000 Hz a través de sus enormes orejas.
noivern;Noivern;flying|dragon;85;70;80;97;80;123;frisk;infiltrator;telepathy;medium_fast;187;45;speed:2;1:moonlight|1:boomburst|1:dragon_pulse|1:hurricane|1:screech|1:supersonic|1:tackle|5:leech_life|11:gust|13:bite|16:wing_attack|18:agility|23:air_cutter|27:roost|31:razor_wind|35:tailwind|40:whirlwind|43:super_fang|53:air_slash;acrobatics|aerial_ace|attract|brick_break|confide|cut|dark_pulse|double_team|dragon_claw|dream_eater|echoed_voice|facade|flamethrower|fly|focus_blast|frustration|giga_impact|hidden_power|hone_claws|hyper_beam|protect|psychic|rest|return|roost|round|secret_power|shadow_ball|shadow_claw|sleep_talk|solar_beam|steel_wing|substitute|sunny_day|swagger|taunt|thief|torment|toxic|u_turn|wild_charge|x_scissor;draco_meteor|dragon_pulse|heat_wave|hyper_voice|iron_tail|outrage|sky_attack|snatch|snore|super_fang|tailwind|uproar|water_pulse;outrage|snatch|switcheroo|tailwind;flying|dragon;;;715;Onda Sónica;1,5;85;morado;50;no;Surca el cielo nocturno cuando ni siquiera la luna brilla y ataca a presas incautas. Es imbatible en combates que tienen lugar a oscuras.
xerneas;Xerneas;fairy;126;131;95;131;98;99;fairy_aura;;;slow;306;45;hp:3;1:heal_pulse|1:aromatherapy|1:ingrain|1:take_down|5:light_screen|10:aurora_beam|18:gravity|26:geomancy|35:moonblast|44:megahorn|51:night_slash|55:horn_leech|59:psych_up|63:misty_terrain|72:nature_power|80:close_combat|88:giga_impact|93:outrage;calm_mind|confide|cut|dazzling_gleam|double_team|echoed_voice|facade|flash|flash_cannon|focus_blast|frustration|giga_impact|grass_knot|hail|hidden_power|hyper_beam|light_screen|nature_power|protect|psych_up|psychic|psyshock|rain_dance|reflect|rest|return|roar|rock_slide|round|secret_power|sleep_talk|substitute|sunny_day|swagger|thunder|thunder_wave|thunderbolt|toxic;block|endeavor|gravity|hyper_voice|outrage|snore|wonder_room|zen_headbutt;;no_eggs;;;716;Creación;3;215;azul;sin_genero;si;Según las leyendas, puede compartir el secreto de la vida eterna. Ha despertado tras dormir durante mil años bajo la apariencia de un árbol.
yveltal;Yveltal;dark|flying;126;131;95;131;98;99;dark_aura;;;slow;306;45;hp:3;1:hurricane|1:razor_wind|1:taunt|1:roost|5:double_team|10:air_slash|18:snarl|26:oblivion_wing|35:disable|44:dark_pulse|51:foul_play|55:phantom_force|59:psychic|63:dragon_rush|72:focus_blast|80:sucker_punch|88:hyper_beam|93:sky_attack;acrobatics|aerial_ace|confide|cut|dark_pulse|double_team|dragon_claw|dream_eater|embargo|facade|fly|focus_blast|frustration|giga_impact|hidden_power|hone_claws|hyper_beam|protect|psychic|rain_dance|rest|return|rock_slide|roost|round|secret_power|shadow_ball|shadow_claw|sky_drop|sleep_talk|snarl|steel_wing|substitute|sunny_day|swagger|taunt|thief|torment|toxic|u_turn;block|foul_play|heat_wave|hyper_voice|knock_off|sky_attack|snore|tailwind|zen_headbutt;;no_eggs;;;717;Destrucción;5,8;203;rojo;sin_genero;si;Pokémon legendario que, al extender sus alas y las plumas de la cola, emite un brillo carmesí que absorbe la energía vital de su enemigo.
zygarde;Zygarde;dragon|ground;108;100;121;81;95;95;aura_break;;;slow;270;3;hp:3;1:glare|1:bulldoze|1:dragon_breath|1:bite|5:safeguard|10:dig|18:bind|26:lands_wrath|35:sandstorm|44:haze|51:crunch|55:earthquake|59:camouflage|63:dragon_pulse|72:dragon_dance|80:coil|88:extreme_speed|93:outrage;brick_break|bulldoze|confide|dig|double_team|dragon_tail|earthquake|facade|focus_blast|frustration|giga_impact|grass_knot|hidden_power|hyper_beam|protect|rest|return|rock_slide|rock_smash|round|safeguard|sandstorm|secret_power|sleep_talk|sludge_wave|stone_edge|strength|substitute|sunny_day|swagger|toxic;bind|block|draco_meteor|dragon_pulse|earth_power|hyper_voice|iron_tail|outrage|pain_split|shock_wave|snore|spite|superpower|zen_headbutt;;no_eggs;;;718;Equilibrio;5;305;verde;sin_genero;si;Cuando el ecosistema de Kalos se encuentra en peligro, aparece y revela su poder secreto.
diancie;Diancie;rock|fairy;50;100;150;100;150;50;clear_body;;;slow;270;3;defense:1|sp_defense:2;1:tackle|1:harden|5:rock_throw|8:sharpen|12:smack_down|18:reflect|21:stealth_rock|27:guard_split|31:ancient_power|35:flail|40:skill_swap|46:trick_room|49:stone_edge|50:moonblast|50:diamond_storm|60:light_screen|70:safeguard;calm_mind|confide|dazzling_gleam|double_team|explosion|facade|flash|frustration|giga_impact|gyro_ball|hail|hidden_power|hyper_beam|light_screen|nature_power|protect|psych_up|psychic|psyshock|reflect|rest|return|rock_polish|rock_slide|rock_tomb|round|safeguard|sandstorm|secret_power|sleep_talk|smack_down|stone_edge|substitute|sunny_day|swagger|toxic|trick_room;after_you|covet|earth_power|endeavor|gravity|heal_bell|helping_hand|iron_defense|last_resort|magnet_rise|skill_swap|snore|stealth_rock|wonder_room;;no_eggs;;;719;Joya;0,7;8,8;rosa;sin_genero;si;Es una transformación súbita de Carbink. Se dice que su cuerpo, que irradia destellos rosados, es lo más bonito de este mundo.
hoopa;Hoopa;psychic|ghost;80;110;60;150;130;70;magician;;;slow;270;3;sp_attack:3;1:hyperspace_hole|1:trick|1:destiny_bond|1:ally_switch|1:confusion|6:astonish|10:magic_coat|15:light_screen|19:psybeam|25:skill_swap|29:power_split|29:guard_split|35:phantom_force|46:zen_headbutt|50:wonder_room|50:trick_room|55:shadow_ball|68:nasty_plot|75:psychic;brick_break|calm_mind|charge_beam|confide|dark_pulse|double_team|dream_eater|embargo|energy_ball|facade|flash|fling|focus_blast|frustration|giga_impact|grass_knot|hidden_power|hyper_beam|light_screen|power_up_punch|protect|psych_up|psychic|psyshock|quash|rain_dance|reflect|rest|return|round|safeguard|secret_power|shadow_ball|sleep_talk|substitute|sunny_day|swagger|taunt|thief|thunder_wave|thunderbolt|torment|toxic|trick_room;block|covet|drain_punch|dual_chop|fire_punch|focus_punch|foul_play|gravity|gunk_shot|ice_punch|knock_off|last_resort|magic_coat|magic_room|recycle|role_play|shock_wave|signal_beam|skill_swap|snatch|snore|thunder_punch|trick|uproar|wonder_room|zen_headbutt;;no_eggs;;;720;Travesura;0,5;9;morado;sin_genero;si;Este problemático Pokémon envía cualquier objeto a lugares remotos mediante unos anillos que deforman el espacio.
volcanion;Volcanion;fire|water;80;110;120;130;90;70;water_absorb;;;slow;270;3;sp_attack:3;1:steam_eruption|1:flare_blitz|1:take_down|8:mist|11:haze|15:flame_charge|21:water_pulse|28:stomp|32:scald|40:weather_ball|46:body_slam|50:hydro_pump|65:overheat|76:explosion;brick_break|bulldoze|confide|cut|double_team|earthquake|explosion|facade|fire_blast|flame_charge|flamethrower|flash_cannon|fling|focus_blast|frustration|giga_impact|gyro_ball|hidden_power|hyper_beam|incinerate|overheat|protect|rest|return|roar|rock_slide|rock_smash|round|sandstorm|scald|secret_power|sleep_talk|sludge_bomb|sludge_wave|smack_down|solar_beam|stone_edge|strength|substitute|sunny_day|swagger|toxic|will_o_wisp;earth_power|heat_wave|snore|superpower|water_pulse;;no_eggs;;;721;Vapor;1,7;195;marrón;sin_genero;si;Expulsa vapor y desaparece entre la densa niebla. Dicen que habita en montañas solitarias.
