id;nombre;tipos;ps;ataque;defensa;atq_esp;def_esp;velocidad;habilidad;habilidad_2;habilidad_oculta;curva;exp_base;ratio_captura;evs;aprende;mt;tutor;huevo;grupos_huevo;evoluciona;stats_extra;numero;categoria;altura;peso;color;hembras;legendario;descripcion
bulbasaur;Bulbasaur;grass|poison;45;49;49;65;65;45;overgrow;;;medium_slow;64;45;sp_attack:1;1:tackle|4:growl|7:leech_seed|10:vine_whip|15:poison_powder|15:sleep_powder|20:razor_leaf|25:sweet_scent|32:growth|39:synthesis|46:solar_beam;attract|bullet_seed|cut|double_team|facade|flash|frustration|giga_drain|hidden_power|protect|rest|return|rock_smash|secret_power|sludge_bomb|solar_beam|strength|sunny_day|toxic;body_slam|defense_curl|double_edge|endure|fury_cutter|mimic|mud_slap|sleep_talk|snore|substitute|swagger|swords_dance;charm|curse|grass_whistle|light_screen|magical_leaf|petal_dance|safeguard|skull_bash;monster|plant;ivysaur@16;;1;Semilla;0,7;6,9;verde;12,5;no;Una rara semilla le fue plantada en el lomo al nacer. La planta brota y crece con este Pokémon.
ivysaur;Ivysaur;grass|poison;60;62;63;80;80;60;overgrow;;;medium_slow;142;45;sp_attack:1|sp_defense:1;1:growl|1:leech_seed|1:tackle|4:growl|7:leech_seed|10:vine_whip|15:poison_powder|15:sleep_powder|22:razor_leaf|29:sweet_scent|38:growth|47:synthesis|56:solar_beam;attract|bullet_seed|cut|double_team|facade|flash|frustration|giga_drain|hidden_power|protect|rest|return|rock_smash|secret_power|sludge_bomb|solar_beam|strength|sunny_day|toxic;body_slam|defense_curl|double_edge|endure|fury_cutter|mimic|mud_slap|sleep_talk|snore|substitute|swagger|swords_dance;;monster|plant;venusaur@32;;2;Semilla;1;13;verde;12,5;no;Este Pokémon tiene un bulbo en el lomo. Dicen que, al absorber nutrientes, el bulbo se transforma en una flor grande.
venusaur;Venusaur;grass|poison;80;82;83;100;100;80;overgrow;;;medium_slow;236;45;sp_attack:2|sp_defense:1;1:growl|1:leech_seed|1:tackle|1:vine_whip|4:growl|7:leech_seed|10:vine_whip|15:poison_powder|15:sleep_powder|22:razor_leaf|29:sweet_scent|41:growth|53:synthesis|65:solar_beam;attract|bullet_seed|cut|double_team|earthquake|facade|flash|frustration|giga_drain|hidden_power|hyper_beam|protect|rest|return|roar|rock_smash|secret_power|sludge_bomb|solar_beam|strength|sunny_day|toxic;body_slam|defense_curl|double_edge|endure|frenzy_plant|fury_cutter|mimic|mud_slap|sleep_talk|snore|substitute|swagger|swords_dance;;monster|plant;;;3;Semilla;2;100;verde;12,5;no;Llena su cuerpo de energía con los rayos solares que captan los anchos pétalos de su flor.
charmander;Charmander;fire;39;52;43;60;50;65;blaze;;;medium_slow;62;45;speed:1;1:growl|1:scratch|7:ember|13:smokescreen|19:rage|25:scary_face|31:flamethrower|37:slash|43:dragon_rage|49:fire_spin;aerial_ace|attract|brick_break|cut|dig|double_team|dragon_claw|facade|fire_blast|flamethrower|focus_punch|frustration|hidden_power|iron_tail|overheat|protect|rest|return|rock_smash|secret_power|strength|sunny_day|toxic;body_slam|counter|defense_curl|double_edge|dynamic_punch|endure|fire_punch|fury_cutter|mega_kick|mega_punch|mimic|mud_slap|rock_slide|seismic_toss|sleep_talk|snore|substitute|swagger|swift|swords_dance;ancient_power|beat_up|belly_drum|bite|dragon_dance|outrage|rock_slide|swords_dance;monster|dragon;charmeleon@16;;4;Lagartija;0,6;8,5;rojo;12,5;no;La llama de su cola indica la fuerza vital de Charmander. Será brillante si está sano.
charmeleon;Charmeleon;fire;58;64;58;80;65;80;blaze;;;medium_slow;142;45;sp_attack:1|speed:1;1:ember|1:growl|1:scratch|7:ember|13:smokescreen|20:rage|27:scary_face|34:flamethrower|41:slash|48:dragon_rage|55:fire_spin;aerial_ace|attract|brick_break|cut|dig|double_team|dragon_claw|facade|fire_blast|flamethrower|focus_punch|frustration|hidden_power|iron_tail|overheat|protect|rest|return|rock_smash|secret_power|strength|sunny_day|toxic;body_slam|counter|defense_curl|double_edge|dynamic_punch|endure|fire_punch|fury_cutter|mega_kick|mega_punch|mimic|mud_slap|rock_slide|seismic_toss|sleep_talk|snore|substitute|swagger|swift|swords_dance;;monster|dragon;charizard@36;;5;Llama;1,1;19;rojo;12,5;no;Suele usar la cola para derribar a su rival. Cuando lo tira, se vale de sus afiladas garras para acabar con él.
charizard;Charizard;fire|flying;78;84;78;109;85;100;blaze;;;medium_slow;240;45;sp_attack:3;1:ember|1:growl|1:scratch|1:smokescreen|7:ember|13:smokescreen|20:rage|27:scary_face|34:flamethrower|36:wing_attack|44:slash|54:dragon_rage|64:fire_spin;aerial_ace|attract|brick_break|cut|dig|double_team|dragon_claw|earthquake|facade|fire_blast|flamethrower|fly|focus_punch|frustration|hidden_power|hyper_beam|iron_tail|overheat|protect|rest|return|roar|rock_smash|secret_power|steel_wing|strength|sunny_day|toxic;blast_burn|body_slam|counter|defense_curl|double_edge|dynamic_punch|endure|fire_punch|fury_cutter|mega_kick|mega_punch|mimic|mud_slap|rock_slide|seismic_toss|sleep_talk|snore|substitute|swagger|swift|swords_dance;;monster|dragon;;;6;Llama;1,7;90,5;rojo;12,5;no;Cuando lanza una descarga de fuego supercaliente, la roja llama de su cola brilla más intensamente.
squirtle;Squirtle;water;44;48;65;50;64;43;torrent;;;medium_slow;63;45;defense:1;1:tackle|4:tail_whip|7:bubble|10:withdraw|13:water_gun|18:bite|23:rapid_spin|28:protect|33:rain_dance|40:skull_bash|47:hydro_pump;attract|blizzard|brick_break|dig|dive|double_team|facade|focus_punch|frustration|hail|hidden_power|ice_beam|iron_tail|protect|rain_dance|rest|return|rock_smash|secret_power|strength|surf|toxic|water_pulse|waterfall;body_slam|counter|defense_curl|double_edge|dynamic_punch|endure|ice_punch|icy_wind|mega_kick|mega_punch|mimic|mud_slap|rollout|seismic_toss|sleep_talk|snore|substitute|swagger;flail|foresight|haze|mirror_coat|mist|mud_sport|refresh|yawn;monster|water1;wartortle@16;;7;Tortuguita;0,5;9;azul;12,5;no;Se protege con su caparazón y luego contraataca lanzando agua a presión cuando tiene oportunidad.
wartortle;Wartortle;water;59;63;80;65;80;58;torrent;;;medium_slow;142;45;defense:1|sp_defense:1;1:bubble|1:tackle|1:tail_whip|4:tail_whip|7:bubble|10:withdraw|13:water_gun|19:bite|25:rapid_spin|31:protect|37:rain_dance|45:skull_bash|53:hydro_pump;attract|blizzard|brick_break|dig|dive|double_team|facade|focus_punch|frustration|hail|hidden_power|ice_beam|iron_tail|protect|rain_dance|rest|return|rock_smash|secret_power|strength|surf|toxic|water_pulse|waterfall;body_slam|counter|defense_curl|double_edge|dynamic_punch|endure|ice_punch|icy_wind|mega_kick|mega_punch|mimic|mud_slap|rollout|seismic_toss|sleep_talk|snore|substitute|swagger;;monster|water1;blastoise@36;;8;Tortuga;1;22,5;azul;12,5;no;Si es golpeado, esconderá su cabeza. Aun así, su cola puede seguir golpeando.
blastoise;Blastoise;water;79;83;100;85;105;78;torrent;;;medium_slow;239;45;sp_defense:3;1:bubble|1:tackle|1:tail_whip|1:withdraw|4:tail_whip|7:bubble|10:withdraw|13:water_gun|19:bite|25:rapid_spin|31:protect|42:rain_dance|55:skull_bash|68:hydro_pump;attract|blizzard|brick_break|dig|dive|double_team|earthquake|facade|focus_punch|frustration|hail|hidden_power|hyper_beam|ice_beam|iron_tail|protect|rain_dance|rest|return|roar|rock_smash|secret_power|strength|surf|toxic|water_pulse|waterfall;body_slam|counter|defense_curl|double_edge|dynamic_punch|endure|hydro_cannon|ice_punch|icy_wind|mega_kick|mega_punch|mimic|mud_slap|rollout|seismic_toss|sleep_talk|snore|substitute|swagger;;monster|water1;;;9;Armazón;1,6;85,5;azul;12,5;no;Para acabar con su enemigo, lo aplasta con el peso de su cuerpo. En momentos de apuro, se esconde en el caparazón.
caterpie;Caterpie;bug;45;30;35;20;20;45;shield_dust;;;medium_fast;39;255;hp:1;1:string_shot|1:tackle;;;;bug;metapod@7;;10;Gusano;0,3;2,9;verde;50;no;Para protegerse despide un hedor horrible de sus antenas, con el que repele a sus enemigos.
metapod;Metapod;bug;50;20;55;25;25;30;shed_skin;;;medium_fast;72;120;defense:2;1:harden|7:harden;;;;bug;butterfree@10;;11;Capullo;0,7;9,9;verde;50;no;Su frágil cuerpo está recubierto de una coraza dura como el acero. Permanece quieto en su desarrollo.
butterfree;Butterfree;bug|flying;60;45;50;80;80;70;compound_eyes;;;medium_fast;178;45;sp_attack:2|sp_defense:1;1:confusion|10:confusion|13:poison_powder|14:stun_spore|15:sleep_powder|18:supersonic|23:whirlwind|28:gust|34:psybeam|40:safeguard|47:silver_wind;aerial_ace|attract|double_team|facade|flash|frustration|giga_drain|hidden_power|hyper_beam|protect|psychic|rain_dance|rest|return|safeguard|secret_power|shadow_ball|skill_swap|solar_beam|sunny_day|thief|toxic;double_edge|dream_eater|endure|mimic|sleep_talk|snore|substitute|swagger|swift;;bug;;;12;Mariposa;1,1;32;blanco;50;no;Adora el néctar de las flores. Puede localizar hasta las más pequeñas cantidades de polen.
weedle;Weedle;bug|poison;40;35;30;20;20;50;shield_dust;;;medium_fast;39;255;speed:1;1:poison_sting|1:string_shot;;;;bug;kakuna@7;;13;Oruga;0,3;3,2;marrón;50;no;Suele habitar bosques y praderas. Tiene un afilado y venenoso aguijón de unos 5 cm encima de la cabeza.
kakuna;Kakuna;bug|poison;45;25;50;25;25;35;shed_skin;;;medium_fast;72;120;defense:2;1:harden|7:harden;;;;bug;beedrill@10;;14;Capullo;0,6;10;amarillo;50;no;Casi incapaz de moverse, este Pokémon solo puede endurecer su caparazón para protegerse.
beedrill;Beedrill;bug|poison;65;80;40;45;80;75;swarm;;;medium_fast;178;45;attack:2|sp_defense:1;1:fury_attack|10:fury_attack|15:focus_energy|20:twineedle|25:rage|30:pursuit|35:pin_missile|40:agility|45:endeavor;aerial_ace|attract|brick_break|cut|double_team|facade|frustration|giga_drain|hidden_power|hyper_beam|protect|rest|return|rock_smash|secret_power|sludge_bomb|solar_beam|sunny_day|thief|toxic;double_edge|endure|fury_cutter|mimic|sleep_talk|snore|substitute|swagger|swift|swords_dance;;bug;;;15;Abeja Veneno;1;29,5;amarillo;50;no;Tiene 3 aguijones venenosos en sus patas y cola. Suelen pinchar a sus enemigos repetidas veces.
pidgey;Pidgey;normal|flying;40;45;40;35;35;56;keen_eye;;;medium_slow;50;255;speed:1;1:tackle|5:sand_attack|9:gust|13:quick_attack|19:whirlwind|25:wing_attack|31:feather_dance|39:agility|47:mirror_move;aerial_ace|attract|double_team|facade|fly|frustration|hidden_power|protect|rain_dance|rest|return|secret_power|steel_wing|sunny_day|thief|toxic;double_edge|endure|mimic|mud_slap|sleep_talk|snore|substitute|swagger|swift;air_cutter|feint_attack|foresight|pursuit|steel_wing;flying;pidgeotto@18;;16;Pajarito;0,3;1,8;marrón;50;no;Muy común en bosques y selvas. Aletea al nivel del suelo para levantar la gravilla.
pidgeotto;Pidgeotto;normal|flying;63;60;55;50;50;71;keen_eye;;;medium_slow;122;120;speed:2;1:gust|1:sand_attack|1:tackle|5:sand_attack|9:gust|13:quick_attack|20:whirlwind|27:wing_attack|34:feather_dance|43:agility|52:mirror_move;aerial_ace|attract|double_team|facade|fly|frustration|hidden_power|protect|rain_dance|rest|return|secret_power|steel_wing|sunny_day|thief|toxic;double_edge|endure|mimic|mud_slap|sleep_talk|snore|substitute|swagger|swift;;flying;pidgeot@36;;17;Pájaro;1,1;30;marrón;50;no;Tiene unas garras desarrolladas. Puede atrapar un Exeggcute y transportarlo desde una distancia de casi 100 km.
pidgeot;Pidgeot;normal|flying;83;80;75;70;70;91;keen_eye;;;medium_slow;216;45;speed:3;1:gust|1:quick_attack|1:sand_attack|1:tackle|5:sand_attack|9:gust|13:quick_attack|20:whirlwind|27:wing_attack|34:feather_dance|48:agility|62:mirror_move;aerial_ace|attract|double_team|facade|fly|frustration|hidden_power|hyper_beam|protect|rain_dance|rest|return|secret_power|steel_wing|sunny_day|thief|toxic;double_edge|endure|mimic|mud_slap|sleep_talk|snore|substitute|swagger|swift;;flying;;;18;Pájaro;1,5;39,5;marrón;50;no;Cuando caza, vuela muy deprisa a ras del agua y sorprende a inocentes presas como Magikarp.
rattata;Rattata;normal;30;56;35;25;35;72;run_away;guts;;medium_fast;51;255;speed:1;1:tackle|1:tail_whip|7:quick_attack|13:hyper_fang|20:focus_energy|27:pursuit|34:super_fang|41:endeavor;attract|blizzard|cut|dig|double_team|facade|frustration|hidden_power|ice_beam|iron_tail|protect|rain_dance|rest|return|rock_smash|secret_power|shadow_ball|shock_wave|sunny_day|taunt|thief|thunder|thunderbolt|toxic;body_slam|counter|defense_curl|double_edge|endure|icy_wind|mimic|mud_slap|sleep_talk|snore|substitute|swagger|swift|thunder_wave;bite|counter|flame_wheel|fury_swipes|reversal|screech|swagger|uproar;ground;raticate@20;;19;Ratón;0,3;3,5;morado;50;no;Vive allí donde haya comida disponible. Busca todo el día, sin descanso, algo comestible.
raticate;Raticate;normal;55;81;60;50;70;97;run_away;guts;;medium_fast;145;127;speed:2;1:quick_attack|1:tackle|1:tail_whip|7:quick_attack|13:hyper_fang|20:scary_face|30:pursuit|40:super_fang|50:endeavor;attract|blizzard|cut|dig|double_team|facade|frustration|hidden_power|hyper_beam|ice_beam|iron_tail|protect|rain_dance|rest|return|roar|rock_smash|secret_power|shadow_ball|shock_wave|strength|sunny_day|taunt|thief|thunder|thunderbolt|toxic;body_slam|counter|defense_curl|double_edge|endure|icy_wind|mimic|mud_slap|sleep_talk|snore|substitute|swagger|swift|thunder_wave;;ground;;;20;Ratón;0,7;18,5;marrón;50;no;Lima sus colmillos royendo objetos duros. Con ellos puede destruir incluso paredes de hormigón.
spearow;Spearow;normal|flying;40;60;30;31;31;70;keen_eye;;;medium_fast;52;255;speed:1;1:growl|1:peck|7:leer|13:fury_attack|19:pursuit|25:aerial_ace|31:mirror_move|37:drill_peck|43:agility;aerial_ace|attract|double_team|facade|fly|frustration|hidden_power|protect|rain_dance|rest|return|secret_power|steel_wing|sunny_day|thief|toxic;double_edge|endure|mimic|mud_slap|sleep_talk|snore|substitute|swagger|swift;astonish|false_swipe|feint_attack|quick_attack|scary_face|sky_attack|tri_attack;flying;fearow@20;;21;Pajarito;0,3;2;marrón;50;no;Muy protector de su territorio, mueve sus cortas alas sin descanso para lanzarse a toda velocidad.
fearow;Fearow;normal|flying;65;90;65;61;61;100;keen_eye;;;medium_fast;155;90;speed:2;1:fury_attack|1:growl|1:leer|1:peck|7:leer|13:fury_attack|26:pursuit|32:mirror_move|40:drill_peck|47:agility;aerial_ace|attract|double_team|facade|fly|frustration|hidden_power|hyper_beam|protect|rain_dance|rest|return|secret_power|steel_wing|sunny_day|thief|toxic;double_edge|endure|mimic|mud_slap|sleep_talk|snore|substitute|swagger|swift;;flying;;;22;Pico;1,2;38;marrón;50;no;Con sus enormes y magníficas alas, puede seguir volando sin tener que aterrizar para descansar.
ekans;Ekans;poison;35;60;44;40;54;55;intimidate;shed_skin;;medium_fast;58;255;attack:1;1:leer|1:wrap|8:poison_sting|13:bite|20:glare|25:screech|32:acid|37:spit_up|37:stockpile|37:swallow|44:haze;attract|dig|double_team|earthquake|facade|frustration|giga_drain|hidden_power|iron_tail|protect|rain_dance|rest|return|secret_power|sludge_bomb|snatch|strength|sunny_day|thief|torment|toxic;body_slam|double_edge|endure|mimic|rock_slide|sleep_talk|snore|substitute|swagger;beat_up|poison_fang|pursuit|slam|spite;ground|dragon;arbok@22;;23;Serpiente;2;6,9;morado;50;no;Cuanto más viejo, más crece este Pokémon. Por la noche, descansa en las ramas de los árboles.
arbok;Arbok;poison;60;85;69;65;79;80;intimidate;shed_skin;;medium_fast;157;90;attack:2;1:bite|1:leer|1:poison_sting|1:wrap|8:poison_sting|13:bite|20:glare|28:screech|38:acid|46:spit_up|46:stockpile|46:swallow|56:haze;attract|dig|double_team|earthquake|facade|frustration|giga_drain|hidden_power|hyper_beam|iron_tail|protect|rain_dance|rest|return|secret_power|sludge_bomb|snatch|strength|sunny_day|thief|torment|toxic;body_slam|double_edge|endure|mimic|rock_slide|sleep_talk|snore|substitute|swagger;;ground|dragon;;;24;Cobra;3,5;65;morado;50;no;El dibujo que tiene en la panza aterroriza. Los rivales más débiles salen huyendo al verlo.
pikachu;Pikachu;electric;35;55;30;50;40;90;static;;;medium_fast;112;190;speed:2;1:growl|1:thunder_shock|6:tail_whip|8:thunder_wave|11:quick_attack|15:double_team|20:slam|26:thunderbolt|33:agility|41:thunder|50:light_screen;attract|brick_break|dig|double_team|facade|flash|focus_punch|frustration|hidden_power|iron_tail|light_screen|protect|rain_dance|rest|return|rock_smash|secret_power|shock_wave|strength|thunder|thunderbolt|toxic;body_slam|counter|defense_curl|double_edge|dynamic_punch|endure|mega_kick|mega_punch|mimic|mud_slap|rollout|seismic_toss|sleep_talk|snore|substitute|swagger|swift|thunder_punch|thunder_wave;;ground|fairy;raichu@objeto:thunder_stone;;25;Ratón;0,4;6;amarillo;50;no;Levanta su cola para vigilar los alrededores. A veces, puede ser alcanzado por un rayo en esa pose.
raichu;Raichu;electric;60;90;55;90;80;100;static;;;medium_fast;218;75;speed:3;1:quick_attack|1:tail_whip|1:thunder_shock|1:thunderbolt;attract|brick_break|dig|double_team|facade|flash|focus_punch|frustration|hidden_power|hyper_beam|iron_tail|light_screen|protect|rain_dance|rest|return|rock_smash|secret_power|shock_wave|strength|thief|thunder|thunderbolt|toxic;body_slam|counter|defense_curl|double_edge|dynamic_punch|endure|mega_kick|mega_punch|mimic|mud_slap|rollout|seismic_toss|sleep_talk|snore|substitute|swagger|swift|thunder_punch|thunder_wave;;ground|fairy;;;26;Ratón;0,8;30;amarillo;50;no;Cuando se carga de electricidad, sus músculos se tensan y se vuelve más agresivo de lo normal.
sandshrew;Sandshrew;ground;50;75;85;20;30;40;sand_veil;;;medium_fast;60;255;defense:1;1:scratch|6:defense_curl|11:sand_attack|17:poison_sting|23:slash|30:swift|37:fury_swipes|45:sand_tomb|53:sandstorm;aerial_ace|attract|brick_break|cut|dig|double_team|earthquake|facade|focus_punch|frustration|hidden_power|iron_tail|protect|rest|return|rock_smash|rock_tomb|sandstorm|secret_power|strength|sunny_day|thief|toxic;body_slam|counter|defense_curl|double_edge|dynamic_punch|endure|fury_cutter|mimic|mud_slap|rock_slide|rollout|seismic_toss|sleep_talk|snore|substitute|swagger|swift|swords_dance;counter|crush_claw|flail|metal_claw|rapid_spin|rock_slide|safeguard|swords_dance;ground;sandslash@22;;27;Ratón;0,6;12;amarillo;50;no;Este Pokémon permanece bajo tierra. Si se siente amenazado, se enrosca para defenderse.
sandslash;Sandslash;ground;75;100;110;45;55;65;sand_veil;;;medium_fast;158;90;defense:2;1:defense_curl|1:sand_attack|1:scratch|6:defense_curl|11:sand_attack|17:poison_sting|24:slash|33:swift|42:fury_swipes|52:sand_tomb|62:sandstorm;aerial_ace|attract|brick_break|cut|dig|double_team|earthquake|facade|focus_punch|frustration|hidden_power|hyper_beam|iron_tail|protect|rest|return|rock_smash|rock_tomb|sandstorm|secret_power|strength|sunny_day|thief|toxic;body_slam|counter|defense_curl|double_edge|dynamic_punch|endure|fury_cutter|mimic|mud_slap|rock_slide|rollout|seismic_toss|sleep_talk|snore|substitute|swagger|swift|swords_dance;;ground;;;28;Ratón;1;29,5;amarillo;50;no;Si cava a gran velocidad, puede que se le caigan las garras y púas. Vuelven a crecerle en un día.
nidoran_f;Nidoran♀;poison;55;47;52;40;40;41;poison_point;;;medium_slow;55;235;hp:1;1:growl|1:scratch|8:tail_whip|12:double_kick|17:poison_sting|20:bite|23:helping_hand|30:fury_swipes|38:flatter|47:crunch;aerial_ace|attract|blizzard|cut|dig|double_team|facade|frustration|hidden_power|ice_beam|iron_tail|protect|rain_dance|rest|return|rock_smash|secret_power|shock_wave|sludge_bomb|strength|sunny_day|thief|thunder|thunderbolt|toxic|water_pulse;body_slam|counter|defense_curl|double_edge|endure|mimic|mud_slap|sleep_talk|snore|substitute|swagger;beat_up|charm|counter|disable|focus_energy|supersonic|take_down;monster|ground;nidorina@16;;29;Pin Veneno;0,4;7;azul;100;no;Aunque pequeñas, sus venenosas púas son muy peligrosas. Tienen un cuerno más pequeño que los machos.
nidorina;Nidorina;poison;70;62;67;55;55;56;poison_point;;;medium_slow;128;120;hp:2;1:growl|1:scratch|8:tail_whip|12:double_kick|18:poison_sting|22:bite|26:helping_hand|34:fury_swipes|43:flatter|53:crunch;aerial_ace|attract|blizzard|cut|dig|double_team|facade|frustration|hidden_power|ice_beam|iron_tail|protect|rain_dance|rest|return|rock_smash|secret_power|shock_wave|sludge_bomb|strength|sunny_day|thief|thunder|thunderbolt|toxic|water_pulse;body_slam|counter|defense_curl|double_edge|endure|mimic|mud_slap|sleep_talk|snore|substitute|swagger;;no_eggs;nidoqueen@objeto:moon_stone;;30;Pin Veneno;0,8;20;azul;100;no;Tiene un carácter afable. Emite ondas ultrasónicas para confundir al enemigo.
nidoqueen;Nidoqueen;poison|ground;90;82;87;75;85;76;poison_point;;;medium_slow;227;45;hp:3;1:double_kick|1:poison_sting|1:scratch|1:tail_whip|23:body_slam;aerial_ace|attract|blizzard|brick_break|cut|dig|double_team|earthquake|facade|fire_blast|flamethrower|focus_punch|frustration|hidden_power|hyper_beam|ice_beam|iron_tail|protect|rain_dance|rest|return|roar|rock_smash|rock_tomb|sandstorm|secret_power|shadow_ball|shock_wave|sludge_bomb|strength|sunny_day|surf|taunt|thief|thunder|thunderbolt|torment|toxic|water_pulse;body_slam|counter|defense_curl|double_edge|dynamic_punch|endure|fire_punch|fury_cutter|ice_punch|icy_wind|mega_kick|mega_punch|mimic|mud_slap|rock_slide|seismic_toss|sleep_talk|snore|substitute|swagger|thunder_punch;;no_eggs;;;31;Taladro;1,3;60;azul;100;no;Usa su cuerpo duro y escamoso para sellar la entrada a su madriguera y protegerse de los depredadores.
nidoran_m;Nidoran♂;poison;46;57;40;40;40;50;poison_point;;;medium_slow;55;235;attack:1;1:leer|1:peck|8:focus_energy|12:double_kick|17:poison_sting|20:horn_attack|23:helping_hand|30:fury_attack|38:flatter|47:horn_drill;attract|blizzard|cut|dig|double_team|facade|frustration|hidden_power|ice_beam|iron_tail|protect|rain_dance|rest|return|rock_smash|secret_power|shock_wave|sludge_bomb|strength|sunny_day|thief|thunder|thunderbolt|toxic|water_pulse;body_slam|counter|defense_curl|double_edge|endure|mimic|mud_slap|sleep_talk|snore|substitute|swagger;amnesia|beat_up|confusion|counter|disable|supersonic|take_down;monster|ground;nidorino@16;;32;Pin Veneno;0,5;9;morado;0;no;Saca las orejas por encima de la hierba para explorar el territorio. Le protege su cuerno venenoso.
nidorino;Nidorino;poison;61;72;57;55;55;65;poison_point;;;medium_slow;128;120;attack:2;1:leer|1:peck|8:focus_energy|12:double_kick|18:poison_sting|22:horn_attack|26:helping_hand|34:fury_attack|43:flatter|53:horn_drill;attract|blizzard|cut|dig|double_team|facade|frustration|hidden_power|ice_beam|iron_tail|protect|rain_dance|rest|return|rock_smash|secret_power|shock_wave|sludge_bomb|strength|sunny_day|thief|thunder|thunderbolt|toxic|water_pulse;body_slam|counter|defense_curl|double_edge|endure|mimic|mud_slap|sleep_talk|snore|substitute|swagger;;monster|ground;nidoking@objeto:moon_stone;;33;Pin Veneno;0,9;19,5;morado;0;no;Levanta sus grandes orejas para vigilar. Si detecta algo, atacará de inmediato.
nidoking;Nidoking;poison|ground;81;92;77;85;75;85;poison_point;;;medium_slow;227;45;attack:3;1:double_kick|1:focus_energy|1:peck|1:poison_sting|23:thrash;attract|blizzard|brick_break|cut|dig|double_team|earthquake|facade|fire_blast|flamethrower|focus_punch|frustration|hidden_power|hyper_beam|ice_beam|iron_tail|protect|rain_dance|rest|return|roar|rock_smash|rock_tomb|sandstorm|secret_power|shadow_ball|shock_wave|sludge_bomb|strength|sunny_day|surf|taunt|thief|thunder|thunderbolt|torment|toxic|water_pulse;body_slam|counter|defense_curl|double_edge|dynamic_punch|endure|fire_punch|fury_cutter|ice_punch|icy_wind|mega_kick|mega_punch|mimic|mud_slap|rock_slide|seismic_toss|sleep_talk|snore|substitute|swagger|thunder_punch;;monster|ground;;;34;Taladro;1,4;62;morado;0;no;Es fácil reconocerlo por tener una dura piel y un gran cuerno lleno de peligrosísimo veneno.
clefairy;Clefairy;normal;70;45;48;60;65;35;cute_charm;;;fast;113;150;hp:2;1:growl|1:pound|5:encore|9:sing|13:double_slap|17:follow_me|21:minimize|25:defense_curl|29:metronome|33:cosmic_power|37:moonlight|41:light_screen|45:meteor_mash;attract|blizzard|brick_break|calm_mind|dig|double_team|facade|fire_blast|flamethrower|flash|focus_punch|frustration|hidden_power|ice_beam|iron_tail|light_screen|protect|psychic|rain_dance|reflect|rest|return|safeguard|secret_power|shadow_ball|shock_wave|snatch|solar_beam|strength|sunny_day|thunder|thunderbolt|toxic|water_pulse;body_slam|counter|defense_curl|double_edge|dream_eater|dynamic_punch|endure|fire_punch|ice_punch|mega_kick|mega_punch|metronome|mimic|mud_slap|psych_up|rollout|seismic_toss|sleep_talk|snore|soft_boiled|substitute|swagger|thunder_punch|thunder_wave;;fairy;clefable@objeto:moon_stone;;35;Hada;0,6;7,5;rosa;75;no;Se dice que la felicidad llegará a quien vea a un grupo de Clefairy bailando a la luz de la luna llena.
clefable;Clefable;normal;95;70;73;85;90;60;cute_charm;;;fast;217;25;hp:3;1:double_slap|1:metronome|1:minimize|1:sing;attract|blizzard|brick_break|calm_mind|dig|double_team|facade|fire_blast|flamethrower|flash|focus_punch|frustration|hidden_power|hyper_beam|ice_beam|iron_tail|light_screen|protect|psychic|rain_dance|reflect|rest|return|safeguard|secret_power|shadow_ball|shock_wave|snatch|solar_beam|strength|sunny_day|thunder|thunderbolt|toxic|water_pulse;body_slam|counter|defense_curl|double_edge|dream_eater|dynamic_punch|endure|fire_punch|ice_punch|mega_kick|mega_punch|metronome|mimic|mud_slap|psych_up|rollout|seismic_toss|sleep_talk|snore|soft_boiled|substitute|swagger|thunder_punch|thunder_wave;;fairy;;;36;Hada;1,3;40;rosa;75;no;Su oído es tan agudo que puede oír una aguja caer a 1 km. Vive en montañas solitarias.
vulpix;Vulpix;fire;38;41;40;50;65;65;flash_fire;;;medium_fast;60;190;speed:1;1:ember|5:tail_whip|9:roar|13:quick_attack|17:will_o_wisp|21:confuse_ray|25:imprison|29:flamethrower|33:safeguard|37:grudge|41:fire_spin;attract|dig|double_team|facade|fire_blast|flamethrower|frustration|hidden_power|iron_tail|overheat|protect|rest|return|roar|safeguard|secret_power|sunny_day|toxic;body_slam|double_edge|endure|mimic|sleep_talk|snore|substitute|swagger|swift;disable|feint_attack|flail|heat_wave|howl|hypnosis|psych_up|spite;ground;ninetales@objeto:fire_stone;;37;Zorro;0,6;9,9;marrón;75;no;Cuando nace solo tiene una cola, pero a medida que crece, esta se va dividiendo desde la punta.
ninetales;Ninetales;fire;73;76;75;81;100;100;flash_fire;;;medium_fast;177;75;sp_defense:1|speed:1;1:confuse_ray|1:ember|1:quick_attack|1:safeguard|45:fire_spin;attract|dig|double_team|facade|fire_blast|flamethrower|frustration|hidden_power|hyper_beam|iron_tail|overheat|protect|rest|return|roar|safeguard|secret_power|sunny_day|toxic;body_slam|double_edge|endure|mimic|sleep_talk|snore|substitute|swagger|swift;;ground;;;38;Zorro;1,1;19,9;amarillo;75;no;Tiene nueve colas y un pelaje de color dorado. Dicen que este Pokémon llega a vivir 1000 años.
jigglypuff;Jigglypuff;normal;115;45;20;45;25;20;cute_charm;;;fast;95;170;hp:2;1:sing|4:defense_curl|9:pound|14:disable|19:rollout|24:double_slap|29:rest|34:body_slam|39:mimic|44:hyper_voice|49:double_edge;attract|blizzard|brick_break|dig|double_team|facade|fire_blast|flamethrower|flash|focus_punch|frustration|hidden_power|ice_beam|light_screen|protect|psychic|rain_dance|reflect|rest|return|safeguard|secret_power|shadow_ball|shock_wave|snatch|solar_beam|strength|sunny_day|thunder|thunderbolt|toxic|water_pulse;body_slam|counter|defense_curl|double_edge|dream_eater|dynamic_punch|endure|fire_punch|ice_punch|mega_kick|mega_punch|mimic|mud_slap|psych_up|rollout|seismic_toss|sleep_talk|snore|substitute|swagger|thunder_punch|thunder_wave;;fairy;wigglytuff@objeto:moon_stone;;39;Globo;0,5;5,5;rosa;75;no;Cautiva con la mirada a su enemigo y hace que se quede profundamente dormido mientras entona una dulce melodía.
wigglytuff;Wigglytuff;normal;140;70;45;75;50;45;cute_charm;;;fast;196;50;hp:3;1:defense_curl|1:disable|1:double_slap|1:sing;attract|blizzard|brick_break|dig|double_team|facade|fire_blast|flamethrower|flash|focus_punch|frustration|hidden_power|hyper_beam|ice_beam|light_screen|protect|psychic|rain_dance|reflect|rest|return|safeguard|secret_power|shadow_ball|shock_wave|snatch|solar_beam|strength|sunny_day|thunder|thunderbolt|toxic|water_pulse;body_slam|counter|defense_curl|double_edge|dream_eater|dynamic_punch|endure|fire_punch|ice_punch|mega_kick|mega_punch|mimic|mud_slap|psych_up|rollout|seismic_toss|sleep_talk|snore|substitute|swagger|thunder_punch|thunder_wave;;fairy;;;40;Globo;1;12;rosa;75;no;Su piel es tan suave que si dos de ellos se acurrucan juntos, no querrán separarse nunca.
zubat;Zubat;poison|flying;40;45;35;30;40;55;inner_focus;;;medium_fast;49;255;speed:1;1:leech_life|6:supersonic|11:astonish|16:bite|21:wing_attack|26:confuse_ray|31:air_cutter|36:mean_look|41:poison_fang|46:haze;aerial_ace|attract|double_team|facade|frustration|giga_drain|hidden_power|protect|rain_dance|rest|return|secret_power|shadow_ball|sludge_bomb|snatch|steel_wing|sunny_day|taunt|thief|torment|toxic;double_edge|endure|mimic|sleep_talk|snore|substitute|swagger|swift;curse|feint_attack|gust|pursuit|quick_attack|whirlwind;flying;golbat@22;;41;Murciélago;0,8;7,5;morado;50;no;Aunque carezca de ojos, puede detectar obstáculos con las ondas ultrasónicas que emite su boca.
golbat;Golbat;poison|flying;75;80;70;65;75;90;inner_focus;;;medium_fast;159;90;speed:2;1:astonish|1:leech_life|1:screech|1:supersonic|6:supersonic|11:astonish|16:bite|21:wing_attack|28:confuse_ray|35:air_cutter|42:mean_look|49:poison_fang|56:haze;aerial_ace|attract|double_team|facade|frustration|giga_drain|hidden_power|hyper_beam|protect|rain_dance|rest|return|secret_power|shadow_ball|sludge_bomb|snatch|steel_wing|sunny_day|taunt|thief|torment|toxic;double_edge|endure|mimic|sleep_talk|snore|substitute|swagger|swift;;flying;crobat@amistad;;42;Murciélago;1,6;55;morado;50;no;Cuando ataque, seguirá chupando energía de su víctima, aunque pese tanto que ya no pueda volar.
oddish;Oddish;grass|poison;45;50;55;75;65;30;chlorophyll;;;medium_slow;64;255;sp_attack:1;1:absorb|7:sweet_scent|14:poison_powder|16:stun_spore|18:sleep_powder|23:acid|32:moonlight|39:petal_dance;attract|bullet_seed|cut|double_team|facade|flash|frustration|giga_drain|hidden_power|protect|rest|return|secret_power|sludge_bomb|solar_beam|sunny_day|toxic;double_edge|endure|mimic|sleep_talk|snore|substitute|swagger|swords_dance;charm|flail|ingrain|razor_leaf|swords_dance|synthesis;plant;gloom@21;;43;Hierbajo;0,5;5,4;azul;50;no;Durante el día, se agazapa en el frío subsuelo huyendo del sol. La luz de la luna le hace crecer mucho.
gloom;Gloom;grass|poison;60;65;70;85;75;40;chlorophyll;;;medium_slow;138;120;sp_attack:2;1:absorb|1:poison_powder|1:sweet_scent|7:sweet_scent|14:poison_powder|16:stun_spore|18:sleep_powder|24:acid|35:moonlight|44:petal_dance;attract|bullet_seed|cut|double_team|facade|flash|frustration|giga_drain|hidden_power|protect|rest|return|secret_power|sludge_bomb|solar_beam|sunny_day|toxic;double_edge|endure|mimic|sleep_talk|snore|substitute|swagger|swords_dance;;plant;vileplume@objeto:leaf_stone | bellossom@objeto:sun_stone;;44;Hierbajo;0,8;8,6;azul;50;no;¡Huele bastante mal! De todas formas, una de cada mil personas aprecian su fétido olor.
vileplume;Vileplume;grass|poison;75;80;85;100;90;50;chlorophyll;;;medium_slow;221;45;sp_attack:3;1:absorb|1:aromatherapy|1:mega_drain|1:stun_spore|44:petal_dance;attract|bullet_seed|cut|double_team|facade|flash|frustration|giga_drain|hidden_power|hyper_beam|protect|rest|return|secret_power|sludge_bomb|solar_beam|sunny_day|toxic;body_slam|double_edge|endure|mimic|sleep_talk|snore|substitute|swagger|swords_dance;;plant;;;45;Flor;1,2;18,6;rojo;50;no;Cuanto mayores son sus pétalos, más tóxico es su polen. Le pesa la cabeza y le cuesta mantenerla erguida.
paras;Paras;bug|grass;35;70;55;45;55;25;effect_spore;;;medium_fast;57;190;attack:1;1:scratch|7:stun_spore|13:poison_powder|19:leech_life|25:spore|31:slash|37:growth|43:giga_drain|49:aromatherapy;aerial_ace|attract|bullet_seed|cut|dig|double_team|facade|flash|frustration|giga_drain|hidden_power|protect|rest|return|rock_smash|secret_power|sludge_bomb|solar_beam|sunny_day|thief|toxic;body_slam|counter|double_edge|endure|fury_cutter|mimic|sleep_talk|snore|substitute|swagger|swords_dance;counter|false_swipe|flail|light_screen|psybeam|pursuit|screech|sweet_scent;bug|plant;parasect@24;;46;Hongo;0,3;5,4;rojo;50;no;Lleva en el lomo dos setas parásitas llamadas tochukaso, que crecen con él.
parasect;Parasect;bug|grass;60;95;80;60;80;30;effect_spore;;;medium_fast;142;75;attack:2|defense:1;1:poison_powder|1:scratch|1:stun_spore|7:stun_spore|13:poison_powder|19:leech_life|27:spore|35:slash|43:growth|51:giga_drain|59:aromatherapy;aerial_ace|attract|bullet_seed|cut|dig|double_team|facade|flash|frustration|giga_drain|hidden_power|hyper_beam|protect|rest|return|rock_smash|secret_power|sludge_bomb|solar_beam|sunny_day|thief|toxic;body_slam|counter|double_edge|endure|fury_cutter|mimic|sleep_talk|snore|substitute|swagger|swords_dance;;bug|plant;;;47;Hongo;1;29,5;rojo;50;no;Parasect está dominado por una seta parásita mayor que él. Dispersa esporas venenosas.
venonat;Venonat;bug|poison;60;55;50;40;55;45;compound_eyes;;;medium_fast;61;190;sp_defense:1;1:disable|1:foresight|1:tackle|9:supersonic|17:confusion|20:poison_powder|25:leech_life|28:stun_spore|33:psybeam|36:sleep_powder|41:psychic;attract|double_team|facade|flash|frustration|giga_drain|hidden_power|protect|psychic|rest|return|secret_power|skill_swap|sludge_bomb|solar_beam|sunny_day|thief|toxic;double_edge|endure|mimic|sleep_talk|snore|substitute|swagger|swift;baton_pass|giga_drain|screech|signal_beam;bug;venomoth@31;;48;Insecto;1;30;morado;50;no;Sus grandes ojos son en realidad grupos de ojos diminutos. Por la noche se siente atraído por la luz.
venomoth;Venomoth;bug|poison;70;65;60;90;75;90;shield_dust;;;medium_fast;158;75;sp_attack:1|speed:1;1:disable|1:foresight|1:silver_wind|1:supersonic|1:tackle|9:supersonic|17:confusion|20:poison_powder|25:leech_life|28:stun_spore|31:gust|36:psybeam|42:sleep_powder|52:psychic;aerial_ace|attract|double_team|facade|flash|frustration|giga_drain|hidden_power|hyper_beam|protect|psychic|rest|return|secret_power|skill_swap|sludge_bomb|solar_beam|sunny_day|thief|toxic;double_edge|endure|mimic|sleep_talk|snore|substitute|swagger|swift;;bug;;;49;Polilla Ven.;1,5;12,5;morado;50;no;Lanza unas escamas que paralizan a cualquiera. Quien las toque, no podrá ni ponerse de pie.
diglett;Diglett;ground;10;55;25;35;45;95;sand_veil;arena_trap;;medium_fast;53;255;speed:1;1:sand_attack|1:scratch|5:growl|9:magnitude|17:dig|25:mud_slap|33:slash|41:earthquake|49:fissure;aerial_ace|attract|cut|dig|double_team|earthquake|facade|frustration|hidden_power|protect|rest|return|rock_smash|rock_tomb|secret_power|sludge_bomb|sunny_day|thief|toxic;body_slam|double_edge|endure|mimic|mud_slap|rock_slide|sleep_talk|snore|substitute|swagger;ancient_power|beat_up|feint_attack|pursuit|rock_slide|screech|uproar;ground;dugtrio@26;;50;Topo;0,2;0,8;marrón;50;no;Vive un metro por debajo del suelo, donde se alimenta de raíces. También aparece en la superficie.
dugtrio;Dugtrio;ground;35;80;50;50;70;120;sand_veil;arena_trap;;medium_fast;149;50;speed:2;1:growl|1:sand_attack|1:scratch|1:tri_attack|5:growl|9:magnitude|17:dig|25:mud_slap|26:sand_tomb|38:slash|51:earthquake|64:fissure;aerial_ace|attract|cut|dig|double_team|earthquake|facade|frustration|hidden_power|hyper_beam|protect|rest|return|rock_smash|rock_tomb|secret_power|sludge_bomb|sunny_day|thief|toxic;body_slam|double_edge|endure|mimic|mud_slap|rock_slide|sleep_talk|snore|substitute|swagger;;ground;;;51;Topo;0,7;33,3;marrón;50;no;En combate, cava la tierra, se esconde y sale de repente para golpear a su rival. Nunca se sabe por dónde puede aparecer.
meowth;Meowth;normal;40;45;35;40;40;90;pickup;;;medium_fast;58;255;speed:1;1:growl|1:scratch|11:bite|20:pay_day|28:feint_attack|35:screech|41:fury_swipes|46:slash|50:fake_out;aerial_ace|attract|cut|dig|double_team|facade|flash|frustration|hidden_power|iron_tail|protect|rain_dance|rest|return|secret_power|shadow_ball|shock_wave|snatch|sunny_day|taunt|thief|thunder|thunderbolt|torment|toxic|water_pulse;body_slam|defense_curl|double_edge|dream_eater|endure|icy_wind|mimic|mud_slap|psych_up|sleep_talk|snore|substitute|swagger|swift;amnesia|assist|charm|hypnosis|psych_up|spite;ground;persian@28;;52;Gato Araña;0,4;4,2;amarillo;50;no;Es de naturaleza nocturna. Le atraen los objetos brillantes.
persian;Persian;normal;65;70;60;65;65;115;limber;;;medium_fast;154;90;speed:2;1:bite|1:growl|1:scratch|11:bite|20:pay_day|29:feint_attack|38:screech|46:fury_swipes|53:slash|59:fake_out;aerial_ace|attract|cut|dig|double_team|facade|flash|frustration|hidden_power|hyper_beam|iron_tail|protect|rain_dance|rest|return|roar|secret_power|shadow_ball|shock_wave|snatch|sunny_day|taunt|thief|thunder|thunderbolt|torment|toxic|water_pulse;body_slam|defense_curl|double_edge|dream_eater|endure|icy_wind|mimic|mud_slap|psych_up|sleep_talk|snore|substitute|swagger|swift;;ground;;;53;Gato Fino;1;32;amarillo;50;no;Aunque es muy admirado por el pelo, es difícil de entrenar como mascota, porque es un poco travieso.
psyduck;Psyduck;water;50;52;48;65;50;55;damp;cloud_nine;;medium_fast;64;190;sp_attack:1;1:scratch|1:water_sport|5:tail_whip|10:disable|16:confusion|23:screech|31:psych_up|40:fury_swipes|50:hydro_pump;aerial_ace|attract|blizzard|brick_break|calm_mind|dig|dive|double_team|facade|flash|focus_punch|frustration|hail|hidden_power|ice_beam|iron_tail|protect|rain_dance|rest|return|rock_smash|secret_power|strength|surf|toxic|water_pulse|waterfall;body_slam|counter|double_edge|dynamic_punch|endure|ice_punch|icy_wind|mega_kick|mega_punch|mimic|mud_slap|psych_up|seismic_toss|sleep_talk|snore|substitute|swagger|swift;cross_chop|foresight|future_sight|hypnosis|light_screen|psybeam|psychic|refresh;water1|ground;golduck@33;;54;Pato;0,8;19,6;amarillo;50;no;Padece continuamente dolores de cabeza. Cuando son muy fuertes, empieza a usar misteriosos poderes.
golduck;Golduck;water;80;82;78;95;80;85;damp;cloud_nine;;medium_fast;175;75;sp_attack:2;1:disable|1:scratch|1:tail_whip|1:water_sport|5:tail_whip|10:disable|16:confusion|23:screech|31:psych_up|44:fury_swipes|58:hydro_pump;aerial_ace|attract|blizzard|brick_break|calm_mind|dig|dive|double_team|facade|flash|focus_punch|frustration|hail|hidden_power|hyper_beam|ice_beam|iron_tail|protect|rain_dance|rest|return|rock_smash|secret_power|strength|surf|toxic|water_pulse|waterfall;body_slam|counter|double_edge|dynamic_punch|endure|fury_cutter|ice_punch|icy_wind|mega_kick|mega_punch|mimic|mud_slap|psych_up|seismic_toss|sleep_talk|snore|substitute|swagger|swift;;water1|ground;;;55;Pato;1,7;76,6;azul;50;no;Aparece en ríos al anochecer. Puede usar poderes telequinéticos si su frente brilla misteriosamente.
mankey;Mankey;fighting;40;80;35;35;45;70;vital_spirit;;;medium_fast;61;190;attack:1;1:leer|1:scratch|9:low_kick|15:karate_chop|21:fury_swipes|27:focus_energy|33:seismic_toss|39:cross_chop|45:screech|51:thrash;aerial_ace|attract|brick_break|bulk_up|dig|double_team|earthquake|facade|focus_punch|frustration|hidden_power|iron_tail|overheat|protect|rain_dance|rest|return|rock_smash|rock_tomb|secret_power|strength|sunny_day|taunt|thief|thunder|thunderbolt|toxic;body_slam|counter|defense_curl|double_edge|dynamic_punch|endure|fire_punch|ice_punch|mega_kick|mega_punch|metronome|mimic|mud_slap|psych_up|rock_slide|seismic_toss|sleep_talk|snore|substitute|swagger|swift|thunder_punch;beat_up|counter|foresight|meditate|revenge|reversal|rock_slide|smelling_salts;ground;primeape@28;;56;Mono Cerdo;0,5;28;marrón;50;no;Es peligroso acercarse si se enfada sin razón aparente, ya que no distingue entre amigos y enemigos.
primeape;Primeape;fighting;65;105;60;60;70;95;vital_spirit;;;medium_fast;159;75;attack:2;1:leer|1:low_kick|1:rage|1:scratch|9:low_kick|15:karate_chop|21:fury_swipes|27:focus_energy|28:rage|36:seismic_toss|45:cross_chop|54:screech|63:thrash;aerial_ace|attract|brick_break|bulk_up|dig|double_team|earthquake|facade|focus_punch|frustration|hidden_power|hyper_beam|iron_tail|overheat|protect|rain_dance|rest|return|rock_smash|rock_tomb|secret_power|strength|sunny_day|taunt|thief|thunder|thunderbolt|toxic;body_slam|counter|defense_curl|double_edge|dynamic_punch|endure|fire_punch|ice_punch|mega_kick|mega_punch|metronome|mimic|mud_slap|psych_up|rock_slide|seismic_toss|sleep_talk|snore|substitute|swagger|swift|thunder_punch;;ground;;;57;Mono Cerdo;1;32;marrón;50;no;Solo se calma cuando nadie está cerca. Llegar a ver ese momento es realmente difícil.
growlithe;Growlithe;fire;55;70;45;70;50;60;intimidate;flash_fire;;slow;70;190;attack:1;1:bite|1:roar|7:ember|13:leer|19:odor_sleuth|25:take_down|31:flame_wheel|37:helping_hand|43:agility|49:flamethrower;aerial_ace|attract|dig|double_team|facade|fire_blast|flamethrower|frustration|hidden_power|iron_tail|overheat|protect|rest|return|roar|rock_smash|secret_power|strength|sunny_day|thief|toxic;body_slam|double_edge|endure|mimic|sleep_talk|snore|substitute|swagger|swift;body_slam|crunch|fire_spin|heat_wave|howl|safeguard|thrash;ground;arcanine@objeto:fire_stone;;58;Perrito;0,7;19;marrón;25;no;Es muy agradable y leal. Para ahuyentar al enemigo, se pone a ladrar y a dar bocados.
arcanine;Arcanine;fire;90;110;80;100;80;95;intimidate;flash_fire;;slow;194;75;attack:2;1:bite|1:ember|1:odor_sleuth|1:roar|49:extreme_speed;aerial_ace|attract|dig|double_team|facade|fire_blast|flamethrower|frustration|hidden_power|hyper_beam|iron_tail|overheat|protect|rest|return|roar|rock_smash|secret_power|strength|sunny_day|thief|toxic;body_slam|double_edge|endure|mimic|sleep_talk|snore|substitute|swagger|swift;;ground;;;59;Leyenda;1,9;155;marrón;25;no;Un Pokémon muy admirado desde la antigüedad por su belleza. Corre ágilmente como si tuviera alas.
poliwag;Poliwag;water;40;50;40;40;40;90;water_absorb;damp;;medium_slow;60;255;speed:1;1:bubble|7:hypnosis|13:water_gun|19:double_slap|25:rain_dance|31:body_slam|37:belly_drum|43:hydro_pump;attract|blizzard|dig|dive|double_team|facade|frustration|hail|hidden_power|ice_beam|protect|psychic|rain_dance|rest|return|secret_power|surf|thief|toxic|water_pulse|waterfall;body_slam|defense_curl|double_edge|endure|icy_wind|mimic|sleep_talk|snore|substitute|swagger;bubble_beam|haze|ice_ball|mind_reader|mist|splash|water_sport;water1;poliwhirl@25;;60;Renacuajo;0,6;12,4;azul;50;no;Tiene una piel extraordinaria, fina y húmeda, que deja entrever las vísceras que tiene dispuestas en espiral.
poliwhirl;Poliwhirl;water;65;65;65;50;50;90;water_absorb;damp;;medium_slow;135;120;speed:2;1:bubble|1:hypnosis|1:water_gun|7:hypnosis|13:water_gun|19:double_slap|27:rain_dance|35:body_slam|43:belly_drum|51:hydro_pump;attract|blizzard|brick_break|dig|dive|double_team|earthquake|facade|focus_punch|frustration|hail|hidden_power|ice_beam|protect|psychic|rain_dance|rest|return|rock_smash|secret_power|strength|surf|thief|toxic|water_pulse|waterfall;body_slam|counter|defense_curl|double_edge|endure|ice_punch|icy_wind|mega_kick|mega_punch|metronome|mimic|mud_slap|seismic_toss|sleep_talk|snore|substitute|swagger;;water1;poliwrath@objeto:water_stone | politoed@intercambio:kings_rock;;61;Renacuajo;1;20;azul;50;no;Capaz de vivir dentro o fuera del agua. Fuera del agua suda para mantener baboso su cuerpo.
poliwrath;Poliwrath;water|fighting;90;85;95;70;90;70;water_absorb;damp;;medium_slow;230;45;defense:3;1:double_slap|1:hypnosis|1:submission|1:water_gun|35:submission|51:mind_reader;attract|blizzard|brick_break|bulk_up|dig|dive|double_team|earthquake|facade|focus_punch|frustration|hail|hidden_power|hyper_beam|ice_beam|protect|psychic|rain_dance|rest|return|rock_smash|rock_tomb|secret_power|strength|surf|thief|toxic|water_pulse|waterfall;body_slam|counter|defense_curl|double_edge|dynamic_punch|endure|ice_punch|icy_wind|mega_kick|mega_punch|metronome|mimic|mud_slap|seismic_toss|sleep_talk|snore|substitute|swagger;;water1;;;62;Renacuajo;1,3;54;azul;50;no;Tiene músculos muy desarrollados. Es capaz de nadar en el océano sin descanso.
abra;Abra;psychic;25;20;15;105;55;90;synchronize;inner_focus;;medium_slow;62;200;sp_attack:1;1:teleport;attract|calm_mind|double_team|facade|flash|focus_punch|frustration|hidden_power|iron_tail|light_screen|protect|psychic|rain_dance|reflect|rest|return|safeguard|secret_power|shadow_ball|shock_wave|skill_swap|snatch|sunny_day|taunt|thief|torment|toxic;body_slam|counter|double_edge|dream_eater|dynamic_punch|endure|fire_punch|ice_punch|mega_kick|mega_punch|metronome|mimic|psych_up|seismic_toss|sleep_talk|snore|substitute|swagger|thunder_punch|thunder_wave;barrier|encore|fire_punch|ice_punch|knock_off|thunder_punch;humanshape;kadabra@16;;63;Psi;0,9;19,5;marrón;25;no;Duerme 18 horas al día y mientras lo hace es capaz de usar una serie de poderes extrasensoriales.
kadabra;Kadabra;psychic;40;35;30;120;70;105;synchronize;inner_focus;;medium_slow;140;100;sp_attack:2;1:confusion|1:kinesis|1:teleport|16:confusion|18:disable|21:psybeam|23:reflect|25:recover|30:future_sight|33:role_play|36:psychic|43:trick;attract|calm_mind|double_team|facade|flash|focus_punch|frustration|hidden_power|iron_tail|light_screen|protect|psychic|rain_dance|reflect|rest|return|safeguard|secret_power|shadow_ball|shock_wave|skill_swap|snatch|sunny_day|taunt|thief|torment|toxic;body_slam|counter|double_edge|dream_eater|dynamic_punch|endure|fire_punch|ice_punch|mega_kick|mega_punch|metronome|mimic|psych_up|seismic_toss|sleep_talk|snore|substitute|swagger|thunder_punch|thunder_wave;;humanshape;alakazam@intercambio;;64;Psi;1,3;56,5;marrón;25;no;Cuando utiliza su poder psíquico, emite poderosas ondas alfa que pueden destruir dispositivos.
alakazam;Alakazam;psychic;55;50;45;135;85;120;synchronize;inner_focus;;medium_slow;225;50;sp_attack:3;1:confusion|1:kinesis|1:teleport|16:confusion|18:disable|21:psybeam|23:reflect|25:recover|30:future_sight|33:calm_mind|36:psychic|43:trick;attract|calm_mind|double_team|facade|flash|focus_punch|frustration|hidden_power|hyper_beam|iron_tail|light_screen|protect|psychic|rain_dance|reflect|rest|return|safeguard|secret_power|shadow_ball|shock_wave|skill_swap|snatch|sunny_day|taunt|thief|torment|toxic;body_slam|counter|double_edge|dream_eater|dynamic_punch|endure|fire_punch|ice_punch|mega_kick|mega_punch|metronome|mimic|psych_up|seismic_toss|sleep_talk|snore|substitute|swagger|thunder_punch|thunder_wave;;humanshape;;;65;Psi;1,5;48;marrón;25;no;Sus neuronas se multiplican continuamente durante su vida. Por eso, siempre lo recuerda todo.
machop;Machop;fighting;70;80;50;35;35;35;guts;;;medium_slow;61;180;attack:1;1:leer|1:low_kick|7:focus_energy|13:karate_chop|19:seismic_toss|22:foresight|25:revenge|31:vital_throw|37:submission|40:cross_chop|43:scary_face|49:dynamic_punch;attract|brick_break|bulk_up|dig|double_team|earthquake|facade|fire_blast|flamethrower|focus_punch|frustration|hidden_power|protect|rain_dance|rest|return|rock_smash|rock_tomb|secret_power|strength|sunny_day|thief|toxic;body_slam|counter|double_edge|dynamic_punch|endure|fire_punch|ice_punch|mega_kick|mega_punch|metronome|mimic|mud_slap|rock_slide|seismic_toss|sleep_talk|snore|substitute|swagger|thunder_punch;counter|encore|light_screen|meditate|rock_slide|rolling_kick|smelling_salts;humanshape;machoke@28;;66;Superpoder;0,8;19,5;gris;25;no;Levanta un Graveler para mantener sus músculos en forma. Domina todas las artes marciales.
machoke;Machoke;fighting;80;100;70;50;60;45;guts;;;medium_slow;142;90;attack:2;1:focus_energy|1:leer|1:low_kick|7:focus_energy|13:karate_chop|19:seismic_toss|22:foresight|25:revenge|33:vital_throw|41:submission|46:cross_chop|51:scary_face|59:dynamic_punch;attract|brick_break|bulk_up|dig|double_team|earthquake|facade|fire_blast|flamethrower|focus_punch|frustration|hidden_power|protect|rain_dance|rest|return|rock_smash|rock_tomb|secret_power|strength|sunny_day|thief|toxic;body_slam|counter|double_edge|dynamic_punch|endure|fire_punch|ice_punch|mega_kick|mega_punch|metronome|mimic|mud_slap|rock_slide|seismic_toss|sleep_talk|snore|substitute|swagger|thunder_punch;;humanshape;machamp@intercambio;;67;Superpoder;1,5;70,5;gris;25;no;Su musculoso cuerpo es tan fuerte que usa un cinto antifuerza para controlar sus movimientos.
machamp;Machamp;fighting;90;130;80;65;85;55;guts;;;medium_slow;227;45;attack:3;1:focus_energy|1:leer|1:low_kick|7:focus_energy|13:karate_chop|19:seismic_toss|22:foresight|25:revenge|33:vital_throw|41:submission|46:cross_chop|51:scary_face|59:dynamic_punch;attract|brick_break|bulk_up|dig|double_team|earthquake|facade|fire_blast|flamethrower|focus_punch|frustration|hidden_power|hyper_beam|protect|rain_dance|rest|return|rock_smash|rock_tomb|secret_power|strength|sunny_day|thief|toxic;body_slam|counter|double_edge|dynamic_punch|endure|fire_punch|ice_punch|mega_kick|mega_punch|metronome|mimic|mud_slap|rock_slide|seismic_toss|sleep_talk|snore|substitute|swagger|thunder_punch;;humanshape;;;68;Superpoder;1,6;130;gris;25;no;Tiene cuatro brazos tan bien desarrollados que puede dar una serie de 1000 puñetazos en cuestión de dos segundos.
bellsprout;Bellsprout;grass|poison;50;75;35;70;30;40;chlorophyll;;;medium_slow;60;255;attack:1;1:vine_whip|6:growth|11:wrap|15:sleep_powder|17:poison_powder|19:stun_spore|23:acid|30:sweet_scent|37:razor_leaf|45:slam;attract|bullet_seed|cut|double_team|facade|flash|frustration|giga_drain|hidden_power|protect|rest|return|secret_power|sludge_bomb|solar_beam|sunny_day|thief|toxic;double_edge|endure|mimic|sleep_talk|snore|substitute|swagger|swords_dance;encore|ingrain|leech_life|magical_leaf|reflect|swords_dance|synthesis;plant;weepinbell@21;;69;Flor;0,7;4;verde;50;no;Aunque su cuerpo es extremadamente delgado, es muy rápido a la hora de capturar sus presas.
weepinbell;Weepinbell;grass|poison;65;90;50;85;45;55;chlorophyll;;;medium_slow;137;120;attack:2;1:growth|1:vine_whip|1:wrap|6:growth|11:wrap|15:sleep_powder|17:poison_powder|19:stun_spore|24:acid|33:sweet_scent|42:razor_leaf|54:slam;attract|bullet_seed|cut|double_team|facade|flash|frustration|giga_drain|hidden_power|protect|rest|return|secret_power|sludge_bomb|solar_beam|sunny_day|thief|toxic;double_edge|endure|mimic|sleep_talk|snore|substitute|swagger|swords_dance;;plant;victreebel@objeto:leaf_stone;;70;Matamoscas;1;6,4;verde;50;no;Las hojas que tiene actúan como cuchillas en combate. Otra de sus armas es el corrosivo fluido que expulsa.
victreebel;Victreebel;grass|poison;80;105;65;100;60;70;chlorophyll;;;medium_slow;221;45;attack:3;1:razor_leaf|1:sleep_powder|1:sweet_scent|1:vine_whip;attract|bullet_seed|cut|double_team|facade|flash|frustration|giga_drain|hidden_power|hyper_beam|protect|rest|return|secret_power|sludge_bomb|solar_beam|sunny_day|thief|toxic;body_slam|double_edge|endure|mimic|sleep_talk|snore|substitute|swagger|swords_dance;;plant;;;71;Matamoscas;1,7;15,5;verde;50;no;Dicen que vive en grandes colonias en el interior de las junglas, aunque nadie ha podido verificarlo.
tentacool;Tentacool;water|poison;40;40;35;50;100;70;clear_body;liquid_ooze;;slow;67;190;sp_defense:1;1:poison_sting|6:supersonic|12:constrict|19:acid|25:bubble_beam|30:wrap|36:barrier|43:screech|49:hydro_pump;attract|blizzard|cut|dive|double_team|facade|frustration|giga_drain|hail|hidden_power|ice_beam|protect|rain_dance|rest|return|secret_power|sludge_bomb|surf|thief|toxic|water_pulse|waterfall;double_edge|endure|icy_wind|mimic|sleep_talk|snore|substitute|swagger|swords_dance;aurora_beam|confuse_ray|haze|mirror_coat|rapid_spin|safeguard;water3;tentacruel@30;;72;Medusa;0,9;45,5;azul;50;no;Su cuerpo se compone casi en exclusiva de agua. Lanza extraños rayos con sus ojos cristalinos.
tentacruel;Tentacruel;water|poison;80;70;65;80;120;100;clear_body;liquid_ooze;;slow;180;60;sp_defense:2;1:constrict|1:poison_sting|1:supersonic|6:supersonic|12:constrict|19:acid|25:bubble_beam|30:wrap|38:barrier|47:screech|55:hydro_pump;attract|blizzard|cut|dive|double_team|facade|frustration|giga_drain|hail|hidden_power|hyper_beam|ice_beam|protect|rain_dance|rest|return|secret_power|sludge_bomb|surf|thief|toxic|water_pulse|waterfall;double_edge|endure|icy_wind|mimic|sleep_talk|snore|substitute|swagger|swords_dance;;water3;;;73;Medusa;1,6;55;azul;50;no;Cuando caza, extiende los cortos tentáculos que tiene para atrapar e inmovilizar a su presa.
geodude;Geodude;rock|ground;40;80;100;30;30;20;rock_head;sturdy;;medium_slow;60;255;defense:1;1:defense_curl|1:tackle|6:mud_sport|11:rock_throw|16:magnitude|21:self_destruct|26:rollout|31:rock_blast|36:earthquake|41:explosion|46:double_edge;attract|brick_break|dig|double_team|earthquake|facade|fire_blast|flamethrower|focus_punch|frustration|hidden_power|protect|rest|return|rock_smash|rock_tomb|sandstorm|secret_power|strength|sunny_day|toxic;body_slam|counter|defense_curl|double_edge|dynamic_punch|endure|explosion|fire_punch|mega_punch|metronome|mimic|mud_slap|rock_slide|rollout|seismic_toss|sleep_talk|snore|substitute|swagger;block|mega_punch|rock_slide;mineral;graveler@25;;74;Roca;0,4;20;marrón;50;no;Aparecen en llanos y montañas. Como parecen rocas, la gente se tropieza con ellos o los pisa.
graveler;Graveler;rock|ground;55;95;115;45;45;35;rock_head;sturdy;;medium_slow;137;120;defense:2;1:defense_curl|1:mud_sport|1:rock_throw|1:tackle|6:mud_sport|11:rock_throw|16:magnitude|21:self_destruct|29:rollout|37:rock_blast|45:earthquake|53:explosion|62:double_edge;attract|brick_break|dig|double_team|earthquake|facade|fire_blast|flamethrower|focus_punch|frustration|hidden_power|protect|rest|return|rock_smash|rock_tomb|sandstorm|secret_power|strength|sunny_day|toxic;body_slam|counter|defense_curl|double_edge|dynamic_punch|endure|explosion|fire_punch|mega_punch|metronome|mimic|mud_slap|rock_slide|rollout|seismic_toss|sleep_talk|snore|substitute|swagger;;mineral;golem@intercambio;;75;Roca;1;105;marrón;50;no;De naturaleza descuidada y libre, no le importa dañarse cuando baja rodando montañas.
golem;Golem;rock|ground;80;110;130;55;65;45;rock_head;sturdy;;medium_slow;223;45;defense:3;1:defense_curl|1:mud_sport|1:rock_throw|1:tackle|6:mud_sport|11:rock_throw|16:magnitude|21:self_destruct|29:rollout|37:rock_blast|45:earthquake|53:explosion|62:double_edge;attract|brick_break|dig|double_team|earthquake|facade|fire_blast|flamethrower|focus_punch|frustration|hidden_power|hyper_beam|protect|rest|return|roar|rock_smash|rock_tomb|sandstorm|secret_power|strength|sunny_day|toxic;body_slam|counter|defense_curl|double_edge|dynamic_punch|endure|explosion|fire_punch|fury_cutter|mega_kick|mega_punch|metronome|mimic|mud_slap|rock_slide|rollout|seismic_toss|sleep_talk|snore|substitute|swagger;;mineral;;;76;Megatón;1,4;300;marrón;50;no;Se lanza montaña abajo y deja un surco desde la cima hasta el pie. Es mejor mantenerse alejado.
ponyta;Ponyta;fire;50;85;55;65;65;90;run_away;flash_fire;;medium_fast;82;190;speed:1;1:tackle|5:growl|9:tail_whip|14:ember|19:stomp|25:fire_spin|31:take_down|38:agility|45:bounce|53:fire_blast;attract|double_team|facade|fire_blast|flamethrower|frustration|hidden_power|iron_tail|overheat|protect|rest|return|secret_power|solar_beam|strength|sunny_day|toxic;body_slam|double_edge|endure|mimic|sleep_talk|snore|substitute|swagger|swift;charm|double_edge|double_kick|flame_wheel|hypnosis|thrash;ground;rapidash@40;;77;Caballo Fuego;1;30;amarillo;50;no;Cuando nace, apenas puede tenerse en pie. Pero va fortaleciendo las patas en cuanto empieza a galopar.
rapidash;Rapidash;fire;65;100;70;80;80;105;run_away;flash_fire;;medium_fast;175;60;speed:2;1:ember|1:growl|1:tackle|1:tail_whip|5:growl|9:tail_whip|14:ember|19:stomp|25:fire_spin|31:take_down|38:agility|40:fury_attack|50:bounce|63:fire_blast;attract|double_team|facade|fire_blast|flamethrower|frustration|hidden_power|hyper_beam|iron_tail|overheat|protect|rest|return|secret_power|solar_beam|strength|sunny_day|toxic;body_slam|double_edge|endure|mimic|sleep_talk|snore|substitute|swagger|swift;;ground;;;78;Caballo Fuego;1,7;95;amarillo;50;no;Muy competitivo, este Pokémon perseguirá a todo lo que se mueva rápido e intentará salir airoso.
slowpoke;Slowpoke;water|psychic;90;65;65;40;40;15;oblivious;own_tempo;;medium_fast;63;190;hp:1;1:curse|1:tackle|1:yawn|6:growl|15:water_gun|20:confusion|29:disable|34:headbutt|43:amnesia|48:psychic;attract|blizzard|calm_mind|dig|dive|double_team|earthquake|facade|fire_blast|flamethrower|flash|frustration|hail|hidden_power|ice_beam|iron_tail|protect|psychic|rain_dance|rest|return|safeguard|secret_power|shadow_ball|skill_swap|strength|sunny_day|surf|toxic|water_pulse;body_slam|double_edge|dream_eater|endure|icy_wind|mimic|mud_slap|psych_up|sleep_talk|snore|substitute|swagger|swift|thunder_wave;belly_drum|future_sight|mud_sport|safeguard|sleep_talk|snore|stomp;monster|water1;slowbro@37 | slowking@intercambio:kings_rock;;79;Atontado;1,2;36;rosa;50;no;Está siempre en su mundo, pero nadie sabe en qué piensa. Suele pescar con la cola.
slowbro;Slowbro;water|psychic;95;75;110;100;80;30;oblivious;own_tempo;;medium_fast;172;75;defense:2;1:curse|1:growl|1:tackle|1:yawn|6:growl|15:water_gun|20:confusion|29:disable|34:headbutt|37:withdraw|46:amnesia|54:psychic;attract|blizzard|brick_break|calm_mind|dig|dive|double_team|earthquake|facade|fire_blast|flamethrower|flash|focus_punch|frustration|hail|hidden_power|hyper_beam|ice_beam|iron_tail|protect|psychic|rain_dance|rest|return|rock_smash|safeguard|secret_power|shadow_ball|skill_swap|strength|sunny_day|surf|toxic|water_pulse;body_slam|counter|double_edge|dream_eater|dynamic_punch|endure|fury_cutter|ice_punch|icy_wind|mega_kick|mega_punch|mimic|mud_slap|psych_up|seismic_toss|sleep_talk|snore|substitute|swagger|swift|thunder_wave;;monster|water1;;;80;Ermitaño;1,6;78,5;rosa;50;no;Tiene una cola tan apetecible, que el Shellder que va enganchado a ella no se soltará por nada del mundo.
magnemite;Magnemite;electric|steel;25;35;70;95;55;45;magnet_pull;sturdy;;medium_fast;65;190;sp_attack:1;1:metal_sound|1:tackle|6:thunder_shock|11:supersonic|16:sonic_boom|21:thunder_wave|26:spark|32:lock_on|38:swift|44:screech|50:zap_cannon;double_team|facade|flash|frustration|hidden_power|protect|rain_dance|reflect|rest|return|secret_power|shock_wave|sunny_day|thunder|thunderbolt|toxic;double_edge|endure|mimic|rollout|sleep_talk|snore|substitute|swagger|swift|thunder_wave;;mineral;magneton@30;;81;Imán;0,3;6;gris;sin_genero;no;Las unidades a los lados de su cuerpo generan energía antigravitatoria para mantenerlo en el aire.
magneton;Magneton;electric|steel;50;60;95;120;70;70;magnet_pull;sturdy;;medium_fast;163;60;sp_attack:2;1:metal_sound|1:supersonic|1:tackle|1:thunder_shock|6:thunder_shock|11:supersonic|16:sonic_boom|21:thunder_wave|26:spark|35:lock_on|44:tri_attack|53:screech|62:zap_cannon;double_team|facade|flash|frustration|hidden_power|hyper_beam|protect|rain_dance|reflect|rest|return|secret_power|shock_wave|sunny_day|thunder|thunderbolt|toxic;double_edge|endure|mimic|rollout|sleep_talk|snore|substitute|swagger|swift|thunder_wave;;mineral;;;82;Imán;1;60;gris;sin_genero;no;Lo constituye un grupo de Magnemite. Descarga potentes ondas magnéticas de alto voltaje.
farfetchd;Farfetch’d;normal|flying;52;65;55;58;62;60;keen_eye;inner_focus;;medium_fast;132;45;attack:1;1:peck|6:sand_attack|11:leer|16:fury_attack|21:knock_off|26:fury_cutter|31:swords_dance|36:agility|41:slash|46:false_swipe;aerial_ace|attract|cut|double_team|facade|fly|frustration|hidden_power|iron_tail|protect|rest|return|secret_power|steel_wing|sunny_day|thief|toxic;body_slam|double_edge|endure|mimic|mud_slap|psych_up|sleep_talk|snore|substitute|swagger|swift|swords_dance;curse|feather_dance|flail|foresight|gust|mirror_move|quick_attack|steel_wing;flying|ground;;;83;Pato Salvaje;0,8;15;marrón;50;no;El puerro que lleva es su mejor arma. Suele usarlo como espada para cortar cosas.
doduo;Doduo;normal|flying;35;85;45;35;35;75;run_away;early_bird;;medium_fast;62;190;attack:1;1:growl|1:peck|9:pursuit|13:fury_attack|21:tri_attack|25:rage|33:uproar|37:drill_peck|45:agility;aerial_ace|attract|double_team|facade|fly|frustration|hidden_power|protect|rest|return|secret_power|steel_wing|sunny_day|thief|toxic;body_slam|double_edge|endure|mimic|mud_slap|sleep_talk|snore|substitute|swagger|swift;endeavor|feint_attack|flail|haze|quick_attack|supersonic;flying;dodrio@31;;84;Ave Gemela;1,4;39,2;marrón;50;no;Este Pokémon de dos cabezas es el resultado de una mutación. Cuando corre, puede alcanzar casi 100 km por hora.
dodrio;Dodrio;normal|flying;60;110;70;60;60;100;run_away;early_bird;;medium_fast;165;45;attack:2;1:fury_attack|1:growl|1:peck|1:pursuit|9:pursuit|13:fury_attack|21:tri_attack|25:rage|38:uproar|47:drill_peck|60:agility;aerial_ace|attract|double_team|facade|fly|frustration|hidden_power|hyper_beam|protect|rest|return|secret_power|steel_wing|sunny_day|taunt|thief|torment|toxic;body_slam|double_edge|endure|mimic|mud_slap|sleep_talk|snore|substitute|swagger|swift;;flying;;;85;Ave Triple;1,8;85,2;marrón;50;no;Más vale no perder de vista ninguna de las tres cabezas. De lo contrario, el número de picotazos será enorme.
seel;Seel;water;65;45;55;45;70;45;thick_fat;;;medium_fast;65;190;sp_defense:1;1:headbutt|9:growl|17:icy_wind|21:aurora_beam|29:rest|37:take_down|41:ice_beam|49:safeguard;attract|blizzard|dive|double_team|facade|frustration|hail|hidden_power|ice_beam|protect|rain_dance|rest|return|safeguard|secret_power|surf|thief|toxic|water_pulse|waterfall;body_slam|double_edge|endure|icy_wind|mimic|sleep_talk|snore|substitute|swagger;disable|encore|fake_out|horn_drill|icicle_spear|lick|perish_song|slam;water1|ground;dewgong@34;;86;León Marino;1,1;90;blanco;50;no;Este Pokémon vive en icebergs. Nada en el mar y usa el cuerno de su cabeza para romper el hielo.
dewgong;Dewgong;water|ice;90;70;80;70;95;70;thick_fat;;;medium_fast;166;75;sp_defense:2;1:aurora_beam|1:growl|1:headbutt|1:icy_wind|9:growl|17:icy_wind|21:aurora_beam|29:rest|34:sheer_cold|42:take_down|51:ice_beam|64:safeguard;attract|blizzard|dive|double_team|facade|frustration|hail|hidden_power|hyper_beam|ice_beam|protect|rain_dance|rest|return|safeguard|secret_power|surf|thief|toxic|water_pulse|waterfall;body_slam|double_edge|endure|icy_wind|mimic|sleep_talk|snore|substitute|swagger;;water1|ground;;;87;León Marino;1,7;120;blanco;50;no;Está recubierto de un luminoso pelaje blanco. Este Pokémon aumenta su actividad cuando bajan las temperaturas.
grimer;Grimer;poison;80;80;50;40;50;25;stench;sticky_hold;;medium_fast;65;190;hp:1;1:poison_gas|1:pound|4:harden|8:disable|13:sludge|19:minimize|26:screech|34:acid_armor|43:sludge_bomb|53:memento;attract|dig|double_team|facade|fire_blast|flamethrower|frustration|giga_drain|hidden_power|protect|rain_dance|rest|return|rock_tomb|secret_power|shock_wave|sludge_bomb|sunny_day|taunt|thief|thunder|thunderbolt|torment|toxic;body_slam|dynamic_punch|endure|explosion|fire_punch|ice_punch|mimic|mud_slap|sleep_talk|snore|substitute|swagger|thunder_punch;curse|explosion|haze|imprison|lick|mean_look|shadow_punch;indeterminate;muk@38;;88;Lodo;0,9;30;morado;50;no;Nace de lodo alterado al filtrarse en el agua los rayos X reflejados por la Luna. Se alimenta de sustancias desagradables.
muk;Muk;poison;105;105;75;65;100;50;stench;sticky_hold;;medium_fast;175;75;hp:1|attack:1;1:harden|1:poison_gas|1:pound|4:harden|8:disable|13:sludge|19:minimize|26:screech|34:acid_armor|47:sludge_bomb|61:memento;attract|brick_break|dig|double_team|facade|fire_blast|flamethrower|focus_punch|frustration|giga_drain|hidden_power|hyper_beam|protect|rain_dance|rest|return|rock_smash|rock_tomb|secret_power|shock_wave|sludge_bomb|strength|sunny_day|taunt|thief|thunder|thunderbolt|torment|toxic;body_slam|dynamic_punch|endure|explosion|fire_punch|ice_punch|mimic|mud_slap|sleep_talk|snore|substitute|swagger|thunder_punch;;indeterminate;;;89;Lodo;1,2;30;morado;50;no;Les encanta reunirse en zonas apestosas donde se acumula el lodo, haciendo su olor más insoportable.
shellder;Shellder;water;30;65;100;45;25;40;shell_armor;;;slow;61;190;defense:1;1:tackle|1:withdraw|9:supersonic|17:aurora_beam|25:protect|33:leer|41:clamp|49:ice_beam;attract|blizzard|dive|double_team|facade|frustration|hail|hidden_power|ice_beam|protect|rain_dance|rest|return|secret_power|surf|toxic|water_pulse;double_edge|endure|explosion|icy_wind|mimic|sleep_talk|snore|substitute|swagger|swift;barrier|bubble_beam|icicle_spear|rapid_spin|screech|take_down;water3;cloyster@objeto:water_stone;;90;Bivalvo;0,3;4;morado;50;no;La concha lo protege de cualquier tipo de ataque. Solo es vulnerable cuando se abre.
cloyster;Cloyster;water|ice;50;95;180;85;45;70;shell_armor;;;slow;184;60;defense:2;1:aurora_beam|1:protect|1:supersonic|1:withdraw|33:spikes|41:spike_cannon;attract|blizzard|dive|double_team|facade|frustration|hail|hidden_power|hyper_beam|ice_beam|protect|rain_dance|rest|return|secret_power|surf|torment|toxic|water_pulse;double_edge|endure|explosion|icy_wind|mimic|sleep_talk|snore|substitute|swagger|swift;;water3;;;91;Bivalvo;1,5;132,5;morado;50;no;A los Cloyster que viven en las fuertes corrientes marinas les crecen largas y afiladas púas en la concha.
gastly;Gastly;ghost|poison;30;35;30;100;35;80;levitate;;;medium_slow;62;190;sp_attack:1;1:hypnosis|1:lick|8:spite|13:mean_look|16:curse|21:night_shade|28:confuse_ray|33:dream_eater|36:destiny_bond;attract|double_team|facade|frustration|giga_drain|hidden_power|protect|psychic|rain_dance|rest|return|secret_power|shadow_ball|skill_swap|sludge_bomb|snatch|sunny_day|taunt|thief|thunderbolt|torment|toxic;dream_eater|endure|explosion|mimic|psych_up|sleep_talk|snore|substitute|swagger;astonish|explosion|grudge|haze|perish_song|psywave|will_o_wisp;indeterminate;haunter@25;;92;Gas;1,3;0,1;morado;50;no;Su etéreo cuerpo está hecho de gas. Puede envolver a un oponente de cualquier tamaño hasta ahogarlo.
haunter;Haunter;ghost|poison;45;50;45;115;55;95;levitate;;;medium_slow;142;90;sp_attack:2;1:hypnosis|1:lick|1:spite|8:spite|13:mean_look|16:curse|21:night_shade|25:shadow_punch|31:confuse_ray|39:dream_eater|48:destiny_bond;attract|double_team|facade|frustration|giga_drain|hidden_power|protect|psychic|rain_dance|rest|return|secret_power|shadow_ball|skill_swap|sludge_bomb|snatch|sunny_day|taunt|thief|thunderbolt|torment|toxic;dream_eater|endure|explosion|mimic|psych_up|sleep_talk|snore|substitute|swagger;;indeterminate;gengar@intercambio;;93;Gas;1,6;0,1;morado;50;no;Cuando tienes la sensación de que te están observando, seguro que es porque Haunter está cerca.
gengar;Gengar;ghost|poison;60;65;60;130;75;110;levitate;;;medium_slow;225;45;sp_attack:3;1:hypnosis|1:lick|1:spite|8:spite|13:mean_look|16:curse|21:night_shade|25:shadow_punch|31:confuse_ray|39:dream_eater|48:destiny_bond;attract|brick_break|double_team|facade|focus_punch|frustration|giga_drain|hidden_power|hyper_beam|protect|psychic|rain_dance|rest|return|rock_smash|secret_power|shadow_ball|skill_swap|sludge_bomb|snatch|strength|sunny_day|taunt|thief|thunder|thunderbolt|torment|toxic;body_slam|counter|double_edge|dream_eater|dynamic_punch|endure|explosion|fire_punch|ice_punch|mega_kick|mega_punch|metronome|mimic|psych_up|seismic_toss|sleep_talk|snore|substitute|swagger|thunder_punch;;indeterminate;;;94;Sombra;1,5;40,5;morado;50;no;Se esconde entre las sombras. Se dice que donde Gengar acecha, la temperatura baja 5 °C.
onix;Onix;rock|ground;35;45;160;30;45;70;rock_head;sturdy;;medium_fast;77;45;defense:1;1:screech|1:tackle|9:bind|13:rock_throw|21:harden|25:rage|33:sandstorm|37:slam|45:iron_tail|49:sand_tomb|57:double_edge;attract|dig|double_team|earthquake|facade|frustration|hidden_power|iron_tail|protect|rest|return|roar|rock_smash|rock_tomb|sandstorm|secret_power|strength|sunny_day|taunt|torment|toxic;body_slam|double_edge|endure|explosion|mimic|mud_slap|psych_up|rock_slide|sleep_talk|snore|substitute|swagger;block|explosion|flail|rock_slide;mineral;steelix@intercambio:metal_coat;;95;Serpiente Roca;8,8;210;gris;50;no;Cava a gran velocidad en busca de comida. Los túneles que deja son usados por los Diglett.
drowzee;Drowzee;psychic;60;48;45;43;90;42;insomnia;;;medium_fast;66;190;sp_defense:1;1:hypnosis|1:pound|10:disable|18:confusion|25:headbutt|31:poison_gas|36:meditate|40:psychic|43:psych_up|45:future_sight;attract|brick_break|calm_mind|double_team|facade|flash|focus_punch|frustration|hidden_power|light_screen|protect|psychic|rain_dance|reflect|rest|return|safeguard|secret_power|shadow_ball|skill_swap|snatch|sunny_day|taunt|thief|torment|toxic;body_slam|counter|double_edge|dream_eater|dynamic_punch|endure|fire_punch|ice_punch|mega_kick|mega_punch|metronome|mimic|psych_up|seismic_toss|sleep_talk|snore|substitute|swagger|thunder_punch|thunder_wave;assist|barrier|fire_punch|ice_punch|role_play|thunder_punch;humanshape;hypno@26;;96;Hipnosis;1;32,4;amarillo;50;no;Adormece a sus enemigos y se come sus sueños. A veces se pone enfermo si come pesadillas.
hypno;Hypno;psychic;85;73;70;73;115;67;insomnia;;;medium_fast;169;75;sp_defense:2;1:confusion|1:disable|1:hypnosis|1:pound|10:disable|18:confusion|25:headbutt|33:poison_gas|40:meditate|49:psychic|55:psych_up|60:future_sight;attract|brick_break|calm_mind|double_team|facade|flash|focus_punch|frustration|hidden_power|hyper_beam|light_screen|protect|psychic|rain_dance|reflect|rest|return|safeguard|secret_power|shadow_ball|skill_swap|snatch|sunny_day|taunt|thief|torment|toxic;body_slam|counter|double_edge|dream_eater|dynamic_punch|endure|fire_punch|ice_punch|mega_kick|mega_punch|metronome|mimic|psych_up|seismic_toss|sleep_talk|snore|substitute|swagger|thunder_punch|thunder_wave;;humanshape;;;97;Hipnosis;1,6;75,6;amarillo;50;no;Lleva un péndulo en la mano. Una vez, hizo desaparecer a un niño al que había hipnotizado.
krabby;Krabby;water;30;105;90;25;25;50;hyper_cutter;shell_armor;;medium_fast;65;225;attack:1;1:bubble|5:leer|12:vice_grip|16:harden|23:mud_shot|27:stomp|34:guillotine|41:protect|45:crabhammer;attract|blizzard|cut|dig|dive|double_team|facade|frustration|hail|hidden_power|ice_beam|protect|rain_dance|rest|return|rock_smash|rock_tomb|secret_power|strength|surf|thief|toxic|water_pulse;body_slam|double_edge|endure|fury_cutter|icy_wind|mimic|mud_slap|sleep_talk|snore|substitute|swagger|swords_dance;amnesia|dig|flail|haze|knock_off|slam|swords_dance;water3;kingler@28;;98;Cangrejo;0,4;6,5;rojo;50;no;Ante el peligro, se camufla con las burbujas que desprende su boca, para parecer más grande.
kingler;Kingler;water;55;130;115;50;50;75;hyper_cutter;shell_armor;;medium_fast;166;60;attack:2;1:bubble|1:leer|1:vice_grip|5:leer|12:vice_grip|16:harden|23:mud_shot|27:stomp|38:guillotine|49:protect|57:crabhammer;attract|blizzard|cut|dig|dive|double_team|facade|frustration|hail|hidden_power|hyper_beam|ice_beam|protect|rain_dance|rest|return|rock_smash|rock_tomb|secret_power|strength|surf|thief|toxic|water_pulse;body_slam|double_edge|endure|fury_cutter|icy_wind|mimic|mud_slap|sleep_talk|snore|substitute|swagger|swords_dance;;water3;;;99;Tenaza;1,3;60;rojo;50;no;La pinza tan grande que tiene posee una fuerza de 10 000 caballos de potencia. Pero, por su gran tamaño, cuesta moverla.
voltorb;Voltorb;electric;40;30;50;55;55;100;soundproof;static;;medium_fast;66;190;speed:1;1:charge|1:tackle|8:screech|15:sonic_boom|21:spark|27:self_destruct|32:rollout|37:light_screen|42:swift|46:explosion|49:mirror_coat;double_team|facade|flash|frustration|hidden_power|light_screen|protect|rain_dance|rest|return|secret_power|shock_wave|taunt|thief|thunder|thunderbolt|torment|toxic;endure|explosion|mimic|rollout|sleep_talk|snore|substitute|swagger|swift|thunder_wave;;mineral;electrode@30;;100;Bola;0,5;10,4;rojo;sin_genero;no;Fue descubierto cuando se crearon las Poké Balls. Se dice que tiene algo que ver con ellas.
electrode;Electrode;electric;60;50;70;80;80;140;soundproof;static;;medium_fast;172;60;speed:2;1:charge|1:screech|1:sonic_boom|1:tackle|8:screech|15:sonic_boom|21:spark|27:self_destruct|34:rollout|41:light_screen|48:swift|54:explosion|59:mirror_coat;double_team|facade|flash|frustration|hidden_power|hyper_beam|light_screen|protect|rain_dance|rest|return|secret_power|shock_wave|taunt|thief|thunder|thunderbolt|torment|toxic;endure|explosion|mimic|rollout|sleep_talk|snore|substitute|swagger|swift|thunder_wave;;mineral;;;101;Bola;1,2;66,6;rojo;sin_genero;no;Explotan a la mínima. Por eso se les tiene mucho miedo. Estos Pokémon reciben el mote de Bomba Ball.
exeggcute;Exeggcute;grass|psychic;60;40;80;60;45;40;chlorophyll;;;slow;65;90;defense:1;1:barrage|1:hypnosis|1:uproar|7:reflect|13:leech_seed|19:confusion|25:stun_spore|31:poison_powder|37:sleep_powder|43:solar_beam;attract|bullet_seed|double_team|facade|flash|frustration|giga_drain|hidden_power|light_screen|protect|psychic|reflect|rest|return|secret_power|skill_swap|sludge_bomb|solar_beam|strength|sunny_day|thief|toxic;double_edge|dream_eater|endure|explosion|mimic|psych_up|rollout|sleep_talk|snore|substitute|swagger;ancient_power|curse|ingrain|moonlight|psych_up|reflect|synthesis;plant;exeggutor@objeto:leaf_stone;;102;Huevo;0,4;2,5;rosa;50;no;Estos seis huevos se comunican por telepatía. Si se separan, se pueden reunir rápidamente.
exeggutor;Exeggutor;grass|psychic;95;95;85;125;65;55;chlorophyll;;;slow;186;45;sp_attack:2;1:barrage|1:confusion|1:hypnosis|19:stomp|31:egg_bomb;attract|bullet_seed|double_team|facade|flash|frustration|giga_drain|hidden_power|hyper_beam|light_screen|protect|psychic|reflect|rest|return|secret_power|skill_swap|sludge_bomb|solar_beam|strength|sunny_day|thief|toxic;double_edge|dream_eater|endure|explosion|mimic|psych_up|rollout|sleep_talk|snore|substitute|swagger;;plant;;;103;Coco;2;120;amarillo;50;no;Sus tres cabezas piensan de forma independiente. Sin embargo, son amigas y no suelen discutir nunca.
cubone;Cubone;ground;50;50;95;40;50;35;rock_head;lightning_rod;;medium_fast;64;190;defense:1;1:growl|5:tail_whip|9:bone_club|13:headbutt|17:leer|21:focus_energy|25:bonemerang|29:rage|33:false_swipe|37:thrash|41:bone_rush|45:double_edge;aerial_ace|attract|blizzard|brick_break|dig|double_team|earthquake|facade|fire_blast|flamethrower|focus_punch|frustration|hidden_power|ice_beam|iron_tail|protect|rest|return|rock_smash|rock_tomb|sandstorm|secret_power|strength|sunny_day|thief|toxic;body_slam|counter|double_edge|dynamic_punch|endure|fire_punch|icy_wind|mega_kick|mega_punch|mimic|mud_slap|rock_slide|seismic_toss|sleep_talk|snore|substitute|swagger|swords_dance|thunder_punch;ancient_power|belly_drum|perish_song|rock_slide|screech|skull_bash|swords_dance;monster;marowak@28;;104;Solitario;0,4;6,5;marrón;50;no;Lleva puesto el cráneo de su madre. Cuando se siente solo se pone a gritar muy fuerte.
marowak;Marowak;ground;60;80;110;50;80;45;rock_head;lightning_rod;;medium_fast;149;75;defense:2;1:bone_club|1:growl|1:headbutt|1:tail_whip|5:tail_whip|9:bone_club|13:headbutt|17:leer|21:focus_energy|25:bonemerang|32:rage|39:false_swipe|46:thrash|53:bone_rush|61:double_edge;aerial_ace|attract|blizzard|brick_break|dig|double_team|earthquake|facade|fire_blast|flamethrower|focus_punch|frustration|hidden_power|hyper_beam|ice_beam|iron_tail|protect|rest|return|rock_smash|rock_tomb|sandstorm|secret_power|strength|sunny_day|thief|toxic;body_slam|counter|double_edge|dynamic_punch|endure|fire_punch|icy_wind|mega_kick|mega_punch|mimic|mud_slap|rock_slide|seismic_toss|sleep_talk|snore|substitute|swagger|swords_dance|thunder_punch;;monster;;;105;Apilahueso;1;45;marrón;50;no;Es pequeño y siempre ha sido muy débil. Cuando empezó a usar huesos, se volvió más violento.
hitmonlee;Hitmonlee;fighting;50;120;53;35;110;87;limber;;;medium_fast;159;45;attack:2;1:double_kick|1:revenge|6:meditate|11:rolling_kick|16:jump_kick|20:brick_break|21:focus_energy|26:high_jump_kick|31:mind_reader|36:foresight|41:endure|46:mega_kick|51:reversal;attract|brick_break|bulk_up|double_team|earthquake|facade|focus_punch|frustration|hidden_power|protect|rain_dance|rest|return|rock_smash|rock_tomb|secret_power|strength|sunny_day|thief|toxic;body_slam|counter|double_edge|dynamic_punch|endure|mega_kick|mega_punch|metronome|mimic|mud_slap|rock_slide|seismic_toss|sleep_talk|snore|substitute|swagger|swift;;humanshape;;;106;Patada;1,5;49,8;marrón;0;no;Encoge y estira las patas a su antojo. Cuando las estira, es capaz de propinar una buena patada al enemigo.
hitmonchan;Hitmonchan;fighting;50;105;79;35;110;76;keen_eye;;;medium_fast;159;45;sp_defense:2;1:comet_punch|1:revenge|7:agility|13:pursuit|20:mach_punch|26:fire_punch|26:ice_punch|26:thunder_punch|32:sky_uppercut|38:mega_punch|44:detect|50:counter;attract|brick_break|bulk_up|double_team|earthquake|facade|focus_punch|frustration|hidden_power|protect|rain_dance|rest|return|rock_smash|rock_tomb|secret_power|strength|sunny_day|thief|toxic;body_slam|counter|double_edge|dynamic_punch|endure|fire_punch|ice_punch|mega_kick|mega_punch|metronome|mimic|mud_slap|rock_slide|seismic_toss|sleep_talk|snore|substitute|swagger|swift|thunder_punch;;humanshape;;;107;Puñetazo;1,4;50,2;marrón;0;no;Los potentes golpes de sus brazos pueden pulverizar el hormigón. Descansa tras luchar tres minutos.
lickitung;Lickitung;normal;90;55;75;60;75;30;own_tempo;oblivious;;medium_fast;77;45;hp:2;1:lick|7:supersonic|12:defense_curl|18:knock_off|23:stomp|29:wrap|34:disable|40:slam|45:screech|51:refresh;attract|blizzard|brick_break|cut|dig|double_team|earthquake|facade|fire_blast|flamethrower|focus_punch|frustration|hidden_power|hyper_beam|ice_beam|iron_tail|protect|rain_dance|rest|return|rock_smash|rock_tomb|sandstorm|secret_power|shadow_ball|shock_wave|solar_beam|strength|sunny_day|surf|thief|thunder|thunderbolt|toxic|water_pulse;body_slam|counter|defense_curl|double_edge|dream_eater|dynamic_punch|endure|fire_punch|ice_punch|icy_wind|mega_kick|mega_punch|mimic|mud_slap|psych_up|rock_slide|rollout|seismic_toss|sleep_talk|snore|substitute|swagger|swords_dance|thunder_punch;belly_drum|body_slam|curse|magnitude|sleep_talk|smelling_salts|snore|substitute;monster;;;108;Lametazo;1,2;65,5;rosa;50;no;Su larga lengua, recubierta de saliva pegajosa, se pega a todo, por lo que es muy útil.
koffing;Koffing;poison;40;65;95;60;45;35;levitate;;;medium_fast;68;190;defense:1;1:poison_gas|1:tackle|9:smog|17:self_destruct|21:sludge|25:smokescreen|33:haze|41:explosion|45:destiny_bond|49:memento;attract|double_team|facade|fire_blast|flamethrower|flash|frustration|hidden_power|protect|rain_dance|rest|return|secret_power|shadow_ball|shock_wave|sludge_bomb|sunny_day|taunt|thief|thunder|thunderbolt|torment|toxic;endure|explosion|mimic|rollout|sleep_talk|snore|substitute|swagger;destiny_bond|pain_split|psybeam|psywave|screech|will_o_wisp;indeterminate;weezing@35;;109;Gas Venenoso;0,6;1;morado;50;no;Tiene forma de globo y es muy ligero. Está compuesto por gases tóxicos y apesta.
weezing;Weezing;poison;65;90;120;85;70;60;levitate;;;medium_fast;172;60;defense:2;1:poison_gas|1:self_destruct|1:smog|1:tackle|9:smog|17:self_destruct|21:sludge|25:smokescreen|33:haze|44:explosion|51:destiny_bond|58:memento;attract|double_team|facade|fire_blast|flamethrower|flash|frustration|hidden_power|hyper_beam|protect|rain_dance|rest|return|secret_power|shadow_ball|shock_wave|sludge_bomb|sunny_day|taunt|thief|thunder|thunderbolt|torment|toxic;endure|explosion|mimic|rollout|sleep_talk|snore|substitute|swagger;;indeterminate;;;110;Gas Venenoso;1,2;9,5;morado;50;no;Si uno de los gemelos Koffing se infla, el otro se desinfla. Mezclan constantemente sus venenosos gases.
rhyhorn;Rhyhorn;ground|rock;80;85;95;30;30;25;lightning_rod;rock_head;;slow;69;120;defense:1;1:horn_attack|1:tail_whip|10:stomp|15:fury_attack|24:scary_face|29:rock_blast|38:horn_drill|43:take_down|52:earthquake|57:megahorn;attract|blizzard|dig|double_team|earthquake|facade|fire_blast|flamethrower|frustration|hidden_power|ice_beam|iron_tail|protect|rain_dance|rest|return|roar|rock_smash|rock_tomb|sandstorm|secret_power|shock_wave|strength|sunny_day|thief|thunder|thunderbolt|toxic;body_slam|counter|double_edge|endure|icy_wind|mimic|mud_slap|rock_slide|rollout|sleep_talk|snore|substitute|swagger|swords_dance;counter|crunch|crush_claw|curse|magnitude|reversal|rock_slide|swords_dance;monster|ground;rhydon@42;;111;Clavos;1;115;gris;50;no;Es muy fuerte, pero no especialmente listo. Es capaz de derribar rascacielos usando Placaje varias veces.
rhydon;Rhydon;ground|rock;105;130;120;45;45;40;lightning_rod;rock_head;;slow;170;60;attack:2;1:fury_attack|1:horn_attack|1:stomp|1:tail_whip|10:stomp|15:fury_attack|24:scary_face|29:rock_blast|38:horn_drill|46:take_down|58:earthquake|66:megahorn;attract|blizzard|brick_break|cut|dig|double_team|earthquake|facade|fire_blast|flamethrower|focus_punch|frustration|hidden_power|hyper_beam|ice_beam|iron_tail|protect|rain_dance|rest|return|roar|rock_smash|rock_tomb|sandstorm|secret_power|shock_wave|strength|sunny_day|surf|thief|thunder|thunderbolt|toxic;body_slam|counter|double_edge|dynamic_punch|endure|fire_punch|fury_cutter|icy_wind|mega_kick|mega_punch|mimic|mud_slap|rock_slide|rollout|seismic_toss|sleep_talk|snore|substitute|swagger|swords_dance|thunder_punch;;monster|ground;;;112;Taladro;1,9;120;gris;50;no;La piel le sirve de escudo protector. Puede vivir en lava líquida a 2000 °C de temperatura.
chansey;Chansey;normal;250;5;5;35;105;50;natural_cure;serene_grace;;fast;395;30;hp:2;1:growl|1:pound|5:tail_whip|9:refresh|13:soft_boiled|17:double_slap|23:minimize|29:sing|35:egg_bomb|41:defense_curl|49:light_screen|57:double_edge;attract|blizzard|brick_break|calm_mind|double_team|earthquake|facade|fire_blast|flamethrower|flash|focus_punch|frustration|hail|hidden_power|hyper_beam|ice_beam|iron_tail|light_screen|protect|psychic|rain_dance|rest|return|rock_smash|rock_tomb|safeguard|sandstorm|secret_power|shadow_ball|shock_wave|skill_swap|snatch|solar_beam|strength|sunny_day|thunder|thunderbolt|toxic|water_pulse;body_slam|counter|defense_curl|double_edge|dream_eater|dynamic_punch|endure|icy_wind|mega_kick|mega_punch|metronome|mimic|mud_slap|psych_up|rollout|seismic_toss|sleep_talk|snore|soft_boiled|substitute|swagger|thunder_wave;aromatherapy|heal_bell|metronome|present|substitute;fairy;blissey@amistad;;113;Huevo;1,1;34,6;rosa;100;no;Se dice que reparte felicidad. Se caracteriza por su compasión y reparte sus huevos entre la gente herida.
tangela;Tangela;grass;65;55;115;100;40;60;chlorophyll;;;medium_fast;87;45;defense:1;1:constrict|1:ingrain|4:sleep_powder|10:absorb|13:growth|19:poison_powder|22:vine_whip|28:bind|31:mega_drain|37:stun_spore|40:slam|46:tickle;attract|bullet_seed|cut|double_team|facade|flash|frustration|giga_drain|hidden_power|hyper_beam|protect|rest|return|rock_smash|secret_power|sludge_bomb|solar_beam|sunny_day|thief|toxic;body_slam|double_edge|endure|mimic|psych_up|sleep_talk|snore|substitute|swagger|swords_dance;amnesia|confusion|flail|leech_seed|mega_drain|nature_power|reflect;plant;;;114;Enredadera;1;35;azul;50;no;Se camufla con la multitud de lianas que envuelven su cuerpo y que no dejan de crecer a lo largo de toda su vida.
kangaskhan;Kangaskhan;normal;105;95;80;40;80;90;early_bird;;;medium_fast;172;45;hp:2;1:comet_punch|1:leer|7:bite|13:tail_whip|19:fake_out|25:mega_punch|31:rage|37:endure|43:dizzy_punch|49:reversal;aerial_ace|attract|blizzard|brick_break|cut|dig|double_team|earthquake|facade|fire_blast|flamethrower|focus_punch|frustration|hail|hidden_power|hyper_beam|ice_beam|iron_tail|protect|rain_dance|rest|return|roar|rock_smash|rock_tomb|sandstorm|secret_power|shadow_ball|shock_wave|solar_beam|strength|sunny_day|surf|thief|thunder|thunderbolt|toxic|water_pulse;body_slam|counter|double_edge|dynamic_punch|endure|fire_punch|fury_cutter|ice_punch|icy_wind|mega_kick|mega_punch|mimic|mud_slap|rock_slide|seismic_toss|sleep_talk|snore|substitute|swagger|thunder_punch;counter|crush_claw|disable|focus_energy|foresight|safeguard|stomp|substitute;monster;;;115;Maternal;2,2;80;marrón;100;no;Lleva a su cría en la bolsa de su panza. Solo deja que su cría salga a jugar cuando no siente peligro.
horsea;Horsea;water;30;40;70;70;25;60;swift_swim;;;medium_fast;59;225;sp_attack:1;1:bubble|8:smokescreen|15:leer|22:water_gun|29:twister|36:agility|43:hydro_pump|50:dragon_dance;attract|blizzard|dive|double_team|facade|frustration|hail|hidden_power|ice_beam|protect|rain_dance|rest|return|secret_power|surf|toxic|water_pulse|waterfall;double_edge|endure|icy_wind|mimic|sleep_talk|snore|substitute|swagger|swift;aurora_beam|disable|dragon_breath|dragon_rage|flail|octazooka|splash;water1|dragon;seadra@32;;116;Dragón;0,4;8;azul;50;no;Es famoso por derribar a bichos voladores lanzando tinta desde la superficie del agua.
seadra;Seadra;water;55;65;95;95;45;85;poison_point;;;medium_fast;154;75;defense:1|sp_attack:1;1:bubble|1:leer|1:smokescreen|1:water_gun|8:smokescreen|15:leer|22:water_gun|29:twister|40:agility|51:hydro_pump|62:dragon_dance;attract|blizzard|dive|double_team|facade|frustration|hail|hidden_power|hyper_beam|ice_beam|protect|rain_dance|rest|return|secret_power|surf|toxic|water_pulse|waterfall;double_edge|endure|icy_wind|mimic|sleep_talk|snore|substitute|swagger|swift;;water1|dragon;kingdra@intercambio:dragon_scale;;117;Dragón;1,2;25;azul;50;no;Las afiladas púas que le recubren el cuerpo se le erizan y pueden causar el debilitamiento con solo tocarlo.
goldeen;Goldeen;water;45;67;60;35;50;63;swift_swim;water_veil;;medium_fast;64;225;attack:1;1:peck|1:tail_whip|1:water_sport|10:supersonic|15:horn_attack|24:flail|29:fury_attack|38:waterfall|43:horn_drill|52:agility;attract|blizzard|dive|double_team|facade|frustration|hail|hidden_power|ice_beam|protect|rain_dance|rest|return|secret_power|surf|toxic|water_pulse|waterfall;double_edge|endure|icy_wind|mimic|sleep_talk|snore|substitute|swagger|swift;haze|hydro_pump|mud_sport|psybeam|sleep_talk;water2;seaking@33;;118;Pez Color;0,6;15;rojo;50;no;Nada a una velocidad de cinco nudos. Si siente peligro, golpea con su afilado cuerno.
seaking;Seaking;water;80;92;65;65;80;68;swift_swim;water_veil;;medium_fast;158;60;attack:2;1:peck|1:supersonic|1:tail_whip|1:water_sport|10:supersonic|15:horn_attack|24:flail|29:fury_attack|41:waterfall|49:horn_drill|61:agility;attract|blizzard|dive|double_team|facade|frustration|hail|hidden_power|hyper_beam|ice_beam|protect|rain_dance|rest|return|secret_power|surf|toxic|water_pulse|waterfall;double_edge|endure|icy_wind|mimic|sleep_talk|snore|substitute|swagger|swift;;water2;;;119;Pez Color;1,3;39;rojo;50;no;En otoño, cuando se reproducen, se les puede ver nadando con energía por ríos y arroyos.
staryu;Staryu;water;30;45;55;70;55;85;illuminate;natural_cure;;slow;68;225;speed:1;1:harden|1:tackle|6:water_gun|10:rapid_spin|15:recover|19:camouflage|24:swift|28:bubble_beam|33:minimize|37:light_screen|42:cosmic_power|46:hydro_pump;blizzard|dive|double_team|facade|flash|frustration|hail|hidden_power|ice_beam|light_screen|protect|psychic|rain_dance|reflect|rest|return|secret_power|surf|thunder|thunderbolt|toxic|water_pulse|waterfall;double_edge|endure|icy_wind|mimic|psych_up|sleep_talk|snore|substitute|swagger|swift|thunder_wave;;water3;starmie@objeto:water_stone;;120;Estrella;0,8;34,5;marrón;sin_genero;no;Aunque sus brazos se rompan podrán regenerarse, siempre y cuando su núcleo siga intacto.
starmie;Starmie;water|psychic;60;75;85;100;85;115;illuminate;natural_cure;;slow;182;60;speed:2;1:rapid_spin|1:recover|1:swift|1:water_gun|33:confuse_ray;blizzard|dive|double_team|facade|flash|frustration|hail|hidden_power|hyper_beam|ice_beam|light_screen|protect|psychic|rain_dance|reflect|rest|return|secret_power|skill_swap|surf|thunder|thunderbolt|toxic|water_pulse|waterfall;double_edge|dream_eater|endure|icy_wind|mimic|psych_up|sleep_talk|snore|substitute|swagger|swift|thunder_wave;;water3;;;121;Misterioso;1,1;80;morado;sin_genero;no;Su núcleo central brilla con los colores del arcoíris. Para algunos tiene el valor de una gema.
mr_mime;Mr. Mime;psychic;40;45;65;100;120;90;soundproof;;;medium_fast;161;45;sp_defense:2;1:barrier|5:confusion|9:substitute|13:meditate|17:double_slap|21:light_screen|21:reflect|25:encore|29:psybeam|33:recycle|37:trick|41:role_play|45:psychic|49:baton_pass|53:safeguard;attract|brick_break|calm_mind|double_team|facade|flash|focus_punch|frustration|hidden_power|hyper_beam|light_screen|protect|psychic|rain_dance|reflect|rest|return|safeguard|secret_power|shadow_ball|shock_wave|skill_swap|snatch|solar_beam|sunny_day|taunt|thief|thunder|thunderbolt|torment|toxic;body_slam|counter|double_edge|dream_eater|endure|fire_punch|ice_punch|mega_kick|mega_punch|metronome|mimic|mud_slap|psych_up|seismic_toss|sleep_talk|snore|substitute|swagger|thunder_punch|thunder_wave;fake_out|future_sight|hypnosis|mimic|psych_up|trick;humanshape;;;122;Barrera;1,3;54,5;rosa;50;no;Para repeler ataques, solidifica el aire y crea muros invisibles con emanaciones de sus dedos.
scyther;Scyther;bug|flying;70;110;80;55;80;105;swarm;;;medium_fast;100;45;attack:1;1:leer|1:quick_attack|6:focus_energy|11:pursuit|16:false_swipe|21:agility|26:wing_attack|31:slash|36:swords_dance|41:double_team|46:fury_cutter;aerial_ace|attract|cut|double_team|facade|frustration|hidden_power|hyper_beam|protect|rain_dance|rest|return|rock_smash|secret_power|steel_wing|sunny_day|thief|toxic;counter|double_edge|endure|fury_cutter|mimic|sleep_talk|snore|substitute|swagger|swift|swords_dance;baton_pass|counter|endure|light_screen|razor_wind|reversal|safeguard|silver_wind;bug;scizor@intercambio:metal_coat;;123;Mantis;1,5;56;verde;50;no;Destroza a su presa con las guadañas que tiene. No es común que use las alas para volar.
jynx;Jynx;ice|psychic;65;50;35;115;95;95;oblivious;;;medium_fast;159;45;sp_attack:2;1:lick|1:lovely_kiss|1:pound|1:powder_snow|9:lovely_kiss|13:powder_snow|21:double_slap|25:ice_punch|35:mean_look|41:fake_tears|51:body_slam|57:perish_song|67:blizzard;attract|blizzard|brick_break|calm_mind|double_team|facade|flash|focus_punch|frustration|hail|hidden_power|hyper_beam|ice_beam|light_screen|protect|psychic|rain_dance|reflect|rest|return|secret_power|shadow_ball|skill_swap|taunt|thief|torment|toxic|water_pulse;body_slam|counter|double_edge|dream_eater|dynamic_punch|endure|ice_punch|icy_wind|mega_kick|mega_punch|metronome|mimic|mud_slap|psych_up|seismic_toss|sleep_talk|snore|substitute|swagger;;humanshape;;;124;Forma Humana;1,4;40,6;rojo;100;no;Camina moviendo las caderas de forma llamativa. Puede hacer que la gente baile a su ritmo.
electabuzz;Electabuzz;electric;65;83;57;95;85;105;static;;;medium_fast;172;45;speed:2;1:leer|1:quick_attack|1:thunder_punch|9:thunder_punch|17:light_screen|25:swift|36:screech|47:thunderbolt|58:thunder;attract|brick_break|double_team|facade|flash|focus_punch|frustration|hidden_power|hyper_beam|iron_tail|light_screen|protect|psychic|rain_dance|rest|return|rock_smash|secret_power|shock_wave|strength|thief|thunder|thunderbolt|toxic;body_slam|counter|double_edge|dynamic_punch|endure|fire_punch|ice_punch|mega_kick|mega_punch|mimic|mud_slap|seismic_toss|sleep_talk|snore|substitute|swagger|swift|thunder_punch|thunder_wave;;humanshape;;;125;Eléctrico;1,1;30;amarillo;25;no;Por la superficie de su piel corre la electricidad. En la oscuridad, su cuerpo se torna blanquecino.
magmar;Magmar;fire;65;95;57;100;85;93;flame_body;;;medium_fast;173;45;sp_attack:2;1:ember|1:fire_punch|1:leer|1:smog|7:leer|13:smog|19:fire_punch|25:smokescreen|33:sunny_day|41:flamethrower|49:confuse_ray|57:fire_blast;attract|brick_break|double_team|facade|fire_blast|flamethrower|focus_punch|frustration|hidden_power|hyper_beam|iron_tail|protect|psychic|rest|return|rock_smash|secret_power|strength|sunny_day|thief|toxic;body_slam|counter|double_edge|dynamic_punch|endure|fire_punch|mega_kick|mega_punch|mimic|mud_slap|seismic_toss|sleep_talk|snore|substitute|swagger|thunder_punch;;humanshape;;;126;Escupefuego;1,3;44,5;rojo;25;no;A este Pokémon se lo encontraron cerca de un volcán. Esta criatura ígnea tiene una temperatura corporal de unos 1200 °C.
pinsir;Pinsir;bug;65;125;100;55;70;85;hyper_cutter;;;slow;175;45;attack:2;1:focus_energy|1:vice_grip|7:bind|13:seismic_toss|19:harden|25:revenge|31:brick_break|37:guillotine|43:submission|49:swords_dance;attract|brick_break|bulk_up|cut|dig|double_team|earthquake|facade|focus_punch|frustration|hidden_power|hyper_beam|protect|rain_dance|rest|return|rock_smash|rock_tomb|secret_power|strength|sunny_day|thief|toxic;body_slam|double_edge|endure|fury_cutter|mimic|rock_slide|seismic_toss|sleep_talk|snore|substitute|swagger|swords_dance;false_swipe|feint_attack|flail|fury_attack;bug;;;127;Escarabajo;1,5;55;marrón;50;no;Atrapa presas con sus pinzas hasta que las parte en dos. Lanza lejos lo que no puede quebrar.
tauros;Tauros;normal;75;100;95;40;70;110;intimidate;;;slow;172;45;attack:1|speed:1;1:tackle|4:tail_whip|8:rage|13:horn_attack|19:scary_face|26:pursuit|34:rest|43:thrash|53:take_down;attract|blizzard|double_team|earthquake|facade|fire_blast|flamethrower|frustration|hidden_power|hyper_beam|ice_beam|iron_tail|protect|rain_dance|rest|return|rock_smash|rock_tomb|sandstorm|secret_power|shock_wave|solar_beam|strength|sunny_day|surf|thunder|thunderbolt|toxic|water_pulse;body_slam|double_edge|endure|icy_wind|mimic|sleep_talk|snore|substitute|swagger;;ground;;;128;Toro Bravo;1,4;88,4;marrón;0;no;Después de animarse a luchar fustigándose con sus tres colas, carga a toda velocidad.
magikarp;Magikarp;water;20;10;55;15;20;80;swift_swim;;;slow;40;255;speed:1;1:splash|15:tackle|30:flail;;;;water2|dragon;gyarados@20;;129;Pez;0,9;10;rojo;50;no;No es precisamente rápido ni fuerte. Es el Pokémon más debilucho y simplón de todos los que hay.
gyarados;Gyarados;water|flying;95;125;79;60;100;81;intimidate;;;slow;189;45;attack:2;1:thrash|20:bite|25:dragon_rage|30:leer|35:twister|40:hydro_pump|45:rain_dance|50:dragon_dance|55:hyper_beam;attract|blizzard|dive|double_team|earthquake|facade|fire_blast|flamethrower|frustration|hail|hidden_power|hyper_beam|ice_beam|protect|rain_dance|rest|return|roar|rock_smash|sandstorm|secret_power|strength|surf|taunt|thunder|thunderbolt|torment|toxic|water_pulse|waterfall;body_slam|double_edge|endure|icy_wind|mimic|sleep_talk|snore|substitute|swagger|thunder_wave;;water2|dragon;;;130;Atrocidad;6,5;235;azul;50;no;En la literatura antigua se dice que un Gyarados rebosante de violencia arrasó un poblado.
lapras;Lapras;water|ice;130;85;80;85;95;60;water_absorb;shell_armor;;slow;187;45;hp:2;1:growl|1:sing|1:water_gun|7:mist|13:body_slam|19:confuse_ray|25:perish_song|31:ice_beam|37:rain_dance|43:safeguard|49:hydro_pump|55:sheer_cold;attract|blizzard|dive|double_team|facade|frustration|hail|hidden_power|hyper_beam|ice_beam|iron_tail|protect|psychic|rain_dance|rest|return|roar|rock_smash|safeguard|secret_power|shock_wave|strength|surf|thunder|thunderbolt|toxic|water_pulse|waterfall;body_slam|double_edge|dream_eater|endure|icy_wind|mimic|sleep_talk|snore|substitute|swagger;curse|dragon_dance|foresight|horn_drill|refresh|sleep_talk|substitute|tickle;monster|water1;;;131;Transporte;2,5;220;azul;50;no;Son buenos de corazón. Muchos fueron capturados por ser tan pacíficos. Ahora hay muchos menos.
ditto;Ditto;normal;48;48;48;48;48;48;limber;;;medium_fast;101;35;hp:1;1:transform;;;;ditto;;;132;Transformación;0,3;4;morado;sin_genero;no;Puede alterar por completo su estructura celular para emular cualquier objeto que vea.
eevee;Eevee;normal;55;55;50;45;65;55;run_away;;;medium_fast;65;45;sp_defense:1;1:helping_hand|1:tackle|1:tail_whip|8:sand_attack|16:growl|23:quick_attack|30:bite|36:baton_pass|42:take_down;attract|dig|double_team|facade|frustration|hidden_power|iron_tail|protect|rain_dance|rest|return|secret_power|shadow_ball|sunny_day|toxic;body_slam|double_edge|endure|mimic|mud_slap|sleep_talk|snore|substitute|swagger|swift;charm|curse|endure|flail|tickle|wish;ground;vaporeon@objeto:water_stone | jolteon@objeto:thunder_stone | flareon@objeto:fire_stone | espeon@amistad+hora:dia | umbreon@amistad+hora:noche;;133;Evolución;0,3;6,5;marrón;12,5;no;Un extraño Pokémon que se adapta a los entornos más hostiles gracias a sus diferentes evoluciones.
vaporeon;Vaporeon;water;130;65;60;110;95;65;water_absorb;;;medium_fast;184;45;hp:2;1:helping_hand|1:tackle|1:tail_whip|8:sand_attack|16:water_gun|23:quick_attack|30:bite|36:aurora_beam|42:haze|47:acid_armor|52:hydro_pump;attract|blizzard|dig|dive|double_team|facade|frustration|hail|hidden_power|hyper_beam|ice_beam|iron_tail|protect|rain_dance|rest|return|roar|secret_power|shadow_ball|sunny_day|surf|toxic|water_pulse|waterfall;body_slam|double_edge|endure|icy_wind|mimic|mud_slap|sleep_talk|snore|substitute|swagger|swift;;ground;;;134;Burbuja;1;29;azul;12,5;no;Prefiere las bellas costas. Con células parecidas al agua, podría fundirse en la misma.
jolteon;Jolteon;electric;65;65;60;110;95;130;volt_absorb;;;medium_fast;184;45;speed:2;1:helping_hand|1:tackle|1:tail_whip|8:sand_attack|16:thunder_shock|23:quick_attack|30:double_kick|36:pin_missile|42:thunder_wave|47:agility|52:thunder;attract|dig|double_team|facade|flash|frustration|hidden_power|hyper_beam|iron_tail|protect|rain_dance|rest|return|roar|secret_power|shadow_ball|shock_wave|sunny_day|thunder|thunderbolt|toxic;body_slam|double_edge|endure|mimic|mud_slap|sleep_talk|snore|substitute|swagger|swift|thunder_wave;;ground;;;135;Relámpago;0,8;24,5;amarillo;12,5;no;Todos los pelos de su cuerpo se ponen de punta si empieza a cargarse de electricidad.
flareon;Flareon;fire;65;130;60;95;110;65;flash_fire;;;medium_fast;184;45;attack:2;1:helping_hand|1:tackle|1:tail_whip|8:sand_attack|16:ember|23:quick_attack|30:bite|36:fire_spin|42:smog|47:leer|52:flamethrower;attract|dig|double_team|facade|fire_blast|flamethrower|frustration|hidden_power|hyper_beam|iron_tail|overheat|protect|rain_dance|rest|return|roar|secret_power|shadow_ball|sunny_day|toxic;body_slam|double_edge|endure|mimic|mud_slap|sleep_talk|snore|substitute|swagger|swift;;ground;;;136;Llama;0,9;25;rojo;12,5;no;Almacena llamas en su cuerpo, que alcanza una temperatura de 900 °C antes de un combate.
porygon;Porygon;normal;65;60;70;85;75;40;trace;;;medium_fast;79;45;sp_attack:1;1:conversion|1:conversion_2|1:tackle|9:agility|12:psybeam|20:recover|24:sharpen|32:lock_on|36:tri_attack|44:recycle|48:zap_cannon;aerial_ace|blizzard|double_team|facade|flash|frustration|hidden_power|hyper_beam|ice_beam|iron_tail|protect|psychic|rain_dance|rest|return|secret_power|shadow_ball|shock_wave|solar_beam|sunny_day|thief|thunder|thunderbolt|toxic;double_edge|dream_eater|endure|icy_wind|mimic|psych_up|sleep_talk|snore|substitute|swagger|swift|thunder_wave;;mineral;porygon2@intercambio:up_grade;;137;Virtual;0,8;36,5;rosa;sin_genero;no;Pokémon creado por el hombre tras muchas investigaciones. Sus habilidades son básicas.
omanyte;Omanyte;rock|water;35;40;100;90;55;35;swift_swim;shell_armor;;medium_fast;71;45;defense:1;1:constrict|1:withdraw|13:bite|19:water_gun|25:mud_shot|31:leer|37:protect|43:tickle|49:ancient_power|55:hydro_pump;attract|blizzard|dive|double_team|facade|frustration|hail|hidden_power|ice_beam|protect|rain_dance|rest|return|rock_smash|rock_tomb|sandstorm|secret_power|surf|thief|toxic|water_pulse|waterfall;body_slam|double_edge|endure|icy_wind|mimic|rock_slide|rollout|sleep_talk|snore|substitute|swagger;aurora_beam|bubble_beam|haze|rock_slide|slam|spikes|supersonic;water1|water3;omastar@40;;138;Espiral;0,4;7,5;azul;12,5;no;Pokémon prehistórico que vivió en el océano primordial. Para nadar se valía de sus 10 tentáculos.
omastar;Omastar;rock|water;70;60;125;115;70;55;swift_swim;shell_armor;;medium_fast;173;45;defense:2;1:bite|1:constrict|1:withdraw|13:bite|19:water_gun|25:mud_shot|31:leer|37:protect|40:spike_cannon|46:tickle|55:ancient_power|65:hydro_pump;attract|blizzard|dive|double_team|facade|frustration|hail|hidden_power|hyper_beam|ice_beam|protect|rain_dance|rest|return|rock_smash|rock_tomb|sandstorm|secret_power|surf|thief|toxic|water_pulse|waterfall;body_slam|double_edge|endure|icy_wind|mimic|rock_slide|rollout|seismic_toss|sleep_talk|snore|substitute|swagger;;water1|water3;;;139;Espiral;1;35;azul;12,5;no;Tiene los tentáculos tan desarrollados que le sirven de manos y pies. Con ellos atrapa a su presa y le da un bocado.
kabuto;Kabuto;rock|water;30;80;90;55;45;55;swift_swim;battle_armor;;medium_fast;71;45;defense:1;1:harden|1:scratch|13:absorb|19:leer|25:mud_shot|31:sand_attack|37:endure|43:metal_sound|49:mega_drain|55:ancient_power;aerial_ace|attract|blizzard|dig|double_team|facade|frustration|giga_drain|hail|hidden_power|ice_beam|protect|rain_dance|rest|return|rock_smash|rock_tomb|sandstorm|secret_power|surf|thief|toxic|water_pulse|waterfall;body_slam|double_edge|endure|icy_wind|mimic|rock_slide|rollout|sleep_talk|snore|substitute|swagger;aurora_beam|bubble_beam|confuse_ray|dig|flail|knock_off|rapid_spin;water1|water3;kabutops@40;;140;Armazón;0,5;11,5;marrón;12,5;no;Se cree que habitó las playas hace 300 millones de años. Se protege con una dura concha.
kabutops;Kabutops;rock|water;60;115;105;65;70;80;swift_swim;battle_armor;;medium_fast;173;45;attack:2;1:absorb|1:harden|1:scratch|13:absorb|19:leer|25:mud_shot|31:sand_attack|37:endure|40:slash|46:metal_sound|55:mega_drain|65:ancient_power;aerial_ace|attract|blizzard|brick_break|cut|dig|dive|double_team|facade|frustration|giga_drain|hail|hidden_power|hyper_beam|ice_beam|protect|rain_dance|rest|return|rock_smash|rock_tomb|sandstorm|secret_power|surf|thief|toxic|water_pulse|waterfall;body_slam|double_edge|endure|fury_cutter|icy_wind|mega_kick|mimic|rock_slide|rollout|seismic_toss|sleep_talk|snore|substitute|swagger|swords_dance;;water1|water3;;;141;Armazón;1,3;40,5;marrón;12,5;no;Repliega sus extremidades en el agua para hacerse más compacto, y mueve su concha para nadar rápido.
aerodactyl;Aerodactyl;rock|flying;80;105;65;60;75;130;rock_head;pressure;;slow;180;45;speed:2;1:wing_attack|8:agility|15:bite|22:supersonic|29:ancient_power|36:scary_face|43:take_down|50:hyper_beam;aerial_ace|attract|double_team|dragon_claw|earthquake|facade|fire_blast|flamethrower|fly|frustration|hidden_power|hyper_beam|iron_tail|protect|rain_dance|rest|return|roar|rock_smash|rock_tomb|sandstorm|secret_power|steel_wing|strength|sunny_day|taunt|thief|torment|toxic;double_edge|endure|mimic|rock_slide|sleep_talk|snore|substitute|swagger|swift;curse|dragon_breath|foresight|pursuit|steel_wing|whirlwind;flying;;;142;Fósil;1,8;59;morado;12,5;no;Se regeneró a partir de material genético de un dinosaurio encontrado en ámbar. Cuando vuela emite escandalosos alaridos.
snorlax;Snorlax;normal;160;110;65;65;110;30;immunity;thick_fat;;slow;189;25;hp:2;1:tackle|6:amnesia|10:defense_curl|15:belly_drum|19:headbutt|24:yawn|28:rest|28:snore|33:body_slam|37:block|42:covet|46:rollout|51:hyper_beam;attract|blizzard|brick_break|double_team|earthquake|facade|fire_blast|flamethrower|focus_punch|frustration|hidden_power|hyper_beam|ice_beam|protect|psychic|rain_dance|rest|return|rock_tomb|sandstorm|secret_power|shadow_ball|shock_wave|solar_beam|strength|sunny_day|surf|thunder|thunderbolt|toxic|water_pulse;body_slam|counter|defense_curl|double_edge|dynamic_punch|endure|fire_punch|ice_punch|icy_wind|mega_kick|mega_punch|metronome|mimic|mud_slap|psych_up|rock_slide|rollout|seismic_toss|sleep_talk|snore|substitute|swagger|thunder_punch;charm|curse|double_edge|fissure|lick|substitute;monster;;;143;Dormir;2,1;460;negro;12,5;no;No se encuentra satisfecho hasta que no se come 400 kg de comida cada día. Cuando acaba de comer, se queda dormido.
articuno;Articuno;ice|flying;90;85;100;95;125;85;pressure;;;slow;261;3;sp_defense:3;1:gust|1:powder_snow|13:mist|25:agility|37:mind_reader|49:ice_beam|61:reflect|73:blizzard|85:sheer_cold;aerial_ace|blizzard|double_team|facade|fly|frustration|hail|hidden_power|hyper_beam|ice_beam|protect|rain_dance|reflect|rest|return|roar|rock_smash|sandstorm|secret_power|steel_wing|sunny_day|toxic|water_pulse;double_edge|endure|icy_wind|mimic|mud_slap|sleep_talk|snore|substitute|swagger|swift;;no_eggs;;;144;Congelar;1,7;55,4;azul;sin_genero;si;Legendario Pokémon pájaro capaz de generar ventiscas congelando la humedad del aire.
zapdos;Zapdos;electric|flying;90;90;85;125;90;100;pressure;;;slow;261;3;sp_attack:3;1:peck|1:thunder_shock|13:thunder_wave|25:agility|37:detect|49:drill_peck|61:charge|73:light_screen|85:thunder;aerial_ace|double_team|facade|flash|fly|frustration|hidden_power|hyper_beam|light_screen|protect|rain_dance|rest|return|roar|rock_smash|sandstorm|secret_power|shock_wave|steel_wing|sunny_day|thunder|thunderbolt|toxic;double_edge|endure|mimic|mud_slap|sleep_talk|snore|substitute|swagger|swift|thunder_wave;;no_eggs;;;145;Eléctrico;1,6;52,6;amarillo;sin_genero;si;Es un legendario pájaro Pokémon. Dicen que aparece entre las nubes lanzando enormes rayos brillantes.
moltres;Moltres;fire|flying;90;100;90;125;85;90;pressure;;;slow;261;3;sp_attack:3;1:ember|1:wing_attack|13:fire_spin|25:agility|37:endure|49:flamethrower|61:safeguard|73:heat_wave|85:sky_attack;aerial_ace|double_team|facade|fire_blast|flamethrower|fly|frustration|hidden_power|hyper_beam|overheat|protect|rain_dance|rest|return|roar|rock_smash|safeguard|sandstorm|secret_power|steel_wing|sunny_day|toxic;double_edge|endure|mimic|mud_slap|sleep_talk|snore|substitute|swagger|swift;;no_eggs;;;146;Llama;2;60;amarillo;sin_genero;si;Es más conocido como el legendario pájaro de fuego. Con cada aleteo crea brillantes llamas.
dratini;Dratini;dragon;41;64;45;50;50;50;shed_skin;;;slow;60;45;attack:1;1:leer|1:wrap|8:thunder_wave|15:twister|22:dragon_rage|29:slam|36:agility|43:safeguard|50:outrage|57:hyper_beam;attract|blizzard|double_team|facade|fire_blast|flamethrower|frustration|hail|hidden_power|hyper_beam|ice_beam|iron_tail|protect|rain_dance|rest|return|safeguard|secret_power|shock_wave|sunny_day|surf|thunder|thunderbolt|toxic|water_pulse|waterfall;body_slam|double_edge|endure|icy_wind|mimic|sleep_talk|snore|substitute|swagger|swift|thunder_wave;dragon_breath|dragon_dance|haze|light_screen|mist|supersonic;water1|dragon;dragonair@30;;147;Dragón;1,8;3,3;azul;50;no;Se le llama el Pokémon Espejismo porque son muy pocos los que lo han visto. Se encontró su muda.
dragonair;Dragonair;dragon;61;84;65;70;70;70;shed_skin;;;slow;147;45;attack:2;1:leer|1:thunder_wave|1:twister|1:wrap|8:thunder_wave|15:twister|22:dragon_rage|29:slam|38:agility|47:safeguard|56:outrage|65:hyper_beam;attract|blizzard|double_team|facade|fire_blast|flamethrower|frustration|hail|hidden_power|hyper_beam|ice_beam|iron_tail|protect|rain_dance|rest|return|safeguard|secret_power|shock_wave|sunny_day|surf|thunder|thunderbolt|toxic|water_pulse|waterfall;body_slam|double_edge|endure|icy_wind|mimic|sleep_talk|snore|substitute|swagger|swift|thunder_wave;;water1|dragon;dragonite@55;;148;Dragón;4;16,5;azul;50;no;Sus cristalinos orbes parecen darle al Pokémon el poder de controlar el clima libremente.
dragonite;Dragonite;dragon|flying;91;134;95;100;100;80;inner_focus;;;slow;270;45;attack:3;1:leer|1:thunder_wave|1:twister|1:wrap|8:thunder_wave|15:twister|22:dragon_rage|29:slam|38:agility|47:safeguard|55:wing_attack|61:outrage|75:hyper_beam;aerial_ace|attract|blizzard|brick_break|cut|dive|double_team|dragon_claw|earthquake|facade|fire_blast|flamethrower|fly|focus_punch|frustration|hail|hidden_power|hyper_beam|ice_beam|iron_tail|protect|rain_dance|rest|return|roar|rock_smash|rock_tomb|safeguard|sandstorm|secret_power|shock_wave|steel_wing|strength|sunny_day|surf|thunder|thunderbolt|toxic|water_pulse|waterfall;body_slam|double_edge|dynamic_punch|endure|fire_punch|fury_cutter|ice_punch|icy_wind|mimic|mud_slap|sleep_talk|snore|substitute|swagger|swift|thunder_punch|thunder_wave;;water1|dragon;;;149;Dragón;2,2;210;marrón;50;no;A pesar del tamaño que tiene y de lo pesado que es, puede volar. Es capaz de dar la vuelta al mundo en solo 16 horas.
mewtwo;Mewtwo;psychic;106;110;90;154;90;130;pressure;;;slow;306;3;sp_attack:3;1:confusion|1:disable|11:barrier|22:swift|33:psych_up|44:future_sight|55:mist|66:psychic|77:amnesia|88:recover|99:safeguard;aerial_ace|blizzard|brick_break|bulk_up|calm_mind|double_team|earthquake|facade|fire_blast|flamethrower|flash|focus_punch|frustration|hail|hidden_power|hyper_beam|ice_beam|iron_tail|light_screen|protect|psychic|rain_dance|reflect|rest|return|rock_smash|rock_tomb|safeguard|sandstorm|secret_power|shadow_ball|shock_wave|skill_swap|snatch|solar_beam|strength|sunny_day|taunt|thunder|thunderbolt|torment|toxic|water_pulse;body_slam|counter|double_edge|dream_eater|dynamic_punch|endure|fire_punch|ice_punch|icy_wind|mega_kick|mega_punch|metronome|mimic|mud_slap|psych_up|seismic_toss|sleep_talk|snore|substitute|swagger|swift|thunder_punch|thunder_wave;;no_eggs;;;150;Genético;2;122;morado;sin_genero;si;Fue creado por un científico tras años de horribles experimentos de ingeniería genética.
mew;Mew;psychic;100;100;100;100;100;100;synchronize;;;medium_slow;270;45;hp:3;1:pound|10:transform|20:mega_punch|30:metronome|40:psychic|50:ancient_power;aerial_ace|attract|blizzard|brick_break|bulk_up|bullet_seed|calm_mind|cut|dig|dive|double_team|dragon_claw|earthquake|facade|fire_blast|flamethrower|flash|fly|focus_punch|frustration|giga_drain|hail|hidden_power|hyper_beam|ice_beam|iron_tail|light_screen|overheat|protect|psychic|rain_dance|reflect|rest|return|roar|rock_smash|rock_tomb|safeguard|sandstorm|secret_power|shadow_ball|shock_wave|skill_swap|sludge_bomb|snatch|solar_beam|steel_wing|strength|sunny_day|surf|taunt|thief|thunder|thunderbolt|torment|toxic|water_pulse|waterfall;body_slam|counter|defense_curl|double_edge|dream_eater|dynamic_punch|endure|explosion|fire_punch|fury_cutter|ice_punch|icy_wind|mega_kick|mega_punch|metronome|mimic|mud_slap|psych_up|rock_slide|rollout|seismic_toss|sleep_talk|snore|soft_boiled|substitute|swagger|swift|swords_dance|thunder_punch|thunder_wave;;no_eggs;;;151;Nueva Especie;0,4;4;rosa;sin_genero;si;Varios científicos lo consideran el antecesor de los Pokémon porque usa todo tipo de movimientos.
chikorita;Chikorita;grass;45;49;65;49;65;45;overgrow;;;medium_slow;64;45;sp_defense:1;1:growl|1:tackle|8:razor_leaf|12:reflect|15:poison_powder|22:synthesis|29:body_slam|36:light_screen|43:safeguard|50:solar_beam;attract|bullet_seed|cut|double_team|facade|flash|frustration|giga_drain|hidden_power|iron_tail|light_screen|protect|reflect|rest|return|safeguard|secret_power|solar_beam|sunny_day|toxic;body_slam|counter|double_edge|endure|mimic|mud_slap|sleep_talk|snore|substitute|swagger|swords_dance;ancient_power|counter|flail|grass_whistle|ingrain|leech_seed|nature_power|vine_whip;monster|plant;bayleef@16;;152;Hoja;0,9;6,4;verde;12,5;no;Un dulce aroma se desprende de la hoja de su cabeza. Es dócil y le encanta absorber los rayos de sol.
bayleef;Bayleef;grass;60;62;80;63;80;60;overgrow;;;medium_slow;142;45;defense:1|sp_defense:1;1:growl|1:razor_leaf|1:reflect|1:tackle|8:razor_leaf|12:reflect|15:poison_powder|23:synthesis|31:body_slam|39:light_screen|47:safeguard|55:solar_beam;attract|bullet_seed|cut|double_team|facade|flash|frustration|giga_drain|hidden_power|iron_tail|light_screen|protect|reflect|rest|return|rock_smash|safeguard|secret_power|solar_beam|strength|sunny_day|toxic;body_slam|counter|double_edge|endure|fury_cutter|mimic|mud_slap|sleep_talk|snore|substitute|swagger|swords_dance;;monster|plant;meganium@32;;153;Hoja;1,2;15,8;verde;12,5;no;Emana un aroma picante de su cuello. El aroma actúa como estimulante para recuperar salud.
meganium;Meganium;grass;80;82;100;83;100;80;overgrow;;;medium_slow;236;45;defense:1|sp_defense:2;1:growl|1:razor_leaf|1:reflect|1:tackle|8:razor_leaf|12:reflect|15:poison_powder|23:synthesis|31:body_slam|41:light_screen|51:safeguard|61:solar_beam;attract|bullet_seed|cut|double_team|earthquake|facade|flash|frustration|giga_drain|hidden_power|hyper_beam|iron_tail|light_screen|protect|reflect|rest|return|rock_smash|safeguard|secret_power|solar_beam|strength|sunny_day|toxic;body_slam|counter|double_edge|endure|fury_cutter|mimic|mud_slap|sleep_talk|snore|substitute|swagger|swords_dance;;monster|plant;;;154;Hierba;1,8;100,5;verde;12,5;no;El olor que desprenden sus pétalos contiene una sustancia que calma el instinto agresivo.
cyndaquil;Cyndaquil;fire;39;52;43;60;50;65;blaze;;;medium_slow;62;45;speed:1;1:leer|1:tackle|6:smokescreen|12:ember|19:quick_attack|27:flame_wheel|36:swift|46:flamethrower;aerial_ace|attract|cut|dig|double_team|facade|fire_blast|flamethrower|frustration|hidden_power|overheat|protect|rest|return|secret_power|sunny_day|toxic;body_slam|defense_curl|double_edge|endure|mimic|mud_slap|rollout|sleep_talk|snore|substitute|swagger|swift;covet|crush_claw|foresight|fury_swipes|howl|quick_attack|reversal|thrash;ground;quilava@14;;155;Ratón Fuego;0,5;7,9;amarillo;12,5;no;Es tímido y siempre se enrosca como una pelota. Si es atacado, enciende su lomo para protegerse.
quilava;Quilava;fire;58;64;58;80;65;80;blaze;;;medium_slow;142;45;sp_attack:1|speed:1;1:leer|1:smokescreen|1:tackle|6:smokescreen|12:ember|21:quick_attack|31:flame_wheel|42:swift|54:flamethrower;aerial_ace|attract|brick_break|cut|dig|double_team|facade|fire_blast|flamethrower|focus_punch|frustration|hidden_power|overheat|protect|rest|return|roar|rock_smash|secret_power|strength|sunny_day|toxic;body_slam|defense_curl|double_edge|endure|fury_cutter|mimic|mud_slap|rollout|sleep_talk|snore|substitute|swagger|swift;;ground;typhlosion@36;;156;Volcán;0,9;19;amarillo;12,5;no;Antes de empezar a luchar, se gira ante su rival para alardear del alcance y la fuerza de sus llamas.
typhlosion;Typhlosion;fire;78;84;78;109;85;100;blaze;;;medium_slow;240;45;sp_attack:3;1:ember|1:leer|1:smokescreen|1:tackle|6:smokescreen|12:ember|21:quick_attack|31:flame_wheel|45:swift|60:flamethrower;aerial_ace|attract|brick_break|cut|dig|double_team|earthquake|facade|fire_blast|flamethrower|focus_punch|frustration|hidden_power|hyper_beam|overheat|protect|rest|return|roar|rock_smash|secret_power|strength|sunny_day|toxic;body_slam|counter|defense_curl|double_edge|dynamic_punch|endure|fire_punch|fury_cutter|mega_kick|mega_punch|mimic|mud_slap|rock_slide|rollout|seismic_toss|sleep_talk|snore|substitute|swagger|swift|thunder_punch;;ground;;;157;Volcán;1,7;79,5;amarillo;12,5;no;Si su furia crece, se calienta tanto que cualquier cosa que toque se prenderá al instante.
totodile;Totodile;water;50;65;64;44;48;43;torrent;;;medium_slow;63;45;attack:1;1:leer|1:scratch|7:rage|13:water_gun|20:bite|27:scary_face|35:slash|43:screech|52:hydro_pump;aerial_ace|attract|blizzard|brick_break|cut|dig|dive|double_team|facade|focus_punch|frustration|hail|hidden_power|ice_beam|iron_tail|protect|rain_dance|rest|return|secret_power|surf|toxic|water_pulse|waterfall;body_slam|counter|double_edge|dynamic_punch|endure|ice_punch|icy_wind|mega_kick|mega_punch|mimic|mud_slap|rock_slide|seismic_toss|sleep_talk|snore|substitute|swagger|swords_dance;ancient_power|crunch|dragon_claw|hydro_pump|mud_sport|rock_slide|thrash|water_sport;monster|water1;croconaw@18;;158;Fauces;0,6;9,5;azul;12,5;no;Es pequeño pero violento. No dudará en morder cualquier cosa que se mueva cerca.
croconaw;Croconaw;water;65;80;80;59;63;58;torrent;;;medium_slow;142;45;attack:1|defense:1;1:leer|1:rage|1:scratch|7:rage|13:water_gun|21:bite|28:scary_face|37:slash|45:screech|55:hydro_pump;aerial_ace|attract|blizzard|brick_break|cut|dig|dive|double_team|facade|focus_punch|frustration|hail|hidden_power|ice_beam|iron_tail|protect|rain_dance|rest|return|roar|rock_smash|secret_power|strength|surf|toxic|water_pulse|waterfall;body_slam|counter|double_edge|dynamic_punch|endure|fury_cutter|ice_punch|icy_wind|mega_kick|mega_punch|mimic|mud_slap|rock_slide|seismic_toss|sleep_talk|snore|substitute|swagger|swords_dance;;monster|water1;feraligatr@30;;159;Fauces;1,1;25;azul;12,5;no;Si pierde un colmillo, le crecerá otro en su lugar. Siempre tiene 48 colmillos en su boca.
feraligatr;Feraligatr;water;85;105;100;79;83;78;torrent;;;medium_slow;239;45;attack:2|defense:1;1:leer|1:rage|1:scratch|1:water_gun|7:rage|13:water_gun|21:bite|28:scary_face|38:slash|47:screech|58:hydro_pump;aerial_ace|attract|blizzard|brick_break|cut|dig|dive|double_team|dragon_claw|earthquake|facade|focus_punch|frustration|hail|hidden_power|hyper_beam|ice_beam|iron_tail|protect|rain_dance|rest|return|roar|rock_smash|secret_power|strength|surf|toxic|water_pulse|waterfall;body_slam|counter|double_edge|dynamic_punch|endure|fury_cutter|ice_punch|icy_wind|mega_kick|mega_punch|mimic|mud_slap|rock_slide|seismic_toss|sleep_talk|snore|substitute|swagger|swords_dance;;monster|water1;;;160;Fauces;2,3;88,8;azul;12,5;no;Se suele mover lento, pero alcanza velocidades de vértigo al atacar y morder a sus enemigos.
sentret;Sentret;normal;35;46;34;35;45;20;run_away;keen_eye;;medium_fast;43;255;attack:1;1:scratch|4:defense_curl|7:quick_attack|12:fury_swipes|17:helping_hand|24:slam|31:follow_me|40:rest|49:amnesia;attract|brick_break|cut|dig|double_team|facade|flamethrower|focus_punch|frustration|hidden_power|ice_beam|iron_tail|protect|rain_dance|rest|return|secret_power|shadow_ball|shock_wave|solar_beam|sunny_day|surf|thief|thunderbolt|toxic|water_pulse;body_slam|defense_curl|double_edge|dynamic_punch|endure|fire_punch|fury_cutter|ice_punch|mimic|mud_slap|rollout|sleep_talk|snore|substitute|swagger|swift|thunder_punch;assist|double_edge|focus_energy|pursuit|reversal|slash|substitute|trick;ground;furret@15;;161;Explorador;0,8;6;marrón;50;no;Cuando hace de centinela, avisa del peligro a los demás, chillando y dando golpes al suelo con la cola.
furret;Furret;normal;85;76;64;45;55;90;run_away;keen_eye;;medium_fast;145;90;speed:2;1:defense_curl|1:quick_attack|1:scratch|4:defense_curl|7:quick_attack|12:fury_swipes|19:helping_hand|28:slam|37:follow_me|48:rest|59:amnesia;attract|blizzard|brick_break|cut|dig|double_team|facade|flamethrower|focus_punch|frustration|hidden_power|hyper_beam|ice_beam|iron_tail|protect|rain_dance|rest|return|rock_smash|secret_power|shadow_ball|shock_wave|solar_beam|strength|sunny_day|surf|thief|thunder|thunderbolt|toxic|water_pulse;body_slam|defense_curl|double_edge|dynamic_punch|endure|fire_punch|fury_cutter|ice_punch|mimic|mud_slap|rollout|sleep_talk|snore|substitute|swagger|swift|thunder_punch;;ground;;;162;Alargado;1,8;32,5;marrón;50;no;Acurruca a sus crías para que duerman. Acorrala a los enemigos con su enorme velocidad.
hoothoot;Hoothoot;normal|flying;60;30;30;36;56;50;insomnia;keen_eye;;medium_fast;52;255;hp:1;1:growl|1:tackle|6:foresight|11:peck|16:hypnosis|22:reflect|28:take_down|34:confusion|48:dream_eater;aerial_ace|attract|double_team|facade|flash|fly|frustration|hidden_power|protect|psychic|rain_dance|reflect|rest|return|secret_power|shadow_ball|steel_wing|sunny_day|thief|toxic;double_edge|dream_eater|endure|mimic|mud_slap|sleep_talk|snore|substitute|swagger|swift;feather_dance|feint_attack|mirror_move|sky_attack|supersonic|whirlwind|wing_attack;flying;noctowl@20;;163;Búho;0,7;21,2;marrón;50;no;Su percepción del tiempo es exacta. Ocurra lo que ocurra, lleva el ritmo moviendo la cabeza.
noctowl;Noctowl;normal|flying;100;50;50;76;96;70;insomnia;keen_eye;;medium_fast;158;90;hp:2;1:foresight|1:growl|1:peck|1:tackle|6:foresight|11:peck|16:hypnosis|25:reflect|33:take_down|41:confusion|57:dream_eater;aerial_ace|attract|double_team|facade|flash|fly|frustration|hidden_power|hyper_beam|protect|psychic|rain_dance|reflect|rest|return|secret_power|shadow_ball|steel_wing|sunny_day|thief|toxic;double_edge|dream_eater|endure|mimic|mud_slap|sleep_talk|snore|substitute|swagger|swift;;flying;;;164;Búho;1,6;40,8;marrón;50;no;Sus ojos están especialmente adaptados. Concentran la luz para poder ver en la oscuridad.
ledyba;Ledyba;bug|flying;40;20;30;40;80;55;swarm;early_bird;;fast;53;255;sp_defense:1;1:tackle|8:supersonic|15:comet_punch|22:light_screen|22:reflect|22:safeguard|29:baton_pass|36:swift|43:agility|50:double_edge;aerial_ace|attract|brick_break|dig|double_team|facade|flash|focus_punch|frustration|giga_drain|hidden_power|light_screen|protect|reflect|rest|return|safeguard|secret_power|solar_beam|sunny_day|thief|toxic;double_edge|dynamic_punch|endure|ice_punch|mega_punch|mimic|rollout|sleep_talk|snore|substitute|swagger|swift|swords_dance|thunder_punch;bide|psybeam|silver_wind;bug;ledian@18;;165;5 Estrellas;1;10,8;rojo;50;no;Cuando llega el frío, se reúnen muchos Ledyba de todas partes para darse calor.
ledian;Ledian;bug|flying;55;35;50;55;110;85;swarm;early_bird;;fast;137;90;sp_defense:2;1:supersonic|1:tackle|8:supersonic|15:comet_punch|24:light_screen|24:reflect|24:safeguard|33:baton_pass|42:swift|51:agility|60:double_edge;aerial_ace|attract|brick_break|dig|double_team|facade|flash|focus_punch|frustration|giga_drain|hidden_power|hyper_beam|light_screen|protect|reflect|rest|return|safeguard|secret_power|solar_beam|sunny_day|thief|toxic;double_edge|dynamic_punch|endure|ice_punch|mega_punch|mimic|rollout|sleep_talk|snore|substitute|swagger|swift|swords_dance|thunder_punch;;bug;;;166;5 Estrellas;1,4;35,6;rojo;50;no;Cuando parpadean las estrellas en el cielo nocturno, se mece desprendiendo un polvo brillante.
spinarak;Spinarak;bug|poison;40;60;40;40;40;30;swarm;insomnia;;fast;50;255;attack:1;1:poison_sting|1:string_shot|6:scary_face|11:constrict|17:night_shade|23:leech_life|30:fury_swipes|37:spider_web|45:agility|53:psychic;attract|dig|double_team|facade|flash|frustration|giga_drain|hidden_power|protect|psychic|rest|return|secret_power|sludge_bomb|solar_beam|sunny_day|thief|toxic;body_slam|double_edge|endure|mimic|sleep_talk|snore|substitute|swagger;baton_pass|disable|psybeam|pursuit|signal_beam|sonic_boom;bug;ariados@22;;167;Escupesoga;0,5;8,5;verde;50;no;Teje su telaraña con hilo fino pero resistente. Espera pacientemente a que caiga su presa.
ariados;Ariados;bug|poison;70;90;70;60;60;40;swarm;insomnia;;fast;140;90;attack:2;1:constrict|1:poison_sting|1:scary_face|1:string_shot|6:scary_face|11:constrict|17:night_shade|25:leech_life|34:fury_swipes|43:spider_web|53:agility|63:psychic;attract|dig|double_team|facade|flash|frustration|giga_drain|hidden_power|hyper_beam|protect|psychic|rest|return|secret_power|sludge_bomb|solar_beam|sunny_day|thief|toxic;body_slam|double_edge|endure|mimic|sleep_talk|snore|substitute|swagger;;bug;;;168;Pata Larga;1,1;33,5;rojo;50;no;Teje su telaraña desde atrás y desde su boca. Es muy difícil saber dónde está cada cual.
crobat;Crobat;poison|flying;85;90;80;70;80;130;inner_focus;;;medium_fast;241;90;speed:3;1:astonish|1:leech_life|1:screech|1:supersonic|6:supersonic|11:astonish|16:bite|21:wing_attack|28:confuse_ray|35:air_cutter|42:mean_look|49:poison_fang|56:haze;aerial_ace|attract|double_team|facade|fly|frustration|giga_drain|hidden_power|hyper_beam|protect|rain_dance|rest|return|secret_power|shadow_ball|sludge_bomb|snatch|steel_wing|sunny_day|taunt|thief|torment|toxic;double_edge|endure|mimic|sleep_talk|snore|substitute|swagger|swift;;flying;;;169;Murciélago;1,8;75;morado;50;no;Es tan silencioso cuando vuela en la oscuridad con sus cuatro alas, que cuesta percibirlo cuando se acerca.
chinchou;Chinchou;water|electric;75;38;38;56;56;67;volt_absorb;illuminate;;slow;66;190;hp:1;1:bubble|1:thunder_wave|5:supersonic|13:flail|17:water_gun|25:spark|29:confuse_ray|37:take_down|41:hydro_pump|49:charge;attract|blizzard|dive|double_team|facade|flash|frustration|hail|hidden_power|ice_beam|protect|rain_dance|rest|return|secret_power|shock_wave|surf|thunder|thunderbolt|toxic|water_pulse|waterfall;double_edge|endure|mimic|sleep_talk|snore|substitute|swagger|thunder_wave;amnesia|flail|screech;water2;lanturn@27;;170;Rape;0,5;12;azul;50;no;En el oscuro fondo del océano, su único modo de comunicarse es emitiendo luces parpadeantes.
lanturn;Lanturn;water|electric;125;58;58;76;76;67;volt_absorb;illuminate;;slow;161;75;hp:2;1:bubble|1:supersonic|1:thunder_wave|5:supersonic|13:flail|17:water_gun|25:spark|32:confuse_ray|43:take_down|50:hydro_pump|61:charge;attract|blizzard|dive|double_team|facade|flash|frustration|hail|hidden_power|hyper_beam|ice_beam|protect|rain_dance|rest|return|secret_power|shock_wave|surf|thunder|thunderbolt|toxic|water_pulse|waterfall;double_edge|endure|mimic|sleep_talk|snore|substitute|swagger|thunder_wave;;water2;;;171;Luz;1,2;22,5;azul;50;no;La luz de Lanturn se puede ver desde lo más profundo. Se le llama la Estrella de Alta Mar.
pichu;Pichu;electric;20;40;15;35;35;60;static;;;medium_fast;41;190;speed:1;1:charm|1:thunder_shock|6:tail_whip|8:thunder_wave|11:sweet_kiss;attract|double_team|facade|flash|frustration|hidden_power|iron_tail|light_screen|protect|rain_dance|rest|return|secret_power|shock_wave|thunder|thunderbolt|toxic;body_slam|counter|defense_curl|double_edge|endure|mega_kick|mega_punch|mimic|mud_slap|rollout|seismic_toss|sleep_talk|snore|substitute|swagger|swift|thunder_wave;bide|charge|double_slap|encore|present|reversal|wish;no_eggs;pikachu@amistad;;172;Ratoncito;0,3;2;amarillo;50;no;Cuando juegan, se tocan las colas y emiten chispas. Al parecer, es una prueba de valor.
cleffa;Cleffa;normal;50;25;28;45;55;15;cute_charm;;;fast;44;150;sp_defense:1;1:charm|1:pound|4:encore|8:sing|13:sweet_kiss;attract|dig|double_team|facade|fire_blast|flamethrower|flash|frustration|hidden_power|iron_tail|light_screen|protect|psychic|rain_dance|reflect|rest|return|safeguard|secret_power|shadow_ball|shock_wave|solar_beam|sunny_day|toxic|water_pulse;body_slam|counter|defense_curl|double_edge|dream_eater|endure|icy_wind|mega_kick|mega_punch|metronome|mimic|mud_slap|psych_up|rollout|seismic_toss|sleep_talk|snore|soft_boiled|substitute|swagger|thunder_wave;amnesia|belly_drum|metronome|mimic|present|splash|substitute|wish;no_eggs;clefairy@amistad;;173;Estrella;0,3;3;rosa;75;no;Por su inusual forma estrellada, la gente cree que procede de un meteorito que cayó a la tierra.
igglybuff;Igglybuff;normal;90;30;15;40;20;15;cute_charm;;;fast;42;170;hp:1;1:charm|1:sing|4:defense_curl|9:pound|14:sweet_kiss;attract|dig|double_team|facade|fire_blast|flamethrower|flash|frustration|hidden_power|light_screen|protect|psychic|rain_dance|reflect|rest|return|safeguard|secret_power|shadow_ball|shock_wave|solar_beam|sunny_day|toxic|water_pulse;body_slam|counter|defense_curl|double_edge|dream_eater|endure|icy_wind|mega_kick|mega_punch|mimic|mud_slap|psych_up|rollout|seismic_toss|sleep_talk|snore|substitute|swagger|thunder_wave;fake_tears|feint_attack|perish_song|present|wish;no_eggs;jigglypuff@amistad;;174;Globo;0,3;1;rosa;75;no;Para caminar, en lugar de usar los pies que tiene, opta por dar botes con su cuerpo redondo y blandito.
togepi;Togepi;normal;35;20;65;40;65;20;hustle;serene_grace;;fast;49;190;sp_defense:1;1:charm|1:growl|6:metronome|11:sweet_kiss|16:yawn|21:encore|26:follow_me|31:wish|36:safeguard|41:double_edge;attract|double_team|facade|fire_blast|flamethrower|flash|frustration|hidden_power|light_screen|protect|psychic|rain_dance|reflect|rest|return|rock_smash|safeguard|secret_power|shadow_ball|shock_wave|solar_beam|sunny_day|toxic|water_pulse;body_slam|counter|defense_curl|double_edge|dream_eater|endure|mega_kick|mega_punch|metronome|mimic|mud_slap|psych_up|rollout|seismic_toss|sleep_talk|snore|soft_boiled|substitute|swagger|swift|thunder_wave;foresight|future_sight|mirror_move|peck|present|psych_up|substitute;no_eggs;togetic@amistad;;175;Bolaclavos;0,3;1,5;blanco;12,5;no;El cascarón parece estar lleno de alegría. Dicen que trae buena suerte si es tratado con cariño.
togetic;Togetic;normal|flying;55;40;85;80;105;40;hustle;serene_grace;;fast;142;75;sp_defense:2;1:charm|1:growl|6:metronome|11:sweet_kiss|16:yawn|21:encore|26:follow_me|31:wish|36:safeguard|41:double_edge;aerial_ace|attract|brick_break|double_team|facade|fire_blast|flamethrower|flash|fly|focus_punch|frustration|hidden_power|hyper_beam|light_screen|protect|psychic|rain_dance|reflect|rest|return|rock_smash|safeguard|secret_power|shadow_ball|shock_wave|solar_beam|steel_wing|sunny_day|toxic|water_pulse;body_slam|counter|defense_curl|double_edge|dream_eater|endure|mega_kick|mega_punch|metronome|mimic|mud_slap|psych_up|rollout|seismic_toss|sleep_talk|snore|soft_boiled|substitute|swagger|swift|thunder_wave;;flying|fairy;;;176;Felicidad;0,6;3,2;blanco;12,5;no;Si no está con gente amable, se entristece. Puede flotar en el aire sin mover las alas.
natu;Natu;psychic|flying;40;50;45;70;45;70;synchronize;early_bird;;medium_fast;64;190;sp_attack:1;1:leer|1:peck|10:night_shade|20:teleport|30:future_sight|30:wish|40:confuse_ray|50:psychic;aerial_ace|attract|calm_mind|double_team|facade|flash|frustration|giga_drain|hidden_power|light_screen|protect|psychic|rain_dance|reflect|rest|return|secret_power|shadow_ball|skill_swap|solar_beam|steel_wing|sunny_day|thief|toxic;double_edge|dream_eater|endure|mimic|psych_up|sleep_talk|snore|substitute|swagger|swift|thunder_wave;drill_peck|feather_dance|feint_attack|haze|psych_up|quick_attack|refresh|steel_wing;flying;xatu@25;;177;Pajarito;0,2;2;verde;50;no;Va dando saltitos porque sus alas no han crecido lo suficiente. Siempre está pendiente de algo.
xatu;Xatu;psychic|flying;65;75;70;95;70;95;synchronize;early_bird;;medium_fast;165;75;sp_attack:1|speed:1;1:leer|1:peck|10:night_shade|20:teleport|35:future_sight|35:wish|50:confuse_ray|65:psychic;aerial_ace|attract|calm_mind|double_team|facade|flash|fly|frustration|giga_drain|hidden_power|hyper_beam|light_screen|protect|psychic|rain_dance|reflect|rest|return|secret_power|shadow_ball|skill_swap|solar_beam|steel_wing|sunny_day|thief|toxic;double_edge|dream_eater|endure|mimic|psych_up|sleep_talk|snore|substitute|swagger|swift|thunder_wave;;flying;;;178;Místico;1,5;15;verde;50;no;Cuando se pone a meditar al amanecer, pierde la noción del tiempo. Puede pasarse así todo el día.
mareep;Mareep;electric;55;40;40;65;45;35;static;;;medium_slow;56;235;sp_attack:1;1:growl|1:tackle|9:thunder_shock|16:thunder_wave|23:cotton_spore|30:light_screen|37:thunder;attract|double_team|facade|flash|frustration|hidden_power|iron_tail|light_screen|protect|rain_dance|rest|return|secret_power|shock_wave|thunder|thunderbolt|toxic;body_slam|defense_curl|double_edge|endure|mimic|sleep_talk|snore|substitute|swagger|swift|thunder_wave;body_slam|charge|odor_sleuth|reflect|safeguard|screech|take_down;monster|ground;flaaffy@15;;179;Lana;0,6;7,8;blanco;50;no;Su pelaje lanudo dobla su volumen al acumular electricidad estática. Tocarlo puede dar calambre.
flaaffy;Flaaffy;electric;70;55;55;80;60;45;static;;;medium_slow;128;120;sp_attack:2;1:growl|1:tackle|1:thunder_shock|9:thunder_shock|18:thunder_wave|27:cotton_spore|36:light_screen|45:thunder;attract|brick_break|double_team|facade|flash|focus_punch|frustration|hidden_power|iron_tail|light_screen|protect|rain_dance|rest|return|rock_smash|secret_power|shock_wave|strength|thunder|thunderbolt|toxic;body_slam|counter|defense_curl|double_edge|dynamic_punch|endure|fire_punch|mega_kick|mega_punch|mimic|seismic_toss|sleep_talk|snore|substitute|swagger|swift|thunder_punch|thunder_wave;;monster|ground;ampharos@30;;180;Lana;0,8;13,3;rosa;50;no;Su esponjosa lana almacena electricidad. Su piel gomosa evita que sea electrocutado.
ampharos;Ampharos;electric;90;75;75;115;90;55;static;;;medium_slow;230;45;sp_attack:3;1:growl|1:tackle|1:thunder_shock|1:thunder_wave|9:thunder_shock|18:thunder_wave|27:cotton_spore|30:thunder_punch|42:light_screen|57:thunder;attract|brick_break|double_team|facade|flash|focus_punch|frustration|hidden_power|hyper_beam|iron_tail|light_screen|protect|rain_dance|rest|return|rock_smash|secret_power|shock_wave|strength|thunder|thunderbolt|toxic;body_slam|counter|defense_curl|double_edge|dynamic_punch|endure|fire_punch|mega_kick|mega_punch|mimic|seismic_toss|sleep_talk|snore|substitute|swagger|swift|thunder_punch|thunder_wave;;monster|ground;;;181;Luz;1,4;61,5;amarillo;50;no;La punta de su cola reluce brillantemente y puede ser vista desde lejos. Es usado como faro.
bellossom;Bellossom;grass;75;80;85;90;100;50;chlorophyll;;;medium_slow;221;45;sp_defense:3;1:absorb|1:magical_leaf|1:stun_spore|1:sweet_scent|44:petal_dance|55:solar_beam;attract|bullet_seed|cut|double_team|facade|flash|frustration|giga_drain|hidden_power|hyper_beam|protect|rest|return|safeguard|secret_power|sludge_bomb|solar_beam|sunny_day|toxic;double_edge|endure|mimic|sleep_talk|snore|substitute|swagger|swords_dance;;plant;;;182;Flor;0,4;5,8;verde;50;no;Los Bellossom suelen reunirse para bailar. Dicen que sus danzas son un ritual para invocar al sol.
marill;Marill;water;70;20;50;20;50;40;thick_fat;huge_power;;fast;88;190;hp:2;1:tackle|3:defense_curl|6:tail_whip|10:water_gun|15:rollout|21:bubble_beam|28:double_edge|36:rain_dance|45:hydro_pump;attract|blizzard|brick_break|dig|dive|double_team|facade|focus_punch|frustration|hail|hidden_power|ice_beam|iron_tail|protect|rain_dance|rest|return|rock_smash|secret_power|strength|surf|toxic|water_pulse|waterfall;body_slam|defense_curl|double_edge|dynamic_punch|endure|ice_punch|icy_wind|mega_kick|mega_punch|mimic|mud_slap|rollout|seismic_toss|sleep_talk|snore|substitute|swagger|swift;amnesia|belly_drum|future_sight|light_screen|perish_song|present|substitute|supersonic;water1|fairy;azumarill@18;;183;Ratón Agua;0,4;8,5;azul;50;no;Tiene una piel que repele el agua. De hecho, puede pasarse horas jugando en el agua sin mojarse.
azumarill;Azumarill;water;100;50;80;50;80;50;thick_fat;huge_power;;fast;189;75;hp:3;1:defense_curl|1:tackle|1:tail_whip|1:water_gun|3:defense_curl|6:tail_whip|10:water_gun|15:rollout|24:bubble_beam|34:double_edge|45:rain_dance|57:hydro_pump;attract|blizzard|brick_break|dig|dive|double_team|facade|focus_punch|frustration|hail|hidden_power|hyper_beam|ice_beam|iron_tail|protect|rain_dance|rest|return|rock_smash|secret_power|strength|surf|toxic|water_pulse|waterfall;body_slam|defense_curl|double_edge|dynamic_punch|endure|ice_punch|icy_wind|mega_kick|mega_punch|mimic|mud_slap|rollout|seismic_toss|sleep_talk|snore|substitute|swagger|swift;;water1|fairy;;;184;Conejo Agua;0,8;28,5;azul;50;no;Sus largas orejas son sensores que pueden percibir movimientos de seres vivos en el lecho del río.
sudowoodo;Sudowoodo;rock;70;100;115;30;65;30;sturdy;rock_head;;medium_fast;144;65;defense:2;1:mimic|1:rock_throw|9:flail|17:low_kick|25:rock_slide|33:block|41:feint_attack|49:slam|57:double_edge;attract|brick_break|calm_mind|dig|double_team|earthquake|facade|focus_punch|frustration|hidden_power|protect|rest|return|rock_smash|rock_tomb|sandstorm|secret_power|strength|sunny_day|taunt|thief|toxic;body_slam|counter|defense_curl|double_edge|dynamic_punch|endure|explosion|fire_punch|ice_punch|mega_kick|mega_punch|mimic|mud_slap|psych_up|rock_slide|rollout|seismic_toss|sleep_talk|snore|substitute|swagger|thunder_punch;self_destruct;mineral;;;185;Imitación;1,2;38;marrón;50;no;Aunque pretende ser un árbol, en su composición se parece más a una roca que a una planta.
politoed;Politoed;water;90;75;75;90;100;70;water_absorb;damp;;medium_slow;225;45;sp_defense:3;1:double_slap|1:hypnosis|1:perish_song|1:water_gun|35:perish_song|51:swagger;attract|blizzard|brick_break|dig|dive|double_team|earthquake|facade|focus_punch|frustration|hail|hidden_power|hyper_beam|ice_beam|protect|psychic|rain_dance|rest|return|rock_smash|secret_power|strength|surf|thief|toxic|water_pulse|waterfall;body_slam|counter|defense_curl|double_edge|dynamic_punch|endure|icy_wind|mega_kick|mega_punch|metronome|mimic|mud_slap|seismic_toss|sleep_talk|snore|substitute|swagger;;water1;;;186;Rana;1,1;33,9;verde;50;no;Cuando tres o más de estos se juntan, emiten un sonido muy fuerte parecido a un bramido.
hoppip;Hoppip;grass|flying;35;35;40;35;55;50;chlorophyll;;;medium_slow;50;255;sp_defense:1;1:splash|5:synthesis|5:tail_whip|10:tackle|13:poison_powder|15:stun_spore|17:sleep_powder|20:leech_seed|25:cotton_spore|30:mega_drain;aerial_ace|attract|bullet_seed|double_team|facade|flash|frustration|giga_drain|hidden_power|protect|rest|return|secret_power|solar_beam|sunny_day|toxic;defense_curl|double_edge|endure|mimic|sleep_talk|snore|substitute|swagger|swords_dance;amnesia|confusion|double_edge|encore|helping_hand|psych_up|reflect;fairy|plant;skiploom@18;;187;Algadón;0,4;0,5;rosa;50;no;Su cuerpo es tan ligero, que debe agarrarse bien al suelo con las patas para no irse con el viento.
skiploom;Skiploom;grass|flying;55;45;50;45;65;80;chlorophyll;;;medium_slow;119;120;speed:2;1:splash|1:synthesis|1:tackle|1:tail_whip|5:synthesis|5:tail_whip|10:tackle|13:poison_powder|15:stun_spore|17:sleep_powder|22:leech_seed|29:cotton_spore|36:mega_drain;aerial_ace|attract|bullet_seed|double_team|facade|flash|frustration|giga_drain|hidden_power|protect|rest|return|secret_power|solar_beam|sunny_day|toxic;defense_curl|double_edge|endure|mimic|sleep_talk|snore|substitute|swagger|swords_dance;;fairy|plant;jumpluff@27;;188;Algadón;0,6;1;verde;50;no;La flor de su cabeza se abre y cierra según suba o baje la temperatura.
jumpluff;Jumpluff;grass|flying;75;55;70;55;85;110;chlorophyll;;;medium_slow;207;45;speed:3;1:splash|1:synthesis|1:tackle|1:tail_whip|5:synthesis|5:tail_whip|10:tackle|13:poison_powder|15:stun_spore|17:sleep_powder|22:leech_seed|33:cotton_spore|44:mega_drain;aerial_ace|attract|bullet_seed|double_team|facade|flash|frustration|giga_drain|hidden_power|hyper_beam|protect|rest|return|secret_power|solar_beam|sunny_day|toxic;defense_curl|double_edge|endure|mimic|sleep_talk|snore|substitute|swagger|swords_dance;;fairy|plant;;;189;Algadón;0,8;3;azul;50;no;Los vientos estacionales lo llevan por todo el mundo, donde va soltando sus esporas.
aipom;Aipom;normal;55;70;55;40;55;85;run_away;pickup;;fast;72;45;speed:1;1:scratch|1:tail_whip|6:sand_attack|13:astonish|18:baton_pass|25:tickle|31:fury_swipes|38:swift|43:screech|50:agility;aerial_ace|attract|brick_break|cut|dig|double_team|facade|focus_punch|frustration|hidden_power|iron_tail|protect|rain_dance|rest|return|rock_smash|secret_power|shadow_ball|shock_wave|snatch|solar_beam|strength|sunny_day|taunt|thief|thunder|thunderbolt|toxic|water_pulse;body_slam|counter|defense_curl|double_edge|dream_eater|dynamic_punch|endure|fire_punch|fury_cutter|ice_punch|mega_kick|mega_punch|metronome|mimic|mud_slap|seismic_toss|sleep_talk|snore|substitute|swagger|swift|thunder_punch|thunder_wave;agility|beat_up|counter|double_slap|pursuit|screech|slam|spite;ground;;;190;Cola Larga;0,8;11,5;morado;50;no;Vive en lo alto de los árboles. Cuando salta de rama en rama, usa su cola para equilibrarse.
sunkern;Sunkern;grass;30;30;30;30;30;30;chlorophyll;;;medium_slow;36;235;sp_attack:1;1:absorb|6:growth|13:mega_drain|18:ingrain|25:endeavor|30:sunny_day|37:synthesis|42:giga_drain;attract|bullet_seed|cut|double_team|facade|flash|frustration|giga_drain|hidden_power|light_screen|protect|rest|return|safeguard|secret_power|sludge_bomb|solar_beam|sunny_day|toxic;double_edge|endure|mimic|sleep_talk|snore|substitute|swagger|swords_dance;curse|encore|grass_whistle|helping_hand|leech_seed|nature_power;plant;sunflora@objeto:sun_stone;;191;Semilla;0,3;1,8;amarillo;50;no;Puede caer del cielo de repente. Si le ataca un Spearow, moverá violentamente sus hojas.
sunflora;Sunflora;grass;75;75;55;105;85;30;chlorophyll;;;medium_slow;149;120;sp_attack:2;1:absorb|1:pound|6:growth|13:razor_leaf|18:ingrain|25:bullet_seed|30:sunny_day|37:petal_dance|42:solar_beam;attract|bullet_seed|cut|double_team|facade|flash|frustration|giga_drain|hidden_power|hyper_beam|light_screen|protect|rest|return|safeguard|secret_power|sludge_bomb|solar_beam|sunny_day|toxic;double_edge|endure|mimic|sleep_talk|snore|substitute|swagger|swords_dance;;plant;;;192;Sol;0,8;8,5;amarillo;50;no;A medida que se acerca el verano, va adquiriendo un color más vivo e intenso en los pétalos de la cara.
yanma;Yanma;bug|flying;65;65;45;75;45;95;speed_boost;compound_eyes;;medium_fast;78;75;speed:1;1:foresight|1:tackle|7:quick_attack|13:double_team|19:sonic_boom|25:detect|31:supersonic|37:uproar|43:wing_attack|49:screech;aerial_ace|attract|double_team|facade|flash|frustration|giga_drain|hidden_power|protect|psychic|rest|return|secret_power|shadow_ball|solar_beam|steel_wing|sunny_day|thief|toxic;double_edge|dream_eater|endure|mimic|sleep_talk|snore|substitute|swagger|swift;leech_life|reversal|signal_beam|silver_wind|whirlwind;bug;;;193;Ala Clara;1,2;38;rojo;50;no;Su campo visual es de 360° sin girar la cabeza. Detecta hasta las presas que están a su espalda.
wooper;Wooper;water|ground;55;45;45;25;25;15;damp;water_absorb;;medium_fast;42;255;hp:1;1:tail_whip|1:water_gun|11:slam|16:mud_shot|21:amnesia|31:yawn|36:earthquake|41:rain_dance|51:haze|51:mist;attract|blizzard|dig|dive|double_team|earthquake|facade|flash|frustration|hail|hidden_power|ice_beam|iron_tail|protect|rain_dance|rest|return|rock_smash|sandstorm|secret_power|sludge_bomb|surf|toxic|water_pulse|waterfall;body_slam|defense_curl|double_edge|dynamic_punch|endure|ice_punch|mimic|mud_slap|rollout|sleep_talk|snore|substitute|swagger;ancient_power|body_slam|curse|mud_sport|safeguard|spit_up|stockpile|swallow;water1|ground;quagsire@20;;194;Pez Agua;0,4;8,5;azul;50;no;Este Pokémon vive en aguas frías. Sale del agua para buscar comida cuando refresca el ambiente.
quagsire;Quagsire;water|ground;95;85;85;65;65;35;damp;water_absorb;;medium_fast;151;90;hp:2;1:tail_whip|1:water_gun|11:slam|16:mud_shot|23:amnesia|35:yawn|42:earthquake|49:rain_dance|61:haze|61:mist;attract|blizzard|brick_break|dig|dive|double_team|earthquake|facade|flash|focus_punch|frustration|hail|hidden_power|hyper_beam|ice_beam|iron_tail|protect|rain_dance|rest|return|rock_smash|rock_tomb|sandstorm|secret_power|sludge_bomb|strength|surf|toxic|water_pulse|waterfall;body_slam|counter|defense_curl|double_edge|dynamic_punch|endure|ice_punch|mega_kick|mega_punch|mimic|mud_slap|rollout|seismic_toss|sleep_talk|snore|substitute|swagger;;water1|ground;;;195;Pez Agua;1,4;75;azul;50;no;Es un Pokémon bastante perezoso. Para pescar permanece en el fondo del río con la boca abierta.
espeon;Espeon;psychic;65;65;60;130;95;110;synchronize;;;medium_fast;184;45;sp_attack:2;1:helping_hand|1:tackle|1:tail_whip|8:sand_attack|16:confusion|23:quick_attack|30:swift|36:psybeam|42:psych_up|47:psychic|52:morning_sun;attract|calm_mind|cut|dig|double_team|facade|flash|frustration|hidden_power|hyper_beam|iron_tail|light_screen|protect|psychic|rain_dance|reflect|rest|return|secret_power|shadow_ball|skill_swap|sunny_day|toxic;body_slam|double_edge|dream_eater|endure|mimic|mud_slap|psych_up|sleep_talk|snore|substitute|swagger|swift;;ground;;;196;Sol;0,9;26,5;morado;12,5;no;Al predecir el siguiente movimiento de su rival, chasquea el extremo de la cola bífida que tiene.
umbreon;Umbreon;dark;95;65;110;60;130;65;synchronize;;;medium_fast;184;45;sp_defense:2;1:helping_hand|1:tackle|1:tail_whip|8:sand_attack|16:pursuit|23:quick_attack|30:confuse_ray|36:feint_attack|42:mean_look|47:screech|52:moonlight;attract|cut|dig|double_team|facade|flash|frustration|hidden_power|hyper_beam|iron_tail|protect|psychic|rain_dance|rest|return|secret_power|shadow_ball|snatch|sunny_day|taunt|torment|toxic;body_slam|double_edge|dream_eater|endure|mimic|mud_slap|psych_up|sleep_talk|snore|substitute|swagger|swift;;ground;;;197;Luz Lunar;1;27;negro;12,5;no;Creado cuando la luz lunar alteró la estructura genética de Eevee. Busca presas en la oscuridad.
murkrow;Murkrow;dark|flying;60;85;42;85;42;91;insomnia;;;medium_slow;81;30;speed:1;1:peck|9:astonish|14:pursuit|22:haze|27:night_shade|35:feint_attack|40:taunt|48:mean_look;aerial_ace|attract|calm_mind|double_team|facade|fly|frustration|hidden_power|protect|rain_dance|rest|return|secret_power|shadow_ball|snatch|steel_wing|sunny_day|taunt|thief|torment|toxic;double_edge|dream_eater|endure|icy_wind|mimic|mud_slap|psych_up|sleep_talk|snore|substitute|swagger|swift|thunder_wave;confuse_ray|drill_peck|feather_dance|mirror_move|perish_song|sky_attack|whirlwind|wing_attack;flying;;;198;Oscuridad;0,5;2,1;negro;50;no;Esconde objetos brillantes en un lugar secreto. Meowth y Murkrow suelen saquear su escondite.
slowking;Slowking;water|psychic;95;75;80;100;110;30;oblivious;own_tempo;;medium_fast;172;70;sp_defense:2;1:curse|1:tackle|1:yawn|6:growl|15:water_gun|20:confusion|29:disable|34:headbutt|43:swagger|48:psychic;attract|blizzard|brick_break|calm_mind|dig|dive|double_team|earthquake|facade|fire_blast|flamethrower|flash|focus_punch|frustration|hail|hidden_power|hyper_beam|ice_beam|iron_tail|protect|psychic|rain_dance|rest|return|rock_smash|safeguard|secret_power|shadow_ball|skill_swap|strength|sunny_day|surf|toxic|water_pulse;body_slam|counter|double_edge|dream_eater|dynamic_punch|endure|fury_cutter|ice_punch|icy_wind|mega_kick|mega_punch|mimic|mud_slap|psych_up|seismic_toss|sleep_talk|snore|substitute|swagger|swift|thunder_wave;;monster|water1;;;199;Regio;2;79,5;rosa;50;no;Su intelecto e intuición son increíbles. No pierde la compostura en ninguna situación.
misdreavus;Misdreavus;ghost;60;60;60;85;85;85;levitate;;;fast;87;45;sp_defense:1;1:growl|1:psywave|6:spite|11:astonish|17:confuse_ray|23:mean_look|30:psybeam|37:pain_split|45:perish_song|53:grudge;aerial_ace|attract|calm_mind|double_team|facade|flash|frustration|hidden_power|protect|psychic|rain_dance|rest|return|secret_power|shadow_ball|shock_wave|skill_swap|snatch|sunny_day|taunt|thief|thunder|thunderbolt|torment|toxic;defense_curl|double_edge|dream_eater|endure|mimic|psych_up|sleep_talk|snore|substitute|swagger|swift|thunder_wave;destiny_bond|imprison|psych_up|screech;indeterminate;;;200;Chirrido;0,7;1;gris;50;no;Se deleita con el miedo, que absorbe con sus esferas rojas. Por el día, duerme en la oscuridad.
unown;Unown;psychic;48;72;48;72;48;48;levitate;;;medium_fast;118;225;attack:1|sp_attack:1;1:hidden_power;;;;no_eggs;;;201;Símbolo;0,5;5;negro;sin_genero;no;Su cuerpo fino y plano aparece siempre en los muros. Su forma parece tener algún significado.
wobbuffet;Wobbuffet;psychic;190;33;58;33;58;33;shadow_tag;;;medium_fast;142;45;hp:2;1:counter|1:destiny_bond|1:mirror_coat|1:safeguard;;;;indeterminate;;;202;Paciente;1,3;28,5;azul;50;no;Odia la luz y las sacudidas. Si le atacan, infla su cuerpo para aumentar su contraataque.
girafarig;Girafarig;normal|psychic;70;80;65;90;65;85;inner_focus;early_bird;;medium_fast;159;60;sp_attack:2;1:growl|1:tackle|7:astonish|13:confusion|19:stomp|25:odor_sleuth|31:agility|37:baton_pass|43:psybeam|49:crunch;attract|calm_mind|double_team|earthquake|facade|flash|frustration|hidden_power|iron_tail|light_screen|protect|psychic|rain_dance|reflect|rest|return|rock_smash|secret_power|shadow_ball|shock_wave|skill_swap|strength|sunny_day|thief|thunder|thunderbolt|toxic;body_slam|double_edge|dream_eater|endure|mimic|mud_slap|psych_up|sleep_talk|snore|substitute|swagger|swift|thunder_wave;amnesia|beat_up|foresight|future_sight|magic_coat|psych_up|take_down|wish;ground;;;203;Gran Cuello;1,5;41,5;amarillo;50;no;Cuando duerme, la cabeza de su cola se queda vigilando, ya que ella no necesita dormir.
pineco;Pineco;bug;50;65;90;35;35;15;sturdy;;;medium_fast;58;190;defense:1;1:protect|1:tackle|8:self_destruct|15:take_down|22:rapid_spin|29:bide|36:explosion|43:spikes|50:double_edge;attract|dig|double_team|earthquake|facade|frustration|giga_drain|hidden_power|light_screen|protect|reflect|rest|return|rock_smash|sandstorm|secret_power|solar_beam|strength|sunny_day|toxic;body_slam|counter|defense_curl|double_edge|endure|explosion|mimic|rock_slide|rollout|sleep_talk|snore|substitute|swagger;counter|flail|pin_missile|reflect|sand_tomb|swift;bug;forretress@31;;204;Larva;0,6;7,2;gris;50;no;Le gusta engrosar su coraza añadiendo cortezas de árbol. El aumento de peso no le molesta.
forretress;Forretress;bug|steel;75;90;140;60;60;40;sturdy;;;medium_fast;163;75;defense:2;1:protect|1:self_destruct|1:tackle|8:self_destruct|15:take_down|22:rapid_spin|29:bide|39:explosion|49:spikes|59:double_edge;attract|dig|double_team|earthquake|facade|frustration|giga_drain|hidden_power|hyper_beam|light_screen|protect|reflect|rest|return|rock_smash|sandstorm|secret_power|solar_beam|strength|sunny_day|toxic;body_slam|counter|defense_curl|double_edge|endure|explosion|mimic|rock_slide|rollout|sleep_talk|snore|substitute|swagger;;bug;;;205;Larva;1,2;125,8;morado;50;no;Se protege con su concha de acero de tal manera que solo se pueden ver sus ojos.
dunsparce;Dunsparce;normal;100;70;70;65;65;45;serene_grace;run_away;;medium_fast;145;190;hp:1;1:rage|4:defense_curl|11:yawn|14:glare|21:spite|24:pursuit|31:screech|34:take_down|41:endeavor;attract|blizzard|calm_mind|dig|double_team|earthquake|facade|fire_blast|flamethrower|frustration|hidden_power|ice_beam|iron_tail|protect|rain_dance|rest|return|rock_smash|rock_tomb|secret_power|shadow_ball|shock_wave|solar_beam|strength|sunny_day|thief|thunder|thunderbolt|toxic|water_pulse;body_slam|counter|defense_curl|double_edge|dream_eater|endure|mimic|mud_slap|psych_up|rock_slide|rollout|sleep_talk|snore|substitute|swagger|thunder_wave;ancient_power|astonish|bide|bite|curse|headbutt|rock_slide;ground;;;206;Serpiente Tierra;1,5;14;amarillo;50;no;Este Pokémon escapa hacia atrás perforando el suelo con su cola, si es descubierto.
gligar;Gligar;ground|flying;65;75;105;35;65;85;hyper_cutter;sand_veil;;medium_slow;86;60;defense:1;1:poison_sting|6:sand_attack|13:harden|20:quick_attack|28:feint_attack|36:slash|44:screech|52:guillotine;aerial_ace|attract|cut|dig|double_team|earthquake|facade|frustration|hidden_power|iron_tail|protect|rain_dance|rest|return|rock_smash|rock_tomb|sandstorm|secret_power|sludge_bomb|steel_wing|strength|sunny_day|thief|toxic;counter|double_edge|dream_eater|endure|fury_cutter|mimic|rock_slide|sleep_talk|snore|substitute|swagger|swift|swords_dance;counter|metal_claw|razor_wind|sand_tomb|wing_attack;bug;;;207;Escorpiala;1,1;64,8;morado;50;no;A veces se sujeta a los precipicios. Cuando divisa una presa, despliega sus alas y planea para atacar.
steelix;Steelix;steel|ground;75;85;200;55;65;30;rock_head;sturdy;;medium_fast;179;25;defense:2;1:screech|1:tackle|9:bind|13:rock_throw|21:harden|25:rage|33:sandstorm|37:slam|45:iron_tail|49:crunch|57:double_edge;attract|cut|dig|double_team|earthquake|facade|frustration|hidden_power|hyper_beam|iron_tail|protect|rest|return|roar|rock_smash|rock_tomb|sandstorm|secret_power|strength|sunny_day|taunt|torment|toxic;body_slam|defense_curl|double_edge|endure|explosion|mimic|mud_slap|rock_slide|rollout|sleep_talk|snore|substitute|swagger;;mineral;;;208;Serpiente Férrea;9,2;400;gris;50;no;Su cuerpo es más duro que cualquier metal debido a la gran presión y calor de su hábitat.
snubbull;Snubbull;normal;60;80;50;40;40;30;intimidate;run_away;;fast;60;190;attack:1;1:scary_face|1:tackle|4:tail_whip|8:charm|13:bite|19:lick|26:roar|34:rage|43:take_down|53:crunch;attract|brick_break|bulk_up|dig|double_team|earthquake|facade|fire_blast|flamethrower|focus_punch|frustration|hidden_power|overheat|protect|rain_dance|rest|return|roar|rock_smash|secret_power|shadow_ball|shock_wave|sludge_bomb|solar_beam|strength|sunny_day|taunt|thief|thunder|thunderbolt|torment|toxic|water_pulse;body_slam|counter|defense_curl|double_edge|dynamic_punch|endure|fire_punch|ice_punch|mega_kick|mega_punch|metronome|mimic|mud_slap|seismic_toss|sleep_talk|snore|substitute|swagger|thunder_punch|thunder_wave;crunch|feint_attack|heal_bell|metronome|present|reflect|smelling_salts|snore;ground|fairy;granbull@23;;209;Hada;0,6;7,8;rosa;75;no;Muy travieso por naturaleza, a muchas mujeres les gusta jugar con él porque es muy cariñoso.
granbull;Granbull;normal;90;120;75;60;60;45;intimidate;;;fast;158;75;attack:2;1:scary_face|1:tackle|4:tail_whip|8:charm|13:bite|19:lick|28:roar|38:rage|49:take_down|61:crunch;attract|brick_break|bulk_up|dig|double_team|earthquake|facade|fire_blast|flamethrower|focus_punch|frustration|hidden_power|hyper_beam|iron_tail|overheat|protect|rain_dance|rest|return|roar|rock_smash|rock_tomb|secret_power|shadow_ball|shock_wave|sludge_bomb|solar_beam|strength|sunny_day|taunt|thief|thunder|thunderbolt|torment|toxic|water_pulse;body_slam|counter|defense_curl|double_edge|dynamic_punch|endure|fire_punch|ice_punch|mega_kick|mega_punch|metronome|mimic|mud_slap|rock_slide|seismic_toss|sleep_talk|snore|substitute|swagger|thunder_punch|thunder_wave;;ground|fairy;;;210;Hada;1,4;48,7;morado;75;no;A pesar de su aspecto, es muy tímido. Sin embargo, cuando se enfada, ataca con sus colmillos.
qwilfish;Qwilfish;water|poison;65;95;75;55;55;85;poison_point;swift_swim;;medium_fast;88;45;attack:1;1:poison_sting|1:spikes|1:tackle|10:harden|10:minimize|19:water_gun|28:pin_missile|37:take_down|46:hydro_pump;attract|blizzard|dive|double_team|facade|frustration|hail|hidden_power|ice_beam|protect|rain_dance|rest|return|secret_power|shadow_ball|shock_wave|sludge_bomb|surf|toxic|water_pulse|waterfall;defense_curl|double_edge|endure|icy_wind|mimic|rollout|sleep_talk|snore|substitute|swagger|swift|swords_dance|thunder_wave;astonish|bubble_beam|flail|haze|supersonic;water2;;;211;Globo;0,5;3,9;gris;50;no;Para arrojar sus venenosas púas, infla su cuerpo bebiendo hasta diez litros de agua de una sola vez.
scizor;Scizor;bug|steel;70;130;100;55;80;65;swarm;;;medium_fast;175;25;attack:2;1:leer|1:quick_attack|6:focus_energy|11:pursuit|16:false_swipe|21:agility|26:metal_claw|31:slash|36:swords_dance|41:double_team|46:fury_cutter;aerial_ace|attract|cut|double_team|facade|frustration|hidden_power|hyper_beam|protect|rain_dance|rest|return|rock_smash|sandstorm|secret_power|steel_wing|strength|sunny_day|thief|toxic;counter|double_edge|endure|fury_cutter|mimic|sleep_talk|snore|substitute|swagger|swift|swords_dance;;bug;;;212;Tenaza;1,8;118;rojo;50;no;Las pinzas que posee tienen acero. Con ellas, no hay nada que se le resista. Rompen todo lo que pillan.
shuckle;Shuckle;bug|rock;20;10;230;10;230;5;sturdy;;;medium_slow;177;190;defense:1|sp_defense:1;1:constrict|1:withdraw|9:wrap|14:encore|23:safeguard|28:bide|37:rest;attract|dig|double_team|earthquake|facade|flash|frustration|hidden_power|protect|rest|return|rock_smash|rock_tomb|safeguard|sandstorm|secret_power|sludge_bomb|strength|sunny_day|toxic;body_slam|defense_curl|double_edge|endure|mimic|mud_slap|rock_slide|rollout|sleep_talk|snore|substitute|swagger;sweet_scent;bug;;;213;Moho;0,6;20,5;amarillo;50;no;Las bayas que almacena en su caparazón con forma de tarro se convierten al final en un espeso zumo.
heracross;Heracross;bug|fighting;80;125;75;40;95;85;swarm;guts;;slow;175;45;attack:2;1:leer|1:tackle|6:horn_attack|11:endure|17:fury_attack|23:brick_break|30:counter|37:take_down|45:reversal|53:megahorn;attract|brick_break|bulk_up|cut|dig|double_team|earthquake|facade|focus_punch|frustration|hidden_power|hyper_beam|protect|rain_dance|rest|return|rock_smash|rock_tomb|secret_power|strength|sunny_day|thief|toxic;body_slam|counter|double_edge|endure|fury_cutter|mimic|rock_slide|seismic_toss|sleep_talk|snore|substitute|swagger|swords_dance;bide|false_swipe|flail|harden;bug;;;214;Cuerno;1,5;54;azul;50;no;Este fuerte Pokémon clava su preciado cuerno en la tripa del enemigo, lo eleva y luego lo arroja.
sneasel;Sneasel;dark|ice;55;95;55;35;75;115;inner_focus;keen_eye;;medium_slow;86;60;speed:1;1:leer|1:scratch|1:taunt|8:quick_attack|15:screech|22:feint_attack|29:fury_swipes|36:agility|43:icy_wind|50:slash|57:beat_up|64:metal_claw;aerial_ace|attract|blizzard|brick_break|calm_mind|cut|dig|double_team|facade|focus_punch|frustration|hail|hidden_power|ice_beam|iron_tail|protect|rain_dance|rest|return|rock_smash|secret_power|shadow_ball|snatch|strength|sunny_day|surf|taunt|thief|torment|toxic;counter|defense_curl|double_edge|dream_eater|dynamic_punch|endure|fury_cutter|ice_punch|icy_wind|mimic|mud_slap|psych_up|sleep_talk|snore|substitute|swagger|swift|swords_dance;bite|counter|crush_claw|fake_out|foresight|reflect|spite;ground;;;215;Garra Filo;0,9;28;negro;50;no;Se alimenta de huevos robados en nidos. Clava sus afiladas garras en los puntos débiles de sus rivales.
teddiursa;Teddiursa;normal;60;80;50;50;50;40;pickup;;;medium_fast;66;120;attack:1;1:leer|1:scratch|7:lick|13:fury_swipes|19:fake_tears|25:feint_attack|31:rest|37:slash|43:snore|49:thrash;aerial_ace|attract|brick_break|bulk_up|cut|dig|double_team|earthquake|facade|focus_punch|frustration|hidden_power|protect|rain_dance|rest|return|roar|rock_smash|secret_power|strength|sunny_day|taunt|thief|torment|toxic;body_slam|counter|defense_curl|double_edge|dynamic_punch|endure|fire_punch|fury_cutter|ice_punch|mega_kick|mega_punch|metronome|mimic|mud_slap|rollout|seismic_toss|sleep_talk|snore|substitute|swagger|swift|swords_dance|thunder_punch;counter|crunch|fake_tears|metal_claw|seismic_toss|sleep_talk|take_down|yawn;ground;ursaring@30;;216;Osito;0,6;8,8;marrón;50;no;Si encuentra miel, brillará la marca de su frente. Se lame las garras cuando están llenas de miel.
ursaring;Ursaring;normal;90;130;75;75;75;55;guts;;;medium_fast;175;60;attack:2;1:fury_swipes|1:leer|1:lick|1:scratch|7:lick|13:fury_swipes|19:fake_tears|25:feint_attack|31:rest|37:slash|43:snore|49:thrash;aerial_ace|attract|brick_break|bulk_up|cut|dig|double_team|earthquake|facade|focus_punch|frustration|hidden_power|hyper_beam|protect|rain_dance|rest|return|roar|rock_smash|rock_tomb|secret_power|strength|sunny_day|taunt|thief|torment|toxic;body_slam|counter|defense_curl|double_edge|dynamic_punch|endure|fire_punch|fury_cutter|ice_punch|mega_kick|mega_punch|metronome|mimic|mud_slap|rock_slide|rollout|seismic_toss|sleep_talk|snore|substitute|swagger|swift|swords_dance|thunder_punch;;ground;;;217;Hibernante;1,8;125,8;marrón;50;no;Capaz de percibir cualquier tipo de aroma, encuentra sin problemas todo alimento enterrado bajo tierra.
slugma;Slugma;fire;40;40;40;70;40;20;magma_armor;flame_body;;medium_fast;50;190;sp_attack:1;1:smog|1:yawn|8:ember|15:rock_throw|22:harden|29:amnesia|36:flamethrower|43:rock_slide|50:body_slam;attract|double_team|facade|fire_blast|flamethrower|frustration|hidden_power|light_screen|overheat|protect|reflect|rest|return|rock_smash|secret_power|sunny_day|toxic;body_slam|defense_curl|double_edge|endure|mimic|mud_slap|rock_slide|rollout|sleep_talk|snore|substitute|swagger;acid_armor|heat_wave;indeterminate;magcargo@38;;218;Lava;0,7;35;rojo;50;no;Asiduo a las zonas volcánicas, se desliza lentamente en busca de lugares calientes.
magcargo;Magcargo;fire|rock;50;50;120;80;80;30;magma_armor;flame_body;;medium_fast;151;75;defense:2;1:ember|1:rock_throw|1:smog|1:yawn|8:ember|15:rock_throw|22:harden|29:amnesia|36:flamethrower|48:rock_slide|60:body_slam;attract|double_team|earthquake|facade|fire_blast|flamethrower|frustration|hidden_power|hyper_beam|light_screen|overheat|protect|reflect|rest|return|rock_smash|rock_tomb|sandstorm|secret_power|strength|sunny_day|toxic;body_slam|defense_curl|double_edge|endure|mimic|mud_slap|rock_slide|rollout|sleep_talk|snore|substitute|swagger;;indeterminate;;;219;Lava;0,8;55;rojo;50;no;En ocasiones, su resbaladiza concha lanza intensas llamaradas que recorren todo su cuerpo.
swinub;Swinub;ice|ground;50;50;40;30;30;50;oblivious;;;slow;50;225;attack:1;1:odor_sleuth|1:tackle|10:powder_snow|19:endure|28:take_down|37:mist|46:blizzard|55:amnesia;attract|blizzard|dig|double_team|earthquake|facade|frustration|hail|hidden_power|ice_beam|light_screen|protect|rain_dance|reflect|rest|return|roar|rock_smash|rock_tomb|sandstorm|secret_power|strength|toxic;body_slam|defense_curl|double_edge|endure|icy_wind|mimic|mud_slap|rock_slide|sleep_talk|snore|substitute|swagger;ancient_power|bite|body_slam|double_edge|icicle_spear|mud_shot|rock_slide|take_down;ground;piloswine@33;;220;Cerdo;0,4;6,5;marrón;50;no;Frota su hocico contra el suelo para desenterrar comida. A veces descubre aguas termales.
piloswine;Piloswine;ice|ground;100;100;80;60;60;50;oblivious;;;slow;158;75;hp:1|attack:1;1:endure|1:horn_attack|1:odor_sleuth|1:powder_snow|10:powder_snow|19:endure|28:take_down|33:fury_attack|42:mist|56:blizzard|70:amnesia;attract|blizzard|dig|double_team|earthquake|facade|frustration|hail|hidden_power|hyper_beam|ice_beam|light_screen|protect|rain_dance|reflect|rest|return|roar|rock_smash|rock_tomb|sandstorm|secret_power|strength|toxic;body_slam|defense_curl|double_edge|endure|icy_wind|mimic|mud_slap|rock_slide|sleep_talk|snore|substitute|swagger;;ground;;;221;Puerco;1,1;55,8;marrón;50;no;Aunque tiene las patas cortas, las fuertes pezuñas le permiten agarrarse bien al suelo, a pesar del hielo.
corsola;Corsola;water|rock;55;55;85;65;85;35;hustle;natural_cure;;fast;144;60;defense:1|sp_defense:1;1:tackle|6:harden|12:bubble|17:recover|17:refresh|23:bubble_beam|28:spike_cannon|34:rock_blast|39:mirror_coat|45:ancient_power;attract|blizzard|calm_mind|dig|double_team|earthquake|facade|frustration|hail|hidden_power|ice_beam|light_screen|protect|psychic|rain_dance|reflect|rest|return|rock_smash|rock_tomb|safeguard|sandstorm|secret_power|shadow_ball|strength|sunny_day|surf|toxic|water_pulse;body_slam|defense_curl|double_edge|endure|explosion|mimic|mud_slap|rock_slide|rollout|sleep_talk|snore|substitute|swagger;amnesia|barrier|confuse_ray|icicle_spear|ingrain|mist|rock_slide|screech;water1|water3;;;222;Coral;0,6;5;rosa;75;no;Crece y muda continuamente. La parte superior de su cabeza es muy apreciada por su belleza.
remoraid;Remoraid;water;35;65;35;65;35;65;hustle;;;medium_fast;60;190;sp_attack:1;1:water_gun|11:lock_on|22:aurora_beam|22:bubble_beam|22:psybeam|33:focus_energy|44:ice_beam|55:hyper_beam;attract|blizzard|dive|double_team|facade|fire_blast|flamethrower|frustration|hidden_power|hyper_beam|ice_beam|protect|psychic|rain_dance|rest|return|secret_power|sunny_day|surf|thief|toxic|water_pulse|waterfall;defense_curl|double_edge|endure|mimic|mud_slap|sleep_talk|snore|substitute|swagger|swift|thunder_wave;aurora_beam|haze|octazooka|rock_blast|screech|supersonic|thunder_wave;water1|water2;octillery@25;;223;Reactor;0,6;12;gris;50;no;Tiene muy buena puntería. Dispara agua a sus presas, hasta si se están moviendo, a más de 100 metros.
octillery;Octillery;water;75;105;75;105;75;45;suction_cups;;;medium_fast;168;75;attack:1|sp_attack:1;1:water_gun|11:constrict|22:aurora_beam|22:bubble_beam|22:psybeam|25:octazooka|38:focus_energy|54:ice_beam|70:hyper_beam;attract|blizzard|bullet_seed|dive|double_team|facade|fire_blast|flamethrower|frustration|hidden_power|hyper_beam|ice_beam|protect|psychic|rain_dance|rest|return|secret_power|sludge_bomb|sunny_day|surf|thief|toxic|water_pulse|waterfall;defense_curl|double_edge|endure|mimic|mud_slap|seismic_toss|sleep_talk|snore|substitute|swagger|swift|thunder_wave;;water1|water2;;;224;Reactor;0,9;28,5;rojo;50;no;Tiene querencia por los agujeros. Ataca escupiendo tinta metido en las grietas de rocas o en recipientes.
delibird;Delibird;ice|flying;45;55;45;65;45;75;vital_spirit;hustle;;fast;116;45;speed:1;1:present;aerial_ace|attract|blizzard|double_team|facade|fly|focus_punch|frustration|hail|hidden_power|ice_beam|protect|rain_dance|rest|return|secret_power|thief|toxic|water_pulse;body_slam|counter|double_edge|endure|icy_wind|mega_kick|mega_punch|mimic|mud_slap|seismic_toss|sleep_talk|snore|substitute|swagger|swift;aurora_beam|future_sight|ice_ball|quick_attack|rapid_spin|splash;water1|ground;;;225;Reparto;0,9;16;rojo;50;no;Transporta alimentos en su cola enrollada. Le gusta compartir su comida con los montañistas perdidos.
mantine;Mantine;water|flying;65;40;70;80;140;70;swift_swim;water_absorb;;slow;170;25;sp_defense:2;1:bubble|1:tackle|8:supersonic|15:bubble_beam|22:take_down|29:agility|36:wing_attack|43:water_pulse|50:confuse_ray;aerial_ace|attract|blizzard|dive|double_team|earthquake|facade|frustration|hail|hidden_power|ice_beam|protect|rain_dance|rest|return|secret_power|surf|toxic|water_pulse|waterfall;body_slam|double_edge|endure|icy_wind|mimic|mud_slap|sleep_talk|snore|substitute|swagger|swift;haze|hydro_pump|mud_sport|rock_slide|slam|twister;water1;;;226;Milano;2,1;220;morado;50;no;Acumula velocidad nadando y puede saltar fuera del agua, alcanzando 100 metros de altura, para descender luego planeando.
skarmory;Skarmory;steel|flying;65;80;140;40;70;70;keen_eye;sturdy;;slow;163;25;defense:2;1:leer|1:peck|10:sand_attack|13:swift|16:agility|26:fury_attack|29:air_cutter|32:steel_wing|42:spikes|45:metal_sound;aerial_ace|attract|cut|double_team|facade|fly|frustration|hidden_power|protect|rest|return|roar|rock_smash|sandstorm|secret_power|steel_wing|sunny_day|taunt|thief|torment|toxic;counter|double_edge|endure|mimic|mud_slap|rock_slide|sleep_talk|snore|substitute|swagger|swift;curse|drill_peck|pursuit|sky_attack|whirlwind;flying;;;227;Coraza Ave;1,7;50,5;gris;50;no;Después de anidar en zarzas, las alas de sus polluelos crecen fortalecidas por los rasguños.
houndour;Houndour;dark|fire;45;60;30;80;50;65;early_bird;flash_fire;;slow;66;120;sp_attack:1;1:ember|1:leer|7:howl|13:smog|19:roar|25:bite|31:odor_sleuth|37:feint_attack|43:flamethrower|49:crunch;attract|double_team|facade|fire_blast|flamethrower|frustration|hidden_power|iron_tail|overheat|protect|rest|return|roar|rock_smash|secret_power|shadow_ball|sludge_bomb|snatch|solar_beam|sunny_day|taunt|thief|torment|toxic;body_slam|counter|double_edge|dream_eater|endure|mimic|mud_slap|sleep_talk|snore|substitute|swagger|swift;beat_up|counter|fire_spin|pursuit|rage|reversal|spite|will_o_wisp;ground;houndoom@24;;228;Siniestro;0,6;10,8;negro;50;no;Al amanecer, resuena por la zona su inquietante aullido para anunciar que es su territorio.
houndoom;Houndoom;dark|fire;75;90;50;110;80;95;early_bird;flash_fire;;slow;175;45;sp_attack:2;1:ember|1:howl|1:leer|7:howl|13:smog|19:roar|27:bite|35:odor_sleuth|43:feint_attack|51:flamethrower|59:crunch;attract|double_team|facade|fire_blast|flamethrower|frustration|hidden_power|hyper_beam|iron_tail|overheat|protect|rest|return|roar|rock_smash|secret_power|shadow_ball|sludge_bomb|snatch|solar_beam|strength|sunny_day|taunt|thief|torment|toxic;body_slam|counter|double_edge|dream_eater|endure|mimic|mud_slap|sleep_talk|snore|substitute|swagger|swift;;ground;;;229;Siniestro;1,4;35;negro;50;no;Hace mucho, la gente creía que sus horripilantes aullidos eran de la muerte personificada.
kingdra;Kingdra;water|dragon;75;95;95;95;95;85;swift_swim;;;medium_fast;243;45;attack:1|sp_attack:1|sp_defense:1;1:bubble|1:leer|1:smokescreen|1:water_gun|8:smokescreen|15:leer|22:water_gun|29:twister|40:agility|51:hydro_pump|62:dragon_dance;attract|blizzard|dive|double_team|facade|frustration|hail|hidden_power|hyper_beam|ice_beam|protect|rain_dance|rest|return|secret_power|surf|toxic|water_pulse|waterfall;body_slam|double_edge|endure|icy_wind|mimic|sleep_talk|snore|substitute|swagger|swift;;water1|dragon;;;230;Dragón;1,8;152;azul;50;no;Dicen que suele esconderse en cuevas submarinas. Puede crear torbellinos al bostezar.
phanpy;Phanpy;ground;90;60;60;40;40;40;pickup;;;medium_fast;66;120;hp:1;1:growl|1:odor_sleuth|1:tackle|9:defense_curl|17:flail|25:take_down|33:rollout|41:endure|49:double_edge;attract|double_team|earthquake|facade|frustration|hidden_power|iron_tail|protect|rest|return|roar|rock_smash|rock_tomb|sandstorm|secret_power|strength|sunny_day|toxic;body_slam|counter|defense_curl|double_edge|endure|mimic|mud_slap|rollout|sleep_talk|snore|substitute|swagger;ancient_power|body_slam|counter|fissure|focus_energy|snore;ground;donphan@25;;231;Narizotas;0,5;33,5;azul;50;no;Como muestra de afecto, golpea con su trompa. Aunque es tan fuerte que te mandará lejos.
donphan;Donphan;ground;90;120;120;60;60;50;sturdy;;;medium_fast;175;60;attack:1|defense:1;1:growl|1:horn_attack|1:odor_sleuth|9:defense_curl|17:flail|25:fury_attack|33:rollout|41:rapid_spin|49:earthquake;attract|double_team|earthquake|facade|frustration|hidden_power|hyper_beam|iron_tail|protect|rest|return|roar|rock_smash|rock_tomb|sandstorm|secret_power|strength|sunny_day|toxic;body_slam|counter|defense_curl|double_edge|endure|mimic|mud_slap|rock_slide|rollout|sleep_talk|snore|substitute|swagger;;ground;;;232;Coraza;1,1;120;gris;50;no;Tiene afilados y duros colmillos, y una gruesa piel. Su Placaje es tan fuerte que puede derribar una casa.
porygon2;Porygon2;normal;85;80;90;105;95;60;trace;;;medium_fast;180;45;sp_attack:2;1:conversion|1:conversion_2|1:tackle|9:agility|12:psybeam|20:recover|24:defense_curl|32:lock_on|36:tri_attack|44:recycle|48:zap_cannon;aerial_ace|blizzard|double_team|facade|flash|frustration|hidden_power|hyper_beam|ice_beam|iron_tail|protect|psychic|rain_dance|rest|return|secret_power|shadow_ball|shock_wave|solar_beam|sunny_day|thief|thunder|thunderbolt|toxic;defense_curl|double_edge|dream_eater|endure|icy_wind|mimic|psych_up|sleep_talk|snore|substitute|swagger|swift|thunder_wave;;mineral;;;233;Virtual;0,6;32,5;rojo;sin_genero;no;La investigación mejoró sus habilidades. A veces, puede actuar de forma no programada.
stantler;Stantler;normal;73;95;62;85;65;85;intimidate;;;slow;163;45;attack:1;1:tackle|7:leer|13:astonish|19:hypnosis|25:stomp|31:sand_attack|37:take_down|43:confuse_ray|49:calm_mind;attract|calm_mind|double_team|earthquake|facade|flash|frustration|hidden_power|iron_tail|light_screen|protect|psychic|rain_dance|reflect|rest|return|roar|secret_power|shadow_ball|shock_wave|skill_swap|solar_beam|sunny_day|thief|thunder|thunderbolt|toxic;body_slam|double_edge|dream_eater|endure|mimic|mud_slap|psych_up|sleep_talk|snore|substitute|swagger|swift|thunder_wave;bite|disable|extrasensory|psych_up|spite|swagger;ground;;;234;Gran Cuerno;1,4;71,2;marrón;50;no;Mirar a su cornamenta provoca una extraña sensación de pérdida de equilibrio.
smeargle;Smeargle;normal;55;20;35;20;45;75;own_tempo;;;fast;88;45;speed:1;1:sketch|11:sketch|21:sketch|31:sketch|41:sketch|51:sketch|61:sketch|71:sketch|81:sketch|91:sketch;;;;ground;;;235;Pintor;1,2;58;blanco;50;no;Marca su territorio usando su cola a modo de pincel. Ha hecho más de 5000 marcas diferentes.
tyrogue;Tyrogue;fighting;35;35;35;35;35;35;guts;;;medium_fast;42;75;attack:1;1:tackle;attract|brick_break|bulk_up|double_team|earthquake|facade|frustration|hidden_power|protect|rain_dance|rest|return|rock_smash|secret_power|strength|sunny_day|thief|toxic;body_slam|counter|double_edge|endure|mega_kick|mimic|mud_slap|rock_slide|seismic_toss|sleep_talk|snore|substitute|swagger|swift;helping_hand|high_jump_kick|mach_punch|mind_reader|rapid_spin;no_eggs;hitmonlee@20+stats:atq>def | hitmonchan@20+stats:atq<def | hitmontop@20+stats:atq=def;;236;Peleón;0,7;21;morado;0;no;Ataca siempre con mucha energía. Para fortalecerse a sí mismo, sigue luchando aunque pierda.
hitmontop;Hitmontop;fighting;50;95;95;35;110;70;intimidate;;;medium_fast;159;45;sp_defense:2;1:revenge|1:rolling_kick|7:focus_energy|13:pursuit|19:quick_attack|20:triple_kick|25:rapid_spin|31:counter|37:agility|43:detect|49:endeavor;attract|brick_break|bulk_up|dig|double_team|earthquake|facade|frustration|hidden_power|protect|rain_dance|rest|return|rock_smash|sandstorm|secret_power|strength|sunny_day|thief|toxic;body_slam|counter|double_edge|endure|mega_kick|mimic|mud_slap|rock_slide|seismic_toss|sleep_talk|snore|substitute|swagger|swift;;humanshape;;;237;Boca Abajo;1,4;48;marrón;0;no;Gira a gran velocidad al luchar. La fuerza centrífuga multiplica su poder de destrucción por diez.
smoochum;Smoochum;ice|psychic;45;30;15;85;65;65;oblivious;;;medium_fast;61;45;sp_attack:1;1:lick|1:pound|9:sweet_kiss|13:powder_snow|21:confusion|25:sing|33:mean_look|37:fake_tears|45:psychic|49:perish_song|57:blizzard;attract|blizzard|calm_mind|double_team|facade|flash|frustration|hail|hidden_power|ice_beam|light_screen|protect|psychic|rain_dance|reflect|rest|return|secret_power|shadow_ball|skill_swap|thief|toxic|water_pulse;body_slam|counter|double_edge|dream_eater|dynamic_punch|endure|ice_punch|icy_wind|mega_kick|mega_punch|metronome|mimic|mud_slap|psych_up|seismic_toss|sleep_talk|snore|substitute|swagger;fake_out|ice_punch|meditate|psych_up|wish;no_eggs;jynx@30;;238;Beso;0,4;6;rosa;100;no;Sus labios son la parte más sensible de su cuerpo. Siempre los usa para examinar las cosas.
elekid;Elekid;electric;45;63;37;65;55;95;static;;;medium_fast;72;45;speed:1;1:leer|1:quick_attack|9:thunder_punch|17:light_screen|25:swift|33:screech|41:thunderbolt|49:thunder;attract|brick_break|double_team|facade|flash|focus_punch|frustration|hidden_power|light_screen|protect|psychic|rain_dance|rest|return|rock_smash|secret_power|shock_wave|thief|thunder|thunderbolt|toxic;body_slam|counter|double_edge|dynamic_punch|endure|fire_punch|ice_punch|mega_kick|mega_punch|mimic|mud_slap|seismic_toss|sleep_talk|snore|substitute|swagger|swift|thunder_punch|thunder_wave;barrier|cross_chop|fire_punch|ice_punch|karate_chop|meditate|rolling_kick;no_eggs;electabuzz@30;;239;Eléctrico;0,6;23,5;amarillo;25;no;Genera electricidad girando los brazos. No obstante, es incapaz de almacenar la energía creada.
magby;Magby;fire;45;75;37;70;55;83;flame_body;;;medium_fast;73;45;speed:1;1:ember|7:leer|13:smog|19:fire_punch|25:smokescreen|31:sunny_day|37:flamethrower|43:confuse_ray|49:fire_blast;attract|brick_break|double_team|facade|fire_blast|flamethrower|focus_punch|frustration|hidden_power|iron_tail|protect|psychic|rest|return|rock_smash|secret_power|sunny_day|thief|toxic;body_slam|counter|double_edge|dynamic_punch|endure|fire_punch|mega_kick|mega_punch|mimic|mud_slap|seismic_toss|sleep_talk|snore|substitute|swagger|thunder_punch;barrier|cross_chop|karate_chop|mega_punch|screech|thunder_punch;no_eggs;magmar@30;;240;Ascuas;0,7;21,4;rojo;25;no;Es pequeño, pero su cuerpo puede llegar a alcanzar 600 °C. Cuando inspira y espira, expulsa llamas por la nariz y por la boca.
miltank;Miltank;normal;95;80;105;40;70;100;thick_fat;;;slow;172;45;defense:2;1:tackle|4:growl|8:defense_curl|13:stomp|19:milk_drink|26:bide|34:rollout|43:body_slam|53:heal_bell;attract|blizzard|brick_break|double_team|earthquake|facade|focus_punch|frustration|hidden_power|hyper_beam|ice_beam|iron_tail|protect|rain_dance|rest|return|rock_smash|rock_tomb|sandstorm|secret_power|shadow_ball|shock_wave|solar_beam|strength|sunny_day|surf|thunder|thunderbolt|toxic|water_pulse;body_slam|counter|defense_curl|double_edge|dynamic_punch|endure|fire_punch|ice_punch|icy_wind|mega_kick|mega_punch|metronome|mimic|mud_slap|psych_up|rock_slide|rollout|seismic_toss|sleep_talk|snore|substitute|swagger|thunder_punch|thunder_wave;curse|endure|helping_hand|present|psych_up|reversal|seismic_toss|sleep_talk;ground;;;241;Lechera;1,2;75,5;rosa;100;no;Si tiene crías, la leche que produce contiene muchos más nutrientes de lo normal.
blissey;Blissey;normal;255;10;10;75;135;55;natural_cure;serene_grace;;fast;608;30;hp:3;1:growl|1:pound|4:tail_whip|7:refresh|10:soft_boiled|13:double_slap|18:minimize|23:sing|28:egg_bomb|33:defense_curl|40:light_screen|47:double_edge;attract|blizzard|brick_break|calm_mind|double_team|earthquake|facade|fire_blast|flamethrower|flash|focus_punch|frustration|hail|hidden_power|hyper_beam|ice_beam|iron_tail|light_screen|protect|psychic|rain_dance|rest|return|rock_smash|rock_tomb|safeguard|sandstorm|secret_power|shadow_ball|shock_wave|skill_swap|snatch|solar_beam|strength|sunny_day|thunder|thunderbolt|toxic|water_pulse;body_slam|counter|defense_curl|double_edge|dream_eater|dynamic_punch|endure|icy_wind|mega_kick|mega_punch|metronome|mimic|mud_slap|rollout|seismic_toss|sleep_talk|snore|soft_boiled|substitute|swagger|thunder_wave;;fairy;;;242;Felicidad;1,5;46,8;rosa;100;no;Los huevos que pone están llenos de felicidad. Solo con probar un poquito de uno, cualquiera sonríe.
raikou;Raikou;electric;90;85;75;115;100;115;pressure;;;slow;261;3;sp_attack:1|speed:2;1:bite|1:leer|11:thunder_shock|21:roar|31:quick_attack|41:spark|51:reflect|61:crunch|71:thunder|81:calm_mind;calm_mind|cut|dig|double_team|facade|flash|frustration|hidden_power|hyper_beam|iron_tail|protect|rain_dance|reflect|rest|return|roar|rock_smash|sandstorm|secret_power|shock_wave|strength|sunny_day|thunder|thunderbolt|toxic;body_slam|double_edge|endure|mimic|mud_slap|psych_up|sleep_talk|snore|substitute|swagger|swift|thunder_wave;;no_eggs;;;243;Trueno;1,9;178;amarillo;sin_genero;si;Las nubes de lluvia que lleva le permiten lanzar rayos a voluntad. Dicen que apareció con un rayo.
entei;Entei;fire;115;115;85;90;75;100;pressure;;;slow;261;3;hp:1|attack:2;1:bite|1:leer|11:ember|21:roar|31:fire_spin|41:stomp|51:flamethrower|61:swagger|71:fire_blast|81:calm_mind;calm_mind|cut|dig|double_team|facade|fire_blast|flamethrower|flash|frustration|hidden_power|hyper_beam|iron_tail|protect|rain_dance|reflect|rest|return|roar|rock_smash|sandstorm|secret_power|solar_beam|strength|sunny_day|toxic;body_slam|double_edge|endure|mimic|mud_slap|psych_up|sleep_talk|snore|substitute|swagger|swift;;no_eggs;;;244;Volcán;2,1;198;marrón;sin_genero;si;Un Pokémon que corre por la tierra. Dicen que siempre nace uno cuando aparece un nuevo volcán.
suicune;Suicune;water;100;75;115;90;115;85;pressure;;;slow;261;3;defense:1|sp_defense:2;1:bite|1:leer|11:bubble_beam|21:rain_dance|31:gust|41:aurora_beam|51:mist|61:mirror_coat|71:hydro_pump|81:calm_mind;blizzard|calm_mind|cut|dig|dive|double_team|facade|frustration|hail|hidden_power|hyper_beam|ice_beam|iron_tail|protect|rain_dance|reflect|rest|return|roar|rock_smash|sandstorm|secret_power|sunny_day|surf|toxic|water_pulse|waterfall;body_slam|double_edge|endure|icy_wind|mimic|mud_slap|psych_up|sleep_talk|snore|substitute|swagger|swift;;no_eggs;;;245;Aurora;2;187;azul;sin_genero;si;Recorre el mundo para purificar agua contaminada. Corre veloz con el viento del norte.
larvitar;Larvitar;rock|ground;50;64;50;45;50;41;guts;;;slow;60;45;attack:1;1:bite|1:leer|8:sandstorm|15:screech|22:rock_slide|29:thrash|36:scary_face|43:crunch|50:earthquake|57:hyper_beam;attract|brick_break|dig|double_team|earthquake|facade|frustration|hidden_power|hyper_beam|protect|rain_dance|rest|return|rock_smash|sandstorm|secret_power|sunny_day|taunt|torment|toxic;body_slam|double_edge|endure|mimic|mud_slap|rock_slide|sleep_talk|snore|substitute|swagger;ancient_power|curse|dragon_dance|focus_energy|outrage|pursuit|stomp;monster;pupitar@30;;246;Piel Roca;0,6;72;verde;50;no;Se alimenta de tierra. Después de comer una gran montaña, se duerme y empieza a crecer.
pupitar;Pupitar;rock|ground;70;84;70;65;70;51;shed_skin;;;slow;144;45;attack:2;1:bite|1:leer|1:sandstorm|1:screech|8:sandstorm|15:screech|22:rock_slide|29:thrash|38:scary_face|47:crunch|56:earthquake|65:hyper_beam;attract|brick_break|dig|double_team|earthquake|facade|frustration|hidden_power|hyper_beam|protect|rain_dance|rest|return|rock_smash|sandstorm|secret_power|sunny_day|taunt|torment|toxic;body_slam|double_edge|endure|mimic|mud_slap|rock_slide|sleep_talk|snore|substitute|swagger;;monster;tyranitar@55;;247;Caparazón;1,2;152;gris;50;no;Su cuerpo es duro como la roca. Se autopropulsa como un cohete soltando los gases de su interior.
tyranitar;Tyranitar;rock|dark;100;134;110;95;100;61;sand_stream;;;slow;270;45;attack:3;1:bite|1:leer|1:sandstorm|1:screech|8:sandstorm|15:screech|22:rock_slide|29:thrash|38:scary_face|47:crunch|61:earthquake|75:hyper_beam;aerial_ace|attract|blizzard|brick_break|cut|dig|double_team|dragon_claw|earthquake|facade|fire_blast|flamethrower|focus_punch|frustration|hidden_power|hyper_beam|ice_beam|iron_tail|protect|rain_dance|rest|return|roar|rock_smash|rock_tomb|sandstorm|secret_power|shock_wave|strength|sunny_day|surf|taunt|thunder|thunderbolt|torment|toxic|water_pulse;body_slam|counter|double_edge|dynamic_punch|endure|fire_punch|fury_cutter|mega_kick|mega_punch|mimic|mud_slap|rock_slide|seismic_toss|sleep_talk|snore|substitute|swagger|thunder_wave;;monster;;;248;Coraza;2;202;verde;50;no;En una de sus poderosas garras tiene el poder de hacer temblar la tierra y las montañas.
lugia;Lugia;psychic|flying;106;90;130;90;154;110;pressure;;;slow;306;3;sp_defense:3;1:whirlwind|11:safeguard|22:gust|33:recover|44:hydro_pump|55:rain_dance|66:swift|77:aeroblast|88:ancient_power|99:future_sight;aerial_ace|blizzard|calm_mind|dive|double_team|earthquake|facade|fly|frustration|giga_drain|hail|hidden_power|hyper_beam|ice_beam|iron_tail|light_screen|protect|psychic|rain_dance|reflect|rest|return|roar|rock_smash|safeguard|sandstorm|secret_power|shadow_ball|shock_wave|skill_swap|steel_wing|strength|sunny_day|surf|thunder|thunderbolt|toxic|water_pulse|waterfall;body_slam|double_edge|dream_eater|endure|icy_wind|mimic|mud_slap|psych_up|sleep_talk|snore|substitute|swagger|swift|thunder_wave;;no_eggs;;;249;Buceo;5,2;216;blanco;sin_genero;si;Duerme en una dorsal marina. Si bate sus alas, puede causar tormentas de 40 días.
ho_oh;Ho-Oh;fire|flying;106;130;90;110;154;90;pressure;;;slow;306;3;sp_defense:3;1:whirlwind|11:safeguard|22:gust|33:recover|44:fire_blast|55:sunny_day|66:swift|77:sacred_fire|88:ancient_power|99:future_sight;aerial_ace|calm_mind|double_team|earthquake|facade|fire_blast|flamethrower|flash|fly|frustration|giga_drain|hidden_power|hyper_beam|light_screen|overheat|protect|psychic|rain_dance|reflect|rest|return|roar|rock_smash|safeguard|sandstorm|secret_power|shadow_ball|shock_wave|solar_beam|steel_wing|strength|sunny_day|thunder|thunderbolt|toxic;double_edge|dream_eater|endure|mimic|mud_slap|psych_up|sleep_talk|snore|substitute|swagger|swift|thunder_wave;;no_eggs;;;250;Arcoíris;3,8;199;rojo;sin_genero;si;Cuenta la leyenda que brilla en siete colores. Dicen que deja un arcoíris tras de sí al volar.
celebi;Celebi;psychic|grass;100;100;100;100;100;100;natural_cure;;;medium_slow;270;45;hp:3;1:confusion|1:heal_bell|1:leech_seed|1:recover|10:safeguard|20:ancient_power|30:future_sight|40:baton_pass|50:perish_song;aerial_ace|calm_mind|cut|double_team|facade|flash|frustration|giga_drain|hidden_power|hyper_beam|light_screen|protect|psychic|rain_dance|reflect|rest|return|safeguard|sandstorm|secret_power|shadow_ball|shock_wave|skill_swap|solar_beam|sunny_day|toxic|water_pulse;defense_curl|double_edge|dream_eater|endure|metronome|mimic|mud_slap|psych_up|sleep_talk|snore|substitute|swagger|swift|swords_dance;;no_eggs;;;251;Viajetiempo;0,6;5;verde;sin_genero;si;Este Pokémon vaga por el tiempo. La hierba y los árboles crecen por los campos por donde pasa.
treecko;Treecko;grass;40;45;35;65;55;70;overgrow;;;medium_slow;62;45;speed:1;1:leer|1:pound|6:absorb|11:quick_attack|16:pursuit|21:screech|26:mega_drain|31:agility|36:slam|41:detect|46:giga_drain;aerial_ace|attract|brick_break|bullet_seed|cut|dig|double_team|facade|flash|focus_punch|frustration|giga_drain|hidden_power|iron_tail|protect|rest|return|rock_smash|rock_tomb|safeguard|secret_power|solar_beam|strength|sunny_day|toxic;body_slam|counter|double_edge|dynamic_punch|endure|fury_cutter|mega_kick|mega_punch|mimic|mud_slap|seismic_toss|sleep_talk|snore|substitute|swagger|swift|swords_dance|thunder_punch;crunch|crush_claw|dragon_breath|endeavor|leech_seed|mud_sport;monster|dragon;grovyle@16;;252;Geco Bosque;0,5;5;verde;12,5;no;Escala superficies verticales muy rápido. Con la cola detecta la humedad y prevé el tiempo que va a hacer.
grovyle;Grovyle;grass;50;65;45;85;65;95;overgrow;;;medium_slow;142;45;speed:2;1:absorb|1:leer|1:pound|1:quick_attack|6:absorb|11:quick_attack|16:fury_cutter|17:pursuit|23:screech|29:leaf_blade|35:agility|41:slam|47:detect|53:false_swipe;aerial_ace|attract|brick_break|bullet_seed|cut|dig|double_team|facade|flash|focus_punch|frustration|giga_drain|hidden_power|iron_tail|protect|rest|return|rock_smash|rock_tomb|safeguard|secret_power|solar_beam|strength|sunny_day|toxic;body_slam|counter|double_edge|dynamic_punch|endure|fury_cutter|mega_kick|mega_punch|mimic|mud_slap|seismic_toss|sleep_talk|snore|substitute|swagger|swift|swords_dance|thunder_punch;;monster|dragon;sceptile@36;;253;Geco Bosque;0,9;21,6;verde;12,5;no;Los desarrollados músculos que tiene en las extremidades inferiores le hacen ser muy ágil y le permiten dar grandes saltos.
sceptile;Sceptile;grass;70;85;65;105;85;120;overgrow;;;medium_slow;239;45;speed:3;1:absorb|1:leer|1:pound|1:quick_attack|6:absorb|11:quick_attack|16:fury_cutter|17:pursuit|23:screech|29:leaf_blade|35:agility|43:slam|51:detect|59:false_swipe;aerial_ace|attract|brick_break|bullet_seed|cut|dig|double_team|dragon_claw|earthquake|facade|flash|focus_punch|frustration|giga_drain|hidden_power|hyper_beam|iron_tail|protect|rest|return|roar|rock_smash|rock_tomb|safeguard|secret_power|solar_beam|strength|sunny_day|toxic;body_slam|counter|double_edge|dynamic_punch|endure|fury_cutter|mega_kick|mega_punch|mimic|mud_slap|seismic_toss|sleep_talk|snore|substitute|swagger|swift|swords_dance|thunder_punch;;monster|dragon;;;254;Monte;1,7;52,2;verde;12,5;no;Las hojas de sus brazos pueden cortar gruesos árboles. Invencible en los combates en la jungla.
torchic;Torchic;fire;45;60;40;70;50;45;blaze;;;medium_slow;62;45;sp_attack:1;1:growl|1:scratch|7:focus_energy|10:ember|16:peck|19:sand_attack|25:fire_spin|28:quick_attack|34:slash|37:mirror_move|43:flamethrower;aerial_ace|attract|cut|dig|double_team|facade|fire_blast|flamethrower|frustration|hidden_power|overheat|protect|rest|return|rock_smash|rock_tomb|secret_power|strength|sunny_day|toxic;body_slam|counter|double_edge|endure|mega_kick|mega_punch|mimic|mud_slap|rock_slide|seismic_toss|sleep_talk|snore|substitute|swagger|swift|swords_dance;counter|endure|reversal|rock_slide|smelling_salts|swagger;ground;combusken@16;;255;Polluelo;0,4;2,5;rojo;12,5;no;En su interior, guarda una llama que arde sin cesar. Si se le abraza, se nota que tiene una temperatura muy alta.
combusken;Combusken;fire|fighting;60;85;60;85;60;55;blaze;;;medium_slow;142;45;attack:1|sp_attack:1;1:ember|1:focus_energy|1:growl|1:scratch|7:focus_energy|13:ember|16:double_kick|17:peck|21:sand_attack|28:bulk_up|32:quick_attack|39:slash|43:mirror_move|50:sky_uppercut;aerial_ace|attract|brick_break|bulk_up|cut|dig|double_team|facade|fire_blast|flamethrower|focus_punch|frustration|hidden_power|overheat|protect|rest|return|rock_smash|rock_tomb|secret_power|strength|sunny_day|toxic;body_slam|counter|double_edge|dynamic_punch|endure|fire_punch|fury_cutter|mega_kick|mega_punch|mimic|mud_slap|rock_slide|seismic_toss|sleep_talk|snore|substitute|swagger|swift|swords_dance|thunder_punch;;ground;blaziken@36;;256;Ave Corral;0,9;19,5;rojo;12,5;no;Su habilidad le permite dar diez patadas por segundo. Lanza potentes gritos para intimidar.
blaziken;Blaziken;fire|fighting;80;120;70;110;70;80;blaze;;;medium_slow;239;45;attack:3;1:ember|1:fire_punch|1:focus_energy|1:growl|1:scratch|7:focus_energy|13:ember|16:double_kick|17:peck|21:sand_attack|28:bulk_up|32:quick_attack|36:blaze_kick|42:slash|49:mirror_move|59:sky_uppercut;aerial_ace|attract|brick_break|bulk_up|cut|dig|double_team|earthquake|facade|fire_blast|flamethrower|focus_punch|frustration|hidden_power|hyper_beam|overheat|protect|rest|return|roar|rock_smash|rock_tomb|secret_power|strength|sunny_day|toxic;body_slam|counter|double_edge|dynamic_punch|endure|fire_punch|fury_cutter|mega_kick|mega_punch|mimic|mud_slap|rock_slide|seismic_toss|sleep_talk|snore|substitute|swagger|swift|swords_dance|thunder_punch;;ground;;;257;Llameante;1,9;52;rojo;12,5;no;Puede saltar edificios de 30 plantas. Con sus golpes de fuego quema a sus rivales.
mudkip;Mudkip;water;50;70;50;50;50;40;torrent;;;medium_slow;62;45;attack:1;1:growl|1:tackle|6:mud_slap|10:water_gun|15:bide|19:foresight|24:mud_sport|28:take_down|33:whirlpool|37:protect|42:hydro_pump|46:endeavor;attract|blizzard|dig|dive|double_team|facade|frustration|hail|hidden_power|ice_beam|iron_tail|protect|rain_dance|rest|return|rock_smash|rock_tomb|secret_power|strength|surf|toxic|water_pulse|waterfall;body_slam|defense_curl|double_edge|endure|icy_wind|mimic|mud_slap|rollout|sleep_talk|snore|substitute|swagger;curse|ice_ball|mirror_coat|refresh|stomp|uproar;monster|water1;marshtomp@16;;258;Pez Lodo;0,4;7,6;azul;12,5;no;Tiene una larga cola que le propulsa por el agua con mucha potencia. A pesar de ser pequeño, tiene mucha fuerza.
marshtomp;Marshtomp;water|ground;70;85;70;60;70;50;torrent;;;medium_slow;142;45;attack:2;1:growl|1:mud_slap|1:tackle|1:water_gun|6:mud_slap|10:water_gun|15:bide|16:mud_shot|20:foresight|25:mud_sport|31:take_down|37:muddy_water|42:protect|46:earthquake|53:endeavor;attract|blizzard|dig|dive|double_team|earthquake|facade|frustration|hail|hidden_power|ice_beam|iron_tail|protect|rain_dance|rest|return|rock_smash|rock_tomb|secret_power|strength|surf|toxic|water_pulse|waterfall;body_slam|counter|defense_curl|double_edge|dynamic_punch|endure|ice_punch|icy_wind|mega_kick|mega_punch|mimic|mud_slap|rock_slide|rollout|seismic_toss|sleep_talk|snore|substitute|swagger;;monster|water1;swampert@36;;259;Pez Lodo;0,7;28;azul;12,5;no;Sus piernas robustas impiden que pierda el equilibrio y caiga, incluso en el barro. Duerme bajo la arena.
swampert;Swampert;water|ground;100;110;90;85;90;60;torrent;;;medium_slow;241;45;attack:3;1:growl|1:mud_slap|1:tackle|1:water_gun|6:mud_slap|10:water_gun|15:bide|16:mud_shot|20:foresight|25:mud_sport|31:take_down|39:muddy_water|46:protect|52:earthquake|61:endeavor;attract|blizzard|brick_break|dig|dive|double_team|earthquake|facade|focus_punch|frustration|hail|hidden_power|hyper_beam|ice_beam|iron_tail|protect|rain_dance|rest|return|roar|rock_smash|rock_tomb|secret_power|strength|surf|toxic|water_pulse|waterfall;body_slam|counter|defense_curl|double_edge|dynamic_punch|endure|ice_punch|icy_wind|mega_kick|mega_punch|mimic|mud_slap|rock_slide|rollout|seismic_toss|sleep_talk|snore|substitute|swagger;;monster|water1;;;260;Pez Lodo;1,5;81,9;azul;12,5;no;Con sus brazos duros como el acero puede partir rocas gigantescas en mil pedazos de un solo golpe.
poochyena;Poochyena;dark;35;55;35;30;30;35;run_away;;;medium_fast;56;255;attack:1;1:tackle|5:howl|9:sand_attack|13:bite|17:odor_sleuth|21:roar|25:swagger|29:scary_face|33:take_down|37:taunt|41:crunch|45:thief;attract|dig|double_team|facade|frustration|hidden_power|iron_tail|protect|rain_dance|rest|return|roar|rock_smash|secret_power|shadow_ball|snatch|sunny_day|taunt|thief|torment|toxic;body_slam|counter|double_edge|endure|mimic|mud_slap|psych_up|sleep_talk|snore|substitute|swagger;astonish|covet|leer|poison_fang|yawn;ground;mightyena@18;;261;Mordisco;0,5;13,6;gris;50;no;Es muy persistente. Si se fija en una presa, no la dejará hasta que caiga agotada.
mightyena;Mightyena;dark;70;90;70;60;60;70;intimidate;;;medium_fast;147;127;attack:2;1:bite|1:howl|1:sand_attack|1:tackle|5:howl|9:sand_attack|13:bite|17:odor_sleuth|22:roar|27:swagger|32:scary_face|37:take_down|42:taunt|47:crunch|52:thief;attract|dig|double_team|facade|frustration|hidden_power|hyper_beam|iron_tail|protect|rain_dance|rest|return|roar|rock_smash|secret_power|shadow_ball|snatch|strength|sunny_day|taunt|thief|torment|toxic;body_slam|counter|double_edge|endure|mimic|mud_slap|psych_up|sleep_talk|snore|substitute|swagger;;ground;;;262;Mordisco;1;37;gris;50;no;Siempre obedece a los buenos Entrenadores. Está acostumbrado a vivir en jaurías en estado salvaje.
zigzagoon;Zigzagoon;normal;38;30;41;30;41;60;pickup;;;medium_fast;56;255;speed:1;1:growl|1:tackle|5:tail_whip|9:headbutt|13:sand_attack|17:odor_sleuth|21:mud_sport|25:pin_missile|29:covet|33:flail|37:rest|41:belly_drum;attract|blizzard|cut|dig|double_team|facade|frustration|hidden_power|ice_beam|iron_tail|protect|rain_dance|rest|return|rock_smash|secret_power|shadow_ball|shock_wave|sunny_day|surf|thief|thunder|thunderbolt|toxic|water_pulse;body_slam|defense_curl|double_edge|endure|fury_cutter|icy_wind|mimic|mud_slap|rollout|sleep_talk|snore|substitute|swagger|swift|thunder_wave;charm|pursuit|substitute|tickle|trick;ground;linoone@20;;263;Mapachito;0,4;17,5;marrón;50;no;Se mueve en zigzag. Se le da bien encontrar objetos ocultos en la hierba e incluso enterrados.
linoone;Linoone;normal;78;70;61;50;61;100;pickup;;;medium_fast;147;90;speed:2;1:growl|1:headbutt|1:tackle|1:tail_whip|5:tail_whip|9:headbutt|13:sand_attack|17:odor_sleuth|23:mud_sport|29:fury_swipes|35:covet|41:slash|47:rest|53:belly_drum;attract|blizzard|cut|dig|double_team|facade|frustration|hidden_power|hyper_beam|ice_beam|iron_tail|protect|rain_dance|rest|return|roar|rock_smash|secret_power|shadow_ball|shock_wave|strength|sunny_day|surf|thief|thunder|thunderbolt|toxic|water_pulse;body_slam|defense_curl|double_edge|endure|fury_cutter|icy_wind|mimic|mud_slap|rollout|sleep_talk|snore|substitute|swagger|swift|thunder_wave;;ground;;;264;Lanzado;0,5;32,5;blanco;50;no;En línea recta corre a algo más de 100 km/h, pero no es tan hábil si hay curvas de por medio.
wurmple;Wurmple;bug;45;45;35;20;30;20;shield_dust;;;medium_fast;56;255;hp:1;1:string_shot|1:tackle|5:poison_sting;;;;bug;silcoon@7+azar:50 | cascoon@7+!azar:50;;265;Gusano;0,3;3,6;rojo;50;no;Le encanta comer hojas. Si le ataca un Starly, se defenderá con sus púas.
silcoon;Silcoon;bug;50;35;55;25;25;15;shed_skin;;;medium_fast;72;120;defense:2;1:harden|7:harden;;;;bug;beautifly@10;;266;Capullo;0,6;10;blanco;50;no;Se agarra con su seda a las ramas de un árbol y espera su evolución bebiendo agua de lluvia.
beautifly;Beautifly;bug|flying;60;70;50;90;50;65;swarm;;;medium_fast;178;45;sp_attack:3;1:absorb|10:absorb|13:gust|17:stun_spore|20:morning_sun|24:mega_drain|27:whirlwind|31:attract|34:silver_wind|38:giga_drain;aerial_ace|attract|double_team|facade|flash|frustration|giga_drain|hidden_power|hyper_beam|protect|psychic|rest|return|safeguard|secret_power|shadow_ball|solar_beam|sunny_day|thief|toxic;double_edge|endure|mimic|sleep_talk|snore|substitute|swagger|swift;;bug;;;267;Mariposa;1;28,4;amarillo;50;no;Los dibujos de sus coloridas alas son muy peculiares. Liba el néctar de las flores con su fina trompa.
cascoon;Cascoon;bug;50;35;55;25;25;15;shed_skin;;;medium_fast;72;120;defense:2;1:harden|7:harden;;;;bug;dustox@10;;268;Capullo;0,7;11,5;morado;50;no;Está formado por seda que se endurece poco a poco. Si se resquebraja el capullo, está a punto de evolucionar.
dustox;Dustox;bug|poison;60;50;70;50;90;65;shield_dust;;;medium_fast;173;45;sp_defense:3;1:confusion|10:confusion|13:gust|17:protect|20:moonlight|24:psybeam|27:whirlwind|31:light_screen|34:silver_wind|38:toxic;aerial_ace|attract|double_team|facade|flash|frustration|giga_drain|hidden_power|hyper_beam|light_screen|protect|psychic|rest|return|secret_power|shadow_ball|sludge_bomb|solar_beam|sunny_day|thief|toxic;double_edge|endure|mimic|sleep_talk|snore|substitute|swagger|swift;;bug;;;269;Polilla Ven.;1,2;31,6;verde;50;no;Pokémon nocturno. Atraído por las luces de la ciudad, se come las hojas y arbustos de las avenidas.
lotad;Lotad;water|grass;40;30;30;40;50;30;swift_swim;rain_dish;;medium_slow;44;255;sp_defense:1;1:astonish|3:growl|7:absorb|13:nature_power|21:mist|31:rain_dance|43:mega_drain;attract|blizzard|bullet_seed|double_team|facade|flash|frustration|giga_drain|hail|hidden_power|ice_beam|protect|rain_dance|rest|return|secret_power|solar_beam|sunny_day|surf|thief|toxic|water_pulse;body_slam|double_edge|endure|icy_wind|mimic|sleep_talk|snore|substitute|swagger|swords_dance;flail|leech_seed|razor_leaf|sweet_scent|synthesis|water_gun;water1|plant;lombre@14;;270;Lenteja Agua;0,5;2,6;verde;50;no;Parece una planta acuática. Hace de ferry para los Pokémon que no saben nadar.
lombre;Lombre;water|grass;60;50;50;60;70;50;swift_swim;rain_dish;;medium_slow;119;120;sp_defense:2;1:astonish|3:growl|7:absorb|13:nature_power|19:fake_out|25:fury_swipes|31:water_sport|37:thief|43:uproar|49:hydro_pump;attract|blizzard|brick_break|bullet_seed|dive|double_team|facade|flash|frustration|giga_drain|hail|hidden_power|ice_beam|protect|rain_dance|rest|return|rock_smash|secret_power|solar_beam|strength|sunny_day|surf|thief|toxic|water_pulse|waterfall;body_slam|double_edge|dynamic_punch|endure|fire_punch|ice_punch|icy_wind|mimic|mud_slap|sleep_talk|snore|substitute|swagger|swords_dance|thunder_punch;;water1|plant;ludicolo@objeto:water_stone;;271;Alegre;1,2;32,5;verde;50;no;Vive en el agua y, cuando hace sol, se queda en la orilla. De día duerme sobre las algas y de noche entra en acción.
ludicolo;Ludicolo;water|grass;80;70;70;90;100;70;swift_swim;rain_dish;;medium_slow;216;45;sp_defense:3;1:absorb|1:astonish|1:growl|1:nature_power;attract|blizzard|brick_break|bullet_seed|dive|double_team|facade|flash|focus_punch|frustration|giga_drain|hail|hidden_power|hyper_beam|ice_beam|protect|rain_dance|rest|return|rock_smash|secret_power|solar_beam|strength|sunny_day|surf|thief|toxic|water_pulse|waterfall;body_slam|counter|double_edge|dynamic_punch|endure|fire_punch|ice_punch|icy_wind|mega_kick|mega_punch|metronome|mimic|mud_slap|seismic_toss|sleep_talk|snore|substitute|swagger|swords_dance|thunder_punch;;water1|plant;;;272;Optimista;1,5;55;verde;50;no;Cuando oye música alegre, sus músculos se llenan de energía, y no puede evitar ponerse a bailar.
seedot;Seedot;grass;40;40;50;30;30;30;chlorophyll;early_bird;;medium_slow;44;255;defense:1;1:bide|3:harden|7:growth|13:nature_power|21:synthesis|31:sunny_day|43:explosion;attract|bullet_seed|dig|double_team|facade|flash|frustration|giga_drain|hidden_power|protect|rest|return|rock_smash|secret_power|shadow_ball|solar_beam|sunny_day|toxic;body_slam|defense_curl|double_edge|endure|explosion|mimic|rollout|sleep_talk|snore|substitute|swagger|swords_dance;amnesia|false_swipe|leech_seed|quick_attack|razor_wind|take_down;ground|plant;nuzleaf@14;;273;Bellota;0,5;4;marrón;50;no;Se cuelga de las ramas con el extremo de su cabeza. A veces se cae cuando soplan vientos fuertes.
nuzleaf;Nuzleaf;grass|dark;70;70;40;60;40;60;chlorophyll;early_bird;;medium_slow;119;120;attack:2;1:pound|3:harden|7:growth|13:nature_power|19:fake_out|25:torment|31:feint_attack|37:razor_wind|43:swagger|49:extrasensory;attract|brick_break|bullet_seed|cut|dig|double_team|facade|flash|frustration|giga_drain|hidden_power|hyper_beam|protect|rest|return|rock_smash|rock_tomb|secret_power|shadow_ball|solar_beam|strength|sunny_day|thief|torment|toxic;body_slam|defense_curl|double_edge|endure|explosion|fury_cutter|mega_kick|mimic|mud_slap|psych_up|rollout|sleep_talk|snore|substitute|swagger|swift|swords_dance;;ground|plant;shiftry@objeto:leaf_stone;;274;Astuto;1;28;marrón;50;no;Cuando usa la hoja de su cabeza como flauta, asusta a la gente. Vive en lo más profundo de los bosques.
shiftry;Shiftry;grass|dark;90;100;60;90;60;80;chlorophyll;early_bird;;medium_slow;216;45;attack:3;1:growth|1:harden|1:nature_power|1:pound;aerial_ace|attract|brick_break|bullet_seed|cut|dig|double_team|facade|flash|frustration|giga_drain|hidden_power|hyper_beam|protect|rest|return|rock_smash|rock_tomb|secret_power|shadow_ball|solar_beam|strength|sunny_day|thief|torment|toxic;body_slam|defense_curl|double_edge|endure|explosion|fury_cutter|mega_kick|mimic|mud_slap|psych_up|rollout|sleep_talk|snore|substitute|swagger|swift|swords_dance;;ground|plant;;;275;Malvado;1,3;59,6;marrón;50;no;Habita los bosques y se le tiene miedo. Es capaz de leer los pensamientos del rival y actuar en consecuencia.
taillow;Taillow;normal|flying;40;55;30;30;30;85;guts;;;medium_slow;54;200;speed:1;1:growl|1:peck|4:focus_energy|8:quick_attack|13:wing_attack|19:double_team|26:endeavor|34:aerial_ace|43:agility;aerial_ace|attract|double_team|facade|fly|frustration|hidden_power|protect|rain_dance|rest|return|secret_power|steel_wing|sunny_day|thief|toxic;counter|double_edge|endure|mimic|mud_slap|sleep_talk|snore|substitute|swagger|swift;mirror_move|pursuit|rage|refresh|sky_attack|supersonic;flying;swellow@22;;276;Pequebuche;0,3;2,3;azul;50;no;Es un Pokémon valiente que no teme a los rivales fuertes. Vuela en busca de climas templados.
swellow;Swellow;normal|flying;60;85;60;50;50;125;guts;;;medium_slow;159;45;speed:2;1:focus_energy|1:growl|1:peck|1:quick_attack|4:focus_energy|8:quick_attack|13:wing_attack|19:double_team|28:endeavor|38:aerial_ace|49:agility;aerial_ace|attract|double_team|facade|fly|frustration|hidden_power|hyper_beam|protect|rain_dance|rest|return|secret_power|steel_wing|sunny_day|thief|toxic;counter|double_edge|endure|mimic|mud_slap|sleep_talk|snore|substitute|swagger|swift;;flying;;;277;Buche;0,7;19,8;azul;50;no;Cuando se encuentra bien, pone firmes las plumas de la cola doble que tiene. Remonta el vuelo de forma muy elegante.
wingull;Wingull;water|flying;40;30;30;55;30;85;keen_eye;;;medium_fast;54;190;speed:1;1:growl|1:water_gun|7:supersonic|13:wing_attack|21:mist|31:quick_attack|43:pursuit|55:agility;aerial_ace|attract|blizzard|double_team|facade|fly|frustration|hail|hidden_power|ice_beam|protect|rain_dance|rest|return|secret_power|shock_wave|steel_wing|thief|toxic|water_pulse;double_edge|endure|icy_wind|mimic|mud_slap|sleep_talk|snore|substitute|swagger|swift;agility|gust|mist|twister|water_sport;water1|flying;pelipper@25;;278;Gaviota;0,6;9,5;blanco;50;no;Sus largas alas aprovechan los vientos marinos para planear. Cuando descansa, las pliega.
pelipper;Pelipper;water|flying;60;50;100;85;70;65;keen_eye;;;medium_fast;154;45;defense:2;1:growl|1:water_gun|1:water_sport|1:wing_attack|3:water_gun|7:supersonic|13:wing_attack|21:mist|25:protect|33:stockpile|33:swallow|47:spit_up|61:hydro_pump;aerial_ace|attract|blizzard|double_team|facade|fly|frustration|hail|hidden_power|hyper_beam|ice_beam|protect|rain_dance|rest|return|secret_power|shock_wave|steel_wing|surf|thief|toxic|water_pulse;double_edge|endure|icy_wind|mimic|mud_slap|sleep_talk|snore|substitute|swagger|swift;;water1|flying;;;279;Ave Agua;1,2;28;amarillo;50;no;Hunde su gran pico en el mar para sacar numerosas presas junto con mucha agua.
ralts;Ralts;psychic;28;25;25;45;35;40;synchronize;trace;;slow;40;235;sp_attack:1;1:growl|6:confusion|11:double_team|16:teleport|21:calm_mind|26:psychic|31:imprison|36:future_sight|41:hypnosis|46:dream_eater;attract|calm_mind|double_team|facade|flash|frustration|hidden_power|light_screen|protect|psychic|rain_dance|reflect|rest|return|safeguard|secret_power|shadow_ball|shock_wave|skill_swap|snatch|sunny_day|taunt|thief|thunderbolt|torment|toxic;body_slam|defense_curl|double_edge|dream_eater|endure|fire_punch|ice_punch|icy_wind|mimic|mud_slap|psych_up|sleep_talk|snore|substitute|swagger|thunder_punch|thunder_wave;destiny_bond|disable|mean_look|memento|will_o_wisp;humanshape|indeterminate;kirlia@20;;280;Sensible;0,4;6,6;blanco;50;no;Si sus cuernos perciben emociones positivas de personas o Pokémon, su cuerpo se calienta un poco.
kirlia;Kirlia;psychic;38;35;35;65;55;50;synchronize;trace;;slow;97;120;sp_attack:2;1:confusion|1:double_team|1:growl|1:teleport|6:confusion|11:double_team|16:teleport|21:calm_mind|26:psychic|33:imprison|40:future_sight|47:hypnosis|54:dream_eater;attract|calm_mind|double_team|facade|flash|frustration|hidden_power|light_screen|protect|psychic|rain_dance|reflect|rest|return|safeguard|secret_power|shadow_ball|shock_wave|skill_swap|snatch|sunny_day|taunt|thief|thunderbolt|torment|toxic;body_slam|defense_curl|double_edge|dream_eater|endure|fire_punch|ice_punch|icy_wind|mimic|mud_slap|psych_up|sleep_talk|snore|substitute|swagger|thunder_punch|thunder_wave;;humanshape|indeterminate;gardevoir@30;;281;Sensorio;0,8;20,2;blanco;50;no;Al percibir la alegría de su Entrenador refuerza sus ataques psicoquinéticos. Cuando está contento, da vueltas y baila.
gardevoir;Gardevoir;psychic;68;65;65;125;115;80;synchronize;trace;;slow;233;45;sp_attack:3;1:confusion|1:double_team|1:growl|1:teleport|6:confusion|11:double_team|16:teleport|21:calm_mind|26:psychic|33:imprison|42:future_sight|51:hypnosis|60:dream_eater;attract|calm_mind|double_team|facade|flash|frustration|hidden_power|hyper_beam|light_screen|protect|psychic|rain_dance|reflect|rest|return|safeguard|secret_power|shadow_ball|shock_wave|skill_swap|snatch|sunny_day|taunt|thief|thunderbolt|torment|toxic;body_slam|defense_curl|double_edge|dream_eater|endure|fire_punch|ice_punch|icy_wind|mimic|mud_slap|psych_up|sleep_talk|snore|substitute|swagger|thunder_punch|thunder_wave;;humanshape|indeterminate;;;282;Envolvente;1,6;48,4;blanco;50;no;Para proteger a su Entrenador, emplea todo su poder psíquico en crear un pequeño agujero negro.
surskit;Surskit;bug|water;40;30;32;50;52;65;swift_swim;;;medium_fast;54;200;speed:1;1:bubble|7:quick_attack|13:sweet_scent|19:water_sport|25:bubble_beam|31:agility|37:haze|37:mist;attract|blizzard|double_team|facade|flash|frustration|giga_drain|hidden_power|ice_beam|protect|rain_dance|rest|return|secret_power|shadow_ball|solar_beam|sunny_day|thief|toxic|water_pulse;double_edge|endure|icy_wind|mimic|psych_up|sleep_talk|snore|substitute|swagger|swift;foresight|hydro_pump|mind_reader|mud_shot|psybeam;water1|bug;masquerain@22;;283;Zapatero;0,5;1,7;azul;50;no;Vive en estanques, pero cuando se desata una tormenta puede aparecer en los charcos que se forman en las ciudades.
masquerain;Masquerain;bug|flying;70;60;62;80;82;60;intimidate;;;medium_fast;159;75;sp_attack:1|sp_defense:1;1:bubble|1:quick_attack|1:sweet_scent|1:water_sport|7:quick_attack|13:sweet_scent|19:water_sport|26:gust|33:scary_face|40:stun_spore|47:silver_wind|53:whirlwind;aerial_ace|attract|blizzard|double_team|facade|flash|frustration|giga_drain|hidden_power|hyper_beam|ice_beam|protect|rain_dance|rest|return|secret_power|shadow_ball|solar_beam|sunny_day|thief|toxic|water_pulse;double_edge|endure|icy_wind|mimic|psych_up|sleep_talk|snore|substitute|swagger|swift;;water1|bug;;;284;Globocular;0,8;3,6;azul;50;no;Sus antenas tienen dibujos de ojos, mientras que sus alas le permiten volar en cualquier dirección.
shroomish;Shroomish;grass;60;40;60;40;60;35;effect_spore;;;fluctuating;59;255;hp:1;1:absorb|4:tackle|7:stun_spore|10:leech_seed|16:mega_drain|22:headbutt|28:poison_powder|36:growth|45:giga_drain|54:spore;attract|bullet_seed|double_team|facade|flash|frustration|giga_drain|hidden_power|protect|rest|return|safeguard|secret_power|sludge_bomb|snatch|solar_beam|sunny_day|toxic;body_slam|double_edge|endure|mimic|sleep_talk|snore|substitute|swagger|swords_dance;charm|fake_tears|false_swipe|helping_hand|swagger;fairy|plant;breloom@23;;285;Hongo;0,4;4,5;marrón;50;no;Prefiere los sitios húmedos. De día está tranquilamente en el bosque, a la sombra. Expulsa polvo tóxico por la cabeza.
breloom;Breloom;grass|fighting;60;130;80;60;60;70;effect_spore;;;fluctuating;161;90;attack:2;1:absorb|1:leech_seed|1:stun_spore|1:tackle|4:tackle|7:stun_spore|10:leech_seed|16:mega_drain|22:headbutt|23:mach_punch|28:counter|36:sky_uppercut|45:mind_reader|54:dynamic_punch;attract|brick_break|bulk_up|bullet_seed|cut|double_team|facade|flash|focus_punch|frustration|giga_drain|hidden_power|hyper_beam|iron_tail|protect|rest|return|rock_smash|safeguard|secret_power|sludge_bomb|snatch|solar_beam|strength|sunny_day|toxic;body_slam|counter|double_edge|dynamic_punch|endure|fury_cutter|mega_kick|mega_punch|mimic|mud_slap|seismic_toss|sleep_talk|snore|substitute|swagger|swords_dance|thunder_punch;;fairy|plant;;;286;Hongo;1,2;39,2;verde;50;no;Sus cortos brazos se expanden cuando da puñetazos. Tiene una técnica pugilística muy depurada.
slakoth;Slakoth;normal;60;60;60;35;35;30;truant;;;slow;56;255;hp:1;1:scratch|1:yawn|7:encore|13:slack_off|19:feint_attack|25:amnesia|31:covet|37:counter|43:flail;aerial_ace|attract|blizzard|brick_break|bulk_up|cut|double_team|facade|fire_blast|flamethrower|focus_punch|frustration|hidden_power|ice_beam|protect|rain_dance|rest|return|rock_smash|secret_power|shadow_ball|shock_wave|solar_beam|strength|sunny_day|thunder|thunderbolt|toxic|water_pulse;body_slam|counter|double_edge|dynamic_punch|endure|fire_punch|fury_cutter|ice_punch|icy_wind|mega_kick|mega_punch|mimic|mud_slap|rock_slide|seismic_toss|sleep_talk|snore|substitute|swagger|thunder_punch;body_slam|crush_claw|curse|pursuit|slash|sleep_talk|snore;ground;vigoroth@18;;287;Gandul;0,8;24;marrón;50;no;Slakoth se pasa todo el día holgazaneando y solo con verlo a uno le entra mucha pereza.
vigoroth;Vigoroth;normal;80;80;80;55;55;90;vital_spirit;;;slow;154;120;speed:2;1:encore|1:focus_energy|1:scratch|1:uproar|7:encore|13:uproar|19:fury_swipes|25:endure|31:slash|37:counter|43:focus_punch|49:reversal;aerial_ace|attract|blizzard|brick_break|bulk_up|cut|double_team|earthquake|facade|fire_blast|flamethrower|focus_punch|frustration|hidden_power|ice_beam|protect|rain_dance|rest|return|roar|rock_smash|secret_power|shadow_ball|shock_wave|solar_beam|strength|sunny_day|taunt|thunder|thunderbolt|toxic|water_pulse;body_slam|counter|double_edge|dynamic_punch|endure|fire_punch|fury_cutter|ice_punch|icy_wind|mega_kick|mega_punch|mimic|mud_slap|rock_slide|seismic_toss|sleep_talk|snore|substitute|swagger|thunder_punch;;ground;slaking@36;;288;Mono Feroz;1,4;46,5;blanco;50;no;Su corazón palpita a un ritmo frenético, haciendo que su sangre bulla, así que no puede estarse quieto ni un segundo.
slaking;Slaking;normal;150;160;100;95;65;100;truant;;;slow;252;45;hp:3;1:encore|1:scratch|1:slack_off|1:yawn|7:encore|13:slack_off|19:feint_attack|25:amnesia|31:covet|36:swagger|37:counter|43:flail;aerial_ace|attract|blizzard|brick_break|bulk_up|cut|double_team|earthquake|facade|fire_blast|flamethrower|focus_punch|frustration|hidden_power|hyper_beam|ice_beam|protect|rain_dance|rest|return|roar|rock_smash|secret_power|shadow_ball|shock_wave|solar_beam|strength|sunny_day|taunt|thunder|thunderbolt|toxic|water_pulse;body_slam|counter|double_edge|dynamic_punch|endure|fire_punch|fury_cutter|ice_punch|icy_wind|mega_kick|mega_punch|mimic|mud_slap|rock_slide|seismic_toss|sleep_talk|snore|substitute|swagger|thunder_punch;;ground;;;289;Holgazán;2;130,5;marrón;50;no;El Pokémon más perezoso del mundo. Cambia de lugar para coger la comida al alcance de su mano.
nincada;Nincada;bug|ground;31;45;90;30;30;40;compound_eyes;;;erratic;53;255;defense:1;1:harden|1:scratch|5:leech_life|9:sand_attack|14:fury_swipes|19:mind_reader|25:false_swipe|31:mud_slap|38:metal_claw|45:dig;aerial_ace|cut|dig|double_team|facade|flash|frustration|giga_drain|hidden_power|protect|rest|return|sandstorm|secret_power|shadow_ball|solar_beam|sunny_day|toxic;double_edge|endure|fury_cutter|mimic|mud_slap|sleep_talk|snore|substitute|swagger;endure|feint_attack|gust|silver_wind;bug;ninjask@20;;290;Aprendiz;0,5;5,5;gris;50;no;Como se ha pasado casi toda la vida viviendo bajo tierra, no ve bien. Las antenas que tiene le ayudan a orientarse.
ninjask;Ninjask;bug|flying;61;90;45;50;50;160;speed_boost;;;erratic;160;120;speed:2;1:harden|1:leech_life|1:sand_attack|1:scratch|5:leech_life|9:sand_attack|14:fury_swipes|19:mind_reader|20:double_team|20:fury_cutter|20:screech|25:swords_dance|31:slash|38:agility|45:baton_pass;aerial_ace|attract|cut|dig|double_team|facade|flash|frustration|giga_drain|hidden_power|hyper_beam|protect|rest|return|sandstorm|secret_power|shadow_ball|solar_beam|sunny_day|thief|toxic;double_edge|endure|fury_cutter|mimic|mud_slap|sleep_talk|snore|substitute|swagger|swift|swords_dance;;bug;;;291;Ninja;0,8;12;amarillo;50;no;Escuchar su zumbido de forma continuada provoca jaquecas. Casi no se le ve de lo rápido que es.
shedinja;Shedinja;bug|ghost;1;90;45;30;30;40;wonder_guard;;;erratic;83;45;hp:2;1:harden|1:scratch|5:leech_life|9:sand_attack|14:fury_swipes|19:mind_reader|25:spite|31:confuse_ray|38:shadow_ball|45:grudge;aerial_ace|cut|dig|double_team|facade|flash|frustration|giga_drain|hidden_power|hyper_beam|protect|rest|return|sandstorm|secret_power|shadow_ball|solar_beam|sunny_day|thief|toxic;double_edge|dream_eater|endure|fury_cutter|mimic|mud_slap|sleep_talk|snore|substitute|swagger;;mineral;;;292;Muda;0,8;1,2;marrón;sin_genero;no;Es el caparazón de un bicho que cobró vida. Si alguien lo mira por la espalda, le robará el alma.
whismur;Whismur;normal;64;51;23;51;23;28;soundproof;;;medium_slow;48;190;hp:1;1:pound|5:uproar|11:astonish|15:howl|21:supersonic|25:stomp|31:screech|35:roar|41:rest|41:sleep_talk|45:hyper_voice;attract|blizzard|double_team|facade|fire_blast|flamethrower|frustration|hidden_power|ice_beam|protect|rain_dance|rest|return|roar|secret_power|shadow_ball|shock_wave|solar_beam|sunny_day|toxic|water_pulse;body_slam|counter|defense_curl|double_edge|dynamic_punch|endure|fire_punch|ice_punch|icy_wind|mega_kick|mega_punch|mimic|mud_slap|psych_up|rollout|seismic_toss|sleep_talk|snore|substitute|swagger|thunder_punch;extrasensory|smelling_salts|snore|swagger|take_down;monster|ground;loudred@20;;293;Susurro;0,6;16,3;rosa;50;no;Normalmente murmulla, pero cuando siente que hay peligro se pone a chillar. Solo para cuando se le cierran las orejas.
loudred;Loudred;normal;84;71;43;71;43;48;soundproof;;;medium_slow;126;120;hp:2;1:astonish|1:howl|1:pound|1:uproar|5:uproar|11:astonish|15:howl|23:supersonic|29:stomp|37:screech|43:roar|51:rest|51:sleep_talk|57:hyper_voice;attract|blizzard|brick_break|double_team|earthquake|facade|fire_blast|flamethrower|frustration|hidden_power|ice_beam|overheat|protect|rain_dance|rest|return|roar|rock_smash|secret_power|shadow_ball|shock_wave|solar_beam|strength|sunny_day|taunt|torment|toxic|water_pulse;body_slam|counter|defense_curl|double_edge|dynamic_punch|endure|fire_punch|ice_punch|icy_wind|mega_kick|mega_punch|mimic|mud_slap|psych_up|rock_slide|rollout|seismic_toss|sleep_talk|snore|substitute|swagger|thunder_punch;;monster|ground;exploud@40;;294;Chillón;1;40,5;azul;50;no;Aspira profundamente y luego, usando sus fuertes abdominales, suelta un potente vozarrón.
exploud;Exploud;normal;104;91;63;91;63;68;soundproof;;;medium_slow;221;45;hp:3;1:astonish|1:howl|1:pound|1:uproar|5:uproar|11:astonish|15:howl|23:supersonic|29:stomp|37:screech|40:hyper_beam|45:roar|55:rest|55:sleep_talk|63:hyper_voice;attract|blizzard|brick_break|double_team|earthquake|facade|fire_blast|flamethrower|frustration|hidden_power|hyper_beam|ice_beam|overheat|protect|rain_dance|rest|return|roar|rock_smash|secret_power|shadow_ball|shock_wave|solar_beam|strength|sunny_day|taunt|torment|toxic|water_pulse;body_slam|counter|defense_curl|double_edge|dynamic_punch|endure|fire_punch|ice_punch|icy_wind|mega_kick|mega_punch|mimic|mud_slap|psych_up|rock_slide|rollout|seismic_toss|sleep_talk|snore|substitute|swagger|thunder_punch;;monster|ground;;;295;Escandaloso;1,5;84;azul;50;no;Su aullido se puede oír a 10 km. Emite todo tipo de sonidos desde los tubos de su cuerpo.
makuhita;Makuhita;fighting;72;60;30;20;30;25;thick_fat;guts;;fluctuating;47;180;hp:1;1:focus_energy|1:tackle|4:sand_attack|10:arm_thrust|13:vital_throw|19:fake_out|22:whirlwind|28:knock_off|31:smelling_salts|37:belly_drum|40:endure|46:seismic_toss|49:reversal;attract|brick_break|bulk_up|dig|double_team|earthquake|facade|focus_punch|frustration|hidden_power|protect|rain_dance|rest|return|rock_smash|rock_tomb|secret_power|strength|sunny_day|surf|toxic;body_slam|counter|double_edge|dynamic_punch|endure|fire_punch|ice_punch|mega_kick|mega_punch|metronome|mimic|mud_slap|rock_slide|seismic_toss|sleep_talk|snore|substitute|swagger|thunder_punch;counter|cross_chop|detect|dynamic_punch|feint_attack|foresight|helping_hand|revenge;humanshape;hariyama@24;;296;Valiente;1;86,4;amarillo;25;no;Endurece su cuerpo golpeando grandes árboles sin perder jamás el ánimo.
hariyama;Hariyama;fighting;144;120;60;40;60;50;thick_fat;guts;;fluctuating;166;200;hp:2;1:arm_thrust|1:focus_energy|1:sand_attack|1:tackle|4:sand_attack|10:arm_thrust|13:vital_throw|19:fake_out|22:whirlwind|29:knock_off|33:smelling_salts|40:belly_drum|44:endure|51:seismic_toss|55:reversal;attract|brick_break|bulk_up|dig|double_team|earthquake|facade|focus_punch|frustration|hidden_power|hyper_beam|protect|rain_dance|rest|return|rock_smash|rock_tomb|secret_power|strength|sunny_day|surf|toxic;body_slam|counter|double_edge|dynamic_punch|endure|fire_punch|ice_punch|mega_kick|mega_punch|metronome|mimic|mud_slap|rock_slide|seismic_toss|sleep_talk|snore|substitute|swagger|thunder_punch;;humanshape;;;297;Empuje;2,3;253,8;marrón;25;no;Para aumentar su fuerza, da un pisotón en el suelo. Puede lanzar un camión de 10 toneladas por los aires de un puñetazo.
azurill;Azurill;normal;50;20;40;20;40;20;thick_fat;huge_power;;fast;38;150;hp:1;1:splash|3:charm|6:tail_whip|10:bubble|15:slam|21:water_gun;attract|blizzard|double_team|facade|frustration|hail|hidden_power|ice_beam|iron_tail|protect|rain_dance|rest|return|secret_power|surf|toxic|water_pulse|waterfall;body_slam|defense_curl|double_edge|endure|icy_wind|mimic|mud_slap|rollout|sleep_talk|snore|substitute|swagger|swift;encore|refresh|sing|slam|tickle;no_eggs;marill@amistad;;298;A Topos;0,2;2;azul;75;no;Vive cerca del agua. En la tierra se mueve muy rápido botando sobre su gran cola.
nosepass;Nosepass;rock;30;45;135;45;90;30;sturdy;magnet_pull;;medium_fast;75;255;defense:1;1:tackle|7:harden|13:rock_throw|16:block|22:thunder_wave|28:rock_slide|31:sandstorm|37:rest|43:zap_cannon|46:lock_on;attract|double_team|earthquake|facade|frustration|hidden_power|protect|rest|return|rock_smash|rock_tomb|sandstorm|secret_power|shock_wave|strength|sunny_day|taunt|thunder|thunderbolt|torment|toxic;body_slam|defense_curl|double_edge|dynamic_punch|endure|explosion|fire_punch|ice_punch|mimic|mud_slap|rock_slide|rollout|sleep_talk|snore|substitute|swagger|thunder_punch|thunder_wave;explosion|magnitude|rollout;mineral;;;299;Brújula;1;97;gris;50;no;Siempre apunta al norte con su nariz imantada. Con ella reviste su cuerpo de objetos metálicos para protegerse.
skitty;Skitty;normal;50;45;45;35;35;50;cute_charm;;;fast;52;255;speed:1;1:growl|1:tackle|3:tail_whip|7:attract|13:sing|15:double_slap|19:assist|25:charm|27:feint_attack|31:covet|37:heal_bell|39:double_edge;attract|blizzard|calm_mind|dig|double_team|facade|flash|frustration|hidden_power|ice_beam|iron_tail|protect|rain_dance|rest|return|safeguard|secret_power|shadow_ball|shock_wave|solar_beam|sunny_day|thunder|thunderbolt|toxic|water_pulse;body_slam|defense_curl|double_edge|dream_eater|endure|icy_wind|mimic|mud_slap|psych_up|rollout|sleep_talk|snore|substitute|swagger|swift|thunder_wave;baton_pass|fake_tears|helping_hand|psych_up|substitute|tickle|uproar|wish;ground|fairy;delcatty@objeto:moon_stone;;300;Gatito;0,6;11;rosa;75;no;No puede evitar ir tras las cosas que se mueven. Hasta corre en círculos persiguiéndose la cola.
delcatty;Delcatty;normal;70;65;65;55;55;70;cute_charm;;;fast;140;60;hp:1|speed:1;1:attract|1:double_slap|1:growl|1:sing;attract|blizzard|calm_mind|dig|double_team|facade|flash|frustration|hidden_power|hyper_beam|ice_beam|iron_tail|protect|rain_dance|rest|return|rock_smash|safeguard|secret_power|shadow_ball|shock_wave|solar_beam|strength|sunny_day|thunder|thunderbolt|toxic|water_pulse;body_slam|defense_curl|double_edge|dream_eater|endure|icy_wind|mimic|mud_slap|psych_up|rollout|sleep_talk|snore|substitute|swagger|swift|thunder_wave;;ground|fairy;;;301;Cursi;1,1;32,6;morado;75;no;No soporta los lugares sucios. Le encanta acicalarse el pelaje cuando está a gusto en un sitio.
sableye;Sableye;dark|ghost;50;75;75;65;65;50;keen_eye;;;medium_slow;133;45;attack:1|defense:1;1:leer|1:scratch|5:foresight|9:night_shade|13:astonish|17:fury_swipes|21:fake_out|25:detect|29:feint_attack|33:knock_off|37:confuse_ray|41:shadow_ball|45:mean_look;aerial_ace|attract|brick_break|calm_mind|cut|dig|double_team|facade|flash|focus_punch|frustration|hidden_power|protect|psychic|rain_dance|rest|return|rock_smash|rock_tomb|secret_power|shadow_ball|shock_wave|snatch|sunny_day|taunt|thief|torment|toxic|water_pulse;body_slam|counter|double_edge|dream_eater|dynamic_punch|endure|fire_punch|fury_cutter|ice_punch|mega_kick|mega_punch|metronome|mimic|mud_slap|psych_up|seismic_toss|sleep_talk|snore|substitute|swagger|thunder_punch;moonlight|psych_up|recover;humanshape;;;302;Oscuridad;0,5;11;morado;50;no;Se oculta en cavernas oscuras. De tanto comer gemas, sus ojos son piedras preciosas.
mawile;Mawile;steel;50;85;85;55;55;50;hyper_cutter;intimidate;;fast;133;45;attack:1|defense:1;1:astonish|6:fake_tears|11:bite|16:sweet_scent|21:vice_grip|26:feint_attack|31:baton_pass|36:crunch|41:iron_defense|46:spit_up|46:stockpile|46:swallow;attract|brick_break|double_team|facade|fire_blast|flamethrower|focus_punch|frustration|hidden_power|hyper_beam|ice_beam|protect|rain_dance|rest|return|rock_smash|rock_tomb|sandstorm|secret_power|sludge_bomb|solar_beam|strength|sunny_day|taunt|torment|toxic;body_slam|counter|double_edge|dynamic_punch|endure|ice_punch|icy_wind|mega_kick|mega_punch|mimic|mud_slap|psych_up|rock_slide|seismic_toss|sleep_talk|snore|substitute|swagger|swords_dance|thunder_punch;ancient_power|false_swipe|poison_fang|psych_up|swords_dance|tickle;ground|fairy;;;303;Tramposo;0,6;11,5;negro;50;no;"Engaña con su aspecto dócil; hace que el rival se confíe y le da un mordisco con sus enormes e implacables mandíbulas."
aron;Aron;steel|rock;50;70;100;40;40;30;sturdy;rock_head;;slow;66;180;defense:1;1:tackle|4:harden|7:mud_slap|10:headbutt|13:metal_claw|17:iron_defense|21:roar|25:take_down|29:iron_tail|34:protect|39:metal_sound|44:double_edge;aerial_ace|attract|cut|dig|double_team|earthquake|facade|frustration|hidden_power|iron_tail|protect|rain_dance|rest|return|roar|rock_smash|rock_tomb|sandstorm|secret_power|shock_wave|strength|sunny_day|toxic|water_pulse;body_slam|defense_curl|double_edge|endure|fury_cutter|mimic|mud_slap|rock_slide|rollout|sleep_talk|snore|substitute|swagger;body_slam|endeavor|smelling_salts|stomp;monster;lairon@32;;304;Coraza Férrea;0,4;60;gris;50;no;Suele vivir en lugares inaccesibles de las montañas, pero el hambre lo empuja a comer raíles y coches.
lairon;Lairon;steel|rock;60;90;140;50;50;40;sturdy;rock_head;;slow;151;90;defense:2;1:harden|1:headbutt|1:mud_slap|1:tackle|4:harden|7:mud_slap|10:headbutt|13:metal_claw|17:iron_defense|21:roar|25:take_down|29:iron_tail|37:protect|45:metal_sound|53:double_edge;aerial_ace|attract|cut|dig|double_team|earthquake|facade|frustration|hidden_power|iron_tail|protect|rain_dance|rest|return|roar|rock_smash|rock_tomb|sandstorm|secret_power|shock_wave|strength|sunny_day|toxic|water_pulse;body_slam|defense_curl|double_edge|endure|fury_cutter|mimic|mud_slap|rock_slide|rollout|sleep_talk|snore|substitute|swagger;;monster;aggron@42;;305;Coraza Férrea;0,9;120;gris;50;no;Le encanta comer hierro. Lucha por su territorio embistiendo a sus rivales con su cuerpo de acero.
aggron;Aggron;steel|rock;70;110;180;60;60;50;sturdy;rock_head;;slow;239;45;defense:3;1:harden|1:headbutt|1:mud_slap|1:tackle|4:harden|7:mud_slap|10:headbutt|13:metal_claw|17:iron_defense|21:roar|25:take_down|29:iron_tail|37:protect|50:metal_sound|63:double_edge;aerial_ace|attract|blizzard|brick_break|cut|dig|double_team|dragon_claw|earthquake|facade|fire_blast|flamethrower|focus_punch|frustration|hidden_power|hyper_beam|ice_beam|iron_tail|protect|rain_dance|rest|return|roar|rock_smash|rock_tomb|sandstorm|secret_power|shock_wave|solar_beam|strength|sunny_day|surf|taunt|thunder|thunderbolt|toxic|water_pulse;body_slam|counter|defense_curl|double_edge|dynamic_punch|endure|fire_punch|fury_cutter|ice_punch|icy_wind|mega_kick|mega_punch|mimic|mud_slap|rock_slide|rollout|seismic_toss|sleep_talk|snore|substitute|swagger|thunder_punch|thunder_wave;;monster;;;306;Coraza Férrea;2,1;360;gris;50;no;Hacen de toda una montaña su territorio. Cuantas más cicatrices tienen, más curtidos en disputas. ¡Mucha atención!
meditite;Meditite;fighting|psychic;30;40;55;40;55;60;pure_power;;;medium_fast;56;180;speed:1;1:bide|4:meditate|9:confusion|12:detect|18:hidden_power|22:mind_reader|28:calm_mind|32:high_jump_kick|38:psych_up|42:reversal|48:recover;attract|brick_break|bulk_up|calm_mind|double_team|facade|flash|focus_punch|frustration|hidden_power|light_screen|protect|psychic|rain_dance|reflect|rest|return|rock_smash|rock_tomb|secret_power|shadow_ball|strength|sunny_day|toxic;body_slam|counter|double_edge|dream_eater|dynamic_punch|endure|fire_punch|ice_punch|mega_kick|mega_punch|metronome|mimic|mud_slap|psych_up|seismic_toss|sleep_talk|snore|substitute|swagger|swift|thunder_punch;baton_pass|dynamic_punch|fake_out|fire_punch|foresight|ice_punch|thunder_punch;humanshape;medicham@37;;307;Meditador;0,6;11,2;azul;50;no;Se entrena en la profundidad de las montañas. Cuando aumenta su poder espiritual con meditación, levita.
medicham;Medicham;fighting|psychic;60;60;75;60;75;80;pure_power;;;medium_fast;144;90;speed:2;1:bide|1:confusion|1:detect|1:fire_punch|1:ice_punch|1:meditate|1:thunder_punch|4:meditate|9:confusion|12:detect|18:hidden_power|22:mind_reader|28:calm_mind|32:high_jump_kick|40:psych_up|46:reversal|54:recover;attract|brick_break|bulk_up|calm_mind|double_team|facade|flash|focus_punch|frustration|hidden_power|hyper_beam|light_screen|protect|psychic|rain_dance|reflect|rest|return|rock_smash|rock_tomb|secret_power|shadow_ball|strength|sunny_day|toxic;body_slam|counter|double_edge|dream_eater|dynamic_punch|endure|fire_punch|ice_punch|mega_kick|mega_punch|metronome|mimic|mud_slap|psych_up|rock_slide|seismic_toss|sleep_talk|snore|substitute|swagger|swift|thunder_punch;;humanshape;;;308;Meditador;1,3;31,5;rojo;50;no;Evita los ataques moviéndose de forma elegante, como si bailara. Ataca dando un golpe devastador y moviéndose igual.
electrike;Electrike;electric;40;45;40;65;40;65;static;lightning_rod;;slow;59;120;speed:1;1:tackle|4:thunder_wave|9:leer|12:howl|17:quick_attack|20:spark|25:odor_sleuth|28:roar|33:bite|36:thunder|41:charge;attract|double_team|facade|flash|frustration|hidden_power|iron_tail|protect|rain_dance|rest|return|roar|secret_power|shock_wave|strength|thief|thunder|thunderbolt|toxic;body_slam|double_edge|endure|mimic|mud_slap|sleep_talk|snore|substitute|swagger|swift|thunder_wave;crunch|curse|headbutt|swift|uproar;ground;manectric@26;;309;Calambre;0,6;15,2;verde;50;no;Estimula sus músculos y aumenta sus reflejos con la electricidad que almacena su pelaje.
manectric;Manectric;electric;70;75;60;105;60;105;static;lightning_rod;;slow;166;45;speed:2;1:howl|1:leer|1:tackle|1:thunder_wave|4:thunder_wave|9:leer|12:howl|17:quick_attack|20:spark|25:odor_sleuth|31:roar|39:bite|45:thunder|53:charge;attract|double_team|facade|flash|frustration|hidden_power|hyper_beam|iron_tail|protect|rain_dance|rest|return|roar|secret_power|shock_wave|strength|thief|thunder|thunderbolt|toxic;body_slam|double_edge|endure|mimic|mud_slap|sleep_talk|snore|substitute|swagger|swift|thunder_wave;;ground;;;310;Descarga;1,5;40,2;amarillo;50;no;No suele aparecer ante la gente. Dicen que suele colocar su nido donde caen los rayos.
plusle;Plusle;electric;60;50;40;85;75;95;plus;;;medium_fast;142;200;speed:1;1:growl|4:thunder_wave|10:quick_attack|13:helping_hand|19:spark|22:encore|28:fake_tears|31:charge|37:thunder|40:baton_pass|47:agility;attract|double_team|facade|flash|frustration|hidden_power|iron_tail|light_screen|protect|rain_dance|rest|return|secret_power|shock_wave|thunder|thunderbolt|toxic;body_slam|counter|defense_curl|double_edge|dynamic_punch|endure|mega_kick|mega_punch|metronome|mimic|mud_slap|rollout|seismic_toss|sleep_talk|snore|substitute|swagger|swift|thunder_punch|thunder_wave;substitute|wish;fairy;;;311;Ánimo;0,4;4,2;amarillo;50;no;Anima a sus compañeros con pompones de chispas. Roba energía de los postes telefónicos.
minun;Minun;electric;60;40;50;75;85;95;minus;;;medium_fast;142;200;speed:1;1:growl|4:thunder_wave|10:quick_attack|13:helping_hand|19:spark|22:encore|28:charm|31:charge|37:thunder|40:baton_pass|47:agility;attract|double_team|facade|flash|frustration|hidden_power|iron_tail|light_screen|protect|rain_dance|rest|return|secret_power|shock_wave|thunder|thunderbolt|toxic;body_slam|counter|defense_curl|double_edge|dynamic_punch|endure|mega_kick|mega_punch|metronome|mimic|mud_slap|rollout|seismic_toss|sleep_talk|snore|substitute|swagger|swift|thunder_punch|thunder_wave;substitute|wish;fairy;;;312;Ánimo;0,4;4,2;amarillo;50;no;La electricidad de Minun y Plusle es buena para la circulación y para desentumecer músculos.
volbeat;Volbeat;bug;65;73;55;47;75;85;illuminate;swarm;;erratic;151;150;speed:1;1:tackle|5:confuse_ray|9:double_team|13:moonlight|17:quick_attack|21:tail_glow|25:signal_beam|29:protect|33:helping_hand|37:double_edge;aerial_ace|attract|brick_break|double_team|facade|flash|focus_punch|frustration|giga_drain|hidden_power|light_screen|protect|rain_dance|rest|return|secret_power|shadow_ball|shock_wave|solar_beam|sunny_day|thief|thunder|thunderbolt|toxic|water_pulse;body_slam|counter|double_edge|dynamic_punch|endure|ice_punch|mega_kick|mega_punch|metronome|mimic|mud_slap|psych_up|seismic_toss|sleep_talk|snore|substitute|swagger|swift|thunder_punch|thunder_wave;baton_pass|silver_wind|trick;bug|humanshape;;;313;Luciérnaga;0,7;17,7;gris;0;no;Se comunica con otros iluminando su cola por la noche. Le encanta el suave aroma de Illumise.
illumise;Illumise;bug;65;47;55;73;75;85;oblivious;;;fluctuating;151;150;speed:1;1:tackle|5:sweet_scent|9:charm|13:moonlight|17:quick_attack|21:wish|25:encore|29:flatter|33:helping_hand|37:covet;aerial_ace|attract|brick_break|double_team|facade|flash|focus_punch|frustration|giga_drain|hidden_power|light_screen|protect|rain_dance|rest|return|secret_power|shadow_ball|shock_wave|solar_beam|sunny_day|thief|thunder|thunderbolt|toxic|water_pulse;body_slam|counter|double_edge|dynamic_punch|endure|ice_punch|mega_kick|mega_punch|metronome|mimic|mud_slap|psych_up|seismic_toss|sleep_talk|snore|substitute|swagger|swift|thunder_punch|thunder_wave;baton_pass|growth|silver_wind;bug|humanshape;;;314;Luciérnaga;0,6;17,7;morado;100;no;Con su dulce aroma guía a grupos de Volbeat para que tracen hasta 200 dibujos distintos en el cielo nocturno.
roselia;Roselia;grass|poison;50;60;45;100;80;65;natural_cure;poison_point;;medium_slow;140;150;sp_attack:2;1:absorb|5:growth|9:poison_sting|13:stun_spore|17:mega_drain|21:leech_seed|25:magical_leaf|29:grass_whistle|33:giga_drain|37:sweet_scent|41:ingrain|45:toxic|49:petal_dance|53:aromatherapy|57:synthesis;attract|bullet_seed|cut|double_team|facade|flash|frustration|giga_drain|hidden_power|protect|rest|return|secret_power|shadow_ball|sludge_bomb|solar_beam|sunny_day|toxic;body_slam|double_edge|endure|fury_cutter|mimic|mud_slap|psych_up|sleep_talk|snore|substitute|swagger|swift|swords_dance;cotton_spore|pin_missile|spikes|synthesis;fairy|plant;;;315;Espina;0,3;2;verde;50;no;Ataca con sus manos, en las que tiene un tipo de veneno diferente en cada una. Cuanto más aroma, mejor salud tiene.
gulpin;Gulpin;poison;70;43;53;43;53;40;liquid_ooze;sticky_hold;;fluctuating;60;225;hp:1;1:pound|6:yawn|9:poison_gas|14:sludge|17:amnesia|23:encore|28:toxic|34:spit_up|34:stockpile|34:swallow|39:sludge_bomb;attract|bullet_seed|double_team|facade|frustration|giga_drain|hidden_power|ice_beam|protect|rain_dance|rest|return|rock_smash|secret_power|shadow_ball|shock_wave|sludge_bomb|snatch|solar_beam|strength|sunny_day|toxic|water_pulse;body_slam|counter|defense_curl|double_edge|dream_eater|dynamic_punch|endure|explosion|fire_punch|ice_punch|mimic|mud_slap|rollout|sleep_talk|snore|substitute|swagger|thunder_punch;acid_armor|dream_eater|pain_split|smog;indeterminate;swalot@26;;316;Estómago;0,4;10,3;verde;50;no;"Sus sesos y corazón son diminutos; es casi todo estómago. Sus jugos gástricos disuelven lo que sea."
swalot;Swalot;poison;100;73;83;73;83;55;liquid_ooze;sticky_hold;;fluctuating;163;75;hp:2;1:poison_gas|1:pound|1:sludge|1:yawn|6:yawn|9:poison_gas|14:sludge|17:amnesia|23:encore|26:body_slam|31:toxic|40:spit_up|40:stockpile|40:swallow|48:sludge_bomb;attract|bullet_seed|double_team|facade|frustration|giga_drain|hidden_power|hyper_beam|ice_beam|protect|rain_dance|rest|return|rock_smash|secret_power|shadow_ball|shock_wave|sludge_bomb|snatch|solar_beam|strength|sunny_day|toxic|water_pulse;body_slam|counter|defense_curl|double_edge|dream_eater|dynamic_punch|endure|explosion|fire_punch|ice_punch|mimic|mud_slap|rollout|sleep_talk|snore|substitute|swagger|thunder_punch;;indeterminate;;;317;Bolsa Veneno;1,7;80;morado;50;no;Se traga cualquier cosa de una pieza. Sus poros segregan fluidos tóxicos que dañan a sus enemigos.
carvanha;Carvanha;water|dark;45;90;20;65;20;65;rough_skin;;;slow;61;225;attack:1;1:bite|1:leer|7:rage|13:focus_energy|16:scary_face|22:crunch|28:screech|31:take_down|37:swagger|43:agility;attract|blizzard|dive|double_team|facade|frustration|hail|hidden_power|ice_beam|protect|rain_dance|rest|return|secret_power|surf|taunt|thief|torment|toxic|water_pulse|waterfall;double_edge|endure|fury_cutter|icy_wind|mimic|mud_slap|sleep_talk|snore|substitute|swagger|swift;double_edge|hydro_pump|thrash;water2;sharpedo@30;;318;Feroz;0,8;20,8;rojo;50;no;Atacan en grupo a los barcos y los hunden a base de bocados. Habitan en los ríos de la jungla.
sharpedo;Sharpedo;water|dark;70;120;40;95;40;95;rough_skin;;;slow;161;60;attack:2;1:bite|1:focus_energy|1:leer|1:rage|7:rage|13:focus_energy|16:scary_face|22:crunch|28:screech|33:slash|38:taunt|43:swagger|48:skull_bash|53:agility;attract|blizzard|dive|double_team|earthquake|facade|frustration|hail|hidden_power|hyper_beam|ice_beam|protect|rain_dance|rest|return|roar|rock_smash|rock_tomb|secret_power|strength|surf|taunt|thief|torment|toxic|water_pulse|waterfall;double_edge|endure|fury_cutter|icy_wind|mimic|mud_slap|sleep_talk|snore|substitute|swagger|swift;;water2;;;319;Voraz;1,8;88,8;azul;50;no;Con sus colmillos puede atravesar el acero. Nada a 120 km/h. Le llaman el Terror de los Mares.
wailmer;Wailmer;water;130;70;35;70;35;60;water_veil;oblivious;;fluctuating;80;125;hp:1;1:splash|5:growl|10:water_gun|14:rollout|19:whirlpool|23:astonish|28:water_pulse|32:mist|37:rest|41:water_spout|46:amnesia|50:hydro_pump;attract|blizzard|dive|double_team|earthquake|facade|frustration|hail|hidden_power|ice_beam|protect|rain_dance|rest|return|roar|rock_smash|rock_tomb|secret_power|strength|surf|toxic|water_pulse|waterfall;body_slam|defense_curl|double_edge|endure|icy_wind|mimic|rollout|sleep_talk|snore|substitute|swagger;curse|double_edge|fissure|sleep_talk|snore|swagger|thrash|tickle;ground|water2;wailord@40;;320;Ballenabola;2;130;azul;50;no;Le gusta botar como una pelota de playa. Cuanta más agua de mar traga, más alto puede llegar.
wailord;Wailord;water;170;90;45;90;45;60;water_veil;oblivious;;fluctuating;175;60;hp:2;1:growl|1:rollout|1:splash|1:water_gun|5:growl|10:water_gun|14:rollout|19:whirlpool|23:astonish|28:water_pulse|32:mist|37:rest|44:water_spout|52:amnesia|59:hydro_pump;attract|blizzard|dive|double_team|earthquake|facade|frustration|hail|hidden_power|hyper_beam|ice_beam|protect|rain_dance|rest|return|roar|rock_smash|rock_tomb|secret_power|strength|surf|toxic|water_pulse|waterfall;body_slam|defense_curl|double_edge|endure|icy_wind|mimic|rollout|sleep_talk|snore|substitute|swagger;;ground|water2;;;321;Ballenaflot;14,5;398;azul;50;no;Puede dejar fuera de combate a sus oponentes con el impacto de su enorme cuerpo al caer en el agua tras un salto.
numel;Numel;fire|ground;60;60;40;65;45;35;oblivious;;;medium_fast;61;255;sp_attack:1;1:growl|1:tackle|11:ember|19:magnitude|25:focus_energy|29:take_down|31:amnesia|35:earthquake|41:flamethrower|49:double_edge;attract|dig|double_team|earthquake|facade|fire_blast|flamethrower|frustration|hidden_power|overheat|protect|rest|return|rock_smash|rock_tomb|sandstorm|secret_power|strength|sunny_day|toxic;body_slam|defense_curl|double_edge|endure|mimic|mud_slap|rock_slide|rollout|sleep_talk|snore|substitute|swagger;body_slam|defense_curl|howl|rollout|scary_face|stomp;ground;camerupt@33;;322;Torpe;0,7;24;amarillo;50;no;En su joroba almacena magma ardiente que se enfría cuando llueve y lo ralentiza.
camerupt;Camerupt;fire|ground;70;100;70;105;75;40;magma_armor;;;medium_fast;161;150;attack:1|sp_attack:1;1:ember|1:growl|1:magnitude|1:tackle|11:ember|19:magnitude|25:focus_energy|29:take_down|31:amnesia|33:rock_slide|37:earthquake|45:eruption|55:fissure;attract|dig|double_team|earthquake|facade|fire_blast|flamethrower|frustration|hidden_power|hyper_beam|overheat|protect|rest|return|roar|rock_smash|rock_tomb|sandstorm|secret_power|strength|sunny_day|toxic;body_slam|defense_curl|double_edge|endure|explosion|mimic|mud_slap|rock_slide|rollout|sleep_talk|snore|substitute|swagger;;ground;;;323;Erupción;1,9;220;rojo;50;no;Los volcanes de su joroba entran en erupción cada 10 años o cuando Camerupt se enfada mucho.
torkoal;Torkoal;fire;70;85;140;85;70;20;white_smoke;;;medium_fast;165;90;defense:2;1:ember|4:smog|7:curse|14:smokescreen|17:fire_spin|20:body_slam|27:protect|30:flamethrower|33:iron_defense|40:amnesia|43:flail|46:heat_wave;attract|double_team|facade|fire_blast|flamethrower|frustration|hidden_power|iron_tail|overheat|protect|rest|return|rock_smash|secret_power|sludge_bomb|strength|sunny_day|toxic;body_slam|double_edge|endure|explosion|mimic|mud_slap|rock_slide|sleep_talk|snore|substitute|swagger;endure|eruption|sleep_talk|yawn;ground;;;324;Carbón;0,5;80,4;marrón;50;no;Trabaja sin descanso en minas en desuso localizando y extrayendo carbón.
spoink;Spoink;psychic;60;25;35;70;80;60;thick_fat;own_tempo;;fast;66;255;sp_defense:1;1:splash|7:psywave|10:odor_sleuth|16:psybeam|19:psych_up|25:confuse_ray|28:magic_coat|34:psychic|37:rest|37:snore|43:bounce;attract|calm_mind|double_team|facade|flash|frustration|hidden_power|iron_tail|light_screen|protect|psychic|rain_dance|reflect|rest|return|secret_power|shadow_ball|shock_wave|skill_swap|snatch|sunny_day|taunt|thief|torment|toxic;body_slam|double_edge|dream_eater|endure|icy_wind|mimic|psych_up|sleep_talk|snore|substitute|swagger|swift;extrasensory|future_sight|substitute|trick;ground;grumpig@32;;325;Saltarín;0,7;30,6;negro;50;no;Bota continuamente usando su cola como muelle. Salta para mantener el latido de su corazón.
grumpig;Grumpig;psychic;80;45;65;90;110;80;thick_fat;own_tempo;;fast;165;60;sp_defense:2;1:odor_sleuth|1:psybeam|1:psywave|1:splash|7:psywave|10:odor_sleuth|16:psybeam|19:psych_up|25:confuse_ray|28:magic_coat|37:psychic|43:rest|43:snore|55:bounce;attract|calm_mind|double_team|facade|flash|focus_punch|frustration|hidden_power|hyper_beam|iron_tail|light_screen|protect|psychic|rain_dance|reflect|rest|return|secret_power|shadow_ball|shock_wave|skill_swap|snatch|sunny_day|taunt|thief|torment|toxic;body_slam|counter|double_edge|dream_eater|dynamic_punch|endure|fire_punch|ice_punch|icy_wind|mega_kick|mega_punch|mimic|mud_slap|psych_up|seismic_toss|sleep_talk|snore|substitute|swagger|swift|thunder_punch;;ground;;;326;Manipulador;0,9;71,5;morado;50;no;Las perlas negras aumentan sus poderes psíquicos. Controla las mentes de sus rivales con un extraño baile.
spinda;Spinda;normal;60;60;60;60;60;60;own_tempo;;;fast;126;255;sp_attack:1;1:tackle|5:uproar|12:feint_attack|16:psybeam|23:hypnosis|27:dizzy_punch|34:teeter_dance|38:psych_up|45:double_edge|49:flail|56:thrash;attract|brick_break|calm_mind|dig|double_team|facade|flash|focus_punch|frustration|hidden_power|protect|psychic|rain_dance|rest|return|rock_smash|rock_tomb|safeguard|secret_power|shadow_ball|shock_wave|skill_swap|snatch|strength|sunny_day|thief|toxic|water_pulse;body_slam|counter|defense_curl|double_edge|dream_eater|dynamic_punch|endure|fire_punch|ice_punch|icy_wind|mega_kick|mega_punch|metronome|mimic|mud_slap|psych_up|rock_slide|rollout|seismic_toss|sleep_talk|snore|substitute|swagger|swift|thunder_punch;assist|baton_pass|disable|encore|rock_slide|smelling_salts|trick|wish;ground|humanshape;;;327;Panda Topos;1,1;5;marrón;50;no;No hay dos Spinda que tengan idénticos pelajes. Su tambaleo al bailar confunde a los rivales.
trapinch;Trapinch;ground;45;100;45;45;45;10;hyper_cutter;arena_trap;;medium_slow;58;255;attack:1;1:bite|9:sand_attack|17:feint_attack|25:sand_tomb|33:crunch|41:dig|49:sandstorm|57:hyper_beam;attract|dig|double_team|earthquake|facade|frustration|giga_drain|hidden_power|hyper_beam|protect|rest|return|rock_smash|rock_tomb|sandstorm|secret_power|solar_beam|strength|sunny_day|toxic;body_slam|double_edge|endure|mimic|mud_slap|rock_slide|sleep_talk|snore|substitute|swagger;focus_energy|gust|quick_attack;bug|dragon;vibrava@35;;328;Hormiga León;0,7;15;marrón;50;no;Habita desiertos áridos. Cava fosas profundas, en las que espera que caiga su presa.
vibrava;Vibrava;ground|dragon;50;70;50;50;50;70;levitate;;;medium_slow;119;120;attack:1|speed:1;1:bite|1:feint_attack|1:sand_attack|1:sand_tomb|9:sand_attack|17:feint_attack|25:sand_tomb|33:crunch|35:dragon_breath|41:screech|49:sandstorm|57:hyper_beam;attract|dig|double_team|earthquake|facade|fly|frustration|giga_drain|hidden_power|hyper_beam|protect|rest|return|rock_smash|rock_tomb|sandstorm|secret_power|solar_beam|steel_wing|strength|sunny_day|toxic;body_slam|double_edge|endure|mimic|mud_slap|rock_slide|sleep_talk|snore|substitute|swagger|swift;;bug|dragon;flygon@45;;329;Vibrante;1,1;15,3;verde;50;no;Al agitar a gran velocidad ambas alas, emite ondas ultrasónicas que provocan fuertes dolores de cabeza.
flygon;Flygon;ground|dragon;80;100;80;80;80;100;levitate;;;medium_slow;234;45;attack:1|speed:2;1:bite|1:feint_attack|1:sand_attack|1:sand_tomb|9:sand_attack|17:feint_attack|25:sand_tomb|33:crunch|35:dragon_breath|41:screech|53:sandstorm|65:hyper_beam;attract|dig|double_team|dragon_claw|earthquake|facade|fire_blast|flamethrower|fly|frustration|giga_drain|hidden_power|hyper_beam|iron_tail|protect|rest|return|rock_smash|rock_tomb|sandstorm|secret_power|solar_beam|steel_wing|strength|sunny_day|toxic;body_slam|double_edge|endure|fire_punch|fury_cutter|mimic|mud_slap|rock_slide|sleep_talk|snore|substitute|swagger|swift;;bug|dragon;;;330;Místico;2;82;verde;50;no;Su medio es el desierto. Para esconderse, levanta arena con las patas. Tiene los ojos protegidos con mallas rojas.
cacnea;Cacnea;grass;50;85;40;85;40;35;sand_veil;;;medium_slow;67;190;sp_attack:1;1:leer|1:poison_sting|5:absorb|9:growth|13:leech_seed|17:sand_attack|21:pin_missile|25:ingrain|29:feint_attack|33:spikes|37:needle_arm|41:cotton_spore|45:sandstorm;attract|bullet_seed|cut|double_team|facade|flash|focus_punch|frustration|giga_drain|hidden_power|protect|rest|return|sandstorm|secret_power|solar_beam|sunny_day|toxic;body_slam|counter|double_edge|dynamic_punch|endure|fury_cutter|mega_punch|mimic|mud_slap|seismic_toss|sleep_talk|snore|substitute|swagger|swords_dance|thunder_punch;acid|counter|dynamic_punch|grass_whistle|teeter_dance;plant|humanshape;cacturne@32;;331;Cactus;0,4;51,3;verde;50;no;Vive en regiones secas y con pocas lluvias. Una vez al año, le brota una flor amarilla.
cacturne;Cacturne;grass|dark;70;115;60;115;60;55;sand_veil;;;medium_slow;166;60;attack:1|sp_attack:1;1:absorb|1:growth|1:leer|1:poison_sting|5:absorb|9:growth|13:leech_seed|17:sand_attack|21:pin_missile|25:ingrain|29:feint_attack|35:spikes|41:needle_arm|47:cotton_spore|53:sandstorm;attract|bullet_seed|cut|double_team|facade|flash|focus_punch|frustration|giga_drain|hidden_power|hyper_beam|protect|rest|return|sandstorm|secret_power|solar_beam|strength|sunny_day|toxic;body_slam|counter|double_edge|dynamic_punch|endure|fury_cutter|mega_kick|mega_punch|mimic|mud_slap|seismic_toss|sleep_talk|snore|substitute|swagger|swords_dance|thunder_punch;;plant|humanshape;;;332;Espantajo;1,3;77,4;verde;50;no;Es un Pokémon nocturno. Busca presas agotadas por el calor diurno del desierto.
swablu;Swablu;normal|flying;45;40;60;40;75;50;natural_cure;;;erratic;62;255;sp_defense:1;1:growl|1:peck|8:astonish|11:sing|18:fury_attack|21:safeguard|28:mist|31:take_down|38:mirror_move|41:refresh|48:perish_song;aerial_ace|attract|double_team|facade|fly|frustration|hidden_power|ice_beam|protect|rain_dance|rest|return|safeguard|secret_power|solar_beam|steel_wing|sunny_day|thief|toxic;body_slam|double_edge|dream_eater|endure|mimic|mud_slap|psych_up|sleep_talk|snore|substitute|swagger|swift;agility|haze|pursuit|rage;flying|dragon;altaria@35;;333;Ave Algodón;0,4;1,2;azul;50;no;Se desconoce el porqué, pero le encanta posarse sobre la cabeza de los humanos y fingir que es un gorro.
altaria;Altaria;dragon|flying;75;70;90;70;105;80;natural_cure;;;erratic;172;45;sp_defense:2;1:astonish|1:growl|1:peck|1:sing|8:astonish|11:sing|18:fury_attack|21:safeguard|28:mist|31:take_down|35:dragon_breath|40:dragon_dance|45:refresh|54:perish_song|59:sky_attack;aerial_ace|attract|double_team|dragon_claw|earthquake|facade|fire_blast|flamethrower|fly|frustration|hidden_power|hyper_beam|ice_beam|iron_tail|protect|rain_dance|rest|return|roar|rock_smash|safeguard|secret_power|solar_beam|steel_wing|sunny_day|thief|toxic;body_slam|double_edge|dream_eater|endure|mimic|mud_slap|psych_up|sleep_talk|snore|substitute|swagger|swift;;flying|dragon;;;334;Cantor;1,1;20,6;azul;50;no;Vuela pausadamente por el cielo azul. Su hermoso trino cautiva a todo aquel que lo escucha.
zangoose;Zangoose;normal;73;115;60;60;60;90;immunity;;;erratic;160;90;attack:2;1:scratch|4:leer|7:quick_attack|10:swords_dance|13:fury_cutter|19:slash|25:pursuit|31:crush_claw|37:taunt|46:detect|55:false_swipe;aerial_ace|attract|blizzard|brick_break|dig|double_team|facade|fire_blast|flamethrower|focus_punch|frustration|giga_drain|hidden_power|ice_beam|iron_tail|protect|rain_dance|rest|return|roar|rock_smash|secret_power|shadow_ball|shock_wave|solar_beam|strength|sunny_day|taunt|thief|thunder|thunderbolt|toxic|water_pulse;body_slam|counter|defense_curl|double_edge|dynamic_punch|endure|fire_punch|fury_cutter|ice_punch|icy_wind|mega_kick|mega_punch|mimic|mud_slap|rock_slide|rollout|seismic_toss|sleep_talk|snore|substitute|swagger|swift|swords_dance|thunder_punch|thunder_wave;counter|curse|double_kick|flail|razor_wind|roar;ground;;;335;Gato Hurón;1,3;40,3;blanco;50;no;Hace muchos años que se enfrenta a Seviper. Su arma más eficaz son sus zarpas afiladas.
seviper;Seviper;poison;73;100;60;100;60;65;shed_skin;;;fluctuating;160;90;attack:1|sp_attack:1;1:wrap|7:lick|10:bite|16:poison_tail|19:screech|25:glare|28:crunch|34:poison_fang|37:swagger|43:haze;attract|dig|double_team|earthquake|facade|flamethrower|frustration|giga_drain|hidden_power|iron_tail|protect|rain_dance|rest|return|rock_smash|secret_power|sludge_bomb|snatch|strength|sunny_day|taunt|thief|toxic;body_slam|double_edge|endure|fury_cutter|mimic|mud_slap|sleep_talk|snore|substitute|swagger|swift;body_slam|spit_up|stockpile|swallow;ground|dragon;;;336;Colmillos;2,7;52,5;negro;50;no;Hace frente a Zangoose con su agilidad y su afilada cola, que está cargada con un veneno letal.
lunatone;Lunatone;rock|psychic;70;55;65;95;85;70;levitate;;;fast;161;45;sp_attack:2;1:harden|1:tackle|7:confusion|13:rock_throw|19:hypnosis|25:psywave|31:cosmic_power|37:psychic|43:future_sight|49:explosion;calm_mind|double_team|earthquake|facade|flash|frustration|hidden_power|hyper_beam|ice_beam|light_screen|protect|psychic|rain_dance|reflect|rest|return|rock_tomb|safeguard|sandstorm|secret_power|shadow_ball|skill_swap|toxic;body_slam|defense_curl|double_edge|dream_eater|endure|explosion|mimic|psych_up|rock_slide|rollout|sleep_talk|snore|substitute|swagger|swift;;mineral;;;337;Meteorito;1;168;amarillo;sin_genero;no;Se piensa que está muy influido por las fases lunares, ya que solo actúa en noches de luna llena.
solrock;Solrock;rock|psychic;70;95;85;55;65;70;levitate;;;fast;161;45;attack:2;1:harden|1:tackle|7:confusion|13:rock_throw|19:fire_spin|25:psywave|31:cosmic_power|37:rock_slide|43:solar_beam|49:explosion;calm_mind|double_team|earthquake|facade|fire_blast|flamethrower|flash|frustration|hidden_power|hyper_beam|light_screen|overheat|protect|psychic|reflect|rest|return|rock_tomb|safeguard|sandstorm|secret_power|shadow_ball|skill_swap|solar_beam|sunny_day|toxic;body_slam|defense_curl|double_edge|dream_eater|endure|explosion|mimic|psych_up|rock_slide|rollout|sleep_talk|snore|substitute|swagger|swift;;mineral;;;338;Meteorito;1,2;154;rojo;sin_genero;no;Usa el sol como fuente de energía, por lo que es más poderoso de día. Brilla al rotar.
barboach;Barboach;water|ground;50;48;43;46;41;60;oblivious;;;medium_fast;58;190;hp:1;1:mud_slap|6:mud_sport|6:water_sport|11:water_gun|16:magnitude|21:amnesia|26:rest|26:snore|31:earthquake|36:future_sight|41:fissure;attract|blizzard|dive|double_team|earthquake|facade|frustration|hail|hidden_power|ice_beam|protect|rain_dance|rest|return|rock_tomb|sandstorm|secret_power|surf|toxic|water_pulse|waterfall;double_edge|endure|icy_wind|mimic|mud_slap|sleep_talk|snore|substitute|swagger;spark|thrash|whirlpool;water2;whiscash@30;;339;Bigotudo;0,4;1,9;gris;50;no;Recubre su cuerpo de una película viscosa que le permite escapar si alguien lo agarra.
whiscash;Whiscash;water|ground;110;78;73;76;71;60;oblivious;;;medium_fast;164;75;hp:2;1:mud_slap|1:mud_sport|1:tickle|1:water_sport|6:mud_sport|6:water_sport|11:water_gun|16:magnitude|21:amnesia|26:rest|26:snore|36:earthquake|46:future_sight|56:fissure;attract|blizzard|dive|double_team|earthquake|facade|frustration|hail|hidden_power|hyper_beam|ice_beam|protect|rain_dance|rest|return|rock_smash|rock_tomb|sandstorm|secret_power|strength|surf|toxic|water_pulse|waterfall;double_edge|endure|icy_wind|mimic|mud_slap|rock_slide|sleep_talk|snore|substitute|swagger;;water2;;;340;Bigotudo;0,9;23,6;azul;50;no;Habita en grandes pantanos. Si se acerca un enemigo, se alborota y causa temblores monumentales.
corphish;Corphish;water;43;80;65;50;35;35;hyper_cutter;shell_armor;;fluctuating;62;205;attack:1;1:bubble|7:harden|10:vice_grip|13:leer|20:bubble_beam|23:protect|26:knock_off|32:taunt|35:crabhammer|38:swords_dance|44:guillotine;aerial_ace|attract|blizzard|brick_break|cut|dig|double_team|facade|frustration|hail|hidden_power|ice_beam|protect|rain_dance|rest|return|rock_smash|rock_tomb|secret_power|sludge_bomb|strength|surf|taunt|toxic|water_pulse|waterfall;body_slam|counter|double_edge|endure|fury_cutter|icy_wind|mimic|mud_slap|sleep_talk|snore|substitute|swagger|swords_dance;ancient_power|body_slam|endeavor|mud_sport;water1|water3;crawdaunt@30;;341;Rufián;0,6;11,5;rojo;50;no;Por sucio o contaminado que esté el río, se adaptan rápido y se multiplican. Poseen una gran fuerza vital.
crawdaunt;Crawdaunt;water|dark;63;120;85;90;55;55;hyper_cutter;shell_armor;;fluctuating;164;155;attack:2;1:bubble|1:harden|1:leer|1:vice_grip|7:harden|10:vice_grip|13:leer|20:bubble_beam|23:protect|26:knock_off|34:taunt|39:crabhammer|44:swords_dance|52:guillotine;aerial_ace|attract|blizzard|brick_break|cut|dig|dive|double_team|facade|frustration|hail|hidden_power|hyper_beam|ice_beam|protect|rain_dance|rest|return|rock_smash|rock_tomb|secret_power|sludge_bomb|strength|surf|taunt|toxic|water_pulse|waterfall;body_slam|counter|double_edge|endure|fury_cutter|icy_wind|mimic|mud_slap|sleep_talk|snore|substitute|swagger|swift|swords_dance;;water1|water3;;;342;Granuja;1,1;32,8;rojo;50;no;Este malandrín usa sus pinzas para atosigar y expulsar a los otros Pokémon que viven en su estanque.
baltoy;Baltoy;ground|psychic;40;40;55;40;70;55;levitate;;;medium_fast;60;255;sp_defense:1;1:confusion|3:harden|5:rapid_spin|7:mud_slap|11:psybeam|15:rock_tomb|19:self_destruct|25:ancient_power|31:sandstorm|37:cosmic_power|45:explosion;dig|double_team|earthquake|facade|flash|frustration|hidden_power|ice_beam|light_screen|protect|psychic|rain_dance|reflect|rest|return|rock_tomb|sandstorm|secret_power|shadow_ball|skill_swap|solar_beam|sunny_day|toxic;double_edge|dream_eater|endure|explosion|mimic|mud_slap|psych_up|rock_slide|sleep_talk|snore|substitute|swagger;;mineral;claydol@36;;343;Muñeca Barro;0,5;21,5;marrón;sin_genero;no;Se mueve girando sobre su eje. También se le puede ver girando cabeza abajo.
claydol;Claydol;ground|psychic;60;70;105;70;120;75;levitate;;;medium_fast;175;90;sp_defense:2;1:confusion|1:harden|1:rapid_spin|1:teleport|3:harden|5:rapid_spin|7:mud_slap|11:psybeam|15:rock_tomb|19:self_destruct|25:ancient_power|31:sandstorm|36:hyper_beam|42:cosmic_power|55:explosion;dig|double_team|earthquake|facade|flash|frustration|hidden_power|hyper_beam|ice_beam|light_screen|protect|psychic|rain_dance|reflect|rest|return|rock_smash|rock_tomb|sandstorm|secret_power|shadow_ball|skill_swap|solar_beam|strength|sunny_day|toxic;double_edge|dream_eater|endure|explosion|mimic|mud_slap|psych_up|rock_slide|sleep_talk|snore|substitute|swagger;;mineral;;;344;Muñeca Barro;1,5;108;negro;sin_genero;no;Este Pokémon es una vieja figurilla de barro que cobró vida mediante la exposición a extraños rayos de luz.
lileep;Lileep;rock|grass;66;41;77;61;87;23;suction_cups;;;erratic;71;45;sp_defense:1;1:astonish|8:constrict|15:acid|22:ingrain|29:confuse_ray|36:amnesia|43:ancient_power|50:spit_up|50:stockpile|50:swallow;attract|bullet_seed|double_team|facade|frustration|giga_drain|hidden_power|protect|rest|return|sandstorm|secret_power|sludge_bomb|solar_beam|sunny_day|toxic;body_slam|double_edge|endure|mimic|mud_slap|psych_up|rock_slide|sleep_talk|snore|substitute|swagger;barrier|mirror_coat|recover|rock_slide;water3;cradily@40;;345;Lirio de Mar;1;23,8;morado;12,5;no;Se extinguió hace 100 millones de años. Sus tentáculos parecen pétalos para atraer a sus presas.
cradily;Cradily;rock|grass;86;81;97;81;107;43;suction_cups;;;erratic;173;45;sp_defense:2;1:acid|1:astonish|1:constrict|1:ingrain|8:constrict|15:acid|22:ingrain|29:confuse_ray|36:amnesia|48:ancient_power|60:spit_up|60:stockpile|60:swallow;attract|bullet_seed|double_team|earthquake|facade|frustration|giga_drain|hidden_power|hyper_beam|protect|rest|return|rock_smash|rock_tomb|sandstorm|secret_power|sludge_bomb|solar_beam|strength|sunny_day|toxic;body_slam|double_edge|endure|mimic|mud_slap|psych_up|rock_slide|sleep_talk|snore|substitute|swagger;;water3;;;346;Percebe;1,5;60,4;verde;12,5;no;Vive en el fondo de los mares de aguas templadas. Emerge para cazar cuando baja la marea.
anorith;Anorith;rock|bug;45;95;50;40;50;75;battle_armor;;;erratic;71;45;attack:1;1:scratch|7:harden|13:mud_sport|19:water_gun|25:metal_claw|31:protect|37:ancient_power|43:fury_cutter|49:slash|55:rock_blast;aerial_ace|attract|brick_break|cut|dig|double_team|facade|frustration|hidden_power|protect|rest|return|rock_smash|rock_tomb|sandstorm|secret_power|sunny_day|toxic|water_pulse;body_slam|double_edge|endure|fury_cutter|mimic|mud_slap|rock_slide|sleep_talk|snore|substitute|swagger|swords_dance;knock_off|rapid_spin|rock_slide|swords_dance;water3;armaldo@40;;347;Camarón;0,7;12,5;gris;12,5;no;Es una especie de Pokémon predecesor. Estira las pinzas para cazar a sus presas, que se esconden en las rocas del mar.
armaldo;Armaldo;rock|bug;75;125;100;70;80;45;battle_armor;;;erratic;173;45;attack:2;1:harden|1:mud_sport|1:scratch|1:water_gun|7:harden|13:mud_sport|19:water_gun|25:metal_claw|31:protect|37:ancient_power|46:fury_cutter|55:slash|64:rock_blast;aerial_ace|attract|brick_break|cut|dig|double_team|earthquake|facade|frustration|hidden_power|hyper_beam|iron_tail|protect|rest|return|rock_smash|rock_tomb|sandstorm|secret_power|strength|sunny_day|toxic|water_pulse;body_slam|double_edge|endure|fury_cutter|mimic|mud_slap|rock_slide|seismic_toss|sleep_talk|snore|substitute|swagger|swords_dance;;water3;;;348;Armadura;1,5;68,2;gris;12,5;no;Ensarta a sus presas con sus gigantescas garras elásticas. Una fuerte coraza cubre su cuerpo.
feebas;Feebas;water;20;15;20;10;55;80;swift_swim;;;erratic;40;255;speed:1;1:splash|15:tackle|30:flail;attract|blizzard|dive|double_team|facade|frustration|hail|hidden_power|ice_beam|protect|rain_dance|rest|return|secret_power|surf|toxic|water_pulse|waterfall;double_edge|endure|icy_wind|mimic|sleep_talk|snore|substitute|swagger|swift;confuse_ray|dragon_breath|hypnosis|light_screen|mirror_coat|mud_sport;water1|dragon;milotic@intercambio:prism_scale;;349;Pez;0,6;7,4;marrón;50;no;Come de todo, por lo que puede vivir en aguas contaminadas. Nadie le presta atención.
milotic;Milotic;water;95;60;79;100;125;81;marvel_scale;;;erratic;189;60;sp_defense:2;1:water_gun|5:wrap|10:water_sport|15:refresh|20:water_pulse|25:twister|30:recover|35:rain_dance|40:hydro_pump|45:attract|50:safeguard;attract|blizzard|dive|double_team|facade|frustration|hail|hidden_power|hyper_beam|ice_beam|iron_tail|protect|rain_dance|rest|return|safeguard|secret_power|surf|toxic|water_pulse|waterfall;body_slam|double_edge|endure|icy_wind|mimic|mud_slap|psych_up|sleep_talk|snore|substitute|swagger|swift;;water1|dragon;;;350;Tierno;6,2;162;rosa;50;no;Milotic es impresionantemente bello. Quienes lo ven, temen perder las ganas de luchar contra él.
castform;Castform;normal;70;70;70;70;70;70;forecast;;;medium_fast;147;45;hp:1;1:tackle|10:ember|10:powder_snow|10:water_gun|20:hail|20:rain_dance|20:sunny_day|30:weather_ball;attract|blizzard|double_team|facade|fire_blast|flamethrower|flash|frustration|hail|hidden_power|ice_beam|protect|rain_dance|rest|return|sandstorm|secret_power|shadow_ball|shock_wave|solar_beam|sunny_day|thief|thunder|thunderbolt|toxic|water_pulse;body_slam|defense_curl|double_edge|endure|icy_wind|mimic|psych_up|sleep_talk|snore|substitute|swagger|swift|thunder_wave;future_sight|psych_up;fairy|indeterminate;;;351;Clima;0,3;0,8;gris;50;no;Sus células son muy sensibles a los cambios de temperatura y humedad y se adapta sin problema.
kecleon;Kecleon;normal;60;90;70;60;120;40;color_change;;;medium_slow;154;200;sp_defense:1;1:astonish|1:lick|1:scratch|1:tail_whip|1:thief|4:bind|7:feint_attack|12:fury_swipes|17:psybeam|24:screech|31:slash|40:substitute|49:ancient_power;aerial_ace|attract|blizzard|brick_break|cut|dig|double_team|facade|fire_blast|flamethrower|flash|focus_punch|frustration|hidden_power|ice_beam|iron_tail|protect|rain_dance|rest|return|rock_smash|rock_tomb|secret_power|shadow_ball|shock_wave|skill_swap|snatch|solar_beam|strength|sunny_day|thief|thunder|thunderbolt|toxic|water_pulse;body_slam|counter|defense_curl|double_edge|dynamic_punch|endure|fire_punch|fury_cutter|ice_punch|icy_wind|mega_kick|mega_punch|metronome|mimic|mud_slap|psych_up|rock_slide|rollout|seismic_toss|sleep_talk|snore|substitute|swagger|swift|thunder_punch|thunder_wave;disable|magic_coat|trick;ground;;;352;Camaleónico;1;22;verde;50;no;Puede mudar el color de su cuerpo a voluntad, pero el dibujo en zigzag de su panza nunca desaparece.
shuppet;Shuppet;ghost;44;75;35;63;33;45;insomnia;;;fast;59;225;attack:1;1:knock_off|8:screech|13:night_shade|20:curse|25:spite|32:will_o_wisp|37:feint_attack|44:shadow_ball|49:snatch|56:grudge;attract|calm_mind|double_team|facade|flash|frustration|hidden_power|protect|psychic|rain_dance|rest|return|secret_power|shadow_ball|shock_wave|skill_swap|snatch|sunny_day|taunt|thief|thunder|thunderbolt|torment|toxic;body_slam|double_edge|dream_eater|endure|icy_wind|mimic|psych_up|sleep_talk|snore|substitute|swagger|thunder_wave;astonish|destiny_bond|disable|foresight|imprison;indeterminate;banette@37;;353;Títere;0,6;2,3;negro;50;no;Dicen que con su cuerno se alimenta de sentimientos de celos y envidia. Es muy activo a medianoche.
banette;Banette;ghost;64;115;65;83;63;65;insomnia;;;fast;159;45;attack:2;1:curse|1:knock_off|1:night_shade|1:screech|8:screech|13:night_shade|20:curse|25:spite|32:will_o_wisp|39:feint_attack|48:shadow_ball|55:snatch|64:grudge;attract|calm_mind|double_team|facade|flash|frustration|hidden_power|hyper_beam|protect|psychic|rain_dance|rest|return|secret_power|shadow_ball|shock_wave|skill_swap|snatch|sunny_day|taunt|thief|thunder|thunderbolt|torment|toxic;body_slam|double_edge|dream_eater|endure|icy_wind|metronome|mimic|mud_slap|psych_up|sleep_talk|snore|substitute|swagger|thunder_wave;;indeterminate;;;354;Marioneta;1,1;12,5;negro;50;no;Este muñeco se convirtió en un Pokémon cuando lo tiraron a la basura. Busca a su antiguo dueño.
duskull;Duskull;ghost;20;40;90;30;90;25;levitate;;;fast;59;190;sp_defense:1;1:leer|1:night_shade|5:disable|12:foresight|16:astonish|23:confuse_ray|27:pursuit|34:curse|38:will_o_wisp|45:mean_look|49:future_sight;attract|blizzard|calm_mind|double_team|facade|flash|frustration|hidden_power|ice_beam|protect|psychic|rain_dance|rest|return|secret_power|shadow_ball|skill_swap|snatch|sunny_day|taunt|thief|torment|toxic;body_slam|double_edge|dream_eater|endure|icy_wind|mimic|psych_up|sleep_talk|snore|substitute|swagger;destiny_bond|feint_attack|grudge|imprison|memento|pain_split;indeterminate;dusclops@37;;355;Réquiem;0,8;15;negro;50;no;Persigue a su presa sin descanso allá donde vaya. No obstante, abandona la caza al amanecer.
dusclops;Dusclops;ghost;40;70;130;60;130;25;pressure;;;fast;159;90;defense:1|sp_defense:1;1:bind|1:disable|1:leer|1:night_shade|5:disable|12:foresight|16:astonish|23:confuse_ray|27:pursuit|34:curse|37:shadow_punch|41:will_o_wisp|51:mean_look|58:future_sight;attract|blizzard|calm_mind|double_team|earthquake|facade|flash|focus_punch|frustration|hidden_power|hyper_beam|ice_beam|protect|psychic|rain_dance|rest|return|rock_smash|rock_tomb|secret_power|shadow_ball|skill_swap|snatch|strength|sunny_day|taunt|thief|torment|toxic;body_slam|counter|double_edge|dream_eater|dynamic_punch|endure|fire_punch|ice_punch|icy_wind|mega_kick|mega_punch|metronome|mimic|mud_slap|psych_up|rock_slide|seismic_toss|sleep_talk|snore|substitute|swagger|thunder_punch;;indeterminate;;;356;Atrayente;1,6;30,6;negro;50;no;Si alguien mira los fuegos fatuos del interior de Dusclops, perderá su alma irremediablemente.
tropius;Tropius;grass|flying;99;68;83;72;87;51;chlorophyll;;;slow;161;200;hp:2;1:gust|1:leer|7:growth|11:razor_leaf|17:stomp|21:sweet_scent|27:whirlwind|31:magical_leaf|37:body_slam|41:solar_beam|47:synthesis;aerial_ace|attract|bullet_seed|cut|double_team|earthquake|facade|flash|fly|frustration|giga_drain|hidden_power|hyper_beam|protect|rest|return|roar|rock_smash|safeguard|secret_power|solar_beam|steel_wing|strength|sunny_day|toxic;body_slam|double_edge|endure|fury_cutter|mimic|mud_slap|sleep_talk|snore|substitute|swagger|swords_dance;headbutt|leech_seed|nature_power|razor_wind|slam;monster|plant;;;357;Fruto;2;100;verde;50;no;Puede volar al agitar sus grandes hojas. Reparte entre los niños la codiciada fruta dulce que crece de su cuello.
chimecho;Chimecho;psychic;65;50;70;95;80;65;levitate;;;fast;159;45;sp_attack:1|sp_defense:1;1:wrap|6:growl|9:astonish|14:confusion|17:take_down|22:uproar|25:yawn|30:psywave|33:double_edge|38:heal_bell|41:safeguard|46:psychic;attract|calm_mind|double_team|facade|flash|frustration|hidden_power|light_screen|protect|psychic|rain_dance|reflect|rest|return|safeguard|secret_power|shadow_ball|shock_wave|skill_swap|snatch|sunny_day|taunt|torment|toxic;defense_curl|double_edge|dream_eater|endure|icy_wind|mimic|psych_up|rollout|sleep_talk|snore|substitute|swagger;curse|disable|dream_eater|hypnosis;indeterminate;;;358;Sonido Aire;0,6;1;azul;50;no;Se cuelga de ramas y aleros con la ventosa de su cabeza. Tiene siete tipos de gritos diferentes.
absol;Absol;dark;65;130;60;75;60;75;pressure;;;medium_slow;163;30;attack:2;1:scratch|5:leer|9:taunt|13:quick_attack|17:razor_wind|21:bite|26:swords_dance|31:double_team|36:slash|41:future_sight|46:perish_song;aerial_ace|attract|blizzard|calm_mind|cut|double_team|facade|fire_blast|flamethrower|flash|frustration|hail|hidden_power|hyper_beam|ice_beam|iron_tail|protect|rain_dance|rest|return|rock_smash|sandstorm|secret_power|shadow_ball|shock_wave|snatch|strength|sunny_day|taunt|thief|thunder|thunderbolt|torment|toxic|water_pulse;body_slam|counter|double_edge|dream_eater|endure|fury_cutter|icy_wind|mimic|mud_slap|psych_up|rock_slide|sleep_talk|snore|substitute|swagger|swift|swords_dance|thunder_wave;baton_pass|curse|double_edge|feint_attack|magic_coat|substitute;ground;;;359;Catástrofe;1,2;47;blanco;50;no;Presiente desastres inminentes y se aparece a la gente para advertir del peligro.
wynaut;Wynaut;psychic;95;23;48;23;48;23;shadow_tag;;;medium_fast;52;125;hp:1;1:charm|1:encore|1:splash|15:counter|15:destiny_bond|15:mirror_coat|15:safeguard;;;;no_eggs;wobbuffet@15;;360;Radiante;0,6;14;azul;50;no;Suelen ir en grupo y a la hora de dormir se resguardan en una cueva.
snorunt;Snorunt;ice;50;50;50;50;50;50;inner_focus;;;medium_fast;60;190;hp:1;1:leer|1:powder_snow|7:double_team|10:bite|16:icy_wind|19:headbutt|25:protect|28:crunch|34:ice_beam|37:hail|43:blizzard;attract|blizzard|double_team|facade|flash|frustration|hail|hidden_power|ice_beam|light_screen|protect|rain_dance|rest|return|safeguard|secret_power|shadow_ball|toxic|water_pulse;body_slam|double_edge|endure|icy_wind|mimic|sleep_talk|snore|substitute|swagger;block|spikes;fairy|mineral;glalie@42;;361;Gorro Nieve;0,7;16,8;gris;50;no;Se dice que se reúnen en grupos bajo hojas gigantescas y viven allí en total armonía.
glalie;Glalie;ice;80;80;80;80;80;80;inner_focus;;;medium_fast;168;75;hp:2;1:bite|1:double_team|1:leer|1:powder_snow|7:double_team|10:bite|16:icy_wind|19:headbutt|25:protect|28:crunch|34:ice_beam|42:hail|53:blizzard|61:sheer_cold;attract|blizzard|double_team|earthquake|facade|flash|frustration|hail|hidden_power|hyper_beam|ice_beam|light_screen|protect|rain_dance|rest|return|safeguard|secret_power|shadow_ball|taunt|torment|toxic|water_pulse;body_slam|defense_curl|double_edge|endure|explosion|icy_wind|mimic|rollout|sleep_talk|snore|substitute|swagger;;fairy|mineral;;;362;Cara;1,5;256,5;gris;50;no;Se protege con una armadura de hielo creada por congelación de la humedad del aire.
spheal;Spheal;ice|water;70;40;50;55;50;25;thick_fat;;;medium_slow;58;255;hp:1;1:growl|1:powder_snow|1:water_gun|7:encore|13:ice_ball|19:body_slam|25:aurora_beam|31:hail|37:rest|37:snore|43:blizzard|49:sheer_cold;attract|blizzard|dive|double_team|earthquake|facade|frustration|hail|hidden_power|ice_beam|iron_tail|protect|rain_dance|rest|return|rock_smash|rock_tomb|secret_power|strength|surf|toxic|water_pulse|waterfall;body_slam|defense_curl|double_edge|endure|icy_wind|mimic|mud_slap|rock_slide|rollout|sleep_talk|snore|substitute|swagger;curse|fissure|rock_slide|spit_up|stockpile|swallow|water_sport|yawn;water1|ground;sealeo@32;;363;Aplauso;0,8;39,5;azul;50;no;Como no saben nadar muy bien, se mueven rápidamente rodando. Cuando están alegres, dan palmadas con las aletas.
sealeo;Sealeo;ice|water;90;60;70;75;70;45;thick_fat;;;medium_slow;144;120;hp:2;1:encore|1:growl|1:powder_snow|1:water_gun|7:encore|13:ice_ball|19:body_slam|25:aurora_beam|31:hail|39:rest|39:snore|47:blizzard|55:sheer_cold;attract|blizzard|dive|double_team|earthquake|facade|frustration|hail|hidden_power|ice_beam|iron_tail|protect|rain_dance|rest|return|roar|rock_smash|rock_tomb|secret_power|strength|surf|toxic|water_pulse|waterfall;body_slam|defense_curl|double_edge|endure|icy_wind|mimic|mud_slap|rock_slide|rollout|sleep_talk|snore|substitute|swagger;;water1|ground;walrein@44;;364;Rodabola;1,1;87,6;azul;50;no;Su nariz es muy sensible. Cuando ve algo por primera vez, lo toca con ella para recordarlo después.
walrein;Walrein;ice|water;110;80;90;95;90;65;thick_fat;;;medium_slow;239;45;hp:3;1:encore|1:growl|1:powder_snow|1:water_gun|7:encore|13:ice_ball|19:body_slam|25:aurora_beam|31:hail|39:rest|39:snore|50:blizzard|61:sheer_cold;attract|blizzard|dive|double_team|earthquake|facade|frustration|hail|hidden_power|hyper_beam|ice_beam|iron_tail|protect|rain_dance|rest|return|roar|rock_smash|rock_tomb|secret_power|strength|surf|toxic|water_pulse|waterfall;body_slam|defense_curl|double_edge|endure|icy_wind|mimic|mud_slap|rock_slide|rollout|sleep_talk|snore|substitute|swagger;;water1|ground;;;365;Rompehielo;1,4;150,6;azul;50;no;Rompe el hielo con sus colmillos. Su gruesa capa de grasa le protege del frío y de los enemigos.
clamperl;Clamperl;water;35;64;85;74;55;32;shell_armor;;;erratic;69;255;defense:1;1:clamp|1:iron_defense|1:water_gun|1:whirlpool;attract|blizzard|dive|double_team|facade|frustration|hail|hidden_power|ice_beam|protect|rain_dance|rest|return|secret_power|surf|toxic|water_pulse|waterfall;body_slam|double_edge|endure|icy_wind|mimic|sleep_talk|snore|substitute|swagger;barrier|body_slam|confuse_ray|mud_sport|refresh|supersonic;water1;huntail@intercambio:deep_sea_tooth | gorebyss@intercambio:deep_sea_scale;;366;Bivalvo;0,4;52,5;azul;50;no;Produce durante su vida una sola perla que aumenta los poderes psíquicos al evolucionar.
huntail;Huntail;water;55;104;105;94;75;52;swift_swim;;;erratic;170;60;attack:1|defense:1;1:whirlpool|8:bite|15:screech|22:water_pulse|29:scary_face|36:crunch|43:baton_pass|50:hydro_pump;attract|blizzard|dive|double_team|facade|frustration|hail|hidden_power|hyper_beam|ice_beam|protect|rain_dance|rest|return|rock_tomb|secret_power|snatch|surf|toxic|water_pulse|waterfall;body_slam|double_edge|endure|icy_wind|mimic|mud_slap|sleep_talk|snore|substitute|swagger|swift;;water1;;;367;Abisal;1,7;27;azul;50;no;Vive en los abismos marinos, donde no se filtra la luz. Tiene una cola en forma de pez, que enciende para atraer a su presa.
gorebyss;Gorebyss;water;55;84;105;114;75;52;swift_swim;;;erratic;170;60;sp_attack:2;1:whirlpool|8:confusion|15:agility|22:water_pulse|29:amnesia|36:psychic|43:baton_pass|50:hydro_pump;attract|blizzard|dive|double_team|facade|frustration|hail|hidden_power|hyper_beam|ice_beam|protect|psychic|rain_dance|rest|return|safeguard|secret_power|shadow_ball|surf|toxic|water_pulse|waterfall;body_slam|double_edge|endure|icy_wind|mimic|mud_slap|sleep_talk|snore|substitute|swagger|swift;;water1;;;368;Mar del Sur;1,8;22,6;rosa;50;no;Vive en el fondo del mar. En primavera, su cuerpo rosado adquiere colores más vivos.
relicanth;Relicanth;water|rock;100;90;130;45;65;55;swift_swim;rock_head;;slow;170;25;hp:1|defense:1;1:harden|1:tackle|8:water_gun|15:rock_tomb|22:yawn|29:take_down|36:mud_sport|43:ancient_power|50:rest|57:double_edge|64:hydro_pump;attract|blizzard|calm_mind|dive|double_team|earthquake|facade|frustration|hail|hidden_power|hyper_beam|ice_beam|protect|rain_dance|rest|return|rock_smash|rock_tomb|safeguard|sandstorm|secret_power|surf|toxic|water_pulse|waterfall;body_slam|double_edge|endure|icy_wind|mimic|mud_slap|psych_up|rock_slide|sleep_talk|snore|substitute|swagger;amnesia|magnitude|rock_slide|skull_bash|sleep_talk|water_sport;water1|water2;;;369;Longevo;1;23,4;gris;12,5;no;No ha sufrido ningún cambio desde hace 100 millones de años. Fue descubierto durante una expedición marina.
luvdisc;Luvdisc;water;43;30;55;40;65;97;swift_swim;;;fast;116;225;speed:1;1:tackle|4:charm|12:water_gun|16:agility|24:take_down|28:attract|36:sweet_kiss|40:flail|48:safeguard;attract|blizzard|dive|double_team|facade|frustration|hail|hidden_power|ice_beam|protect|rain_dance|rest|return|safeguard|secret_power|surf|toxic|water_pulse|waterfall;double_edge|endure|icy_wind|mimic|psych_up|sleep_talk|snore|substitute|swagger|swift;mud_sport|splash|supersonic|water_sport;water2;;;370;Cita;0,6;8,7;rosa;75;no;Vive en mares cálidos. Se dice que, si una pareja lo encuentra, será bendecida con amor eterno.
bagon;Bagon;dragon;45;75;60;40;30;50;rock_head;;;slow;60;45;attack:1;1:rage|5:bite|9:leer|17:headbutt|21:focus_energy|25:ember|33:dragon_breath|37:scary_face|41:crunch|49:dragon_claw|53:double_edge;aerial_ace|attract|brick_break|cut|double_team|dragon_claw|facade|fire_blast|flamethrower|frustration|hidden_power|protect|rain_dance|rest|return|roar|rock_smash|rock_tomb|secret_power|strength|sunny_day|toxic;body_slam|double_edge|endure|fury_cutter|mimic|mud_slap|rock_slide|sleep_talk|snore|substitute|swagger;dragon_dance|dragon_rage|hydro_pump|thrash|twister;dragon;shelgon@30;;371;Cabeza Roca;0,6;42,1;azul;50;no;Su desarrollado cuello y su cabeza dura como el acero le permiten reducir a añicos rocas enormes.
shelgon;Shelgon;dragon;65;95;100;60;50;50;rock_head;;;slow;147;45;defense:2;1:bite|1:headbutt|1:leer|1:rage|5:bite|9:leer|17:headbutt|21:focus_energy|25:ember|30:protect|38:dragon_breath|47:scary_face|56:crunch|69:dragon_claw|78:double_edge;aerial_ace|attract|brick_break|cut|double_team|dragon_claw|facade|fire_blast|flamethrower|frustration|hidden_power|protect|rain_dance|rest|return|roar|rock_smash|rock_tomb|secret_power|strength|sunny_day|toxic;body_slam|defense_curl|double_edge|endure|fury_cutter|mimic|mud_slap|rock_slide|rollout|sleep_talk|snore|substitute|swagger;;dragon;salamence@50;;372;Resistencia;1,1;110,5;blanco;50;no;Las células han empezado a cambiar dentro de su dura concha, que se separa cuando evoluciona.
salamence;Salamence;dragon|flying;95;135;80;110;80;100;intimidate;;;slow;270;45;attack:3;1:bite|1:headbutt|1:leer|1:rage|5:bite|9:leer|17:headbutt|21:focus_energy|25:ember|30:protect|38:dragon_breath|47:scary_face|50:fly|61:crunch|79:dragon_claw|93:double_edge;aerial_ace|attract|brick_break|cut|double_team|dragon_claw|earthquake|facade|fire_blast|flamethrower|fly|frustration|hidden_power|hyper_beam|iron_tail|protect|rain_dance|rest|return|roar|rock_smash|rock_tomb|secret_power|steel_wing|strength|sunny_day|toxic;body_slam|defense_curl|double_edge|endure|fury_cutter|mimic|mud_slap|rock_slide|rollout|sleep_talk|snore|substitute|swagger|swift;;dragon;;;373;Dragón;1,5;102,6;azul;50;no;"Si se enfada, no hay forma de calmarlo; lo destruye todo lanzando arañazos y llamas."
beldum;Beldum;steel|psychic;40;55;80;35;60;30;clear_body;;;slow;60;3;defense:1;1:take_down;;;;mineral;metang@20;;374;Bola Hierro;0,6;95,2;azul;sin_genero;no;Los pulsos magnéticos de su cuerpo repelen la gravedad, lo que le permite flotar en el aire.
metang;Metang;steel|psychic;60;75;100;55;80;50;clear_body;;;slow;147;3;defense:2;1:take_down|20:confusion|20:metal_claw|26:scary_face|32:pursuit|38:psychic|44:iron_defense|50:meteor_mash|56:agility|62:hyper_beam;aerial_ace|brick_break|cut|double_team|earthquake|facade|flash|frustration|hidden_power|hyper_beam|light_screen|protect|psychic|rain_dance|reflect|rest|return|rock_smash|rock_tomb|sandstorm|secret_power|shadow_ball|sludge_bomb|strength|sunny_day|toxic;body_slam|defense_curl|double_edge|dynamic_punch|endure|explosion|fury_cutter|ice_punch|icy_wind|mimic|mud_slap|psych_up|rock_slide|rollout|sleep_talk|snore|substitute|swagger|swift|thunder_punch;;mineral;metagross@45;;375;Garra Hierro;1,2;202,5;azul;sin_genero;no;Lo forman dos Beldum unidos. Puede chocarse con un avión sin que su cuerpo de acero sufra ni un rasguño.
metagross;Metagross;steel|psychic;80;135;130;95;90;70;clear_body;;;slow;270;3;defense:3;1:confusion|1:metal_claw|1:scary_face|1:take_down|20:confusion|20:metal_claw|26:scary_face|32:pursuit|38:psychic|44:iron_defense|55:meteor_mash|66:agility|77:hyper_beam;aerial_ace|brick_break|cut|double_team|earthquake|facade|flash|frustration|hidden_power|hyper_beam|light_screen|protect|psychic|rain_dance|reflect|rest|return|rock_smash|rock_tomb|sandstorm|secret_power|shadow_ball|sludge_bomb|strength|sunny_day|toxic;body_slam|defense_curl|double_edge|dynamic_punch|endure|explosion|fury_cutter|ice_punch|icy_wind|mimic|mud_slap|psych_up|rock_slide|rollout|sleep_talk|snore|substitute|swagger|swift|thunder_punch;;mineral;;;376;Pata Hierro;1,6;550;azul;sin_genero;no;Gracias a sus cuatro cerebros, es más inteligente que un superordenador y analiza con precisión al enemigo.
regirock;Regirock;rock;80;100;200;50;100;50;clear_body;;;slow;261;3;defense:3;1:explosion|9:rock_throw|17:curse|25:superpower|33:ancient_power|41:iron_defense|49:zap_cannon|57:lock_on|65:hyper_beam;brick_break|dig|double_team|earthquake|facade|focus_punch|frustration|hidden_power|hyper_beam|protect|rest|return|rock_smash|rock_tomb|safeguard|sandstorm|secret_power|shock_wave|strength|sunny_day|thunder|thunderbolt|toxic;body_slam|counter|defense_curl|double_edge|dynamic_punch|endure|explosion|fire_punch|ice_punch|mega_kick|mega_punch|mimic|mud_slap|psych_up|rock_slide|rollout|seismic_toss|sleep_talk|snore|substitute|swagger|thunder_punch|thunder_wave;;no_eggs;;;377;Pico Roca;1,7;230;marrón;sin_genero;si;Su cuerpo está hecho de roca. Si se astilla durante el combate, emplea piedras para repararlo.
regice;Regice;ice;80;50;100;100;200;50;clear_body;;;slow;261;3;sp_defense:3;1:explosion|9:icy_wind|17:curse|25:superpower|33:ancient_power|41:amnesia|49:zap_cannon|57:lock_on|65:hyper_beam;blizzard|brick_break|double_team|earthquake|facade|focus_punch|frustration|hail|hidden_power|hyper_beam|ice_beam|protect|rain_dance|rest|return|rock_smash|safeguard|secret_power|shock_wave|strength|thunder|thunderbolt|toxic;body_slam|counter|defense_curl|double_edge|dynamic_punch|endure|explosion|ice_punch|icy_wind|mega_kick|mega_punch|mimic|mud_slap|psych_up|rock_slide|rollout|seismic_toss|sleep_talk|snore|substitute|swagger|thunder_punch|thunder_wave;;no_eggs;;;378;Iceberg;1,8;175;azul;sin_genero;si;Dicen que ha yacido durmiendo en un glaciar durante milenios. Ni el magma puede derretir su cuerpo.
registeel;Registeel;steel;80;75;150;75;150;50;clear_body;;;slow;261;3;defense:2|sp_defense:1;1:explosion|9:metal_claw|17:curse|25:superpower|33:ancient_power|41:amnesia|41:iron_defense|49:zap_cannon|57:lock_on|65:hyper_beam;aerial_ace|brick_break|double_team|earthquake|facade|focus_punch|frustration|hidden_power|hyper_beam|protect|rain_dance|rest|return|rock_smash|rock_tomb|safeguard|sandstorm|secret_power|shock_wave|strength|sunny_day|thunder|thunderbolt|toxic;body_slam|counter|defense_curl|double_edge|dynamic_punch|endure|explosion|ice_punch|mega_kick|mega_punch|mimic|mud_slap|psych_up|rock_slide|rollout|seismic_toss|sleep_talk|snore|substitute|swagger|thunder_punch|thunder_wave;;no_eggs;;;379;Hierro;1,9;205;gris;sin_genero;si;Su cuerpo ha estado sometido a la presión subterránea durante miles de años y no puede arañarse.
latias;Latias;dragon|psychic;80;80;90;110;130;110;levitate;;;slow;270;3;sp_defense:3;1:psywave|5:wish|10:helping_hand|15:safeguard|20:dragon_breath|25:water_sport|30:refresh|35:mist_ball|40:psychic|45:recover|50:charm;aerial_ace|attract|calm_mind|cut|dive|double_team|dragon_claw|earthquake|facade|flash|fly|frustration|hidden_power|hyper_beam|ice_beam|light_screen|protect|psychic|rain_dance|reflect|rest|return|roar|safeguard|sandstorm|secret_power|shadow_ball|shock_wave|solar_beam|steel_wing|sunny_day|surf|thunder|thunderbolt|toxic|water_pulse|waterfall;body_slam|double_edge|dream_eater|endure|fury_cutter|icy_wind|mimic|mud_slap|psych_up|sleep_talk|snore|substitute|swagger|swift|thunder_wave;;no_eggs;;;380;Eón;1,4;40;rojo;100;si;Se comunica por telepatía. Su plumaje refleja la luz, lo que le permite hacerse invisible.
latios;Latios;dragon|psychic;80;90;80;130;110;110;levitate;;;slow;270;3;sp_attack:3;1:psywave|5:memento|10:helping_hand|15:safeguard|20:dragon_breath|25:protect|30:refresh|35:luster_purge|40:psychic|45:recover|50:dragon_dance;aerial_ace|attract|calm_mind|cut|dive|double_team|dragon_claw|earthquake|facade|flash|fly|frustration|hidden_power|hyper_beam|ice_beam|light_screen|protect|psychic|rain_dance|reflect|rest|return|roar|safeguard|sandstorm|secret_power|shadow_ball|shock_wave|solar_beam|steel_wing|sunny_day|surf|thunder|thunderbolt|toxic|water_pulse|waterfall;body_slam|double_edge|dream_eater|endure|fury_cutter|icy_wind|mimic|mud_slap|psych_up|sleep_talk|snore|substitute|swagger|swift|thunder_wave;;no_eggs;;;381;Eón;2;60;azul;0;si;Es un Pokémon muy inteligente. Puede adelantar a aviones a reacción plegando las alas.
kyogre;Kyogre;water;100;100;90;150;140;90;drizzle;;;slow;302;3;sp_attack:3;1:water_pulse|5:scary_face|15:ancient_power|20:body_slam|30:calm_mind|35:ice_beam|45:hydro_pump|50:rest|60:sheer_cold|65:double_edge|75:water_spout;blizzard|brick_break|calm_mind|dive|double_team|earthquake|facade|frustration|hail|hidden_power|hyper_beam|ice_beam|protect|rain_dance|rest|return|roar|rock_smash|rock_tomb|safeguard|secret_power|shock_wave|strength|surf|thunder|thunderbolt|toxic|water_pulse|waterfall;body_slam|defense_curl|double_edge|endure|icy_wind|mimic|mud_slap|psych_up|rock_slide|sleep_talk|snore|substitute|swagger|swift|thunder_wave;;no_eggs;;;382;Cuenca Mar;4,5;352;azul;sin_genero;si;Pokémon legendario que aumentó los mares con diluvios y maremotos. Fue un enemigo acérrimo de Groudon.
groudon;Groudon;ground;100;150;140;100;90;90;drought;;;slow;302;3;attack:3;1:mud_shot|5:scary_face|15:ancient_power|20:slash|30:bulk_up|35:earthquake|45:fire_blast|50:rest|60:fissure|65:solar_beam|75:eruption;aerial_ace|brick_break|bulk_up|cut|dig|double_team|dragon_claw|earthquake|facade|fire_blast|flamethrower|frustration|hidden_power|hyper_beam|iron_tail|overheat|protect|rest|return|roar|rock_smash|rock_tomb|safeguard|sandstorm|secret_power|shock_wave|solar_beam|strength|sunny_day|thunder|thunderbolt|toxic;body_slam|counter|defense_curl|double_edge|dynamic_punch|endure|fire_punch|fury_cutter|mega_kick|mega_punch|mimic|mud_slap|psych_up|rock_slide|rollout|seismic_toss|sleep_talk|snore|substitute|swagger|swift|swords_dance|thunder_punch|thunder_wave;;no_eggs;;;383;Continente;3,5;950;rojo;sin_genero;si;Dicen que aumentó la superficie terrestre evaporando el agua. Fue un enemigo acérrimo de Kyogre.
rayquaza;Rayquaza;dragon|flying;105;150;90;150;90;95;air_lock;;;slow;306;45;attack:2|sp_attack:1;1:twister|5:scary_face|15:ancient_power|20:dragon_claw|30:dragon_dance|35:crunch|45:fly|50:rest|60:extreme_speed|65:outrage|75:hyper_beam;aerial_ace|blizzard|brick_break|bulk_up|dive|double_team|dragon_claw|earthquake|facade|fire_blast|flamethrower|fly|frustration|hidden_power|hyper_beam|ice_beam|iron_tail|overheat|protect|rain_dance|rest|return|roar|rock_smash|sandstorm|secret_power|shock_wave|solar_beam|strength|sunny_day|surf|thunder|thunderbolt|toxic|water_pulse|waterfall;body_slam|double_edge|endure|fury_cutter|icy_wind|mimic|mud_slap|psych_up|rock_slide|sleep_talk|snore|substitute|swagger|swift|thunder_wave;;no_eggs;;;384;Cielo;7;206,5;verde;sin_genero;si;Vive en la capa de ozono sobre las nubes y no puede ser visto desde el suelo.
jirachi;Jirachi;steel|psychic;100;100;100;100;100;100;serene_grace;;;slow;270;3;hp:3;1:confusion|1:wish|5:rest|10:swift|15:helping_hand|20:psychic|25:refresh|30:rest|35:double_edge|40:future_sight|45:cosmic_power|50:doom_desire;aerial_ace|calm_mind|double_team|facade|flash|frustration|hidden_power|hyper_beam|light_screen|protect|psychic|rain_dance|reflect|rest|return|safeguard|sandstorm|secret_power|shadow_ball|shock_wave|skill_swap|sunny_day|thunder|thunderbolt|toxic|water_pulse;body_slam|defense_curl|double_edge|dream_eater|dynamic_punch|endure|fire_punch|ice_punch|icy_wind|metronome|mimic|mud_slap|psych_up|sleep_talk|snore|substitute|swagger|swift|thunder_punch|thunder_wave;;no_eggs;;;385;Deseo;0,3;1,1;amarillo;sin_genero;si;Desde antaño se dice que concederá los deseos escritos en las notas de su cabeza cuando se despierte.
deoxys;Deoxys;psychic;50;150;50;150;50;150;pressure;;;slow;270;3;attack:1|sp_attack:1|speed:1;1:leer|1:wrap|5:night_shade|10:teleport|15:knock_off|20:pursuit|25:psychic|30:snatch|35:cosmic_power|40:recover|45:psycho_boost|50:hyper_beam;aerial_ace|brick_break|calm_mind|cut|double_team|facade|flash|focus_punch|frustration|hidden_power|hyper_beam|ice_beam|light_screen|protect|psychic|rain_dance|reflect|rest|return|rock_smash|rock_tomb|safeguard|secret_power|shadow_ball|shock_wave|skill_swap|snatch|solar_beam|strength|sunny_day|taunt|thunder|thunderbolt|torment|toxic|water_pulse;;;no_eggs;;;386;ADN;1,7;60,8;rojo;sin_genero;si;Surgió a raíz de la mutación de ADN de un virus alienígena que cayó a la Tierra en un meteorito.
