id;nombre;tipos;ps;ataque;defensa;atq_esp;def_esp;velocidad;habilidad;curva;exp_base;ratio_captura;evs;aprende;evoluciona;stats_extra;numero;categoria;altura;peso;color;hembras;legendario;descripcion;habilidad_2;habilidad_oculta;mt;tutor;huevo;grupos_huevo
abomasnow;Abomasnow;grass|ice;90;92;75;92;85;60;snow_warning;slow;173;60;attack:1|sp_attack:1;1:ice_punch|1:powder_snow|1:leer|1:razor_leaf|1:icy_wind|13:grass_whistle|17:swagger|21:mist|26:ice_shard|31:ingrain|36:wood_hammer|47:blizzard|58:sheer_cold;;;460;Árbol Nieve;2,2;135,5;blanco;50;no;Genera ventiscas con las que cubre de nieve grandes áreas. Se le llama el Monstruo de Hielo.;;soundproof;attract|avalanche|blizzard|brick_break|bullet_seed|captivate|double_team|earthquake|endure|energy_ball|facade|flash|fling|focus_blast|focus_punch|frustration|giga_drain|giga_impact|grass_knot|hail|hidden_power|hyper_beam|ice_beam|iron_tail|light_screen|natural_gift|protect|rain_dance|rest|return|rock_climb|rock_slide|rock_smash|rock_tomb|safeguard|secret_power|shadow_ball|sleep_talk|solar_beam|strength|substitute|swagger|swords_dance|toxic|water_pulse;ice_punch|icy_wind|mud_slap|outrage|seed_bomb|snore|synthesis;double_edge|growth|leech_seed|magical_leaf|mist|seed_bomb|stomp;monster|plant
abra;Abra;psychic;25;20;15;105;55;90;synchronize;medium_slow;62;200;sp_attack:1;1:teleport;kadabra@16;;63;Psi;0,9;19,5;marrón;25;no;Duerme 18 horas al día y mientras lo hace es capaz de usar una serie de poderes extrasensoriales.;inner_focus;magic_guard;attract|curse|double_team|dream_eater|dynamic_punch|endure|fire_punch|flash|frustration|headbutt|hidden_power|ice_punch|nightmare|protect|psych_up|psychic|rain_dance|rest|return|shadow_ball|sleep_talk|snore|sunny_day|swagger|thief|thunder_punch|toxic|zap_cannon;;barrier|encore|light_screen;humanshape
absol;Absol;dark;65;130;60;75;60;75;pressure;medium_slow;163;30;attack:2;1:scratch|5:leer|9:taunt|13:quick_attack|17:razor_wind|21:bite|26:swords_dance|31:double_team|36:slash|41:future_sight|46:perish_song;;;359;Catástrofe;1,2;47;blanco;50;no;Presiente desastres inminentes y se aparece a la gente para advertir del peligro.;super_luck;justified;aerial_ace|attract|blizzard|calm_mind|cut|double_team|facade|fire_blast|flamethrower|flash|frustration|hail|hidden_power|hyper_beam|ice_beam|iron_tail|protect|rain_dance|rest|return|rock_smash|sandstorm|secret_power|shadow_ball|shock_wave|snatch|strength|sunny_day|taunt|thief|thunder|thunderbolt|torment|toxic|water_pulse;body_slam|counter|double_edge|dream_eater|endure|fury_cutter|icy_wind|mimic|mud_slap|psych_up|rock_slide|sleep_talk|snore|substitute|swagger|swift|swords_dance|thunder_wave;baton_pass|curse|double_edge|feint_attack|magic_coat|substitute;ground
aerodactyl;Aerodactyl;rock|flying;80;105;65;60;75;130;rock_head;slow;180;45;speed:2;1:wing_attack|8:agility|15:bite|22:supersonic|29:ancient_power|36:scary_face|43:take_down|50:hyper_beam;;;142;Fósil;1,8;59;morado;12,5;no;Se regeneró a partir de material genético de un dinosaurio encontrado en ámbar. Cuando vuela emite escandalosos alaridos.;pressure;unnerve;attract|curse|detect|double_team|dragon_breath|earthquake|endure|fire_blast|fly|frustration|headbutt|hidden_power|hyper_beam|iron_tail|protect|rain_dance|rest|return|roar|rock_smash|sandstorm|sleep_talk|snore|steel_wing|swagger|swift|toxic;flamethrower;foresight|pursuit|whirlwind;flying
aggron;Aggron;steel|rock;70;110;180;60;60;50;sturdy;slow;239;45;defense:3;1:tackle|1:harden|1:mud_slap|1:headbutt|13:metal_claw|17:iron_defense|21:roar|25:take_down|29:iron_tail|37:protect|50:metal_sound|63:double_edge;;;306;Coraza Férrea;2,1;360;gris;50;no;Hacen de toda una montaña su territorio. Cuantas más cicatrices tienen, más curtidos en disputas. ¡Mucha atención!;rock_head;heavy_metal;aerial_ace|attract|blizzard|brick_break|cut|dig|double_team|dragon_claw|earthquake|facade|fire_blast|flamethrower|focus_punch|frustration|hidden_power|hyper_beam|ice_beam|iron_tail|protect|rain_dance|rest|return|roar|rock_smash|rock_tomb|sandstorm|secret_power|shock_wave|solar_beam|strength|sunny_day|surf|taunt|thunder|thunderbolt|toxic|water_pulse;body_slam|counter|defense_curl|double_edge|dynamic_punch|endure|fire_punch|fury_cutter|ice_punch|icy_wind|mega_kick|mega_punch|mimic|mud_slap|rock_slide|rollout|seismic_toss|sleep_talk|snore|substitute|swagger|thunder_punch|thunder_wave;body_slam|endeavor|smelling_salts|stomp;monster
aipom;Aipom;normal;55;70;55;40;55;85;run_away;fast;72;45;speed:1;1:scratch|1:tail_whip|6:sand_attack|12:baton_pass|19:fury_swipes|27:swift|36:screech|46:agility;ambipom@subir+sabe:double_hit;;190;Cola Larga;0,8;11,5;morado;50;no;Vive en lo alto de los árboles. Cuando salta de rama en rama, usa su cola para equilibrarse.;pickup;skill_link;attract|curse|cut|defense_curl|detect|double_team|dream_eater|dynamic_punch|endure|fire_punch|frustration|fury_cutter|headbutt|hidden_power|ice_punch|iron_tail|mud_slap|nightmare|protect|rest|return|rock_smash|shadow_ball|sleep_talk|snore|strength|sunny_day|swagger|swift|thief|thunder|thunder_punch|toxic|zap_cannon;thunderbolt;agility|beat_up|counter|double_slap|pursuit|screech|slam|spite;ground
alakazam;Alakazam;psychic;55;50;45;135;95;120;synchronize;medium_slow;225;50;sp_attack:3;1:teleport|1:kinesis|1:confusion|18:disable|21:psybeam|26:recover|31:future_sight|38:psychic|45:reflect;;;65;Psi;1,5;48;marrón;25;no;Sus neuronas se multiplican continuamente durante su vida. Por eso, siempre lo recuerda todo.;inner_focus;magic_guard;attract|curse|dig|double_team|dream_eater|dynamic_punch|endure|fire_punch|flash|frustration|headbutt|hidden_power|hyper_beam|ice_punch|nightmare|protect|psych_up|psychic|rain_dance|rest|return|shadow_ball|sleep_talk|snore|sunny_day|swagger|thief|thunder_punch|toxic|zap_cannon;;barrier|encore|light_screen;humanshape
altaria;Altaria;dragon|flying;75;70;90;70;105;80;natural_cure;erratic;172;45;sp_defense:2;1:peck|1:growl|1:astonish|1:sing|18:fury_attack|21:safeguard|28:mist|31:take_down|35:dragon_breath|40:dragon_dance|45:refresh|54:perish_song|59:sky_attack;;;334;Cantor;1,1;20,6;azul;50;no;Vuela pausadamente por el cielo azul. Su hermoso trino cautiva a todo aquel que lo escucha.;;cloud_nine;aerial_ace|attract|double_team|dragon_claw|earthquake|facade|fire_blast|flamethrower|fly|frustration|hidden_power|hyper_beam|ice_beam|iron_tail|protect|rain_dance|rest|return|roar|rock_smash|safeguard|secret_power|solar_beam|steel_wing|sunny_day|thief|toxic;body_slam|double_edge|dream_eater|endure|mimic|mud_slap|psych_up|sleep_talk|snore|substitute|swagger|swift;agility|haze|pursuit|rage;flying|dragon
ambipom;Ambipom;normal;75;100;66;60;66;115;technician;fast;169;45;speed:2;1:scratch|1:tail_whip|1:sand_attack|1:astonish|11:baton_pass|15:tickle|18:fury_swipes|22:swift|25:screech|29:agility|32:double_hit|36:fling|39:nasty_plot|43:last_resort;;;424;Cola Larga;1,2;20,3;morado;50;no;Habitan en grandes colonias y forman anillos uniendo sus colas, aparentemente en signo de amistad.;pickup;skill_link;aerial_ace|attract|brick_break|captivate|cut|dig|double_team|dream_eater|endure|facade|fling|focus_punch|frustration|giga_impact|grass_knot|hidden_power|hyper_beam|iron_tail|natural_gift|payback|protect|rain_dance|rest|return|rock_smash|secret_power|shadow_ball|shadow_claw|shock_wave|sleep_talk|snatch|solar_beam|strength|substitute|sunny_day|swagger|taunt|thief|thunder|thunder_wave|thunderbolt|toxic|u_turn|water_pulse;bounce|fire_punch|fury_cutter|gunk_shot|ice_punch|knock_off|last_resort|mud_slap|seed_bomb|snore|spite|swift|thunder_punch|uproar;agility|beat_up|counter|double_slap|pursuit|screech|slam|spite;ground
ampharos;Ampharos;electric;90;75;85;115;90;55;static;medium_slow;230;45;sp_attack:3;1:tackle|1:growl|1:thunder_shock|1:thunder_wave|27:cotton_spore|30:thunder_punch|42:light_screen|57:thunder;;;181;Luz;1,4;61,5;amarillo;50;no;La punta de su cola reluce brillantemente y puede ser vista desde lejos. Es usado como faro.;;plus;attract|curse|defense_curl|double_team|dynamic_punch|endure|fire_punch|flash|frustration|headbutt|hidden_power|hyper_beam|iron_tail|protect|rain_dance|rest|return|rock_smash|sleep_talk|snore|strength|swagger|swift|thunder|thunder_punch|toxic|zap_cannon;thunderbolt;body_slam|reflect|safeguard|screech|take_down|thunderbolt;monster|ground
anorith;Anorith;rock|bug;45;95;50;40;50;75;battle_armor;erratic;71;45;attack:1;1:scratch|7:harden|13:mud_sport|19:water_gun|25:metal_claw|31:protect|37:ancient_power|43:fury_cutter|49:slash|55:rock_blast;armaldo@40;;347;Camarón;0,7;12,5;gris;12,5;no;Es una especie de Pokémon predecesor. Estira las pinzas para cazar a sus presas, que se esconden en las rocas del mar.;;swift_swim;aerial_ace|attract|brick_break|cut|dig|double_team|facade|frustration|hidden_power|protect|rest|return|rock_smash|rock_tomb|sandstorm|secret_power|sunny_day|toxic|water_pulse;body_slam|double_edge|endure|fury_cutter|mimic|mud_slap|rock_slide|sleep_talk|snore|substitute|swagger|swords_dance;knock_off|rapid_spin|rock_slide|swords_dance;water3
arbok;Arbok;poison;60;95;69;65;79;80;intimidate;medium_fast;157;90;attack:2;1:wrap|1:leer|1:poison_sting|1:bite|25:glare|33:screech|43:acid|51:haze;;;24;Cobra;3,5;65;morado;50;no;El dibujo que tiene en la panza aterroriza. Los rivales más débiles salen huyendo al verlo.;shed_skin;unnerve;attract|curse|dig|double_team|earthquake|endure|frustration|giga_drain|headbutt|hidden_power|hyper_beam|protect|rest|return|sleep_talk|sludge_bomb|snore|strength|sunny_day|swagger|thief|toxic;;beat_up|crunch|pursuit|slam|spite;ground|dragon
arcanine;Arcanine;fire;90;110;80;100;80;95;intimidate;slow;194;75;attack:2;1:roar|1:leer|1:take_down|1:flame_wheel|50:extreme_speed;;;59;Leyenda;1,9;155;marrón;25;no;Un Pokémon muy admirado desde la antigüedad por su belleza. Corre ágilmente como si tuviera alas.;flash_fire;justified;attract|curse|dig|double_team|dragon_breath|endure|fire_blast|frustration|headbutt|hidden_power|hyper_beam|iron_tail|protect|rest|return|roar|rock_smash|sleep_talk|snore|sunny_day|swagger|swift|toxic;flamethrower;body_slam|crunch|fire_spin|safeguard|thrash;ground
arceus;Arceus;normal;120;120;120;120;120;120;multitype;slow;324;3;hp:3;1:seismic_toss|1:cosmic_power|1:natural_gift|1:punishment|10:gravity|20:earth_power|30:hyper_voice|40:extreme_speed|50:refresh|60:future_sight|70:recover|80:hyper_beam|90:perish_song|100:judgment;;;493;Alfa;3,2;320;blanco;sin_genero;si;Según la mitología de Sinnoh, Arceus surgió de un huevo y después creó todo el mundo.;;;aerial_ace|avalanche|blizzard|brick_break|brine|bullet_seed|calm_mind|charge_beam|cut|dark_pulse|defog|double_team|dragon_claw|dragon_pulse|dream_eater|earthquake|endure|energy_ball|facade|fire_blast|flamethrower|flash|flash_cannon|fly|focus_blast|frustration|giga_drain|giga_impact|grass_knot|hail|hidden_power|hyper_beam|ice_beam|iron_tail|light_screen|natural_gift|overheat|payback|poison_jab|protect|psych_up|psychic|rain_dance|recycle|reflect|rest|return|roar|rock_climb|rock_slide|rock_smash|rock_tomb|safeguard|sandstorm|secret_power|shadow_ball|shadow_claw|shock_wave|silver_wind|sleep_talk|sludge_bomb|solar_beam|stealth_rock|stone_edge|strength|substitute|sunny_day|surf|swagger|swords_dance|thunder|thunder_wave|thunderbolt|toxic|trick_room|water_pulse|waterfall|will_o_wisp|x_scissor;ancient_power|aqua_tail|dive|draco_meteor|earth_power|fury_cutter|heat_wave|icy_wind|iron_defense|iron_head|last_resort|mud_slap|ominous_wind|outrage|signal_beam|snore|swift|trick|twister|zen_headbutt;;no_eggs
ariados;Ariados;bug|poison;70;90;70;60;70;40;swarm;fast;140;90;attack:2;1:poison_sting|1:string_shot|1:scary_face|1:constrict|17:night_shade|25:leech_life|34:fury_swipes|43:spider_web|53:agility|63:psychic;;;168;Pata Larga;1,1;33,5;rojo;50;no;Teje su telaraña desde atrás y desde su boca. Es muy difícil saber dónde está cada cual.;insomnia;sniper;attract|curse|dig|double_team|endure|flash|frustration|giga_drain|hidden_power|hyper_beam|protect|psychic|rest|return|sleep_talk|sludge_bomb|snore|solar_beam|sunny_day|swagger|thief|toxic;;baton_pass|disable|psybeam|pursuit|sonic_boom;bug
armaldo;Armaldo;rock|bug;75;125;100;70;80;45;battle_armor;erratic;173;45;attack:2;1:scratch|1:harden|1:mud_sport|1:water_gun|25:metal_claw|31:protect|37:ancient_power|46:fury_cutter|55:slash|64:rock_blast;;;348;Armadura;1,5;68,2;gris;12,5;no;Ensarta a sus presas con sus gigantescas garras elásticas. Una fuerte coraza cubre su cuerpo.;;swift_swim;aerial_ace|attract|brick_break|cut|dig|double_team|earthquake|facade|frustration|hidden_power|hyper_beam|iron_tail|protect|rest|return|rock_smash|rock_tomb|sandstorm|secret_power|strength|sunny_day|toxic|water_pulse;body_slam|double_edge|endure|fury_cutter|mimic|mud_slap|rock_slide|seismic_toss|sleep_talk|snore|substitute|swagger|swords_dance;knock_off|rapid_spin|rock_slide|swords_dance;water3
aron;Aron;steel|rock;50;70;100;40;40;30;sturdy;slow;66;180;defense:1;1:tackle|4:harden|7:mud_slap|10:headbutt|13:metal_claw|17:iron_defense|21:roar|25:take_down|29:iron_tail|34:protect|39:metal_sound|44:double_edge;lairon@32;;304;Coraza Férrea;0,4;60;gris;50;no;Suele vivir en lugares inaccesibles de las montañas, pero el hambre lo empuja a comer raíles y coches.;rock_head;heavy_metal;aerial_ace|attract|cut|dig|double_team|earthquake|facade|frustration|hidden_power|iron_tail|protect|rain_dance|rest|return|roar|rock_smash|rock_tomb|sandstorm|secret_power|shock_wave|strength|sunny_day|toxic|water_pulse;body_slam|defense_curl|double_edge|endure|fury_cutter|mimic|mud_slap|rock_slide|rollout|sleep_talk|snore|substitute|swagger;body_slam|endeavor|smelling_salts|stomp;monster
articuno;Articuno;ice|flying;90;85;100;95;125;85;pressure;slow;261;3;sp_defense:3;1:gust|1:powder_snow|13:mist|25:agility|37:mind_reader|49:ice_beam|61:reflect|73:blizzard;;;144;Congelar;1,7;55,4;azul;sin_genero;si;Legendario Pokémon pájaro capaz de generar ventiscas congelando la humedad del aire.;;snow_cloak;blizzard|curse|detect|double_team|endure|fly|frustration|hidden_power|hyper_beam|icy_wind|mud_slap|protect|rain_dance|rest|return|roar|rock_smash|sandstorm|sleep_talk|snore|steel_wing|sunny_day|swagger|swift|toxic;ice_beam;;no_eggs
azelf;Azelf;psychic;75;125;70;125;70;115;levitate;slow;261;3;attack:2|sp_attack:1;1:rest|1:confusion|6:imprison|16:detect|21:swift|31:uproar|36:future_sight|46:nasty_plot|51:extrasensory|61:last_resort|66:natural_gift|76:explosion;;;482;Voluntad;0,3;0,3;azul;sin_genero;si;Se le conoce como el Ser de la Voluntad. Duerme en el fondo de un lago para equilibrar el mundo.;;;calm_mind|charge_beam|double_team|dream_eater|endure|energy_ball|explosion|facade|fire_blast|flamethrower|flash|fling|frustration|giga_impact|grass_knot|hidden_power|hyper_beam|iron_tail|light_screen|natural_gift|payback|protect|psych_up|psychic|rain_dance|recycle|reflect|rest|return|safeguard|sandstorm|secret_power|shadow_ball|shock_wave|skill_swap|sleep_talk|stealth_rock|substitute|sunny_day|swagger|taunt|thunder|thunder_wave|thunderbolt|torment|toxic|trick_room|u_turn|water_pulse;fire_punch|helping_hand|ice_punch|knock_off|last_resort|mud_slap|signal_beam|snore|swift|thunder_punch|trick|uproar|zen_headbutt;;no_eggs
azumarill;Azumarill;water|fairy;100;50;80;60;80;50;thick_fat;fast;189;75;hp:3;1:tackle|1:defense_curl|1:tail_whip|1:water_gun|15:rollout|25:bubble_beam|36:double_edge|48:rain_dance;;;184;Conejo Agua;0,8;28,5;azul;50;no;Sus largas orejas son sensores que pueden percibir movimientos de seres vivos en el lecho del río.;huge_power;sap_sipper;attract|blizzard|curse|defense_curl|double_team|dynamic_punch|endure|frustration|headbutt|hidden_power|hyper_beam|ice_punch|icy_wind|iron_tail|mud_slap|protect|rain_dance|rest|return|rock_smash|rollout|sleep_talk|snore|strength|surf|swagger|swift|toxic|waterfall|whirlpool;ice_beam;encore|refresh|sing|slam|tickle;water1|fairy
azurill;Azurill;normal|fairy;50;20;40;20;40;20;thick_fat;fast;38;150;hp:1;1:splash|3:charm|6:tail_whip|10:bubble|15:slam|21:water_gun;marill@amistad;;298;A Topos;0,2;2;azul;75;no;Vive cerca del agua. En la tierra se mueve muy rápido botando sobre su gran cola.;huge_power;sap_sipper;attract|blizzard|double_team|facade|frustration|hail|hidden_power|ice_beam|iron_tail|protect|rain_dance|rest|return|secret_power|surf|toxic|water_pulse|waterfall;body_slam|defense_curl|double_edge|endure|icy_wind|mimic|mud_slap|rollout|sleep_talk|snore|substitute|swagger|swift;encore|refresh|sing|slam|tickle;no_eggs
bagon;Bagon;dragon;45;75;60;40;30;50;rock_head;slow;60;45;attack:1;1:rage|5:bite|9:leer|17:headbutt|21:focus_energy|25:ember|33:dragon_breath|37:scary_face|41:crunch|49:dragon_claw|53:double_edge;shelgon@30;;371;Cabeza Roca;0,6;42,1;azul;50;no;Su desarrollado cuello y su cabeza dura como el acero le permiten reducir a añicos rocas enormes.;;sheer_force;aerial_ace|attract|brick_break|cut|double_team|dragon_claw|facade|fire_blast|flamethrower|frustration|hidden_power|protect|rain_dance|rest|return|roar|rock_smash|rock_tomb|secret_power|strength|sunny_day|toxic;body_slam|double_edge|endure|fury_cutter|mimic|mud_slap|rock_slide|sleep_talk|snore|substitute|swagger;dragon_dance|dragon_rage|hydro_pump|thrash|twister;dragon
baltoy;Baltoy;ground|psychic;40;40;55;40;70;55;levitate;medium_fast;60;255;sp_defense:1;1:confusion|3:harden|5:rapid_spin|7:mud_slap|11:psybeam|15:rock_tomb|19:self_destruct|25:ancient_power|31:sandstorm|37:cosmic_power|45:explosion;claydol@36;;343;Muñeca Barro;0,5;21,5;marrón;sin_genero;no;Se mueve girando sobre su eje. También se le puede ver girando cabeza abajo.;;;dig|double_team|earthquake|facade|flash|frustration|hidden_power|ice_beam|light_screen|protect|psychic|rain_dance|reflect|rest|return|rock_tomb|sandstorm|secret_power|shadow_ball|skill_swap|solar_beam|sunny_day|toxic;double_edge|dream_eater|endure|explosion|mimic|mud_slap|psych_up|rock_slide|sleep_talk|snore|substitute|swagger;;mineral
banette;Banette;ghost;64;115;65;83;63;65;insomnia;fast;159;45;attack:2;1:knock_off|1:screech|1:night_shade|1:curse|25:spite|32:will_o_wisp|39:feint_attack|48:shadow_ball|55:snatch|64:grudge;;;354;Marioneta;1,1;12,5;negro;50;no;Este muñeco se convirtió en un Pokémon cuando lo tiraron a la basura. Busca a su antiguo dueño.;frisk;cursed_body;attract|calm_mind|double_team|facade|flash|frustration|hidden_power|hyper_beam|protect|psychic|rain_dance|rest|return|secret_power|shadow_ball|shock_wave|skill_swap|snatch|sunny_day|taunt|thief|thunder|thunderbolt|torment|toxic;body_slam|double_edge|dream_eater|endure|icy_wind|metronome|mimic|mud_slap|psych_up|sleep_talk|snore|substitute|swagger|thunder_wave;astonish|destiny_bond|disable|foresight|imprison;indeterminate
barboach;Barboach;water|ground;50;48;43;46;41;60;oblivious;medium_fast;58;190;hp:1;1:mud_slap|6:mud_sport|6:water_sport|11:water_gun|16:magnitude|21:amnesia|26:rest|26:snore|31:earthquake|36:future_sight|41:fissure;whiscash@30;;339;Bigotudo;0,4;1,9;gris;50;no;Recubre su cuerpo de una película viscosa que le permite escapar si alguien lo agarra.;anticipation;hydration;attract|blizzard|dive|double_team|earthquake|facade|frustration|hail|hidden_power|ice_beam|protect|rain_dance|rest|return|rock_tomb|sandstorm|secret_power|surf|toxic|water_pulse|waterfall;double_edge|endure|icy_wind|mimic|mud_slap|sleep_talk|snore|substitute|swagger;spark|thrash|whirlpool;water2
bastiodon;Bastiodon;rock|steel;60;52;168;47;138;30;sturdy;erratic;173;45;defense:2;1:tackle|1:protect|1:taunt|1:metal_sound|15:take_down|19:iron_defense|24:swagger|28:ancient_power|30:block|36:endure|43:metal_burst|52:iron_head;;;411;Escudo;1,3;149,5;gris;12,5;no;Se alineaban y creaban una barrera que ningún enemigo podía cruzar. Así protegían a sus crías.;;soundproof;attract|avalanche|blizzard|captivate|dig|double_team|earthquake|endure|facade|fire_blast|flamethrower|flash_cannon|frustration|giga_impact|hidden_power|hyper_beam|ice_beam|iron_tail|natural_gift|protect|rain_dance|rest|return|roar|rock_polish|rock_slide|rock_smash|rock_tomb|sandstorm|secret_power|shock_wave|sleep_talk|stealth_rock|stone_edge|strength|substitute|sunny_day|swagger|taunt|thunder|thunderbolt|torment|toxic;ancient_power|earth_power|iron_defense|iron_head|magnet_rise|mud_slap|outrage|snore;body_slam|curse|double_edge|fissure|focus_energy|headbutt|rock_blast|scary_face|screech;monster
bayleef;Bayleef;grass;60;62;80;63;80;60;overgrow;medium_slow;142;45;defense:1|sp_defense:1;1:tackle|1:growl|1:razor_leaf|1:reflect|15:poison_powder|23:synthesis|31:body_slam|39:light_screen|47:safeguard|55:solar_beam;meganium@32;;153;Hoja;1,2;15,8;verde;12,5;no;Emana un aroma picante de su cuello. El aroma actúa como estimulante para recuperar salud.;;leaf_guard;attract|curse|cut|detect|double_team|endure|flash|frustration|fury_cutter|giga_drain|headbutt|hidden_power|iron_tail|mud_slap|protect|rest|return|rock_smash|sleep_talk|snore|solar_beam|strength|sunny_day|swagger|sweet_scent|toxic;;ancient_power|counter|flail|leech_seed|swords_dance|vine_whip;monster|plant
beautifly;Beautifly;bug|flying;60;70;50;100;50;65;swarm;medium_fast;178;45;sp_attack:3;1:absorb|13:gust|17:stun_spore|20:morning_sun|24:mega_drain|27:whirlwind|31:attract|34:silver_wind|38:giga_drain;;;267;Mariposa;1;28,4;amarillo;50;no;Los dibujos de sus coloridas alas son muy peculiares. Liba el néctar de las flores con su fina trompa.;;rivalry;aerial_ace|attract|double_team|facade|flash|frustration|giga_drain|hidden_power|hyper_beam|protect|psychic|rest|return|safeguard|secret_power|shadow_ball|solar_beam|sunny_day|thief|toxic;double_edge|endure|mimic|sleep_talk|snore|substitute|swagger|swift;;bug
beedrill;Beedrill;bug|poison;65;90;40;45;80;75;swarm;medium_fast;178;45;attack:2|sp_defense:1;1:fury_attack|15:focus_energy|20:twineedle|25:rage|30:pursuit|35:pin_missile|40:agility;;;15;Abeja Veneno;1;29,5;amarillo;50;no;Tiene 3 aguijones venenosos en sus patas y cola. Suelen pinchar a sus enemigos repetidas veces.;;sniper;attract|curse|cut|double_team|endure|frustration|fury_cutter|giga_drain|hidden_power|hyper_beam|protect|rest|return|sleep_talk|sludge_bomb|snore|sunny_day|swagger|sweet_scent|swift|toxic;;;bug
beldum;Beldum;steel|psychic;40;55;80;35;60;30;clear_body;slow;60;3;defense:1;1:take_down;metang@20;;374;Bola Hierro;0,6;95,2;azul;sin_genero;no;Los pulsos magnéticos de su cuerpo repelen la gravedad, lo que le permite flotar en el aire.;;light_metal;;;;mineral
bellossom;Bellossom;grass;75;80;95;90;100;50;chlorophyll;medium_slow;221;45;sp_defense:3;1:absorb|1:sweet_scent|1:stun_spore|1:petal_dance|55:solar_beam;;;182;Flor;0,4;5,8;verde;50;no;Los Bellossom suelen reunirse para bailar. Dicen que sus danzas son un ritual para invocar al sol.;;healer;attract|curse|cut|double_team|endure|flash|frustration|giga_drain|hidden_power|hyper_beam|protect|rest|return|sleep_talk|snore|solar_beam|sunny_day|swagger|sweet_scent|toxic;;flail|razor_leaf|swords_dance|synthesis;plant
bellsprout;Bellsprout;grass|poison;50;75;35;70;30;40;chlorophyll;medium_slow;60;255;attack:1;1:vine_whip|6:growth|11:wrap|15:sleep_powder|17:poison_powder|19:stun_spore|23:acid|30:sweet_scent|37:razor_leaf|45:slam;weepinbell@21;;69;Flor;0,7;4;verde;50;no;Aunque su cuerpo es extremadamente delgado, es muy rápido a la hora de capturar sus presas.;;gluttony;attract|curse|cut|double_team|endure|flash|frustration|giga_drain|hidden_power|protect|rest|return|sleep_talk|sludge_bomb|snore|solar_beam|sunny_day|swagger|sweet_scent|toxic;;encore|leech_life|reflect|swords_dance|synthesis;plant
bibarel;Bibarel;normal|water;79;85;60;55;60;71;simple;medium_fast;144;127;attack:2;1:tackle|1:growl|9:defense_curl|13:rollout|15:water_gun|18:headbutt|23:hyper_fang|28:yawn|33:amnesia|38:take_down|43:super_fang|48:superpower|53:curse;;;400;Castor;1;31,5;marrón;50;no;Con sus incisivos roe ramas y raíces y las apila para construir sus madrigueras junto al río.;unaware;moody;attract|blizzard|captivate|charge_beam|cut|dig|double_team|endure|facade|fling|focus_punch|frustration|giga_impact|grass_knot|hidden_power|hyper_beam|ice_beam|iron_tail|natural_gift|pluck|protect|rain_dance|rest|return|rock_climb|rock_smash|secret_power|shadow_ball|shock_wave|sleep_talk|stealth_rock|strength|substitute|sunny_day|surf|swagger|taunt|thief|thunder|thunder_wave|thunderbolt|toxic|water_pulse|waterfall;aqua_tail|dive|fury_cutter|icy_wind|last_resort|mud_slap|rollout|snore|superpower|swift;aqua_tail|defense_curl|double_edge|fury_swipes|odor_sleuth|quick_attack|rollout|water_sport;water1|ground
bidoof;Bidoof;normal;59;45;40;35;40;31;simple;medium_fast;50;255;hp:1;1:tackle|5:growl|9:defense_curl|13:rollout|17:headbutt|21:hyper_fang|25:yawn|29:amnesia|33:take_down|37:super_fang|41:superpower|45:curse;bibarel@15;;399;Gran Ratón;0,5;20;marrón;50;no;Tiene nervios de acero y nada puede perturbarlo. Es más ágil y activo de lo que aparenta.;unaware;moody;attract|blizzard|captivate|charge_beam|cut|dig|double_team|endure|facade|frustration|grass_knot|hidden_power|ice_beam|iron_tail|natural_gift|pluck|protect|rain_dance|rest|return|rock_smash|secret_power|shadow_ball|shock_wave|sleep_talk|stealth_rock|substitute|sunny_day|swagger|taunt|thief|thunder|thunder_wave|thunderbolt|toxic;aqua_tail|fury_cutter|icy_wind|last_resort|mud_slap|rollout|snore|superpower|swift;aqua_tail|defense_curl|double_edge|fury_swipes|odor_sleuth|quick_attack|rollout|water_sport;water1|ground
blastoise;Blastoise;water;79;83;100;85;105;78;torrent;medium_slow;239;45;sp_defense:3;1:tackle|1:tail_whip|1:bubble|1:withdraw|13:water_gun|19:bite|25:rapid_spin|31:protect|42:rain_dance|55:skull_bash|68:hydro_pump;;;9;Armazón;1,6;85,5;azul;12,5;no;Para acabar con su enemigo, lo aplasta con el peso de su cuerpo. En momentos de apuro, se esconde en el caparazón.;;rain_dish;attract|blizzard|curse|defense_curl|dig|double_team|dynamic_punch|earthquake|endure|frustration|headbutt|hidden_power|hyper_beam|ice_punch|icy_wind|iron_tail|mud_slap|protect|rain_dance|rest|return|roar|rock_smash|rollout|sleep_talk|snore|strength|surf|swagger|toxic|waterfall|whirlpool;ice_beam;confusion|flail|foresight|haze|mirror_coat|mist;monster|water1
blaziken;Blaziken;fire|fighting;80;120;70;110;70;80;blaze;medium_slow;239;45;attack:3;1:fire_punch|1:scratch|1:growl|1:focus_energy|1:ember|16:double_kick|17:peck|21:sand_attack|28:bulk_up|32:quick_attack|36:blaze_kick|42:slash|49:mirror_move|59:sky_uppercut;;;257;Llameante;1,9;52;rojo;12,5;no;Puede saltar edificios de 30 plantas. Con sus golpes de fuego quema a sus rivales.;;speed_boost;aerial_ace|attract|brick_break|bulk_up|cut|dig|double_team|earthquake|facade|fire_blast|flamethrower|focus_punch|frustration|hidden_power|hyper_beam|overheat|protect|rest|return|roar|rock_smash|rock_tomb|secret_power|strength|sunny_day|toxic;body_slam|counter|double_edge|dynamic_punch|endure|fire_punch|fury_cutter|mega_kick|mega_punch|mimic|mud_slap|rock_slide|seismic_toss|sleep_talk|snore|substitute|swagger|swift|swords_dance|thunder_punch;counter|endure|reversal|rock_slide|smelling_salts|swagger;ground
blissey;Blissey;normal;255;10;10;75;135;55;natural_cure;fast;608;30;hp:3;1:pound|4:growl|7:tail_whip|10:soft_boiled|13:double_slap|18:minimize|23:sing|28:egg_bomb|33:defense_curl|40:light_screen|47:double_edge;;;242;Felicidad;1,5;46,8;rosa;100;no;Los huevos que pone están llenos de felicidad. Solo con probar un poquito de uno, cualquiera sonríe.;serene_grace;healer;attract|blizzard|curse|defense_curl|double_team|dream_eater|dynamic_punch|endure|fire_blast|flash|frustration|headbutt|hidden_power|hyper_beam|icy_wind|mud_slap|protect|psychic|rain_dance|rest|return|rock_smash|rollout|sandstorm|shadow_ball|sleep_talk|snore|solar_beam|strength|sunny_day|swagger|thunder|toxic|zap_cannon;flamethrower|ice_beam|thunderbolt;aromatherapy|counter|gravity|heal_bell|helping_hand|last_resort|metronome|present|substitute;fairy
bonsly;Bonsly;rock;50;80;95;10;45;10;sturdy;medium_fast;58;255;defense:1;1:fake_tears|1:copycat|6:flail|9:low_kick|14:rock_throw|17:mimic|22:block|25:feint_attack|30:rock_tomb|33:rock_slide|38:slam|41:sucker_punch|46:double_edge;sudowoodo@subir+sabe:mimic;;438;Bonsái;0,5;15;marrón;50;no;Prefiere entornos áridos. Sus ojos expulsan agua para ajustar los niveles de fluido corporal.;rock_head;rattled;attract|brick_break|calm_mind|captivate|dig|double_team|endure|explosion|facade|frustration|hidden_power|natural_gift|protect|psych_up|rest|return|rock_polish|rock_slide|rock_tomb|sandstorm|secret_power|sleep_talk|stealth_rock|substitute|sunny_day|swagger|thief|toxic;earth_power|helping_hand|rollout|snore|sucker_punch|uproar;defense_curl|harden|headbutt|rollout|sand_tomb|self_destruct;no_eggs
breloom;Breloom;grass|fighting;60;130;80;60;60;70;effect_spore;fluctuating;161;90;attack:2;1:absorb|1:tackle|1:stun_spore|1:leech_seed|16:mega_drain|22:headbutt|23:mach_punch|28:counter|36:sky_uppercut|45:mind_reader|54:dynamic_punch;;;286;Hongo;1,2;39,2;verde;50;no;Sus cortos brazos se expanden cuando da puñetazos. Tiene una técnica pugilística muy depurada.;poison_heal;technician;attract|brick_break|bulk_up|bullet_seed|cut|double_team|facade|flash|focus_punch|frustration|giga_drain|hidden_power|hyper_beam|iron_tail|protect|rest|return|rock_smash|safeguard|secret_power|sludge_bomb|snatch|solar_beam|strength|sunny_day|toxic;body_slam|counter|double_edge|dynamic_punch|endure|fury_cutter|mega_kick|mega_punch|mimic|mud_slap|seismic_toss|sleep_talk|snore|substitute|swagger|swords_dance|thunder_punch;charm|fake_tears|false_swipe|helping_hand|swagger;fairy|plant
bronzong;Bronzong;steel|psychic;67;89;116;79;116;33;levitate;medium_fast;175;90;defense:1|sp_defense:1;1:sunny_day|1:rain_dance|1:tackle|1:confusion|1:hypnosis|1:imprison|14:confuse_ray|19:extrasensory|26:iron_defense|30:safeguard|33:block|38:gyro_ball|43:future_sight|50:feint_attack|61:payback|67:heal_block;;;437;Campana Bronce;1,3;187;verde;sin_genero;no;Desde antaño se adora a este Pokémon para que propicie lluvias abundantes. A veces se esconde bajo tierra.;heatproof;heavy_metal;calm_mind|charge_beam|double_team|dream_eater|earthquake|endure|explosion|facade|flash|flash_cannon|frustration|giga_impact|grass_knot|gyro_ball|hidden_power|hyper_beam|light_screen|natural_gift|payback|protect|psych_up|psychic|rain_dance|recycle|reflect|rest|return|rock_polish|rock_slide|rock_smash|rock_tomb|safeguard|sandstorm|secret_power|shadow_ball|skill_swap|sleep_talk|solar_beam|stealth_rock|strength|substitute|sunny_day|swagger|toxic|trick_room;ancient_power|iron_head|rollout|signal_beam|snore|trick|zen_headbutt;;mineral
bronzor;Bronzor;steel|psychic;57;24;86;24;86;23;levitate;medium_fast;60;255;defense:1;1:tackle|1:confusion|7:hypnosis|12:imprison|14:confuse_ray|19:extrasensory|26:iron_defense|30:safeguard|35:gyro_ball|37:future_sight|41:feint_attack|49:payback|52:heal_block;bronzong@33;;436;Bronce;0,5;60,5;verde;sin_genero;no;Antaño se creía que en los dibujos de su parte posterior residía una fuerza misteriosa.;heatproof;heavy_metal;calm_mind|charge_beam|double_team|dream_eater|earthquake|endure|facade|flash|flash_cannon|frustration|grass_knot|gyro_ball|hidden_power|light_screen|natural_gift|payback|protect|psych_up|psychic|rain_dance|recycle|reflect|rest|return|rock_polish|rock_slide|rock_tomb|safeguard|sandstorm|secret_power|shadow_ball|skill_swap|sleep_talk|solar_beam|stealth_rock|substitute|sunny_day|swagger|toxic|trick_room;ancient_power|rollout|signal_beam|snore|trick;;mineral
budew;Budew;grass|poison;40;30;35;50;70;55;natural_cure;medium_slow;56;255;sp_attack:1;1:absorb|4:growth|7:water_sport|10:stun_spore|13:mega_drain|16:worry_seed;roselia@amistad+hora:dia;;406;Brote;0,2;1,2;verde;50;no;Vive cerca de aguas cristalinas. Su cabello se abre y esparce polen cuando le bañan los rayos del sol.;poison_point;leaf_guard;attract|bullet_seed|captivate|cut|double_team|endure|energy_ball|facade|flash|frustration|giga_drain|grass_knot|hidden_power|natural_gift|protect|psych_up|rain_dance|rest|return|secret_power|shadow_ball|sleep_talk|sludge_bomb|solar_beam|substitute|sunny_day|swagger|swords_dance|toxic;mud_slap|seed_bomb|snore|swift|synthesis|uproar;cotton_spore|extrasensory|leaf_storm|mind_reader|pin_missile|razor_leaf|sleep_powder|spikes|synthesis;no_eggs
buizel;Buizel;water;55;65;35;60;30;85;swift_swim;medium_fast;66;190;speed:1;1:sonic_boom|1:growl|1:water_sport|3:quick_attack|6:water_gun|10:pursuit|15:swift|21:aqua_jet|28:agility|36:whirlpool|45:razor_wind;floatzel@26;;418;Nutria Mar.;0,7;29,5;marrón;50;no;Nada rotando sus dos colas a modo de tornillo. Cuando bucea, el flotador se pliega.;;water_veil;attract|blizzard|brick_break|brine|bulk_up|captivate|dig|double_team|endure|facade|focus_punch|frustration|hail|hidden_power|ice_beam|iron_tail|natural_gift|protect|rain_dance|rest|return|rock_smash|rock_tomb|secret_power|sleep_talk|strength|substitute|surf|swagger|toxic|water_pulse|waterfall;dive|ice_punch|icy_wind|mud_slap|snore|swift;baton_pass|double_slap|fury_cutter|fury_swipes|headbutt|mud_slap|odor_sleuth|slash;water1|ground
bulbasaur;Bulbasaur;grass|poison;45;49;49;65;65;45;overgrow;medium_slow;64;45;sp_attack:1;1:tackle|4:growl|7:leech_seed|10:vine_whip|15:poison_powder|15:sleep_powder|20:razor_leaf|25:sweet_scent|32:growth|39:synthesis|46:solar_beam;ivysaur@16;;1;Semilla;0,7;6,9;verde;12,5;no;Una rara semilla le fue plantada en el lomo al nacer. La planta brota y crece con este Pokémon.;;chlorophyll;attract|curse|cut|defense_curl|double_team|endure|flash|frustration|fury_cutter|giga_drain|headbutt|hidden_power|mud_slap|protect|rest|return|sleep_talk|snore|solar_beam|sunny_day|swagger|sweet_scent|toxic;;light_screen|petal_dance|razor_wind|safeguard|skull_bash;monster|plant
buneary;Buneary;normal;55;66;44;44;56;85;run_away;medium_fast;70;190;speed:1;1:splash|1:pound|1:defense_curl|1:foresight|6:endure|13:frustration|16:quick_attack|23:jump_kick|26:baton_pass|33:agility|36:dizzy_punch|43:charm|46:bounce|53:healing_wish;lopunny@amistad;;427;Conejo;0,4;5,5;marrón;50;no;Lleva las orejas enrolladas. Cuando las extiende, golpea con tal fuerza que incluso puede romper rocas.;klutz;limber;attract|captivate|charge_beam|cut|dig|double_team|drain_punch|endure|facade|fling|focus_punch|frustration|grass_knot|hidden_power|ice_beam|iron_tail|natural_gift|protect|rain_dance|rest|return|rock_smash|secret_power|shadow_ball|shock_wave|sleep_talk|solar_beam|substitute|sunny_day|swagger|thunder_wave|thunderbolt|toxic|water_pulse;bounce|endeavor|helping_hand|last_resort|mud_slap|snore|swift|uproar;attract|double_hit|encore|fake_out|fake_tears|fire_punch|ice_punch|low_kick|sky_uppercut|sweet_kiss|switcheroo|thunder_punch;ground|humanshape
burmy;Burmy;bug;40;29;45;29;45;36;shed_skin;medium_fast;45;120;sp_defense:1;1:protect|10:tackle|15:bug_bite|20:hidden_power;wormadam@20+azar:50|mothim@20+!azar:50;;412;Larva;0,2;3,4;verde;50;no;Para protegerse de los vientos fríos invernales, se cubre con un caparazón de ramas y hojas.;;overcoat;;snore;;bug
butterfree;Butterfree;bug|flying;60;45;50;90;80;70;compound_eyes;medium_fast;178;45;sp_attack:2|sp_defense:1;1:confusion|13:poison_powder|14:stun_spore|15:sleep_powder|18:supersonic|23:whirlwind|28:gust|34:psybeam|40:safeguard;;;12;Mariposa;1,1;32;blanco;50;no;Adora el néctar de las flores. Puede localizar hasta las más pequeñas cantidades de polen.;;tinted_lens;attract|curse|double_team|endure|flash|frustration|giga_drain|hidden_power|hyper_beam|nightmare|protect|psychic|rest|return|sleep_talk|snore|solar_beam|sunny_day|swagger|sweet_scent|swift|toxic;;;bug
cacnea;Cacnea;grass;50;85;40;85;40;35;sand_veil;medium_slow;67;190;sp_attack:1;1:poison_sting|1:leer|5:absorb|9:growth|13:leech_seed|17:sand_attack|21:pin_missile|25:ingrain|29:feint_attack|33:spikes|37:needle_arm|41:cotton_spore|45:sandstorm;cacturne@32;;331;Cactus;0,4;51,3;verde;50;no;Vive en regiones secas y con pocas lluvias. Una vez al año, le brota una flor amarilla.;;water_absorb;attract|bullet_seed|cut|double_team|facade|flash|focus_punch|frustration|giga_drain|hidden_power|protect|rest|return|sandstorm|secret_power|solar_beam|sunny_day|toxic;body_slam|counter|double_edge|dynamic_punch|endure|fury_cutter|mega_punch|mimic|mud_slap|seismic_toss|sleep_talk|snore|substitute|swagger|swords_dance|thunder_punch;acid|counter|dynamic_punch|grass_whistle|teeter_dance;plant|humanshape
cacturne;Cacturne;grass|dark;70;115;60;115;60;55;sand_veil;medium_slow;166;60;attack:1|sp_attack:1;1:poison_sting|1:leer|1:absorb|1:growth|13:leech_seed|17:sand_attack|21:pin_missile|25:ingrain|29:feint_attack|35:spikes|41:needle_arm|47:cotton_spore|53:sandstorm;;;332;Espantajo;1,3;77,4;verde;50;no;Es un Pokémon nocturno. Busca presas agotadas por el calor diurno del desierto.;;water_absorb;attract|bullet_seed|cut|double_team|facade|flash|focus_punch|frustration|giga_drain|hidden_power|hyper_beam|protect|rest|return|sandstorm|secret_power|solar_beam|strength|sunny_day|toxic;body_slam|counter|double_edge|dynamic_punch|endure|fury_cutter|mega_kick|mega_punch|mimic|mud_slap|seismic_toss|sleep_talk|snore|substitute|swagger|swords_dance|thunder_punch;acid|counter|dynamic_punch|grass_whistle|teeter_dance;plant|humanshape
camerupt;Camerupt;fire|ground;70;100;70;105;75;40;magma_armor;medium_fast;161;150;attack:1|sp_attack:1;1:growl|1:tackle|1:ember|1:magnitude|25:focus_energy|29:take_down|31:amnesia|33:rock_slide|37:earthquake|45:eruption|55:fissure;;;323;Erupción;1,9;220;rojo;50;no;Los volcanes de su joroba entran en erupción cada 10 años o cuando Camerupt se enfada mucho.;solid_rock;anger_point;attract|dig|double_team|earthquake|facade|fire_blast|flamethrower|frustration|hidden_power|hyper_beam|overheat|protect|rest|return|roar|rock_smash|rock_tomb|sandstorm|secret_power|strength|sunny_day|toxic;body_slam|defense_curl|double_edge|endure|explosion|mimic|mud_slap|rock_slide|rollout|sleep_talk|snore|substitute|swagger;body_slam|defense_curl|howl|rollout|scary_face|stomp;ground
carnivine;Carnivine;grass;74;100;72;90;72;46;levitate;slow;159;200;attack:2;1:bind|1:growth|7:bite|11:vine_whip|17:sweet_scent|21:ingrain|27:feint_attack|31:stockpile|31:spit_up|31:swallow|37:crunch|41:wring_out|47:power_whip;;;455;Caza Bichos;1,4;27;verde;50;no;Atrae a sus presas con saliva de olor dulce y las mastica. Tarda todo un día en comérselas.;;;attract|bullet_seed|captivate|cut|double_team|endure|energy_ball|facade|flash|fling|frustration|giga_drain|giga_impact|grass_knot|hidden_power|hyper_beam|natural_gift|payback|protect|rest|return|secret_power|sleep_talk|sludge_bomb|solar_beam|substitute|sunny_day|swagger|swords_dance|thief|toxic;fury_cutter|gastro_acid|knock_off|mud_slap|seed_bomb|snore|synthesis;leech_seed|magical_leaf|razor_leaf|slam|sleep_powder|stun_spore|synthesis|worry_seed;plant
carvanha;Carvanha;water|dark;45;90;20;65;20;65;rough_skin;slow;61;225;attack:1;1:leer|1:bite|7:rage|13:focus_energy|16:scary_face|22:crunch|28:screech|31:take_down|37:swagger|43:agility;sharpedo@30;;318;Feroz;0,8;20,8;rojo;50;no;Atacan en grupo a los barcos y los hunden a base de bocados. Habitan en los ríos de la jungla.;;speed_boost;attract|blizzard|dive|double_team|facade|frustration|hail|hidden_power|ice_beam|protect|rain_dance|rest|return|secret_power|surf|taunt|thief|torment|toxic|water_pulse|waterfall;double_edge|endure|fury_cutter|icy_wind|mimic|mud_slap|sleep_talk|snore|substitute|swagger|swift;double_edge|hydro_pump|thrash;water2
cascoon;Cascoon;bug;50;35;55;25;25;15;shed_skin;medium_fast;72;120;defense:2;1:harden;dustox@10;;268;Capullo;0,7;11,5;morado;50;no;Está formado por seda que se endurece poco a poco. Si se resquebraja el capullo, está a punto de evolucionar.;;;;;;bug
castform;Castform;normal;70;70;70;70;70;70;forecast;medium_fast;147;45;hp:1;1:tackle|10:water_gun|10:ember|10:powder_snow|20:rain_dance|20:sunny_day|20:hail|30:weather_ball;;;351;Clima;0,3;0,8;gris;50;no;Sus células son muy sensibles a los cambios de temperatura y humedad y se adapta sin problema.;;;attract|blizzard|double_team|facade|fire_blast|flamethrower|flash|frustration|hail|hidden_power|ice_beam|protect|rain_dance|rest|return|sandstorm|secret_power|shadow_ball|shock_wave|solar_beam|sunny_day|thief|thunder|thunderbolt|toxic|water_pulse;body_slam|defense_curl|double_edge|endure|icy_wind|mimic|psych_up|sleep_talk|snore|substitute|swagger|swift|thunder_wave;future_sight|psych_up;fairy|indeterminate
caterpie;Caterpie;bug;45;30;35;20;20;45;shield_dust;medium_fast;39;255;hp:1;1:tackle|1:string_shot;metapod@7;;10;Gusano;0,3;2,9;verde;50;no;Para protegerse despide un hedor horrible de sus antenas, con el que repele a sus enemigos.;;run_away;;;;bug
celebi;Celebi;psychic|grass;100;100;100;100;100;100;natural_cure;medium_slow;270;45;hp:3;1:leech_seed|1:confusion|1:recover|1:heal_bell|10:safeguard|20:ancient_power|30:future_sight|40:baton_pass|50:perish_song;;;251;Viajetiempo;0,6;5;verde;sin_genero;si;Este Pokémon vaga por el tiempo. La hierba y los árboles crecen por los campos por donde pasa.;;;curse|defense_curl|detect|double_team|dream_eater|endure|flash|frustration|giga_drain|hidden_power|hyper_beam|mud_slap|nightmare|protect|psych_up|psychic|rain_dance|rest|return|sandstorm|shadow_ball|sleep_talk|snore|solar_beam|sunny_day|swagger|sweet_scent|swift|toxic;;;no_eggs
chansey;Chansey;normal;250;5;5;35;105;50;natural_cure;fast;395;30;hp:2;1:pound|5:growl|9:tail_whip|13:soft_boiled|17:double_slap|23:minimize|29:sing|35:egg_bomb|41:defense_curl|49:light_screen|57:double_edge;blissey@amistad;;113;Huevo;1,1;34,6;rosa;100;no;Se dice que reparte felicidad. Se caracteriza por su compasión y reparte sus huevos entre la gente herida.;serene_grace;healer;attract|blizzard|curse|defense_curl|double_team|dream_eater|dynamic_punch|endure|fire_blast|flash|frustration|headbutt|hidden_power|hyper_beam|icy_wind|iron_tail|mud_slap|protect|psych_up|psychic|rain_dance|rest|return|rock_smash|rollout|sandstorm|shadow_ball|sleep_talk|snore|solar_beam|strength|sunny_day|swagger|thunder|toxic|zap_cannon;flamethrower|ice_beam|thunderbolt;heal_bell|metronome|present;fairy
charizard;Charizard;fire|flying;78;84;78;109;85;100;blaze;medium_slow;240;45;sp_attack:3;1:scratch|1:growl|1:ember|1:smokescreen|20:rage|27:scary_face|34:flamethrower|36:wing_attack|44:slash|54:dragon_rage|64:fire_spin;;;6;Llama;1,7;90,5;rojo;12,5;no;Cuando lanza una descarga de fuego supercaliente, la roja llama de su cola brilla más intensamente.;;solar_power;attract|curse|cut|defense_curl|dig|double_team|dragon_breath|dynamic_punch|earthquake|endure|fire_blast|fire_punch|fly|frustration|fury_cutter|headbutt|hidden_power|hyper_beam|iron_tail|mud_slap|protect|rest|return|roar|rock_smash|sandstorm|sleep_talk|snore|steel_wing|strength|sunny_day|swagger|swift|toxic;flamethrower;ancient_power|beat_up|belly_drum|bite|outrage|rock_slide;monster|dragon
charmander;Charmander;fire;39;52;43;60;50;65;blaze;medium_slow;62;45;speed:1;1:scratch|1:growl|7:ember|13:smokescreen|19:rage|25:scary_face|31:flamethrower|37:slash|43:dragon_rage|49:fire_spin;charmeleon@16;;4;Lagartija;0,6;8,5;rojo;12,5;no;La llama de su cola indica la fuerza vital de Charmander. Será brillante si está sano.;;solar_power;attract|curse|cut|defense_curl|dig|double_team|dragon_breath|dynamic_punch|endure|fire_blast|fire_punch|frustration|fury_cutter|headbutt|hidden_power|iron_tail|mud_slap|protect|rest|return|rock_smash|sleep_talk|snore|strength|sunny_day|swagger|swift|toxic;flamethrower;ancient_power|beat_up|belly_drum|bite|outrage|rock_slide;monster|dragon
charmeleon;Charmeleon;fire;58;64;58;80;65;80;blaze;medium_slow;142;45;sp_attack:1|speed:1;1:scratch|1:growl|1:ember|13:smokescreen|20:rage|27:scary_face|34:flamethrower|41:slash|48:dragon_rage|55:fire_spin;charizard@36;;5;Llama;1,1;19;rojo;12,5;no;Suele usar la cola para derribar a su rival. Cuando lo tira, se vale de sus afiladas garras para acabar con él.;;solar_power;attract|curse|cut|defense_curl|dig|double_team|dragon_breath|dynamic_punch|endure|fire_blast|fire_punch|frustration|fury_cutter|headbutt|hidden_power|iron_tail|mud_slap|protect|rest|return|rock_smash|sleep_talk|snore|strength|sunny_day|swagger|swift|toxic;flamethrower;ancient_power|beat_up|belly_drum|bite|outrage|rock_slide;monster|dragon
chatot;Chatot;normal|flying;76;65;45;92;42;91;keen_eye;medium_slow;144;30;attack:1;1:peck|5:growl|9:mirror_move|13:sing|17:fury_attack|21:chatter|25:taunt|29:mimic|33:roost|37:uproar|41:feather_dance|45:hyper_voice;;;441;Corchea;0,5;1,9;negro;50;no;Imita los sonidos de sus rivales, haciéndoles creer que son amigos e impidiendo que le ataquen.;tangled_feet;big_pecks;aerial_ace|attract|captivate|defog|double_team|endure|facade|fly|frustration|hidden_power|natural_gift|pluck|protect|rain_dance|rest|return|roost|secret_power|sleep_talk|steel_wing|substitute|sunny_day|swagger|taunt|thief|torment|toxic|u_turn;air_cutter|heat_wave|mud_slap|ominous_wind|snore|swift|twister|uproar;agility|encore|nasty_plot|night_shade|supersonic;flying
cherrim;Cherrim;grass;70;60;70;87;78;85;flower_gift;medium_fast;158;75;sp_attack:2;1:tackle|1:growth|10:leech_seed|13:helping_hand|19:magical_leaf|22:sunny_day|25:petal_dance|30:worry_seed|35:take_down|43:solar_beam|48:lucky_chant;;;421;Floración;0,5;9,3;morado;50;no;Cuando los rayos de sol inundan su capullo, abre de par en par sus pétalos y se vuelve muy dinámico.;;;attract|bullet_seed|captivate|double_team|endure|energy_ball|facade|flash|frustration|giga_drain|giga_impact|grass_knot|hidden_power|hyper_beam|natural_gift|protect|rest|return|safeguard|secret_power|sleep_talk|solar_beam|substitute|sunny_day|swagger|swords_dance|toxic;helping_hand|rollout|seed_bomb|snore|synthesis;aromatherapy|grass_whistle|nature_power|razor_leaf|sweet_scent|tickle;fairy|plant
cherubi;Cherubi;grass;45;35;45;62;53;35;chlorophyll;medium_fast;55;190;sp_attack:1;1:tackle|7:growth|10:leech_seed|13:helping_hand|19:magical_leaf|22:sunny_day|28:worry_seed|31:take_down|37:solar_beam|40:lucky_chant;cherrim@25;;420;Cereza;0,4;3,3;rosa;50;no;Bajo la luz solar es rojo. La esfera pequeña pierde sus nutrientes y se seca para anunciar la evolución.;;;attract|bullet_seed|captivate|double_team|endure|energy_ball|facade|flash|frustration|giga_drain|grass_knot|hidden_power|natural_gift|protect|rest|return|safeguard|secret_power|sleep_talk|solar_beam|substitute|sunny_day|swagger|swords_dance|toxic;helping_hand|rollout|seed_bomb|snore|synthesis;aromatherapy|grass_whistle|nature_power|razor_leaf|sweet_scent|tickle;fairy|plant
chikorita;Chikorita;grass;45;49;65;49;65;45;overgrow;medium_slow;64;45;sp_defense:1;1:tackle|1:growl|8:razor_leaf|12:reflect|15:poison_powder|22:synthesis|29:body_slam|36:light_screen|43:safeguard|50:solar_beam;bayleef@16;;152;Hoja;0,9;6,4;verde;12,5;no;Un dulce aroma se desprende de la hoja de su cabeza. Es dócil y le encanta absorber los rayos de sol.;;leaf_guard;attract|curse|cut|detect|double_team|endure|flash|frustration|giga_drain|headbutt|hidden_power|iron_tail|mud_slap|protect|rest|return|sleep_talk|snore|solar_beam|sunny_day|swagger|sweet_scent|toxic;;ancient_power|counter|flail|leech_seed|swords_dance|vine_whip;monster|plant
chimchar;Chimchar;fire;44;58;44;58;44;61;blaze;medium_slow;62;45;speed:1;1:scratch|1:leer|7:ember|9:taunt|15:fury_swipes|17:flame_wheel|23:nasty_plot|25:torment|31:facade|33:fire_spin|39:slack_off|41:flamethrower;monferno@14;;390;Chimpancé;0,5;6,2;marrón;12,5;no;El gas de su panza alimenta el fuego de su parte trasera, que ni la lluvia puede extinguir.;;iron_fist;aerial_ace|attract|brick_break|bulk_up|captivate|cut|dig|double_team|endure|facade|fire_blast|flamethrower|fling|focus_punch|frustration|grass_knot|hidden_power|iron_tail|natural_gift|overheat|protect|rest|return|rock_climb|rock_smash|secret_power|shadow_claw|sleep_talk|stealth_rock|strength|substitute|sunny_day|swagger|swords_dance|taunt|torment|toxic|u_turn|will_o_wisp;endeavor|fire_punch|gunk_shot|heat_wave|helping_hand|mud_slap|rollout|snore|swift|thunder_punch|uproar|vacuum_wave;blaze_kick|counter|double_kick|encore|fake_out|fire_punch|focus_energy|heat_wave|helping_hand|thunder_punch;ground|humanshape
chimecho;Chimecho;psychic;75;50;80;95;90;65;levitate;fast;159;45;sp_attack:1|sp_defense:1;1:wrap|6:growl|9:astonish|14:confusion|17:take_down|22:uproar|25:yawn|30:psywave|33:double_edge|38:heal_bell|41:safeguard|46:psychic;;;358;Sonido Aire;0,6;1;azul;50;no;Se cuelga de ramas y aleros con la ventosa de su cabeza. Tiene siete tipos de gritos diferentes.;;;attract|calm_mind|double_team|facade|flash|frustration|hidden_power|light_screen|protect|psychic|rain_dance|reflect|rest|return|safeguard|secret_power|shadow_ball|shock_wave|skill_swap|snatch|sunny_day|taunt|torment|toxic;defense_curl|double_edge|dream_eater|endure|icy_wind|mimic|psych_up|rollout|sleep_talk|snore|substitute|swagger;curse|disable|dream_eater|hypnosis;indeterminate
chinchou;Chinchou;water|electric;75;38;38;56;56;67;volt_absorb;slow;66;190;hp:1;1:bubble|1:thunder_wave|5:supersonic|13:flail|17:water_gun|25:spark|29:confuse_ray|37:take_down|41:hydro_pump;lanturn@27;;170;Rape;0,5;12;azul;50;no;En el oscuro fondo del océano, su único modo de comunicarse es emitiendo luces parpadeantes.;illuminate;water_absorb;attract|curse|double_team|endure|flash|frustration|hidden_power|protect|rain_dance|rest|return|sleep_talk|snore|surf|swagger|thunder|toxic|waterfall|whirlpool|zap_cannon;ice_beam|thunderbolt;flail|screech|supersonic;water2
chingling;Chingling;psychic;45;30;50;65;50;45;levitate;fast;57;120;sp_attack:1;1:wrap|6:growl|9:astonish|14:confusion|17:uproar|22:last_resort;chimecho@amistad+hora:noche;;433;Campana;0,2;0,6;amarillo;50;no;Emite un tintineo cada vez que salta. Ensordece a sus rivales con sonidos de alta frecuencia.;;;attract|calm_mind|captivate|charge_beam|double_team|dream_eater|endure|facade|flash|frustration|grass_knot|hidden_power|light_screen|natural_gift|protect|psych_up|psychic|rain_dance|recycle|reflect|rest|return|safeguard|secret_power|shadow_ball|shock_wave|skill_swap|sleep_talk|snatch|substitute|sunny_day|swagger|taunt|thunder_wave|torment|toxic|trick_room;helping_hand|icy_wind|knock_off|last_resort|rollout|signal_beam|snore|swift|trick|uproar|zen_headbutt;curse|disable|dream_eater|future_sight|hypnosis|recover|wish;no_eggs
clamperl;Clamperl;water;35;64;85;74;55;32;shell_armor;erratic;69;255;defense:1;1:clamp|1:water_gun|1:whirlpool|1:iron_defense;huntail@intercambio:deep_sea_tooth|gorebyss@intercambio:deep_sea_scale;;366;Bivalvo;0,4;52,5;azul;50;no;Produce durante su vida una sola perla que aumenta los poderes psíquicos al evolucionar.;;rattled;attract|blizzard|dive|double_team|facade|frustration|hail|hidden_power|ice_beam|protect|rain_dance|rest|return|secret_power|surf|toxic|water_pulse|waterfall;body_slam|double_edge|endure|icy_wind|mimic|sleep_talk|snore|substitute|swagger;barrier|body_slam|confuse_ray|mud_sport|refresh|supersonic;water1
claydol;Claydol;ground|psychic;60;70;105;70;120;75;levitate;medium_fast;175;90;sp_defense:2;1:teleport|1:confusion|1:harden|1:rapid_spin|7:mud_slap|11:psybeam|15:rock_tomb|19:self_destruct|25:ancient_power|31:sandstorm|36:hyper_beam|42:cosmic_power|55:explosion;;;344;Muñeca Barro;1,5;108;negro;sin_genero;no;Este Pokémon es una vieja figurilla de barro que cobró vida mediante la exposición a extraños rayos de luz.;;;dig|double_team|earthquake|facade|flash|frustration|hidden_power|hyper_beam|ice_beam|light_screen|protect|psychic|rain_dance|reflect|rest|return|rock_smash|rock_tomb|sandstorm|secret_power|shadow_ball|skill_swap|solar_beam|strength|sunny_day|toxic;double_edge|dream_eater|endure|explosion|mimic|mud_slap|psych_up|rock_slide|sleep_talk|snore|substitute|swagger;;mineral
clefable;Clefable;fairy;95;70;73;95;90;60;cute_charm;fast;217;25;hp:3;1:sing|1:double_slap|1:metronome|1:moonlight;;;36;Hada;1,3;40;rosa;75;no;Su oído es tan agudo que puede oír una aguja caer a 1 km. Vive en montañas solitarias.;magic_guard;unaware;attract|blizzard|curse|defense_curl|detect|double_team|dream_eater|dynamic_punch|endure|fire_blast|fire_punch|flash|frustration|headbutt|hidden_power|hyper_beam|ice_punch|iron_tail|mud_slap|nightmare|protect|psych_up|psychic|rain_dance|rest|return|rollout|shadow_ball|sleep_talk|snore|solar_beam|strength|sunny_day|swagger|thunder|thunder_punch|toxic|zap_cannon;flamethrower|ice_beam|thunderbolt;amnesia|belly_drum|metronome|mimic|present|splash;fairy
clefairy;Clefairy;fairy;70;45;48;60;65;35;cute_charm;fast;113;150;hp:2;1:pound|1:growl|4:encore|8:sing|13:double_slap|19:minimize|26:defense_curl|34:metronome|43:moonlight|53:light_screen;clefable@objeto:moon_stone;;35;Hada;0,6;7,5;rosa;75;no;Se dice que la felicidad llegará a quien vea a un grupo de Clefairy bailando a la luz de la luna llena.;magic_guard;friend_guard;attract|blizzard|curse|defense_curl|detect|double_team|dream_eater|dynamic_punch|endure|fire_blast|fire_punch|flash|frustration|headbutt|hidden_power|ice_punch|iron_tail|mud_slap|nightmare|protect|psych_up|psychic|rain_dance|rest|return|rollout|shadow_ball|sleep_talk|snore|solar_beam|strength|sunny_day|swagger|thunder|thunder_punch|toxic|zap_cannon;flamethrower|ice_beam|thunderbolt;amnesia|belly_drum|metronome|mimic|present|splash;fairy
cleffa;Cleffa;fairy;50;25;28;45;55;15;cute_charm;fast;44;150;sp_defense:1;1:pound|1:charm|4:encore|8:sing|13:sweet_kiss;clefairy@amistad;;173;Estrella;0,3;3;rosa;75;no;Por su inusual forma estrellada, la gente cree que procede de un meteorito que cayó a la tierra.;magic_guard;friend_guard;attract|curse|defense_curl|detect|double_team|dream_eater|endure|fire_blast|flash|frustration|headbutt|hidden_power|icy_wind|iron_tail|mud_slap|nightmare|protect|psych_up|psychic|rain_dance|rest|return|rollout|shadow_ball|sleep_talk|snore|solar_beam|sunny_day|swagger|toxic|zap_cannon;flamethrower;amnesia|belly_drum|metronome|mimic|present|splash;no_eggs
cloyster;Cloyster;water|ice;50;95;180;85;45;70;shell_armor;slow;184;60;defense:2;1:withdraw|1:supersonic|1:aurora_beam|1:protect|33:spikes|41:spike_cannon;;;91;Bivalvo;1,5;132,5;morado;50;no;A los Cloyster que viven en las fuertes corrientes marinas les crecen largas y afiladas púas en la concha.;skill_link;overcoat;attract|blizzard|curse|double_team|endure|frustration|hidden_power|hyper_beam|icy_wind|protect|rain_dance|rest|return|sleep_talk|snore|surf|swagger|swift|toxic|whirlpool;ice_beam;barrier|bubble_beam|rapid_spin|screech|take_down;water3
combee;Combee;bug|flying;30;30;42;30;42;70;honey_gather;medium_slow;49;120;speed:1;1:sweet_scent|1:gust|13:bug_bite;vespiquen@21+azar:12;;415;Abejita;0,3;5,5;amarillo;12,5;no;El trío se forma al nacer y se pasa la vida recogiendo miel de las flores para satisfacer a Vespiquen.;;hustle;;air_cutter|endeavor|mud_slap|ominous_wind|snore|swift;;bug
combusken;Combusken;fire|fighting;60;85;60;85;60;55;blaze;medium_slow;142;45;attack:1|sp_attack:1;1:scratch|1:growl|1:focus_energy|1:ember|16:double_kick|17:peck|21:sand_attack|28:bulk_up|32:quick_attack|39:slash|43:mirror_move|50:sky_uppercut;blaziken@36;;256;Ave Corral;0,9;19,5;rojo;12,5;no;Su habilidad le permite dar diez patadas por segundo. Lanza potentes gritos para intimidar.;;speed_boost;aerial_ace|attract|brick_break|bulk_up|cut|dig|double_team|facade|fire_blast|flamethrower|focus_punch|frustration|hidden_power|overheat|protect|rest|return|rock_smash|rock_tomb|secret_power|strength|sunny_day|toxic;body_slam|counter|double_edge|dynamic_punch|endure|fire_punch|fury_cutter|mega_kick|mega_punch|mimic|mud_slap|rock_slide|seismic_toss|sleep_talk|snore|substitute|swagger|swift|swords_dance|thunder_punch;counter|endure|reversal|rock_slide|smelling_salts|swagger;ground
corphish;Corphish;water;43;80;65;50;35;35;hyper_cutter;fluctuating;62;205;attack:1;1:bubble|7:harden|10:vice_grip|13:leer|20:bubble_beam|23:protect|26:knock_off|32:taunt|35:crabhammer|38:swords_dance|44:guillotine;crawdaunt@30;;341;Rufián;0,6;11,5;rojo;50;no;Por sucio o contaminado que esté el río, se adaptan rápido y se multiplican. Poseen una gran fuerza vital.;shell_armor;adaptability;aerial_ace|attract|blizzard|brick_break|cut|dig|double_team|facade|frustration|hail|hidden_power|ice_beam|protect|rain_dance|rest|return|rock_smash|rock_tomb|secret_power|sludge_bomb|strength|surf|taunt|toxic|water_pulse|waterfall;body_slam|counter|double_edge|endure|fury_cutter|icy_wind|mimic|mud_slap|sleep_talk|snore|substitute|swagger|swords_dance;ancient_power|body_slam|endeavor|mud_sport;water1|water3
corsola;Corsola;water|rock;65;55;95;65;95;35;hustle;fast;144;60;defense:1|sp_defense:1;1:tackle|7:harden|13:bubble|19:recover|25:bubble_beam|31:spike_cannon|37:mirror_coat|43:ancient_power;;;222;Coral;0,6;5;rosa;75;no;Crece y muda continuamente. La parte superior de su cabeza es muy apreciada por su belleza.;natural_cure;regenerator;attract|curse|defense_curl|double_team|earthquake|endure|frustration|headbutt|hidden_power|mud_slap|protect|psychic|rain_dance|rest|return|rock_smash|rollout|sandstorm|sleep_talk|snore|strength|sunny_day|surf|swagger|toxic|whirlpool;ice_beam;amnesia|mist|rock_slide|safeguard|screech;water1|water3
cradily;Cradily;rock|grass;86;81;97;81;107;43;suction_cups;erratic;173;45;sp_defense:2;1:astonish|1:constrict|1:acid|1:ingrain|29:confuse_ray|36:amnesia|48:ancient_power|60:stockpile|60:spit_up|60:swallow;;;346;Percebe;1,5;60,4;verde;12,5;no;Vive en el fondo de los mares de aguas templadas. Emerge para cazar cuando baja la marea.;;storm_drain;attract|bullet_seed|double_team|earthquake|facade|frustration|giga_drain|hidden_power|hyper_beam|protect|rest|return|rock_smash|rock_tomb|sandstorm|secret_power|sludge_bomb|solar_beam|strength|sunny_day|toxic;body_slam|double_edge|endure|mimic|mud_slap|psych_up|rock_slide|sleep_talk|snore|substitute|swagger;barrier|mirror_coat|recover|rock_slide;water3
cranidos;Cranidos;rock;67;125;40;30;30;58;mold_breaker;erratic;70;45;attack:1;1:headbutt|1:leer|6:focus_energy|10:pursuit|15:take_down|19:scary_face|24:assurance|28:ancient_power|33:zen_headbutt|37:screech|43:head_smash;rampardos@30;;408;Cabezazo;0,9;31,5;azul;12,5;no;Fue recreado a partir de un fósil con forma esférica. Derriba a las presas a cabezazos.;;sheer_force;attract|blizzard|captivate|dig|double_team|dragon_pulse|earthquake|endure|facade|fire_blast|flamethrower|fling|frustration|hidden_power|ice_beam|iron_tail|natural_gift|payback|protect|rain_dance|rest|return|roar|rock_climb|rock_polish|rock_slide|rock_smash|rock_tomb|sandstorm|secret_power|shock_wave|sleep_talk|stealth_rock|stone_edge|strength|substitute|sunny_day|swagger|swords_dance|thief|thunder|thunderbolt|toxic;ancient_power|earth_power|endeavor|fire_punch|iron_head|mud_slap|snore|spite|superpower|thunder_punch|uproar|zen_headbutt;crunch|double_edge|hammer_arm|leer|slam|stomp|thrash|whirlwind;monster
crawdaunt;Crawdaunt;water|dark;63;120;85;90;55;55;hyper_cutter;fluctuating;164;155;attack:2;1:bubble|1:harden|1:vice_grip|1:leer|20:bubble_beam|23:protect|26:knock_off|34:taunt|39:crabhammer|44:swords_dance|52:guillotine;;;342;Granuja;1,1;32,8;rojo;50;no;Este malandrín usa sus pinzas para atosigar y expulsar a los otros Pokémon que viven en su estanque.;shell_armor;adaptability;aerial_ace|attract|blizzard|brick_break|cut|dig|dive|double_team|facade|frustration|hail|hidden_power|hyper_beam|ice_beam|protect|rain_dance|rest|return|rock_smash|rock_tomb|secret_power|sludge_bomb|strength|surf|taunt|toxic|water_pulse|waterfall;body_slam|counter|double_edge|endure|fury_cutter|icy_wind|mimic|mud_slap|sleep_talk|snore|substitute|swagger|swift|swords_dance;ancient_power|body_slam|endeavor|mud_sport;water1|water3
cresselia;Cresselia;psychic;120;70;110;75;120;85;levitate;slow;270;3;sp_defense:3;1:confusion|1:double_team|11:safeguard|20:mist|29:aurora_beam|38:future_sight|47:slash|57:moonlight|66:psycho_cut|75:psycho_shift|84:lunar_dance|93:psychic;;;488;Lunar;1,5;85,6;amarillo;100;si;Sus alas emiten un velo de partículas brillantes. Se dice que representa un cuarto lunar.;;;attract|calm_mind|captivate|charge_beam|double_team|dream_eater|endure|energy_ball|facade|flash|frustration|giga_impact|grass_knot|hidden_power|hyper_beam|ice_beam|light_screen|natural_gift|protect|psych_up|psychic|rain_dance|recycle|reflect|rest|return|safeguard|secret_power|shadow_ball|skill_swap|sleep_talk|solar_beam|substitute|sunny_day|swagger|thunder_wave|toxic|trick_room;fury_cutter|helping_hand|icy_wind|mud_slap|signal_beam|snore|swift|trick|zen_headbutt;;no_eggs
croagunk;Croagunk;poison|fighting;48;61;40;61;40;50;anticipation;medium_fast;60;140;attack:1;1:astonish|3:mud_slap|8:poison_sting|10:taunt|15:pursuit|17:feint_attack|22:revenge|24:swagger|29:mud_bomb|31:sucker_punch|36:nasty_plot|38:poison_jab|43:sludge_bomb|45:flatter;toxicroak@37;;453;Boca Tóxica;0,7;23;azul;50;no;Tiene bolsas venenosas en las mejillas. Pilla desprevenidos a sus rivales para pincharles.;dry_skin;poison_touch;attract|brick_break|bulk_up|captivate|dark_pulse|dig|double_team|earthquake|embargo|endure|facade|fling|focus_blast|focus_punch|frustration|hidden_power|natural_gift|payback|poison_jab|protect|rain_dance|rest|return|rock_climb|rock_slide|rock_smash|rock_tomb|secret_power|shadow_ball|sleep_talk|sludge_bomb|snatch|strength|substitute|sunny_day|swagger|taunt|thief|torment|toxic|x_scissor;bounce|fury_cutter|gunk_shot|helping_hand|ice_punch|icy_wind|knock_off|mud_slap|snore|spite|sucker_punch|thunder_punch|vacuum_wave;bullet_punch|cross_chop|dynamic_punch|fake_out|feint|headbutt|me_first|meditate|smelling_salts|vacuum_wave|wake_up_slap;humanshape
crobat;Crobat;poison|flying;85;90;80;70;80;130;inner_focus;medium_fast;241;90;speed:3;1:screech|1:leech_life|1:supersonic|12:bite|19:confuse_ray|30:wing_attack|42:mean_look|55:haze;;;169;Murciélago;1,8;75;morado;50;no;Es tan silencioso cuando vuela en la oscuridad con sus cuatro alas, que cuesta percibirlo cuando se acerca.;;infiltrator;attract|curse|detect|double_team|endure|fly|frustration|giga_drain|hidden_power|hyper_beam|protect|rest|return|sleep_talk|snore|steel_wing|sunny_day|swagger|swift|thief|toxic;;feint_attack|gust|pursuit|quick_attack|whirlwind;flying
croconaw;Croconaw;water;65;80;80;59;63;58;torrent;medium_slow;142;45;attack:1|defense:1;1:scratch|1:leer|1:rage|13:water_gun|21:bite|28:scary_face|37:slash|45:screech|55:hydro_pump;feraligatr@30;;159;Fauces;1,1;25;azul;12,5;no;Si pierde un colmillo, le crecerá otro en su lugar. Siempre tiene 48 colmillos en su boca.;;sheer_force;attract|blizzard|curse|cut|detect|dig|double_team|dynamic_punch|endure|frustration|fury_cutter|headbutt|hidden_power|ice_punch|icy_wind|iron_tail|mud_slap|protect|rain_dance|rest|return|roar|rock_smash|sleep_talk|snore|strength|surf|swagger|toxic|whirlpool;ice_beam;ancient_power|crunch|hydro_pump|razor_wind|rock_slide|thrash;monster|water1
cubone;Cubone;ground;50;50;95;40;50;35;rock_head;medium_fast;64;190;defense:1;1:growl|5:tail_whip|9:bone_club|13:headbutt|17:leer|21:focus_energy|25:bonemerang|29:rage|33:false_swipe|37:thrash|41:bone_rush;marowak@28;;104;Solitario;0,4;6,5;marrón;50;no;Lleva puesto el cráneo de su madre. Cuando se siente solo se pone a gritar muy fuerte.;lightning_rod;battle_armor;attract|blizzard|curse|detect|dig|double_team|dynamic_punch|earthquake|endure|fire_blast|fire_punch|frustration|headbutt|hidden_power|icy_wind|iron_tail|mud_slap|protect|rest|return|rock_smash|sandstorm|sleep_talk|snore|strength|sunny_day|swagger|thief|thunder_punch|toxic;flamethrower|ice_beam;ancient_power|belly_drum|perish_song|rock_slide|screech|skull_bash|swords_dance;monster
cyndaquil;Cyndaquil;fire;39;52;43;60;50;65;blaze;medium_slow;62;45;speed:1;1:tackle|1:leer|6:smokescreen|12:ember|19:quick_attack|27:flame_wheel|36:swift|46:flamethrower;quilava@14;;155;Ratón Fuego;0,5;7,9;amarillo;12,5;no;Es tímido y siempre se enrosca como una pelota. Si es atacado, enciende su lomo para protegerse.;;flash_fire;attract|curse|cut|defense_curl|detect|dig|double_team|endure|fire_blast|frustration|headbutt|hidden_power|iron_tail|mud_slap|protect|rest|return|rollout|sleep_talk|snore|sunny_day|swagger|swift|toxic;flamethrower;foresight|fury_swipes|quick_attack|reversal|submission|thrash;ground
darkrai;Darkrai;dark;70;90;90;135;90;125;bad_dreams;slow;270;3;sp_attack:2|speed:1;1:ominous_wind|1:disable|11:quick_attack|20:hypnosis|29:feint_attack|38:nightmare|47:double_team|57:haze|66:dark_void|75:nasty_plot|84:dream_eater|93:dark_pulse;;;491;Oscuridad;1,5;50,5;negro;sin_genero;si;Defiende su territorio de personas y Pokémon haciéndoles dormir y provocándoles pesadillas.;;;aerial_ace|blizzard|brick_break|calm_mind|charge_beam|cut|dark_pulse|double_team|drain_punch|dream_eater|embargo|endure|facade|flash|fling|focus_blast|focus_punch|frustration|giga_impact|hidden_power|hyper_beam|ice_beam|natural_gift|payback|poison_jab|protect|psych_up|psychic|rain_dance|rest|return|rock_climb|rock_slide|rock_smash|rock_tomb|secret_power|shadow_ball|shadow_claw|shock_wave|sleep_talk|sludge_bomb|snatch|strength|substitute|sunny_day|swagger|swords_dance|taunt|thief|thunder|thunder_wave|thunderbolt|torment|toxic|will_o_wisp|x_scissor;icy_wind|knock_off|last_resort|mud_slap|ominous_wind|snore|spite|sucker_punch|swift|trick;;no_eggs
delcatty;Delcatty;normal;70;65;65;55;55;90;cute_charm;fast;140;60;hp:1|speed:1;1:growl|1:attract|1:sing|1:double_slap;;;301;Cursi;1,1;32,6;morado;75;no;No soporta los lugares sucios. Le encanta acicalarse el pelaje cuando está a gusto en un sitio.;normalize;wonder_skin;attract|blizzard|calm_mind|dig|double_team|facade|flash|frustration|hidden_power|hyper_beam|ice_beam|iron_tail|protect|rain_dance|rest|return|rock_smash|safeguard|secret_power|shadow_ball|shock_wave|solar_beam|strength|sunny_day|thunder|thunderbolt|toxic|water_pulse;body_slam|defense_curl|double_edge|dream_eater|endure|icy_wind|mimic|mud_slap|psych_up|rollout|sleep_talk|snore|substitute|swagger|swift|thunder_wave;baton_pass|fake_tears|helping_hand|psych_up|substitute|tickle|uproar|wish;ground|fairy
delibird;Delibird;ice|flying;45;55;45;65;45;75;vital_spirit;fast;116;45;speed:1;1:present;;;225;Reparto;0,9;16;rojo;50;no;Transporta alimentos en su cola enrollada. Le gusta compartir su comida con los montañistas perdidos.;hustle;insomnia;attract|blizzard|curse|detect|double_team|endure|fly|frustration|headbutt|hidden_power|icy_wind|mud_slap|protect|rain_dance|rest|return|sleep_talk|snore|swagger|swift|thief|toxic;ice_beam;aurora_beam|future_sight|quick_attack|rapid_spin|splash;water1|ground
deoxys;Deoxys;psychic;50;150;50;150;50;150;pressure;slow;270;3;attack:1|sp_attack:1|speed:1;1:leer|1:wrap|5:night_shade|10:teleport|15:knock_off|20:pursuit|25:psychic|30:snatch|35:cosmic_power|40:recover|45:psycho_boost|50:hyper_beam;;;386;ADN;1,7;60,8;rojo;sin_genero;si;Surgió a raíz de la mutación de ADN de un virus alienígena que cayó a la Tierra en un meteorito.;;;aerial_ace|brick_break|calm_mind|cut|double_team|facade|flash|focus_punch|frustration|hidden_power|hyper_beam|ice_beam|light_screen|protect|psychic|rain_dance|reflect|rest|return|rock_smash|rock_tomb|safeguard|secret_power|shadow_ball|shock_wave|skill_swap|snatch|solar_beam|strength|sunny_day|taunt|thunder|thunderbolt|torment|toxic|water_pulse;;;no_eggs
dewgong;Dewgong;water|ice;90;70;80;70;95;70;thick_fat;medium_fast;166;75;sp_defense:2;1:headbutt|1:growl|1:aurora_beam|21:rest|32:take_down|43:ice_beam|60:safeguard;;;87;León Marino;1,7;120;blanco;50;no;Está recubierto de un luminoso pelaje blanco. Este Pokémon aumenta su actividad cuando bajan las temperaturas.;hydration;ice_body;attract|blizzard|curse|double_team|endure|frustration|headbutt|hidden_power|hyper_beam|icy_wind|protect|rain_dance|rest|return|sleep_talk|snore|surf|swagger|toxic|waterfall|whirlpool;ice_beam;disable|encore|lick|peck|perish_song|slam;water1|ground
dialga;Dialga;steel|dragon;100;120;120;150;100;90;pressure;slow;306;3;sp_attack:3;1:dragon_breath|1:scary_face|10:metal_claw|20:ancient_power|30:dragon_claw|40:roar_of_time|50:heal_block|60:earth_power|70:slash|80:flash_cannon|90:aura_sphere;;;483;Temporal;5,4;683;blanco;sin_genero;si;Un Pokémon de leyenda. Se dice que el tiempo comenzó a avanzar cuando Dialga nació.;;telepathy;aerial_ace|blizzard|brick_break|bulk_up|cut|double_team|dragon_claw|dragon_pulse|earthquake|endure|facade|fire_blast|flamethrower|flash|flash_cannon|frustration|giga_impact|hidden_power|hyper_beam|ice_beam|iron_tail|natural_gift|overheat|protect|psych_up|rain_dance|rest|return|roar|rock_slide|rock_smash|rock_tomb|safeguard|sandstorm|secret_power|shadow_claw|shock_wave|sleep_talk|stealth_rock|stone_edge|strength|substitute|sunny_day|swagger|thunder|thunder_wave|thunderbolt|toxic|trick_room;ancient_power|draco_meteor|earth_power|fury_cutter|iron_defense|iron_head|magnet_rise|mud_slap|outrage|snore|swift|twister;;no_eggs
diglett;Diglett;ground;10;55;25;35;45;95;sand_veil;medium_fast;53;255;speed:1;1:scratch|5:growl|9:magnitude|17:dig|25:sand_attack|33:slash|41:earthquake|49:fissure;dugtrio@26;;50;Topo;0,2;0,8;marrón;50;no;Vive un metro por debajo del suelo, donde se alimenta de raíces. También aparece en la superficie.;arena_trap;sand_force;attract|curse|cut|dig|double_team|earthquake|endure|frustration|hidden_power|mud_slap|protect|rest|return|rock_smash|sleep_talk|sludge_bomb|snore|sunny_day|swagger|thief|toxic;;ancient_power|beat_up|feint_attack|pursuit|screech;ground
ditto;Ditto;normal;48;48;48;48;48;48;limber;medium_fast;101;35;hp:1;1:transform;;;132;Transformación;0,3;4;morado;sin_genero;no;Puede alterar por completo su estructura celular para emular cualquier objeto que vea.;;imposter;;;;ditto
dodrio;Dodrio;normal|flying;60;110;70;60;60;110;run_away;medium_fast;165;45;attack:2;1:peck|1:growl|1:pursuit|1:fury_attack|21:tri_attack|25:rage|38:drill_peck|47:agility;;;85;Ave Triple;1,8;85,2;marrón;50;no;Más vale no perder de vista ninguna de las tres cabezas. De lo contrario, el número de picotazos será enorme.;early_bird;tangled_feet;attract|curse|double_team|endure|fly|frustration|hidden_power|hyper_beam|mud_slap|protect|rest|return|sleep_talk|snore|steel_wing|sunny_day|swagger|swift|thief|toxic;;feint_attack|flail|haze|quick_attack|supersonic;flying
doduo;Doduo;normal|flying;35;85;45;35;35;75;run_away;medium_fast;62;190;attack:1;1:peck|1:growl|9:pursuit|13:fury_attack|21:tri_attack|25:rage|33:drill_peck|37:agility;dodrio@31;;84;Ave Gemela;1,4;39,2;marrón;50;no;Este Pokémon de dos cabezas es el resultado de una mutación. Cuando corre, puede alcanzar casi 100 km por hora.;early_bird;tangled_feet;attract|curse|double_team|endure|fly|frustration|hidden_power|mud_slap|protect|rest|return|sleep_talk|snore|steel_wing|sunny_day|swagger|swift|thief|toxic;;feint_attack|flail|haze|quick_attack|supersonic;flying
donphan;Donphan;ground;90;120;120;60;60;50;sturdy;medium_fast;175;60;attack:1|defense:1;1:horn_attack|1:growl|9:defense_curl|17:flail|25:fury_attack|33:rollout|41:rapid_spin|49:earthquake;;;232;Coraza;1,1;120;gris;50;no;Tiene afilados y duros colmillos, y una gruesa piel. Su Placaje es tan fuerte que puede derribar una casa.;;sand_veil;attract|curse|defense_curl|double_team|earthquake|endure|frustration|headbutt|hidden_power|hyper_beam|mud_slap|protect|rest|return|roar|rock_smash|rollout|sandstorm|sleep_talk|snore|strength|sunny_day|swagger|toxic;;ancient_power|body_slam|focus_energy|water_gun;ground
dragonair;Dragonair;dragon;61;84;65;70;70;70;shed_skin;slow;147;45;attack:2;1:wrap|1:leer|1:thunder_wave|1:twister|22:dragon_rage|29:slam|38:agility|47:safeguard|56:outrage|65:hyper_beam;dragonite@55;;148;Dragón;4;16,5;azul;50;no;Sus cristalinos orbes parecen darle al Pokémon el poder de controlar el clima libremente.;;marvel_scale;attract|blizzard|curse|detect|double_team|dragon_breath|endure|fire_blast|frustration|headbutt|hidden_power|icy_wind|iron_tail|protect|rain_dance|rest|return|sleep_talk|snore|surf|swagger|swift|thunder|toxic|waterfall|zap_cannon;flamethrower|ice_beam|thunderbolt;haze|light_screen|mist|supersonic;water1|dragon
dragonite;Dragonite;dragon|flying;91;134;95;100;100;80;inner_focus;slow;270;45;attack:3;1:wrap|1:leer|1:thunder_wave|1:twister|22:dragon_rage|29:slam|38:agility|47:safeguard|55:wing_attack|61:outrage|75:hyper_beam;;;149;Dragón;2,2;210;marrón;50;no;A pesar del tamaño que tiene y de lo pesado que es, puede volar. Es capaz de dar la vuelta al mundo en solo 16 horas.;;multiscale;attract|blizzard|curse|detect|double_team|dragon_breath|dynamic_punch|endure|fire_blast|fire_punch|fly|frustration|fury_cutter|headbutt|hidden_power|hyper_beam|ice_punch|icy_wind|iron_tail|mud_slap|protect|rain_dance|rest|return|rock_smash|sandstorm|sleep_talk|snore|steel_wing|strength|surf|swagger|swift|thunder|thunder_punch|toxic|waterfall|whirlpool|zap_cannon;flamethrower|ice_beam|thunderbolt;haze|light_screen|mist|supersonic;water1|dragon
drapion;Drapion;poison|dark;70;90;110;60;75;95;battle_armor;slow;175;45;defense:2;1:thunder_fang|1:ice_fang|1:fire_fang|1:bite|1:poison_sting|1:leer|1:knock_off|12:pin_missile|17:acupressure|23:scary_face|28:toxic_spikes|34:bug_bite|39:poison_fang|49:crunch|58:cross_poison;;;452;Escorpiogro;1,3;61,5;morado;50;no;Aunque sabe que puede aplastar al rival con su gran fuerza, le gusta dar el golpe de gracia con su virulento veneno.;sniper;keen_eye;aerial_ace|attract|brick_break|captivate|cut|dark_pulse|dig|double_team|earthquake|endure|facade|false_swipe|flash|fling|frustration|giga_impact|hidden_power|hyper_beam|iron_tail|natural_gift|payback|poison_jab|protect|rain_dance|rest|return|roar|rock_climb|rock_slide|rock_smash|rock_tomb|secret_power|shadow_ball|sleep_talk|sludge_bomb|strength|substitute|sunny_day|swagger|swords_dance|taunt|thief|torment|toxic|x_scissor;aqua_tail|fury_cutter|knock_off|mud_slap|snore;agility|confuse_ray|feint_attack|night_slash|pursuit|sand_attack|screech|slash|whirlwind;bug|water3
dratini;Dratini;dragon;41;64;45;50;50;50;shed_skin;slow;60;45;attack:1;1:wrap|1:leer|8:thunder_wave|15:twister|22:dragon_rage|29:slam|36:agility|43:safeguard|50:outrage|57:hyper_beam;dragonair@30;;147;Dragón;1,8;3,3;azul;50;no;Se le llama el Pokémon Espejismo porque son muy pocos los que lo han visto. Se encontró su muda.;;marvel_scale;attract|blizzard|curse|detect|double_team|dragon_breath|endure|fire_blast|frustration|headbutt|hidden_power|icy_wind|iron_tail|protect|rain_dance|rest|return|sleep_talk|snore|surf|swagger|swift|thunder|toxic|waterfall|zap_cannon;flamethrower|ice_beam|thunderbolt;haze|light_screen|mist|supersonic;water1|dragon
drifblim;Drifblim;ghost|flying;150;80;44;90;54;80;aftermath;fluctuating;174;60;hp:2;1:constrict|1:minimize|1:astonish|1:gust|14:focus_energy|17:payback|22:stockpile|27:swallow|27:spit_up|32:ominous_wind|37:baton_pass|44:shadow_ball|51:explosion;;;426;Dirigible;1,2;15;morado;50;no;Transporta a gente y a Pokémon volando, pero, como se deja llevar, puede acabar en cualquier sitio.;unburden;flare_boost;attract|calm_mind|captivate|charge_beam|cut|defog|double_team|dream_eater|embargo|endure|explosion|facade|flash|fly|frustration|giga_impact|gyro_ball|hidden_power|hyper_beam|natural_gift|payback|protect|psych_up|psychic|rain_dance|recycle|rest|return|secret_power|shadow_ball|shock_wave|silver_wind|skill_swap|sleep_talk|substitute|sunny_day|swagger|thief|thunder|thunder_wave|thunderbolt|toxic|will_o_wisp;air_cutter|icy_wind|knock_off|mud_slap|ominous_wind|rollout|snore|spite|sucker_punch|swift|trick;body_slam|destiny_bond|disable|haze|hypnosis|memento;indeterminate
drifloon;Drifloon;ghost|flying;90;50;34;60;44;70;aftermath;fluctuating;70;125;hp:1;1:constrict|1:minimize|6:astonish|11:gust|14:focus_energy|17:payback|22:stockpile|27:swallow|27:spit_up|30:ominous_wind|33:baton_pass|38:shadow_ball|43:explosion;drifblim@28;;425;Globo;0,4;1,2;morado;50;no;Está formado por los espíritus de personas y Pokémon. Le encantan las estaciones húmedas.;unburden;flare_boost;attract|calm_mind|captivate|charge_beam|cut|defog|double_team|dream_eater|embargo|endure|explosion|facade|flash|frustration|gyro_ball|hidden_power|natural_gift|payback|protect|psych_up|psychic|rain_dance|recycle|rest|return|secret_power|shadow_ball|shock_wave|silver_wind|skill_swap|sleep_talk|substitute|sunny_day|swagger|thief|thunder|thunder_wave|thunderbolt|toxic|will_o_wisp;air_cutter|icy_wind|knock_off|mud_slap|ominous_wind|rollout|snore|spite|sucker_punch|swift|trick;body_slam|destiny_bond|disable|haze|hypnosis|memento;indeterminate
drowzee;Drowzee;psychic;60;48;45;43;90;42;insomnia;medium_fast;66;190;sp_defense:1;1:pound|1:hypnosis|10:disable|18:confusion|25:headbutt|31:poison_gas|36:meditate|40:psychic|43:psych_up|45:future_sight;hypno@26;;96;Hipnosis;1;32,4;amarillo;50;no;Adormece a sus enemigos y se come sus sueños. A veces se pone enfermo si come pesadillas.;forewarn;inner_focus;attract|curse|double_team|dream_eater|dynamic_punch|endure|fire_punch|flash|frustration|headbutt|hidden_power|ice_punch|nightmare|protect|psych_up|psychic|rain_dance|rest|return|shadow_ball|sleep_talk|snore|sunny_day|swagger|thunder_punch|toxic|zap_cannon;;barrier|light_screen;humanshape
dugtrio;Dugtrio;ground;35;100;50;50;70;120;sand_veil;medium_fast;149;50;speed:2;1:tri_attack|1:scratch|1:growl|1:magnitude|17:dig|25:sand_attack|37:slash|49:earthquake|61:fissure;;;51;Topo;0,7;33,3;marrón;50;no;En combate, cava la tierra, se esconde y sale de repente para golpear a su rival. Nunca se sabe por dónde puede aparecer.;arena_trap;sand_force;attract|curse|cut|dig|double_team|earthquake|endure|frustration|hidden_power|hyper_beam|mud_slap|protect|rest|return|rock_smash|sleep_talk|sludge_bomb|snore|sunny_day|swagger|thief|toxic;;ancient_power|beat_up|feint_attack|pursuit|screech;ground
dunsparce;Dunsparce;normal;100;70;70;65;65;45;serene_grace;medium_fast;145;190;hp:1;1:rage|5:defense_curl|13:glare|18:spite|26:pursuit|30:screech|38:take_down;;;206;Serpiente Tierra;1,5;14;amarillo;50;no;Este Pokémon escapa hacia atrás perforando el suelo con su cola, si es descubierto.;run_away;rattled;attract|curse|defense_curl|dig|double_team|dream_eater|endure|frustration|headbutt|hidden_power|iron_tail|mud_slap|nightmare|protect|psych_up|rain_dance|rest|return|rock_smash|rollout|sleep_talk|snore|solar_beam|strength|sunny_day|swagger|thief|thunder|toxic|zap_cannon;flamethrower|thunderbolt;ancient_power|bide|bite|rage|rock_slide;ground
dusclops;Dusclops;ghost;40;70;130;60;130;25;pressure;fast;159;90;defense:1|sp_defense:1;1:bind|1:leer|1:night_shade|1:disable|12:foresight|16:astonish|23:confuse_ray|27:pursuit|34:curse|37:shadow_punch|41:will_o_wisp|51:mean_look|58:future_sight;dusknoir@intercambio:reaper_cloth;;356;Atrayente;1,6;30,6;negro;50;no;Si alguien mira los fuegos fatuos del interior de Dusclops, perderá su alma irremediablemente.;;frisk;attract|blizzard|calm_mind|double_team|earthquake|facade|flash|focus_punch|frustration|hidden_power|hyper_beam|ice_beam|protect|psychic|rain_dance|rest|return|rock_smash|rock_tomb|secret_power|shadow_ball|skill_swap|snatch|strength|sunny_day|taunt|thief|torment|toxic;body_slam|counter|double_edge|dream_eater|dynamic_punch|endure|fire_punch|ice_punch|icy_wind|mega_kick|mega_punch|metronome|mimic|mud_slap|psych_up|rock_slide|seismic_toss|sleep_talk|snore|substitute|swagger|thunder_punch;destiny_bond|feint_attack|grudge|imprison|memento|pain_split;indeterminate
dusknoir;Dusknoir;ghost;45;100;135;65;135;45;pressure;fast;236;45;defense:1|sp_defense:2;1:fire_punch|1:ice_punch|1:thunder_punch|1:gravity|1:bind|1:leer|1:night_shade|1:disable|9:foresight|14:astonish|17:confuse_ray|22:shadow_sneak|25:pursuit|30:curse|33:will_o_wisp|37:shadow_punch|43:mean_look|51:payback|61:future_sight;;;477;Grilletes;2,2;106,6;negro;50;no;Se dice que recoge en su cuerpo flexible a los espíritus extraviados y los guía hasta casa.;;frisk;attract|blizzard|brick_break|calm_mind|captivate|charge_beam|dark_pulse|double_team|dream_eater|earthquake|embargo|endure|facade|flash|fling|focus_blast|focus_punch|frustration|giga_impact|hidden_power|hyper_beam|ice_beam|natural_gift|payback|protect|psych_up|psychic|rain_dance|rest|return|rock_slide|rock_smash|rock_tomb|secret_power|shadow_ball|skill_swap|sleep_talk|snatch|strength|substitute|sunny_day|swagger|taunt|thief|torment|toxic|trick_room|will_o_wisp;fire_punch|ice_punch|icy_wind|mud_slap|ominous_wind|snore|spite|sucker_punch|thunder_punch|trick;destiny_bond|feint_attack|grudge|imprison|memento|pain_split;indeterminate
duskull;Duskull;ghost;20;40;90;30;90;25;levitate;fast;59;190;sp_defense:1;1:leer|1:night_shade|5:disable|12:foresight|16:astonish|23:confuse_ray|27:pursuit|34:curse|38:will_o_wisp|45:mean_look|49:future_sight;dusclops@37;;355;Réquiem;0,8;15;negro;50;no;Persigue a su presa sin descanso allá donde vaya. No obstante, abandona la caza al amanecer.;;frisk;attract|blizzard|calm_mind|double_team|facade|flash|frustration|hidden_power|ice_beam|protect|psychic|rain_dance|rest|return|secret_power|shadow_ball|skill_swap|snatch|sunny_day|taunt|thief|torment|toxic;body_slam|double_edge|dream_eater|endure|icy_wind|mimic|psych_up|sleep_talk|snore|substitute|swagger;destiny_bond|feint_attack|grudge|imprison|memento|pain_split;indeterminate
dustox;Dustox;bug|poison;60;50;70;50;90;65;shield_dust;medium_fast;173;45;sp_defense:3;1:confusion|13:gust|17:protect|20:moonlight|24:psybeam|27:whirlwind|31:light_screen|34:silver_wind|38:toxic;;;269;Polilla Ven.;1,2;31,6;verde;50;no;Pokémon nocturno. Atraído por las luces de la ciudad, se come las hojas y arbustos de las avenidas.;;compound_eyes;aerial_ace|attract|double_team|facade|flash|frustration|giga_drain|hidden_power|hyper_beam|light_screen|protect|psychic|rest|return|secret_power|shadow_ball|sludge_bomb|solar_beam|sunny_day|thief|toxic;double_edge|endure|mimic|sleep_talk|snore|substitute|swagger|swift;;bug
eevee;Eevee;normal;55;55;50;45;65;55;run_away;medium_fast;65;45;sp_defense:1;1:tackle|1:tail_whip|8:sand_attack|16:growl|23:quick_attack|30:bite|36:baton_pass|42:take_down;vaporeon@objeto:water_stone|jolteon@objeto:thunder_stone|flareon@objeto:fire_stone|espeon@amistad+hora:dia|umbreon@amistad+hora:noche|leafeon@subir+lugar:eterna_forest|glaceon@subir+lugar:sinnoh_route_217;;133;Evolución;0,3;6,5;marrón;12,5;no;Un extraño Pokémon que se adapta a los entornos más hostiles gracias a sus diferentes evoluciones.;adaptability;anticipation;attract|curse|detect|double_team|endure|frustration|headbutt|hidden_power|iron_tail|mud_slap|protect|rain_dance|rest|return|shadow_ball|sleep_talk|snore|sunny_day|swagger|swift|toxic;;charm|flail;ground
ekans;Ekans;poison;35;60;44;40;54;55;intimidate;medium_fast;58;255;attack:1;1:wrap|1:leer|9:poison_sting|15:bite|23:glare|29:screech|37:acid|43:haze;arbok@22;;23;Serpiente;2;6,9;morado;50;no;Cuanto más viejo, más crece este Pokémon. Por la noche, descansa en las ramas de los árboles.;shed_skin;unnerve;attract|curse|dig|double_team|earthquake|endure|frustration|giga_drain|headbutt|hidden_power|protect|rest|return|sleep_talk|sludge_bomb|snore|strength|sunny_day|swagger|thief|toxic;;beat_up|crunch|pursuit|slam|spite;ground|dragon
electabuzz;Electabuzz;electric;65;83;57;95;85;105;static;medium_fast;172;45;speed:2;1:quick_attack|1:leer|1:thunder_punch|17:light_screen|25:swift|36:screech|47:thunderbolt|58:thunder;electivire@intercambio:electirizer;;125;Eléctrico;1,1;30;amarillo;25;no;Por la superficie de su piel corre la electricidad. En la oscuridad, su cuerpo se torna blanquecino.;;vital_spirit;attract|curse|detect|double_team|dynamic_punch|endure|fire_punch|flash|frustration|headbutt|hidden_power|hyper_beam|ice_punch|iron_tail|mud_slap|protect|psychic|rain_dance|rest|return|rock_smash|sleep_talk|snore|strength|swagger|swift|thief|thunder|thunder_punch|toxic|zap_cannon;thunderbolt;barrier|cross_chop|karate_chop|meditate|rolling_kick;humanshape
electivire;Electivire;electric;75;123;67;95;85;95;motor_drive;medium_fast;243;30;attack:3;1:fire_punch|1:quick_attack|1:leer|1:thunder_shock|1:low_kick|16:swift|19:shock_wave|25:light_screen|28:thunder_punch|37:discharge|43:thunderbolt|52:screech|58:thunder|67:giga_impact;;;466;Rayo;1,8;138,6;amarillo;25;no;Al almacenar mucha electricidad, desprende chispas de una claridad increíble entre sus dos cuernos.;;vital_spirit;attract|brick_break|captivate|charge_beam|dig|double_team|earthquake|endure|facade|flamethrower|flash|fling|focus_blast|focus_punch|frustration|giga_impact|hidden_power|hyper_beam|iron_tail|light_screen|natural_gift|protect|psychic|rain_dance|rest|return|rock_climb|rock_slide|rock_smash|rock_tomb|secret_power|shock_wave|sleep_talk|strength|substitute|swagger|taunt|thief|thunder|thunder_wave|thunderbolt|torment|toxic;fire_punch|helping_hand|ice_punch|magnet_rise|mud_slap|signal_beam|snore|swift|thunder_punch;barrier|cross_chop|karate_chop|meditate|rolling_kick;humanshape
electrike;Electrike;electric;40;45;40;65;40;65;static;slow;59;120;speed:1;1:tackle|4:thunder_wave|9:leer|12:howl|17:quick_attack|20:spark|25:odor_sleuth|28:roar|33:bite|36:thunder|41:charge;manectric@26;;309;Calambre;0,6;15,2;verde;50;no;Estimula sus músculos y aumenta sus reflejos con la electricidad que almacena su pelaje.;lightning_rod;minus;attract|double_team|facade|flash|frustration|hidden_power|iron_tail|protect|rain_dance|rest|return|roar|secret_power|shock_wave|strength|thief|thunder|thunderbolt|toxic;body_slam|double_edge|endure|mimic|mud_slap|sleep_talk|snore|substitute|swagger|swift|thunder_wave;crunch|curse|headbutt|swift|uproar;ground
electrode;Electrode;electric;60;50;70;80;80;150;soundproof;medium_fast;172;60;speed:2;1:tackle|1:screech|1:sonic_boom|1:self_destruct|29:rollout|34:light_screen|40:swift|44:explosion|48:mirror_coat;;;101;Bola;1,2;66,6;rojo;sin_genero;no;Explotan a la mínima. Por eso se les tiene mucho miedo. Estos Pokémon reciben el mote de Bomba Ball.;static;aftermath;curse|double_team|endure|flash|frustration|headbutt|hidden_power|hyper_beam|protect|rain_dance|rest|return|rollout|sleep_talk|snore|swagger|swift|thunder|toxic|zap_cannon;thunderbolt;;mineral
elekid;Elekid;electric;45;63;37;65;55;95;static;medium_fast;72;45;speed:1;1:quick_attack|1:leer|9:thunder_punch|17:light_screen|25:swift|33:screech|41:thunderbolt|49:thunder;electabuzz@30;;239;Eléctrico;0,6;23,5;amarillo;25;no;Genera electricidad girando los brazos. No obstante, es incapaz de almacenar la energía creada.;;vital_spirit;attract|curse|detect|double_team|dynamic_punch|endure|fire_punch|flash|frustration|headbutt|hidden_power|ice_punch|mud_slap|protect|psychic|rain_dance|rest|return|sleep_talk|snore|swagger|swift|thief|thunder|thunder_punch|toxic|zap_cannon;thunderbolt;barrier|cross_chop|karate_chop|meditate|rolling_kick;no_eggs
empoleon;Empoleon;water|steel;84;86;88;111;101;60;torrent;medium_slow;239;45;sp_attack:3;1:tackle|1:growl|1:bubble|11:swords_dance|15:peck|16:metal_claw|19:bubble_beam|24:swagger|28:fury_attack|33:brine|36:aqua_jet|39:whirlpool|46:mist|52:drill_peck|59:hydro_pump;;;395;Emperador;1,7;84,5;azul;12,5;no;Nada tan rápido como un fueraborda. Con los afilados bordes de sus alas puede cortar el hielo.;;competitive;aerial_ace|attract|avalanche|blizzard|brick_break|brine|captivate|cut|defog|dig|double_team|earthquake|endure|facade|flash_cannon|fling|frustration|giga_impact|grass_knot|hail|hidden_power|hyper_beam|ice_beam|natural_gift|pluck|protect|rain_dance|rest|return|roar|rock_climb|rock_slide|rock_smash|rock_tomb|secret_power|shadow_claw|sleep_talk|stealth_rock|steel_wing|strength|substitute|surf|swagger|swords_dance|toxic|water_pulse|waterfall;dive|fury_cutter|hydro_cannon|icy_wind|iron_defense|knock_off|mud_slap|signal_beam|snore;agility|aqua_ring|double_hit|flail|hydro_pump|mud_slap|mud_sport|snore|supersonic|yawn;water1|ground
entei;Entei;fire;115;115;85;90;75;100;pressure;slow;261;3;hp:1|attack:2;1:bite|1:leer|11:ember|21:roar|31:fire_spin|41:stomp|51:flamethrower|61:swagger|71:fire_blast;;;244;Volcán;2,1;198;marrón;sin_genero;si;Un Pokémon que corre por la tierra. Dicen que siempre nace uno cuando aparece un nuevo volcán.;;inner_focus;curse|cut|detect|dig|double_team|endure|fire_blast|flash|frustration|headbutt|hidden_power|hyper_beam|iron_tail|mud_slap|protect|psych_up|rain_dance|rest|return|roar|rock_smash|sandstorm|sleep_talk|snore|solar_beam|strength|sunny_day|swagger|swift|toxic;flamethrower;;no_eggs
espeon;Espeon;psychic;65;65;60;130;95;110;synchronize;medium_fast;184;45;sp_attack:2;1:tackle|1:tail_whip|8:sand_attack|16:confusion|23:quick_attack|30:swift|36:psybeam|42:psych_up|47:psychic|52:morning_sun;;;196;Sol;0,9;26,5;morado;12,5;no;Al predecir el siguiente movimiento de su rival, chasquea el extremo de la cola bífida que tiene.;;magic_bounce;attract|curse|cut|detect|double_team|dream_eater|endure|flash|frustration|headbutt|hidden_power|hyper_beam|iron_tail|mud_slap|nightmare|protect|psych_up|psychic|rain_dance|rest|return|shadow_ball|sleep_talk|snore|sunny_day|swagger|swift|toxic|zap_cannon;;charm|flail;ground
exeggcute;Exeggcute;grass|psychic;60;40;80;60;45;40;chlorophyll;slow;65;90;defense:1;1:barrage|1:hypnosis|7:reflect|13:leech_seed|19:confusion|25:stun_spore|31:poison_powder|37:sleep_powder|43:solar_beam;exeggutor@objeto:leaf_stone;;102;Huevo;0,4;2,5;rosa;50;no;Estos seis huevos se comunican por telepatía. Si se separan, se pueden reunir rápidamente.;;harvest;attract|curse|double_team|dream_eater|endure|flash|frustration|giga_drain|hidden_power|nightmare|protect|psych_up|psychic|rest|return|rollout|sleep_talk|sludge_bomb|snore|solar_beam|strength|sunny_day|swagger|thief|toxic;;ancient_power|mega_drain|moonlight|reflect|synthesis;plant
exeggutor;Exeggutor;grass|psychic;95;95;85;125;75;55;chlorophyll;slow;186;45;sp_attack:2;1:barrage|1:hypnosis|1:confusion|19:stomp|31:egg_bomb;;;103;Coco;2;120;amarillo;50;no;Sus tres cabezas piensan de forma independiente. Sin embargo, son amigas y no suelen discutir nunca.;;harvest;attract|curse|double_team|dream_eater|endure|flash|frustration|giga_drain|headbutt|hidden_power|hyper_beam|nightmare|protect|psych_up|psychic|rest|return|rollout|sleep_talk|sludge_bomb|snore|solar_beam|strength|sunny_day|swagger|thief|toxic;;ancient_power|mega_drain|moonlight|reflect|synthesis;plant
exploud;Exploud;normal;104;91;63;91;73;68;soundproof;medium_slow;221;45;hp:3;1:pound|1:uproar|1:astonish|1:howl|23:supersonic|29:stomp|37:screech|40:hyper_beam|45:roar|55:rest|55:sleep_talk|63:hyper_voice;;;295;Escandaloso;1,5;84;azul;50;no;Su aullido se puede oír a 10 km. Emite todo tipo de sonidos desde los tubos de su cuerpo.;;scrappy;attract|blizzard|brick_break|double_team|earthquake|facade|fire_blast|flamethrower|frustration|hidden_power|hyper_beam|ice_beam|overheat|protect|rain_dance|rest|return|roar|rock_smash|secret_power|shadow_ball|shock_wave|solar_beam|strength|sunny_day|taunt|torment|toxic|water_pulse;body_slam|counter|defense_curl|double_edge|dynamic_punch|endure|fire_punch|ice_punch|icy_wind|mega_kick|mega_punch|mimic|mud_slap|psych_up|rock_slide|rollout|seismic_toss|sleep_talk|snore|substitute|swagger|thunder_punch;extrasensory|smelling_salts|snore|swagger|take_down;monster|ground
farfetchd;Farfetch’d;normal|flying;52;90;55;58;62;60;keen_eye;medium_fast;132;45;attack:1;1:peck|7:sand_attack|13:leer|19:fury_attack|25:swords_dance|31:agility|37:slash|44:false_swipe;;;83;Pato Salvaje;0,8;15;marrón;50;no;El puerro que lleva es su mejor arma. Suele usarlo como espada para cortar cosas.;inner_focus;defiant;attract|curse|cut|detect|double_team|endure|fly|frustration|headbutt|hidden_power|iron_tail|mud_slap|protect|psych_up|rest|return|sleep_talk|snore|steel_wing|sunny_day|swagger|swift|thief|toxic;;flail|foresight|gust|mirror_move|quick_attack;flying|ground
fearow;Fearow;normal|flying;65;90;65;61;61;100;keen_eye;medium_fast;155;90;speed:2;1:peck|1:growl|1:leer|1:fury_attack|26:pursuit|32:mirror_move|40:drill_peck|47:agility;;;22;Pico;1,2;38;marrón;50;no;Con sus enormes y magníficas alas, puede seguir volando sin tener que aterrizar para descansar.;;sniper;attract|curse|detect|double_team|endure|fly|frustration|hidden_power|hyper_beam|mud_slap|protect|rest|return|sleep_talk|snore|steel_wing|sunny_day|swagger|swift|thief|toxic;;false_swipe|feint_attack|quick_attack|scary_face|tri_attack;flying
feebas;Feebas;water;20;15;20;10;55;80;swift_swim;erratic;40;255;speed:1;1:splash|15:tackle|30:flail;milotic@amistad;;349;Pez;0,6;7,4;marrón;50;no;Come de todo, por lo que puede vivir en aguas contaminadas. Nadie le presta atención.;oblivious;adaptability;attract|blizzard|dive|double_team|facade|frustration|hail|hidden_power|ice_beam|protect|rain_dance|rest|return|secret_power|surf|toxic|water_pulse|waterfall;double_edge|endure|icy_wind|mimic|sleep_talk|snore|substitute|swagger|swift;confuse_ray|dragon_breath|hypnosis|light_screen|mirror_coat|mud_sport;water1|dragon
feraligatr;Feraligatr;water;85;105;100;79;83;78;torrent;medium_slow;239;45;attack:2|defense:1;1:scratch|1:leer|1:rage|1:water_gun|21:bite|28:scary_face|38:slash|47:screech|58:hydro_pump;;;160;Fauces;2,3;88,8;azul;12,5;no;Se suele mover lento, pero alcanza velocidades de vértigo al atacar y morder a sus enemigos.;;sheer_force;attract|blizzard|curse|cut|detect|dig|double_team|dynamic_punch|earthquake|endure|frustration|fury_cutter|headbutt|hidden_power|hyper_beam|ice_punch|icy_wind|iron_tail|mud_slap|protect|rain_dance|rest|return|roar|rock_smash|sleep_talk|snore|strength|surf|swagger|toxic|whirlpool;ice_beam;ancient_power|crunch|hydro_pump|razor_wind|rock_slide|thrash;monster|water1
finneon;Finneon;water;49;49;56;49;61;66;swift_swim;erratic;66;190;speed:1;1:pound|6:water_gun|10:attract|13:rain_dance|17:gust|22:water_pulse|26:captivate|29:safeguard|33:aqua_ring|38:whirlpool|42:u_turn|45:bounce|49:silver_wind;lumineon@31;;456;Pez Ala;0,4;7;azul;50;no;La línea que le recorre el costado puede almacenar luz solar. Brilla con mucha fuerza por la noche.;storm_drain;water_veil;attract|blizzard|brine|captivate|defog|double_team|endure|facade|flash|frustration|hail|hidden_power|ice_beam|natural_gift|payback|protect|psych_up|rain_dance|rest|return|safeguard|secret_power|silver_wind|sleep_talk|substitute|surf|swagger|toxic|u_turn|water_pulse|waterfall;air_cutter|aqua_tail|bounce|dive|icy_wind|ominous_wind|snore|swift|twister;agility|aqua_tail|charm|flail|psybeam|splash|sweet_kiss|tickle;water2
flaaffy;Flaaffy;electric;70;55;55;80;60;45;static;medium_slow;128;120;sp_attack:2;1:tackle|1:growl|1:thunder_shock|18:thunder_wave|27:cotton_spore|36:light_screen|45:thunder;ampharos@30;;180;Lana;0,8;13,3;rosa;50;no;Su esponjosa lana almacena electricidad. Su piel gomosa evita que sea electrocutado.;;plus;attract|curse|defense_curl|double_team|dynamic_punch|endure|fire_punch|flash|frustration|headbutt|hidden_power|iron_tail|protect|rain_dance|rest|return|rock_smash|sleep_talk|snore|strength|swagger|swift|thunder|thunder_punch|toxic|zap_cannon;thunderbolt;body_slam|reflect|safeguard|screech|take_down|thunderbolt;monster|ground
flareon;Flareon;fire;65;130;60;95;110;65;flash_fire;medium_fast;184;45;attack:2;1:tackle|1:tail_whip|8:sand_attack|16:ember|23:quick_attack|30:bite|36:fire_spin|42:smog|47:leer|52:flamethrower;;;136;Llama;0,9;25;rojo;12,5;no;Almacena llamas en su cuerpo, que alcanza una temperatura de 900 °C antes de un combate.;;guts;attract|curse|detect|double_team|endure|fire_blast|frustration|headbutt|hidden_power|hyper_beam|iron_tail|mud_slap|protect|rain_dance|rest|return|roar|shadow_ball|sleep_talk|snore|sunny_day|swagger|swift|toxic|zap_cannon;flamethrower;charm|flail;ground
floatzel;Floatzel;water;85;105;55;85;50;115;swift_swim;medium_fast;173;75;speed:2;1:ice_fang|1:sonic_boom|1:growl|1:water_sport|1:quick_attack|6:water_gun|10:pursuit|15:swift|21:aqua_jet|26:crunch|29:agility|39:whirlpool|50:razor_wind;;;419;Nutria Mar.;1,1;33,5;marrón;50;no;Nada gracias a su flotador. Ayuda en los rescates de gente que se está ahogando.;;water_veil;attract|blizzard|brick_break|brine|bulk_up|captivate|dig|double_team|endure|facade|focus_blast|focus_punch|frustration|giga_impact|hail|hidden_power|hyper_beam|ice_beam|iron_tail|natural_gift|payback|protect|rain_dance|rest|return|roar|rock_smash|rock_tomb|secret_power|sleep_talk|strength|substitute|surf|swagger|taunt|torment|toxic|water_pulse|waterfall;aqua_tail|dive|ice_punch|icy_wind|mud_slap|snore|swift;baton_pass|double_slap|fury_cutter|fury_swipes|headbutt|mud_slap|odor_sleuth|slash;water1|ground
flygon;Flygon;ground|dragon;80;100;80;80;80;100;levitate;medium_slow;234;45;attack:1|speed:2;1:bite|1:sand_attack|1:feint_attack|1:sand_tomb|33:crunch|35:dragon_breath|41:screech|53:sandstorm|65:hyper_beam;;;330;Místico;2;82;verde;50;no;Su medio es el desierto. Para esconderse, levanta arena con las patas. Tiene los ojos protegidos con mallas rojas.;;;attract|dig|double_team|dragon_claw|earthquake|facade|fire_blast|flamethrower|fly|frustration|giga_drain|hidden_power|hyper_beam|iron_tail|protect|rest|return|rock_smash|rock_tomb|sandstorm|secret_power|solar_beam|steel_wing|strength|sunny_day|toxic;body_slam|double_edge|endure|fire_punch|fury_cutter|mimic|mud_slap|rock_slide|sleep_talk|snore|substitute|swagger|swift;focus_energy|gust|quick_attack;bug|dragon
forretress;Forretress;bug|steel;75;90;140;60;60;40;sturdy;medium_fast;163;75;defense:2;1:tackle|1:protect|1:self_destruct|15:take_down|22:rapid_spin|29:bide|39:explosion|49:spikes|59:double_edge;;;205;Larva;1,2;125,8;morado;50;no;Se protege con su concha de acero de tal manera que solo se pueden ver sus ojos.;;overcoat;attract|curse|defense_curl|double_team|endure|frustration|giga_drain|headbutt|hidden_power|hyper_beam|protect|rest|return|rock_smash|rollout|sandstorm|sleep_talk|snore|solar_beam|strength|sunny_day|swagger|sweet_scent|toxic;;flail|pin_missile|reflect|swift;bug
froslass;Froslass;ice|ghost;70;80;70;80;70;110;snow_cloak;medium_fast;168;75;speed:2;1:powder_snow|1:leer|1:double_team|1:astonish|13:icy_wind|19:confuse_ray|22:ominous_wind|28:wake_up_slap|31:captivate|37:ice_shard|40:hail|51:blizzard|59:destiny_bond;;;478;Tierra Fría;1,3;26,6;blanco;100;no;Congela a sus enemigos con un aliento gélido de -50 °C. Su cuerpo está hueco.;;cursed_body;attract|avalanche|blizzard|captivate|double_team|dream_eater|embargo|endure|facade|flash|fling|frustration|giga_impact|hail|hidden_power|hyper_beam|ice_beam|light_screen|natural_gift|payback|protect|psych_up|psychic|rain_dance|rest|return|safeguard|secret_power|shadow_ball|shock_wave|sleep_talk|snatch|substitute|swagger|taunt|thunder|thunder_wave|thunderbolt|torment|toxic|water_pulse;ice_punch|icy_wind|mud_slap|ominous_wind|rollout|signal_beam|snore|spite|sucker_punch|trick;block|spikes;fairy|mineral
furret;Furret;normal;85;76;64;45;55;90;run_away;medium_fast;145;90;speed:2;1:scratch|1:defense_curl|1:quick_attack|18:fury_swipes|28:slam|38:rest|48:amnesia;;;162;Alargado;1,8;32,5;marrón;50;no;Acurruca a sus crías para que duerman. Acorrala a los enemigos con su enorme velocidad.;keen_eye;frisk;attract|curse|cut|defense_curl|detect|dig|double_team|dynamic_punch|endure|fire_punch|frustration|fury_cutter|headbutt|hidden_power|hyper_beam|ice_punch|iron_tail|mud_slap|protect|rest|return|rollout|shadow_ball|sleep_talk|snore|strength|sunny_day|surf|swagger|swift|thief|thunder_punch|toxic;;double_edge|focus_energy|pursuit|reversal|slash;ground
gabite;Gabite;dragon|ground;68;90;65;50;55;82;sand_veil;slow;144;45;attack:2;1:tackle|1:sand_attack|7:dragon_rage|13:sandstorm|15:take_down|19:sand_tomb|28:slash|33:dragon_claw|40:dig|49:dragon_rush;garchomp@48;;444;Cueva;1,4;56;azul;50;no;Le gustan las cosas brillantes. Busca tesoros en cuevas y se lleva el botín a su nido.;;rough_skin;aerial_ace|attract|captivate|cut|dig|double_team|dragon_claw|dragon_pulse|earthquake|endure|facade|fire_blast|flamethrower|frustration|hidden_power|iron_tail|natural_gift|protect|rain_dance|rest|return|roar|rock_climb|rock_slide|rock_smash|rock_tomb|sandstorm|secret_power|shadow_claw|sleep_talk|stealth_rock|stone_edge|strength|substitute|sunny_day|swagger|toxic;draco_meteor|earth_power|fury_cutter|iron_head|mud_slap|outrage|snore|swift|twister;body_slam|double_edge|dragon_breath|iron_head|metal_claw|outrage|sand_tomb|scary_face|thrash|twister;monster|dragon
gallade;Gallade;psychic|fighting;68;125;65;65;115;80;steadfast;slow;233;45;attack:3;1:leaf_blade|1:night_slash|1:leer|1:confusion|1:double_team|1:teleport|17:fury_cutter|22:slash|25:swords_dance|31:psycho_cut|36:helping_hand|39:feint|45:false_swipe|50:protect|53:close_combat;;;475;Cuchilla;1,6;52;blanco;0;no;Puede presentir los movimientos de sus rivales y por eso ataca siempre antes que ellos.;sharpness;justified;aerial_ace|attract|brick_break|bulk_up|calm_mind|captivate|charge_beam|cut|double_team|drain_punch|dream_eater|earthquake|endure|facade|false_swipe|flash|fling|focus_blast|focus_punch|frustration|giga_impact|grass_knot|hidden_power|hyper_beam|light_screen|natural_gift|poison_jab|protect|psych_up|psychic|rain_dance|recycle|reflect|rest|return|rock_slide|rock_smash|rock_tomb|safeguard|secret_power|shadow_ball|shock_wave|skill_swap|sleep_talk|snatch|stone_edge|strength|substitute|sunny_day|swagger|swords_dance|taunt|thief|thunder_wave|thunderbolt|torment|toxic|trick_room|x_scissor;fire_punch|fury_cutter|helping_hand|ice_punch|knock_off|mud_slap|signal_beam|snore|swift|thunder_punch|trick|vacuum_wave|zen_headbutt;destiny_bond|disable|mean_look|memento|will_o_wisp;humanshape|indeterminate
garchomp;Garchomp;dragon|ground;108;130;95;80;85;102;sand_veil;slow;270;45;attack:3;1:fire_fang|1:tackle|1:sand_attack|1:dragon_rage|1:sandstorm|15:take_down|19:sand_tomb|28:slash|33:dragon_claw|40:dig|48:crunch|55:dragon_rush;;;445;Mach;1,9;95;azul;50;no;Cuando despliega su cuerpo y sus alas, parece un avión a reacción. Vuela a velocidad sónica.;;rough_skin;aerial_ace|attract|brick_break|captivate|cut|dig|double_team|dragon_claw|dragon_pulse|earthquake|endure|facade|false_swipe|fire_blast|flamethrower|fling|frustration|giga_impact|hidden_power|hyper_beam|iron_tail|natural_gift|poison_jab|protect|rain_dance|rest|return|roar|rock_climb|rock_slide|rock_smash|rock_tomb|sandstorm|secret_power|shadow_claw|sleep_talk|stealth_rock|stone_edge|strength|substitute|sunny_day|surf|swagger|swords_dance|toxic;aqua_tail|draco_meteor|earth_power|fury_cutter|iron_head|mud_slap|outrage|snore|swift|twister;body_slam|double_edge|dragon_breath|iron_head|metal_claw|outrage|sand_tomb|scary_face|thrash|twister;monster|dragon
gardevoir;Gardevoir;psychic|fairy;68;65;65;125;115;80;synchronize;slow;233;45;sp_attack:3;1:growl|1:confusion|1:double_team|1:teleport|21:calm_mind|26:psychic|33:imprison|42:future_sight|51:hypnosis|60:dream_eater;;;282;Envolvente;1,6;48,4;blanco;50;no;Para proteger a su Entrenador, emplea todo su poder psíquico en crear un pequeño agujero negro.;trace;telepathy;attract|calm_mind|double_team|facade|flash|frustration|hidden_power|hyper_beam|light_screen|protect|psychic|rain_dance|reflect|rest|return|safeguard|secret_power|shadow_ball|shock_wave|skill_swap|snatch|sunny_day|taunt|thief|thunderbolt|torment|toxic;body_slam|defense_curl|double_edge|dream_eater|endure|fire_punch|ice_punch|icy_wind|mimic|mud_slap|psych_up|sleep_talk|snore|substitute|swagger|thunder_punch|thunder_wave;destiny_bond|disable|mean_look|memento|will_o_wisp;humanshape|indeterminate
gastly;Gastly;ghost|poison;30;35;30;100;35;80;levitate;medium_slow;62;190;sp_attack:1;1:hypnosis|1:lick|8:spite|13:mean_look|16:curse|21:night_shade|28:confuse_ray|33:dream_eater|36:destiny_bond;haunter@25;;92;Gas;1,3;0,1;morado;50;no;Su etéreo cuerpo está hecho de gas. Puede envolver a un oponente de cualquier tamaño hasta ahogarlo.;;;attract|curse|double_team|dream_eater|endure|frustration|giga_drain|hidden_power|nightmare|protect|psych_up|psychic|rain_dance|rest|return|shadow_ball|sleep_talk|snore|sunny_day|swagger|thief|thunder|toxic|zap_cannon;thunderbolt;haze|perish_song|psywave;indeterminate
gastrodon;Gastrodon;water|ground;111;83;68;92;82;39;sticky_hold;medium_fast;166;75;hp:2;1:mud_slap|1:mud_sport|1:harden|1:water_pulse|11:mud_bomb|16:hidden_power|22:rain_dance|29:body_slam|41:muddy_water|54:recover;;;423;Babosa Marina;0,9;29,9;morado;50;no;Si se ve amenazado por sus enemigos naturales, segrega un líquido morado y huye rápidamente.;storm_drain;sand_force;attract|blizzard|brine|captivate|dig|double_team|earthquake|endure|facade|flash|frustration|giga_impact|hail|hidden_power|hyper_beam|ice_beam|natural_gift|protect|rain_dance|rest|return|rock_slide|rock_smash|rock_tomb|sandstorm|secret_power|sleep_talk|sludge_bomb|stone_edge|strength|substitute|surf|swagger|toxic|water_pulse|waterfall;ancient_power|dive|earth_power|icy_wind|mud_slap|snore;amnesia|counter|curse|fissure|memento|mirror_coat|spit_up|stockpile|swallow|yawn;water1|indeterminate
gengar;Gengar;ghost|poison;60;65;60;130;75;110;cursed_body;medium_slow;225;45;sp_attack:3;1:hypnosis|1:lick|1:spite|13:mean_look|16:curse|21:night_shade|31:confuse_ray|39:dream_eater|48:destiny_bond;;;94;Sombra;1,5;40,5;morado;50;no;Se esconde entre las sombras. Se dice que donde Gengar acecha, la temperatura baja 5 °C.;;;attract|curse|double_team|dream_eater|dynamic_punch|endure|fire_punch|frustration|giga_drain|headbutt|hidden_power|hyper_beam|ice_punch|nightmare|protect|psych_up|psychic|rain_dance|rest|return|rock_smash|shadow_ball|sleep_talk|snore|strength|sunny_day|swagger|thief|thunder|thunder_punch|toxic|zap_cannon;thunderbolt;haze|perish_song|psywave;indeterminate
geodude;Geodude;rock|ground;40;80;100;30;30;20;rock_head;medium_slow;60;255;defense:1;1:tackle|6:defense_curl|11:rock_throw|16:magnitude|21:self_destruct|26:harden|31:rollout|36:earthquake|41:explosion;graveler@25;;74;Roca;0,4;20;marrón;50;no;Aparecen en llanos y montañas. Como parecen rocas, la gente se tropieza con ellos o los pisa.;sturdy;sand_veil;attract|curse|defense_curl|dig|double_team|dynamic_punch|earthquake|endure|fire_blast|fire_punch|frustration|headbutt|hidden_power|mud_slap|protect|rest|return|rock_smash|rollout|sandstorm|sleep_talk|snore|strength|sunny_day|swagger|toxic;flamethrower;mega_punch|rock_slide;mineral
gible;Gible;dragon|ground;58;70;45;40;45;42;sand_veil;slow;60;45;attack:1;1:tackle|3:sand_attack|7:dragon_rage|13:sandstorm|15:take_down|19:sand_tomb|25:slash|27:dragon_claw|31:dig|37:dragon_rush;gabite@24;;443;Terrascualo;0,7;20,5;azul;50;no;Vive en agujeros en las cuevas, al amparo del calor geotérmico. Si se acerca un enemigo, le muerde.;;rough_skin;aerial_ace|attract|captivate|cut|dig|double_team|dragon_claw|dragon_pulse|earthquake|endure|facade|fire_blast|flamethrower|frustration|hidden_power|natural_gift|protect|rain_dance|rest|return|roar|rock_climb|rock_slide|rock_smash|rock_tomb|sandstorm|secret_power|shadow_claw|sleep_talk|stealth_rock|stone_edge|strength|substitute|sunny_day|swagger|toxic;draco_meteor|earth_power|fury_cutter|iron_head|mud_slap|outrage|snore|swift|twister;body_slam|double_edge|dragon_breath|iron_head|metal_claw|outrage|sand_tomb|scary_face|thrash|twister;monster|dragon
girafarig;Girafarig;normal|psychic;70;80;65;90;65;85;inner_focus;medium_fast;159;60;sp_attack:2;1:tackle|1:growl|1:confusion|1:stomp|20:agility|30:baton_pass|41:psybeam|54:crunch;;;203;Gran Cuello;1,5;41,5;amarillo;50;no;Cuando duerme, la cabeza de su cola se queda vigilando, ya que ella no necesita dormir.;early_bird;sap_sipper;attract|curse|double_team|dream_eater|earthquake|endure|frustration|headbutt|hidden_power|iron_tail|mud_slap|nightmare|protect|psych_up|psychic|rest|return|rock_smash|shadow_ball|sleep_talk|snore|strength|sunny_day|swagger|swift|thief|thunder|toxic|zap_cannon;thunderbolt;amnesia|beat_up|foresight|future_sight|take_down;ground
giratina;Giratina;ghost|dragon;150;100;120;100;120;90;pressure;slow;306;3;hp:3;1:dragon_breath|1:scary_face|10:ominous_wind|20:ancient_power|30:dragon_claw|40:shadow_force|50:heal_block|60:earth_power|70:slash|80:shadow_claw|90:aura_sphere;;;487;Renegado;4,5;750;negro;sin_genero;si;Vive en el Mundo Distorsión, un mundo opuesto al nuestro y cuyas leyes desafían el sentido común.;;telepathy;aerial_ace|calm_mind|charge_beam|cut|dark_pulse|defog|double_team|dragon_claw|dragon_pulse|dream_eater|earthquake|endure|energy_ball|facade|fly|frustration|giga_impact|hidden_power|hyper_beam|iron_tail|natural_gift|payback|protect|psych_up|psychic|rain_dance|rest|return|roar|rock_climb|rock_smash|safeguard|secret_power|shadow_ball|shadow_claw|shock_wave|silver_wind|sleep_talk|steel_wing|stone_edge|strength|substitute|sunny_day|swagger|thunder|thunder_wave|thunderbolt|toxic|will_o_wisp;air_cutter|ancient_power|aqua_tail|draco_meteor|earth_power|fury_cutter|icy_wind|iron_head|mud_slap|ominous_wind|outrage|snore|spite|swift|twister;;no_eggs
glaceon;Glaceon;ice;65;60;110;130;95;65;snow_cloak;medium_fast;184;45;sp_attack:2;1:tail_whip|1:tackle|1:helping_hand|8:sand_attack|15:icy_wind|22:quick_attack|29:bite|36:ice_shard|43:ice_fang|50:last_resort|57:mirror_coat|64:hail|71:blizzard|78:barrier;;;471;Nieve Fresca;0,8;25,9;azul;12,5;no;Controla su temperatura corporal para congelar el ambiente y causar ráfagas de nieve en polvo.;;ice_body;attract|avalanche|blizzard|captivate|dig|double_team|endure|facade|frustration|giga_impact|hail|hidden_power|hyper_beam|ice_beam|iron_tail|natural_gift|protect|rain_dance|rest|return|roar|rock_smash|secret_power|shadow_ball|sleep_talk|strength|substitute|sunny_day|swagger|toxic|water_pulse;aqua_tail|helping_hand|icy_wind|last_resort|mud_slap|signal_beam|snore|swift;charm|flail;ground
glalie;Glalie;ice;80;80;80;80;80;80;inner_focus;medium_fast;168;75;hp:2;1:powder_snow|1:leer|1:double_team|1:bite|16:icy_wind|19:headbutt|25:protect|28:crunch|34:ice_beam|42:hail|53:blizzard|61:sheer_cold;;;362;Cara;1,5;256,5;gris;50;no;Se protege con una armadura de hielo creada por congelación de la humedad del aire.;ice_body;moody;attract|blizzard|double_team|earthquake|facade|flash|frustration|hail|hidden_power|hyper_beam|ice_beam|light_screen|protect|rain_dance|rest|return|safeguard|secret_power|shadow_ball|taunt|torment|toxic|water_pulse;body_slam|defense_curl|double_edge|endure|explosion|icy_wind|mimic|rollout|sleep_talk|snore|substitute|swagger;block|spikes;fairy|mineral
glameow;Glameow;normal;49;55;42;42;37;85;limber;fast;62;190;speed:1;1:fake_out|5:scratch|8:growl|13:hypnosis|17:feint_attack|20:fury_swipes|25:charm|29:assist|32:captivate|37:slash|41:sucker_punch|45:attract;purugly@38;;431;Gastuto;0,5;3,9;gris;75;no;Araña cuando está enfadado y ronronea cuando está cariñoso. Su imprevisibilidad es famosa.;own_tempo;keen_eye;aerial_ace|attract|captivate|cut|dig|double_team|dream_eater|endure|facade|flash|frustration|hidden_power|iron_tail|natural_gift|payback|protect|psych_up|rain_dance|rest|return|secret_power|shadow_ball|shadow_claw|shock_wave|sleep_talk|snatch|substitute|sunny_day|swagger|taunt|thief|thunder|thunderbolt|torment|toxic|u_turn|water_pulse;fury_cutter|knock_off|last_resort|mud_slap|snore|sucker_punch|swift;assurance|bite|fake_tears|quick_attack|sand_attack|tail_whip;ground
gligar;Gligar;ground|flying;65;75;105;35;65;85;hyper_cutter;medium_slow;86;60;defense:1;1:poison_sting|6:sand_attack|13:harden|20:quick_attack|28:feint_attack|36:slash|44:screech|52:guillotine;gliscor@subir+hora:noche+lleva:razor_fang;;207;Escorpiala;1,1;64,8;morado;50;no;A veces se sujeta a los precipicios. Cuando divisa una presa, despliega sus alas y planea para atacar.;sand_veil;immunity;attract|curse|cut|detect|double_team|endure|frustration|fury_cutter|headbutt|hidden_power|iron_tail|protect|rest|return|rock_smash|sandstorm|sleep_talk|sludge_bomb|snore|strength|sunny_day|swagger|swift|thief|toxic;;counter|metal_claw|razor_wind|wing_attack;bug
gliscor;Gliscor;ground|flying;75;95;125;45;75;95;hyper_cutter;medium_slow;179;30;defense:2;1:thunder_fang|1:ice_fang|1:fire_fang|1:poison_jab|1:sand_attack|1:harden|1:knock_off|16:quick_attack|20:fury_cutter|23:feint_attack|27:screech|31:night_slash|34:swords_dance|38:u_turn|42:x_scissor|45:guillotine;;;472;Colmicorpio;2;42,5;morado;50;no;Espera a sus presas colgado de una rama bocabajo. Cuando llega su oportunidad, se lanza en picado.;sand_veil;poison_heal;aerial_ace|attract|brick_break|captivate|cut|dark_pulse|defog|dig|double_team|earthquake|endure|facade|false_swipe|fling|frustration|giga_impact|hidden_power|hyper_beam|iron_tail|natural_gift|payback|poison_jab|protect|rain_dance|rest|return|rock_polish|rock_slide|rock_smash|rock_tomb|roost|sandstorm|secret_power|sleep_talk|sludge_bomb|stealth_rock|steel_wing|stone_edge|strength|substitute|sunny_day|swagger|swords_dance|taunt|thief|torment|toxic|u_turn|x_scissor;aqua_tail|earth_power|fury_cutter|knock_off|mud_slap|snore|swift;counter|metal_claw|razor_wind|wing_attack;bug
gloom;Gloom;grass|poison;60;65;70;85;75;40;chlorophyll;medium_slow;138;120;sp_attack:2;1:absorb|1:sweet_scent|1:poison_powder|16:stun_spore|18:sleep_powder|24:acid|35:moonlight|44:petal_dance;vileplume@objeto:leaf_stone|bellossom@objeto:sun_stone;;44;Hierbajo;0,8;8,6;azul;50;no;¡Huele bastante mal! De todas formas, una de cada mil personas aprecian su fétido olor.;;stench;attract|curse|cut|double_team|endure|flash|frustration|giga_drain|hidden_power|protect|rest|return|sleep_talk|sludge_bomb|snore|solar_beam|sunny_day|swagger|sweet_scent|toxic;;flail|razor_leaf|swords_dance|synthesis;plant
golbat;Golbat;poison|flying;75;80;70;65;75;90;inner_focus;medium_fast;159;90;speed:2;1:screech|1:leech_life|1:supersonic|12:bite|19:confuse_ray|30:wing_attack|42:mean_look|55:haze;crobat@amistad;;42;Murciélago;1,6;55;morado;50;no;Cuando ataque, seguirá chupando energía de su víctima, aunque pese tanto que ya no pueda volar.;;infiltrator;attract|curse|detect|double_team|endure|frustration|giga_drain|hidden_power|hyper_beam|protect|rest|return|sleep_talk|snore|steel_wing|sunny_day|swagger|swift|thief|toxic;;feint_attack|gust|pursuit|quick_attack|whirlwind;flying
goldeen;Goldeen;water;45;67;60;35;50;63;swift_swim;medium_fast;64;225;attack:1;1:peck|1:tail_whip|10:supersonic|15:horn_attack|24:flail|29:fury_attack|38:waterfall|43:horn_drill|52:agility;seaking@33;;118;Pez Color;0,6;15;rojo;50;no;Nada a una velocidad de cinco nudos. Si siente peligro, golpea con su afilado cuerno.;water_veil;lightning_rod;attract|blizzard|curse|double_team|endure|frustration|hidden_power|icy_wind|protect|rain_dance|rest|return|sleep_talk|snore|surf|swagger|swift|toxic|waterfall;ice_beam;haze|hydro_pump|psybeam;water2
golduck;Golduck;water;80;82;78;95;80;85;damp;medium_fast;175;75;sp_attack:2;1:scratch|1:tail_whip|1:disable|1:confusion|23:screech|31:psych_up|44:fury_swipes|58:hydro_pump;;;55;Pato;1,7;76,6;azul;50;no;Aparece en ríos al anochecer. Puede usar poderes telequinéticos si su frente brilla misteriosamente.;cloud_nine;swift_swim;attract|blizzard|curse|dig|double_team|dynamic_punch|endure|flash|frustration|fury_cutter|headbutt|hidden_power|hyper_beam|ice_punch|icy_wind|iron_tail|mud_slap|protect|psych_up|rain_dance|rest|return|rock_smash|sleep_talk|snore|strength|surf|swagger|swift|toxic|waterfall|whirlpool;ice_beam;cross_chop|foresight|future_sight|hypnosis|ice_beam|light_screen|psybeam|psychic;water1|ground
golem;Golem;rock|ground;80;120;130;55;65;45;rock_head;medium_slow;223;45;defense:3;1:tackle|1:defense_curl|1:rock_throw|1:magnitude|21:self_destruct|27:harden|34:rollout|41:earthquake|48:explosion;;;76;Megatón;1,4;300;marrón;50;no;Se lanza montaña abajo y deja un surco desde la cima hasta el pie. Es mejor mantenerse alejado.;sturdy;sand_veil;attract|curse|defense_curl|dig|double_team|dynamic_punch|earthquake|endure|fire_blast|fire_punch|frustration|fury_cutter|headbutt|hidden_power|hyper_beam|mud_slap|protect|rest|return|roar|rock_smash|rollout|sandstorm|sleep_talk|snore|strength|sunny_day|swagger|toxic;flamethrower;mega_punch|rock_slide;mineral
gorebyss;Gorebyss;water;55;84;105;114;75;52;swift_swim;erratic;170;60;sp_attack:2;1:whirlpool|8:confusion|15:agility|22:water_pulse|29:amnesia|36:psychic|43:baton_pass|50:hydro_pump;;;368;Mar del Sur;1,8;22,6;rosa;50;no;Vive en el fondo del mar. En primavera, su cuerpo rosado adquiere colores más vivos.;;hydration;attract|blizzard|dive|double_team|facade|frustration|hail|hidden_power|hyper_beam|ice_beam|protect|psychic|rain_dance|rest|return|safeguard|secret_power|shadow_ball|surf|toxic|water_pulse|waterfall;body_slam|double_edge|endure|icy_wind|mimic|mud_slap|sleep_talk|snore|substitute|swagger|swift;barrier|body_slam|confuse_ray|mud_sport|refresh|supersonic;water1
granbull;Granbull;fairy;90;120;75;60;60;45;intimidate;fast;158;75;attack:2;1:tackle|1:scary_face|4:tail_whip|8:charm|13:bite|19:lick|28:roar|38:rage|51:take_down;;;210;Hada;1,4;48,7;morado;75;no;A pesar de su aspecto, es muy tímido. Sin embargo, cuando se enfada, ataca con sus colmillos.;quick_feet;rattled;attract|curse|defense_curl|detect|double_team|dynamic_punch|endure|fire_punch|frustration|headbutt|hidden_power|hyper_beam|ice_punch|mud_slap|protect|rain_dance|rest|return|roar|rock_smash|shadow_ball|sleep_talk|sludge_bomb|snore|strength|sunny_day|swagger|thief|thunder|thunder_punch|toxic|zap_cannon;thunderbolt;crunch|feint_attack|heal_bell|leer|lick|metronome|present|reflect;ground|fairy
graveler;Graveler;rock|ground;55;95;115;45;45;35;rock_head;medium_slow;137;120;defense:2;1:tackle|1:defense_curl|1:rock_throw|16:magnitude|21:self_destruct|27:harden|34:rollout|41:earthquake|48:explosion;golem@intercambio;;75;Roca;1;105;marrón;50;no;De naturaleza descuidada y libre, no le importa dañarse cuando baja rodando montañas.;sturdy;sand_veil;attract|curse|defense_curl|dig|double_team|dynamic_punch|earthquake|endure|fire_blast|fire_punch|frustration|headbutt|hidden_power|mud_slap|protect|rest|return|rock_smash|rollout|sandstorm|sleep_talk|snore|strength|sunny_day|swagger|toxic;flamethrower;mega_punch|rock_slide;mineral
grimer;Grimer;poison;80;80;50;40;50;25;stench;medium_fast;65;190;hp:1;1:poison_gas|1:pound|5:harden|10:disable|16:sludge|23:minimize|31:screech|40:acid_armor|50:sludge_bomb;muk@38;;88;Lodo;0,9;30;morado;50;no;Nace de lodo alterado al filtrarse en el agua los rayos X reflejados por la Luna. Se alimenta de sustancias desagradables.;sticky_hold;poison_touch;attract|curse|double_team|dynamic_punch|endure|fire_blast|fire_punch|frustration|giga_drain|hidden_power|ice_punch|mud_slap|protect|rest|return|sleep_talk|sludge_bomb|snore|sunny_day|swagger|thief|thunder|thunder_punch|toxic|zap_cannon;flamethrower|thunderbolt;haze|lick|mean_look;indeterminate
grotle;Grotle;grass;75;89;85;55;65;36;overgrow;medium_slow;142;45;attack:1|defense:1;1:tackle|1:withdraw|9:absorb|13:razor_leaf|17:curse|22:bite|27:mega_drain|32:leech_seed|37:synthesis|42:crunch|47:giga_drain|52:leaf_storm;torterra@32;;388;Arboleda;1,1;97;verde;12,5;no;Vive en los bosques cerca del agua. Por el día, sale a que les dé el sol a las plantas de su espalda.;;shell_armor;attract|bullet_seed|captivate|cut|double_team|endure|energy_ball|facade|flash|frustration|giga_drain|grass_knot|hidden_power|iron_tail|light_screen|natural_gift|protect|reflect|rest|return|rock_climb|rock_smash|safeguard|secret_power|sleep_talk|solar_beam|stealth_rock|strength|substitute|sunny_day|swagger|swords_dance|toxic;earth_power|mud_slap|seed_bomb|snore|superpower|synthesis;amnesia|body_slam|double_edge|growth|sand_tomb|seed_bomb|superpower|thrash|tickle|worry_seed;monster|plant
groudon;Groudon;ground;100;150;140;100;90;90;drought;slow;302;3;attack:3;1:mud_shot|5:scary_face|15:ancient_power|20:slash|30:bulk_up|35:earthquake|45:fire_blast|50:rest|60:fissure|65:solar_beam|75:eruption;;;383;Continente;3,5;950;rojo;sin_genero;si;Dicen que aumentó la superficie terrestre evaporando el agua. Fue un enemigo acérrimo de Kyogre.;;;aerial_ace|brick_break|bulk_up|cut|dig|double_team|dragon_claw|earthquake|facade|fire_blast|flamethrower|frustration|hidden_power|hyper_beam|iron_tail|overheat|protect|rest|return|roar|rock_smash|rock_tomb|safeguard|sandstorm|secret_power|shock_wave|solar_beam|strength|sunny_day|thunder|thunderbolt|toxic;body_slam|counter|defense_curl|double_edge|dynamic_punch|endure|fire_punch|fury_cutter|mega_kick|mega_punch|mimic|mud_slap|psych_up|rock_slide|rollout|seismic_toss|sleep_talk|snore|substitute|swagger|swift|swords_dance|thunder_punch|thunder_wave;;no_eggs
grovyle;Grovyle;grass;50;65;45;85;65;95;overgrow;medium_slow;142;45;speed:2;1:pound|1:leer|1:absorb|1:quick_attack|16:fury_cutter|17:pursuit|23:screech|29:leaf_blade|35:agility|41:slam|47:detect|53:false_swipe;sceptile@36;;253;Geco Bosque;0,9;21,6;verde;12,5;no;Los desarrollados músculos que tiene en las extremidades inferiores le hacen ser muy ágil y le permiten dar grandes saltos.;;unburden;aerial_ace|attract|brick_break|bullet_seed|cut|dig|double_team|facade|flash|focus_punch|frustration|giga_drain|hidden_power|iron_tail|protect|rest|return|rock_smash|rock_tomb|safeguard|secret_power|solar_beam|strength|sunny_day|toxic;body_slam|counter|double_edge|dynamic_punch|endure|fury_cutter|mega_kick|mega_punch|mimic|mud_slap|seismic_toss|sleep_talk|snore|substitute|swagger|swift|swords_dance|thunder_punch;crunch|crush_claw|dragon_breath|endeavor|leech_seed|mud_sport;monster|dragon
growlithe;Growlithe;fire;55;70;45;70;50;60;intimidate;slow;70;190;attack:1;1:bite|1:roar|9:ember|18:leer|26:take_down|34:flame_wheel|42:agility|50:flamethrower;arcanine@objeto:fire_stone;;58;Perrito;0,7;19;marrón;25;no;Es muy agradable y leal. Para ahuyentar al enemigo, se pone a ladrar y a dar bocados.;flash_fire;justified;attract|curse|dig|double_team|dragon_breath|endure|fire_blast|frustration|headbutt|hidden_power|iron_tail|protect|rest|return|roar|rock_smash|sleep_talk|snore|sunny_day|swagger|swift|toxic;flamethrower;body_slam|crunch|fire_spin|safeguard|thrash;ground
grumpig;Grumpig;psychic;80;45;65;90;110;80;thick_fat;fast;165;60;sp_defense:2;1:splash|1:psywave|1:odor_sleuth|1:psybeam|19:psych_up|25:confuse_ray|28:magic_coat|37:psychic|43:rest|43:snore|55:bounce;;;326;Manipulador;0,9;71,5;morado;50;no;Las perlas negras aumentan sus poderes psíquicos. Controla las mentes de sus rivales con un extraño baile.;own_tempo;gluttony;attract|calm_mind|double_team|facade|flash|focus_punch|frustration|hidden_power|hyper_beam|iron_tail|light_screen|protect|psychic|rain_dance|reflect|rest|return|secret_power|shadow_ball|shock_wave|skill_swap|snatch|sunny_day|taunt|thief|torment|toxic;body_slam|counter|double_edge|dream_eater|dynamic_punch|endure|fire_punch|ice_punch|icy_wind|mega_kick|mega_punch|mimic|mud_slap|psych_up|seismic_toss|sleep_talk|snore|substitute|swagger|swift|thunder_punch;extrasensory|future_sight|substitute|trick;ground
gulpin;Gulpin;poison;70;43;53;43;53;40;liquid_ooze;fluctuating;60;225;hp:1;1:pound|6:yawn|9:poison_gas|14:sludge|17:amnesia|23:encore|28:toxic|34:stockpile|34:spit_up|34:swallow|39:sludge_bomb;swalot@26;;316;Estómago;0,4;10,3;verde;50;no;"Sus sesos y corazón son diminutos; es casi todo estómago. Sus jugos gástricos disuelven lo que sea.";sticky_hold;gluttony;attract|bullet_seed|double_team|facade|frustration|giga_drain|hidden_power|ice_beam|protect|rain_dance|rest|return|rock_smash|secret_power|shadow_ball|shock_wave|sludge_bomb|snatch|solar_beam|strength|sunny_day|toxic|water_pulse;body_slam|counter|defense_curl|double_edge|dream_eater|dynamic_punch|endure|explosion|fire_punch|ice_punch|mimic|mud_slap|rollout|sleep_talk|snore|substitute|swagger|thunder_punch;acid_armor|dream_eater|pain_split|smog;indeterminate
gyarados;Gyarados;water|flying;95;125;79;60;100;81;intimidate;slow;189;45;attack:2;1:thrash|20:bite|25:dragon_rage|30:leer|35:twister|40:hydro_pump|45:rain_dance|50:hyper_beam;;;130;Atrocidad;6,5;235;azul;50;no;En la literatura antigua se dice que un Gyarados rebosante de violencia arrasó un poblado.;;moxie;attract|blizzard|curse|double_team|dragon_breath|endure|fire_blast|frustration|headbutt|hidden_power|hyper_beam|icy_wind|protect|rain_dance|rest|return|roar|rock_smash|sandstorm|sleep_talk|snore|strength|surf|swagger|thunder|toxic|waterfall|whirlpool|zap_cannon;flamethrower|ice_beam|thunderbolt;;water2|dragon
happiny;Happiny;normal;100;5;5;15;65;30;natural_cure;fast;110;130;hp:1;1:pound|1:charm|5:copycat|9:refresh|12:sweet_kiss;chansey@subir+hora:dia+lleva:oval_stone;;440;Casita;0,6;24,4;rosa;100;no;Les da a sus amigos una roca con forma de huevo que transporta en la bolsa de su panza.;serene_grace;friend_guard;attract|captivate|double_team|drain_punch|dream_eater|endure|facade|fire_blast|flamethrower|flash|fling|frustration|grass_knot|hail|hidden_power|light_screen|natural_gift|protect|psych_up|psychic|rain_dance|recycle|rest|return|safeguard|secret_power|shadow_ball|shock_wave|sleep_talk|solar_beam|substitute|sunny_day|swagger|thunder_wave|toxic|water_pulse;endeavor|helping_hand|icy_wind|last_resort|mud_slap|rollout|snore|uproar|zen_headbutt;aromatherapy|counter|gravity|heal_bell|helping_hand|last_resort|metronome|present|substitute;no_eggs
hariyama;Hariyama;fighting;144;120;60;40;60;50;thick_fat;fluctuating;166;200;hp:2;1:tackle|1:focus_energy|1:sand_attack|1:arm_thrust|13:vital_throw|19:fake_out|22:whirlwind|29:knock_off|33:smelling_salts|40:belly_drum|44:endure|51:seismic_toss|55:reversal;;;297;Empuje;2,3;253,8;marrón;25;no;Para aumentar su fuerza, da un pisotón en el suelo. Puede lanzar un camión de 10 toneladas por los aires de un puñetazo.;guts;sheer_force;attract|brick_break|bulk_up|dig|double_team|earthquake|facade|focus_punch|frustration|hidden_power|hyper_beam|protect|rain_dance|rest|return|rock_smash|rock_tomb|secret_power|strength|sunny_day|surf|toxic;body_slam|counter|double_edge|dynamic_punch|endure|fire_punch|ice_punch|mega_kick|mega_punch|metronome|mimic|mud_slap|rock_slide|seismic_toss|sleep_talk|snore|substitute|swagger|thunder_punch;counter|cross_chop|detect|dynamic_punch|feint_attack|foresight|helping_hand|revenge;humanshape
haunter;Haunter;ghost|poison;45;50;45;115;55;95;levitate;medium_slow;142;90;sp_attack:2;1:hypnosis|1:lick|1:spite|13:mean_look|16:curse|21:night_shade|31:confuse_ray|39:dream_eater|48:destiny_bond;gengar@intercambio;;93;Gas;1,6;0,1;morado;50;no;Cuando tienes la sensación de que te están observando, seguro que es porque Haunter está cerca.;;;attract|curse|double_team|dream_eater|endure|frustration|giga_drain|hidden_power|nightmare|protect|psych_up|psychic|rain_dance|rest|return|shadow_ball|sleep_talk|snore|sunny_day|swagger|thief|thunder|toxic|zap_cannon;thunderbolt;haze|perish_song|psywave;indeterminate
heatran;Heatran;fire|steel;91;90;106;130;106;77;flash_fire;slow;270;3;sp_attack:3;1:ancient_power|9:leer|17:fire_fang|25:metal_sound|33:crunch|41:scary_face|49:lava_plume|57:fire_spin|65:iron_head|73:earth_power|81:heat_wave|88:stone_edge|96:magma_storm;;;485;Domo Lava;1,7;430;marrón;50;si;Habita cuevas volcánicas. Cava con sus pies en forma de cruz para trepar por techos y paredes.;;flame_body;attract|captivate|dark_pulse|dig|double_team|dragon_pulse|earthquake|endure|explosion|facade|fire_blast|flamethrower|flash_cannon|frustration|giga_impact|hidden_power|hyper_beam|natural_gift|overheat|payback|protect|rest|return|roar|rock_climb|rock_slide|rock_smash|rock_tomb|secret_power|sleep_talk|solar_beam|stealth_rock|stone_edge|strength|substitute|sunny_day|swagger|taunt|torment|toxic|will_o_wisp;ancient_power|earth_power|heat_wave|iron_defense|iron_head|mud_slap|snore|uproar;;no_eggs
heracross;Heracross;bug|fighting;80;125;75;40;95;85;swarm;slow;175;45;attack:2;1:tackle|1:leer|6:horn_attack|12:endure|19:fury_attack|27:counter|35:take_down|44:reversal|54:megahorn;;;214;Cuerno;1,5;54;azul;50;no;Este fuerte Pokémon clava su preciado cuerno en la tripa del enemigo, lo eleva y luego lo arroja.;guts;moxie;attract|curse|cut|detect|double_team|earthquake|endure|frustration|fury_cutter|headbutt|hidden_power|protect|rest|return|rock_smash|sleep_talk|snore|strength|sunny_day|swagger|thief|toxic;;bide|flail|harden;bug
hippopotas;Hippopotas;ground;68;72;78;38;42;32;sand_stream;slow;66;140;defense:1;1:tackle|1:sand_attack|7:bite|13:yawn|19:take_down|25:sand_tomb|31:crunch|37:earthquake|44:double_edge|50:fissure;hippowdon@34;;449;Hipo;0,8;49,5;marrón;50;no;Vive en zonas áridas. En lugar de sudar, su cuerpo expulsa granos de arena.;;sand_force;attract|captivate|double_team|earthquake|endure|facade|frustration|hidden_power|iron_tail|natural_gift|protect|rest|return|roar|rock_slide|rock_smash|rock_tomb|sandstorm|secret_power|sleep_talk|stealth_rock|strength|substitute|sunny_day|swagger|toxic|water_pulse;earth_power|mud_slap|snore|superpower;body_slam|curse|sand_tomb|slack_off|spit_up|stockpile|swallow;ground
hippowdon;Hippowdon;ground;108;112;118;68;72;47;sand_stream;slow;184;60;defense:2;1:ice_fang|1:fire_fang|1:thunder_fang|1:tackle|1:sand_attack|1:bite|1:yawn|19:take_down|25:sand_tomb|31:crunch|40:earthquake|50:double_edge|60:fissure;;;450;Peso Pesado;2;300;marrón;50;no;Hace gala de su fuerza abriendo su enorme boca. Para atacar levanta gran cantidad de arena.;;sand_force;attract|captivate|double_team|earthquake|endure|facade|frustration|giga_impact|hidden_power|hyper_beam|iron_tail|natural_gift|protect|rest|return|roar|rock_slide|rock_smash|rock_tomb|sandstorm|secret_power|sleep_talk|stealth_rock|stone_edge|strength|substitute|sunny_day|swagger|toxic|water_pulse;earth_power|iron_head|mud_slap|snore|superpower;body_slam|curse|sand_tomb|slack_off|spit_up|stockpile|swallow;ground
hitmonchan;Hitmonchan;fighting;50;105;79;35;110;76;keen_eye;medium_fast;159;45;sp_defense:2;1:comet_punch|7:agility|13:pursuit|26:thunder_punch|26:ice_punch|26:fire_punch|32:mach_punch|38:mega_punch|44:detect|50:counter;;;107;Puñetazo;1,4;50,2;marrón;0;no;Los potentes golpes de sus brazos pueden pulverizar el hormigón. Descansa tras luchar tres minutos.;iron_fist;inner_focus;attract|curse|detect|double_team|dynamic_punch|endure|fire_punch|frustration|headbutt|hidden_power|ice_punch|mud_slap|protect|rest|return|rock_smash|sleep_talk|snore|strength|sunny_day|swagger|swift|thief|thunder_punch|toxic;;high_jump_kick|mach_punch|mind_reader|rapid_spin;humanshape
hitmonlee;Hitmonlee;fighting;50;120;53;35;110;87;limber;medium_fast;159;45;attack:2;1:double_kick|6:meditate|11:rolling_kick|16:jump_kick|21:focus_energy|26:high_jump_kick|31:mind_reader|36:foresight|41:endure|46:mega_kick|51:reversal;;;106;Patada;1,5;49,8;marrón;0;no;Encoge y estira las patas a su antojo. Cuando las estira, es capaz de propinar una buena patada al enemigo.;reckless;unburden;attract|curse|detect|double_team|dynamic_punch|endure|frustration|headbutt|hidden_power|mud_slap|protect|rest|return|rock_smash|sleep_talk|snore|strength|sunny_day|swagger|swift|thief|toxic;;high_jump_kick|mach_punch|mind_reader|rapid_spin;humanshape
hitmontop;Hitmontop;fighting;50;95;95;35;110;70;intimidate;medium_fast;159;45;sp_defense:2;1:rolling_kick|7:focus_energy|13:pursuit|19:quick_attack|25:rapid_spin|31:counter|37:agility|43:detect|49:triple_kick;;;237;Boca Abajo;1,4;48;marrón;0;no;Gira a gran velocidad al luchar. La fuerza centrífuga multiplica su poder de destrucción por diez.;technician;steadfast;attract|curse|detect|dig|double_team|endure|frustration|headbutt|hidden_power|mud_slap|protect|rest|return|rock_smash|sleep_talk|snore|strength|sunny_day|swagger|swift|thief|toxic;;high_jump_kick|mach_punch|mind_reader|rapid_spin;humanshape
honchkrow;Honchkrow;dark|flying;100;125;52;105;52;71;insomnia;medium_slow;177;30;attack:2;1:astonish|1:pursuit|1:haze|1:wing_attack|25:swagger|35:nasty_plot|45:night_slash|55:dark_pulse;;;430;Gran Jefe;0,9;27,3;negro;50;no;Si uno lanza un grito profundo, los demás acuden. Por eso se le llama también Invocador de la Noche.;super_luck;moxie;aerial_ace|attract|calm_mind|captivate|dark_pulse|defog|double_team|dream_eater|embargo|endure|facade|fly|frustration|giga_impact|hidden_power|hyper_beam|natural_gift|payback|pluck|protect|psych_up|psychic|rain_dance|rest|return|roost|secret_power|shadow_ball|sleep_talk|snatch|steel_wing|substitute|sunny_day|swagger|taunt|thief|thunder_wave|torment|toxic;air_cutter|heat_wave|mud_slap|ominous_wind|spite|sucker_punch|superpower|swift|twister|uproar;drill_peck|mirror_move|quick_attack|sky_attack|whirlwind|wing_attack;flying
hoothoot;Hoothoot;normal|flying;60;30;30;36;56;50;insomnia;medium_fast;52;255;hp:1;1:tackle|1:growl|6:foresight|11:peck|16:hypnosis|22:reflect|28:take_down|34:confusion|48:dream_eater;noctowl@20;;163;Búho;0,7;21,2;marrón;50;no;Su percepción del tiempo es exacta. Ocurra lo que ocurra, lleva el ritmo moviendo la cabeza.;keen_eye;tinted_lens;attract|curse|detect|double_team|dream_eater|endure|flash|fly|frustration|hidden_power|mud_slap|nightmare|protect|rest|return|sleep_talk|snore|steel_wing|sunny_day|swagger|swift|thief|toxic;;feint_attack|mirror_move|sky_attack|supersonic|whirlwind|wing_attack;flying
hoppip;Hoppip;grass|flying;35;35;40;35;55;50;chlorophyll;medium_slow;50;255;sp_defense:1;1:splash|5:synthesis|5:tail_whip|10:tackle|13:poison_powder|15:stun_spore|17:sleep_powder|20:leech_seed|25:cotton_spore|30:mega_drain;skiploom@18;;187;Algadón;0,4;0,5;rosa;50;no;Su cuerpo es tan ligero, que debe agarrarse bien al suelo con las patas para no irse con el viento.;leaf_guard;infiltrator;attract|curse|defense_curl|double_team|endure|flash|frustration|giga_drain|headbutt|hidden_power|protect|rest|return|sleep_talk|snore|solar_beam|sunny_day|swagger|sweet_scent|toxic;;amnesia|confusion|double_edge|encore|growl|pay_day|reflect;fairy|plant
horsea;Horsea;water;30;40;70;70;25;60;swift_swim;medium_fast;59;225;sp_attack:1;1:bubble|8:smokescreen|15:leer|22:water_gun|29:twister|36:agility|43:hydro_pump;seadra@32;;116;Dragón;0,4;8;azul;50;no;Es famoso por derribar a bichos voladores lanzando tinta desde la superficie del agua.;sniper;damp;attract|blizzard|curse|double_team|dragon_breath|endure|frustration|headbutt|hidden_power|icy_wind|protect|rain_dance|rest|return|sleep_talk|snore|surf|swagger|swift|toxic|waterfall|whirlpool;ice_beam;aurora_beam|disable|dragon_rage|flail|octazooka|splash;water1|dragon
houndoom;Houndoom;dark|fire;75;90;50;110;80;95;early_bird;slow;175;45;sp_attack:2;1:leer|1:ember|7:roar|13:smog|20:bite|30:feint_attack|41:flamethrower|52:crunch;;;229;Siniestro;1,4;35;negro;50;no;Hace mucho, la gente creía que sus horripilantes aullidos eran de la muerte personificada.;flash_fire;unnerve;attract|curse|detect|double_team|dream_eater|endure|fire_blast|frustration|headbutt|hidden_power|hyper_beam|iron_tail|mud_slap|nightmare|protect|rest|return|roar|rock_smash|shadow_ball|sleep_talk|sludge_bomb|snore|solar_beam|strength|sunny_day|swagger|swift|thief|toxic;flamethrower;beat_up|counter|fire_spin|pursuit|rage|reversal|spite;ground
houndour;Houndour;dark|fire;45;60;30;80;50;65;early_bird;slow;66;120;sp_attack:1;1:leer|1:ember|7:roar|13:smog|20:bite|27:feint_attack|35:flamethrower|43:crunch;houndoom@24;;228;Siniestro;0,6;10,8;negro;50;no;Al amanecer, resuena por la zona su inquietante aullido para anunciar que es su territorio.;flash_fire;unnerve;attract|curse|detect|double_team|dream_eater|endure|fire_blast|frustration|headbutt|hidden_power|iron_tail|mud_slap|nightmare|protect|rest|return|roar|rock_smash|shadow_ball|sleep_talk|sludge_bomb|snore|solar_beam|sunny_day|swagger|swift|thief|toxic;flamethrower;beat_up|counter|fire_spin|pursuit|rage|reversal|spite;ground
ho_oh;Ho-Oh;fire|flying;106;130;90;110;154;90;pressure;slow;306;3;sp_defense:3;1:sacred_fire|11:safeguard|22:gust|33:recover|44:fire_blast|55:sunny_day|66:swift|77:whirlwind|88:ancient_power|99:future_sight;;;250;Arcoíris;3,8;199;rojo;sin_genero;si;Cuenta la leyenda que brilla en siete colores. Dicen que deja un arcoíris tras de sí al volar.;;regenerator;curse|detect|double_team|dragon_breath|dream_eater|earthquake|endure|fire_blast|flash|fly|frustration|giga_drain|hidden_power|hyper_beam|mud_slap|nightmare|protect|psych_up|psychic|rain_dance|rest|return|roar|rock_smash|sandstorm|shadow_ball|sleep_talk|snore|solar_beam|steel_wing|strength|sunny_day|swagger|swift|thunder|toxic|zap_cannon;flamethrower|thunderbolt;;no_eggs
huntail;Huntail;water;55;104;105;94;75;52;swift_swim;erratic;170;60;attack:1|defense:1;1:whirlpool|8:bite|15:screech|22:water_pulse|29:scary_face|36:crunch|43:baton_pass|50:hydro_pump;;;367;Abisal;1,7;27;azul;50;no;Vive en los abismos marinos, donde no se filtra la luz. Tiene una cola en forma de pez, que enciende para atraer a su presa.;;water_veil;attract|blizzard|dive|double_team|facade|frustration|hail|hidden_power|hyper_beam|ice_beam|protect|rain_dance|rest|return|rock_tomb|secret_power|snatch|surf|toxic|water_pulse|waterfall;body_slam|double_edge|endure|icy_wind|mimic|mud_slap|sleep_talk|snore|substitute|swagger|swift;barrier|body_slam|confuse_ray|mud_sport|refresh|supersonic;water1
hypno;Hypno;psychic;85;73;70;73;115;67;insomnia;medium_fast;169;75;sp_defense:2;1:pound|1:hypnosis|1:disable|1:confusion|25:headbutt|33:poison_gas|40:meditate|49:psychic|55:psych_up|60:future_sight;;;97;Hipnosis;1,6;75,6;amarillo;50;no;Lleva un péndulo en la mano. Una vez, hizo desaparecer a un niño al que había hipnotizado.;forewarn;inner_focus;attract|curse|double_team|dream_eater|dynamic_punch|endure|fire_punch|flash|frustration|headbutt|hidden_power|hyper_beam|ice_punch|nightmare|protect|psych_up|psychic|rain_dance|rest|return|shadow_ball|sleep_talk|snore|sunny_day|swagger|thunder_punch|toxic|zap_cannon;;barrier|light_screen;humanshape
igglybuff;Igglybuff;normal|fairy;90;30;15;40;20;15;cute_charm;fast;42;170;hp:1;1:sing|1:charm|4:defense_curl|9:pound|14:sweet_kiss;jigglypuff@amistad;;174;Globo;0,3;1;rosa;75;no;Para caminar, en lugar de usar los pies que tiene, opta por dar botes con su cuerpo redondo y blandito.;competitive;friend_guard;attract|curse|defense_curl|detect|double_team|dream_eater|endure|fire_blast|flash|frustration|headbutt|hidden_power|icy_wind|mud_slap|nightmare|protect|psych_up|psychic|rain_dance|rest|return|rollout|shadow_ball|sleep_talk|snore|solar_beam|sunny_day|swagger|toxic|zap_cannon;flamethrower;feint_attack|perish_song|present;no_eggs
illumise;Illumise;bug;65;47;75;73;85;85;oblivious;fluctuating;151;150;speed:1;1:tackle|5:sweet_scent|9:charm|13:moonlight|17:quick_attack|21:wish|25:encore|29:flatter|33:helping_hand|37:covet;;;314;Luciérnaga;0,6;17,7;morado;100;no;Con su dulce aroma guía a grupos de Volbeat para que tracen hasta 200 dibujos distintos en el cielo nocturno.;tinted_lens;prankster;aerial_ace|attract|brick_break|double_team|facade|flash|focus_punch|frustration|giga_drain|hidden_power|light_screen|protect|rain_dance|rest|return|secret_power|shadow_ball|shock_wave|solar_beam|sunny_day|thief|thunder|thunderbolt|toxic|water_pulse;body_slam|counter|double_edge|dynamic_punch|endure|ice_punch|mega_kick|mega_punch|metronome|mimic|mud_slap|psych_up|seismic_toss|sleep_talk|snore|substitute|swagger|swift|thunder_punch|thunder_wave;baton_pass|growth|silver_wind;bug|humanshape
infernape;Infernape;fire|fighting;76;104;71;104;71;108;blaze;medium_slow;240;45;attack:1|sp_attack:1|speed:1;1:scratch|1:leer|1:ember|1:taunt|14:mach_punch|17:fury_swipes|21:flame_wheel|29:feint|33:punishment|41:close_combat|45:fire_spin|53:calm_mind|57:flare_blitz;;;392;Llama;1,2;55;marrón;12,5;no;Su corona de fuego demuestra su naturaleza ígnea. Nadie le gana en velocidad.;;iron_fist;aerial_ace|attract|brick_break|bulk_up|calm_mind|captivate|cut|dig|double_team|earthquake|endure|facade|fire_blast|flamethrower|fling|focus_blast|focus_punch|frustration|giga_impact|grass_knot|hidden_power|hyper_beam|iron_tail|natural_gift|overheat|poison_jab|protect|rest|return|roar|rock_climb|rock_slide|rock_smash|rock_tomb|secret_power|shadow_claw|sleep_talk|solar_beam|stealth_rock|stone_edge|strength|substitute|sunny_day|swagger|swords_dance|taunt|torment|toxic|u_turn|will_o_wisp;blast_burn|endeavor|fire_punch|gunk_shot|heat_wave|helping_hand|mud_slap|rollout|snore|swift|thunder_punch|vacuum_wave;blaze_kick|counter|double_kick|encore|fake_out|fire_punch|focus_energy|heat_wave|helping_hand|thunder_punch;ground|humanshape
ivysaur;Ivysaur;grass|poison;60;62;63;80;80;60;overgrow;medium_slow;142;45;sp_attack:1|sp_defense:1;1:tackle|1:growl|1:leech_seed|10:vine_whip|15:poison_powder|15:sleep_powder|22:razor_leaf|29:sweet_scent|38:growth|47:synthesis|56:solar_beam;venusaur@32;;2;Semilla;1;13;verde;12,5;no;Este Pokémon tiene un bulbo en el lomo. Dicen que, al absorber nutrientes, el bulbo se transforma en una flor grande.;;chlorophyll;attract|curse|cut|defense_curl|double_team|endure|flash|frustration|fury_cutter|giga_drain|headbutt|hidden_power|mud_slap|protect|rest|return|sleep_talk|snore|solar_beam|sunny_day|swagger|sweet_scent|toxic;;light_screen|petal_dance|razor_wind|safeguard|skull_bash;monster|plant
jigglypuff;Jigglypuff;normal|fairy;115;45;20;45;25;20;cute_charm;fast;95;170;hp:2;1:sing|4:defense_curl|9:pound|14:disable|19:rollout|24:double_slap|29:rest|34:body_slam|39:double_edge;wigglytuff@objeto:moon_stone;;39;Globo;0,5;5,5;rosa;75;no;Cautiva con la mirada a su enemigo y hace que se quede profundamente dormido mientras entona una dulce melodía.;competitive;friend_guard;attract|blizzard|curse|defense_curl|detect|double_team|dream_eater|dynamic_punch|endure|fire_blast|fire_punch|flash|frustration|headbutt|hidden_power|ice_punch|mud_slap|nightmare|protect|psych_up|psychic|rain_dance|rest|return|rollout|shadow_ball|sleep_talk|snore|solar_beam|strength|sunny_day|swagger|thunder|thunder_punch|toxic|zap_cannon;flamethrower|ice_beam|thunderbolt;feint_attack|perish_song|present;fairy
jirachi;Jirachi;steel|psychic;100;100;100;100;100;100;serene_grace;slow;270;3;hp:3;1:wish|1:confusion|5:rest|10:swift|15:helping_hand|20:psychic|25:refresh|35:double_edge|40:future_sight|45:cosmic_power|50:doom_desire;;;385;Deseo;0,3;1,1;amarillo;sin_genero;si;Desde antaño se dice que concederá los deseos escritos en las notas de su cabeza cuando se despierte.;;;aerial_ace|calm_mind|double_team|facade|flash|frustration|hidden_power|hyper_beam|light_screen|protect|psychic|rain_dance|reflect|rest|return|safeguard|sandstorm|secret_power|shadow_ball|shock_wave|skill_swap|sunny_day|thunder|thunderbolt|toxic|water_pulse;body_slam|defense_curl|double_edge|dream_eater|dynamic_punch|endure|fire_punch|ice_punch|icy_wind|metronome|mimic|mud_slap|psych_up|sleep_talk|snore|substitute|swagger|swift|thunder_punch|thunder_wave;;no_eggs
jolteon;Jolteon;electric;65;65;60;110;95;130;volt_absorb;medium_fast;184;45;speed:2;1:tackle|1:tail_whip|8:sand_attack|16:thunder_shock|23:quick_attack|30:double_kick|36:pin_missile|42:thunder_wave|47:agility|52:thunder;;;135;Relámpago;0,8;24,5;amarillo;12,5;no;Todos los pelos de su cuerpo se ponen de punta si empieza a cargarse de electricidad.;;quick_feet;attract|curse|detect|double_team|endure|flash|frustration|headbutt|hidden_power|hyper_beam|iron_tail|mud_slap|protect|rain_dance|rest|return|roar|shadow_ball|sleep_talk|snore|sunny_day|swagger|swift|thunder|toxic|zap_cannon;thunderbolt;charm|flail;ground
jumpluff;Jumpluff;grass|flying;75;55;70;55;95;110;chlorophyll;medium_slow;207;45;speed:3;1:splash|1:synthesis|1:tail_whip|1:tackle|13:poison_powder|15:stun_spore|17:sleep_powder|22:leech_seed|33:cotton_spore|44:mega_drain;;;189;Algadón;0,8;3;azul;50;no;Los vientos estacionales lo llevan por todo el mundo, donde va soltando sus esporas.;leaf_guard;infiltrator;attract|curse|defense_curl|double_team|endure|flash|frustration|giga_drain|headbutt|hidden_power|hyper_beam|protect|rest|return|sleep_talk|snore|solar_beam|sunny_day|swagger|sweet_scent|toxic;;amnesia|confusion|double_edge|encore|growl|pay_day|reflect;fairy|plant
jynx;Jynx;ice|psychic;65;50;35;115;95;95;oblivious;medium_fast;159;45;sp_attack:2;1:pound|1:lick|1:lovely_kiss|1:powder_snow|21:double_slap|25:ice_punch|35:mean_look|41:body_slam|51:perish_song|57:blizzard;;;124;Forma Humana;1,4;40,6;rojo;100;no;Camina moviendo las caderas de forma llamativa. Puede hacer que la gente baile a su ritmo.;forewarn;dry_skin;attract|blizzard|curse|double_team|dream_eater|dynamic_punch|endure|frustration|headbutt|hidden_power|hyper_beam|ice_punch|icy_wind|mud_slap|nightmare|protect|psych_up|psychic|rain_dance|rest|return|shadow_ball|sleep_talk|snore|swagger|sweet_scent|thief|toxic;ice_beam;meditate;humanshape
kabuto;Kabuto;rock|water;30;80;90;55;45;55;swift_swim;medium_fast;71;45;defense:1;1:scratch|1:harden|10:absorb|19:leer|28:sand_attack|37:endure|46:mega_drain|55:ancient_power;kabutops@40;;140;Armazón;0,5;11,5;marrón;12,5;no;Se cree que habitó las playas hace 300 millones de años. Se protege con una dura concha.;battle_armor;weak_armor;attract|blizzard|curse|double_team|endure|frustration|giga_drain|hidden_power|icy_wind|protect|rain_dance|rest|return|rock_smash|rollout|sandstorm|sleep_talk|snore|swagger|thief|toxic;ice_beam;aurora_beam|bubble_beam|dig|flail|rapid_spin;water1|water3
kabutops;Kabutops;rock|water;60;115;105;65;70;80;swift_swim;medium_fast;173;45;attack:2;1:scratch|1:harden|1:absorb|19:leer|28:sand_attack|37:endure|40:slash|51:mega_drain|65:ancient_power;;;141;Armazón;1,3;40,5;marrón;12,5;no;Repliega sus extremidades en el agua para hacerse más compacto, y mueve su concha para nadar rápido.;battle_armor;weak_armor;attract|blizzard|curse|cut|double_team|endure|frustration|fury_cutter|giga_drain|headbutt|hidden_power|hyper_beam|icy_wind|protect|rain_dance|rest|return|rock_smash|rollout|sandstorm|sleep_talk|snore|surf|swagger|thief|toxic|whirlpool;ice_beam;aurora_beam|bubble_beam|dig|flail|rapid_spin;water1|water3
kadabra;Kadabra;psychic;40;35;30;120;70;105;synchronize;medium_slow;140;100;sp_attack:2;1:teleport|1:kinesis|1:confusion|18:disable|21:psybeam|26:recover|31:future_sight|38:psychic|45:reflect;alakazam@intercambio;;64;Psi;1,3;56,5;marrón;25;no;Cuando utiliza su poder psíquico, emite poderosas ondas alfa que pueden destruir dispositivos.;inner_focus;magic_guard;attract|curse|dig|double_team|dream_eater|dynamic_punch|endure|fire_punch|flash|frustration|headbutt|hidden_power|ice_punch|nightmare|protect|psych_up|psychic|rain_dance|rest|return|shadow_ball|sleep_talk|snore|sunny_day|swagger|thief|thunder_punch|toxic|zap_cannon;;barrier|encore|light_screen;humanshape
kakuna;Kakuna;bug|poison;45;25;50;25;25;35;shed_skin;medium_fast;72;120;defense:2;1:harden;beedrill@10;;14;Capullo;0,6;10;amarillo;50;no;Casi incapaz de moverse, este Pokémon solo puede endurecer su caparazón para protegerse.;;;;;;bug
kangaskhan;Kangaskhan;normal;105;95;80;40;80;90;early_bird;medium_fast;172;45;hp:2;1:comet_punch|7:leer|13:bite|19:tail_whip|25:mega_punch|31:rage|37:endure|43:dizzy_punch|49:reversal;;;115;Maternal;2,2;80;marrón;100;no;Lleva a su cría en la bolsa de su panza. Solo deja que su cría salga a jugar cuando no siente peligro.;scrappy;inner_focus;attract|blizzard|curse|double_team|dynamic_punch|earthquake|endure|fire_blast|fire_punch|frustration|fury_cutter|headbutt|hidden_power|hyper_beam|ice_punch|icy_wind|iron_tail|mud_slap|protect|rain_dance|rest|return|roar|rock_smash|sandstorm|shadow_ball|sleep_talk|snore|strength|sunny_day|surf|swagger|thunder|thunder_punch|toxic|zap_cannon;flamethrower|ice_beam|thunderbolt;disable|focus_energy|foresight|safeguard|stomp;monster
kecleon;Kecleon;normal;60;90;70;60;120;40;color_change;medium_slow;154;200;sp_defense:1;1:thief|1:tail_whip|1:astonish|1:lick|1:scratch|4:bind|7:feint_attack|12:fury_swipes|17:psybeam|24:screech|31:slash|40:substitute|49:ancient_power;;;352;Camaleónico;1;22;verde;50;no;Puede mudar el color de su cuerpo a voluntad, pero el dibujo en zigzag de su panza nunca desaparece.;;protean;aerial_ace|attract|blizzard|brick_break|cut|dig|double_team|facade|fire_blast|flamethrower|flash|focus_punch|frustration|hidden_power|ice_beam|iron_tail|protect|rain_dance|rest|return|rock_smash|rock_tomb|secret_power|shadow_ball|shock_wave|skill_swap|snatch|solar_beam|strength|sunny_day|thief|thunder|thunderbolt|toxic|water_pulse;body_slam|counter|defense_curl|double_edge|dynamic_punch|endure|fire_punch|fury_cutter|ice_punch|icy_wind|mega_kick|mega_punch|metronome|mimic|mud_slap|psych_up|rock_slide|rollout|seismic_toss|sleep_talk|snore|substitute|swagger|swift|thunder_punch|thunder_wave;disable|magic_coat|trick;ground
kingdra;Kingdra;water|dragon;75;95;95;95;95;85;swift_swim;medium_fast;243;45;attack:1|sp_attack:1|sp_defense:1;1:bubble|1:smokescreen|1:leer|1:water_gun|29:twister|40:agility|51:hydro_pump;;;230;Dragón;1,8;152;azul;50;no;Dicen que suele esconderse en cuevas submarinas. Puede crear torbellinos al bostezar.;sniper;damp;attract|blizzard|curse|double_team|dragon_breath|endure|frustration|headbutt|hidden_power|hyper_beam|icy_wind|protect|rain_dance|rest|return|sleep_talk|snore|surf|swagger|swift|toxic|waterfall|whirlpool;ice_beam;aurora_beam|disable|dragon_rage|flail|octazooka|splash;water1|dragon
kingler;Kingler;water;55;130;115;50;50;75;hyper_cutter;medium_fast;166;60;attack:2;1:bubble|1:leer|1:vice_grip|16:harden|23:stomp|27:guillotine|38:protect|49:crabhammer;;;99;Tenaza;1,3;60;rojo;50;no;La pinza tan grande que tiene posee una fuerza de 10 000 caballos de potencia. Pero, por su gran tamaño, cuesta moverla.;shell_armor;sheer_force;attract|blizzard|curse|cut|double_team|endure|frustration|fury_cutter|hidden_power|hyper_beam|icy_wind|mud_slap|protect|rain_dance|rest|return|rock_smash|sleep_talk|snore|strength|surf|swagger|thief|toxic|whirlpool;ice_beam;amnesia|dig|flail|haze|slam;water3
kirlia;Kirlia;psychic|fairy;38;35;35;65;55;50;synchronize;slow;97;120;sp_attack:2;1:growl|1:confusion|1:double_team|1:teleport|21:calm_mind|26:psychic|33:imprison|40:future_sight|47:hypnosis|54:dream_eater;gardevoir@30|gallade@objeto:dawn_stone+!azar:50;;281;Sensorio;0,8;20,2;blanco;50;no;Al percibir la alegría de su Entrenador refuerza sus ataques psicoquinéticos. Cuando está contento, da vueltas y baila.;trace;telepathy;attract|calm_mind|double_team|facade|flash|frustration|hidden_power|light_screen|protect|psychic|rain_dance|reflect|rest|return|safeguard|secret_power|shadow_ball|shock_wave|skill_swap|snatch|sunny_day|taunt|thief|thunderbolt|torment|toxic;body_slam|defense_curl|double_edge|dream_eater|endure|fire_punch|ice_punch|icy_wind|mimic|mud_slap|psych_up|sleep_talk|snore|substitute|swagger|thunder_punch|thunder_wave;destiny_bond|disable|mean_look|memento|will_o_wisp;humanshape|indeterminate
koffing;Koffing;poison;40;65;95;60;45;35;levitate;medium_fast;68;190;defense:1;1:poison_gas|1:tackle|9:smog|17:self_destruct|21:sludge|25:smokescreen|33:haze|41:explosion|45:destiny_bond;weezing@35;;109;Gas Venenoso;0,6;1;morado;50;no;Tiene forma de globo y es muy ligero. Está compuesto por gases tóxicos y apesta.;neutralizing_gas;stench;attract|curse|double_team|endure|fire_blast|frustration|hidden_power|protect|rest|return|rollout|sleep_talk|sludge_bomb|snore|sunny_day|swagger|thief|thunder|toxic|zap_cannon;flamethrower|thunderbolt;destiny_bond|pain_split|psybeam|psywave|screech;indeterminate
krabby;Krabby;water;30;105;90;25;25;50;hyper_cutter;medium_fast;65;225;attack:1;1:bubble|5:leer|12:vice_grip|16:harden|23:stomp|27:guillotine|34:protect|41:crabhammer;kingler@28;;98;Cangrejo;0,4;6,5;rojo;50;no;Ante el peligro, se camufla con las burbujas que desprende su boca, para parecer más grande.;shell_armor;sheer_force;attract|blizzard|curse|cut|double_team|endure|frustration|fury_cutter|hidden_power|icy_wind|mud_slap|protect|rain_dance|rest|return|rock_smash|sleep_talk|snore|strength|surf|swagger|thief|toxic|whirlpool;ice_beam;amnesia|dig|flail|haze|slam;water3
kricketot;Kricketot;bug;37;25;41;25;41;25;shed_skin;medium_slow;39;255;defense:1;1:growl|1:bide|16:bug_bite;kricketune@10;;401;Grillo;0,3;2,2;rojo;50;no;Hablan entre sí chocando las antenas. Los sonidos producidos son muy característicos.;;run_away;;endeavor|mud_slap|snore|uproar;;bug
kricketune;Kricketune;bug;77;85;51;55;51;65;swarm;medium_slow;134;45;attack:2;1:growl|1:bide|10:fury_cutter|14:leech_life|18:sing|22:focus_energy|26:slash|30:x_scissor|34:screech|38:taunt|42:night_slash|46:bug_buzz|50:perish_song;;;402;Grillo;1;25,5;rojo;50;no;Cuando llora, cruza sus brazos con forma de cuchillo. Puede improvisar melodías.;;technician;aerial_ace|attract|brick_break|captivate|cut|double_team|endure|facade|false_swipe|flash|frustration|giga_impact|hidden_power|hyper_beam|natural_gift|protect|rain_dance|rest|return|rock_smash|secret_power|silver_wind|sleep_talk|strength|substitute|sunny_day|swagger|swords_dance|toxic|x_scissor;endeavor|fury_cutter|knock_off|mud_slap|snore|uproar;;bug
kyogre;Kyogre;water;100;100;90;150;140;90;drizzle;slow;302;3;sp_attack:3;1:water_pulse|5:scary_face|15:ancient_power|20:body_slam|30:calm_mind|35:ice_beam|45:hydro_pump|50:rest|60:sheer_cold|65:double_edge|75:water_spout;;;382;Cuenca Mar;4,5;352;azul;sin_genero;si;Pokémon legendario que aumentó los mares con diluvios y maremotos. Fue un enemigo acérrimo de Groudon.;;;blizzard|brick_break|calm_mind|dive|double_team|earthquake|facade|frustration|hail|hidden_power|hyper_beam|ice_beam|protect|rain_dance|rest|return|roar|rock_smash|rock_tomb|safeguard|secret_power|shock_wave|strength|surf|thunder|thunderbolt|toxic|water_pulse|waterfall;body_slam|defense_curl|double_edge|endure|icy_wind|mimic|mud_slap|psych_up|rock_slide|sleep_talk|snore|substitute|swagger|swift|thunder_wave;;no_eggs
lairon;Lairon;steel|rock;60;90;140;50;50;40;sturdy;slow;151;90;defense:2;1:tackle|1:harden|1:mud_slap|1:headbutt|13:metal_claw|17:iron_defense|21:roar|25:take_down|29:iron_tail|37:protect|45:metal_sound|53:double_edge;aggron@42;;305;Coraza Férrea;0,9;120;gris;50;no;Le encanta comer hierro. Lucha por su territorio embistiendo a sus rivales con su cuerpo de acero.;rock_head;heavy_metal;aerial_ace|attract|cut|dig|double_team|earthquake|facade|frustration|hidden_power|iron_tail|protect|rain_dance|rest|return|roar|rock_smash|rock_tomb|sandstorm|secret_power|shock_wave|strength|sunny_day|toxic|water_pulse;body_slam|defense_curl|double_edge|endure|fury_cutter|mimic|mud_slap|rock_slide|rollout|sleep_talk|snore|substitute|swagger;body_slam|endeavor|smelling_salts|stomp;monster
lanturn;Lanturn;water|electric;125;58;58;76;76;67;volt_absorb;slow;161;75;hp:2;1:bubble|1:thunder_wave|1:supersonic|13:flail|17:water_gun|25:spark|33:confuse_ray|45:take_down|53:hydro_pump;;;171;Luz;1,2;22,5;azul;50;no;La luz de Lanturn se puede ver desde lo más profundo. Se le llama la Estrella de Alta Mar.;illuminate;water_absorb;attract|curse|double_team|endure|flash|frustration|hidden_power|hyper_beam|protect|rain_dance|rest|return|sleep_talk|snore|surf|swagger|thunder|toxic|waterfall|whirlpool|zap_cannon;ice_beam|thunderbolt;flail|screech|supersonic;water2
lapras;Lapras;water|ice;130;85;80;85;95;60;water_absorb;slow;187;45;hp:2;1:water_gun|1:growl|1:sing|8:mist|15:body_slam|22:confuse_ray|29:perish_song|36:ice_beam|43:rain_dance|50:safeguard|57:hydro_pump;;;131;Transporte;2,5;220;azul;50;no;Son buenos de corazón. Muchos fueron capturados por ser tan pacíficos. Ahora hay muchos menos.;shell_armor;hydration;attract|blizzard|curse|double_team|dragon_breath|dream_eater|endure|frustration|headbutt|hidden_power|hyper_beam|icy_wind|iron_tail|nightmare|protect|psychic|rain_dance|rest|return|rock_smash|sleep_talk|snore|strength|surf|swagger|thunder|toxic|whirlpool|zap_cannon;ice_beam|thunderbolt;aurora_beam|foresight;monster|water1
larvitar;Larvitar;rock|ground;50;64;50;45;50;41;guts;slow;60;45;attack:1;1:bite|1:leer|8:sandstorm|15:screech|22:rock_slide|29:thrash|36:scary_face|43:crunch|50:earthquake|57:hyper_beam;pupitar@30;;246;Piel Roca;0,6;72;verde;50;no;Se alimenta de tierra. Después de comer una gran montaña, se duerme y empieza a crecer.;;sand_veil;attract|curse|detect|dig|double_team|earthquake|endure|frustration|headbutt|hidden_power|hyper_beam|mud_slap|protect|rain_dance|rest|return|sandstorm|sleep_talk|snore|sunny_day|swagger|toxic;;ancient_power|focus_energy|outrage|pursuit|stomp;monster
latias;Latias;dragon|psychic;80;80;90;110;130;110;levitate;slow;270;3;sp_defense:3;1:psywave|5:wish|10:helping_hand|15:safeguard|20:dragon_breath|25:water_sport|30:refresh|35:mist_ball|40:psychic|45:recover|50:charm;;;380;Eón;1,4;40;rojo;100;si;Se comunica por telepatía. Su plumaje refleja la luz, lo que le permite hacerse invisible.;;;aerial_ace|attract|calm_mind|cut|dive|double_team|dragon_claw|earthquake|facade|flash|fly|frustration|hidden_power|hyper_beam|ice_beam|light_screen|protect|psychic|rain_dance|reflect|rest|return|roar|safeguard|sandstorm|secret_power|shadow_ball|shock_wave|solar_beam|steel_wing|sunny_day|surf|thunder|thunderbolt|toxic|water_pulse|waterfall;body_slam|double_edge|dream_eater|endure|fury_cutter|icy_wind|mimic|mud_slap|psych_up|sleep_talk|snore|substitute|swagger|swift|thunder_wave;;no_eggs
latios;Latios;dragon|psychic;80;90;80;130;110;110;levitate;slow;270;3;sp_attack:3;1:psywave|5:memento|10:helping_hand|15:safeguard|20:dragon_breath|25:protect|30:refresh|35:luster_purge|40:psychic|45:recover|50:dragon_dance;;;381;Eón;2;60;azul;0;si;Es un Pokémon muy inteligente. Puede adelantar a aviones a reacción plegando las alas.;;;aerial_ace|attract|calm_mind|cut|dive|double_team|dragon_claw|earthquake|facade|flash|fly|frustration|hidden_power|hyper_beam|ice_beam|light_screen|protect|psychic|rain_dance|reflect|rest|return|roar|safeguard|sandstorm|secret_power|shadow_ball|shock_wave|solar_beam|steel_wing|sunny_day|surf|thunder|thunderbolt|toxic|water_pulse|waterfall;body_slam|double_edge|dream_eater|endure|fury_cutter|icy_wind|mimic|mud_slap|psych_up|sleep_talk|snore|substitute|swagger|swift|thunder_wave;;no_eggs
leafeon;Leafeon;grass;65;110;130;60;65;95;leaf_guard;medium_fast;184;45;defense:2;1:tail_whip|1:tackle|1:helping_hand|8:sand_attack|15:razor_leaf|22:quick_attack|29:synthesis|36:magical_leaf|43:giga_drain|50:last_resort|57:grass_whistle|64:sunny_day|71:leaf_blade|78:swords_dance;;;470;Verdor;1;25,5;verde;12,5;no;En días soleados duerme y hace la fotosíntesis, emitiendo aire puro a su alrededor.;;chlorophyll;aerial_ace|attract|bullet_seed|captivate|dig|double_team|endure|energy_ball|facade|flash|frustration|giga_drain|giga_impact|grass_knot|hidden_power|hyper_beam|iron_tail|natural_gift|protect|rain_dance|rest|return|roar|rock_smash|secret_power|shadow_ball|sleep_talk|solar_beam|strength|substitute|sunny_day|swagger|swords_dance|toxic|x_scissor;fury_cutter|helping_hand|knock_off|last_resort|mud_slap|seed_bomb|snore|swift|synthesis;charm|flail;ground
ledian;Ledian;bug|flying;55;35;50;55;110;85;swarm;fast;137;90;sp_defense:2;1:tackle|1:supersonic|15:comet_punch|24:light_screen|24:reflect|24:safeguard|33:baton_pass|42:swift|51:agility|60:double_edge;;;166;5 Estrellas;1,4;35,6;rojo;50;no;Cuando parpadean las estrellas en el cielo nocturno, se mece desprendiendo un polvo brillante.;early_bird;iron_fist;attract|curse|dig|double_team|dynamic_punch|endure|flash|frustration|giga_drain|headbutt|hidden_power|hyper_beam|ice_punch|protect|rest|return|rollout|sleep_talk|snore|solar_beam|sunny_day|swagger|sweet_scent|swift|thief|thunder_punch|toxic;;bide|light_screen|psybeam;bug
ledyba;Ledyba;bug|flying;40;20;30;40;80;55;swarm;fast;53;255;sp_defense:1;1:tackle|8:supersonic|15:comet_punch|22:light_screen|22:reflect|22:safeguard|29:baton_pass|36:swift|43:agility|50:double_edge;ledian@18;;165;5 Estrellas;1;10,8;rojo;50;no;Cuando llega el frío, se reúnen muchos Ledyba de todas partes para darse calor.;early_bird;rattled;attract|curse|dig|double_team|dynamic_punch|endure|flash|frustration|giga_drain|headbutt|hidden_power|ice_punch|protect|rest|return|rollout|sleep_talk|snore|solar_beam|sunny_day|swagger|sweet_scent|swift|thief|thunder_punch|toxic;;bide|light_screen|psybeam;bug
lickilicky;Lickilicky;normal;110;85;95;80;95;50;own_tempo;medium_fast;180;30;hp:3;1:lick|5:supersonic|9:defense_curl|13:knock_off|17:wrap|21:stomp|25:disable|29:slam|33:rollout|37:me_first|41:refresh|45:screech|49:power_whip|53:wring_out|57:gyro_ball;;;463;Lametazo;1,7;140;rosa;50;no;Agarra cosas con su lengua extensible. Si te acercas mucho, te deja lleno de babas.;oblivious;cloud_nine;attract|blizzard|brick_break|captivate|cut|dig|double_team|dream_eater|earthquake|endure|explosion|facade|fire_blast|flamethrower|fling|focus_blast|focus_punch|frustration|giga_impact|gyro_ball|hidden_power|hyper_beam|ice_beam|iron_tail|natural_gift|protect|psych_up|rain_dance|rest|return|rock_climb|rock_slide|rock_smash|rock_tomb|sandstorm|secret_power|shadow_ball|shock_wave|sleep_talk|solar_beam|strength|substitute|sunny_day|surf|swagger|swords_dance|thief|thunder|thunderbolt|toxic|water_pulse;aqua_tail|fire_punch|ice_punch|icy_wind|knock_off|mud_slap|rollout|snore|thunder_punch|zen_headbutt;belly_drum|body_slam|magnitude;monster
lickitung;Lickitung;normal;90;55;75;60;75;30;own_tempo;medium_fast;77;45;hp:2;1:lick|7:supersonic|13:defense_curl|19:stomp|25:wrap|31:disable|37:slam|43:screech;lickilicky@subir+sabe:rollout;;108;Lametazo;1,2;65,5;rosa;50;no;Su larga lengua, recubierta de saliva pegajosa, se pega a todo, por lo que es muy útil.;oblivious;cloud_nine;attract|blizzard|curse|cut|defense_curl|double_team|dream_eater|dynamic_punch|earthquake|endure|fire_blast|fire_punch|frustration|headbutt|hidden_power|hyper_beam|ice_punch|icy_wind|iron_tail|mud_slap|nightmare|protect|psych_up|rain_dance|rest|return|rock_smash|rollout|sandstorm|shadow_ball|sleep_talk|snore|strength|sunny_day|surf|swagger|thief|thunder|thunder_punch|toxic;flamethrower|ice_beam|thunderbolt;belly_drum|body_slam|magnitude;monster
lileep;Lileep;rock|grass;66;41;77;61;87;23;suction_cups;erratic;71;45;sp_defense:1;1:astonish|8:constrict|15:acid|22:ingrain|29:confuse_ray|36:amnesia|43:ancient_power|50:stockpile|50:spit_up|50:swallow;cradily@40;;345;Lirio de Mar;1;23,8;morado;12,5;no;Se extinguió hace 100 millones de años. Sus tentáculos parecen pétalos para atraer a sus presas.;;storm_drain;attract|bullet_seed|double_team|facade|frustration|giga_drain|hidden_power|protect|rest|return|sandstorm|secret_power|sludge_bomb|solar_beam|sunny_day|toxic;body_slam|double_edge|endure|mimic|mud_slap|psych_up|rock_slide|sleep_talk|snore|substitute|swagger;barrier|mirror_coat|recover|rock_slide;water3
linoone;Linoone;normal;78;70;61;50;61;100;pickup;medium_fast;147;90;speed:2;1:tackle|1:growl|1:tail_whip|1:headbutt|13:sand_attack|17:odor_sleuth|23:mud_sport|29:fury_swipes|35:covet|41:slash|47:rest|53:belly_drum;;;264;Lanzado;0,5;32,5;blanco;50;no;En línea recta corre a algo más de 100 km/h, pero no es tan hábil si hay curvas de por medio.;gluttony;quick_feet;attract|blizzard|cut|dig|double_team|facade|frustration|hidden_power|hyper_beam|ice_beam|iron_tail|protect|rain_dance|rest|return|roar|rock_smash|secret_power|shadow_ball|shock_wave|strength|sunny_day|surf|thief|thunder|thunderbolt|toxic|water_pulse;body_slam|defense_curl|double_edge|endure|fury_cutter|icy_wind|mimic|mud_slap|rollout|sleep_talk|snore|substitute|swagger|swift|thunder_wave;charm|pursuit|substitute|tickle|trick;ground
lombre;Lombre;water|grass;60;50;50;60;70;50;swift_swim;medium_slow;119;120;sp_defense:2;1:astonish|3:growl|7:absorb|13:nature_power|19:fake_out|25:fury_swipes|31:water_sport|37:thief|43:uproar|49:hydro_pump;ludicolo@objeto:water_stone;;271;Alegre;1,2;32,5;verde;50;no;Vive en el agua y, cuando hace sol, se queda en la orilla. De día duerme sobre las algas y de noche entra en acción.;rain_dish;own_tempo;attract|blizzard|brick_break|bullet_seed|dive|double_team|facade|flash|frustration|giga_drain|hail|hidden_power|ice_beam|protect|rain_dance|rest|return|rock_smash|secret_power|solar_beam|strength|sunny_day|surf|thief|toxic|water_pulse|waterfall;body_slam|double_edge|dynamic_punch|endure|fire_punch|ice_punch|icy_wind|mimic|mud_slap|sleep_talk|snore|substitute|swagger|swords_dance|thunder_punch;flail|leech_seed|razor_leaf|sweet_scent|synthesis|water_gun;water1|plant
lopunny;Lopunny;normal;65;76;84;54;96;105;cute_charm;medium_fast;168;60;speed:2;1:mirror_coat|1:magic_coat|1:splash|1:pound|1:defense_curl|1:foresight|6:endure|13:return|16:quick_attack|23:jump_kick|26:baton_pass|33:agility|36:dizzy_punch|43:charm|46:bounce|53:healing_wish;;;428;Conejo;1,2;33,3;marrón;50;no;Este Pokémon resulta muy precavido. Si siente peligro, escapa corriendo a grandes saltos.;klutz;limber;attract|blizzard|captivate|charge_beam|cut|dig|double_team|drain_punch|endure|facade|fling|focus_blast|focus_punch|frustration|giga_impact|grass_knot|hidden_power|hyper_beam|ice_beam|iron_tail|natural_gift|protect|rain_dance|rest|return|rock_smash|secret_power|shadow_ball|shock_wave|sleep_talk|solar_beam|strength|substitute|sunny_day|swagger|thunder|thunder_wave|thunderbolt|toxic|water_pulse;bounce|endeavor|fire_punch|fury_cutter|helping_hand|ice_punch|last_resort|mud_slap|snore|swift|thunder_punch|uproar;attract|double_hit|encore|fake_out|fake_tears|fire_punch|ice_punch|low_kick|sky_uppercut|sweet_kiss|switcheroo|thunder_punch;ground|humanshape
lotad;Lotad;water|grass;40;30;30;40;50;30;swift_swim;medium_slow;44;255;sp_defense:1;1:astonish|3:growl|7:absorb|13:nature_power|21:mist|31:rain_dance|43:mega_drain;lombre@14;;270;Lenteja Agua;0,5;2,6;verde;50;no;Parece una planta acuática. Hace de ferry para los Pokémon que no saben nadar.;rain_dish;own_tempo;attract|blizzard|bullet_seed|double_team|facade|flash|frustration|giga_drain|hail|hidden_power|ice_beam|protect|rain_dance|rest|return|secret_power|solar_beam|sunny_day|surf|thief|toxic|water_pulse;body_slam|double_edge|endure|icy_wind|mimic|sleep_talk|snore|substitute|swagger|swords_dance;flail|leech_seed|razor_leaf|sweet_scent|synthesis|water_gun;water1|plant
loudred;Loudred;normal;84;71;43;71;43;48;soundproof;medium_slow;126;120;hp:2;1:pound|1:uproar|1:astonish|1:howl|23:supersonic|29:stomp|37:screech|43:roar|51:rest|51:sleep_talk|57:hyper_voice;exploud@40;;294;Chillón;1;40,5;azul;50;no;Aspira profundamente y luego, usando sus fuertes abdominales, suelta un potente vozarrón.;;scrappy;attract|blizzard|brick_break|double_team|earthquake|facade|fire_blast|flamethrower|frustration|hidden_power|ice_beam|overheat|protect|rain_dance|rest|return|roar|rock_smash|secret_power|shadow_ball|shock_wave|solar_beam|strength|sunny_day|taunt|torment|toxic|water_pulse;body_slam|counter|defense_curl|double_edge|dynamic_punch|endure|fire_punch|ice_punch|icy_wind|mega_kick|mega_punch|mimic|mud_slap|psych_up|rock_slide|rollout|seismic_toss|sleep_talk|snore|substitute|swagger|thunder_punch;extrasensory|smelling_salts|snore|swagger|take_down;monster|ground
lucario;Lucario;fighting|steel;70;110;70;115;70;90;steadfast;medium_slow;184;45;attack:1|sp_attack:1;1:dark_pulse|1:quick_attack|1:foresight|1:detect|1:metal_claw|6:counter|11:force_palm|15:feint|19:bone_rush|24:metal_sound|29:me_first|33:swords_dance|37:aura_sphere|42:close_combat|47:dragon_pulse|51:extreme_speed;;;448;Aura;1,2;54;azul;12,5;no;Puede leer los pensamientos y movimientos de su adversario a través de su aura.;inner_focus;justified;attract|brick_break|bulk_up|calm_mind|captivate|dark_pulse|dig|double_team|dragon_pulse|drain_punch|earthquake|endure|facade|flash_cannon|fling|focus_blast|focus_punch|frustration|giga_impact|hidden_power|hyper_beam|iron_tail|natural_gift|payback|poison_jab|protect|psychic|rain_dance|rest|return|roar|rock_climb|rock_slide|rock_smash|rock_tomb|secret_power|shadow_ball|shadow_claw|sleep_talk|stone_edge|strength|substitute|sunny_day|swagger|swords_dance|toxic|water_pulse;fury_cutter|helping_hand|ice_punch|iron_defense|magnet_rise|mud_slap|snore|swift|thunder_punch|vacuum_wave|zen_headbutt;agility|bite|blaze_kick|bullet_punch|cross_chop|crunch|detect|high_jump_kick|iron_defense|low_kick|mind_reader|sky_uppercut|vacuum_wave;ground|humanshape
ludicolo;Ludicolo;water|grass;80;70;70;90;100;70;swift_swim;medium_slow;216;45;sp_defense:3;1:astonish|1:growl|1:absorb|1:nature_power;;;272;Optimista;1,5;55;verde;50;no;Cuando oye música alegre, sus músculos se llenan de energía, y no puede evitar ponerse a bailar.;rain_dish;own_tempo;attract|blizzard|brick_break|bullet_seed|dive|double_team|facade|flash|focus_punch|frustration|giga_drain|hail|hidden_power|hyper_beam|ice_beam|protect|rain_dance|rest|return|rock_smash|secret_power|solar_beam|strength|sunny_day|surf|thief|toxic|water_pulse|waterfall;body_slam|counter|double_edge|dynamic_punch|endure|fire_punch|ice_punch|icy_wind|mega_kick|mega_punch|metronome|mimic|mud_slap|seismic_toss|sleep_talk|snore|substitute|swagger|swords_dance|thunder_punch;flail|leech_seed|razor_leaf|sweet_scent|synthesis|water_gun;water1|plant
lugia;Lugia;psychic|flying;106;90;130;90;154;110;pressure;slow;306;3;sp_defense:3;1:aeroblast|11:safeguard|22:gust|33:recover|44:hydro_pump|55:rain_dance|66:swift|77:whirlwind|88:ancient_power|99:future_sight;;;249;Buceo;5,2;216;blanco;sin_genero;si;Duerme en una dorsal marina. Si bate sus alas, puede causar tormentas de 40 días.;;multiscale;blizzard|curse|detect|double_team|dragon_breath|dream_eater|earthquake|endure|fly|frustration|giga_drain|headbutt|hidden_power|hyper_beam|icy_wind|iron_tail|mud_slap|nightmare|protect|psych_up|psychic|rain_dance|rest|return|roar|rock_smash|sandstorm|shadow_ball|sleep_talk|snore|steel_wing|strength|sunny_day|surf|swagger|swift|thunder|toxic|waterfall|whirlpool|zap_cannon;ice_beam|thunderbolt;;no_eggs
lumineon;Lumineon;water;69;69;76;69;86;91;swift_swim;erratic;161;75;speed:2;1:pound|1:water_gun|1:attract|13:rain_dance|17:gust|22:water_pulse|26:captivate|29:safeguard|35:aqua_ring|42:whirlpool|48:u_turn|53:bounce|59:silver_wind;;;457;Neón;1,2;24;azul;50;no;Vive en las profundidades marinas. Atrae a sus presas con parpadeos del dibujo de sus cuatro aletas.;storm_drain;water_veil;attract|blizzard|brine|captivate|defog|double_team|endure|facade|flash|frustration|giga_impact|hail|hidden_power|hyper_beam|ice_beam|natural_gift|payback|protect|psych_up|rain_dance|rest|return|safeguard|secret_power|silver_wind|sleep_talk|substitute|surf|swagger|toxic|u_turn|water_pulse|waterfall;air_cutter|aqua_tail|bounce|dive|icy_wind|ominous_wind|snore|swift|twister;agility|aqua_tail|charm|flail|psybeam|splash|sweet_kiss|tickle;water2
lunatone;Lunatone;rock|psychic;90;55;65;95;85;70;levitate;fast;161;45;sp_attack:2;1:tackle|1:harden|7:confusion|13:rock_throw|19:hypnosis|25:psywave|31:cosmic_power|37:psychic|43:future_sight|49:explosion;;;337;Meteorito;1;168;amarillo;sin_genero;no;Se piensa que está muy influido por las fases lunares, ya que solo actúa en noches de luna llena.;;;calm_mind|double_team|earthquake|facade|flash|frustration|hidden_power|hyper_beam|ice_beam|light_screen|protect|psychic|rain_dance|reflect|rest|return|rock_tomb|safeguard|sandstorm|secret_power|shadow_ball|skill_swap|toxic;body_slam|defense_curl|double_edge|dream_eater|endure|explosion|mimic|psych_up|rock_slide|rollout|sleep_talk|snore|substitute|swagger|swift;;mineral
luvdisc;Luvdisc;water;43;30;55;40;65;97;swift_swim;fast;116;225;speed:1;1:tackle|4:charm|12:water_gun|16:agility|24:take_down|28:attract|36:sweet_kiss|40:flail|48:safeguard;;;370;Cita;0,6;8,7;rosa;75;no;Vive en mares cálidos. Se dice que, si una pareja lo encuentra, será bendecida con amor eterno.;;hydration;attract|blizzard|dive|double_team|facade|frustration|hail|hidden_power|ice_beam|protect|rain_dance|rest|return|safeguard|secret_power|surf|toxic|water_pulse|waterfall;double_edge|endure|icy_wind|mimic|psych_up|sleep_talk|snore|substitute|swagger|swift;mud_sport|splash|supersonic|water_sport;water2
luxio;Luxio;electric;60;85;49;60;49;60;rivalry;medium_slow;127;120;attack:2;1:tackle|1:leer|9:charge|13:spark|18:bite|23:roar|28:swagger|33:thunder_fang|38:crunch|43:scary_face|48:discharge;luxray@30;;404;Chispa;0,9;30,5;azul;50;no;Sus garras emiten electricidad que puede debilitar a sus rivales. Viven en grupos pequeños.;intimidate;guts;attract|captivate|charge_beam|double_team|endure|facade|flash|frustration|hidden_power|iron_tail|light_screen|natural_gift|protect|rain_dance|rest|return|roar|secret_power|shock_wave|sleep_talk|strength|substitute|swagger|thief|thunder|thunder_wave|thunderbolt|toxic;fury_cutter|magnet_rise|mud_slap|signal_beam|snore|swift;fire_fang|howl|ice_fang|quick_attack|take_down|thunder_fang;ground
luxray;Luxray;electric;80;120;79;95;79;70;rivalry;medium_slow;235;45;attack:3;1:tackle|1:leer|1:charge|13:spark|18:bite|23:roar|28:swagger|35:thunder_fang|42:crunch|49:scary_face|56:discharge;;;405;Chispa Ojos;1,4;42;azul;50;no;Cuando sus ojos brillan como el oro, puede ver presas escondidas, incluso detrás de un muro.;intimidate;guts;attract|captivate|charge_beam|double_team|endure|facade|flash|frustration|giga_impact|hidden_power|hyper_beam|iron_tail|light_screen|natural_gift|protect|rain_dance|rest|return|roar|secret_power|shock_wave|sleep_talk|strength|substitute|swagger|thief|thunder|thunder_wave|thunderbolt|toxic;fury_cutter|magnet_rise|mud_slap|signal_beam|snore|superpower|swift;fire_fang|howl|ice_fang|quick_attack|take_down|thunder_fang;ground
machamp;Machamp;fighting;90;130;80;65;85;55;guts;medium_slow;227;45;attack:3;1:low_kick|1:leer|1:focus_energy|15:karate_chop|19:seismic_toss|25:foresight|34:vital_throw|43:cross_chop|52:scary_face|61:submission;;;68;Superpoder;1,6;130;gris;25;no;Tiene cuatro brazos tan bien desarrollados que puede dar una serie de 1000 puñetazos en cuestión de dos segundos.;no_guard;steadfast;attract|curse|detect|dig|double_team|dynamic_punch|earthquake|endure|fire_blast|fire_punch|frustration|headbutt|hidden_power|hyper_beam|ice_punch|mud_slap|protect|rest|return|rock_smash|sleep_talk|snore|strength|sunny_day|swagger|thief|thunder_punch|toxic;flamethrower;encore|light_screen|meditate|rolling_kick;humanshape
machoke;Machoke;fighting;80;100;70;50;60;45;guts;medium_slow;142;90;attack:2;1:low_kick|1:leer|1:focus_energy|15:karate_chop|19:seismic_toss|25:foresight|34:vital_throw|43:cross_chop|52:scary_face|61:submission;machamp@intercambio;;67;Superpoder;1,5;70,5;gris;25;no;Su musculoso cuerpo es tan fuerte que usa un cinto antifuerza para controlar sus movimientos.;no_guard;steadfast;attract|curse|detect|dig|double_team|dynamic_punch|earthquake|endure|fire_blast|fire_punch|frustration|headbutt|hidden_power|ice_punch|mud_slap|protect|rest|return|rock_smash|sleep_talk|snore|strength|sunny_day|swagger|thief|thunder_punch|toxic;flamethrower;encore|light_screen|meditate|rolling_kick;humanshape
machop;Machop;fighting;70;80;50;35;35;35;guts;medium_slow;61;180;attack:1;1:low_kick|1:leer|7:focus_energy|13:karate_chop|19:seismic_toss|25:foresight|31:vital_throw|37:cross_chop|43:scary_face|49:submission;machoke@28;;66;Superpoder;0,8;19,5;gris;25;no;Levanta un Graveler para mantener sus músculos en forma. Domina todas las artes marciales.;no_guard;steadfast;attract|curse|detect|dig|double_team|dynamic_punch|earthquake|endure|fire_blast|fire_punch|frustration|headbutt|hidden_power|ice_punch|mud_slap|protect|rest|return|rock_smash|sleep_talk|snore|strength|sunny_day|swagger|thief|thunder_punch|toxic;flamethrower;encore|light_screen|meditate|rolling_kick;humanshape
magby;Magby;fire;45;75;37;70;55;83;flame_body;medium_fast;73;45;speed:1;1:ember|7:leer|13:smog|19:fire_punch|25:smokescreen|31:sunny_day|37:flamethrower|43:confuse_ray|49:fire_blast;magmar@30;;240;Ascuas;0,7;21,4;rojo;25;no;Es pequeño, pero su cuerpo puede llegar a alcanzar 600 °C. Cuando inspira y espira, expulsa llamas por la nariz y por la boca.;;vital_spirit;attract|curse|detect|double_team|dynamic_punch|endure|fire_blast|fire_punch|frustration|headbutt|hidden_power|iron_tail|mud_slap|protect|psychic|rest|return|sleep_talk|snore|sunny_day|swagger|thief|thunder_punch|toxic;flamethrower;barrier|cross_chop|karate_chop|mega_punch|screech;no_eggs
magcargo;Magcargo;fire|rock;60;50;120;90;80;30;magma_armor;medium_fast;151;75;defense:2;1:smog|1:ember|1:rock_throw|22:harden|29:amnesia|36:flamethrower|48:rock_slide|60:body_slam;;;219;Lava;0,8;55;rojo;50;no;En ocasiones, su resbaladiza concha lanza intensas llamaradas que recorren todo su cuerpo.;flame_body;weak_armor;attract|curse|defense_curl|double_team|earthquake|endure|fire_blast|frustration|hidden_power|hyper_beam|mud_slap|protect|rest|return|rock_smash|rollout|sleep_talk|snore|strength|sunny_day|swagger|toxic;flamethrower;acid_armor;indeterminate
magikarp;Magikarp;water;20;10;55;15;20;80;swift_swim;slow;40;255;speed:1;1:splash|15:tackle|30:flail;gyarados@20;;129;Pez;0,9;10;rojo;50;no;No es precisamente rápido ni fuerte. Es el Pokémon más debilucho y simplón de todos los que hay.;;rattled;;;;water2|dragon
magmar;Magmar;fire;65;95;57;100;85;93;flame_body;medium_fast;173;45;sp_attack:2;1:ember|1:leer|1:smog|1:fire_punch|25:smokescreen|33:sunny_day|41:flamethrower|49:confuse_ray|57:fire_blast;magmortar@intercambio:magmarizer;;126;Escupefuego;1,3;44,5;rojo;25;no;A este Pokémon se lo encontraron cerca de un volcán. Esta criatura ígnea tiene una temperatura corporal de unos 1200 °C.;;vital_spirit;attract|curse|detect|double_team|dynamic_punch|endure|fire_blast|fire_punch|frustration|headbutt|hidden_power|hyper_beam|iron_tail|mud_slap|protect|psychic|rest|return|rock_smash|sleep_talk|snore|strength|sunny_day|swagger|thief|thunder_punch|toxic;flamethrower;barrier|cross_chop|karate_chop|mega_punch|screech;humanshape
magmortar;Magmortar;fire;75;95;67;125;95;83;flame_body;medium_fast;243;30;sp_attack:3;1:thunder_punch|1:smog|1:leer|1:ember|1:smokescreen|16:feint_attack|19:fire_spin|25:confuse_ray|28:fire_punch|37:lava_plume|43:flamethrower|52:sunny_day|58:fire_blast|67:hyper_beam;;;467;Explosión;1,6;68;rojo;25;no;Sus brazos disparan bolas de fuego de más de 2000 °C. Vive en cráteres volcánicos.;;vital_spirit;attract|brick_break|captivate|double_team|earthquake|endure|facade|fire_blast|flamethrower|fling|focus_blast|focus_punch|frustration|giga_impact|hidden_power|hyper_beam|iron_tail|natural_gift|overheat|protect|psychic|rest|return|rock_climb|rock_slide|rock_smash|rock_tomb|secret_power|sleep_talk|solar_beam|strength|substitute|sunny_day|swagger|taunt|thief|thunderbolt|torment|toxic|will_o_wisp;fire_punch|heat_wave|helping_hand|mud_slap|snore|thunder_punch;barrier|cross_chop|karate_chop|mega_punch|screech;humanshape
magnemite;Magnemite;electric|steel;25;35;70;95;55;45;magnet_pull;medium_fast;65;190;sp_attack:1;1:tackle|6:thunder_shock|11:supersonic|16:sonic_boom|21:thunder_wave|27:lock_on|33:swift|39:screech|45:zap_cannon;magneton@30;;81;Imán;0,3;6;gris;sin_genero;no;Las unidades a los lados de su cuerpo generan energía antigravitatoria para mantenerlo en el aire.;sturdy;analytic;curse|double_team|endure|flash|frustration|hidden_power|protect|rain_dance|rest|return|rollout|sleep_talk|snore|swagger|swift|thunder|toxic|zap_cannon;thunderbolt;;mineral
magneton;Magneton;electric|steel;50;60;95;120;70;70;magnet_pull;medium_fast;163;60;sp_attack:2;1:tackle|1:thunder_shock|1:supersonic|1:sonic_boom|21:thunder_wave|27:lock_on|35:tri_attack|43:screech|53:zap_cannon;magnezone@subir+lugar:mt_coronet;;82;Imán;1;60;gris;sin_genero;no;Lo constituye un grupo de Magnemite. Descarga potentes ondas magnéticas de alto voltaje.;sturdy;analytic;curse|double_team|endure|flash|frustration|hidden_power|hyper_beam|protect|rain_dance|rest|return|rollout|sleep_talk|snore|swagger|swift|thunder|toxic|zap_cannon;thunderbolt;;mineral
magnezone;Magnezone;electric|steel;70;70;115;130;90;60;magnet_pull;medium_fast;241;30;sp_attack:3;1:mirror_coat|1:barrier|1:metal_sound|1:tackle|1:thunder_shock|1:supersonic|14:sonic_boom|17:thunder_wave|22:spark|27:lock_on|30:magnet_bomb|34:screech|40:discharge|46:mirror_shot|50:magnet_rise|54:gyro_ball|60:zap_cannon;;;462;Magnético;1,2;180;gris;sin_genero;no;Emiten campos magnéticos tan potentes que se atraen entre sí e incluso pueden llegar a inmovilizarse.;sturdy;analytic;charge_beam|double_team|endure|explosion|facade|flash|flash_cannon|frustration|giga_impact|gyro_ball|hidden_power|hyper_beam|light_screen|natural_gift|protect|psych_up|rain_dance|recycle|reflect|rest|return|secret_power|shock_wave|sleep_talk|substitute|sunny_day|swagger|thunder|thunder_wave|thunderbolt|toxic;iron_defense|iron_head|magnet_rise|rollout|signal_beam|snore|swift;;mineral
makuhita;Makuhita;fighting;72;60;30;20;30;25;thick_fat;fluctuating;47;180;hp:1;1:tackle|1:focus_energy|4:sand_attack|10:arm_thrust|13:vital_throw|19:fake_out|22:whirlwind|28:knock_off|31:smelling_salts|37:belly_drum|40:endure|46:seismic_toss|49:reversal;hariyama@24;;296;Valiente;1;86,4;amarillo;25;no;Endurece su cuerpo golpeando grandes árboles sin perder jamás el ánimo.;guts;sheer_force;attract|brick_break|bulk_up|dig|double_team|earthquake|facade|focus_punch|frustration|hidden_power|protect|rain_dance|rest|return|rock_smash|rock_tomb|secret_power|strength|sunny_day|surf|toxic;body_slam|counter|double_edge|dynamic_punch|endure|fire_punch|ice_punch|mega_kick|mega_punch|metronome|mimic|mud_slap|rock_slide|seismic_toss|sleep_talk|snore|substitute|swagger|thunder_punch;counter|cross_chop|detect|dynamic_punch|feint_attack|foresight|helping_hand|revenge;humanshape
mamoswine;Mamoswine;ice|ground;110;130;80;70;60;80;oblivious;slow;239;50;attack:3;1:ancient_power|1:peck|1:odor_sleuth|1:mud_sport|1:powder_snow|13:mud_slap|16:endure|20:mud_bomb|25:hail|28:ice_fang|32:take_down|33:double_hit|40:earthquake|48:mist|56:blizzard|65:scary_face;;;473;Doscolmillos;2,5;291;marrón;50;no;Ya existía en la antigüedad. Se encontró uno bajo hielo de hace más de 10 000 años.;snow_cloak;thick_fat;attract|avalanche|blizzard|captivate|dig|double_team|earthquake|endure|facade|frustration|giga_impact|hail|hidden_power|hyper_beam|ice_beam|light_screen|natural_gift|protect|rain_dance|reflect|rest|return|roar|rock_climb|rock_slide|rock_smash|rock_tomb|sandstorm|secret_power|sleep_talk|stealth_rock|stone_edge|strength|substitute|swagger|toxic;ancient_power|earth_power|endeavor|fury_cutter|icy_wind|iron_head|knock_off|mud_slap|snore|superpower;ancient_power|bite|body_slam|rock_slide|take_down;ground
manaphy;Manaphy;water;100;100;100;100;100;100;hydration;slow;270;3;hp:3;1:tail_glow|1:bubble|1:water_sport|9:charm|16:supersonic|24:bubble_beam|31:acid_armor|39:whirlpool|46:water_pulse|54:aqua_ring|61:dive|69:rain_dance|76:heart_swap;;;490;Náutico;0,3;1,4;azul;sin_genero;si;Nace con un maravilloso poder que le permite establecer vínculos con cualquier tipo de Pokémon.;;;blizzard|brine|calm_mind|double_team|endure|energy_ball|facade|flash|fling|frustration|giga_impact|grass_knot|hail|hidden_power|hyper_beam|ice_beam|light_screen|natural_gift|protect|psych_up|psychic|rain_dance|reflect|rest|return|safeguard|secret_power|shadow_ball|skill_swap|sleep_talk|substitute|surf|swagger|toxic|u_turn|water_pulse|waterfall;ancient_power|bounce|dive|helping_hand|icy_wind|knock_off|last_resort|mud_slap|signal_beam|snore|swift|uproar;;water1|fairy
manectric;Manectric;electric;70;75;60;105;60;105;static;slow;166;45;speed:2;1:tackle|1:thunder_wave|1:leer|1:howl|17:quick_attack|20:spark|25:odor_sleuth|31:roar|39:bite|45:thunder|53:charge;;;310;Descarga;1,5;40,2;amarillo;50;no;No suele aparecer ante la gente. Dicen que suele colocar su nido donde caen los rayos.;lightning_rod;minus;attract|double_team|facade|flash|frustration|hidden_power|hyper_beam|iron_tail|protect|rain_dance|rest|return|roar|secret_power|shock_wave|strength|thief|thunder|thunderbolt|toxic;body_slam|double_edge|endure|mimic|mud_slap|sleep_talk|snore|substitute|swagger|swift|thunder_wave;crunch|curse|headbutt|swift|uproar;ground
mankey;Mankey;fighting;40;80;35;35;45;70;vital_spirit;medium_fast;61;190;attack:1;1:scratch|1:leer|9:low_kick|15:karate_chop|21:fury_swipes|27:focus_energy|33:seismic_toss|39:cross_chop|45:screech|51:thrash;primeape@28;;56;Mono Cerdo;0,5;28;marrón;50;no;Es peligroso acercarse si se enfada sin razón aparente, ya que no distingue entre amigos y enemigos.;anger_point;defiant;attract|curse|defense_curl|detect|dig|double_team|dynamic_punch|endure|fire_punch|frustration|headbutt|hidden_power|ice_punch|iron_tail|mud_slap|protect|psych_up|rest|return|rock_smash|sleep_talk|snore|strength|sunny_day|swagger|swift|thief|thunder|thunder_punch|toxic;thunderbolt;beat_up|counter|foresight|meditate|reversal|rock_slide;ground
mantine;Mantine;water|flying;85;40;70;80;140;70;swift_swim;slow;170;25;sp_defense:2;1:tackle|1:bubble|10:supersonic|18:bubble_beam|25:take_down|32:agility|40:wing_attack|49:confuse_ray;;;226;Milano;2,1;220;morado;50;no;Acumula velocidad nadando y puede saltar fuera del agua, alcanzando 100 metros de altura, para descender luego planeando.;water_absorb;water_veil;attract|blizzard|curse|double_team|endure|frustration|headbutt|hidden_power|icy_wind|mud_slap|protect|rain_dance|rest|return|sleep_talk|snore|surf|swagger|swift|toxic|waterfall|whirlpool;ice_beam;haze|hydro_pump|slam|twister;water1
mantyke;Mantyke;water|flying;45;20;50;60;120;50;swift_swim;slow;69;25;sp_defense:1;1:tackle|1:bubble|4:supersonic|10:bubble_beam|13:headbutt|19:agility|22:wing_attack|28:water_pulse|31:take_down|37:confuse_ray|40:bounce|46:aqua_ring|49:hydro_pump;mantine@subir+equipo_especie:remoraid;;458;Milano;1;65;azul;50;no;Los símbolos de su espalda cambian según la región. A veces se mezcla con bancos de Remoraid y nada junto a ellos.;water_absorb;water_veil;aerial_ace|attract|blizzard|captivate|double_team|earthquake|endure|facade|frustration|hail|hidden_power|ice_beam|natural_gift|protect|rain_dance|rest|return|secret_power|sleep_talk|substitute|surf|swagger|toxic|water_pulse|waterfall;air_cutter|bounce|dive|helping_hand|icy_wind|mud_slap|snore|swift;haze|hydro_pump|mirror_coat|mud_sport|rock_slide|signal_beam|slam|splash|twister|water_sport;no_eggs
mareep;Mareep;electric;55;40;40;65;45;35;static;medium_slow;56;235;sp_attack:1;1:tackle|1:growl|9:thunder_shock|16:thunder_wave|23:cotton_spore|30:light_screen|37:thunder;flaaffy@15;;179;Lana;0,6;7,8;blanco;50;no;Su pelaje lanudo dobla su volumen al acumular electricidad estática. Tocarlo puede dar calambre.;;plus;attract|curse|defense_curl|double_team|endure|flash|frustration|headbutt|hidden_power|iron_tail|protect|rain_dance|rest|return|sleep_talk|snore|swagger|swift|thunder|toxic|zap_cannon;thunderbolt;body_slam|reflect|safeguard|screech|take_down|thunderbolt;monster|ground
marill;Marill;water|fairy;70;20;50;20;50;40;thick_fat;fast;88;190;hp:2;1:tackle|3:defense_curl|6:tail_whip|10:water_gun|15:rollout|21:bubble_beam|28:double_edge|36:rain_dance;azumarill@18;;183;Ratón Agua;0,4;8,5;azul;50;no;Tiene una piel que repele el agua. De hecho, puede pasarse horas jugando en el agua sin mojarse.;huge_power;sap_sipper;attract|blizzard|curse|defense_curl|double_team|dynamic_punch|endure|frustration|headbutt|hidden_power|ice_punch|icy_wind|iron_tail|mud_slap|protect|rain_dance|rest|return|rollout|sleep_talk|snore|surf|swagger|swift|toxic|waterfall|whirlpool;ice_beam;amnesia|belly_drum|foresight|future_sight|light_screen|perish_song|present|supersonic;water1|fairy
marowak;Marowak;ground;60;80;110;50;80;45;rock_head;medium_fast;149;75;defense:2;1:growl|1:tail_whip|1:bone_club|1:headbutt|17:leer|21:focus_energy|25:bonemerang|32:rage|39:false_swipe|46:thrash|53:bone_rush;;;105;Apilahueso;1;45;marrón;50;no;Es pequeño y siempre ha sido muy débil. Cuando empezó a usar huesos, se volvió más violento.;lightning_rod;battle_armor;attract|blizzard|curse|detect|dig|double_team|dynamic_punch|earthquake|endure|fire_blast|fire_punch|frustration|headbutt|hidden_power|hyper_beam|icy_wind|iron_tail|mud_slap|protect|rest|return|rock_smash|sandstorm|sleep_talk|snore|strength|sunny_day|swagger|thief|thunder_punch|toxic;flamethrower|ice_beam;ancient_power|belly_drum|perish_song|rock_slide|screech|skull_bash|swords_dance;monster
marshtomp;Marshtomp;water|ground;70;85;70;60;70;50;torrent;medium_slow;142;45;attack:2;1:tackle|1:growl|1:mud_slap|1:water_gun|15:bide|16:mud_shot|20:foresight|25:mud_sport|31:take_down|37:muddy_water|42:protect|46:earthquake|53:endeavor;swampert@36;;259;Pez Lodo;0,7;28;azul;12,5;no;Sus piernas robustas impiden que pierda el equilibrio y caiga, incluso en el barro. Duerme bajo la arena.;;damp;attract|blizzard|dig|dive|double_team|earthquake|facade|frustration|hail|hidden_power|ice_beam|iron_tail|protect|rain_dance|rest|return|rock_smash|rock_tomb|secret_power|strength|surf|toxic|water_pulse|waterfall;body_slam|counter|defense_curl|double_edge|dynamic_punch|endure|ice_punch|icy_wind|mega_kick|mega_punch|mimic|mud_slap|rock_slide|rollout|seismic_toss|sleep_talk|snore|substitute|swagger;curse|ice_ball|mirror_coat|refresh|stomp|uproar;monster|water1
masquerain;Masquerain;bug|flying;70;60;62;100;82;80;intimidate;medium_fast;159;75;sp_attack:1|sp_defense:1;1:bubble|1:quick_attack|1:sweet_scent|1:water_sport|26:gust|33:scary_face|40:stun_spore|47:silver_wind|53:whirlwind;;;284;Globocular;0,8;3,6;azul;50;no;Sus antenas tienen dibujos de ojos, mientras que sus alas le permiten volar en cualquier dirección.;;unnerve;aerial_ace|attract|blizzard|double_team|facade|flash|frustration|giga_drain|hidden_power|hyper_beam|ice_beam|protect|rain_dance|rest|return|secret_power|shadow_ball|solar_beam|sunny_day|thief|toxic|water_pulse;double_edge|endure|icy_wind|mimic|psych_up|sleep_talk|snore|substitute|swagger|swift;foresight|hydro_pump|mind_reader|mud_shot|psybeam;water1|bug
mawile;Mawile;steel|fairy;50;85;85;55;55;50;hyper_cutter;fast;133;45;attack:1|defense:1;1:astonish|6:fake_tears|11:bite|16:sweet_scent|21:vice_grip|26:feint_attack|31:baton_pass|36:crunch|41:iron_defense|46:stockpile|46:swallow|46:spit_up;;;303;Tramposo;0,6;11,5;negro;50;no;"Engaña con su aspecto dócil; hace que el rival se confíe y le da un mordisco con sus enormes e implacables mandíbulas.";intimidate;sheer_force;attract|brick_break|double_team|facade|fire_blast|flamethrower|focus_punch|frustration|hidden_power|hyper_beam|ice_beam|protect|rain_dance|rest|return|rock_smash|rock_tomb|sandstorm|secret_power|sludge_bomb|solar_beam|strength|sunny_day|taunt|torment|toxic;body_slam|counter|double_edge|dynamic_punch|endure|ice_punch|icy_wind|mega_kick|mega_punch|mimic|mud_slap|psych_up|rock_slide|seismic_toss|sleep_talk|snore|substitute|swagger|swords_dance|thunder_punch;ancient_power|false_swipe|poison_fang|psych_up|swords_dance|tickle;ground|fairy
medicham;Medicham;fighting|psychic;60;60;75;60;75;80;pure_power;medium_fast;144;90;speed:2;1:fire_punch|1:thunder_punch|1:ice_punch|1:bide|1:meditate|1:confusion|1:detect|18:hidden_power|22:mind_reader|28:calm_mind|32:high_jump_kick|40:psych_up|46:reversal|54:recover;;;308;Meditador;1,3;31,5;rojo;50;no;Evita los ataques moviéndose de forma elegante, como si bailara. Ataca dando un golpe devastador y moviéndose igual.;;telepathy;attract|brick_break|bulk_up|calm_mind|double_team|facade|flash|focus_punch|frustration|hidden_power|hyper_beam|light_screen|protect|psychic|rain_dance|reflect|rest|return|rock_smash|rock_tomb|secret_power|shadow_ball|strength|sunny_day|toxic;body_slam|counter|double_edge|dream_eater|dynamic_punch|endure|fire_punch|ice_punch|mega_kick|mega_punch|metronome|mimic|mud_slap|psych_up|rock_slide|seismic_toss|sleep_talk|snore|substitute|swagger|swift|thunder_punch;baton_pass|dynamic_punch|fake_out|fire_punch|foresight|ice_punch|thunder_punch;humanshape
meditite;Meditite;fighting|psychic;30;40;55;40;55;60;pure_power;medium_fast;56;180;speed:1;1:bide|4:meditate|9:confusion|12:detect|18:hidden_power|22:mind_reader|28:calm_mind|32:high_jump_kick|38:psych_up|42:reversal|48:recover;medicham@37;;307;Meditador;0,6;11,2;azul;50;no;Se entrena en la profundidad de las montañas. Cuando aumenta su poder espiritual con meditación, levita.;;telepathy;attract|brick_break|bulk_up|calm_mind|double_team|facade|flash|focus_punch|frustration|hidden_power|light_screen|protect|psychic|rain_dance|reflect|rest|return|rock_smash|rock_tomb|secret_power|shadow_ball|strength|sunny_day|toxic;body_slam|counter|double_edge|dream_eater|dynamic_punch|endure|fire_punch|ice_punch|mega_kick|mega_punch|metronome|mimic|mud_slap|psych_up|seismic_toss|sleep_talk|snore|substitute|swagger|swift|thunder_punch;baton_pass|dynamic_punch|fake_out|fire_punch|foresight|ice_punch|thunder_punch;humanshape
meganium;Meganium;grass;80;82;100;83;100;80;overgrow;medium_slow;236;45;defense:1|sp_defense:2;1:tackle|1:growl|1:razor_leaf|1:reflect|15:poison_powder|23:synthesis|31:body_slam|41:light_screen|51:safeguard|61:solar_beam;;;154;Hierba;1,8;100,5;verde;12,5;no;El olor que desprenden sus pétalos contiene una sustancia que calma el instinto agresivo.;;leaf_guard;attract|curse|cut|detect|double_team|earthquake|endure|flash|frustration|fury_cutter|giga_drain|headbutt|hidden_power|hyper_beam|iron_tail|mud_slap|protect|rest|return|rock_smash|sleep_talk|snore|solar_beam|strength|sunny_day|swagger|sweet_scent|toxic;;ancient_power|counter|flail|leech_seed|swords_dance|vine_whip;monster|plant
meowth;Meowth;normal;40;45;35;40;40;90;pickup;medium_fast;58;255;speed:1;1:scratch|1:growl|11:bite|20:pay_day|28:feint_attack|35:screech|41:fury_swipes|46:slash;persian@28;;52;Gato Araña;0,4;4,2;amarillo;50;no;Es de naturaleza nocturna. Le atraen los objetos brillantes.;technician;unnerve;attract|curse|defense_curl|detect|double_team|dream_eater|endure|frustration|headbutt|hidden_power|icy_wind|iron_tail|mud_slap|nightmare|protect|psych_up|rest|return|shadow_ball|sleep_talk|snore|sunny_day|swagger|swift|thief|thunder|toxic|zap_cannon;thunderbolt;amnesia|charm|hypnosis|spite;ground
mesprit;Mesprit;psychic;80;105;105;105;105;80;levitate;slow;261;3;attack:1|sp_attack:1|sp_defense:1;1:rest|1:confusion|6:imprison|16:protect|21:swift|31:lucky_chant|36:future_sight|46:charm|51:extrasensory|61:copycat|66:natural_gift|76:healing_wish;;;481;Sensorio;0,3;0,3;rosa;sin_genero;si;Se le conoce como el Ser de la Emoción. Enseñó a los humanos la nobleza del dolor y la alegría.;;;blizzard|calm_mind|charge_beam|double_team|dream_eater|endure|energy_ball|facade|flash|fling|frustration|giga_impact|grass_knot|hidden_power|hyper_beam|ice_beam|iron_tail|light_screen|natural_gift|protect|psych_up|psychic|rain_dance|recycle|reflect|rest|return|safeguard|sandstorm|secret_power|shadow_ball|shock_wave|skill_swap|sleep_talk|stealth_rock|substitute|sunny_day|swagger|thunder|thunder_wave|thunderbolt|toxic|trick_room|u_turn|water_pulse;fire_punch|helping_hand|ice_punch|knock_off|mud_slap|signal_beam|snore|swift|thunder_punch|trick|zen_headbutt;;no_eggs
metagross;Metagross;steel|psychic;80;135;130;95;90;70;clear_body;slow;270;3;defense:3;1:take_down|1:confusion|1:metal_claw|1:scary_face|32:pursuit|38:psychic|44:iron_defense|55:meteor_mash|66:agility|77:hyper_beam;;;376;Pata Hierro;1,6;550;azul;sin_genero;no;Gracias a sus cuatro cerebros, es más inteligente que un superordenador y analiza con precisión al enemigo.;;light_metal;aerial_ace|brick_break|cut|double_team|earthquake|facade|flash|frustration|hidden_power|hyper_beam|light_screen|protect|psychic|rain_dance|reflect|rest|return|rock_smash|rock_tomb|sandstorm|secret_power|shadow_ball|sludge_bomb|strength|sunny_day|toxic;body_slam|defense_curl|double_edge|dynamic_punch|endure|explosion|fury_cutter|ice_punch|icy_wind|mimic|mud_slap|psych_up|rock_slide|rollout|sleep_talk|snore|substitute|swagger|swift|thunder_punch;;mineral
metang;Metang;steel|psychic;60;75;100;55;80;50;clear_body;slow;147;3;defense:2;1:take_down|20:confusion|20:metal_claw|26:scary_face|32:pursuit|38:psychic|44:iron_defense|50:meteor_mash|56:agility|62:hyper_beam;metagross@45;;375;Garra Hierro;1,2;202,5;azul;sin_genero;no;Lo forman dos Beldum unidos. Puede chocarse con un avión sin que su cuerpo de acero sufra ni un rasguño.;;light_metal;aerial_ace|brick_break|cut|double_team|earthquake|facade|flash|frustration|hidden_power|hyper_beam|light_screen|protect|psychic|rain_dance|reflect|rest|return|rock_smash|rock_tomb|sandstorm|secret_power|shadow_ball|sludge_bomb|strength|sunny_day|toxic;body_slam|defense_curl|double_edge|dynamic_punch|endure|explosion|fury_cutter|ice_punch|icy_wind|mimic|mud_slap|psych_up|rock_slide|rollout|sleep_talk|snore|substitute|swagger|swift|thunder_punch;;mineral
metapod;Metapod;bug;50;20;55;25;25;30;shed_skin;medium_fast;72;120;defense:2;1:harden;butterfree@10;;11;Capullo;0,7;9,9;verde;50;no;Su frágil cuerpo está recubierto de una coraza dura como el acero. Permanece quieto en su desarrollo.;;;;;;bug
mew;Mew;psychic;100;100;100;100;100;100;synchronize;medium_slow;270;45;hp:3;1:pound|10:transform|20:mega_punch|30:metronome|40:psychic|50:ancient_power;;;151;Nueva Especie;0,4;4;rosa;sin_genero;si;Varios científicos lo consideran el antecesor de los Pokémon porque usa todo tipo de movimientos.;;;attract|blizzard|curse|cut|defense_curl|detect|dig|double_team|dragon_breath|dream_eater|dynamic_punch|earthquake|endure|fire_blast|fire_punch|flash|fly|frustration|fury_cutter|giga_drain|headbutt|hidden_power|hyper_beam|ice_punch|icy_wind|iron_tail|mud_slap|nightmare|protect|psych_up|psychic|rain_dance|rest|return|roar|rock_smash|rollout|sandstorm|shadow_ball|sleep_talk|sludge_bomb|snore|solar_beam|steel_wing|strength|sunny_day|surf|swagger|sweet_scent|swift|thief|thunder|thunder_punch|toxic|waterfall|whirlpool|zap_cannon;flamethrower|ice_beam|thunderbolt;;no_eggs
mewtwo;Mewtwo;psychic;106;110;90;154;90;130;pressure;slow;306;3;sp_attack:3;1:confusion|1:disable|11:barrier|22:swift|33:psych_up|44:future_sight|55:mist|66:psychic|77:amnesia|88:recover|99:safeguard;;;150;Genético;2;122;morado;sin_genero;si;Fue creado por un científico tras años de horribles experimentos de ingeniería genética.;;unnerve;blizzard|curse|detect|double_team|dream_eater|dynamic_punch|endure|fire_blast|fire_punch|flash|frustration|headbutt|hidden_power|hyper_beam|ice_punch|icy_wind|iron_tail|mud_slap|nightmare|protect|psych_up|psychic|rain_dance|rest|return|rock_smash|shadow_ball|sleep_talk|snore|solar_beam|strength|sunny_day|swagger|swift|thunder|thunder_punch|toxic|zap_cannon;flamethrower|ice_beam|thunderbolt;;no_eggs
mightyena;Mightyena;dark;70;90;70;60;60;70;intimidate;medium_fast;147;127;attack:2;1:tackle|1:howl|1:sand_attack|1:bite|17:odor_sleuth|22:roar|27:swagger|32:scary_face|37:take_down|42:taunt|47:crunch|52:thief;;;262;Mordisco;1;37;gris;50;no;Siempre obedece a los buenos Entrenadores. Está acostumbrado a vivir en jaurías en estado salvaje.;quick_feet;moxie;attract|dig|double_team|facade|frustration|hidden_power|hyper_beam|iron_tail|protect|rain_dance|rest|return|roar|rock_smash|secret_power|shadow_ball|snatch|strength|sunny_day|taunt|thief|torment|toxic;body_slam|counter|double_edge|endure|mimic|mud_slap|psych_up|sleep_talk|snore|substitute|swagger;astonish|covet|leer|poison_fang|yawn;ground
milotic;Milotic;water;95;60;79;100;125;81;marvel_scale;erratic;189;60;sp_defense:2;1:water_gun|5:wrap|10:water_sport|15:refresh|20:water_pulse|25:twister|30:recover|35:rain_dance|40:hydro_pump|45:attract|50:safeguard;;;350;Tierno;6,2;162;rosa;50;no;Milotic es impresionantemente bello. Quienes lo ven, temen perder las ganas de luchar contra él.;competitive;cute_charm;attract|blizzard|dive|double_team|facade|frustration|hail|hidden_power|hyper_beam|ice_beam|iron_tail|protect|rain_dance|rest|return|safeguard|secret_power|surf|toxic|water_pulse|waterfall;body_slam|double_edge|endure|icy_wind|mimic|mud_slap|psych_up|sleep_talk|snore|substitute|swagger|swift;confuse_ray|dragon_breath|hypnosis|light_screen|mirror_coat|mud_sport;water1|dragon
miltank;Miltank;normal;95;80;105;40;70;100;thick_fat;slow;172;45;defense:2;1:tackle|4:growl|8:defense_curl|13:stomp|19:milk_drink|26:bide|34:rollout|43:body_slam|53:heal_bell;;;241;Lechera;1,2;75,5;rosa;100;no;Si tiene crías, la leche que produce contiene muchos más nutrientes de lo normal.;scrappy;sap_sipper;attract|blizzard|curse|defense_curl|double_team|dynamic_punch|earthquake|endure|fire_punch|frustration|headbutt|hidden_power|hyper_beam|ice_punch|icy_wind|iron_tail|mud_slap|protect|psych_up|rain_dance|rest|return|rock_smash|rollout|sandstorm|shadow_ball|sleep_talk|snore|strength|sunny_day|surf|swagger|sweet_scent|thunder|thunder_punch|toxic|zap_cannon;ice_beam|thunderbolt;present|reversal|seismic_toss;ground
mime_jr;Mime Jr.;psychic|fairy;20;25;45;70;90;60;soundproof;medium_fast;62;145;sp_defense:1;1:tickle|1:barrier|1:confusion|4:copycat|8:meditate|11:encore|15:double_slap|18:mimic|22:light_screen|22:reflect|25:psybeam|29:substitute|32:recycle|36:trick|39:psychic|43:role_play|46:baton_pass|50:safeguard;mr_mime@subir+sabe:mimic;;439;Mimo;0,6;13;rosa;50;no;Desconcierta a sus rivales imitando sus movimientos a la perfección y aprovecha para darse a la fuga.;filter;technician;attract|brick_break|calm_mind|captivate|charge_beam|double_team|drain_punch|dream_eater|endure|facade|flash|fling|focus_punch|frustration|grass_knot|hidden_power|light_screen|natural_gift|protect|psych_up|psychic|rain_dance|recycle|reflect|rest|return|safeguard|secret_power|shadow_ball|shock_wave|skill_swap|sleep_talk|snatch|solar_beam|substitute|sunny_day|swagger|taunt|thief|thunder|thunder_wave|thunderbolt|torment|toxic|trick_room;helping_hand|mud_slap|signal_beam|snore|trick|uproar;charm|confuse_ray|fake_out|future_sight|healing_wish|hypnosis|mimic|psych_up|teeter_dance|trick|wake_up_slap;no_eggs
minun;Minun;electric;60;40;50;75;85;95;minus;medium_fast;142;200;speed:1;1:growl|4:thunder_wave|10:quick_attack|13:helping_hand|19:spark|22:encore|28:charm|31:charge|37:thunder|40:baton_pass|47:agility;;;312;Ánimo;0,4;4,2;amarillo;50;no;La electricidad de Minun y Plusle es buena para la circulación y para desentumecer músculos.;;volt_absorb;attract|double_team|facade|flash|frustration|hidden_power|iron_tail|light_screen|protect|rain_dance|rest|return|secret_power|shock_wave|thunder|thunderbolt|toxic;body_slam|counter|defense_curl|double_edge|dynamic_punch|endure|mega_kick|mega_punch|metronome|mimic|mud_slap|rollout|seismic_toss|sleep_talk|snore|substitute|swagger|swift|thunder_punch|thunder_wave;substitute|wish;fairy
misdreavus;Misdreavus;ghost;60;60;60;85;85;85;levitate;fast;87;45;sp_defense:1;1:growl|1:psywave|6:spite|12:confuse_ray|19:mean_look|27:psybeam|36:pain_split|46:perish_song;mismagius@objeto:dusk_stone;;200;Chirrido;0,7;1;gris;50;no;Se deleita con el miedo, que absorbe con sus esferas rojas. Por el día, duerme en la oscuridad.;;;attract|curse|defense_curl|double_team|dream_eater|endure|flash|frustration|headbutt|hidden_power|nightmare|protect|psych_up|psychic|rain_dance|rest|return|shadow_ball|sleep_talk|snore|sunny_day|swagger|swift|thief|thunder|toxic|zap_cannon;thunderbolt;destiny_bond|screech;indeterminate
mismagius;Mismagius;ghost;60;60;60;105;105;105;levitate;fast;173;45;sp_attack:1|sp_defense:1;1:lucky_chant|1:magical_leaf|1:growl|1:psywave|1:spite|1:astonish;;;429;Mágico;0,9;4,4;morado;50;no;Recita cánticos. Algunos de ellos atormentan a sus rivales, mientras que otros producen felicidad.;;;aerial_ace|attract|calm_mind|captivate|charge_beam|dark_pulse|double_team|dream_eater|embargo|endure|energy_ball|facade|flash|frustration|giga_impact|hidden_power|hyper_beam|natural_gift|payback|protect|psych_up|psychic|rain_dance|rest|return|secret_power|shadow_ball|shock_wave|skill_swap|sleep_talk|snatch|substitute|sunny_day|swagger|taunt|thief|thunder|thunder_wave|thunderbolt|torment|toxic|trick_room|will_o_wisp;icy_wind|ominous_wind|snore|spite|sucker_punch|swift|trick|uproar;destiny_bond|screech;indeterminate
moltres;Moltres;fire|flying;90;100;90;125;85;90;pressure;slow;261;3;sp_attack:3;1:wing_attack|1:ember|13:fire_spin|25:agility|37:endure|49:flamethrower|61:safeguard|73:sky_attack;;;146;Llama;2;60;amarillo;sin_genero;si;Es más conocido como el legendario pájaro de fuego. Con cada aleteo crea brillantes llamas.;;flame_body;curse|detect|double_team|endure|fire_blast|fly|frustration|hidden_power|hyper_beam|mud_slap|protect|rain_dance|rest|return|roar|rock_smash|sandstorm|sleep_talk|snore|steel_wing|sunny_day|swagger|swift|toxic;flamethrower;;no_eggs
monferno;Monferno;fire|fighting;64;78;52;78;52;81;blaze;medium_slow;142;45;sp_attack:1|speed:1;1:scratch|1:leer|1:ember|9:taunt|14:mach_punch|16:fury_swipes|19:flame_wheel|26:feint|29:torment|36:close_combat|39:fire_spin|46:slack_off|49:flare_blitz;infernape@36;;391;Juguetón;0,9;22;marrón;12,5;no;Controla hábilmente la intensidad del fuego de su cola para mantener al enemigo a una distancia ideal.;;iron_fist;aerial_ace|attract|brick_break|bulk_up|captivate|cut|dig|double_team|endure|facade|fire_blast|flamethrower|fling|focus_blast|focus_punch|frustration|grass_knot|hidden_power|iron_tail|natural_gift|overheat|poison_jab|protect|rest|return|rock_climb|rock_slide|rock_smash|rock_tomb|secret_power|shadow_claw|sleep_talk|stealth_rock|strength|substitute|sunny_day|swagger|swords_dance|taunt|torment|toxic|u_turn|will_o_wisp;endeavor|fire_punch|gunk_shot|heat_wave|helping_hand|mud_slap|rollout|snore|swift|thunder_punch|vacuum_wave;blaze_kick|counter|double_kick|encore|fake_out|fire_punch|focus_energy|heat_wave|helping_hand|thunder_punch;ground|humanshape
mothim;Mothim;bug|flying;70;94;50;94;50;66;swarm;medium_fast;148;45;attack:1|sp_attack:1;1:tackle|10:protect|15:bug_bite|20:hidden_power|23:confusion|26:gust|29:poison_powder|32:psybeam|35:camouflage|38:silver_wind|41:air_slash|44:psychic|47:bug_buzz;;;414;Polilla;0,9;23,3;amarillo;0;no;Le encanta la miel de las flores y roba la que recoge Combee.;;tinted_lens;aerial_ace|attract|captivate|defog|double_team|dream_eater|endure|energy_ball|facade|flash|frustration|giga_drain|giga_impact|hidden_power|hyper_beam|natural_gift|protect|psych_up|psychic|rain_dance|rest|return|roost|safeguard|secret_power|shadow_ball|silver_wind|skill_swap|sleep_talk|solar_beam|substitute|sunny_day|swagger|thief|toxic|u_turn;air_cutter|mud_slap|ominous_wind|signal_beam|snore|swift|twister;;bug
mr_mime;Mr. Mime;psychic|fairy;40;45;65;100;120;90;soundproof;medium_fast;161;45;sp_defense:2;1:barrier|6:confusion|11:substitute|16:meditate|21:double_slap|26:light_screen|26:reflect|31:encore|36:psybeam|41:baton_pass|46:safeguard;;;122;Barrera;1,3;54,5;rosa;50;no;Para repeler ataques, solidifica el aire y crea muros invisibles con emanaciones de sus dedos.;filter;technician;attract|curse|double_team|dream_eater|dynamic_punch|endure|fire_punch|flash|frustration|headbutt|hidden_power|hyper_beam|ice_punch|mud_slap|nightmare|protect|psych_up|psychic|rest|return|shadow_ball|sleep_talk|snore|solar_beam|sunny_day|swagger|thief|thunder|thunder_punch|toxic|zap_cannon;thunderbolt;future_sight|hypnosis|mimic;humanshape
mudkip;Mudkip;water;50;70;50;50;50;40;torrent;medium_slow;62;45;attack:1;1:tackle|1:growl|6:mud_slap|10:water_gun|15:bide|19:foresight|24:mud_sport|28:take_down|33:whirlpool|37:protect|42:hydro_pump|46:endeavor;marshtomp@16;;258;Pez Lodo;0,4;7,6;azul;12,5;no;Tiene una larga cola que le propulsa por el agua con mucha potencia. A pesar de ser pequeño, tiene mucha fuerza.;;damp;attract|blizzard|dig|dive|double_team|facade|frustration|hail|hidden_power|ice_beam|iron_tail|protect|rain_dance|rest|return|rock_smash|rock_tomb|secret_power|strength|surf|toxic|water_pulse|waterfall;body_slam|defense_curl|double_edge|endure|icy_wind|mimic|mud_slap|rollout|sleep_talk|snore|substitute|swagger;curse|ice_ball|mirror_coat|refresh|stomp|uproar;monster|water1
muk;Muk;poison;105;105;75;65;100;50;stench;medium_fast;175;75;hp:1|attack:1;1:poison_gas|1:pound|1:harden|23:minimize|31:screech|37:disable|45:acid_armor|45:sludge|60:sludge_bomb;;;89;Lodo;1,2;30;morado;50;no;Les encanta reunirse en zonas apestosas donde se acumula el lodo, haciendo su olor más insoportable.;sticky_hold;poison_touch;attract|curse|double_team|dynamic_punch|endure|fire_blast|fire_punch|frustration|giga_drain|hidden_power|hyper_beam|ice_punch|mud_slap|protect|rest|return|sleep_talk|sludge_bomb|snore|sunny_day|swagger|thief|thunder|thunder_punch|toxic|zap_cannon;flamethrower|thunderbolt;haze|lick|mean_look;indeterminate
munchlax;Munchlax;normal;135;85;40;40;85;5;pickup;slow;78;50;hp:1;1:metronome|1:odor_sleuth|1:tackle|4:defense_curl|9:amnesia|12:lick|17:recycle|20:screech|25:stockpile|28:swallow|33:body_slam|36:fling|41:rollout|44:natural_gift|49:last_resort;snorlax@amistad;;446;Comilón;0,6;105;negro;12,5;no;Esconde comida bajo el largo pelo de su cuerpo, pero más tarde lo olvida.;thick_fat;gluttony;attract|blizzard|brick_break|captivate|double_team|earthquake|endure|facade|fire_blast|flamethrower|fling|focus_punch|frustration|hidden_power|ice_beam|natural_gift|protect|psychic|rain_dance|recycle|rest|return|rock_climb|rock_slide|rock_smash|rock_tomb|sandstorm|secret_power|shadow_ball|shock_wave|sleep_talk|solar_beam|strength|substitute|sunny_day|surf|swagger|thunder|thunderbolt|toxic|water_pulse;fire_punch|gunk_shot|ice_punch|icy_wind|last_resort|mud_slap|rollout|seed_bomb|snore|superpower|thunder_punch|uproar|zen_headbutt;charm|curse|double_edge|lick|pursuit|substitute|whirlwind|zen_headbutt;no_eggs
murkrow;Murkrow;dark|flying;60;85;42;85;42;91;insomnia;medium_slow;81;30;speed:1;1:peck|11:pursuit|16:haze|26:night_shade|31:feint_attack|41:mean_look;honchkrow@objeto:dusk_stone;;198;Oscuridad;0,5;2,1;negro;50;no;Esconde objetos brillantes en un lugar secreto. Meowth y Murkrow suelen saquear su escondite.;super_luck;prankster;attract|curse|detect|double_team|dream_eater|endure|fly|frustration|hidden_power|icy_wind|mud_slap|nightmare|protect|psych_up|rest|return|shadow_ball|sleep_talk|snore|steel_wing|sunny_day|swagger|swift|thief|toxic;;drill_peck|mirror_move|quick_attack|sky_attack|whirlwind|wing_attack;flying
natu;Natu;psychic|flying;40;50;45;70;45;70;synchronize;medium_fast;64;190;sp_attack:1;1:peck|1:leer|10:night_shade|20:teleport|30:future_sight|40:confuse_ray|50:psychic;xatu@25;;177;Pajarito;0,2;2;verde;50;no;Va dando saltitos porque sus alas no han crecido lo suficiente. Siempre está pendiente de algo.;early_bird;magic_bounce;attract|curse|detect|double_team|dream_eater|endure|flash|frustration|giga_drain|hidden_power|nightmare|protect|psych_up|psychic|rest|return|sleep_talk|snore|solar_beam|sunny_day|swagger|swift|thief|toxic;;drill_peck|feint_attack|haze|quick_attack|steel_wing;flying
nidoking;Nidoking;poison|ground;81;102;77;85;75;85;poison_point;medium_slow;227;45;attack:3;1:tackle|1:horn_attack|1:double_kick|1:poison_sting|23:thrash;;;34;Taladro;1,4;62;morado;0;no;Es fácil reconocerlo por tener una dura piel y un gran cuerno lleno de peligrosísimo veneno.;rivalry;sheer_force;attract|blizzard|curse|defense_curl|detect|double_team|dynamic_punch|earthquake|endure|fire_blast|fire_punch|frustration|fury_cutter|headbutt|hidden_power|hyper_beam|ice_punch|icy_wind|iron_tail|mud_slap|protect|rain_dance|rest|return|roar|rock_smash|sandstorm|shadow_ball|sleep_talk|snore|strength|sunny_day|surf|swagger|thief|thunder|thunder_punch|toxic;flamethrower|ice_beam|thunderbolt;amnesia|beat_up|confusion|counter|disable|supersonic|take_down;monster|ground
nidoqueen;Nidoqueen;poison|ground;90;92;87;75;85;76;poison_point;medium_slow;227;45;hp:3;1:tackle|1:scratch|1:double_kick|1:tail_whip|23:body_slam;;;31;Taladro;1,3;60;azul;100;no;Usa su cuerpo duro y escamoso para sellar la entrada a su madriguera y protegerse de los depredadores.;rivalry;sheer_force;attract|blizzard|curse|defense_curl|detect|double_team|dynamic_punch|earthquake|endure|fire_blast|fire_punch|frustration|fury_cutter|headbutt|hidden_power|hyper_beam|ice_punch|icy_wind|iron_tail|mud_slap|protect|rain_dance|rest|return|roar|rock_smash|sandstorm|shadow_ball|sleep_talk|snore|strength|sunny_day|surf|swagger|thief|thunder|thunder_punch|toxic;flamethrower|ice_beam|thunderbolt;beat_up|charm|counter|disable|focus_energy|supersonic|take_down;no_eggs
nidoran_f;Nidoran♀;poison;55;47;52;40;40;41;poison_point;medium_slow;55;235;hp:1;1:growl|1:tackle|8:scratch|12:double_kick|17:poison_sting|23:tail_whip|30:bite|38:fury_swipes;nidorina@16;;29;Pin Veneno;0,4;7;azul;100;no;Aunque pequeñas, sus venenosas púas son muy peligrosas. Tienen un cuerno más pequeño que los machos.;rivalry;hustle;attract|blizzard|curse|defense_curl|detect|double_team|endure|frustration|headbutt|hidden_power|iron_tail|mud_slap|protect|rain_dance|rest|return|sleep_talk|snore|sunny_day|swagger|thief|thunder|toxic;thunderbolt;beat_up|charm|counter|disable|focus_energy|supersonic|take_down;monster|ground
nidoran_m;Nidoran♂;poison;46;57;40;40;40;50;poison_point;medium_slow;55;235;attack:1;1:leer|1:tackle|8:horn_attack|12:double_kick|17:poison_sting|23:focus_energy|30:fury_attack|38:horn_drill;nidorino@16;;32;Pin Veneno;0,5;9;morado;0;no;Saca las orejas por encima de la hierba para explorar el territorio. Le protege su cuerno venenoso.;rivalry;hustle;attract|blizzard|curse|defense_curl|detect|double_team|endure|frustration|headbutt|hidden_power|iron_tail|mud_slap|protect|rain_dance|rest|return|sleep_talk|snore|sunny_day|swagger|thief|thunder|toxic;thunderbolt;amnesia|beat_up|confusion|counter|disable|supersonic|take_down;monster|ground
nidorina;Nidorina;poison;70;62;67;55;55;56;poison_point;medium_slow;128;120;hp:2;1:growl|1:tackle|8:scratch|12:double_kick|19:poison_sting|27:tail_whip|36:bite|46:fury_swipes;nidoqueen@objeto:moon_stone;;30;Pin Veneno;0,8;20;azul;100;no;Tiene un carácter afable. Emite ondas ultrasónicas para confundir al enemigo.;rivalry;hustle;attract|blizzard|curse|defense_curl|detect|double_team|endure|frustration|headbutt|hidden_power|iron_tail|mud_slap|protect|rain_dance|rest|return|rock_smash|sleep_talk|snore|strength|sunny_day|swagger|thief|thunder|toxic;ice_beam|thunderbolt;beat_up|charm|counter|disable|focus_energy|supersonic|take_down;no_eggs
nidorino;Nidorino;poison;61;72;57;55;55;65;poison_point;medium_slow;128;120;attack:2;1:leer|1:tackle|8:horn_attack|12:double_kick|19:poison_sting|27:focus_energy|36:fury_attack|46:horn_drill;nidoking@objeto:moon_stone;;33;Pin Veneno;0,9;19,5;morado;0;no;Levanta sus grandes orejas para vigilar. Si detecta algo, atacará de inmediato.;rivalry;hustle;attract|blizzard|curse|defense_curl|detect|double_team|endure|frustration|headbutt|hidden_power|iron_tail|mud_slap|protect|rain_dance|rest|return|rock_smash|sleep_talk|snore|strength|sunny_day|swagger|thief|thunder|toxic;ice_beam|thunderbolt;amnesia|beat_up|confusion|counter|disable|supersonic|take_down;monster|ground
nincada;Nincada;bug|ground;31;45;90;30;30;40;compound_eyes;erratic;53;255;defense:1;1:scratch|1:harden|5:leech_life|9:sand_attack|14:fury_swipes|19:mind_reader|25:false_swipe|31:mud_slap|38:metal_claw|45:dig;ninjask@20;;290;Aprendiz;0,5;5,5;gris;50;no;Como se ha pasado casi toda la vida viviendo bajo tierra, no ve bien. Las antenas que tiene le ayudan a orientarse.;;run_away;aerial_ace|cut|dig|double_team|facade|flash|frustration|giga_drain|hidden_power|protect|rest|return|sandstorm|secret_power|shadow_ball|solar_beam|sunny_day|toxic;double_edge|endure|fury_cutter|mimic|mud_slap|sleep_talk|snore|substitute|swagger;endure|feint_attack|gust|silver_wind;bug
ninetales;Ninetales;fire;73;76;75;81;100;100;flash_fire;medium_fast;177;75;sp_defense:1|speed:1;1:ember|1:quick_attack|1:confuse_ray|1:safeguard|43:fire_spin;;;38;Zorro;1,1;19,9;amarillo;75;no;Tiene nueve colas y un pelaje de color dorado. Dicen que este Pokémon llega a vivir 1000 años.;;drought;attract|curse|dig|double_team|endure|fire_blast|frustration|headbutt|hidden_power|hyper_beam|iron_tail|protect|rest|return|roar|sleep_talk|snore|sunny_day|swagger|swift|toxic;flamethrower;disable|feint_attack|flail|hypnosis|spite;ground
ninjask;Ninjask;bug|flying;61;90;45;50;50;160;speed_boost;erratic;160;120;speed:2;1:scratch|1:harden|1:leech_life|1:sand_attack|14:fury_swipes|19:mind_reader|20:double_team|20:fury_cutter|20:screech|25:swords_dance|31:slash|38:agility|45:baton_pass;;;291;Ninja;0,8;12;amarillo;50;no;Escuchar su zumbido de forma continuada provoca jaquecas. Casi no se le ve de lo rápido que es.;;infiltrator;aerial_ace|attract|cut|dig|double_team|facade|flash|frustration|giga_drain|hidden_power|hyper_beam|protect|rest|return|sandstorm|secret_power|shadow_ball|solar_beam|sunny_day|thief|toxic;double_edge|endure|fury_cutter|mimic|mud_slap|sleep_talk|snore|substitute|swagger|swift|swords_dance;endure|feint_attack|gust|silver_wind;bug
noctowl;Noctowl;normal|flying;100;50;50;86;96;70;insomnia;medium_fast;158;90;hp:2;1:tackle|1:growl|1:foresight|1:peck|16:hypnosis|25:reflect|33:take_down|41:confusion|57:dream_eater;;;164;Búho;1,6;40,8;marrón;50;no;Sus ojos están especialmente adaptados. Concentran la luz para poder ver en la oscuridad.;keen_eye;tinted_lens;attract|curse|detect|double_team|dream_eater|endure|flash|fly|frustration|hidden_power|hyper_beam|mud_slap|nightmare|protect|rest|return|sleep_talk|snore|steel_wing|sunny_day|swagger|swift|thief|toxic;;feint_attack|mirror_move|sky_attack|supersonic|whirlwind|wing_attack;flying
nosepass;Nosepass;rock;30;45;135;45;90;30;sturdy;medium_fast;75;255;defense:1;1:tackle|7:harden|13:rock_throw|16:block|22:thunder_wave|28:rock_slide|31:sandstorm|37:rest|43:zap_cannon|46:lock_on;probopass@subir+lugar:mt_coronet;;299;Brújula;1;97;gris;50;no;Siempre apunta al norte con su nariz imantada. Con ella reviste su cuerpo de objetos metálicos para protegerse.;magnet_pull;sand_force;attract|double_team|earthquake|facade|frustration|hidden_power|protect|rest|return|rock_smash|rock_tomb|sandstorm|secret_power|shock_wave|strength|sunny_day|taunt|thunder|thunderbolt|torment|toxic;body_slam|defense_curl|double_edge|dynamic_punch|endure|explosion|fire_punch|ice_punch|mimic|mud_slap|rock_slide|rollout|sleep_talk|snore|substitute|swagger|thunder_punch|thunder_wave;explosion|magnitude|rollout;mineral
numel;Numel;fire|ground;60;60;40;65;45;35;oblivious;medium_fast;61;255;sp_attack:1;1:growl|1:tackle|11:ember|19:magnitude|25:focus_energy|29:take_down|31:amnesia|35:earthquake|41:flamethrower|49:double_edge;camerupt@33;;322;Torpe;0,7;24;amarillo;50;no;En su joroba almacena magma ardiente que se enfría cuando llueve y lo ralentiza.;simple;own_tempo;attract|dig|double_team|earthquake|facade|fire_blast|flamethrower|frustration|hidden_power|overheat|protect|rest|return|rock_smash|rock_tomb|sandstorm|secret_power|strength|sunny_day|toxic;body_slam|defense_curl|double_edge|endure|mimic|mud_slap|rock_slide|rollout|sleep_talk|snore|substitute|swagger;body_slam|defense_curl|howl|rollout|scary_face|stomp;ground
nuzleaf;Nuzleaf;grass|dark;70;70;40;60;40;60;chlorophyll;medium_slow;119;120;attack:2;1:pound|3:harden|7:growth|13:nature_power|19:fake_out|25:torment|31:feint_attack|37:razor_wind|43:swagger|49:extrasensory;shiftry@objeto:leaf_stone;;274;Astuto;1;28;marrón;50;no;Cuando usa la hoja de su cabeza como flauta, asusta a la gente. Vive en lo más profundo de los bosques.;early_bird;pickpocket;attract|brick_break|bullet_seed|cut|dig|double_team|facade|flash|frustration|giga_drain|hidden_power|hyper_beam|protect|rest|return|rock_smash|rock_tomb|secret_power|shadow_ball|solar_beam|strength|sunny_day|thief|torment|toxic;body_slam|defense_curl|double_edge|endure|explosion|fury_cutter|mega_kick|mimic|mud_slap|psych_up|rollout|sleep_talk|snore|substitute|swagger|swift|swords_dance;amnesia|false_swipe|leech_seed|quick_attack|razor_wind|take_down;ground|plant
octillery;Octillery;water;75;105;75;105;75;45;suction_cups;medium_fast;168;75;attack:1|sp_attack:1;1:water_gun|11:constrict|22:psybeam|22:aurora_beam|22:bubble_beam|25:octazooka|38:focus_energy|54:ice_beam|70:hyper_beam;;;224;Reactor;0,9;28,5;rojo;50;no;Tiene querencia por los agujeros. Ataca escupiendo tinta metido en las grietas de rocas o en recipientes.;sniper;moody;attract|curse|defense_curl|double_team|endure|frustration|hidden_power|hyper_beam|mud_slap|protect|rain_dance|rest|return|sleep_talk|snore|surf|swagger|swift|thief|toxic|whirlpool;flamethrower|ice_beam;aurora_beam|haze|octazooka|screech|supersonic;water1|water2
oddish;Oddish;grass|poison;45;50;55;75;65;30;chlorophyll;medium_slow;64;255;sp_attack:1;1:absorb|7:sweet_scent|14:poison_powder|16:stun_spore|18:sleep_powder|23:acid|32:moonlight|39:petal_dance;gloom@21;;43;Hierbajo;0,5;5,4;azul;50;no;Durante el día, se agazapa en el frío subsuelo huyendo del sol. La luz de la luna le hace crecer mucho.;;run_away;attract|curse|cut|double_team|endure|flash|frustration|giga_drain|hidden_power|protect|rest|return|sleep_talk|sludge_bomb|snore|solar_beam|sunny_day|swagger|sweet_scent|toxic;;flail|razor_leaf|swords_dance|synthesis;plant
omanyte;Omanyte;rock|water;35;40;100;90;55;35;swift_swim;medium_fast;71;45;defense:1;1:constrict|1:withdraw|13:bite|19:water_gun|31:leer|37:protect|49:ancient_power|55:hydro_pump;omastar@40;;138;Espiral;0,4;7,5;azul;12,5;no;Pokémon prehistórico que vivió en el océano primordial. Para nadar se valía de sus 10 tentáculos.;shell_armor;weak_armor;attract|blizzard|curse|double_team|endure|frustration|headbutt|hidden_power|icy_wind|protect|rain_dance|rest|return|rock_smash|rollout|sandstorm|sleep_talk|snore|surf|swagger|thief|toxic|whirlpool;ice_beam;aurora_beam|bubble_beam|haze|slam|supersonic;water1|water3
omastar;Omastar;rock|water;70;60;125;115;70;55;swift_swim;medium_fast;173;45;defense:2;1:constrict|1:withdraw|1:bite|19:water_gun|31:leer|37:protect|40:spike_cannon|54:ancient_power|65:hydro_pump;;;139;Espiral;1;35;azul;12,5;no;Tiene los tentáculos tan desarrollados que le sirven de manos y pies. Con ellos atrapa a su presa y le da un bocado.;shell_armor;weak_armor;attract|blizzard|curse|double_team|endure|frustration|headbutt|hidden_power|hyper_beam|icy_wind|protect|rain_dance|rest|return|rock_smash|rollout|sandstorm|sleep_talk|snore|surf|swagger|thief|toxic|whirlpool;ice_beam;aurora_beam|bubble_beam|haze|slam|supersonic;water1|water3
onix;Onix;rock|ground;35;45;160;30;45;70;rock_head;medium_fast;77;45;defense:1;1:tackle|1:screech|10:bind|14:rock_throw|23:harden|27:rage|36:sandstorm|40:slam;steelix@intercambio:metal_coat;;95;Serpiente Roca;8,8;210;gris;50;no;Cava a gran velocidad en busca de comida. Los túneles que deja son usados por los Diglett.;sturdy;weak_armor;attract|curse|dig|double_team|earthquake|endure|frustration|headbutt|hidden_power|iron_tail|mud_slap|protect|rest|return|roar|rock_smash|sandstorm|sleep_talk|snore|strength|sunny_day|swagger|toxic;;flail|rock_slide;mineral
pachirisu;Pachirisu;electric;60;45;70;45;90;95;run_away;medium_fast;142;200;speed:1;1:growl|1:bide|5:quick_attack|9:charm|13:spark|17:endure|21:swift|25:sweet_kiss|29:discharge|33:super_fang|37:last_resort;;;417;Ardillalec;0,4;3,9;blanco;50;no;Crea bolas de pelo que crepitan con electricidad estática. Las almacena en agujeros de árboles.;pickup;volt_absorb;attract|captivate|charge_beam|cut|dig|double_team|endure|facade|flash|fling|frustration|grass_knot|hidden_power|iron_tail|light_screen|natural_gift|protect|rain_dance|rest|return|secret_power|shock_wave|sleep_talk|substitute|swagger|thunder|thunder_wave|thunderbolt|toxic|u_turn;gunk_shot|helping_hand|last_resort|magnet_rise|mud_slap|rollout|seed_bomb|snore|swift|thunder_punch|uproar;bite|covet|defense_curl|fake_tears|flail|flatter|rollout;ground|fairy
palkia;Palkia;water|dragon;90;120;100;150;120;100;pressure;slow;306;3;sp_attack:3;1:dragon_breath|1:scary_face|10:water_pulse|20:ancient_power|30:dragon_claw|40:spacial_rend|50:heal_block|60:earth_power|70:slash|80:aqua_tail|90:aura_sphere;;;484;Espacial;4,2;336;morado;sin_genero;si;Se dice que vive en una dimensión espacial paralela. Aparece en la mitología.;;telepathy;aerial_ace|avalanche|blizzard|brick_break|brine|bulk_up|cut|double_team|dragon_claw|dragon_pulse|earthquake|endure|facade|fire_blast|flamethrower|fling|focus_blast|focus_punch|frustration|giga_impact|hail|hidden_power|hyper_beam|ice_beam|natural_gift|protect|psych_up|rain_dance|rest|return|roar|rock_slide|rock_smash|rock_tomb|safeguard|sandstorm|secret_power|shadow_claw|shock_wave|sleep_talk|stone_edge|strength|substitute|sunny_day|surf|swagger|thunder|thunder_wave|thunderbolt|toxic|trick_room|water_pulse;ancient_power|aqua_tail|dive|draco_meteor|earth_power|fury_cutter|mud_slap|outrage|snore|swift|twister;;no_eggs
paras;Paras;bug|grass;35;70;55;45;55;25;effect_spore;medium_fast;57;190;attack:1;1:scratch|7:stun_spore|13:poison_powder|19:leech_life|25:spore|31:slash|37:growth|43:giga_drain;parasect@24;;46;Hongo;0,3;5,4;rojo;50;no;Lleva en el lomo dos setas parásitas llamadas tochukaso, que crecen con él.;dry_skin;damp;attract|curse|cut|dig|double_team|endure|flash|frustration|fury_cutter|giga_drain|hidden_power|protect|rest|return|rock_smash|sleep_talk|sludge_bomb|snore|solar_beam|sunny_day|swagger|sweet_scent|thief|toxic;;counter|false_swipe|flail|light_screen|psybeam|pursuit|screech;bug|plant
parasect;Parasect;bug|grass;60;95;80;60;80;30;effect_spore;medium_fast;142;75;attack:2|defense:1;1:scratch|1:stun_spore|1:poison_powder|19:leech_life|28:spore|37:slash|46:growth|55:giga_drain;;;47;Hongo;1;29,5;rojo;50;no;Parasect está dominado por una seta parásita mayor que él. Dispersa esporas venenosas.;dry_skin;damp;attract|curse|cut|dig|double_team|endure|flash|frustration|fury_cutter|giga_drain|hidden_power|hyper_beam|protect|rest|return|rock_smash|sleep_talk|sludge_bomb|snore|solar_beam|sunny_day|swagger|sweet_scent|thief|toxic;;counter|false_swipe|flail|light_screen|psybeam|pursuit|screech;bug|plant
pelipper;Pelipper;water|flying;60;50;100;95;70;65;keen_eye;medium_fast;154;45;defense:2;1:growl|1:water_gun|1:water_sport|1:wing_attack|7:supersonic|21:mist|25:protect|33:stockpile|33:swallow|47:spit_up|61:hydro_pump;;;279;Ave Agua;1,2;28;amarillo;50;no;Hunde su gran pico en el mar para sacar numerosas presas junto con mucha agua.;drizzle;rain_dish;aerial_ace|attract|blizzard|double_team|facade|fly|frustration|hail|hidden_power|hyper_beam|ice_beam|protect|rain_dance|rest|return|secret_power|shock_wave|steel_wing|surf|thief|toxic|water_pulse;double_edge|endure|icy_wind|mimic|mud_slap|sleep_talk|snore|substitute|swagger|swift;agility|gust|mist|twister|water_sport;water1|flying
persian;Persian;normal;65;70;60;65;65;115;limber;medium_fast;154;90;speed:2;1:scratch|1:growl|1:bite|20:pay_day|29:feint_attack|38:screech|46:fury_swipes|53:slash;;;53;Gato Fino;1;32;amarillo;50;no;Aunque es muy admirado por el pelo, es difícil de entrenar como mascota, porque es un poco travieso.;technician;unnerve;attract|curse|defense_curl|detect|double_team|dream_eater|endure|frustration|headbutt|hidden_power|hyper_beam|icy_wind|iron_tail|mud_slap|nightmare|protect|psych_up|rest|return|roar|shadow_ball|sleep_talk|snore|sunny_day|swagger|swift|thief|thunder|toxic|zap_cannon;thunderbolt;amnesia|charm|hypnosis|spite;ground
phanpy;Phanpy;ground;90;60;60;40;40;40;pickup;medium_fast;66;120;hp:1;1:tackle|1:growl|9:defense_curl|17:flail|25:take_down|33:rollout|41:endure|49:double_edge;donphan@25;;231;Narizotas;0,5;33,5;azul;50;no;Como muestra de afecto, golpea con su trompa. Aunque es tan fuerte que te mandará lejos.;;sand_veil;attract|curse|defense_curl|double_team|earthquake|endure|frustration|headbutt|hidden_power|mud_slap|protect|rest|return|roar|rock_smash|rollout|sandstorm|sleep_talk|snore|strength|sunny_day|swagger|toxic;;ancient_power|body_slam|focus_energy|water_gun;ground
phione;Phione;water;80;80;80;80;80;80;hydration;slow;216;30;hp:1;1:bubble|1:water_sport|9:charm|16:supersonic|24:bubble_beam|31:acid_armor|39:whirlpool|46:water_pulse|54:aqua_ring|61:dive|69:rain_dance;;;489;Marino;0,4;3,1;azul;sin_genero;si;Si sube la temperatura del mar, infla el flotador de su cabeza y flota en grupo en la superficie.;;;blizzard|brine|double_team|endure|facade|fling|frustration|grass_knot|hail|hidden_power|ice_beam|natural_gift|protect|psych_up|rain_dance|rest|return|safeguard|secret_power|sleep_talk|substitute|surf|swagger|toxic|u_turn|water_pulse|waterfall;ancient_power|bounce|dive|helping_hand|icy_wind|knock_off|last_resort|mud_slap|signal_beam|snore|swift|uproar;;water1|fairy
pichu;Pichu;electric;20;40;15;35;35;60;static;medium_fast;41;190;speed:1;1:thunder_shock|1:charm|6:tail_whip|8:thunder_wave|11:sweet_kiss;pikachu@amistad;;172;Ratoncito;0,3;2;amarillo;50;no;Cuando juegan, se tocan las colas y emiten chispas. Al parecer, es una prueba de valor.;;lightning_rod;attract|curse|defense_curl|detect|double_team|endure|flash|frustration|headbutt|hidden_power|iron_tail|mud_slap|protect|rain_dance|rest|return|rollout|sleep_talk|snore|swagger|swift|thunder|toxic|zap_cannon;thunderbolt;bide|double_slap|encore|present|reversal;no_eggs
pidgeot;Pidgeot;normal|flying;83;80;75;70;70;101;keen_eye;medium_slow;216;45;speed:3;1:tackle|1:sand_attack|1:gust|1:quick_attack|23:whirlwind|33:wing_attack|46:agility|61:mirror_move;;;18;Pájaro;1,5;39,5;marrón;50;no;Cuando caza, vuela muy deprisa a ras del agua y sorprende a inocentes presas como Magikarp.;tangled_feet;big_pecks;attract|curse|detect|double_team|endure|fly|frustration|hidden_power|hyper_beam|mud_slap|protect|rest|return|sleep_talk|snore|steel_wing|sunny_day|swagger|swift|thief|toxic;;feint_attack|foresight|pursuit;flying
pidgeotto;Pidgeotto;normal|flying;63;60;55;50;50;71;keen_eye;medium_slow;122;120;speed:2;1:tackle|1:sand_attack|1:gust|15:quick_attack|23:whirlwind|33:wing_attack|43:agility|55:mirror_move;pidgeot@36;;17;Pájaro;1,1;30;marrón;50;no;Tiene unas garras desarrolladas. Puede atrapar un Exeggcute y transportarlo desde una distancia de casi 100 km.;tangled_feet;big_pecks;attract|curse|detect|double_team|endure|fly|frustration|hidden_power|mud_slap|protect|rest|return|sleep_talk|snore|steel_wing|sunny_day|swagger|swift|thief|toxic;;feint_attack|foresight|pursuit;flying
pidgey;Pidgey;normal|flying;40;45;40;35;35;56;keen_eye;medium_slow;50;255;speed:1;1:tackle|5:sand_attack|9:gust|15:quick_attack|21:whirlwind|29:wing_attack|37:agility|47:mirror_move;pidgeotto@18;;16;Pajarito;0,3;1,8;marrón;50;no;Muy común en bosques y selvas. Aletea al nivel del suelo para levantar la gravilla.;tangled_feet;big_pecks;attract|curse|detect|double_team|endure|fly|frustration|hidden_power|mud_slap|protect|rest|return|sleep_talk|snore|steel_wing|sunny_day|swagger|swift|thief|toxic;;feint_attack|foresight|pursuit;flying
pikachu;Pikachu;electric;35;55;40;50;50;90;static;medium_fast;112;190;speed:2;1:thunder_shock|1:growl|6:tail_whip|8:thunder_wave|11:quick_attack|15:double_team|20:slam|26:thunderbolt|33:agility|41:thunder|50:light_screen;raichu@objeto:thunder_stone;;25;Ratón;0,4;6;amarillo;50;no;Levanta su cola para vigilar los alrededores. A veces, puede ser alcanzado por un rayo en esa pose.;;lightning_rod;attract|curse|defense_curl|detect|double_team|dynamic_punch|endure|flash|frustration|headbutt|hidden_power|iron_tail|mud_slap|protect|rain_dance|rest|return|rollout|sleep_talk|snore|strength|swagger|swift|thunder|thunder_punch|toxic|zap_cannon;thunderbolt;bide|double_slap|encore|present|reversal;ground|fairy
piloswine;Piloswine;ice|ground;100;100;80;60;60;50;oblivious;slow;158;75;hp:1|attack:1;1:horn_attack|1:powder_snow|1:endure|28:take_down|33:fury_attack|42:mist|56:blizzard|70:amnesia;mamoswine@subir+sabe:ancient_power;;221;Puerco;1,1;55,8;marrón;50;no;Aunque tiene las patas cortas, las fuertes pezuñas le permiten agarrarse bien al suelo, a pesar del hielo.;snow_cloak;thick_fat;attract|blizzard|curse|defense_curl|detect|double_team|earthquake|endure|frustration|headbutt|hidden_power|hyper_beam|icy_wind|mud_slap|protect|rain_dance|rest|return|roar|rock_smash|sleep_talk|snore|strength|swagger|toxic;ice_beam;ancient_power|bite|body_slam|rock_slide|take_down;ground
pineco;Pineco;bug;50;65;90;35;35;15;sturdy;medium_fast;58;190;defense:1;1:tackle|1:protect|8:self_destruct|15:take_down|22:rapid_spin|29:bide|36:explosion|43:spikes|50:double_edge;forretress@31;;204;Larva;0,6;7,2;gris;50;no;Le gusta engrosar su coraza añadiendo cortezas de árbol. El aumento de peso no le molesta.;;overcoat;attract|curse|defense_curl|double_team|endure|frustration|giga_drain|headbutt|hidden_power|protect|rest|return|rock_smash|rollout|sleep_talk|snore|solar_beam|strength|sunny_day|swagger|sweet_scent|toxic;;flail|pin_missile|reflect|swift;bug
pinsir;Pinsir;bug;65;125;100;55;70;85;hyper_cutter;slow;175;45;attack:2;1:vice_grip|7:focus_energy|13:bind|19:seismic_toss|25:harden|31:guillotine|37:submission|43:swords_dance;;;127;Escarabajo;1,5;55;marrón;50;no;Atrapa presas con sus pinzas hasta que las parte en dos. Lanza lejos lo que no puede quebrar.;mold_breaker;moxie;attract|curse|cut|double_team|endure|frustration|fury_cutter|headbutt|hidden_power|hyper_beam|protect|rest|return|rock_smash|sleep_talk|snore|strength|sunny_day|swagger|thief|toxic;;flail|fury_attack;bug
piplup;Piplup;water;53;51;53;61;56;40;torrent;medium_slow;63;45;sp_attack:1;1:pound|4:growl|8:bubble|11:water_sport|15:peck|18:bubble_beam|22:bide|25:fury_attack|29:brine|32:whirlpool|36:mist|39:drill_peck|43:hydro_pump;prinplup@16;;393;Pingüino;0,4;5,2;azul;12,5;no;No le gusta que lo cuiden. Como no aprecia el apoyo de su Entrenador, le cuesta coger confianza con él.;;competitive;aerial_ace|attract|blizzard|brick_break|brine|captivate|cut|defog|dig|double_team|endure|facade|fling|frustration|grass_knot|hail|hidden_power|ice_beam|natural_gift|pluck|protect|rain_dance|rest|return|rock_tomb|secret_power|sleep_talk|stealth_rock|substitute|surf|swagger|toxic|water_pulse|waterfall;dive|icy_wind|mud_slap|signal_beam|snore;agility|aqua_ring|double_hit|flail|hydro_pump|mud_slap|mud_sport|snore|supersonic|yawn;water1|ground
plusle;Plusle;electric;60;50;40;85;75;95;plus;medium_fast;142;200;speed:1;1:growl|4:thunder_wave|10:quick_attack|13:helping_hand|19:spark|22:encore|28:fake_tears|31:charge|37:thunder|40:baton_pass|47:agility;;;311;Ánimo;0,4;4,2;amarillo;50;no;Anima a sus compañeros con pompones de chispas. Roba energía de los postes telefónicos.;;lightning_rod;attract|double_team|facade|flash|frustration|hidden_power|iron_tail|light_screen|protect|rain_dance|rest|return|secret_power|shock_wave|thunder|thunderbolt|toxic;body_slam|counter|defense_curl|double_edge|dynamic_punch|endure|mega_kick|mega_punch|metronome|mimic|mud_slap|rollout|seismic_toss|sleep_talk|snore|substitute|swagger|swift|thunder_punch|thunder_wave;substitute|wish;fairy
politoed;Politoed;water;90;75;75;90;100;70;water_absorb;medium_slow;225;45;sp_defense:3;1:water_gun|1:hypnosis|1:double_slap|1:perish_song|51:swagger;;;186;Rana;1,1;33,9;verde;50;no;Cuando tres o más de estos se juntan, emiten un sonido muy fuerte parecido a un bramido.;damp;drizzle;attract|blizzard|curse|defense_curl|detect|double_team|dynamic_punch|earthquake|endure|frustration|headbutt|hidden_power|hyper_beam|ice_punch|icy_wind|mud_slap|protect|psychic|rain_dance|rest|return|rock_smash|sleep_talk|snore|strength|surf|swagger|thief|toxic|waterfall|whirlpool;ice_beam;bubble_beam|haze|mind_reader|mist|splash;water1
poliwag;Poliwag;water;40;50;40;40;40;90;water_absorb;medium_slow;60;255;speed:1;1:bubble|7:hypnosis|13:water_gun|19:double_slap|25:rain_dance|31:body_slam|37:belly_drum|43:hydro_pump;poliwhirl@25;;60;Renacuajo;0,6;12,4;azul;50;no;Tiene una piel extraordinaria, fina y húmeda, que deja entrever las vísceras que tiene dispuestas en espiral.;damp;swift_swim;attract|blizzard|curse|defense_curl|double_team|endure|frustration|headbutt|hidden_power|icy_wind|protect|psychic|rain_dance|rest|return|sleep_talk|snore|surf|swagger|thief|toxic|waterfall|whirlpool;ice_beam;bubble_beam|haze|mind_reader|mist|splash;water1
poliwhirl;Poliwhirl;water;65;65;65;50;50;90;water_absorb;medium_slow;135;120;speed:2;1:bubble|1:hypnosis|1:water_gun|19:double_slap|27:rain_dance|35:body_slam|43:belly_drum|51:hydro_pump;poliwrath@objeto:water_stone|politoed@intercambio:kings_rock;;61;Renacuajo;1;20;azul;50;no;Capaz de vivir dentro o fuera del agua. Fuera del agua suda para mantener baboso su cuerpo.;damp;swift_swim;attract|blizzard|curse|defense_curl|detect|double_team|earthquake|endure|frustration|headbutt|hidden_power|ice_punch|icy_wind|mud_slap|protect|psychic|rain_dance|rest|return|rock_smash|sleep_talk|snore|strength|surf|swagger|thief|toxic|waterfall|whirlpool;ice_beam;bubble_beam|haze|mind_reader|mist|splash;water1
poliwrath;Poliwrath;water|fighting;90;95;95;70;90;70;water_absorb;medium_slow;230;45;defense:3;1:water_gun|1:hypnosis|1:double_slap|1:submission|51:mind_reader;;;62;Renacuajo;1,3;54;azul;50;no;Tiene músculos muy desarrollados. Es capaz de nadar en el océano sin descanso.;damp;swift_swim;attract|blizzard|curse|defense_curl|detect|double_team|dynamic_punch|earthquake|endure|frustration|headbutt|hidden_power|hyper_beam|ice_punch|icy_wind|mud_slap|protect|psychic|rain_dance|rest|return|rock_smash|sleep_talk|snore|strength|surf|swagger|thief|toxic|waterfall|whirlpool;ice_beam;bubble_beam|haze|mind_reader|mist|splash;water1
ponyta;Ponyta;fire;50;85;55;65;65;90;run_away;medium_fast;82;190;speed:1;1:tackle|4:growl|8:tail_whip|13:ember|19:stomp|26:fire_spin|34:take_down|43:agility|53:fire_blast;rapidash@40;;77;Caballo Fuego;1;30;amarillo;50;no;Cuando nace, apenas puede tenerse en pie. Pero va fortaleciendo las patas en cuanto empieza a galopar.;flash_fire;flame_body;attract|curse|double_team|endure|fire_blast|frustration|headbutt|hidden_power|iron_tail|protect|rest|return|sleep_talk|snore|sunny_day|swagger|swift|toxic;flamethrower;charm|double_kick|flame_wheel|hypnosis|quick_attack|thrash;ground
poochyena;Poochyena;dark;35;55;35;30;30;35;run_away;medium_fast;56;255;attack:1;1:tackle|5:howl|9:sand_attack|13:bite|17:odor_sleuth|21:roar|25:swagger|29:scary_face|33:take_down|37:taunt|41:crunch|45:thief;mightyena@18;;261;Mordisco;0,5;13,6;gris;50;no;Es muy persistente. Si se fija en una presa, no la dejará hasta que caiga agotada.;quick_feet;rattled;attract|dig|double_team|facade|frustration|hidden_power|iron_tail|protect|rain_dance|rest|return|roar|rock_smash|secret_power|shadow_ball|snatch|sunny_day|taunt|thief|torment|toxic;body_slam|counter|double_edge|endure|mimic|mud_slap|psych_up|sleep_talk|snore|substitute|swagger;astonish|covet|leer|poison_fang|yawn;ground
porygon;Porygon;normal;65;60;70;85;75;40;trace;medium_fast;79;45;sp_attack:1;1:conversion_2|1:tackle|1:conversion|9:agility|12:psybeam|20:recover|24:sharpen|32:lock_on|36:tri_attack|44:zap_cannon;porygon2@intercambio:up_grade;;137;Virtual;0,8;36,5;rosa;sin_genero;no;Pokémon creado por el hombre tras muchas investigaciones. Sus habilidades son básicas.;download;analytic;blizzard|curse|double_team|dream_eater|endure|flash|frustration|hidden_power|hyper_beam|icy_wind|iron_tail|nightmare|protect|psych_up|psychic|rain_dance|rest|return|sleep_talk|snore|sunny_day|swagger|swift|thief|thunder|toxic|zap_cannon;ice_beam|thunderbolt;;mineral
porygon2;Porygon2;normal;85;80;90;105;95;60;trace;medium_fast;180;45;sp_attack:2;1:conversion_2|1:tackle|1:conversion|9:agility|12:psybeam|20:recover|24:defense_curl|32:lock_on|36:tri_attack|44:zap_cannon;porygon_z@intercambio:dubious_disc;;233;Virtual;0,6;32,5;rojo;sin_genero;no;La investigación mejoró sus habilidades. A veces, puede actuar de forma no programada.;download;analytic;blizzard|curse|defense_curl|double_team|dream_eater|endure|flash|frustration|hidden_power|hyper_beam|icy_wind|iron_tail|nightmare|protect|psych_up|psychic|rain_dance|rest|return|sleep_talk|snore|sunny_day|swagger|swift|thief|thunder|toxic|zap_cannon;ice_beam|thunderbolt;;mineral
porygon_z;Porygon-Z;normal;85;80;70;135;75;90;adaptability;medium_fast;241;30;sp_attack:3;1:trick_room|1:conversion_2|1:tackle|1:conversion|1:nasty_plot|7:psybeam|12:agility|18:recover|23:magnet_rise|29:signal_beam|34:embargo|40:discharge|45:lock_on|51:tri_attack|56:magic_coat|62:zap_cannon|67:hyper_beam;;;474;Virtual;0,9;34;rojo;sin_genero;no;Se le instaló un software para mejorarlo. Sin embargo, comenzó a comportarse de manera extraña.;download;analytic;aerial_ace|blizzard|charge_beam|dark_pulse|double_team|dream_eater|embargo|endure|facade|flash|frustration|giga_impact|hidden_power|hyper_beam|ice_beam|iron_tail|natural_gift|protect|psych_up|psychic|rain_dance|recycle|rest|return|secret_power|shadow_ball|shock_wave|sleep_talk|solar_beam|substitute|sunny_day|swagger|thief|thunder|thunder_wave|thunderbolt|toxic|trick_room;icy_wind|last_resort|signal_beam|snore|swift|trick|uproar|zen_headbutt;;mineral
primeape;Primeape;fighting;65;105;60;60;70;95;vital_spirit;medium_fast;159;75;attack:2;1:scratch|1:leer|1:low_kick|1:rage|15:karate_chop|21:fury_swipes|27:focus_energy|36:seismic_toss|45:cross_chop|54:screech|63:thrash;;;57;Mono Cerdo;1;32;marrón;50;no;Solo se calma cuando nadie está cerca. Llegar a ver ese momento es realmente difícil.;anger_point;defiant;attract|curse|defense_curl|detect|dig|double_team|dynamic_punch|endure|fire_punch|frustration|headbutt|hidden_power|hyper_beam|ice_punch|iron_tail|mud_slap|protect|psych_up|rest|return|rock_smash|sleep_talk|snore|strength|sunny_day|swagger|swift|thief|thunder|thunder_punch|toxic;thunderbolt;beat_up|counter|foresight|meditate|reversal|rock_slide;ground
prinplup;Prinplup;water;64;66;68;81;76;50;torrent;medium_slow;142;45;sp_attack:2;1:tackle|1:growl|8:bubble|11:water_sport|15:peck|16:metal_claw|19:bubble_beam|24:bide|28:fury_attack|33:brine|37:whirlpool|42:mist|46:drill_peck|51:hydro_pump;empoleon@36;;394;Pingüino;0,8;23;azul;12,5;no;Vive solo, alejado de los demás. Cada uno piensa que es el más importante.;;competitive;aerial_ace|attract|blizzard|brick_break|brine|captivate|cut|defog|dig|double_team|endure|facade|fling|frustration|grass_knot|hail|hidden_power|ice_beam|natural_gift|pluck|protect|rain_dance|rest|return|rock_smash|rock_tomb|secret_power|shadow_claw|sleep_talk|stealth_rock|strength|substitute|surf|swagger|toxic|water_pulse|waterfall;dive|icy_wind|mud_slap|signal_beam|snore;agility|aqua_ring|double_hit|flail|hydro_pump|mud_slap|mud_sport|snore|supersonic|yawn;water1|ground
probopass;Probopass;rock|steel;60;55;145;75;150;40;sturdy;medium_fast;184;60;defense:1|sp_defense:2;1:magnet_rise|1:gravity|1:tackle|1:iron_defense|1:magnet_bomb|1:block|25:thunder_wave|31:rock_slide|37:sandstorm|43:rest|49:power_gem|55:discharge|61:stone_edge|67:zap_cannon|73:lock_on|79:earth_power;;;476;Brújula;1,4;340;gris;50;no;Emana un fuerte magnetismo. Controla tres pequeñas unidades llamadas mininarices.;magnet_pull;sand_force;attract|captivate|double_team|earthquake|endure|explosion|facade|flash_cannon|frustration|giga_impact|hidden_power|hyper_beam|natural_gift|protect|rest|return|rock_polish|rock_slide|rock_smash|rock_tomb|sandstorm|secret_power|shock_wave|sleep_talk|stealth_rock|stone_edge|strength|substitute|sunny_day|swagger|taunt|thunder|thunder_wave|thunderbolt|torment|toxic;ancient_power|earth_power|fire_punch|ice_punch|iron_defense|iron_head|magnet_rise|mud_slap|rollout|snore|thunder_punch;explosion|magnitude|rollout;mineral
psyduck;Psyduck;water;50;52;48;65;50;55;damp;medium_fast;64;190;sp_attack:1;1:scratch|5:tail_whip|10:disable|16:confusion|23:screech|31:psych_up|40:fury_swipes|50:hydro_pump;golduck@33;;54;Pato;0,8;19,6;amarillo;50;no;Padece continuamente dolores de cabeza. Cuando son muy fuertes, empieza a usar misteriosos poderes.;cloud_nine;swift_swim;attract|blizzard|curse|dig|double_team|dynamic_punch|endure|flash|frustration|headbutt|hidden_power|ice_punch|icy_wind|iron_tail|mud_slap|protect|psych_up|rain_dance|rest|return|rock_smash|sleep_talk|snore|strength|surf|swagger|swift|toxic|waterfall|whirlpool;ice_beam;cross_chop|foresight|future_sight|hypnosis|ice_beam|light_screen|psybeam|psychic;water1|ground
pupitar;Pupitar;rock|ground;70;84;70;65;70;51;shed_skin;slow;144;45;attack:2;1:bite|1:leer|1:sandstorm|1:screech|22:rock_slide|29:thrash|38:scary_face|47:crunch|56:earthquake|65:hyper_beam;tyranitar@55;;247;Caparazón;1,2;152;gris;50;no;Su cuerpo es duro como la roca. Se autopropulsa como un cohete soltando los gases de su interior.;;;attract|curse|detect|dig|double_team|earthquake|endure|frustration|headbutt|hidden_power|hyper_beam|mud_slap|protect|rain_dance|rest|return|sandstorm|sleep_talk|snore|sunny_day|swagger|toxic;;ancient_power|focus_energy|outrage|pursuit|stomp;monster
purugly;Purugly;normal;71;82;64;64;59;112;thick_fat;fast;158;75;speed:2;1:fake_out|1:scratch|1:growl|13:hypnosis|17:feint_attack|20:fury_swipes|25:charm|29:assist|32:captivate|37:slash|38:swagger|45:body_slam|53:attract;;;432;Tigre Gato;1;43,8;gris;75;no;Si se siente a gusto, no tiene ningún reparo en apropiarse de las moradas de otros Pokémon.;own_tempo;defiant;aerial_ace|attract|captivate|cut|dig|double_team|dream_eater|endure|facade|flash|frustration|giga_impact|hidden_power|hyper_beam|iron_tail|natural_gift|payback|protect|psych_up|rain_dance|rest|return|roar|secret_power|shadow_ball|shadow_claw|shock_wave|sleep_talk|snatch|substitute|sunny_day|swagger|taunt|thief|thunder|thunderbolt|torment|toxic|u_turn|water_pulse;fury_cutter|knock_off|last_resort|mud_slap|rollout|snore|sucker_punch|swift;assurance|bite|fake_tears|quick_attack|sand_attack|tail_whip;ground
quagsire;Quagsire;water|ground;95;85;85;65;65;35;damp;medium_fast;151;90;hp:2;1:water_gun|1:tail_whip|11:slam|23:amnesia|35:earthquake|47:rain_dance|59:mist|59:haze;;;195;Pez Agua;1,4;75;azul;50;no;Es un Pokémon bastante perezoso. Para pescar permanece en el fondo del río con la boca abierta.;water_absorb;unaware;attract|curse|defense_curl|dig|double_team|dynamic_punch|earthquake|endure|flash|frustration|headbutt|hidden_power|hyper_beam|ice_punch|iron_tail|mud_slap|protect|rain_dance|rest|return|rock_smash|rollout|sandstorm|sleep_talk|sludge_bomb|snore|strength|surf|swagger|toxic|whirlpool;ice_beam;ancient_power|body_slam|safeguard;water1|ground
quilava;Quilava;fire;58;64;58;80;65;80;blaze;medium_slow;142;45;sp_attack:1|speed:1;1:tackle|1:leer|1:smokescreen|12:ember|21:quick_attack|31:flame_wheel|42:swift|54:flamethrower;typhlosion@36;;156;Volcán;0,9;19;amarillo;12,5;no;Antes de empezar a luchar, se gira ante su rival para alardear del alcance y la fuerza de sus llamas.;;flash_fire;attract|curse|cut|defense_curl|detect|dig|double_team|endure|fire_blast|frustration|fury_cutter|headbutt|hidden_power|iron_tail|mud_slap|protect|rest|return|roar|rock_smash|rollout|sleep_talk|snore|strength|sunny_day|swagger|swift|toxic;flamethrower;foresight|fury_swipes|quick_attack|reversal|submission|thrash;ground
qwilfish;Qwilfish;water|poison;65;95;85;55;55;85;poison_point;medium_fast;88;45;attack:1;1:spikes|1:tackle|1:poison_sting|10:harden|10:minimize|19:water_gun|28:pin_missile|37:take_down|46:hydro_pump;;;211;Globo;0,5;3,9;gris;50;no;Para arrojar sus venenosas púas, infla su cuerpo bebiendo hasta diez litros de agua de una sola vez.;swift_swim;intimidate;attract|blizzard|curse|defense_curl|double_team|endure|frustration|headbutt|hidden_power|icy_wind|protect|rain_dance|rest|return|rollout|sleep_talk|sludge_bomb|snore|surf|swagger|swift|toxic|waterfall|whirlpool;ice_beam;bubble_beam|flail|haze|supersonic;water2
raichu;Raichu;electric;60;90;55;90;80;110;static;medium_fast;218;75;speed:3;1:thunder_shock|1:tail_whip|1:quick_attack|1:thunderbolt;;;26;Ratón;0,8;30;amarillo;50;no;Cuando se carga de electricidad, sus músculos se tensan y se vuelve más agresivo de lo normal.;;lightning_rod;attract|curse|defense_curl|detect|double_team|dynamic_punch|endure|flash|frustration|headbutt|hidden_power|hyper_beam|iron_tail|mud_slap|protect|rain_dance|rest|return|rollout|sleep_talk|snore|strength|swagger|swift|thief|thunder|thunder_punch|toxic|zap_cannon;thunderbolt;bide|double_slap|encore|present|reversal;ground|fairy
raikou;Raikou;electric;90;85;75;115;100;115;pressure;slow;261;3;sp_attack:1|speed:2;1:bite|1:leer|11:thunder_shock|21:roar|31:quick_attack|41:spark|51:reflect|61:crunch|71:thunder;;;243;Trueno;1,9;178;amarillo;sin_genero;si;Las nubes de lluvia que lleva le permiten lanzar rayos a voluntad. Dicen que apareció con un rayo.;;inner_focus;curse|cut|detect|dig|double_team|endure|flash|frustration|headbutt|hidden_power|hyper_beam|iron_tail|mud_slap|protect|psych_up|rain_dance|rest|return|roar|rock_smash|sandstorm|sleep_talk|snore|strength|sunny_day|swagger|swift|thunder|toxic|zap_cannon;thunderbolt;;no_eggs
ralts;Ralts;psychic|fairy;28;25;25;45;35;40;synchronize;slow;40;235;sp_attack:1;1:growl|6:confusion|11:double_team|16:teleport|21:calm_mind|26:psychic|31:imprison|36:future_sight|41:hypnosis|46:dream_eater;kirlia@20;;280;Sensible;0,4;6,6;blanco;50;no;Si sus cuernos perciben emociones positivas de personas o Pokémon, su cuerpo se calienta un poco.;trace;telepathy;attract|calm_mind|double_team|facade|flash|frustration|hidden_power|light_screen|protect|psychic|rain_dance|reflect|rest|return|safeguard|secret_power|shadow_ball|shock_wave|skill_swap|snatch|sunny_day|taunt|thief|thunderbolt|torment|toxic;body_slam|defense_curl|double_edge|dream_eater|endure|fire_punch|ice_punch|icy_wind|mimic|mud_slap|psych_up|sleep_talk|snore|substitute|swagger|thunder_punch|thunder_wave;destiny_bond|disable|mean_look|memento|will_o_wisp;humanshape|indeterminate
rampardos;Rampardos;rock;97;165;60;65;50;58;mold_breaker;erratic;173;45;attack:2;1:headbutt|1:leer|6:focus_energy|10:pursuit|15:take_down|19:scary_face|24:assurance|28:ancient_power|30:endeavor|36:zen_headbutt|43:screech|52:head_smash;;;409;Cabezazo;1,6;102,5;azul;12,5;no;Tiene sesos pequeños porque su duro cráneo, que soporta cualquier golpe, les impide desarrollarse.;;sheer_force;attract|avalanche|blizzard|brick_break|captivate|cut|dig|double_team|dragon_pulse|earthquake|endure|facade|fire_blast|flamethrower|fling|focus_blast|focus_punch|frustration|giga_impact|hidden_power|hyper_beam|ice_beam|iron_tail|natural_gift|payback|protect|rain_dance|rest|return|roar|rock_climb|rock_polish|rock_slide|rock_smash|rock_tomb|sandstorm|secret_power|shock_wave|sleep_talk|stealth_rock|stone_edge|strength|substitute|sunny_day|surf|swagger|swords_dance|thief|thunder|thunderbolt|toxic;ancient_power|earth_power|endeavor|fire_punch|iron_head|mud_slap|outrage|snore|spite|superpower|thunder_punch|uproar|zen_headbutt;crunch|double_edge|hammer_arm|leer|slam|stomp|thrash|whirlwind;monster
rapidash;Rapidash;fire;65;100;70;80;80;105;run_away;medium_fast;175;60;speed:2;1:tackle|1:growl|1:tail_whip|1:ember|19:stomp|26:fire_spin|34:take_down|40:fury_attack|47:agility|61:fire_blast;;;78;Caballo Fuego;1,7;95;amarillo;50;no;Muy competitivo, este Pokémon perseguirá a todo lo que se mueva rápido e intentará salir airoso.;flash_fire;flame_body;attract|curse|double_team|endure|fire_blast|frustration|headbutt|hidden_power|hyper_beam|iron_tail|protect|rest|return|sleep_talk|snore|sunny_day|swagger|swift|toxic;flamethrower;charm|double_kick|flame_wheel|hypnosis|quick_attack|thrash;ground
raticate;Raticate;normal;55;81;60;50;70;97;run_away;medium_fast;145;127;speed:2;1:tackle|1:tail_whip|1:quick_attack|13:hyper_fang|20:scary_face|30:pursuit|40:super_fang;;;20;Ratón;0,7;18,5;marrón;50;no;Lima sus colmillos royendo objetos duros. Con ellos puede destruir incluso paredes de hormigón.;guts;hustle;attract|blizzard|curse|cut|defense_curl|dig|double_team|endure|frustration|headbutt|hidden_power|hyper_beam|icy_wind|iron_tail|mud_slap|protect|rest|return|roar|rock_smash|shadow_ball|sleep_talk|snore|strength|sunny_day|swagger|swift|thief|thunder|toxic;ice_beam|thunderbolt;bite|counter|flame_wheel|fury_swipes|reversal|screech;ground
rattata;Rattata;normal;30;56;35;25;35;72;run_away;medium_fast;51;255;speed:1;1:tackle|1:tail_whip|7:quick_attack|13:hyper_fang|20:focus_energy|27:pursuit|34:super_fang;raticate@20;;19;Ratón;0,3;3,5;morado;50;no;Vive allí donde haya comida disponible. Busca todo el día, sin descanso, algo comestible.;guts;hustle;attract|blizzard|curse|defense_curl|dig|double_team|endure|frustration|headbutt|hidden_power|icy_wind|iron_tail|mud_slap|protect|rest|return|rock_smash|shadow_ball|sleep_talk|snore|sunny_day|swagger|swift|thief|thunder|toxic;;bite|counter|flame_wheel|fury_swipes|reversal|screech;ground
rayquaza;Rayquaza;dragon|flying;105;150;90;150;90;95;air_lock;slow;306;45;attack:2|sp_attack:1;1:twister|5:scary_face|15:ancient_power|20:dragon_claw|30:dragon_dance|35:crunch|45:fly|50:rest|60:extreme_speed|65:outrage|75:hyper_beam;;;384;Cielo;7;206,5;verde;sin_genero;si;Vive en la capa de ozono sobre las nubes y no puede ser visto desde el suelo.;;;aerial_ace|blizzard|brick_break|bulk_up|dive|double_team|dragon_claw|earthquake|facade|fire_blast|flamethrower|fly|frustration|hidden_power|hyper_beam|ice_beam|iron_tail|overheat|protect|rain_dance|rest|return|roar|rock_smash|sandstorm|secret_power|shock_wave|solar_beam|strength|sunny_day|surf|thunder|thunderbolt|toxic|water_pulse|waterfall;body_slam|double_edge|endure|fury_cutter|icy_wind|mimic|mud_slap|psych_up|rock_slide|sleep_talk|snore|substitute|swagger|swift|thunder_wave;;no_eggs
regice;Regice;ice;80;50;100;100;200;50;clear_body;slow;261;3;sp_defense:3;1:explosion|9:icy_wind|17:curse|25:superpower|33:ancient_power|41:amnesia|49:zap_cannon|57:lock_on|65:hyper_beam;;;378;Iceberg;1,8;175;azul;sin_genero;si;Dicen que ha yacido durmiendo en un glaciar durante milenios. Ni el magma puede derretir su cuerpo.;;ice_body;blizzard|brick_break|double_team|earthquake|facade|focus_punch|frustration|hail|hidden_power|hyper_beam|ice_beam|protect|rain_dance|rest|return|rock_smash|safeguard|secret_power|shock_wave|strength|thunder|thunderbolt|toxic;body_slam|counter|defense_curl|double_edge|dynamic_punch|endure|explosion|ice_punch|icy_wind|mega_kick|mega_punch|mimic|mud_slap|psych_up|rock_slide|rollout|seismic_toss|sleep_talk|snore|substitute|swagger|thunder_punch|thunder_wave;;no_eggs
regigigas;Regigigas;normal;110;160;110;80;110;100;slow_start;slow;302;3;attack:3;1:fire_punch|1:ice_punch|1:thunder_punch|1:dizzy_punch|1:knock_off|1:confuse_ray|1:foresight|25:revenge|50:zen_headbutt|75:crush_grip|100:giga_impact;;;486;Colosal;3,7;420;blanco;sin_genero;si;Se dice que usó rocas, magma y un hielo especial de montaña para crear Pokémon con su aspecto.;;;aerial_ace|avalanche|brick_break|double_team|drain_punch|earthquake|endure|facade|fling|focus_blast|focus_punch|frustration|giga_impact|hidden_power|hyper_beam|natural_gift|psych_up|rain_dance|return|rock_climb|rock_polish|rock_slide|rock_smash|rock_tomb|safeguard|secret_power|shock_wave|sleep_talk|stone_edge|strength|substitute|sunny_day|swagger|thunder|thunder_wave|thunderbolt|toxic;ancient_power|earth_power|fire_punch|ice_punch|icy_wind|iron_head|mud_slap|snore|superpower|thunder_punch|zen_headbutt;;no_eggs
regirock;Regirock;rock;80;100;200;50;100;50;clear_body;slow;261;3;defense:3;1:explosion|9:rock_throw|17:curse|25:superpower|33:ancient_power|41:iron_defense|49:zap_cannon|57:lock_on|65:hyper_beam;;;377;Pico Roca;1,7;230;marrón;sin_genero;si;Su cuerpo está hecho de roca. Si se astilla durante el combate, emplea piedras para repararlo.;;sturdy;brick_break|dig|double_team|earthquake|facade|focus_punch|frustration|hidden_power|hyper_beam|protect|rest|return|rock_smash|rock_tomb|safeguard|sandstorm|secret_power|shock_wave|strength|sunny_day|thunder|thunderbolt|toxic;body_slam|counter|defense_curl|double_edge|dynamic_punch|endure|explosion|fire_punch|ice_punch|mega_kick|mega_punch|mimic|mud_slap|psych_up|rock_slide|rollout|seismic_toss|sleep_talk|snore|substitute|swagger|thunder_punch|thunder_wave;;no_eggs
registeel;Registeel;steel;80;75;150;75;150;50;clear_body;slow;261;3;defense:2|sp_defense:1;1:explosion|9:metal_claw|17:curse|25:superpower|33:ancient_power|41:iron_defense|41:amnesia|49:zap_cannon|57:lock_on|65:hyper_beam;;;379;Hierro;1,9;205;gris;sin_genero;si;Su cuerpo ha estado sometido a la presión subterránea durante miles de años y no puede arañarse.;;light_metal;aerial_ace|brick_break|double_team|earthquake|facade|focus_punch|frustration|hidden_power|hyper_beam|protect|rain_dance|rest|return|rock_smash|rock_tomb|safeguard|sandstorm|secret_power|shock_wave|strength|sunny_day|thunder|thunderbolt|toxic;body_slam|counter|defense_curl|double_edge|dynamic_punch|endure|explosion|ice_punch|mega_kick|mega_punch|mimic|mud_slap|psych_up|rock_slide|rollout|seismic_toss|sleep_talk|snore|substitute|swagger|thunder_punch|thunder_wave;;no_eggs
relicanth;Relicanth;water|rock;100;90;130;45;65;55;swift_swim;slow;170;25;hp:1|defense:1;1:tackle|1:harden|8:water_gun|15:rock_tomb|22:yawn|29:take_down|36:mud_sport|43:ancient_power|50:rest|57:double_edge|64:hydro_pump;;;369;Longevo;1;23,4;gris;12,5;no;No ha sufrido ningún cambio desde hace 100 millones de años. Fue descubierto durante una expedición marina.;rock_head;sturdy;attract|blizzard|calm_mind|dive|double_team|earthquake|facade|frustration|hail|hidden_power|hyper_beam|ice_beam|protect|rain_dance|rest|return|rock_smash|rock_tomb|safeguard|sandstorm|secret_power|surf|toxic|water_pulse|waterfall;body_slam|double_edge|endure|icy_wind|mimic|mud_slap|psych_up|rock_slide|sleep_talk|snore|substitute|swagger;amnesia|magnitude|rock_slide|skull_bash|sleep_talk|water_sport;water1|water2
remoraid;Remoraid;water;35;65;35;65;35;65;hustle;medium_fast;60;190;sp_attack:1;1:water_gun|11:lock_on|22:psybeam|22:aurora_beam|22:bubble_beam|33:focus_energy|44:ice_beam|55:hyper_beam;octillery@25;;223;Reactor;0,6;12;gris;50;no;Tiene muy buena puntería. Dispara agua a sus presas, hasta si se están moviendo, a más de 100 metros.;sniper;moody;attract|curse|defense_curl|double_team|endure|frustration|hidden_power|hyper_beam|mud_slap|protect|rain_dance|rest|return|sleep_talk|snore|surf|swagger|swift|thief|toxic|whirlpool;flamethrower|ice_beam;aurora_beam|haze|octazooka|screech|supersonic;water1|water2
rhydon;Rhydon;ground|rock;105;130;120;45;45;40;lightning_rod;slow;170;60;attack:2;1:horn_attack|1:tail_whip|1:stomp|1:fury_attack|31:scary_face|37:horn_drill|54:take_down|65:earthquake;rhyperior@intercambio:protector;;112;Taladro;1,9;120;gris;50;no;La piel le sirve de escudo protector. Puede vivir en lava líquida a 2000 °C de temperatura.;rock_head;reckless;attract|blizzard|curse|dig|double_team|dynamic_punch|earthquake|endure|fire_blast|fire_punch|frustration|fury_cutter|headbutt|hidden_power|hyper_beam|icy_wind|iron_tail|mud_slap|protect|rest|return|roar|rock_smash|rollout|sandstorm|sleep_talk|snore|strength|sunny_day|surf|swagger|thunder|thunder_punch|toxic|zap_cannon;flamethrower|ice_beam|thunderbolt;counter|crunch|magnitude|pursuit|reversal|rock_slide|thrash;monster|ground
rhyhorn;Rhyhorn;ground|rock;80;85;95;30;30;25;lightning_rod;slow;69;120;defense:1;1:horn_attack|1:tail_whip|13:stomp|19:fury_attack|31:scary_face|37:horn_drill|49:take_down|55:earthquake;rhydon@42;;111;Clavos;1;115;gris;50;no;Es muy fuerte, pero no especialmente listo. Es capaz de derribar rascacielos usando Placaje varias veces.;rock_head;reckless;attract|blizzard|curse|dig|double_team|earthquake|endure|fire_blast|frustration|headbutt|hidden_power|icy_wind|iron_tail|mud_slap|protect|rest|return|roar|rock_smash|rollout|sandstorm|sleep_talk|snore|strength|sunny_day|swagger|thunder|toxic|zap_cannon;flamethrower|ice_beam|thunderbolt;counter|crunch|magnitude|pursuit|reversal|rock_slide|thrash;monster|ground
rhyperior;Rhyperior;ground|rock;115;140;130;55;55;40;lightning_rod;slow;241;30;attack:3;1:poison_jab|1:horn_attack|1:tail_whip|1:stomp|1:fury_attack|21:scary_face|25:rock_blast|33:take_down|37:horn_drill|42:hammer_arm|45:stone_edge|49:earthquake|57:megahorn|61:rock_wrecker;;;464;Taladro;2,4;282,8;gris;50;no;Lanza Geodude por los agujeros de las manos. Gracias a Protector resiste erupciones volcánicas.;solid_rock;reckless;attract|avalanche|blizzard|brick_break|captivate|cut|dig|double_team|dragon_pulse|earthquake|endure|facade|fire_blast|flamethrower|flash_cannon|fling|focus_blast|focus_punch|frustration|giga_impact|hidden_power|hyper_beam|ice_beam|iron_tail|natural_gift|payback|poison_jab|protect|rain_dance|rest|return|roar|rock_climb|rock_polish|rock_slide|rock_smash|rock_tomb|sandstorm|secret_power|shadow_claw|shock_wave|sleep_talk|stealth_rock|stone_edge|strength|substitute|sunny_day|surf|swagger|swords_dance|thief|thunder|thunderbolt|toxic;ancient_power|aqua_tail|earth_power|endeavor|fire_punch|fury_cutter|ice_punch|icy_wind|iron_head|mud_slap|outrage|rollout|snore|spite|superpower|thunder_punch|uproar;counter|crunch|magnitude|pursuit|reversal|rock_slide|thrash;monster|ground
riolu;Riolu;fighting;40;70;40;35;40;60;steadfast;medium_slow;57;75;attack:1;1:quick_attack|1:foresight|1:endure|6:counter|11:force_palm|15:feint|19:reversal|24:screech|29:copycat;lucario@amistad+hora:dia;;447;Emanación;0,7;20,2;azul;12,5;no;Se comunica con los suyos mediante la emisión de unas ondas que cambian de forma en función de los sentimientos.;inner_focus;prankster;attract|brick_break|bulk_up|captivate|dig|double_team|drain_punch|earthquake|endure|facade|fling|focus_blast|focus_punch|frustration|hidden_power|iron_tail|natural_gift|payback|poison_jab|protect|rain_dance|rest|return|roar|rock_slide|rock_smash|rock_tomb|secret_power|shadow_claw|sleep_talk|strength|substitute|sunny_day|swagger|swords_dance|toxic;fury_cutter|helping_hand|ice_punch|iron_defense|magnet_rise|mud_slap|snore|swift|thunder_punch|vacuum_wave|zen_headbutt;agility|bite|blaze_kick|bullet_punch|cross_chop|crunch|detect|high_jump_kick|iron_defense|low_kick|mind_reader|sky_uppercut|vacuum_wave;no_eggs
roselia;Roselia;grass|poison;50;60;45;100;80;65;natural_cure;medium_slow;140;150;sp_attack:2;1:absorb|5:growth|9:poison_sting|13:stun_spore|17:mega_drain|21:leech_seed|25:magical_leaf|29:grass_whistle|33:giga_drain|37:sweet_scent|41:ingrain|45:toxic|49:petal_dance|53:aromatherapy|57:synthesis;roserade@objeto:shiny_stone;;315;Espina;0,3;2;verde;50;no;Ataca con sus manos, en las que tiene un tipo de veneno diferente en cada una. Cuanto más aroma, mejor salud tiene.;poison_point;leaf_guard;attract|bullet_seed|cut|double_team|facade|flash|frustration|giga_drain|hidden_power|protect|rest|return|secret_power|shadow_ball|sludge_bomb|solar_beam|sunny_day|toxic;body_slam|double_edge|endure|fury_cutter|mimic|mud_slap|psych_up|sleep_talk|snore|substitute|swagger|swift|swords_dance;cotton_spore|pin_missile|spikes|synthesis;fairy|plant
roserade;Roserade;grass|poison;60;70;65;125;105;90;natural_cure;medium_slow;232;75;sp_attack:3;1:weather_ball|1:poison_sting|1:mega_drain|1:magical_leaf|1:sweet_scent;;;407;Ramillete;0,9;14,5;verde;50;no;Atrae a sus presas con una dulce fragancia y usa sus cepas venenosas para atenazarlas y acabar con ellas.;poison_point;technician;attract|bullet_seed|captivate|cut|double_team|endure|energy_ball|facade|flash|frustration|giga_drain|giga_impact|grass_knot|hidden_power|hyper_beam|natural_gift|poison_jab|protect|psych_up|rain_dance|rest|return|secret_power|shadow_ball|sleep_talk|sludge_bomb|solar_beam|substitute|sunny_day|swagger|swords_dance|toxic;fury_cutter|mud_slap|seed_bomb|snore|swift|synthesis;cotton_spore|extrasensory|leaf_storm|mind_reader|pin_missile|razor_leaf|sleep_powder|spikes|synthesis;fairy|plant
rotom;Rotom;electric|ghost;50;50;77;95;77;91;levitate;medium_fast;154;45;sp_attack:1|speed:1;1:trick|1:astonish|1:thunder_wave|1:thunder_shock|1:confuse_ray|8:uproar|15:double_team|22:shock_wave|29:ominous_wind|36:substitute|43:charge|50:discharge;;;479;Plasma;0,3;0,3;rojo;sin_genero;no;Desde hace mucho tiempo se estudia su singular motor como fuente de energía motriz.;;;charge_beam|dark_pulse|double_team|dream_eater|endure|facade|flash|frustration|hidden_power|light_screen|natural_gift|protect|psych_up|rain_dance|reflect|rest|return|secret_power|shadow_ball|shock_wave|sleep_talk|snatch|substitute|sunny_day|swagger|thief|thunder|thunder_wave|thunderbolt|toxic|will_o_wisp;mud_slap|ominous_wind|signal_beam|snore|spite|sucker_punch|swift|trick|uproar;;indeterminate
sableye;Sableye;dark|ghost;50;75;75;65;65;50;keen_eye;medium_slow;133;45;attack:1|defense:1;1:leer|1:scratch|5:foresight|9:night_shade|13:astonish|17:fury_swipes|21:fake_out|25:detect|29:feint_attack|33:knock_off|37:confuse_ray|41:shadow_ball|45:mean_look;;;302;Oscuridad;0,5;11;morado;50;no;Se oculta en cavernas oscuras. De tanto comer gemas, sus ojos son piedras preciosas.;stall;prankster;aerial_ace|attract|brick_break|calm_mind|cut|dig|double_team|facade|flash|focus_punch|frustration|hidden_power|protect|psychic|rain_dance|rest|return|rock_smash|rock_tomb|secret_power|shadow_ball|shock_wave|snatch|sunny_day|taunt|thief|torment|toxic|water_pulse;body_slam|counter|double_edge|dream_eater|dynamic_punch|endure|fire_punch|fury_cutter|ice_punch|mega_kick|mega_punch|metronome|mimic|mud_slap|psych_up|seismic_toss|sleep_talk|snore|substitute|swagger|thunder_punch;moonlight|psych_up|recover;humanshape
salamence;Salamence;dragon|flying;95;135;80;110;80;100;intimidate;slow;270;45;attack:3;1:rage|1:bite|1:leer|1:headbutt|21:focus_energy|25:ember|30:protect|38:dragon_breath|47:scary_face|50:fly|61:crunch|79:dragon_claw|93:double_edge;;;373;Dragón;1,5;102,6;azul;50;no;"Si se enfada, no hay forma de calmarlo; lo destruye todo lanzando arañazos y llamas.";;moxie;aerial_ace|attract|brick_break|cut|double_team|dragon_claw|earthquake|facade|fire_blast|flamethrower|fly|frustration|hidden_power|hyper_beam|iron_tail|protect|rain_dance|rest|return|roar|rock_smash|rock_tomb|secret_power|steel_wing|strength|sunny_day|toxic;body_slam|defense_curl|double_edge|endure|fury_cutter|mimic|mud_slap|rock_slide|rollout|sleep_talk|snore|substitute|swagger|swift;dragon_dance|dragon_rage|hydro_pump|thrash|twister;dragon
sandshrew;Sandshrew;ground;50;75;85;20;30;40;sand_veil;medium_fast;60;255;defense:1;1:scratch|6:defense_curl|11:sand_attack|17:poison_sting|23:slash|30:swift|37:fury_swipes|45:sandstorm;sandslash@22;;27;Ratón;0,6;12;amarillo;50;no;Este Pokémon permanece bajo tierra. Si se siente amenazado, se enrosca para defenderse.;;sand_rush;attract|curse|cut|defense_curl|detect|dig|double_team|dynamic_punch|earthquake|endure|frustration|fury_cutter|headbutt|hidden_power|iron_tail|mud_slap|protect|rest|return|rock_smash|rollout|sandstorm|sleep_talk|snore|strength|sunny_day|swagger|swift|thief|toxic;;counter|flail|metal_claw|rapid_spin|safeguard;ground
sandslash;Sandslash;ground;75;100;110;45;55;65;sand_veil;medium_fast;158;90;defense:2;1:scratch|1:defense_curl|1:sand_attack|17:poison_sting|24:slash|33:swift|42:fury_swipes|52:sandstorm;;;28;Ratón;1;29,5;amarillo;50;no;Si cava a gran velocidad, puede que se le caigan las garras y púas. Vuelven a crecerle en un día.;;sand_rush;attract|curse|cut|defense_curl|detect|dig|double_team|dynamic_punch|earthquake|endure|frustration|fury_cutter|headbutt|hidden_power|hyper_beam|iron_tail|mud_slap|protect|rest|return|rock_smash|rollout|sandstorm|sleep_talk|snore|strength|sunny_day|swagger|swift|thief|toxic;;counter|flail|metal_claw|rapid_spin|safeguard;ground
sceptile;Sceptile;grass;70;85;65;105;85;120;overgrow;medium_slow;239;45;speed:3;1:pound|1:leer|1:absorb|1:quick_attack|16:fury_cutter|17:pursuit|23:screech|29:leaf_blade|35:agility|43:slam|51:detect|59:false_swipe;;;254;Monte;1,7;52,2;verde;12,5;no;Las hojas de sus brazos pueden cortar gruesos árboles. Invencible en los combates en la jungla.;;unburden;aerial_ace|attract|brick_break|bullet_seed|cut|dig|double_team|dragon_claw|earthquake|facade|flash|focus_punch|frustration|giga_drain|hidden_power|hyper_beam|iron_tail|protect|rest|return|roar|rock_smash|rock_tomb|safeguard|secret_power|solar_beam|strength|sunny_day|toxic;body_slam|counter|double_edge|dynamic_punch|endure|fury_cutter|mega_kick|mega_punch|mimic|mud_slap|seismic_toss|sleep_talk|snore|substitute|swagger|swift|swords_dance|thunder_punch;crunch|crush_claw|dragon_breath|endeavor|leech_seed|mud_sport;monster|dragon
scizor;Scizor;bug|steel;70;130;100;55;80;65;swarm;medium_fast;175;25;attack:2;1:quick_attack|1:leer|6:focus_energy|12:pursuit|18:false_swipe|24:agility|30:metal_claw|36:slash|42:swords_dance|48:double_team;;;212;Tenaza;1,8;118;rojo;50;no;Las pinzas que posee tienen acero. Con ellas, no hay nada que se le resista. Rompen todo lo que pillan.;technician;light_metal;attract|curse|cut|detect|double_team|endure|frustration|fury_cutter|headbutt|hidden_power|hyper_beam|protect|rest|return|rock_smash|sandstorm|sleep_talk|snore|steel_wing|strength|sunny_day|swagger|swift|thief|toxic;;baton_pass|counter|light_screen|razor_wind|reversal|safeguard;bug
scyther;Scyther;bug|flying;70;110;80;55;80;105;swarm;medium_fast;100;45;attack:1;1:quick_attack|1:leer|6:focus_energy|12:pursuit|18:false_swipe|24:agility|30:wing_attack|36:slash|42:swords_dance|48:double_team;scizor@intercambio:metal_coat;;123;Mantis;1,5;56;verde;50;no;Destroza a su presa con las guadañas que tiene. No es común que use las alas para volar.;technician;steadfast;attract|curse|cut|detect|double_team|endure|frustration|fury_cutter|headbutt|hidden_power|hyper_beam|protect|rest|return|rock_smash|sleep_talk|snore|steel_wing|sunny_day|swagger|swift|thief|toxic;;baton_pass|counter|light_screen|razor_wind|reversal|safeguard;bug
seadra;Seadra;water;55;65;95;95;45;85;poison_point;medium_fast;154;75;defense:1|sp_attack:1;1:bubble|1:smokescreen|1:leer|1:water_gun|29:twister|40:agility|51:hydro_pump;kingdra@intercambio:dragon_scale;;117;Dragón;1,2;25;azul;50;no;Las afiladas púas que le recubren el cuerpo se le erizan y pueden causar el debilitamiento con solo tocarlo.;sniper;damp;attract|blizzard|curse|double_team|dragon_breath|endure|frustration|headbutt|hidden_power|hyper_beam|icy_wind|protect|rain_dance|rest|return|sleep_talk|snore|surf|swagger|swift|toxic|waterfall|whirlpool;ice_beam;aurora_beam|disable|dragon_rage|flail|octazooka|splash;water1|dragon
seaking;Seaking;water;80;92;65;65;80;68;swift_swim;medium_fast;158;60;attack:2;1:peck|1:tail_whip|10:supersonic|15:horn_attack|24:flail|29:fury_attack|41:waterfall|49:horn_drill|61:agility;;;119;Pez Color;1,3;39;rojo;50;no;En otoño, cuando se reproducen, se les puede ver nadando con energía por ríos y arroyos.;water_veil;lightning_rod;attract|blizzard|curse|double_team|endure|frustration|hidden_power|hyper_beam|icy_wind|protect|rain_dance|rest|return|sleep_talk|snore|surf|swagger|swift|toxic|waterfall;ice_beam;haze|hydro_pump|psybeam;water2
sealeo;Sealeo;ice|water;90;60;70;75;70;45;thick_fat;medium_slow;144;120;hp:2;1:powder_snow|1:growl|1:water_gun|1:encore|13:ice_ball|19:body_slam|25:aurora_beam|31:hail|39:rest|39:snore|47:blizzard|55:sheer_cold;walrein@44;;364;Rodabola;1,1;87,6;azul;50;no;Su nariz es muy sensible. Cuando ve algo por primera vez, lo toca con ella para recordarlo después.;ice_body;oblivious;attract|blizzard|dive|double_team|earthquake|facade|frustration|hail|hidden_power|ice_beam|iron_tail|protect|rain_dance|rest|return|roar|rock_smash|rock_tomb|secret_power|strength|surf|toxic|water_pulse|waterfall;body_slam|defense_curl|double_edge|endure|icy_wind|mimic|mud_slap|rock_slide|rollout|sleep_talk|snore|substitute|swagger;curse|fissure|rock_slide|spit_up|stockpile|swallow|water_sport|yawn;water1|ground
seedot;Seedot;grass;40;40;50;30;30;30;chlorophyll;medium_slow;44;255;defense:1;1:bide|3:harden|7:growth|13:nature_power|21:synthesis|31:sunny_day|43:explosion;nuzleaf@14;;273;Bellota;0,5;4;marrón;50;no;Se cuelga de las ramas con el extremo de su cabeza. A veces se cae cuando soplan vientos fuertes.;early_bird;pickpocket;attract|bullet_seed|dig|double_team|facade|flash|frustration|giga_drain|hidden_power|protect|rest|return|rock_smash|secret_power|shadow_ball|solar_beam|sunny_day|toxic;body_slam|defense_curl|double_edge|endure|explosion|mimic|rollout|sleep_talk|snore|substitute|swagger|swords_dance;amnesia|false_swipe|leech_seed|quick_attack|razor_wind|take_down;ground|plant
seel;Seel;water;65;45;55;45;70;45;thick_fat;medium_fast;65;190;sp_defense:1;1:headbutt|5:growl|16:aurora_beam|21:rest|32:take_down|37:ice_beam|48:safeguard;dewgong@34;;86;León Marino;1,1;90;blanco;50;no;Este Pokémon vive en icebergs. Nada en el mar y usa el cuerno de su cabeza para romper el hielo.;hydration;ice_body;attract|blizzard|curse|double_team|endure|frustration|headbutt|hidden_power|icy_wind|protect|rain_dance|rest|return|sleep_talk|snore|surf|swagger|toxic|waterfall|whirlpool;ice_beam;disable|encore|lick|peck|perish_song|slam;water1|ground
sentret;Sentret;normal;35;46;34;35;45;20;run_away;medium_fast;43;255;attack:1;1:tackle|5:defense_curl|11:quick_attack|17:fury_swipes|25:slam|33:rest|41:amnesia;furret@15;;161;Explorador;0,8;6;marrón;50;no;Cuando hace de centinela, avisa del peligro a los demás, chillando y dando golpes al suelo con la cola.;keen_eye;frisk;attract|curse|cut|defense_curl|detect|dig|double_team|dynamic_punch|endure|fire_punch|frustration|fury_cutter|headbutt|hidden_power|ice_punch|iron_tail|mud_slap|protect|rest|return|rollout|shadow_ball|sleep_talk|snore|sunny_day|surf|swagger|swift|thief|thunder_punch|toxic;;double_edge|focus_energy|pursuit|reversal|slash;ground
seviper;Seviper;poison;73;100;60;100;60;65;shed_skin;fluctuating;160;90;attack:1|sp_attack:1;1:wrap|7:lick|10:bite|16:poison_tail|19:screech|25:glare|28:crunch|34:poison_fang|37:swagger|43:haze;;;336;Colmillos;2,7;52,5;negro;50;no;Hace frente a Zangoose con su agilidad y su afilada cola, que está cargada con un veneno letal.;;infiltrator;attract|dig|double_team|earthquake|facade|flamethrower|frustration|giga_drain|hidden_power|iron_tail|protect|rain_dance|rest|return|rock_smash|secret_power|sludge_bomb|snatch|strength|sunny_day|taunt|thief|toxic;body_slam|double_edge|endure|fury_cutter|mimic|mud_slap|sleep_talk|snore|substitute|swagger|swift;body_slam|spit_up|stockpile|swallow;ground|dragon
sharpedo;Sharpedo;water|dark;70;120;40;95;40;95;rough_skin;slow;161;60;attack:2;1:leer|1:bite|1:rage|1:focus_energy|16:scary_face|22:crunch|28:screech|33:slash|38:taunt|43:swagger|48:skull_bash|53:agility;;;319;Voraz;1,8;88,8;azul;50;no;Con sus colmillos puede atravesar el acero. Nada a 120 km/h. Le llaman el Terror de los Mares.;;speed_boost;attract|blizzard|dive|double_team|earthquake|facade|frustration|hail|hidden_power|hyper_beam|ice_beam|protect|rain_dance|rest|return|roar|rock_smash|rock_tomb|secret_power|strength|surf|taunt|thief|torment|toxic|water_pulse|waterfall;double_edge|endure|fury_cutter|icy_wind|mimic|mud_slap|sleep_talk|snore|substitute|swagger|swift;double_edge|hydro_pump|thrash;water2
shaymin;Shaymin;grass;100;100;100;100;100;100;natural_cure;medium_slow;270;45;hp:3;1:growth|10:magical_leaf|19:leech_seed|28:synthesis|37:sweet_scent|46:natural_gift|55:worry_seed|64:aromatherapy|73:energy_ball|82:sweet_kiss|91:healing_wish|100:seed_flare;;;492;Gratitud;0,2;2,1;verde;sin_genero;si;Puede disolver las toxinas del aire para transformar tierra yerma en campos de flores.;;;bullet_seed|double_team|endure|energy_ball|facade|flash|frustration|giga_drain|giga_impact|grass_knot|hidden_power|hyper_beam|natural_gift|protect|psych_up|psychic|rest|return|safeguard|secret_power|sleep_talk|solar_beam|substitute|sunny_day|swagger|swords_dance|toxic;earth_power|endeavor|last_resort|mud_slap|seed_bomb|snore|swift|synthesis|zen_headbutt;;no_eggs
shedinja;Shedinja;bug|ghost;1;90;45;30;30;40;wonder_guard;erratic;83;45;hp:2;1:scratch|1:harden|5:leech_life|9:sand_attack|14:fury_swipes|19:mind_reader|25:spite|31:confuse_ray|38:shadow_ball|45:grudge;;;292;Muda;0,8;1,2;marrón;sin_genero;no;Es el caparazón de un bicho que cobró vida. Si alguien lo mira por la espalda, le robará el alma.;;;aerial_ace|cut|dig|double_team|facade|flash|frustration|giga_drain|hidden_power|hyper_beam|protect|rest|return|sandstorm|secret_power|shadow_ball|solar_beam|sunny_day|thief|toxic;double_edge|dream_eater|endure|fury_cutter|mimic|mud_slap|sleep_talk|snore|substitute|swagger;endure|feint_attack|gust|silver_wind;mineral
shelgon;Shelgon;dragon;65;95;100;60;50;50;rock_head;slow;147;45;defense:2;1:rage|1:bite|1:leer|1:headbutt|21:focus_energy|25:ember|30:protect|38:dragon_breath|47:scary_face|56:crunch|69:dragon_claw|78:double_edge;salamence@50;;372;Resistencia;1,1;110,5;blanco;50;no;Las células han empezado a cambiar dentro de su dura concha, que se separa cuando evoluciona.;;overcoat;aerial_ace|attract|brick_break|cut|double_team|dragon_claw|facade|fire_blast|flamethrower|frustration|hidden_power|protect|rain_dance|rest|return|roar|rock_smash|rock_tomb|secret_power|strength|sunny_day|toxic;body_slam|defense_curl|double_edge|endure|fury_cutter|mimic|mud_slap|rock_slide|rollout|sleep_talk|snore|substitute|swagger;dragon_dance|dragon_rage|hydro_pump|thrash|twister;dragon
shellder;Shellder;water;30;65;100;45;25;40;shell_armor;slow;61;190;defense:1;1:tackle|1:withdraw|9:supersonic|17:aurora_beam|25:protect|33:leer|41:clamp|49:ice_beam;cloyster@objeto:water_stone;;90;Bivalvo;0,3;4;morado;50;no;La concha lo protege de cualquier tipo de ataque. Solo es vulnerable cuando se abre.;skill_link;overcoat;attract|blizzard|curse|double_team|endure|frustration|hidden_power|icy_wind|protect|rain_dance|rest|return|sleep_talk|snore|surf|swagger|swift|toxic|whirlpool;ice_beam;barrier|bubble_beam|rapid_spin|screech|take_down;water3
shellos;Shellos;water;76;48;48;57;62;34;sticky_hold;medium_fast;65;190;hp:1;1:mud_slap|2:mud_sport|4:harden|7:water_pulse|11:mud_bomb|16:hidden_power|22:rain_dance|29:body_slam|37:muddy_water|46:recover;gastrodon@30;;422;Babosa Marina;0,3;6,3;morado;50;no;No hay que apretarle muy fuerte, ya que, si lo haces, secreta un misterioso fluido morado.;storm_drain;sand_force;attract|blizzard|brine|captivate|double_team|endure|facade|frustration|hail|hidden_power|ice_beam|natural_gift|protect|rain_dance|rest|return|secret_power|sleep_talk|substitute|surf|swagger|toxic|water_pulse;ancient_power|dive|earth_power|icy_wind|mud_slap|snore;amnesia|counter|curse|fissure|memento|mirror_coat|spit_up|stockpile|swallow|yawn;water1|indeterminate
shieldon;Shieldon;rock|steel;30;42;118;42;88;30;sturdy;erratic;70;45;defense:1;1:tackle|1:protect|6:taunt|10:metal_sound|15:take_down|19:iron_defense|24:swagger|28:ancient_power|33:endure|37:metal_burst|43:iron_head;bastiodon@30;;410;Escudo;0,5;57;gris;12,5;no;Se abrillanta la cara frotándola contra los árboles. Es vulnerable a los ataques por la espalda.;;soundproof;attract|blizzard|captivate|dig|double_team|earthquake|endure|facade|fire_blast|flamethrower|flash_cannon|frustration|hidden_power|ice_beam|iron_tail|natural_gift|protect|rain_dance|rest|return|roar|rock_polish|rock_slide|rock_smash|rock_tomb|sandstorm|secret_power|shock_wave|sleep_talk|stealth_rock|stone_edge|strength|substitute|sunny_day|swagger|taunt|thunder|thunderbolt|torment|toxic;ancient_power|earth_power|iron_defense|iron_head|magnet_rise|mud_slap|snore;body_slam|curse|double_edge|fissure|focus_energy|headbutt|rock_blast|scary_face|screech;monster
shiftry;Shiftry;grass|dark;90;100;60;90;60;80;chlorophyll;medium_slow;216;45;attack:3;1:pound|1:harden|1:growth|1:nature_power;;;275;Malvado;1,3;59,6;marrón;50;no;Habita los bosques y se le tiene miedo. Es capaz de leer los pensamientos del rival y actuar en consecuencia.;wind_rider;pickpocket;aerial_ace|attract|brick_break|bullet_seed|cut|dig|double_team|facade|flash|frustration|giga_drain|hidden_power|hyper_beam|protect|rest|return|rock_smash|rock_tomb|secret_power|shadow_ball|solar_beam|strength|sunny_day|thief|torment|toxic;body_slam|defense_curl|double_edge|endure|explosion|fury_cutter|mega_kick|mimic|mud_slap|psych_up|rollout|sleep_talk|snore|substitute|swagger|swift|swords_dance;amnesia|false_swipe|leech_seed|quick_attack|razor_wind|take_down;ground|plant
shinx;Shinx;electric;45;65;34;40;34;45;rivalry;medium_slow;53;235;attack:1;1:tackle|5:leer|9:charge|13:spark|17:bite|21:roar|25:swagger|29:thunder_fang|33:crunch|37:scary_face|41:discharge;luxio@15;;403;Flash;0,5;9,5;azul;50;no;La extensión y contracción de sus músculos genera electricidad. Brilla cuando está en peligro.;intimidate;guts;attract|captivate|charge_beam|double_team|endure|facade|flash|frustration|hidden_power|iron_tail|light_screen|natural_gift|protect|rain_dance|rest|return|roar|secret_power|shock_wave|sleep_talk|strength|substitute|swagger|thief|thunder|thunder_wave|thunderbolt|toxic;fury_cutter|magnet_rise|mud_slap|signal_beam|snore|swift;fire_fang|howl|ice_fang|quick_attack|take_down|thunder_fang;ground
shroomish;Shroomish;grass;60;40;60;40;60;35;effect_spore;fluctuating;59;255;hp:1;1:absorb|4:tackle|7:stun_spore|10:leech_seed|16:mega_drain|22:headbutt|28:poison_powder|36:growth|45:giga_drain|54:spore;breloom@23;;285;Hongo;0,4;4,5;marrón;50;no;Prefiere los sitios húmedos. De día está tranquilamente en el bosque, a la sombra. Expulsa polvo tóxico por la cabeza.;poison_heal;quick_feet;attract|bullet_seed|double_team|facade|flash|frustration|giga_drain|hidden_power|protect|rest|return|safeguard|secret_power|sludge_bomb|snatch|solar_beam|sunny_day|toxic;body_slam|double_edge|endure|mimic|sleep_talk|snore|substitute|swagger|swords_dance;charm|fake_tears|false_swipe|helping_hand|swagger;fairy|plant
shuckle;Shuckle;bug|rock;20;10;230;10;230;5;sturdy;medium_slow;177;190;defense:1|sp_defense:1;1:constrict|1:withdraw|9:wrap|14:encore|23:safeguard|28:bide|37:rest;;;213;Moho;0,6;20,5;amarillo;50;no;Las bayas que almacena en su caparazón con forma de tarro se convierten al final en un espeso zumo.;gluttony;contrary;attract|curse|defense_curl|dig|double_team|earthquake|endure|flash|frustration|headbutt|hidden_power|mud_slap|protect|rest|return|rock_smash|rollout|sandstorm|sleep_talk|sludge_bomb|snore|strength|sunny_day|swagger|toxic;;sweet_scent;bug
shuppet;Shuppet;ghost;44;75;35;63;33;45;insomnia;fast;59;225;attack:1;1:knock_off|8:screech|13:night_shade|20:curse|25:spite|32:will_o_wisp|37:feint_attack|44:shadow_ball|49:snatch|56:grudge;banette@37;;353;Títere;0,6;2,3;negro;50;no;Dicen que con su cuerno se alimenta de sentimientos de celos y envidia. Es muy activo a medianoche.;frisk;cursed_body;attract|calm_mind|double_team|facade|flash|frustration|hidden_power|protect|psychic|rain_dance|rest|return|secret_power|shadow_ball|shock_wave|skill_swap|snatch|sunny_day|taunt|thief|thunder|thunderbolt|torment|toxic;body_slam|double_edge|dream_eater|endure|icy_wind|mimic|psych_up|sleep_talk|snore|substitute|swagger|thunder_wave;astonish|destiny_bond|disable|foresight|imprison;indeterminate
silcoon;Silcoon;bug;50;35;55;25;25;15;shed_skin;medium_fast;72;120;defense:2;1:harden;beautifly@10;;266;Capullo;0,6;10;blanco;50;no;Se agarra con su seda a las ramas de un árbol y espera su evolución bebiendo agua de lluvia.;;;;;;bug
skarmory;Skarmory;steel|flying;65;80;140;40;70;70;keen_eye;slow;163;25;defense:2;1:leer|1:peck|13:sand_attack|19:swift|25:agility|37:fury_attack|49:steel_wing;;;227;Coraza Ave;1,7;50,5;gris;50;no;Después de anidar en zarzas, las alas de sus polluelos crecen fortalecidas por los rasguños.;sturdy;weak_armor;attract|curse|cut|detect|double_team|endure|fly|frustration|hidden_power|mud_slap|protect|rest|return|sandstorm|sleep_talk|snore|steel_wing|sunny_day|swagger|swift|thief|toxic;;drill_peck|pursuit|sky_attack|whirlwind;flying
skiploom;Skiploom;grass|flying;55;45;50;45;65;80;chlorophyll;medium_slow;119;120;speed:2;1:splash|1:synthesis|1:tail_whip|1:tackle|13:poison_powder|15:stun_spore|17:sleep_powder|22:leech_seed|29:cotton_spore|36:mega_drain;jumpluff@27;;188;Algadón;0,6;1;verde;50;no;La flor de su cabeza se abre y cierra según suba o baje la temperatura.;leaf_guard;infiltrator;attract|curse|defense_curl|double_team|endure|flash|frustration|giga_drain|headbutt|hidden_power|protect|rest|return|sleep_talk|snore|solar_beam|sunny_day|swagger|sweet_scent|toxic;;amnesia|confusion|double_edge|encore|growl|pay_day|reflect;fairy|plant
skitty;Skitty;normal;50;45;45;35;35;50;cute_charm;fast;52;255;speed:1;1:growl|1:tackle|3:tail_whip|7:attract|13:sing|15:double_slap|19:assist|25:charm|27:feint_attack|31:covet|37:heal_bell|39:double_edge;delcatty@objeto:moon_stone;;300;Gatito;0,6;11;rosa;75;no;No puede evitar ir tras las cosas que se mueven. Hasta corre en círculos persiguiéndose la cola.;normalize;wonder_skin;attract|blizzard|calm_mind|dig|double_team|facade|flash|frustration|hidden_power|ice_beam|iron_tail|protect|rain_dance|rest|return|safeguard|secret_power|shadow_ball|shock_wave|solar_beam|sunny_day|thunder|thunderbolt|toxic|water_pulse;body_slam|defense_curl|double_edge|dream_eater|endure|icy_wind|mimic|mud_slap|psych_up|rollout|sleep_talk|snore|substitute|swagger|swift|thunder_wave;baton_pass|fake_tears|helping_hand|psych_up|substitute|tickle|uproar|wish;ground|fairy
skorupi;Skorupi;poison|bug;40;50;90;30;55;65;battle_armor;slow;66;120;defense:1;1:bite|1:poison_sting|1:leer|6:knock_off|12:pin_missile|17:acupressure|23:scary_face|28:toxic_spikes|34:bug_bite|39:poison_fang|45:crunch|50:cross_poison;drapion@40;;451;Escorpión;0,8;12;morado;50;no;Agarra a sus presas con las pinzas de la cola y les inyecta veneno. Espera hasta que hace efecto.;sniper;keen_eye;aerial_ace|attract|brick_break|captivate|cut|dark_pulse|dig|double_team|endure|facade|false_swipe|flash|fling|frustration|hidden_power|iron_tail|natural_gift|payback|poison_jab|protect|rain_dance|rest|return|rock_smash|rock_tomb|secret_power|shadow_ball|sleep_talk|sludge_bomb|strength|substitute|sunny_day|swagger|swords_dance|taunt|thief|torment|toxic|x_scissor;aqua_tail|fury_cutter|knock_off|mud_slap|snore;agility|confuse_ray|feint_attack|night_slash|pursuit|sand_attack|screech|slash|whirlwind;bug|water3
skuntank;Skuntank;poison|dark;103;93;67;71;61;84;stench;medium_fast;168;60;hp:2;1:scratch|1:focus_energy|1:poison_gas|7:screech|10:fury_swipes|14:smokescreen|18:feint|22:slash|27:toxic|32:night_slash|34:flamethrower|42:memento|52:explosion;;;435;Mofeta;1;38;morado;50;no;Para atacar, emite un fluido maloliente por la punta de su cola que puede llegar a más de 50 m.;aftermath;keen_eye;attract|captivate|cut|dark_pulse|defog|dig|double_team|endure|explosion|facade|fire_blast|flamethrower|frustration|giga_impact|hidden_power|hyper_beam|iron_tail|natural_gift|payback|poison_jab|protect|rain_dance|rest|return|roar|rock_smash|secret_power|shadow_ball|shadow_claw|sleep_talk|sludge_bomb|snatch|strength|substitute|sunny_day|swagger|taunt|thief|torment|toxic;fury_cutter|mud_slap|snore|sucker_punch|swift;astonish|crunch|double_edge|leer|punishment|pursuit|scary_face|smog;ground
slaking;Slaking;normal;150;160;100;95;65;100;truant;slow;252;45;hp:3;1:scratch|1:yawn|1:encore|1:slack_off|19:feint_attack|25:amnesia|31:covet|36:swagger|37:counter|43:flail;;;289;Holgazán;2;130,5;marrón;50;no;El Pokémon más perezoso del mundo. Cambia de lugar para coger la comida al alcance de su mano.;;;aerial_ace|attract|blizzard|brick_break|bulk_up|cut|double_team|earthquake|facade|fire_blast|flamethrower|focus_punch|frustration|hidden_power|hyper_beam|ice_beam|protect|rain_dance|rest|return|roar|rock_smash|secret_power|shadow_ball|shock_wave|solar_beam|strength|sunny_day|taunt|thunder|thunderbolt|toxic|water_pulse;body_slam|counter|double_edge|dynamic_punch|endure|fire_punch|fury_cutter|ice_punch|icy_wind|mega_kick|mega_punch|mimic|mud_slap|rock_slide|seismic_toss|sleep_talk|snore|substitute|swagger|thunder_punch;body_slam|crush_claw|curse|pursuit|slash|sleep_talk|snore;ground
slakoth;Slakoth;normal;60;60;60;35;35;30;truant;slow;56;255;hp:1;1:scratch|1:yawn|7:encore|13:slack_off|19:feint_attack|25:amnesia|31:covet|37:counter|43:flail;vigoroth@18;;287;Gandul;0,8;24;marrón;50;no;Slakoth se pasa todo el día holgazaneando y solo con verlo a uno le entra mucha pereza.;;;aerial_ace|attract|blizzard|brick_break|bulk_up|cut|double_team|facade|fire_blast|flamethrower|focus_punch|frustration|hidden_power|ice_beam|protect|rain_dance|rest|return|rock_smash|secret_power|shadow_ball|shock_wave|solar_beam|strength|sunny_day|thunder|thunderbolt|toxic|water_pulse;body_slam|counter|double_edge|dynamic_punch|endure|fire_punch|fury_cutter|ice_punch|icy_wind|mega_kick|mega_punch|mimic|mud_slap|rock_slide|seismic_toss|sleep_talk|snore|substitute|swagger|thunder_punch;body_slam|crush_claw|curse|pursuit|slash|sleep_talk|snore;ground
slowbro;Slowbro;water|psychic;95;75;110;100;80;30;oblivious;medium_fast;172;75;defense:2;1:curse|1:tackle|1:growl|1:water_gun|20:confusion|29:disable|34:headbutt|37:withdraw|46:amnesia|54:psychic;;;80;Ermitaño;1,6;78,5;rosa;50;no;Tiene una cola tan apetecible, que el Shellder que va enganchado a ella no se soltará por nada del mundo.;own_tempo;regenerator;attract|blizzard|curse|dig|double_team|dream_eater|dynamic_punch|earthquake|endure|fire_blast|flash|frustration|fury_cutter|headbutt|hidden_power|hyper_beam|ice_punch|icy_wind|iron_tail|mud_slap|nightmare|protect|psych_up|psychic|rain_dance|rest|return|rock_smash|shadow_ball|sleep_talk|snore|strength|sunny_day|surf|swagger|swift|toxic|zap_cannon;flamethrower|ice_beam;belly_drum|future_sight|safeguard|stomp;monster|water1
slowking;Slowking;water|psychic;95;75;80;100;110;30;oblivious;medium_fast;172;70;sp_defense:2;1:curse|1:tackle|6:growl|15:water_gun|20:confusion|29:disable|34:headbutt|43:swagger|48:psychic;;;199;Regio;2;79,5;rosa;50;no;Su intelecto e intuición son increíbles. No pierde la compostura en ninguna situación.;own_tempo;regenerator;attract|blizzard|curse|dig|double_team|dream_eater|dynamic_punch|earthquake|endure|fire_blast|flash|frustration|fury_cutter|headbutt|hidden_power|hyper_beam|ice_punch|icy_wind|iron_tail|mud_slap|nightmare|protect|psych_up|psychic|rain_dance|rest|return|rock_smash|shadow_ball|sleep_talk|snore|strength|sunny_day|surf|swagger|swift|toxic|whirlpool|zap_cannon;flamethrower|ice_beam;belly_drum|future_sight|safeguard|stomp;monster|water1
slowpoke;Slowpoke;water|psychic;90;65;65;40;40;15;oblivious;medium_fast;63;190;hp:1;1:curse|1:tackle|6:growl|15:water_gun|20:confusion|29:disable|34:headbutt|43:amnesia|48:psychic;slowbro@37|slowking@intercambio:kings_rock;;79;Atontado;1,2;36;rosa;50;no;Está siempre en su mundo, pero nadie sabe en qué piensa. Suele pescar con la cola.;own_tempo;regenerator;attract|blizzard|curse|dig|double_team|dream_eater|earthquake|endure|fire_blast|flash|frustration|headbutt|hidden_power|icy_wind|iron_tail|mud_slap|nightmare|protect|psych_up|psychic|rain_dance|rest|return|shadow_ball|sleep_talk|snore|strength|sunny_day|surf|swagger|swift|toxic|zap_cannon;flamethrower|ice_beam;belly_drum|future_sight|safeguard|stomp;monster|water1
slugma;Slugma;fire;40;40;40;70;40;20;magma_armor;medium_fast;50;190;sp_attack:1;1:smog|8:ember|15:rock_throw|22:harden|29:amnesia|36:flamethrower|43:rock_slide|50:body_slam;magcargo@38;;218;Lava;0,7;35;rojo;50;no;Asiduo a las zonas volcánicas, se desliza lentamente en busca de lugares calientes.;flame_body;weak_armor;attract|curse|defense_curl|double_team|endure|fire_blast|frustration|hidden_power|mud_slap|protect|rest|return|rock_smash|rollout|sleep_talk|snore|sunny_day|swagger|toxic;flamethrower;acid_armor;indeterminate
smeargle;Smeargle;normal;55;20;35;20;45;75;own_tempo;fast;88;45;speed:1;1:sketch;;;235;Pintor;1,2;58;blanco;50;no;Marca su territorio usando su cola a modo de pincel. Ha hecho más de 5000 marcas diferentes.;technician;moody;;;;ground
smoochum;Smoochum;ice|psychic;45;30;15;85;65;65;oblivious;medium_fast;61;45;sp_attack:1;1:pound|1:lick|9:sweet_kiss|13:powder_snow|21:confusion|25:sing|33:mean_look|37:psychic|45:perish_song|49:blizzard;jynx@30;;238;Beso;0,4;6;rosa;100;no;Sus labios son la parte más sensible de su cuerpo. Siempre los usa para examinar las cosas.;forewarn;hydration;attract|blizzard|curse|double_team|dream_eater|dynamic_punch|endure|frustration|hidden_power|ice_punch|icy_wind|mud_slap|nightmare|protect|psych_up|psychic|rain_dance|rest|return|shadow_ball|sleep_talk|snore|swagger|sweet_scent|thief|toxic;ice_beam;meditate;no_eggs
sneasel;Sneasel;dark|ice;55;95;55;35;75;115;inner_focus;medium_slow;86;60;speed:1;1:scratch|1:leer|9:quick_attack|17:screech|25:feint_attack|33:fury_swipes|41:agility|49:slash|57:beat_up|65:metal_claw;weavile@subir+hora:noche+lleva:razor_claw;;215;Garra Filo;0,9;28;negro;50;no;Se alimenta de huevos robados en nidos. Clava sus afiladas garras en los puntos débiles de sus rivales.;keen_eye;pickpocket;attract|blizzard|curse|cut|defense_curl|detect|dig|double_team|dream_eater|dynamic_punch|endure|frustration|fury_cutter|headbutt|hidden_power|ice_punch|icy_wind|iron_tail|mud_slap|nightmare|protect|psych_up|rain_dance|rest|return|rock_smash|shadow_ball|sleep_talk|snore|strength|surf|swagger|swift|thief|toxic;ice_beam;bite|counter|foresight|reflect|spite;ground
snorlax;Snorlax;normal;160;110;65;65;110;30;immunity;slow;189;25;hp:2;1:tackle|8:amnesia|15:defense_curl|22:belly_drum|29:headbutt|36:snore|36:rest|43:body_slam|50:rollout|57:hyper_beam;;;143;Dormir;2,1;460;negro;12,5;no;No se encuentra satisfecho hasta que no se come 400 kg de comida cada día. Cuando acaba de comer, se queda dormido.;thick_fat;gluttony;attract|blizzard|curse|defense_curl|double_team|dynamic_punch|earthquake|endure|fire_blast|fire_punch|frustration|headbutt|hidden_power|hyper_beam|ice_punch|icy_wind|mud_slap|protect|psych_up|psychic|rain_dance|rest|return|rock_smash|rollout|sandstorm|shadow_ball|sleep_talk|snore|solar_beam|strength|sunny_day|surf|swagger|thunder|thunder_punch|toxic|zap_cannon;flamethrower|ice_beam|thunderbolt;lick;monster
snorunt;Snorunt;ice;50;50;50;50;50;50;inner_focus;medium_fast;60;190;hp:1;1:powder_snow|1:leer|7:double_team|10:bite|16:icy_wind|19:headbutt|25:protect|28:crunch|34:ice_beam|37:hail|43:blizzard;glalie@42|froslass@objeto:dawn_stone+azar:50;;361;Gorro Nieve;0,7;16,8;gris;50;no;Se dice que se reúnen en grupos bajo hojas gigantescas y viven allí en total armonía.;ice_body;moody;attract|blizzard|double_team|facade|flash|frustration|hail|hidden_power|ice_beam|light_screen|protect|rain_dance|rest|return|safeguard|secret_power|shadow_ball|toxic|water_pulse;body_slam|double_edge|endure|icy_wind|mimic|sleep_talk|snore|substitute|swagger;block|spikes;fairy|mineral
snover;Snover;grass|ice;60;62;50;62;60;40;snow_warning;slow;67;120;attack:1;1:powder_snow|1:leer|5:razor_leaf|9:icy_wind|13:grass_whistle|17:swagger|21:mist|26:ice_shard|31:ingrain|36:wood_hammer|41:blizzard|46:sheer_cold;abomasnow@40;;459;Árbol Nieve;1;50,5;blanco;50;no;En las estaciones frías baja al pie de la montaña, pero regresa a las cimas nevadas en primavera.;;soundproof;attract|avalanche|blizzard|bullet_seed|captivate|double_team|endure|energy_ball|facade|flash|frustration|giga_drain|grass_knot|hail|hidden_power|ice_beam|iron_tail|light_screen|natural_gift|protect|rain_dance|rest|return|safeguard|secret_power|shadow_ball|sleep_talk|solar_beam|substitute|swagger|swords_dance|toxic|water_pulse;ice_punch|icy_wind|mud_slap|seed_bomb|snore|synthesis;double_edge|growth|leech_seed|magical_leaf|mist|seed_bomb|stomp;monster|plant
snubbull;Snubbull;fairy;60;80;50;40;40;30;intimidate;fast;60;190;attack:1;1:tackle|1:scary_face|4:tail_whip|8:charm|13:bite|19:lick|26:roar|34:rage|43:take_down;granbull@23;;209;Hada;0,6;7,8;rosa;75;no;Muy travieso por naturaleza, a muchas mujeres les gusta jugar con él porque es muy cariñoso.;run_away;rattled;attract|curse|defense_curl|detect|double_team|dynamic_punch|endure|fire_punch|frustration|headbutt|hidden_power|ice_punch|mud_slap|protect|rain_dance|rest|return|roar|rock_smash|shadow_ball|sleep_talk|sludge_bomb|snore|strength|sunny_day|swagger|thief|thunder|thunder_punch|toxic|zap_cannon;thunderbolt;crunch|feint_attack|heal_bell|leer|lick|metronome|present|reflect;ground|fairy
solrock;Solrock;rock|psychic;90;95;85;55;65;70;levitate;fast;161;45;attack:2;1:tackle|1:harden|7:confusion|13:rock_throw|19:fire_spin|25:psywave|31:cosmic_power|37:rock_slide|43:solar_beam|49:explosion;;;338;Meteorito;1,2;154;rojo;sin_genero;no;Usa el sol como fuente de energía, por lo que es más poderoso de día. Brilla al rotar.;;;calm_mind|double_team|earthquake|facade|fire_blast|flamethrower|flash|frustration|hidden_power|hyper_beam|light_screen|overheat|protect|psychic|reflect|rest|return|rock_tomb|safeguard|sandstorm|secret_power|shadow_ball|skill_swap|solar_beam|sunny_day|toxic;body_slam|defense_curl|double_edge|dream_eater|endure|explosion|mimic|psych_up|rock_slide|rollout|sleep_talk|snore|substitute|swagger|swift;;mineral
spearow;Spearow;normal|flying;40;60;30;31;31;70;keen_eye;medium_fast;52;255;speed:1;1:peck|1:growl|7:leer|13:fury_attack|25:pursuit|31:mirror_move|37:drill_peck|43:agility;fearow@20;;21;Pajarito;0,3;2;marrón;50;no;Muy protector de su territorio, mueve sus cortas alas sin descanso para lanzarse a toda velocidad.;;sniper;attract|curse|detect|double_team|endure|fly|frustration|hidden_power|mud_slap|protect|rest|return|sleep_talk|snore|steel_wing|sunny_day|swagger|swift|thief|toxic;;false_swipe|feint_attack|quick_attack|scary_face|tri_attack;flying
spheal;Spheal;ice|water;70;40;50;55;50;25;thick_fat;medium_slow;58;255;hp:1;1:powder_snow|1:growl|1:water_gun|7:encore|13:ice_ball|19:body_slam|25:aurora_beam|31:hail|37:rest|37:snore|43:blizzard|49:sheer_cold;sealeo@32;;363;Aplauso;0,8;39,5;azul;50;no;Como no saben nadar muy bien, se mueven rápidamente rodando. Cuando están alegres, dan palmadas con las aletas.;ice_body;oblivious;attract|blizzard|dive|double_team|earthquake|facade|frustration|hail|hidden_power|ice_beam|iron_tail|protect|rain_dance|rest|return|rock_smash|rock_tomb|secret_power|strength|surf|toxic|water_pulse|waterfall;body_slam|defense_curl|double_edge|endure|icy_wind|mimic|mud_slap|rock_slide|rollout|sleep_talk|snore|substitute|swagger;curse|fissure|rock_slide|spit_up|stockpile|swallow|water_sport|yawn;water1|ground
spinarak;Spinarak;bug|poison;40;60;40;40;40;30;swarm;fast;50;255;attack:1;1:poison_sting|1:string_shot|6:scary_face|11:constrict|17:night_shade|23:leech_life|30:fury_swipes|37:spider_web|45:agility|53:psychic;ariados@22;;167;Escupesoga;0,5;8,5;verde;50;no;Teje su telaraña con hilo fino pero resistente. Espera pacientemente a que caiga su presa.;insomnia;sniper;attract|curse|dig|double_team|endure|flash|frustration|giga_drain|hidden_power|protect|psychic|rest|return|sleep_talk|sludge_bomb|snore|solar_beam|sunny_day|swagger|thief|toxic;;baton_pass|disable|psybeam|pursuit|sonic_boom;bug
spinda;Spinda;normal;60;60;60;60;60;60;own_tempo;fast;126;255;sp_attack:1;1:tackle|5:uproar|12:feint_attack|16:psybeam|23:hypnosis|27:dizzy_punch|34:teeter_dance|38:psych_up|45:double_edge|49:flail|56:thrash;;;327;Panda Topos;1,1;5;marrón;50;no;No hay dos Spinda que tengan idénticos pelajes. Su tambaleo al bailar confunde a los rivales.;tangled_feet;contrary;attract|brick_break|calm_mind|dig|double_team|facade|flash|focus_punch|frustration|hidden_power|protect|psychic|rain_dance|rest|return|rock_smash|rock_tomb|safeguard|secret_power|shadow_ball|shock_wave|skill_swap|snatch|strength|sunny_day|thief|toxic|water_pulse;body_slam|counter|defense_curl|double_edge|dream_eater|dynamic_punch|endure|fire_punch|ice_punch|icy_wind|mega_kick|mega_punch|metronome|mimic|mud_slap|psych_up|rock_slide|rollout|seismic_toss|sleep_talk|snore|substitute|swagger|swift|thunder_punch;assist|baton_pass|disable|encore|rock_slide|smelling_salts|trick|wish;ground|humanshape
spiritomb;Spiritomb;ghost|dark;50;92;108;92;108;35;pressure;medium_fast;170;100;defense:1|sp_defense:1;1:curse|1:pursuit|1:confuse_ray|1:spite|1:shadow_sneak|7:feint_attack|13:hypnosis|19:dream_eater|25:ominous_wind|31:sucker_punch|37:nasty_plot|43:memento|49:dark_pulse;;;442;Prohibido;1;108;morado;50;no;Se formó a partir de 108 espíritus. Está unido a la fisura de una piedra angular mística.;;infiltrator;attract|calm_mind|captivate|dark_pulse|double_team|dream_eater|embargo|endure|facade|flash|frustration|giga_impact|hidden_power|hyper_beam|natural_gift|protect|psych_up|psychic|rain_dance|rest|return|rock_tomb|secret_power|shadow_ball|shock_wave|silver_wind|sleep_talk|snatch|substitute|sunny_day|swagger|taunt|thief|torment|toxic|water_pulse|will_o_wisp;icy_wind|ominous_wind|snore|spite|sucker_punch|trick|uproar;destiny_bond|grudge|imprison|pain_split|shadow_sneak|smokescreen;indeterminate
spoink;Spoink;psychic;60;25;35;70;80;60;thick_fat;fast;66;255;sp_defense:1;1:splash|7:psywave|10:odor_sleuth|16:psybeam|19:psych_up|25:confuse_ray|28:magic_coat|34:psychic|37:rest|37:snore|43:bounce;grumpig@32;;325;Saltarín;0,7;30,6;negro;50;no;Bota continuamente usando su cola como muelle. Salta para mantener el latido de su corazón.;own_tempo;gluttony;attract|calm_mind|double_team|facade|flash|frustration|hidden_power|iron_tail|light_screen|protect|psychic|rain_dance|reflect|rest|return|secret_power|shadow_ball|shock_wave|skill_swap|snatch|sunny_day|taunt|thief|torment|toxic;body_slam|double_edge|dream_eater|endure|icy_wind|mimic|psych_up|sleep_talk|snore|substitute|swagger|swift;extrasensory|future_sight|substitute|trick;ground
squirtle;Squirtle;water;44;48;65;50;64;43;torrent;medium_slow;63;45;defense:1;1:tackle|4:tail_whip|7:bubble|10:withdraw|13:water_gun|18:bite|23:rapid_spin|28:protect|33:rain_dance|40:skull_bash|47:hydro_pump;wartortle@16;;7;Tortuguita;0,5;9;azul;12,5;no;Se protege con su caparazón y luego contraataca lanzando agua a presión cuando tiene oportunidad.;;rain_dish;attract|blizzard|curse|defense_curl|dig|double_team|dynamic_punch|endure|frustration|headbutt|hidden_power|ice_punch|icy_wind|iron_tail|mud_slap|protect|rain_dance|rest|return|rock_smash|rollout|sleep_talk|snore|strength|surf|swagger|toxic|waterfall|whirlpool;ice_beam;confusion|flail|foresight|haze|mirror_coat|mist;monster|water1
stantler;Stantler;normal;73;95;62;85;65;85;intimidate;slow;163;45;attack:1;1:tackle|8:leer|15:hypnosis|23:stomp|31:sand_attack|40:take_down|49:confuse_ray;;;234;Gran Cuerno;1,4;71,2;marrón;50;no;Mirar a su cornamenta provoca una extraña sensación de pérdida de equilibrio.;frisk;sap_sipper;attract|curse|detect|double_team|dream_eater|earthquake|endure|flash|frustration|headbutt|hidden_power|mud_slap|nightmare|protect|psych_up|psychic|rain_dance|rest|return|roar|sleep_talk|snore|sunny_day|swagger|swift|thief|toxic;;bite|disable|light_screen|reflect|spite;ground
staraptor;Staraptor;normal|flying;85;120;70;50;60;100;intimidate;medium_slow;218;45;attack:3;1:tackle|1:growl|1:quick_attack|1:wing_attack|13:double_team|18:endeavor|23:whirlwind|28:aerial_ace|33:take_down|34:close_combat|41:agility|49:brave_bird;;;398;Depredador;1,2;24,9;marrón;50;no;Sus alas y sus patas son muy fuertes. Puede llevarse volando Pokémon pequeños.;;reckless;aerial_ace|attract|captivate|defog|double_team|endure|facade|fly|frustration|giga_impact|hidden_power|hyper_beam|natural_gift|pluck|protect|rain_dance|rest|return|roost|secret_power|sleep_talk|steel_wing|substitute|sunny_day|swagger|thief|toxic|u_turn;air_cutter|endeavor|heat_wave|mud_slap|ominous_wind|snore|swift|twister;astonish|double_edge|feather_dance|foresight|fury_attack|pursuit|sand_attack;flying
staravia;Staravia;normal|flying;55;75;50;40;40;80;intimidate;medium_slow;119;120;speed:2;1:tackle|1:growl|1:quick_attack|9:wing_attack|13:double_team|18:endeavor|23:whirlwind|28:aerial_ace|33:take_down|38:agility|43:brave_bird;staraptor@34;;397;Estornino;0,6;15,5;marrón;50;no;Vive siempre en grandes grupos y las disputas dentro de ellos son muy intensas.;;reckless;aerial_ace|attract|captivate|defog|double_team|endure|facade|fly|frustration|hidden_power|natural_gift|pluck|protect|rain_dance|rest|return|roost|secret_power|sleep_talk|steel_wing|substitute|sunny_day|swagger|thief|toxic|u_turn;air_cutter|endeavor|heat_wave|mud_slap|ominous_wind|snore|swift|twister;astonish|double_edge|feather_dance|foresight|fury_attack|pursuit|sand_attack;flying
starly;Starly;normal|flying;40;55;30;30;30;60;keen_eye;medium_slow;49;255;speed:1;1:tackle|1:growl|5:quick_attack|9:wing_attack|13:double_team|17:endeavor|21:whirlwind|25:aerial_ace|29:take_down|33:agility|37:brave_bird;staravia@14;;396;Estornino;0,3;2;marrón;50;no;Viaja en grandes bandadas. Aunque es pequeño, agita las alas con gran fuerza.;;reckless;aerial_ace|attract|captivate|defog|double_team|endure|facade|fly|frustration|hidden_power|natural_gift|pluck|protect|rain_dance|rest|return|roost|secret_power|sleep_talk|steel_wing|substitute|sunny_day|swagger|thief|toxic|u_turn;air_cutter|endeavor|heat_wave|mud_slap|ominous_wind|snore|swift|twister;astonish|double_edge|feather_dance|foresight|fury_attack|pursuit|sand_attack;flying
starmie;Starmie;water|psychic;60;75;85;100;85;115;illuminate;slow;182;60;speed:2;1:tackle|1:rapid_spin|1:recover|1:bubble_beam|37:confuse_ray;;;121;Misterioso;1,1;80;morado;sin_genero;no;Su núcleo central brilla con los colores del arcoíris. Para algunos tiene el valor de una gema.;natural_cure;analytic;attract|blizzard|curse|double_team|dream_eater|endure|flash|frustration|hidden_power|hyper_beam|icy_wind|nightmare|protect|psych_up|psychic|rain_dance|rest|return|sleep_talk|snore|surf|swagger|swift|thunder|toxic|waterfall|whirlpool|zap_cannon;ice_beam|thunderbolt;;water3
staryu;Staryu;water;30;45;55;70;55;85;illuminate;slow;68;225;speed:1;1:tackle|1:harden|7:water_gun|13:rapid_spin|19:recover|25:swift|31:bubble_beam|37:minimize|43:light_screen|50:hydro_pump;starmie@objeto:water_stone;;120;Estrella;0,8;34,5;marrón;sin_genero;no;Aunque sus brazos se rompan podrán regenerarse, siempre y cuando su núcleo siga intacto.;natural_cure;analytic;attract|blizzard|curse|double_team|endure|flash|frustration|hidden_power|icy_wind|protect|psych_up|psychic|rain_dance|rest|return|sleep_talk|snore|surf|swagger|swift|thunder|toxic|waterfall|whirlpool|zap_cannon;ice_beam|thunderbolt;;water3
steelix;Steelix;steel|ground;75;85;200;55;65;30;rock_head;medium_fast;179;25;defense:2;1:tackle|1:screech|10:bind|14:rock_throw|23:harden|27:rage|36:sandstorm|40:slam|49:crunch;;;208;Serpiente Férrea;9,2;400;gris;50;no;Su cuerpo es más duro que cualquier metal debido a la gran presión y calor de su hábitat.;sturdy;sheer_force;attract|curse|cut|defense_curl|dig|double_team|dragon_breath|earthquake|endure|frustration|headbutt|hidden_power|hyper_beam|iron_tail|mud_slap|protect|rest|return|roar|rock_smash|rollout|sandstorm|sleep_talk|snore|strength|sunny_day|swagger|toxic;;flail|rock_slide;mineral
stunky;Stunky;poison|dark;63;63;47;41;41;74;stench;medium_fast;66;225;speed:1;1:scratch|1:focus_energy|4:poison_gas|7:screech|10:fury_swipes|14:smokescreen|18:feint|22:slash|27:toxic|32:night_slash|38:memento|44:explosion;skuntank@34;;434;Mofeta;0,4;19,2;morado;50;no;Expulsa un fluido maloliente por sus cuartos traseros. El hedor repele Pokémon en un radio de 2 km.;aftermath;keen_eye;attract|captivate|cut|dark_pulse|defog|dig|double_team|endure|explosion|facade|fire_blast|flamethrower|frustration|hidden_power|iron_tail|natural_gift|payback|protect|rain_dance|rest|return|roar|rock_smash|secret_power|shadow_ball|shadow_claw|sleep_talk|sludge_bomb|snatch|substitute|sunny_day|swagger|taunt|thief|torment|toxic;fury_cutter|mud_slap|snore|sucker_punch|swift;astonish|crunch|double_edge|leer|punishment|pursuit|scary_face|smog;ground
sudowoodo;Sudowoodo;rock;70;100;115;30;65;30;sturdy;medium_fast;144;65;defense:2;1:rock_throw|1:mimic|10:flail|19:low_kick|28:rock_slide|37:feint_attack|46:slam;;;185;Imitación;1,2;38;marrón;50;no;Aunque pretende ser un árbol, en su composición se parece más a una roca que a una planta.;rock_head;rattled;attract|curse|defense_curl|dig|double_team|dynamic_punch|earthquake|endure|fire_punch|frustration|headbutt|hidden_power|ice_punch|mud_slap|protect|psych_up|rest|return|rock_smash|rollout|sandstorm|sleep_talk|snore|strength|sunny_day|swagger|thief|thunder_punch|toxic;;self_destruct;mineral
suicune;Suicune;water;100;75;115;90;115;85;pressure;slow;261;3;defense:1|sp_defense:2;1:bite|1:leer|11:bubble_beam|21:rain_dance|31:gust|41:aurora_beam|51:mist|61:mirror_coat|71:hydro_pump;;;245;Aurora;2;187;azul;sin_genero;si;Recorre el mundo para purificar agua contaminada. Corre veloz con el viento del norte.;;inner_focus;blizzard|curse|cut|detect|dig|double_team|endure|frustration|headbutt|hidden_power|hyper_beam|icy_wind|iron_tail|mud_slap|protect|psych_up|rain_dance|rest|return|roar|rock_smash|sandstorm|sleep_talk|snore|sunny_day|surf|swagger|swift|toxic|waterfall|whirlpool;ice_beam;;no_eggs
sunflora;Sunflora;grass;75;75;55;105;85;30;chlorophyll;medium_slow;149;120;sp_attack:2;1:absorb|1:pound|4:growth|10:razor_leaf|19:sunny_day|31:petal_dance|46:solar_beam;;;192;Sol;0,8;8,5;amarillo;50;no;A medida que se acerca el verano, va adquiriendo un color más vivo e intenso en los pétalos de la cara.;solar_power;early_bird;attract|curse|cut|double_team|endure|flash|frustration|giga_drain|hidden_power|hyper_beam|protect|rest|return|sleep_talk|sludge_bomb|snore|solar_beam|sunny_day|swagger|sweet_scent|toxic;;;plant
sunkern;Sunkern;grass;30;30;30;30;30;30;chlorophyll;medium_slow;36;235;sp_attack:1;1:absorb|4:growth|10:mega_drain|19:sunny_day|31:synthesis|46:giga_drain;sunflora@objeto:sun_stone;;191;Semilla;0,3;1,8;amarillo;50;no;Puede caer del cielo de repente. Si le ataca un Spearow, moverá violentamente sus hojas.;solar_power;early_bird;attract|curse|cut|double_team|endure|flash|frustration|giga_drain|hidden_power|protect|rest|return|sleep_talk|sludge_bomb|snore|solar_beam|sunny_day|swagger|sweet_scent|toxic;;;plant
surskit;Surskit;bug|water;40;30;32;50;52;65;swift_swim;medium_fast;54;200;speed:1;1:bubble|7:quick_attack|13:sweet_scent|19:water_sport|25:bubble_beam|31:agility|37:mist|37:haze;masquerain@22;;283;Zapatero;0,5;1,7;azul;50;no;Vive en estanques, pero cuando se desata una tormenta puede aparecer en los charcos que se forman en las ciudades.;;rain_dish;attract|blizzard|double_team|facade|flash|frustration|giga_drain|hidden_power|ice_beam|protect|rain_dance|rest|return|secret_power|shadow_ball|solar_beam|sunny_day|thief|toxic|water_pulse;double_edge|endure|icy_wind|mimic|psych_up|sleep_talk|snore|substitute|swagger|swift;foresight|hydro_pump|mind_reader|mud_shot|psybeam;water1|bug
swablu;Swablu;normal|flying;45;40;60;40;75;50;natural_cure;erratic;62;255;sp_defense:1;1:peck|1:growl|8:astonish|11:sing|18:fury_attack|21:safeguard|28:mist|31:take_down|38:mirror_move|41:refresh|48:perish_song;altaria@35;;333;Ave Algodón;0,4;1,2;azul;50;no;Se desconoce el porqué, pero le encanta posarse sobre la cabeza de los humanos y fingir que es un gorro.;;cloud_nine;aerial_ace|attract|double_team|facade|fly|frustration|hidden_power|ice_beam|protect|rain_dance|rest|return|safeguard|secret_power|solar_beam|steel_wing|sunny_day|thief|toxic;body_slam|double_edge|dream_eater|endure|mimic|mud_slap|psych_up|sleep_talk|snore|substitute|swagger|swift;agility|haze|pursuit|rage;flying|dragon
swalot;Swalot;poison;100;73;83;73;83;55;liquid_ooze;fluctuating;163;75;hp:2;1:pound|1:yawn|1:poison_gas|1:sludge|17:amnesia|23:encore|26:body_slam|31:toxic|40:stockpile|40:spit_up|40:swallow|48:sludge_bomb;;;317;Bolsa Veneno;1,7;80;morado;50;no;Se traga cualquier cosa de una pieza. Sus poros segregan fluidos tóxicos que dañan a sus enemigos.;sticky_hold;gluttony;attract|bullet_seed|double_team|facade|frustration|giga_drain|hidden_power|hyper_beam|ice_beam|protect|rain_dance|rest|return|rock_smash|secret_power|shadow_ball|shock_wave|sludge_bomb|snatch|solar_beam|strength|sunny_day|toxic|water_pulse;body_slam|counter|defense_curl|double_edge|dream_eater|dynamic_punch|endure|explosion|fire_punch|ice_punch|mimic|mud_slap|rollout|sleep_talk|snore|substitute|swagger|thunder_punch;acid_armor|dream_eater|pain_split|smog;indeterminate
swampert;Swampert;water|ground;100;110;90;85;90;60;torrent;medium_slow;241;45;attack:3;1:tackle|1:growl|1:mud_slap|1:water_gun|15:bide|16:mud_shot|20:foresight|25:mud_sport|31:take_down|39:muddy_water|46:protect|52:earthquake|61:endeavor;;;260;Pez Lodo;1,5;81,9;azul;12,5;no;Con sus brazos duros como el acero puede partir rocas gigantescas en mil pedazos de un solo golpe.;;damp;attract|blizzard|brick_break|dig|dive|double_team|earthquake|facade|focus_punch|frustration|hail|hidden_power|hyper_beam|ice_beam|iron_tail|protect|rain_dance|rest|return|roar|rock_smash|rock_tomb|secret_power|strength|surf|toxic|water_pulse|waterfall;body_slam|counter|defense_curl|double_edge|dynamic_punch|endure|ice_punch|icy_wind|mega_kick|mega_punch|mimic|mud_slap|rock_slide|rollout|seismic_toss|sleep_talk|snore|substitute|swagger;curse|ice_ball|mirror_coat|refresh|stomp|uproar;monster|water1
swellow;Swellow;normal|flying;60;85;60;75;50;125;guts;medium_slow;159;45;speed:2;1:peck|1:growl|1:focus_energy|1:quick_attack|13:wing_attack|19:double_team|28:endeavor|38:aerial_ace|49:agility;;;277;Buche;0,7;19,8;azul;50;no;Cuando se encuentra bien, pone firmes las plumas de la cola doble que tiene. Remonta el vuelo de forma muy elegante.;;scrappy;aerial_ace|attract|double_team|facade|fly|frustration|hidden_power|hyper_beam|protect|rain_dance|rest|return|secret_power|steel_wing|sunny_day|thief|toxic;counter|double_edge|endure|mimic|mud_slap|sleep_talk|snore|substitute|swagger|swift;mirror_move|pursuit|rage|refresh|sky_attack|supersonic;flying
swinub;Swinub;ice|ground;50;50;40;30;30;50;oblivious;slow;50;225;attack:1;1:tackle|10:powder_snow|19:endure|28:take_down|37:mist|46:blizzard|55:amnesia;piloswine@33;;220;Cerdo;0,4;6,5;marrón;50;no;Frota su hocico contra el suelo para desenterrar comida. A veces descubre aguas termales.;snow_cloak;thick_fat;attract|blizzard|curse|defense_curl|detect|double_team|earthquake|endure|frustration|headbutt|hidden_power|icy_wind|mud_slap|protect|rain_dance|rest|return|roar|rock_smash|sleep_talk|snore|strength|swagger|toxic;ice_beam;ancient_power|bite|body_slam|rock_slide|take_down;ground
taillow;Taillow;normal|flying;40;55;30;30;30;85;guts;medium_slow;54;200;speed:1;1:peck|1:growl|4:focus_energy|8:quick_attack|13:wing_attack|19:double_team|26:endeavor|34:aerial_ace|43:agility;swellow@22;;276;Pequebuche;0,3;2,3;azul;50;no;Es un Pokémon valiente que no teme a los rivales fuertes. Vuela en busca de climas templados.;;scrappy;aerial_ace|attract|double_team|facade|fly|frustration|hidden_power|protect|rain_dance|rest|return|secret_power|steel_wing|sunny_day|thief|toxic;counter|double_edge|endure|mimic|mud_slap|sleep_talk|snore|substitute|swagger|swift;mirror_move|pursuit|rage|refresh|sky_attack|supersonic;flying
tangela;Tangela;grass;65;55;115;100;40;60;chlorophyll;medium_fast;87;45;defense:1;1:constrict|4:sleep_powder|10:absorb|13:poison_powder|19:vine_whip|25:bind|31:mega_drain|34:stun_spore|40:slam|46:growth;tangrowth@subir+sabe:ancient_power;;114;Enredadera;1;35;azul;50;no;Se camufla con la multitud de lianas que envuelven su cuerpo y que no dejan de crecer a lo largo de toda su vida.;leaf_guard;regenerator;attract|curse|cut|double_team|endure|flash|frustration|giga_drain|headbutt|hidden_power|hyper_beam|protect|psych_up|rest|return|sleep_talk|sludge_bomb|snore|solar_beam|sunny_day|swagger|sweet_scent|thief|toxic;;amnesia|confusion|flail|mega_drain|reflect;plant
tangrowth;Tangrowth;grass;100;100;125;110;50;50;chlorophyll;medium_fast;187;30;defense:2;1:ingrain|1:constrict|5:sleep_powder|8:absorb|12:growth|15:poison_powder|19:vine_whip|22:bind|26:mega_drain|29:stun_spore|33:ancient_power|36:knock_off|40:natural_gift|43:slam|47:tickle|50:wring_out|54:power_whip|57:block;;;465;Enredadera;2;128,6;azul;50;no;Atrapa a su presa desplegando las ramas de sus brazos, que no le importa perder ante depredadores.;leaf_guard;regenerator;aerial_ace|attract|brick_break|bullet_seed|captivate|cut|double_team|earthquake|endure|energy_ball|facade|flash|fling|focus_blast|frustration|giga_drain|giga_impact|grass_knot|hidden_power|hyper_beam|natural_gift|payback|poison_jab|protect|psych_up|reflect|rest|return|rock_slide|rock_smash|rock_tomb|secret_power|shock_wave|sleep_talk|sludge_bomb|solar_beam|strength|substitute|sunny_day|swagger|swords_dance|thief|toxic;ancient_power|knock_off|mud_slap|seed_bomb|snore|synthesis;amnesia|confusion|flail|mega_drain|reflect;plant
tauros;Tauros;normal;75;100;95;40;70;110;intimidate;slow;172;45;attack:1|speed:1;1:tackle|4:tail_whip|8:rage|13:horn_attack|19:scary_face|26:pursuit|34:rest|43:thrash|53:take_down;;;128;Toro Bravo;1,4;88,4;marrón;0;no;Después de animarse a luchar fustigándose con sus tres colas, carga a toda velocidad.;anger_point;sheer_force;attract|blizzard|curse|double_team|earthquake|endure|fire_blast|frustration|headbutt|hidden_power|hyper_beam|icy_wind|iron_tail|protect|rest|return|rock_smash|sleep_talk|snore|strength|sunny_day|surf|swagger|thunder|toxic|zap_cannon;flamethrower|ice_beam|thunderbolt;;ground
teddiursa;Teddiursa;normal;60;80;50;50;50;40;pickup;medium_fast;66;120;attack:1;1:scratch|1:leer|8:lick|15:fury_swipes|22:feint_attack|29:rest|36:slash|43:snore|50:thrash;ursaring@30;;216;Osito;0,6;8,8;marrón;50;no;Si encuentra miel, brillará la marca de su frente. Se lame las garras cuando están llenas de miel.;quick_feet;honey_gather;attract|curse|cut|defense_curl|dig|double_team|dynamic_punch|earthquake|endure|fire_punch|frustration|fury_cutter|headbutt|hidden_power|ice_punch|mud_slap|protect|rest|return|roar|rock_smash|rollout|sleep_talk|snore|strength|sunny_day|swagger|swift|thief|thunder_punch|toxic|zap_cannon;;counter|crunch|focus_energy|metal_claw|seismic_toss|take_down;ground
tentacool;Tentacool;water|poison;40;40;35;50;100;70;clear_body;slow;67;190;sp_defense:1;1:poison_sting|6:supersonic|12:constrict|19:acid|25:bubble_beam|30:wrap|36:barrier|43:screech|49:hydro_pump;tentacruel@30;;72;Medusa;0,9;45,5;azul;50;no;Su cuerpo se compone casi en exclusiva de agua. Lanza extraños rayos con sus ojos cristalinos.;liquid_ooze;rain_dish;attract|blizzard|curse|cut|double_team|endure|frustration|giga_drain|hidden_power|icy_wind|protect|rain_dance|rest|return|sleep_talk|sludge_bomb|snore|surf|swagger|toxic|whirlpool;ice_beam;aurora_beam|haze|mirror_coat|rapid_spin|safeguard;water3
tentacruel;Tentacruel;water|poison;80;70;65;80;120;100;clear_body;slow;180;60;sp_defense:2;1:poison_sting|1:supersonic|1:constrict|19:acid|25:bubble_beam|30:wrap|38:barrier|47:screech|55:hydro_pump;;;73;Medusa;1,6;55;azul;50;no;Cuando caza, extiende los cortos tentáculos que tiene para atrapar e inmovilizar a su presa.;liquid_ooze;rain_dish;attract|blizzard|curse|cut|double_team|endure|frustration|giga_drain|hidden_power|hyper_beam|icy_wind|protect|rain_dance|rest|return|sleep_talk|sludge_bomb|snore|surf|swagger|toxic|whirlpool;ice_beam;aurora_beam|haze|mirror_coat|rapid_spin|safeguard;water3
togekiss;Togekiss;fairy|flying;85;50;95;120;115;80;hustle;fast;245;30;sp_attack:2|sp_defense:1;1:sky_attack|1:extreme_speed|1:aura_sphere|1:air_slash;;;468;Festejo;1,5;38;blanco;12,5;no;Se dice que aparece en zonas pacíficas y las bendice con sus dones.;serene_grace;super_luck;aerial_ace|attract|brick_break|captivate|defog|double_team|drain_punch|dream_eater|endure|facade|fire_blast|flamethrower|flash|fling|fly|focus_punch|frustration|giga_impact|grass_knot|hidden_power|hyper_beam|light_screen|natural_gift|pluck|protect|psych_up|psychic|rain_dance|reflect|rest|return|rock_smash|roost|safeguard|secret_power|shadow_ball|shock_wave|silver_wind|sleep_talk|solar_beam|steel_wing|substitute|sunny_day|swagger|thunder_wave|toxic|water_pulse;air_cutter|ancient_power|endeavor|heat_wave|last_resort|mud_slap|ominous_wind|rollout|signal_beam|snore|swift|trick|twister|zen_headbutt;foresight|future_sight|mirror_move|peck|present;flying|fairy
togepi;Togepi;fairy;35;20;65;40;65;20;hustle;fast;49;190;sp_defense:1;1:growl|1:charm|7:metronome|18:sweet_kiss|25:encore|31:safeguard|38:double_edge;togetic@amistad;;175;Bolaclavos;0,3;1,5;blanco;12,5;no;El cascarón parece estar lleno de alegría. Dicen que trae buena suerte si es tratado con cariño.;serene_grace;super_luck;attract|curse|defense_curl|detect|double_team|dream_eater|endure|fire_blast|flash|frustration|headbutt|hidden_power|mud_slap|protect|psych_up|psychic|rain_dance|rest|return|rock_smash|rollout|shadow_ball|sleep_talk|snore|solar_beam|sunny_day|swagger|swift|toxic|zap_cannon;flamethrower;foresight|future_sight|mirror_move|peck|present;no_eggs
togetic;Togetic;fairy|flying;55;40;85;80;105;40;hustle;fast;142;75;sp_defense:2;1:growl|1:charm|7:metronome|18:sweet_kiss|25:encore|31:safeguard|38:double_edge;togekiss@objeto:shiny_stone;;176;Felicidad;0,6;3,2;blanco;12,5;no;Si no está con gente amable, se entristece. Puede flotar en el aire sin mover las alas.;serene_grace;super_luck;attract|curse|defense_curl|detect|double_team|dream_eater|endure|fire_blast|flash|fly|frustration|headbutt|hidden_power|hyper_beam|mud_slap|protect|psych_up|psychic|rain_dance|rest|return|rock_smash|rollout|shadow_ball|sleep_talk|snore|solar_beam|steel_wing|sunny_day|swagger|swift|toxic|zap_cannon;flamethrower;foresight|future_sight|mirror_move|peck|present;flying|fairy
torchic;Torchic;fire;45;60;40;70;50;45;blaze;medium_slow;62;45;sp_attack:1;1:scratch|1:growl|7:focus_energy|10:ember|16:peck|19:sand_attack|25:fire_spin|28:quick_attack|34:slash|37:mirror_move|43:flamethrower;combusken@16;;255;Polluelo;0,4;2,5;rojo;12,5;no;En su interior, guarda una llama que arde sin cesar. Si se le abraza, se nota que tiene una temperatura muy alta.;;speed_boost;aerial_ace|attract|cut|dig|double_team|facade|fire_blast|flamethrower|frustration|hidden_power|overheat|protect|rest|return|rock_smash|rock_tomb|secret_power|strength|sunny_day|toxic;body_slam|counter|double_edge|endure|mega_kick|mega_punch|mimic|mud_slap|rock_slide|seismic_toss|sleep_talk|snore|substitute|swagger|swift|swords_dance;counter|endure|reversal|rock_slide|smelling_salts|swagger;ground
torkoal;Torkoal;fire;70;85;140;85;70;20;white_smoke;medium_fast;165;90;defense:2;1:ember|4:smog|7:curse|14:smokescreen|17:fire_spin|20:body_slam|27:protect|30:flamethrower|33:iron_defense|40:amnesia|43:flail|46:heat_wave;;;324;Carbón;0,5;80,4;marrón;50;no;Trabaja sin descanso en minas en desuso localizando y extrayendo carbón.;drought;shell_armor;attract|double_team|facade|fire_blast|flamethrower|frustration|hidden_power|iron_tail|overheat|protect|rest|return|rock_smash|secret_power|sludge_bomb|strength|sunny_day|toxic;body_slam|double_edge|endure|explosion|mimic|mud_slap|rock_slide|sleep_talk|snore|substitute|swagger;endure|eruption|sleep_talk|yawn;ground
torterra;Torterra;grass|ground;95;109;105;75;85;56;overgrow;medium_slow;236;45;attack:2|defense:1;1:wood_hammer|1:tackle|1:withdraw|1:absorb|1:razor_leaf|17:curse|22:bite|27:mega_drain|32:earthquake|33:leech_seed|39:synthesis|45:crunch|51:giga_drain|57:leaf_storm;;;389;Continente;2,2;310;verde;12,5;no;Las gentes de antaño creían que el planeta se sustentaba en la espalda de un gran Torterra.;;shell_armor;attract|bullet_seed|captivate|cut|double_team|earthquake|endure|energy_ball|facade|flash|frustration|giga_drain|giga_impact|grass_knot|hidden_power|hyper_beam|iron_tail|light_screen|natural_gift|protect|reflect|rest|return|roar|rock_climb|rock_polish|rock_slide|rock_smash|rock_tomb|safeguard|sandstorm|secret_power|sleep_talk|solar_beam|stealth_rock|stone_edge|strength|substitute|sunny_day|swagger|swords_dance|toxic;earth_power|frenzy_plant|iron_head|mud_slap|outrage|seed_bomb|snore|superpower|synthesis;amnesia|body_slam|double_edge|growth|sand_tomb|seed_bomb|superpower|thrash|tickle|worry_seed;monster|plant
totodile;Totodile;water;50;65;64;44;48;43;torrent;medium_slow;63;45;attack:1;1:scratch|1:leer|7:rage|13:water_gun|20:bite|27:scary_face|35:slash|43:screech|52:hydro_pump;croconaw@18;;158;Fauces;0,6;9,5;azul;12,5;no;Es pequeño pero violento. No dudará en morder cualquier cosa que se mueva cerca.;;sheer_force;attract|blizzard|curse|cut|detect|dig|double_team|dynamic_punch|endure|frustration|headbutt|hidden_power|ice_punch|icy_wind|iron_tail|mud_slap|protect|rain_dance|rest|return|sleep_talk|snore|surf|swagger|toxic|whirlpool;ice_beam;ancient_power|crunch|hydro_pump|razor_wind|rock_slide|thrash;monster|water1
toxicroak;Toxicroak;poison|fighting;83;106;65;86;65;85;anticipation;medium_fast;172;75;attack:2;1:astonish|1:mud_slap|1:poison_sting|10:taunt|15:pursuit|17:feint_attack|22:revenge|24:swagger|29:mud_bomb|31:sucker_punch|36:nasty_plot|41:poison_jab|49:sludge_bomb|54:flatter;;;454;Boca Tóxica;1,3;44,4;azul;50;no;Almacena veneno en una bolsa de la garganta. Cuando croa, este se agita para lograr mayor potencia.;dry_skin;poison_touch;attract|brick_break|bulk_up|captivate|cut|dark_pulse|dig|double_team|earthquake|embargo|endure|facade|fling|focus_blast|focus_punch|frustration|giga_impact|hidden_power|hyper_beam|natural_gift|payback|poison_jab|protect|rain_dance|rest|return|rock_climb|rock_slide|rock_smash|rock_tomb|secret_power|shadow_ball|sleep_talk|sludge_bomb|snatch|stone_edge|strength|substitute|sunny_day|swagger|swords_dance|taunt|thief|torment|toxic|x_scissor;bounce|fury_cutter|gunk_shot|helping_hand|ice_punch|icy_wind|knock_off|mud_slap|snore|spite|sucker_punch|thunder_punch|vacuum_wave;bullet_punch|cross_chop|dynamic_punch|fake_out|feint|headbutt|me_first|meditate|smelling_salts|vacuum_wave|wake_up_slap;humanshape
trapinch;Trapinch;ground;45;100;45;45;45;10;hyper_cutter;medium_slow;58;255;attack:1;1:bite|9:sand_attack|17:feint_attack|25:sand_tomb|33:crunch|41:dig|49:sandstorm|57:hyper_beam;vibrava@35;;328;Hormiga León;0,7;15;marrón;50;no;Habita desiertos áridos. Cava fosas profundas, en las que espera que caiga su presa.;arena_trap;sheer_force;attract|dig|double_team|earthquake|facade|frustration|giga_drain|hidden_power|hyper_beam|protect|rest|return|rock_smash|rock_tomb|sandstorm|secret_power|solar_beam|strength|sunny_day|toxic;body_slam|double_edge|endure|mimic|mud_slap|rock_slide|sleep_talk|snore|substitute|swagger;focus_energy|gust|quick_attack;bug|dragon
treecko;Treecko;grass;40;45;35;65;55;70;overgrow;medium_slow;62;45;speed:1;1:pound|1:leer|6:absorb|11:quick_attack|16:pursuit|21:screech|26:mega_drain|31:agility|36:slam|41:detect|46:giga_drain;grovyle@16;;252;Geco Bosque;0,5;5;verde;12,5;no;Escala superficies verticales muy rápido. Con la cola detecta la humedad y prevé el tiempo que va a hacer.;;unburden;aerial_ace|attract|brick_break|bullet_seed|cut|dig|double_team|facade|flash|focus_punch|frustration|giga_drain|hidden_power|iron_tail|protect|rest|return|rock_smash|rock_tomb|safeguard|secret_power|solar_beam|strength|sunny_day|toxic;body_slam|counter|double_edge|dynamic_punch|endure|fury_cutter|mega_kick|mega_punch|mimic|mud_slap|seismic_toss|sleep_talk|snore|substitute|swagger|swift|swords_dance|thunder_punch;crunch|crush_claw|dragon_breath|endeavor|leech_seed|mud_sport;monster|dragon
tropius;Tropius;grass|flying;99;68;83;72;87;51;chlorophyll;slow;161;200;hp:2;1:leer|1:gust|7:growth|11:razor_leaf|17:stomp|21:sweet_scent|27:whirlwind|31:magical_leaf|37:body_slam|41:solar_beam|47:synthesis;;;357;Fruto;2;100;verde;50;no;Puede volar al agitar sus grandes hojas. Reparte entre los niños la codiciada fruta dulce que crece de su cuello.;solar_power;harvest;aerial_ace|attract|bullet_seed|cut|double_team|earthquake|facade|flash|fly|frustration|giga_drain|hidden_power|hyper_beam|protect|rest|return|roar|rock_smash|safeguard|secret_power|solar_beam|steel_wing|strength|sunny_day|toxic;body_slam|double_edge|endure|fury_cutter|mimic|mud_slap|sleep_talk|snore|substitute|swagger|swords_dance;headbutt|leech_seed|nature_power|razor_wind|slam;monster|plant
turtwig;Turtwig;grass;55;68;64;45;55;31;overgrow;medium_slow;64;45;attack:1;1:tackle|5:withdraw|9:absorb|13:razor_leaf|17:curse|21:bite|25:mega_drain|29:leech_seed|33:synthesis|37:crunch|41:giga_drain|45:leaf_storm;grotle@18;;387;Hojita;0,4;10,2;verde;12,5;no;Realiza la fotosíntesis al bañarle los rayos de sol. Su concha está formada por tierra endurecida.;;shell_armor;attract|bullet_seed|captivate|cut|double_team|endure|energy_ball|facade|flash|frustration|giga_drain|grass_knot|hidden_power|iron_tail|light_screen|natural_gift|protect|reflect|rest|return|rock_climb|rock_smash|safeguard|secret_power|sleep_talk|solar_beam|stealth_rock|strength|substitute|sunny_day|swagger|swords_dance|toxic;earth_power|mud_slap|seed_bomb|snore|superpower|synthesis;amnesia|body_slam|double_edge|growth|sand_tomb|seed_bomb|superpower|thrash|tickle|worry_seed;monster|plant
typhlosion;Typhlosion;fire;78;84;78;109;85;100;blaze;medium_slow;240;45;sp_attack:3;1:tackle|1:leer|1:smokescreen|1:ember|21:quick_attack|31:flame_wheel|45:swift|60:flamethrower;;;157;Volcán;1,7;79,5;amarillo;12,5;no;Si su furia crece, se calienta tanto que cualquier cosa que toque se prenderá al instante.;;flash_fire;attract|curse|cut|defense_curl|detect|dig|double_team|dynamic_punch|earthquake|endure|fire_blast|fire_punch|frustration|fury_cutter|headbutt|hidden_power|hyper_beam|iron_tail|mud_slap|protect|rest|return|roar|rock_smash|rollout|sleep_talk|snore|strength|sunny_day|swagger|swift|thunder_punch|toxic;flamethrower;foresight|fury_swipes|quick_attack|reversal|submission|thrash;ground
tyranitar;Tyranitar;rock|dark;100;134;110;95;100;61;sand_stream;slow;270;45;attack:3;1:bite|1:leer|1:sandstorm|1:screech|22:rock_slide|29:thrash|38:scary_face|47:crunch|61:earthquake|75:hyper_beam;;;248;Coraza;2;202;verde;50;no;En una de sus poderosas garras tiene el poder de hacer temblar la tierra y las montañas.;;unnerve;attract|curse|cut|detect|dig|double_team|dragon_breath|dynamic_punch|earthquake|endure|fire_blast|fire_punch|frustration|fury_cutter|headbutt|hidden_power|hyper_beam|iron_tail|mud_slap|nightmare|protect|rain_dance|rest|return|roar|rock_smash|sandstorm|sleep_talk|snore|strength|sunny_day|surf|swagger|toxic;flamethrower|ice_beam|thunderbolt;ancient_power|focus_energy|outrage|pursuit|stomp;monster
tyrogue;Tyrogue;fighting;35;35;35;35;35;35;guts;medium_fast;42;75;attack:1;1:tackle;hitmonlee@20+stats:atq>def|hitmonchan@20+stats:atq<def|hitmontop@20+stats:atq=def;;236;Peleón;0,7;21;morado;0;no;Ataca siempre con mucha energía. Para fortalecerse a sí mismo, sigue luchando aunque pierda.;steadfast;vital_spirit;attract|curse|detect|double_team|endure|frustration|headbutt|hidden_power|mud_slap|protect|rest|return|rock_smash|sleep_talk|snore|strength|sunny_day|swagger|swift|thief|toxic;;high_jump_kick|mach_punch|mind_reader|rapid_spin;no_eggs
umbreon;Umbreon;dark;95;65;110;60;130;65;synchronize;medium_fast;184;45;sp_defense:2;1:tackle|1:tail_whip|8:sand_attack|16:pursuit|23:quick_attack|30:confuse_ray|36:feint_attack|42:mean_look|47:screech|52:moonlight;;;197;Luz Lunar;1;27;negro;12,5;no;Creado cuando la luz lunar alteró la estructura genética de Eevee. Busca presas en la oscuridad.;;inner_focus;attract|curse|cut|detect|double_team|dream_eater|endure|flash|frustration|headbutt|hidden_power|hyper_beam|iron_tail|mud_slap|nightmare|protect|psych_up|psychic|rain_dance|rest|return|shadow_ball|sleep_talk|snore|sunny_day|swagger|swift|toxic|zap_cannon;;charm|flail;ground
unown;Unown;psychic;48;72;48;72;48;48;levitate;medium_fast;118;225;attack:1|sp_attack:1;1:hidden_power;;;201;Símbolo;0,5;5;negro;sin_genero;no;Su cuerpo fino y plano aparece siempre en los muros. Su forma parece tener algún significado.;;;;;;no_eggs
ursaring;Ursaring;normal;90;130;75;75;75;55;guts;medium_fast;175;60;attack:2;1:scratch|1:leer|1:lick|1:fury_swipes|22:feint_attack|29:rest|39:slash|49:snore|59:thrash;;;217;Hibernante;1,8;125,8;marrón;50;no;Capaz de percibir cualquier tipo de aroma, encuentra sin problemas todo alimento enterrado bajo tierra.;quick_feet;unnerve;attract|curse|cut|defense_curl|dig|double_team|dynamic_punch|earthquake|endure|fire_punch|frustration|fury_cutter|headbutt|hidden_power|hyper_beam|ice_punch|mud_slap|protect|rest|return|roar|rock_smash|rollout|sleep_talk|snore|strength|sunny_day|swagger|swift|thief|thunder_punch|toxic|zap_cannon;;counter|crunch|focus_energy|metal_claw|seismic_toss|take_down;ground
uxie;Uxie;psychic;75;75;130;75;130;95;levitate;slow;261;3;defense:2|sp_defense:1;1:rest|1:confusion|6:imprison|16:endure|21:swift|31:yawn|36:future_sight|46:amnesia|51:extrasensory|61:flail|66:natural_gift|76:memento;;;480;Sabiduría;0,3;0,3;amarillo;sin_genero;si;Se le conoce como el Ser de la Sabiduría. Se dice que puede borrar la memoria con una mirada.;;;calm_mind|charge_beam|double_team|dream_eater|endure|energy_ball|facade|flash|fling|frustration|giga_drain|giga_impact|grass_knot|hidden_power|hyper_beam|iron_tail|light_screen|natural_gift|protect|psych_up|psychic|rain_dance|recycle|reflect|rest|return|safeguard|sandstorm|secret_power|shadow_ball|shock_wave|skill_swap|sleep_talk|solar_beam|stealth_rock|substitute|sunny_day|swagger|thunder|thunder_wave|thunderbolt|toxic|trick_room|u_turn|water_pulse;fire_punch|helping_hand|ice_punch|knock_off|mud_slap|signal_beam|snore|swift|thunder_punch|trick|zen_headbutt;;no_eggs
vaporeon;Vaporeon;water;130;65;60;110;95;65;water_absorb;medium_fast;184;45;hp:2;1:tackle|1:tail_whip|8:sand_attack|16:water_gun|23:quick_attack|30:bite|36:aurora_beam|42:haze|47:acid_armor|52:hydro_pump;;;134;Burbuja;1;29;azul;12,5;no;Prefiere las bellas costas. Con células parecidas al agua, podría fundirse en la misma.;;hydration;attract|blizzard|curse|detect|double_team|endure|frustration|headbutt|hidden_power|hyper_beam|icy_wind|iron_tail|mud_slap|protect|rain_dance|rest|return|roar|shadow_ball|sleep_talk|snore|sunny_day|surf|swagger|swift|toxic|waterfall|whirlpool;ice_beam;charm|flail;ground
venomoth;Venomoth;bug|poison;70;65;60;90;75;90;shield_dust;medium_fast;158;75;sp_attack:1|speed:1;1:tackle|1:disable|1:foresight|1:supersonic|17:confusion|20:poison_powder|25:leech_life|28:stun_spore|31:gust|36:psybeam|42:sleep_powder|52:psychic;;;49;Polilla Ven.;1,5;12,5;morado;50;no;Lanza unas escamas que paralizan a cualquiera. Quien las toque, no podrá ni ponerse de pie.;tinted_lens;wonder_skin;attract|curse|double_team|endure|flash|frustration|giga_drain|hidden_power|hyper_beam|protect|psychic|rest|return|sleep_talk|sludge_bomb|snore|solar_beam|sunny_day|swagger|sweet_scent|swift|thief|toxic;;baton_pass|giga_drain|screech;bug
venonat;Venonat;bug|poison;60;55;50;40;55;45;compound_eyes;medium_fast;61;190;sp_defense:1;1:tackle|1:disable|1:foresight|9:supersonic|17:confusion|20:poison_powder|25:leech_life|28:stun_spore|33:psybeam|36:sleep_powder|41:psychic;venomoth@31;;48;Insecto;1;30;morado;50;no;Sus grandes ojos son en realidad grupos de ojos diminutos. Por la noche se siente atraído por la luz.;tinted_lens;run_away;attract|curse|double_team|endure|frustration|giga_drain|hidden_power|protect|psychic|rest|return|sleep_talk|sludge_bomb|snore|solar_beam|sunny_day|swagger|sweet_scent|swift|thief|toxic;;baton_pass|giga_drain|screech;bug
venusaur;Venusaur;grass|poison;80;82;83;100;100;80;overgrow;medium_slow;236;45;sp_attack:2|sp_defense:1;1:tackle|1:growl|1:leech_seed|1:vine_whip|15:poison_powder|15:sleep_powder|22:razor_leaf|29:sweet_scent|41:growth|53:synthesis|65:solar_beam;;;3;Semilla;2;100;verde;12,5;no;Llena su cuerpo de energía con los rayos solares que captan los anchos pétalos de su flor.;;chlorophyll;attract|curse|cut|defense_curl|double_team|endure|flash|frustration|fury_cutter|giga_drain|headbutt|hidden_power|hyper_beam|mud_slap|protect|rest|return|roar|sleep_talk|snore|solar_beam|sunny_day|swagger|sweet_scent|toxic;;light_screen|petal_dance|razor_wind|safeguard|skull_bash;monster|plant
vespiquen;Vespiquen;bug|flying;70;80;102;80;102;40;pressure;medium_slow;166;45;defense:1|sp_defense:1;1:sweet_scent|1:gust|3:poison_sting|7:confuse_ray|9:fury_cutter|13:defend_order|15:pursuit|19:fury_swipes|21:power_gem|25:heal_order|27:toxic|31:slash|33:captivate|37:attack_order|39:swagger|43:destiny_bond;;;416;Colmena;1,2;38,5;amarillo;100;no;Cría larvas en los panales de su cuerpo. Segrega diversas feromonas de su cuerpo con las cuales controla a sus crías.;;unnerve;aerial_ace|attract|captivate|cut|defog|double_team|endure|facade|flash|fling|frustration|giga_impact|hidden_power|hyper_beam|natural_gift|protect|rain_dance|rest|return|roost|secret_power|silver_wind|sleep_talk|sludge_bomb|substitute|sunny_day|swagger|thief|toxic|u_turn|x_scissor;air_cutter|endeavor|fury_cutter|mud_slap|ominous_wind|signal_beam|snore|swift;;bug
vibrava;Vibrava;ground|dragon;50;70;50;50;50;70;levitate;medium_slow;119;120;attack:1|speed:1;1:bite|1:sand_attack|1:feint_attack|1:sand_tomb|33:crunch|35:dragon_breath|41:screech|49:sandstorm|57:hyper_beam;flygon@45;;329;Vibrante;1,1;15,3;verde;50;no;Al agitar a gran velocidad ambas alas, emite ondas ultrasónicas que provocan fuertes dolores de cabeza.;;;attract|dig|double_team|earthquake|facade|fly|frustration|giga_drain|hidden_power|hyper_beam|protect|rest|return|rock_smash|rock_tomb|sandstorm|secret_power|solar_beam|steel_wing|strength|sunny_day|toxic;body_slam|double_edge|endure|mimic|mud_slap|rock_slide|sleep_talk|snore|substitute|swagger|swift;focus_energy|gust|quick_attack;bug|dragon
victreebel;Victreebel;grass|poison;80;105;65;100;70;70;chlorophyll;medium_slow;221;45;attack:3;1:vine_whip|1:sleep_powder|1:sweet_scent|1:razor_leaf;;;71;Matamoscas;1,7;15,5;verde;50;no;Dicen que vive en grandes colonias en el interior de las junglas, aunque nadie ha podido verificarlo.;;gluttony;attract|curse|cut|double_team|endure|flash|frustration|giga_drain|hidden_power|hyper_beam|protect|rest|return|sleep_talk|sludge_bomb|snore|solar_beam|sunny_day|swagger|sweet_scent|toxic;;encore|leech_life|reflect|swords_dance|synthesis;plant
vigoroth;Vigoroth;normal;80;80;80;55;55;90;vital_spirit;slow;154;120;speed:2;1:scratch|1:focus_energy|1:encore|1:uproar|19:fury_swipes|25:endure|31:slash|37:counter|43:focus_punch|49:reversal;slaking@36;;288;Mono Feroz;1,4;46,5;blanco;50;no;Su corazón palpita a un ritmo frenético, haciendo que su sangre bulla, así que no puede estarse quieto ni un segundo.;;;aerial_ace|attract|blizzard|brick_break|bulk_up|cut|double_team|earthquake|facade|fire_blast|flamethrower|focus_punch|frustration|hidden_power|ice_beam|protect|rain_dance|rest|return|roar|rock_smash|secret_power|shadow_ball|shock_wave|solar_beam|strength|sunny_day|taunt|thunder|thunderbolt|toxic|water_pulse;body_slam|counter|double_edge|dynamic_punch|endure|fire_punch|fury_cutter|ice_punch|icy_wind|mega_kick|mega_punch|mimic|mud_slap|rock_slide|seismic_toss|sleep_talk|snore|substitute|swagger|thunder_punch;body_slam|crush_claw|curse|pursuit|slash|sleep_talk|snore;ground
vileplume;Vileplume;grass|poison;75;80;85;110;90;50;chlorophyll;medium_slow;221;45;sp_attack:3;1:absorb|1:sweet_scent|1:stun_spore|1:petal_dance;;;45;Flor;1,2;18,6;rojo;50;no;Cuanto mayores son sus pétalos, más tóxico es su polen. Le pesa la cabeza y le cuesta mantenerla erguida.;;effect_spore;attract|curse|cut|double_team|endure|flash|frustration|giga_drain|hidden_power|hyper_beam|protect|rest|return|sleep_talk|sludge_bomb|snore|solar_beam|sunny_day|swagger|sweet_scent|toxic;;flail|razor_leaf|swords_dance|synthesis;plant
volbeat;Volbeat;bug;65;73;75;47;85;85;illuminate;erratic;151;150;speed:1;1:tackle|5:confuse_ray|9:double_team|13:moonlight|17:quick_attack|21:tail_glow|25:signal_beam|29:protect|33:helping_hand|37:double_edge;;;313;Luciérnaga;0,7;17,7;gris;0;no;Se comunica con otros iluminando su cola por la noche. Le encanta el suave aroma de Illumise.;swarm;prankster;aerial_ace|attract|brick_break|double_team|facade|flash|focus_punch|frustration|giga_drain|hidden_power|light_screen|protect|rain_dance|rest|return|secret_power|shadow_ball|shock_wave|solar_beam|sunny_day|thief|thunder|thunderbolt|toxic|water_pulse;body_slam|counter|double_edge|dynamic_punch|endure|ice_punch|mega_kick|mega_punch|metronome|mimic|mud_slap|psych_up|seismic_toss|sleep_talk|snore|substitute|swagger|swift|thunder_punch|thunder_wave;baton_pass|silver_wind|trick;bug|humanshape
voltorb;Voltorb;electric;40;30;50;55;55;100;soundproof;medium_fast;66;190;speed:1;1:tackle|9:screech|17:sonic_boom|23:self_destruct|29:rollout|33:light_screen|37:swift|39:explosion|41:mirror_coat;electrode@30;;100;Bola;0,5;10,4;rojo;sin_genero;no;Fue descubierto cuando se crearon las Poké Balls. Se dice que tiene algo que ver con ellas.;static;aftermath;curse|double_team|endure|flash|frustration|headbutt|hidden_power|protect|rain_dance|rest|return|rollout|sleep_talk|snore|swagger|swift|thunder|toxic|zap_cannon;thunderbolt;;mineral
vulpix;Vulpix;fire;38;41;40;50;65;65;flash_fire;medium_fast;60;190;speed:1;1:ember|1:tail_whip|7:quick_attack|13:roar|19:confuse_ray|25:safeguard|31:flamethrower|37:fire_spin;ninetales@objeto:fire_stone;;37;Zorro;0,6;9,9;marrón;75;no;Cuando nace solo tiene una cola, pero a medida que crece, esta se va dividiendo desde la punta.;;drought;attract|curse|dig|double_team|endure|fire_blast|frustration|headbutt|hidden_power|iron_tail|protect|rest|return|sleep_talk|snore|sunny_day|swagger|swift|toxic;flamethrower;disable|feint_attack|flail|hypnosis|spite;ground
wailmer;Wailmer;water;130;70;35;70;35;60;water_veil;fluctuating;80;125;hp:1;1:splash|5:growl|10:water_gun|14:rollout|19:whirlpool|23:astonish|28:water_pulse|32:mist|37:rest|41:water_spout|46:amnesia|50:hydro_pump;wailord@40;;320;Ballenabola;2;130;azul;50;no;Le gusta botar como una pelota de playa. Cuanta más agua de mar traga, más alto puede llegar.;oblivious;pressure;attract|blizzard|dive|double_team|earthquake|facade|frustration|hail|hidden_power|ice_beam|protect|rain_dance|rest|return|roar|rock_smash|rock_tomb|secret_power|strength|surf|toxic|water_pulse|waterfall;body_slam|defense_curl|double_edge|endure|icy_wind|mimic|rollout|sleep_talk|snore|substitute|swagger;curse|double_edge|fissure|sleep_talk|snore|swagger|thrash|tickle;ground|water2
wailord;Wailord;water;170;90;45;90;45;60;water_veil;fluctuating;175;60;hp:2;1:splash|1:growl|1:water_gun|1:rollout|19:whirlpool|23:astonish|28:water_pulse|32:mist|37:rest|44:water_spout|52:amnesia|59:hydro_pump;;;321;Ballenaflot;14,5;398;azul;50;no;Puede dejar fuera de combate a sus oponentes con el impacto de su enorme cuerpo al caer en el agua tras un salto.;oblivious;pressure;attract|blizzard|dive|double_team|earthquake|facade|frustration|hail|hidden_power|hyper_beam|ice_beam|protect|rain_dance|rest|return|roar|rock_smash|rock_tomb|secret_power|strength|surf|toxic|water_pulse|waterfall;body_slam|defense_curl|double_edge|endure|icy_wind|mimic|rollout|sleep_talk|snore|substitute|swagger;curse|double_edge|fissure|sleep_talk|snore|swagger|thrash|tickle;ground|water2
walrein;Walrein;ice|water;110;80;90;95;90;65;thick_fat;medium_slow;239;45;hp:3;1:powder_snow|1:growl|1:water_gun|1:encore|13:ice_ball|19:body_slam|25:aurora_beam|31:hail|39:rest|39:snore|50:blizzard|61:sheer_cold;;;365;Rompehielo;1,4;150,6;azul;50;no;Rompe el hielo con sus colmillos. Su gruesa capa de grasa le protege del frío y de los enemigos.;ice_body;oblivious;attract|blizzard|dive|double_team|earthquake|facade|frustration|hail|hidden_power|hyper_beam|ice_beam|iron_tail|protect|rain_dance|rest|return|roar|rock_smash|rock_tomb|secret_power|strength|surf|toxic|water_pulse|waterfall;body_slam|defense_curl|double_edge|endure|icy_wind|mimic|mud_slap|rock_slide|rollout|sleep_talk|snore|substitute|swagger;curse|fissure|rock_slide|spit_up|stockpile|swallow|water_sport|yawn;water1|ground
wartortle;Wartortle;water;59;63;80;65;80;58;torrent;medium_slow;142;45;defense:1|sp_defense:1;1:tackle|1:tail_whip|1:bubble|10:withdraw|13:water_gun|19:bite|25:rapid_spin|31:protect|37:rain_dance|45:skull_bash|53:hydro_pump;blastoise@36;;8;Tortuga;1;22,5;azul;12,5;no;Si es golpeado, esconderá su cabeza. Aun así, su cola puede seguir golpeando.;;rain_dish;attract|blizzard|curse|defense_curl|dig|double_team|dynamic_punch|endure|frustration|headbutt|hidden_power|ice_punch|icy_wind|iron_tail|mud_slap|protect|rain_dance|rest|return|rock_smash|rollout|sleep_talk|snore|strength|surf|swagger|toxic|waterfall|whirlpool;ice_beam;confusion|flail|foresight|haze|mirror_coat|mist;monster|water1
weavile;Weavile;dark|ice;70;120;65;45;85;125;pressure;medium_slow;179;45;attack:1|speed:1;1:embargo|1:revenge|1:assurance|1:scratch|1:leer|1:taunt|1:quick_attack|10:screech|14:feint_attack|21:fury_swipes|24:nasty_plot|28:icy_wind|35:night_slash|38:fling|42:metal_claw|49:dark_pulse;;;461;Garra Filo;1,1;34;negro;50;no;Vive en zonas nevadas. Deja marcas en los árboles con sus garras para comunicarse con sus compañeros.;;pickpocket;aerial_ace|attract|avalanche|blizzard|brick_break|calm_mind|captivate|cut|dark_pulse|dig|double_team|dream_eater|embargo|endure|facade|false_swipe|fling|focus_blast|focus_punch|frustration|giga_impact|hail|hidden_power|hyper_beam|ice_beam|iron_tail|natural_gift|payback|poison_jab|protect|psych_up|rain_dance|rest|return|rock_smash|secret_power|shadow_ball|shadow_claw|sleep_talk|snatch|strength|substitute|sunny_day|surf|swagger|swords_dance|taunt|thief|torment|toxic|x_scissor;fury_cutter|ice_punch|icy_wind|knock_off|mud_slap|snore|spite|swift;bite|counter|foresight|reflect|spite;ground
weedle;Weedle;bug|poison;40;35;30;20;20;50;shield_dust;medium_fast;39;255;speed:1;1:poison_sting|1:string_shot;kakuna@7;;13;Oruga;0,3;3,2;marrón;50;no;Suele habitar bosques y praderas. Tiene un afilado y venenoso aguijón de unos 5 cm encima de la cabeza.;;run_away;;;;bug
weepinbell;Weepinbell;grass|poison;65;90;50;85;45;55;chlorophyll;medium_slow;137;120;attack:2;1:vine_whip|1:growth|1:wrap|15:sleep_powder|17:poison_powder|19:stun_spore|24:acid|33:sweet_scent|42:razor_leaf|54:slam;victreebel@objeto:leaf_stone;;70;Matamoscas;1;6,4;verde;50;no;Las hojas que tiene actúan como cuchillas en combate. Otra de sus armas es el corrosivo fluido que expulsa.;;gluttony;attract|curse|cut|double_team|endure|flash|frustration|giga_drain|hidden_power|protect|rest|return|sleep_talk|sludge_bomb|snore|solar_beam|sunny_day|swagger|sweet_scent|toxic;;encore|leech_life|reflect|swords_dance|synthesis;plant
weezing;Weezing;poison;65;90;120;85;70;60;levitate;medium_fast;172;60;defense:2;1:poison_gas|1:tackle|1:smog|1:self_destruct|21:sludge|25:smokescreen|33:haze|44:explosion|51:destiny_bond;;;110;Gas Venenoso;1,2;9,5;morado;50;no;Si uno de los gemelos Koffing se infla, el otro se desinfla. Mezclan constantemente sus venenosos gases.;neutralizing_gas;stench;attract|curse|double_team|endure|fire_blast|frustration|hidden_power|hyper_beam|protect|rest|return|rollout|sleep_talk|sludge_bomb|snore|sunny_day|swagger|thief|thunder|toxic|zap_cannon;flamethrower|thunderbolt;destiny_bond|pain_split|psybeam|psywave|screech;indeterminate
whiscash;Whiscash;water|ground;110;78;73;76;71;60;oblivious;medium_fast;164;75;hp:2;1:tickle|1:mud_slap|1:mud_sport|1:water_sport|11:water_gun|16:magnitude|21:amnesia|26:rest|26:snore|36:earthquake|46:future_sight|56:fissure;;;340;Bigotudo;0,9;23,6;azul;50;no;Habita en grandes pantanos. Si se acerca un enemigo, se alborota y causa temblores monumentales.;anticipation;hydration;attract|blizzard|dive|double_team|earthquake|facade|frustration|hail|hidden_power|hyper_beam|ice_beam|protect|rain_dance|rest|return|rock_smash|rock_tomb|sandstorm|secret_power|strength|surf|toxic|water_pulse|waterfall;double_edge|endure|icy_wind|mimic|mud_slap|rock_slide|sleep_talk|snore|substitute|swagger;spark|thrash|whirlpool;water2
whismur;Whismur;normal;64;51;23;51;23;28;soundproof;medium_slow;48;190;hp:1;1:pound|5:uproar|11:astonish|15:howl|21:supersonic|25:stomp|31:screech|35:roar|41:rest|41:sleep_talk|45:hyper_voice;loudred@20;;293;Susurro;0,6;16,3;rosa;50;no;Normalmente murmulla, pero cuando siente que hay peligro se pone a chillar. Solo para cuando se le cierran las orejas.;;rattled;attract|blizzard|double_team|facade|fire_blast|flamethrower|frustration|hidden_power|ice_beam|protect|rain_dance|rest|return|roar|secret_power|shadow_ball|shock_wave|solar_beam|sunny_day|toxic|water_pulse;body_slam|counter|defense_curl|double_edge|dynamic_punch|endure|fire_punch|ice_punch|icy_wind|mega_kick|mega_punch|mimic|mud_slap|psych_up|rollout|seismic_toss|sleep_talk|snore|substitute|swagger|thunder_punch;extrasensory|smelling_salts|snore|swagger|take_down;monster|ground
wigglytuff;Wigglytuff;normal|fairy;140;70;45;85;50;45;cute_charm;fast;196;50;hp:3;1:sing|1:disable|1:defense_curl|1:double_slap;;;40;Globo;1;12;rosa;75;no;Su piel es tan suave que si dos de ellos se acurrucan juntos, no querrán separarse nunca.;competitive;frisk;attract|blizzard|curse|defense_curl|detect|double_team|dream_eater|dynamic_punch|endure|fire_blast|fire_punch|flash|frustration|headbutt|hidden_power|hyper_beam|ice_punch|mud_slap|nightmare|protect|psych_up|psychic|rain_dance|rest|return|rollout|shadow_ball|sleep_talk|snore|solar_beam|strength|sunny_day|swagger|thunder|thunder_punch|toxic|zap_cannon;flamethrower|ice_beam|thunderbolt;feint_attack|perish_song|present;fairy
wingull;Wingull;water|flying;40;30;30;55;30;85;keen_eye;medium_fast;54;190;speed:1;1:growl|1:water_gun|7:supersonic|13:wing_attack|21:mist|31:quick_attack|43:pursuit|55:agility;pelipper@25;;278;Gaviota;0,6;9,5;blanco;50;no;Sus largas alas aprovechan los vientos marinos para planear. Cuando descansa, las pliega.;hydration;rain_dish;aerial_ace|attract|blizzard|double_team|facade|fly|frustration|hail|hidden_power|ice_beam|protect|rain_dance|rest|return|secret_power|shock_wave|steel_wing|thief|toxic|water_pulse;double_edge|endure|icy_wind|mimic|mud_slap|sleep_talk|snore|substitute|swagger|swift;agility|gust|mist|twister|water_sport;water1|flying
wobbuffet;Wobbuffet;psychic;190;33;58;33;58;33;shadow_tag;medium_fast;142;45;hp:2;1:counter|1:mirror_coat|1:safeguard|1:destiny_bond;;;202;Paciente;1,3;28,5;azul;50;no;Odia la luz y las sacudidas. Si le atacan, infla su cuerpo para aumentar su contraataque.;;telepathy;;;;indeterminate
wooper;Wooper;water|ground;55;45;45;25;25;15;damp;medium_fast;42;255;hp:1;1:water_gun|1:tail_whip|11:slam|21:amnesia|31:earthquake|41:rain_dance|51:mist|51:haze;quagsire@20;;194;Pez Agua;0,4;8,5;azul;50;no;Este Pokémon vive en aguas frías. Sale del agua para buscar comida cuando refresca el ambiente.;water_absorb;unaware;attract|curse|defense_curl|dig|double_team|dynamic_punch|earthquake|endure|flash|frustration|headbutt|hidden_power|ice_punch|iron_tail|mud_slap|protect|rain_dance|rest|return|rock_smash|rollout|sandstorm|sleep_talk|sludge_bomb|snore|surf|swagger|toxic|whirlpool;ice_beam;ancient_power|body_slam|safeguard;water1|ground
wormadam;Wormadam;bug|grass;60;59;85;79;105;36;anticipation;medium_fast;148;45;sp_defense:2;1:tackle|10:protect|15:bug_bite|20:hidden_power|23:confusion|26:razor_leaf|29:growth|32:psybeam|35:captivate|38:flail|41:attract|44:psychic|47:leaf_storm;;;413;Larva;0,5;6,5;verde;100;no;Su apariencia varía según dónde evolucione. Los materiales que haya pasan a formar parte de su cuerpo.;;overcoat;attract|bullet_seed|captivate|double_team|dream_eater|endure|energy_ball|facade|flash|frustration|giga_drain|giga_impact|grass_knot|hidden_power|hyper_beam|natural_gift|protect|psych_up|psychic|rain_dance|rest|return|safeguard|secret_power|shadow_ball|skill_swap|sleep_talk|solar_beam|substitute|sunny_day|swagger|thief|toxic;endeavor|seed_bomb|signal_beam|snore|sucker_punch|synthesis|uproar;;bug
wurmple;Wurmple;bug;45;45;35;20;30;20;shield_dust;medium_fast;56;255;hp:1;1:tackle|1:string_shot|5:poison_sting;silcoon@7+azar:50|cascoon@7+!azar:50;;265;Gusano;0,3;3,6;rojo;50;no;Le encanta comer hojas. Si le ataca un Starly, se defenderá con sus púas.;;run_away;;;;bug
wynaut;Wynaut;psychic;95;23;48;23;48;23;shadow_tag;medium_fast;52;125;hp:1;1:splash|1:charm|1:encore|15:counter|15:mirror_coat|15:safeguard|15:destiny_bond;wobbuffet@15;;360;Radiante;0,6;14;azul;50;no;Suelen ir en grupo y a la hora de dormir se resguardan en una cueva.;;telepathy;;;;no_eggs
xatu;Xatu;psychic|flying;65;75;70;95;70;95;synchronize;medium_fast;165;75;sp_attack:1|speed:1;1:peck|1:leer|1:night_shade|20:teleport|35:future_sight|50:confuse_ray|65:psychic;;;178;Místico;1,5;15;verde;50;no;Cuando se pone a meditar al amanecer, pierde la noción del tiempo. Puede pasarse así todo el día.;early_bird;magic_bounce;attract|curse|detect|double_team|dream_eater|endure|flash|fly|frustration|giga_drain|hidden_power|hyper_beam|nightmare|protect|psych_up|psychic|rest|return|sleep_talk|snore|solar_beam|sunny_day|swagger|swift|thief|toxic;;drill_peck|feint_attack|haze|quick_attack|steel_wing;flying
yanma;Yanma;bug|flying;65;65;45;75;45;95;speed_boost;medium_fast;78;75;speed:1;1:tackle|1:foresight|7:quick_attack|13:double_team|19:sonic_boom|25:detect|31:supersonic|37:wing_attack|43:screech;yanmega@subir+sabe:ancient_power;;193;Ala Clara;1,2;38;rojo;50;no;Su campo visual es de 360° sin girar la cabeza. Detecta hasta las presas que están a su espalda.;compound_eyes;frisk;attract|curse|detect|double_team|endure|flash|frustration|giga_drain|headbutt|hidden_power|protect|rest|return|sleep_talk|snore|solar_beam|sunny_day|swagger|swift|thief|toxic;;leech_life|reversal|whirlwind;bug
yanmega;Yanmega;bug|flying;86;76;86;116;56;95;speed_boost;medium_fast;180;30;attack:2;1:night_slash|1:bug_bite|1:tackle|1:foresight|1:quick_attack|1:double_team|14:sonic_boom|17:detect|22:supersonic|27:uproar|30:pursuit|33:ancient_power|38:feint|43:slash|46:screech|49:u_turn|54:air_slash|57:bug_buzz;;;469;Libélula;1,9;51,5;verde;50;no;Su técnica favorita consiste en volar a gran velocidad y despedazar con su mandíbula a su oponente en un instante.;tinted_lens;frisk;aerial_ace|attract|captivate|defog|double_team|dream_eater|endure|facade|flash|frustration|giga_drain|giga_impact|hidden_power|hyper_beam|natural_gift|protect|psych_up|psychic|rest|return|roost|secret_power|shadow_ball|silver_wind|sleep_talk|solar_beam|steel_wing|substitute|sunny_day|swagger|thief|toxic|u_turn;air_cutter|ancient_power|mud_slap|ominous_wind|signal_beam|snore|swift|uproar;leech_life|reversal|whirlwind;bug
zangoose;Zangoose;normal;73;115;60;60;60;90;immunity;erratic;160;90;attack:2;1:scratch|4:leer|7:quick_attack|10:swords_dance|13:fury_cutter|19:slash|25:pursuit|31:crush_claw|37:taunt|46:detect|55:false_swipe;;;335;Gato Hurón;1,3;40,3;blanco;50;no;Hace muchos años que se enfrenta a Seviper. Su arma más eficaz son sus zarpas afiladas.;;toxic_boost;aerial_ace|attract|blizzard|brick_break|dig|double_team|facade|fire_blast|flamethrower|focus_punch|frustration|giga_drain|hidden_power|ice_beam|iron_tail|protect|rain_dance|rest|return|roar|rock_smash|secret_power|shadow_ball|shock_wave|solar_beam|strength|sunny_day|taunt|thief|thunder|thunderbolt|toxic|water_pulse;body_slam|counter|defense_curl|double_edge|dynamic_punch|endure|fire_punch|fury_cutter|ice_punch|icy_wind|mega_kick|mega_punch|mimic|mud_slap|rock_slide|rollout|seismic_toss|sleep_talk|snore|substitute|swagger|swift|swords_dance|thunder_punch|thunder_wave;counter|curse|double_kick|flail|razor_wind|roar;ground
zapdos;Zapdos;electric|flying;90;90;85;125;90;100;pressure;slow;261;3;sp_attack:3;1:peck|1:thunder_shock|13:thunder_wave|25:agility|37:detect|49:drill_peck|61:light_screen|73:thunder;;;145;Eléctrico;1,6;52,6;amarillo;sin_genero;si;Es un legendario pájaro Pokémon. Dicen que aparece entre las nubes lanzando enormes rayos brillantes.;;static;curse|detect|double_team|endure|flash|fly|frustration|hidden_power|hyper_beam|mud_slap|protect|rain_dance|rest|return|roar|rock_smash|sandstorm|sleep_talk|snore|steel_wing|sunny_day|swagger|swift|thunder|toxic|zap_cannon;thunderbolt;;no_eggs
zigzagoon;Zigzagoon;normal;38;30;41;30;41;60;pickup;medium_fast;56;255;speed:1;1:tackle|1:growl|5:tail_whip|9:headbutt|13:sand_attack|17:odor_sleuth|21:mud_sport|25:pin_missile|29:covet|33:flail|37:rest|41:belly_drum;linoone@20;;263;Mapachito;0,4;17,5;marrón;50;no;Se mueve en zigzag. Se le da bien encontrar objetos ocultos en la hierba e incluso enterrados.;gluttony;quick_feet;attract|blizzard|cut|dig|double_team|facade|frustration|hidden_power|ice_beam|iron_tail|protect|rain_dance|rest|return|rock_smash|secret_power|shadow_ball|shock_wave|sunny_day|surf|thief|thunder|thunderbolt|toxic|water_pulse;body_slam|defense_curl|double_edge|endure|fury_cutter|icy_wind|mimic|mud_slap|rollout|sleep_talk|snore|substitute|swagger|swift|thunder_wave;charm|pursuit|substitute|tickle|trick;ground
zubat;Zubat;poison|flying;40;45;35;30;40;55;inner_focus;medium_fast;49;255;speed:1;1:leech_life|6:supersonic|12:bite|19:confuse_ray|27:wing_attack|36:mean_look|46:haze;golbat@22;;41;Murciélago;0,8;7,5;morado;50;no;Aunque carezca de ojos, puede detectar obstáculos con las ondas ultrasónicas que emite su boca.;;infiltrator;attract|curse|detect|double_team|endure|frustration|giga_drain|hidden_power|protect|rest|return|sleep_talk|snore|steel_wing|sunny_day|swagger|swift|thief|toxic;;feint_attack|gust|pursuit|quick_attack|whirlwind;flying
