id;especie;formato;nombre;puntuacion;objeto;habilidad;naturaleza;evs;ivs;movimientos
abomasnow_nu_1;abomasnow;nu;Mixed Attacker;52;life_orb;;hasty;4 Atq / 252 AtqE / 252 Vel;;blizzard / giga_drain / earthquake / ice_shard
abomasnow_nu_2;abomasnow;nu;Swords Dance;51;life_orb;snow_warning, soundproof;hasty, jolly;252 Atq / 4 AtqE / 252 Vel;;swords_dance / ice_shard / seed_bomb / blizzard, earthquake
abomasnow_ru_1;abomasnow;ru;Mixed Attacker;43;life_orb;;mild, hasty;4 Atq / 252 AtqE / 252 Vel;;blizzard / giga_drain / ice_shard / focus_blast, earthquake
abomasnow_uu_1;abomasnow;uu;Barack Aboma (Swords Dance);4;abomasite;soundproof;adamant;76 PS / 252 Atq / 180 Vel;;swords_dance / wood_hammer, seed_bomb / ice_shard / earthquake
abomasnow_uu_2;abomasnow;uu;President Snow (Mixed Attacker);28;abomasite;soundproof;mild;8 PS / 68 Atq / 252 AtqE / 180 Vel;;blizzard / wood_hammer, giga_drain / ice_shard / earthquake, focus_blast
abra_lc_1;abra;lc;Focus Sash;62;focus_sash;magic_guard;timid;240 AtqE / 200 Vel;1 Atq / 30 Def / 30 AtqE / 30 DefE / 30 Vel;psychic / dazzling_gleam / hidden_power / protect
abra_lc_2;abra;lc;Life Orb;45;life_orb;magic_guard;timid;240 AtqE / 200 Vel;1 Atq / 30 Def / 30 AtqE / 30 DefE / 30 Vel;psychic / dazzling_gleam / hidden_power / substitute
absol_ou_1;absol;ou;Swords Dance;68;absolite;justified;jolly;252 Atq / 4 DefE / 252 Vel;;swords_dance / sucker_punch / knock_off / iron_tail, superpower, play_rough
absol_ru_1;absol;ru;All-Out Attacker;58;life_orb;super_luck;adamant, naughty;252 Atq / 4 DefE / 252 Vel;;knock_off / sucker_punch / superpower, fire_blast / play_rough, iron_tail, pursuit
absol_ru_2;absol;ru;Swords Dance;57;life_orb, dread_plate;super_luck;adamant, jolly;252 Atq / 4 DefE / 252 Vel;;swords_dance / knock_off / sucker_punch / superpower
absol_uu_1;absol;uu;Swords Dance;15;absolite;justified;jolly, adamant;252 Atq / 4 DefE / 252 Vel;;swords_dance / knock_off / sucker_punch / superpower, play_rough
absol_uu_2;absol;uu;All-Out Attacker;14;absolite;justified;jolly;252 Atq / 4 DefE / 252 Vel;;knock_off / sucker_punch / pursuit, iron_tail / superpower, iron_tail
accelgor_ru_1;accelgor;ru;Spikes Lead;53;focus_sash;unburden;timid;252 PS / 4 AtqE / 252 Vel;;spikes / final_gambit / encore / bug_buzz
accelgor_ru_2;accelgor;ru;Offensive;40;life_orb;sticky_hold;timid, modest;4 PS / 252 AtqE / 252 Vel;;bug_buzz / hidden_power / focus_blast / giga_drain, spikes, sludge_bomb
accelgor_uu_1;accelgor;uu;Spikes Lead;43;focus_sash;unburden;timid;252 PS / 4 DefE / 252 Vel;;spikes / encore, focus_blast / final_gambit, focus_blast / bug_buzz
aegislash_ubers_1;aegislash;ubers;Defensive;56;leftovers;;sassy;252 PS / 4 Def / 252 DefE;;kings_shield / gyro_ball / toxic / pursuit
aerodactyl_ou_1;aerodactyl;ou;Offensive;7;aerodactylite;unnerve;jolly;252 Atq / 4 Def / 252 Vel;;stone_edge / aerial_ace / aqua_tail / fire_fang, roost
aerodactyl_ou_2;aerodactyl;ou;Pursuit Trapper;7;aerodactylite;unnerve;jolly;168 PS / 124 Atq / 216 Vel;;pursuit / aerial_ace, stone_edge / aqua_tail, fire_fang / roost
aerodactyl_ou_3;aerodactyl;ou;Lead;69;rocky_helmet, focus_sash;pressure;jolly;4 PS / 252 Def / 252 Vel;;stealth_rock / taunt / earthquake / defog, double_edge
aerodactyl_ru_1;aerodactyl;ru;Life Orb;49;life_orb;unnerve;jolly;252 Atq / 4 DefE / 252 Vel;;stone_edge / earthquake / pursuit / aerial_ace, roost
aerodactyl_ubers_1;aerodactyl;ubers;Prehistoric Beast (Offensive);52;aerodactylite;pressure;jolly;40 PS / 252 Atq / 216 Vel;;stealth_rock / taunt / stone_edge / earthquake
aerodactyl_uu_1;aerodactyl;uu;All-Out Attacker;14;aerodactylite;unnerve;jolly;252 Atq / 4 DefE / 252 Vel;;stone_edge / wing_attack, earthquake / earthquake, aqua_tail / roost, pursuit
aerodactyl_uu_2;aerodactyl;uu;Hone Claws;10;aerodactylite;unnerve;jolly;252 Atq / 4 DefE / 252 Vel;;hone_claws / stone_edge / wing_attack, aqua_tail / earthquake, aqua_tail, roost
aerodactyl_uu_3;aerodactyl;uu;Suicide Lead;65;focus_sash;pressure;hasty, jolly;184 Atq / 72 AtqE / 252 Vel;;stealth_rock / taunt / double_edge / fire_blast, stone_edge
aggron_nu_1;aggron;nu;Choice Band;46;choice_band;rock_head;adamant;252 Atq / 4 Def / 252 Vel;;head_smash / heavy_slam / superpower / ice_punch
aggron_ou_1;aggron;ou;Tank;5;aggronite;;impish;252 PS / 16 Def / 240 DefE;;stealth_rock / heavy_slam / avalanche, thunder_wave / fire_punch, earthquake, rock_slide
aggron_ru_1;aggron;ru;Choice Band;54;choice_band;rock_head;adamant;252 Atq / 4 Def / 252 Vel;;head_smash / heavy_slam / low_kick / fire_punch, ice_punch
aggron_uu_1;aggron;uu;Tank;26;aggronite;;impish;252 PS / 16 Def / 240 DefE;;stealth_rock / roar, toxic, thunder_wave / heavy_slam / earthquake
aggron_uu_2;aggron;uu;Curse;10;aggronite;;careful;252 PS / 4 Def / 252 DefE;;curse / heavy_slam, iron_head / rest / sleep_talk
aipom_lc_1;aipom;lc;Wallbreaker;63;life_orb;skill_link;jolly;196 Atq / 76 Def / 236 Vel;;fake_out / fury_swipes / knock_off / brick_break, seed_bomb, fire_punch
alakazam_ou_1;alakazam;ou;Utility Attacker;57;alakazite;magic_guard;timid;4 Def / 252 AtqE / 252 Vel;;psychic / focus_blast / shadow_ball / encore, taunt
alakazam_ou_2;alakazam;ou;Colorful Attacker;58;alakazite;magic_guard;timid;4 PS / 252 AtqE / 252 Vel;;calm_mind, hidden_power, substitute / psychic, psyshock / focus_blast, dazzling_gleam / shadow_ball, energy_ball
alomomola_ou_1;alomomola;ou;Defensive;70;leftovers, rocky_helmet;regenerator;calm;36 PS / 220 Def / 252 DefE;;wish / protect / toxic, knock_off / scald
alomomola_ru_1;alomomola;ru;Defensive;87;leftovers;regenerator;bold, impish;120 PS / 136 Def / 252 DefE;;wish / protect / scald / toxic, knock_off
alomomola_ubers_1;alomomola;ubers;Kindhearted Fish;0;leftovers;regenerator;impish, bold;248 PS / 252 Def / 8 DefE;;wish / protect / toxic / knock_off, scald
alomomola_uu_1;alomomola;uu;Sunfish Wish;85;leftovers, rocky_helmet;regenerator;bold;40 PS / 252 Def / 216 DefE;;scald / wish / protect / toxic, knock_off
altaria_nu_1;altaria;nu;Defensive;46;leftovers;;bold;252 PS / 212 Def / 28 DefE / 16 Vel;;roost / flamethrower / toxic / haze, heal_bell
altaria_nu_2;altaria;nu;Choice Specs;9;choice_specs;;modest;252 AtqE / 4 DefE / 252 Vel;;draco_meteor / fire_blast / dragon_pulse / rest, sleep_talk
altaria_ou_1;altaria;ou;Offensive Dragon Dance;49;altarianite;;adamant;88 PS / 180 Atq / 240 Vel;;dragon_dance / substitute / frustration / earthquake
altaria_ou_2;altaria;ou;King DDD (Defensive Dragon Dance);63;altarianite;cloud_nine, natural_cure;impish;252 PS / 136 Def / 92 DefE / 28 Vel;;dragon_dance / roost / return / heal_bell, substitute, earthquake
altaria_ou_3;altaria;ou;Support;55;altarianite;cloud_nine;bold, impish, relaxed;252 PS / 100 Def / 156 DefE;;roost / hyper_voice, return / heal_bell / flamethrower, earthquake
altaria_ou_4;altaria;ou;Special Attacker;47;altarianite;cloud_nine, natural_cure;modest;252 PS / 164 AtqE / 92 Vel;;hyper_voice / fire_blast / roost / earthquake, heal_bell
altaria_pu_1;altaria;pu;Physically Defensive;44;leftovers;;bold;248 PS / 164 Def / 96 Vel;;flamethrower / toxic / heal_bell, haze / roost
altaria_pu_2;altaria;pu;Special Attacker;34;life_orb;;modest, timid;252 AtqE / 4 DefE / 252 Vel;;draco_meteor / fire_blast / roost / toxic, tailwind, earthquake
altaria_pu_3;altaria;pu;Offensive Dragon Dance;44;yache_berry, leftovers;;adamant;64 PS / 252 Atq / 192 Vel;;dragon_dance / dragon_claw, outrage / earthquake / roost
altaria_pu_4;altaria;pu;Bulky Dragon Dance;44;leftovers;;careful;248 PS / 68 DefE / 192 Vel;;dragon_dance / dragon_claw / roost / cotton_guard, heal_bell, substitute
amaura_lc_1;amaura;lc;Choice Scarf;66;choice_scarf;refrigerate, snow_warning;modest;36 Def / 224 AtqE / 12 DefE / 232 Vel;25 PS / 30 AtqE / 30 Vel;hyper_voice, blizzard / earth_power / thunderbolt / hidden_power, hyper_beam
ambipom_ru_1;ambipom;ru;DON'T USE AMBIPOM;41;life_orb;;jolly;252 Atq / 4 Def / 252 Vel;;fake_out / return / low_kick / knock_off
amoonguss_ou_1;amoonguss;ou;Pivot;79;black_sludge;regenerator;bold;248 PS / 168 Def / 92 DefE;;spore / giga_drain / clear_smog, stun_spore / hidden_power, sludge_bomb
ampharos_pu_1;ampharos;pu;Cleric;43;leftovers;;modest;248 PS / 252 AtqE / 8 DefE;;heal_bell / volt_switch / hidden_power, thunderbolt / focus_blast
ampharos_uu_1;ampharos;uu;Physically Defensive;6;ampharosite;;bold;252 PS / 252 Def / 4 AtqE;;rest / sleep_talk / volt_switch / dragon_pulse
ampharos_uu_2;ampharos;uu;All-out Attacker;34;ampharosite;;modest;132 PS / 252 AtqE / 124 Vel;;thunderbolt / dragon_pulse / focus_blast / volt_switch
ampharos_uu_3;ampharos;uu;Agility;32;ampharosite;;timid;32 PS / 252 AtqE / 224 Vel;;agility / thunderbolt / dragon_pulse / focus_blast
anorith_lc_1;anorith;lc;Support;52;berry_juice, eviolite;;jolly;236 Atq / 36 Def / 236 Vel;;stealth_rock / rapid_spin / rock_blast / knock_off, x_scissor
anorith_lc_2;anorith;lc;Life Orb Swords Dance;31;life_orb;;jolly;236 Atq / 36 Def / 236 Vel;;swords_dance / x_scissor / rock_blast / aerial_ace, knock_off
arbok_nu_1;arbok;nu;Offensive Coil;62;life_orb, lum_berry;;adamant;252 Atq / 4 DefE / 252 Vel;;coil / gunk_shot / earthquake, seed_bomb / sucker_punch
arbok_pu_1;arbok;pu;Offensive Coil;72;black_sludge, shuca_berry;;adamant;252 Atq / 4 DefE / 252 Vel;;coil / gunk_shot / earthquake / sucker_punch
arcanine_uu_1;arcanine;uu;Defensive;57;leftovers, rocky_helmet;;impish;248 PS / 8 Atq / 252 Def;;morning_sun / will_o_wisp, toxic / flare_blitz / extreme_speed, roar
arcanine_uu_2;arcanine;uu;Offensive;48;life_orb;flash_fire, intimidate;jolly, adamant;252 Atq / 4 Def / 252 Vel;;flare_blitz / extreme_speed / wild_charge / close_combat, crunch
arceus_ubers_1;arceus;ubers;Extreme Killer;67;life_orb;;jolly;4 PS / 252 Atq / 252 Vel;;swords_dance / extreme_speed / shadow_claw, stone_edge / earthquake
arceus_ubers_2;arceus;ubers;Bulky Extreme Killer;67;life_orb, silk_scarf;;adamant;132 PS / 252 Atq / 124 Vel;;swords_dance / extreme_speed / shadow_claw / recover, earthquake
archen_lc_1;archen;lc;Wallbreaker;50;berry_juice;;jolly;76 PS / 180 Atq / 196 Vel;;head_smash / acrobatics / earthquake, u_turn / substitute, defog, stealth_rock
archen_lc_2;archen;lc;Fast Support;53;berry_juice;;jolly;76 PS / 20 Atq / 76 Def / 76 DefE / 196 Vel;;acrobatics / earthquake / stealth_rock / defog
archeops_nu_1;archeops;nu;Offensive;13;;;hasty;252 Atq / 4 AtqE / 252 Vel;;acrobatics / stone_edge / earth_power / roost
archeops_nu_2;archeops;nu;BulkyCheops;19;;;jolly;252 PS / 4 Def / 252 Vel;;acrobatics / roost / taunt, defog / earthquake, defog
archeops_nu_3;archeops;nu;Suicide Lead;25;focus_sash;;jolly;252 Atq / 4 Def / 252 Vel;;stealth_rock / taunt / endeavor / head_smash
archeops_ru_1;archeops;ru;Suicide Lead;44;focus_sash;;naive;252 Atq / 252 Vel;;stealth_rock / taunt / endeavor / head_smash
ariados_pu_1;ariados;pu;Lead;69;focus_sash;insomnia;jolly;252 Atq / 4 DefE / 252 Vel;;sticky_web / toxic_spikes / megahorn / sucker_punch
armaldo_pu_1;armaldo;pu;Rapid Spin;51;leftovers;;adamant;252 PS / 92 Atq / 164 Vel;;rapid_spin / stone_edge / knock_off / earthquake
armaldo_pu_2;armaldo;pu;Swift Swim;30;life_orb;swift_swim;adamant;252 Atq / 4 Def / 252 Vel;;swords_dance / stone_edge / earthquake / aqua_jet, x_scissor
aromatisse_ru_1;aromatisse;ru;Mono-Attacker;55;leftovers;aroma_veil;bold;252 PS / 244 Def / 12 Vel;;calm_mind / moonblast / rest / sleep_talk
aromatisse_uu_1;aromatisse;uu;Defensive;78;leftovers;aroma_veil;bold;252 PS / 252 Def / 4 DefE;;wish / protect / moonblast / aromatherapy
aron_lc_1;aron;lc;Sturdy Lead;37;berry_juice;;brave;196 Atq / 196 Def / 116 DefE;;rock_slide / heavy_slam, iron_head / superpower / metal_burst, stealth_rock
aron_lc_2;aron;lc;Rock Head;46;eviolite, berry_juice;rock_head;adamant;36 PS / 196 Atq / 116 Def / 116 DefE / 36 Vel;;head_smash / heavy_slam, iron_head / superpower / stealth_rock, rock_polish
aron_lc_3;aron;lc;Sticky Web Attacker;21;life_orb;heavy_metal;adamant;116 PS / 196 Atq / 196 Vel;;heavy_slam / hone_claws / earthquake / magnet_rise, rock_slide, head_smash
articuno_nu_1;articuno;nu;Burd (Offensive);48;life_orb, choice_specs;;timid;252 AtqE / 4 DefE / 252 Vel;;freeze_dry / hurricane / roost, ice_beam / ice_beam, u_turn
articuno_pu_1;articuno;pu;SubRoost;56;leftovers;;timid;252 AtqE / 4 DefE / 252 Vel;;substitute / roost / hurricane / ice_beam, freeze_dry
articuno_pu_2;articuno;pu;Agility;28;life_orb;;modest;28 PS / 252 AtqE / 228 Vel;;agility / ice_beam, freeze_dry / hurricane / hidden_power
articuno_ru_1;articuno;ru;Life Orb;44;life_orb;;timid;4 Def / 252 AtqE / 252 Vel;;freeze_dry / hurricane / roost / ice_beam, substitute
articuno_ru_2;articuno;ru;Specially Defensive;44;leftovers;;calm;248 PS / 8 Def / 252 DefE;;roost / heal_bell / freeze_dry / toxic, haze
audino_nu_1;audino;nu;Defensive Calm Mind;45;audinite;regenerator;bold;252 PS / 208 Def / 48 AtqE;;calm_mind / dazzling_gleam / wish, rest / protect, sleep_talk
audino_nu_2;audino;nu;Offensive Pivot;24;audinite;regenerator;modest;4 Def / 252 AtqE / 252 Vel;;calm_mind, healing_wish / dazzling_gleam / fire_blast / surf, thunder_wave, psychic
audino_nu_3;audino;nu;Mixed Defensive Pivot;47;audinite;regenerator;calm;252 PS / 128 Def / 128 DefE;;wish / protect / heal_bell, fire_blast, encore / dazzling_gleam
audino_pu_1;audino;pu;Wish Passer;78;leftovers;regenerator;careful;252 PS / 4 Def / 252 DefE;;wish / protect / knock_off, double_edge / encore, thunder_wave, heal_bell
audino_ru_1;audino;ru;Defensive;63;leftovers;regenerator;careful;252 PS / 4 Def / 252 DefE;;wish / heal_bell / protect / knock_off
audino_ru_2;audino;ru;Mega Tank;20;audinite;regenerator;modest;248 PS / 252 AtqE / 8 DefE;;dazzling_gleam / fire_blast / surf / healing_wish
audino_ru_3;audino;ru;Calm Mind;14;audinite;regenerator;bold;252 PS / 252 Def / 4 DefE;;calm_mind / rest / sleep_talk / dazzling_gleam
aurorus_nu_1;aurorus;nu;Choice Specs;56;choice_specs;refrigerate, snow_warning;modest;252 AtqE / 4 DefE / 252 Vel;;hyper_voice, blizzard / freeze_dry / earth_power / frost_breath
aurorus_nu_2;aurorus;nu;Stealth Rock;37;focus_sash;snow_warning;hasty;32 Atq / 224 AtqE / 252 Vel;;stealth_rock / blizzard / freeze_dry / rock_tomb
aurorus_ru_1;aurorus;ru;Stealth Rock;43;life_orb;;timid, modest;4 Def / 252 AtqE / 252 Vel;;stealth_rock / hyper_voice / freeze_dry / earth_power
aurorus_ru_2;aurorus;ru;Rock Polish;49;life_orb;;timid;4 Def / 252 AtqE / 252 Vel;;rock_polish / hyper_voice / earth_power / freeze_dry
avalugg_pu_1;avalugg;pu;Rapid Spin;70;leftovers;sturdy;careful;248 PS / 8 Def / 252 DefE;;rapid_spin / recover / avalanche / earthquake, roar
axew_lc_1;axew;lc;Dragon Dance;63;eviolite;mold_breaker;adamant, jolly;68 PS / 220 Atq / 220 Vel;;dragon_dance / outrage, dragon_claw / iron_tail, poison_jab / superpower
axew_lc_2;axew;lc;Choice;45;choice_scarf, choice_band;mold_breaker;jolly;68 PS / 220 Atq / 220 Vel;;dragon_claw / outrage / superpower / iron_tail, poison_jab
azelf_ou_1;azelf;ou;Lead;23;focus_sash;;naive;228 Def / 28 AtqE / 252 Vel;;stealth_rock / explosion / skill_swap, hidden_power, iron_tail / taunt
azumarill_ou_1;azumarill;ou;Choice Band;73;choice_band;huge_power;adamant;172 PS / 252 Atq / 84 Vel;;play_rough / waterfall / aqua_jet / superpower, knock_off
azumarill_ou_2;azumarill;ou;Belly Drum;63;sitrus_berry;huge_power;adamant;92 PS / 252 Atq / 164 Vel;;belly_drum / aqua_jet / play_rough / knock_off
azumarill_ou_3;azumarill;ou;Assault Vest;66;assault_vest;huge_power;adamant;240 PS / 252 Atq / 16 DefE;;play_rough / waterfall / aqua_jet / knock_off, superpower
azurill_lc_1;azurill;lc;Trick Room Sweeper;56;life_orb;huge_power;brave;116 PS / 196 Atq / 116 Def / 36 DefE;;return / knock_off / waterfall / iron_tail, double_edge
bagon_lc_1;bagon;lc;Dragon Dance;60;life_orb, eviolite;sheer_force;adamant;236 Atq / 76 Def / 196 Vel;;dragon_dance / dragon_claw / rock_slide, zen_headbutt / fire_fang, crunch
baltoy_lc_1;baltoy;lc;Rapid Spin;57;eviolite, berry_juice;;relaxed;36 PS / 36 Atq / 236 Def / 196 DefE;;rapid_spin / stealth_rock / earthquake / psychic, recycle
banette_pu_1;banette;pu;Offensive Utility;27;life_orb;;naughty;248 Atq / 40 AtqE / 220 Vel;;shadow_claw / sucker_punch / dazzling_gleam, thunderbolt / knock_off, hidden_power, will_o_wisp
banette_ru_1;banette;ru;Offensive;63;banettite;insomnia, frisk;adamant;228 PS / 252 Atq / 28 Vel;;knock_off / will_o_wisp / shadow_claw / shadow_sneak, sucker_punch, destiny_bond
banette_ru_2;banette;ru;Offensive;63;banettite;insomnia, frisk;adamant;228 PS / 252 Atq / 28 Vel;;knock_off / will_o_wisp / shadow_claw / shadow_sneak, sucker_punch, destiny_bond
banette_uu_1;banette;uu;Prankster;36;banettite;frisk;adamant;252 PS / 252 Atq / 4 DefE;;taunt / will_o_wisp, thunder_wave / shadow_claw, shadow_sneak, knock_off / destiny_bond
barbaracle_nu_1;barbaracle;nu;Shell Smash;56;shuca_berry;;adamant;252 Atq / 4 Def / 252 Vel;;shell_smash / razor_shell / return / earthquake, substitute
barbaracle_nu_2;barbaracle;nu;Choice Scarf;36;choice_scarf;;jolly;252 Atq / 4 Def / 252 Vel;;razor_shell / stone_edge / superpower, earthquake / switcheroo
barbaracle_ru_1;barbaracle;ru;Shell Smash;45;lum_berry, shuca_berry;;adamant;252 Atq / 4 Def / 252 Vel;;shell_smash / razor_shell / stone_edge / poison_jab
basculin_pu_1;basculin;pu;All-Out Attacker;61;life_orb;adaptability;naive;252 Atq / 4 AtqE / 252 Vel;;waterfall / zen_headbutt / ice_beam / aqua_jet
bastiodon_pu_1;bastiodon;pu;Utility;52;leftovers;;careful;252 PS / 4 Def / 252 DefE;;stealth_rock / toxic / roar / magic_coat
beartic_pu_1;beartic;pu;Swift Swim Sweeper;81;life_orb;swift_swim;adamant;252 Atq / 4 Def / 252 Vel;;icicle_crash / superpower / aqua_jet / swords_dance
beautifly_pu_1;beautifly;pu;The Ugly Bar-Butter-fly;3;bright_powder;rivalry;jolly;248 PS / 8 DefE / 252 Vel;;flash / morning_sun / defog
beedrill_ou_1;beedrill;ou;U-turn;78;beedrillite;;jolly;252 Atq / 4 Def / 252 Vel;;protect / u_turn / poison_jab / knock_off, drill_run
beedrill_pu_1;beedrill;pu;Suicide Lead;12;focus_sash;;jolly;252 Atq / 4 Def / 252 Vel;;toxic_spikes / endeavor / x_scissor / tailwind
beedrill_uu_1;beedrill;uu;Don't Stand So Close to Me;72;beedrillite;;jolly, adamant;252 Atq / 4 Def / 252 Vel;;u_turn / protect / poison_jab / knock_off, drill_run
beheeyem_nu_1;beheeyem;nu;Choice Specs;0;choice_specs;analytic;modest;132 PS / 252 AtqE / 124 Vel;;psychic, psyshock / signal_beam / hidden_power / trick, thunderbolt
beheeyem_pu_1;beheeyem;pu;Defensive Nasty Plot;38;colbur_berry, leftovers;analytic;modest;248 PS / 236 Def / 24 AtqE;;nasty_plot / psychic / signal_beam, thunderbolt / recover
beheeyem_pu_2;beheeyem;pu;Choice Specs;46;choice_specs;analytic;modest;212 PS / 252 AtqE / 44 Vel;;psychic, psyshock / signal_beam / hidden_power / trick, psyshock
beheeyem_pu_3;beheeyem;pu;Trick Room;53;life_orb;analytic;quiet;252 PS / 252 AtqE / 4 DefE;;trick_room / psychic / signal_beam / thunderbolt, shadow_ball
bellossom_pu_1;bellossom;pu;"Sun ""Sweeper""";17;life_orb;;modest;252 AtqE / 4 DefE / 252 Vel;;solar_beam / hidden_power / moonblast / sleep_powder
bellsprout_lc_1;bellsprout;lc;Sun Sweeper;65;eviolite;;modest;76 Def / 196 AtqE / 36 DefE / 196 Vel;;solar_beam / sludge_bomb / weather_ball / sleep_powder
bergmite_lc_1;bergmite;lc;Rapid Spin Support;65;eviolite;sturdy;impish;44 Atq / 236 Def / 156 DefE / 52 Vel;;avalanche / rapid_spin / recover / rock_tomb, toxic
bibarel_pu_1;bibarel;pu;Curse;40;chesto_berry;;careful;252 PS / 4 Atq / 252 DefE;;curse / waterfall / quick_attack / rest
bidoof_lc_1;bidoof;lc;Curse;46;berry_juice, eviolite;;careful;124 PS / 76 Atq / 36 Def / 196 DefE / 28 Vel;;curse / return / quick_attack / aqua_tail, thief
binacle_lc_1;binacle;lc;Shell Smash;45;eviolite, berry_juice;;adamant;100 PS / 180 Atq / 196 Vel;;shell_smash / razor_shell / cross_chop / stone_edge, earthquake
binacle_lc_2;binacle;lc;Switcheroo;29;choice_band, choice_scarf;;adamant, jolly;100 PS / 180 Atq / 196 Vel;;switcheroo / razor_shell / stone_edge, cross_chop / earthquake, cross_chop
bisharp_ou_1;bisharp;ou;Swords Dance;65;black_glasses, lum_berry, life_orb;;adamant, jolly;252 Atq / 4 Def / 252 Vel;;knock_off / swords_dance / iron_head / sucker_punch
bisharp_ou_2;bisharp;ou;Assault Vest;49;assault_vest;;adamant;248 PS / 252 Atq / 8 DefE;;pursuit / sucker_punch / iron_head / knock_off
blastoise_ru_1;blastoise;ru;Bulky Spinner;63;leftovers;;bold;252 PS / 252 Def / 4 DefE;;scald / rapid_spin / toxic / refresh, protect, foresight
blastoise_uu_1;blastoise;uu;Offensive Spinner;36;blastoisinite;rain_dish;modest;184 PS / 252 AtqE / 72 Vel;;rapid_spin / scald, hydro_pump / dark_pulse / ice_beam, dragon_pulse, aura_sphere
blastoise_uu_2;blastoise;uu;All-Out Attacker;26;blastoisinite;rain_dish;modest;56 PS / 252 AtqE / 200 Vel;;scald, hydro_pump / dark_pulse / aura_sphere / ice_beam, dragon_pulse
blastoise_uu_3;blastoise;uu;Defensive Spinner;54;leftovers;;bold;252 PS / 252 Def / 4 AtqE;;scald / rapid_spin / roar / toxic
blaziken_ubers_1;blaziken;ubers;Physical Attacker;43;life_orb;speed_boost;naughty, adamant;252 Atq / 4 Def / 252 Vel;;flare_blitz / protect, swords_dance / high_jump_kick, low_kick / hidden_power, stone_edge
blissey_ou_1;blissey;ou;Special Wall;50;leftovers;;bold;248 PS / 252 Def / 8 DefE;;seismic_toss / toxic / soft_boiled / protect
blissey_ubers_1;blissey;ubers;Support;53;shed_shell, leftovers;;calm;252 Def / 252 DefE / 4 Vel;;toxic / seismic_toss, ice_beam, snatch / wish, soft_boiled / protect, heal_bell
blissey_uu_1;blissey;uu;De Blob (Cleric);60;leftovers;;bold;252 PS / 252 Def / 4 DefE;;wish, thunder_wave / protect, soft_boiled / seismic_toss / heal_bell, toxic, stealth_rock
blitzle_lc_1;blitzle;lc;Life Orb;66;life_orb;sap_sipper;naive;196 Atq / 20 Def / 36 AtqE / 20 DefE / 228 Vel;;wild_charge / volt_switch / flame_charge / double_edge, quick_attack
bouffalant_nu_1;bouffalant;nu;Swords Dance;37;leftovers;sap_sipper;adamant;120 PS / 252 Atq / 136 Vel;;swords_dance / return / earthquake / substitute
bouffalant_nu_2;bouffalant;nu;Choice Band;51;choice_band;sap_sipper;adamant;108 PS / 252 Atq / 148 Vel;;head_charge / earthquake / pursuit / megahorn, stone_edge
bouffalant_pu_1;bouffalant;pu;Substitute;61;leftovers;sap_sipper;adamant;248 PS / 136 Atq / 124 Vel;;substitute / swords_dance / return / earthquake
bouffalant_pu_2;bouffalant;pu;Tank;44;assault_vest;sap_sipper;adamant;248 PS / 252 Atq / 8 DefE;;return / earthquake / pursuit / facade
bouffalant_pu_3;bouffalant;pu;Choice Band;28;choice_band;;adamant, jolly;252 Atq / 4 DefE / 252 Vel;;head_charge / earthquake / megahorn / pursuit, stone_edge
braviary_ru_1;braviary;ru;Bulk Up;51;leftovers;defiant;careful;252 PS / 168 DefE / 88 Vel;;substitute / bulk_up / brave_bird / roost
braviary_ru_2;braviary;ru;Physical Attacker;53;choice_band, sharp_beak;defiant;adamant, jolly;252 Atq / 4 Def / 252 Vel;;brave_bird / return / superpower / u_turn, roost
breloom_ou_1;breloom;ou;Technician Attacker;65;life_orb;technician;jolly, adamant;252 Atq / 4 Def / 252 Vel;;spore / bullet_seed / mach_punch / swords_dance, focus_punch, rock_tomb
breloom_ou_2;breloom;ou;Poison Heal Attacker;30;toxic_orb;poison_heal;jolly;12 PS / 244 Atq / 252 Vel;;swords_dance / superpower, drain_punch / seed_bomb / facade, mach_punch
bronzong_ru_1;bronzong;ru;Defensive;59;leftovers;;sassy;252 PS / 72 Def / 184 DefE;;stealth_rock / gyro_ball / toxic / earthquake
bronzong_ru_2;bronzong;ru;Offensive Trick Room;26;macho_brace;;brave;252 PS / 252 Atq / 4 Def;;trick_room / gyro_ball / earthquake / explosion
bronzong_ubers_1;bronzong;ubers;Special Tank;82;leftovers;;sassy;252 PS / 4 Atq / 252 DefE;;stealth_rock / gyro_ball / toxic / protect, trick_room, skill_swap
bronzong_uu_1;bronzong;uu;Tank;63;leftovers;;sassy;252 PS / 4 Def / 252 DefE;;stealth_rock / gyro_ball / toxic / earthquake, protect
bronzong_uu_2;bronzong;uu;Trick Room Support;34;macho_brace, mental_herb;;brave;252 PS / 252 Atq / 4 DefE;;gyro_ball / trick_room / earthquake, stealth_rock / explosion
bronzor_lc_1;bronzor;lc;Berry Juice + Recycle;48;berry_juice;;careful;60 PS / 4 Atq / 228 Def / 4 AtqE / 148 DefE / 12 Vel;;stealth_rock / recycle / earthquake / psychic, toxic
bronzor_nu_1;bronzor;nu;Specially Defensive;85;eviolite;;calm;252 PS / 4 Def / 252 DefE;;stealth_rock / psywave / toxic / rest, skill_swap
bronzor_pu_1;bronzor;pu;Defensive;82;eviolite;;bold;252 PS / 144 Def / 112 DefE;;psywave / toxic / stealth_rock / rest
budew_lc_1;budew;lc;Spikes;66;eviolite;;bold;116 PS / 236 Def / 36 AtqE / 36 DefE / 76 Vel;;spikes / sleep_powder, giga_drain / sludge_bomb, giga_drain / synthesis
buizel_lc_1;buizel;lc;Life Orb Attacker;59;life_orb;water_veil;jolly;236 Atq / 36 DefE / 236 Vel;;aqua_tail, waterfall / ice_punch / brick_break, pursuit / aqua_jet
bulbasaur_lc_1;bulbasaur;lc;Life Orb Sun Sweeper;61;life_orb;chlorophyll;modest;240 AtqE / 240 Vel;;sludge_bomb / solar_beam, giga_drain / sleep_powder / hidden_power
bulbasaur_lc_2;bulbasaur;lc;Eviolite Growth;52;eviolite;chlorophyll;timid;240 AtqE / 240 Vel;;growth / sleep_powder / giga_drain / hidden_power, sludge_bomb
buneary_lc_1;buneary;lc;Choice Band;37;choice_band;limber;jolly;228 Atq / 4 Def / 236 Vel;;return / drain_punch, jump_kick, fire_punch / healing_wish, thunder_wave / switcheroo
buneary_lc_2;buneary;lc;Switcheroo Support;30;choice_band, flame_orb;klutz;jolly;236 PS / 4 Def / 236 Vel;;switcheroo / return, fake_out / heal_bell, thunder_wave / healing_wish, thunder_wave
bunnelby_lc_1;bunnelby;lc;Choice Scarf;66;choice_scarf;huge_power;jolly, adamant;228 Atq / 52 Def / 220 Vel;;return / u_turn / earthquake / stone_edge
bunnelby_lc_2;bunnelby;lc;Life Orb;63;life_orb;huge_power;adamant, jolly;228 Atq / 52 Def / 220 Vel;23 PS;return / quick_attack / earthquake / stone_edge, thief
butterfree_pu_1;butterfree;pu;Quiver Dance;56;life_orb;tinted_lens;timid;4 Def / 252 AtqE / 252 Vel;;sleep_powder / quiver_dance / bug_buzz / energy_ball, psychic
cacnea_lc_1;cacnea;lc;Swords Dance;77;eviolite;water_absorb;impish;36 PS / 156 Atq / 196 Def / 116 DefE;;swords_dance / seed_bomb / drain_punch / sucker_punch
cacturne_nu_1;cacturne;nu;Mixed Attacker;53;life_orb;water_absorb;mild;4 Atq / 252 AtqE / 252 Vel;;dark_pulse / giga_drain, energy_ball / sucker_punch / spikes
cacturne_pu_1;cacturne;pu;Mixed Wallbreaker;66;life_orb;water_absorb;rash;4 Atq / 252 AtqE / 252 Vel;;energy_ball / dark_pulse / focus_blast / sucker_punch
cacturne_pu_2;cacturne;pu;Swords Dance;56;life_orb;water_absorb;adamant;4 PS / 252 Atq / 252 Vel;;swords_dance / sucker_punch / seed_bomb / superpower
camerupt_nu_1;camerupt;nu;Defensive;38;leftovers;solid_rock;sassy;252 PS / 4 AtqE / 252 DefE;;stealth_rock / lava_plume / earthquake / toxic, will_o_wisp
camerupt_nu_2;camerupt;nu;Choice Specs;48;choice_specs;solid_rock;modest;140 PS / 252 AtqE / 116 Vel;;fire_blast / earth_power / lava_plume / hidden_power
camerupt_pu_1;camerupt;pu;Choice Specs;41;choice_specs;solid_rock;modest;252 AtqE / 4 DefE / 252 Vel;;eruption / fire_blast / earth_power / hidden_power
camerupt_pu_2;camerupt;pu;Specially Defensive;60;leftovers;solid_rock;calm;248 PS / 8 Def / 252 DefE;;stealth_rock / fire_blast, lava_plume / earth_power / protect, toxic
camerupt_ru_1;camerupt;ru;Tank;35;cameruptite;solid_rock;modest;248 PS / 176 AtqE / 84 Vel;;fire_blast / earth_power / stealth_rock / toxic, hidden_power
camerupt_ru_2;camerupt;ru;Tank;60;cameruptite;solid_rock;modest;248 PS / 176 AtqE / 84 Vel;;fire_blast / earth_power / stealth_rock / toxic, hidden_power
camerupt_uu_1;camerupt;uu;Wallbreaker;44;cameruptite;solid_rock;modest;252 PS / 4 Def / 252 AtqE;;fire_blast / earth_power / ancient_power / hidden_power, will_o_wisp
carbink_pu_1;carbink;pu;ROCK WITH EYES;25;leftovers;;bold;252 PS / 252 Def / 4 AtqE;;calm_mind / moonblast / rest / sleep_talk
carbink_pu_2;carbink;pu;Sun Support;36;heat_rock;sturdy;jolly;252 PS / 4 Def / 252 Vel;;sunny_day / stealth_rock / explosion / magic_coat
carnivine_pu_1;carnivine;pu;Offensive;38;watmel_berry;;adamant;188 PS / 252 Atq / 68 Vel;;sleep_powder / power_whip / knock_off / natural_gift
carracosta_nu_1;carracosta;nu;Defensive;12;leftovers;;relaxed;252 PS / 192 Def / 64 DefE;;stealth_rock / scald / rock_slide / knock_off, toxic
carracosta_nu_2;carracosta;nu;Mixed Shell Smash;19;life_orb;;naive;28 Atq / 228 AtqE / 252 Vel;;shell_smash / hydro_pump / stone_edge / ice_beam
carvanha_lc_1;carvanha;lc;Physical Life Orb;81;life_orb;speed_boost;adamant;196 Atq / 36 Def / 36 DefE / 236 Vel;9 PS;waterfall / crunch / zen_headbutt, aqua_jet / protect
carvanha_lc_2;carvanha;lc;Special Life Orb;48;life_orb;speed_boost;modest;236 AtqE / 36 DefE / 236 Vel;9 PS;hydro_pump / ice_beam / dark_pulse / protect
castform_pu_1;castform;pu;Chasing Rainbows;24;damp_rock, heat_rock, icy_rock;;modest;252 AtqE / 4 DefE / 252 Vel;;rain_dance / sunny_day / hail / weather_ball
celebi_ou_1;celebi;ou;Support;72;leftovers;;bold;252 PS / 156 Def / 84 DefE / 16 Vel;;giga_drain / recover / thunder_wave / stealth_rock, healing_wish, perish_song
celebi_ou_2;celebi;ou;Nasty Plot + 2 Attacks;51;leftovers;;bold;252 PS / 148 Def / 108 Vel;;nasty_plot / giga_drain / recover / earth_power, hidden_power
celebi_uu_1;celebi;uu;Nasty Plot;51;leftovers, life_orb;;timid;252 AtqE / 4 DefE / 252 Vel;;nasty_plot / giga_drain / psychic / dazzling_gleam, recover
celebi_uu_2;celebi;uu;Utility;38;leftovers;;bold;240 PS / 244 Def / 24 Vel;;giga_drain, psychic / recover / thunder_wave, perish_song, stealth_rock / u_turn, perish_song, stealth_rock
celebi_uu_3;celebi;uu;Offensive Stealth Rock;22;life_orb;;timid;252 AtqE / 4 DefE / 252 Vel;;stealth_rock / leaf_storm, energy_ball / psychic / earth_power, hidden_power
chandelure_uu_1;chandelure;uu;Choice Scarf;52;choice_scarf;;timid;252 AtqE / 4 DefE / 252 Vel;;fire_blast / shadow_ball / energy_ball / trick, memento
chandelure_uu_2;chandelure;uu;Choice Specs;47;choice_specs;;timid, modest;252 AtqE / 4 DefE / 252 Vel;;fire_blast, flamethrower / shadow_ball / energy_ball / trick
chandelure_uu_3;chandelure;uu;Substitute + Calm Mind;31;leftovers;;timid;252 AtqE / 4 DefE / 252 Vel;;substitute / calm_mind / flamethrower / shadow_ball
chansey_ou_1;chansey;ou;De Blob;69;eviolite;;bold;4 PS / 252 Def / 252 DefE;;toxic, thunder_wave / soft_boiled / seismic_toss / heal_bell, stealth_rock
chansey_ubers_1;chansey;ubers;Support;62;eviolite;;bold;252 Def / 252 DefE / 4 Vel;;thunder_wave / toxic, heal_bell / soft_boiled / seismic_toss
charizard_nu_1;charizard;nu;Life Orb;27;life_orb;;timid;4 Def / 252 AtqE / 252 Vel;;fire_blast / air_slash / hidden_power, focus_blast / roost, earthquake
charizard_nu_2;charizard;nu;Swords Dance;18;;;jolly;248 PS / 8 Atq / 252 Vel;;swords_dance / acrobatics / will_o_wisp / roost
charizard_ou_1;charizard;ou;Dragon Dance;67;charizardite_x;;jolly, adamant;252 Atq / 4 Def / 252 Vel;;dragon_dance / flare_blitz / dragon_claw / roost
charizard_ou_2;charizard;ou;Wallbreaker;9;charizardite_y;;timid, modest;252 AtqE / 4 DefE / 252 Vel;;flamethrower / solar_beam / focus_blast / roost
charizard_ou_3;charizard;ou;Bulky Will-O-Wisp;59;charizardite_x;;impish;248 PS / 100 Def / 160 Vel;;will_o_wisp / flare_blitz / roost / earthquake, dragon_claw
charizard_ou_4;charizard;ou;Swords Dance;56;charizardite_x;;adamant;40 PS / 252 Atq / 216 Vel;;swords_dance / roost / flare_blitz, flame_charge / dragon_claw, outrage
charmander_lc_1;charmander;lc;Sun Wallbreaker;30;choice_scarf;solar_power;timid;44 PS / 12 Def / 196 AtqE / 236 Vel;;flamethrower / fire_blast / overheat / sleep_talk
chatot_nu_1;chatot;nu;Choice Specs;49;choice_specs;tangled_feet;timid;4 Def / 252 AtqE / 252 Vel;;boomburst / heat_wave / hidden_power / u_turn
chatot_nu_2;chatot;nu;Substitute + Nasty Plot;32;leftovers;tangled_feet;timid;252 AtqE / 4 DefE / 252 Vel;;nasty_plot / substitute / boomburst / chatter
chatot_pu_1;chatot;pu;Choice Scarf;54;choice_scarf;tangled_feet;timid;252 AtqE / 4 DefE / 252 Vel;;boomburst / heat_wave / hidden_power / u_turn
chatot_pu_2;chatot;pu;Choice Specs;53;choice_specs;tangled_feet;modest;252 AtqE / 4 DefE / 252 Vel;;boomburst / heat_wave / hidden_power / u_turn
cherrim_pu_1;cherrim;pu;Offensive Healing Wish;15;life_orb;;modest;252 AtqE / 4 DefE / 252 Vel;;healing_wish / energy_ball / hidden_power / dazzling_gleam, nature_power, synthesis
cherubi_lc_1;cherubi;lc;Chlorophyll Sweeper;66;life_orb;;modest;76 Def / 180 AtqE / 236 Vel;9 PS;solar_beam / weather_ball / dazzling_gleam / healing_wish
chesnaught_ou_1;chesnaught;ou;Physical Tank;41;leftovers;bulletproof;impish;252 PS / 252 Def / 4 DefE;;leech_seed / drain_punch / spikes / wood_hammer, spiky_shield
chesnaught_uu_1;chesnaught;uu;Physically Defensive;74;leftovers, rocky_helmet;bulletproof;impish;252 PS / 252 Def / 4 DefE;;spikes / leech_seed, synthesis / spiky_shield, roar / drain_punch, wood_hammer
chesnaught_uu_2;chesnaught;uu;Specially Defensive;74;leftovers;bulletproof;careful;252 PS / 4 Def / 252 DefE;;spikes / leech_seed, synthesis / spiky_shield, roar / drain_punch, wood_hammer
chesnaught_uu_3;chesnaught;uu;Fast Taunt;61;leftovers;bulletproof;impish;252 PS / 84 Def / 172 Vel;;spikes / taunt / leech_seed, synthesis, roar / drain_punch, wood_hammer
chespin_lc_1;chespin;lc;Spikes;70;eviolite;bulletproof;careful;108 Atq / 76 Def / 236 DefE / 52 Vel;;spikes / seed_bomb / zen_headbutt, rock_slide / synthesis
chikorita_lc_1;chikorita;lc;Aromatherapy;60;eviolite;;bold;156 PS / 160 Def / 48 AtqE / 80 DefE;;aromatherapy / synthesis / giga_drain / hidden_power
chimchar_lc_1;chimchar;lc;Lead;31;focus_sash;;timid;4 PS / 84 Def / 212 AtqE / 4 DefE / 188 Vel;;stealth_rock / taunt, encore / fake_out / fire_blast, overheat
chimecho_pu_1;chimecho;pu;Defensive Healing Wish;45;leftovers;;calm;252 PS / 4 AtqE / 252 DefE;;healing_wish / recover / psychic / heal_bell, thunder_wave, taunt
chinchou_lc_1;chinchou;lc;Defensive;46;berry_juice, eviolite;;bold;212 Def / 72 AtqE / 148 DefE / 60 Vel;30 AtqE;scald / volt_switch / ice_beam / hidden_power, sucker_punch, thunder_wave
chinchou_lc_2;chinchou;lc;Fast Berry Juice;44;berry_juice;;timid;132 Def / 152 AtqE / 224 Vel;30 AtqE;scald / volt_switch / ice_beam / hidden_power, sucker_punch
chinchou_lc_3;chinchou;lc;Choice Scarf;34;choice_scarf;;timid;52 Def / 232 AtqE / 224 Vel;;volt_switch / hydro_pump, surf / ice_beam / thunderbolt, hidden_power
chinchou_pu_1;chinchou;pu;Specially Defensive Pivot;77;eviolite;;calm;252 PS / 4 Def / 252 DefE;;scald / volt_switch / rest / sleep_talk
cinccino_ru_1;cinccino;ru;Physical Attacker;77;choice_band, life_orb;skill_link;jolly;252 Atq / 4 Def / 252 Vel;;tail_slap / bullet_seed / rock_blast / knock_off, u_turn
clamperl_lc_1;clamperl;lc;Shell Smash;62;deep_sea_tooth;;timid;248 AtqE / 76 DefE / 184 Vel;;shell_smash / surf / ice_beam / substitute, hidden_power
clauncher_lc_1;clauncher;lc;Pivot;52;eviolite;;relaxed;92 Atq / 180 Def / 132 AtqE / 92 DefE;;scald, water_pulse / aqua_jet / ice_beam / u_turn
clawitzer_ru_1;clawitzer;ru;Wallbreaker;51;life_orb;;modest;252 AtqE / 4 DefE / 252 Vel;;scald / ice_beam / dark_pulse / aura_sphere
claydol_nu_1;claydol;nu;Offensive Spinner;42;colbur_berry, soft_sand;;modest, timid;4 PS / 252 AtqE / 252 Vel;;rapid_spin / earth_power / shadow_ball / psyshock, psychic
clefable_ou_1;clefable;ou;Calm Mind;75;leftovers;magic_guard;bold;252 PS / 252 Def / 4 DefE;;calm_mind / moonblast / flamethrower, ice_beam, thunder_wave / soft_boiled
clefable_ou_2;clefable;ou;Stealth Rock;72;leftovers;magic_guard;bold;248 PS / 236 Def / 24 DefE;;stealth_rock / flamethrower, moonblast / thunder_wave, knock_off / soft_boiled
clefable_ou_3;clefable;ou;Life Orb;53;life_orb;magic_guard;modest;252 PS / 172 Def / 72 AtqE / 12 Vel;;moonblast / ice_beam / soft_boiled / calm_mind, flamethrower
clefable_ou_4;clefable;ou;Specially Defensive;75;leftovers;magic_guard;calm;252 PS / 160 Def / 96 DefE;;moonblast / soft_boiled / thunder_wave, flamethrower / knock_off, calm_mind, stealth_rock
clefable_ou_5;clefable;ou;Unaware Wall;46;leftovers;unaware;bold, calm;252 PS / 200 Def / 56 DefE;;wish / protect / calm_mind, heal_bell / moonblast
clefable_ubers_1;clefable;ubers;Specially Defensive;95;leftovers;unaware;calm;248 PS / 248 DefE / 12 Vel;;wish / protect / heal_bell, toxic, calm_mind / moonblast
clefable_ubers_2;clefable;ubers;Physically Defensive;95;leftovers;unaware;bold;248 PS / 248 Def / 12 Vel;;wish / protect / heal_bell, toxic / moonblast
clefairy_nu_1;clefairy;nu;Support;88;eviolite;magic_guard;calm;252 PS / 4 Def / 252 DefE;;moonblast, seismic_toss / soft_boiled / thunder_wave / stealth_rock, knock_off
clefairy_nu_2;clefairy;nu;Calm Mind;71;eviolite;magic_guard;calm;252 PS / 84 Def / 172 DefE;;calm_mind / moonblast / soft_boiled / thunder_wave, fire_blast
clefairy_pu_1;clefairy;pu;Specially Defensive;83;eviolite;magic_guard;calm;252 PS / 4 Def / 252 DefE;;soft_boiled / moonblast, seismic_toss / thunder_wave, stealth_rock / knock_off, thunder_wave
clefairy_pu_2;clefairy;pu;Calm Mind;80;eviolite;magic_guard;bold;252 PS / 252 Def / 4 DefE;;calm_mind / soft_boiled / moonblast / thunder_wave, stored_power
clefairy_uu_1;clefairy;uu;Specially Defensive;0;eviolite;magic_guard;calm;252 PS / 4 Def / 252 DefE;;moonblast / soft_boiled / healing_wish / thunder_wave, stealth_rock
cleffa_lc_1;cleffa;lc;Counter;38;focus_sash;magic_guard;hasty;196 PS / 76 AtqE / 236 Vel;3 Def / 9 DefE;counter / endeavor / thunder_wave / encore
cloyster_ou_1;cloyster;ou;Shell Smash;89;focus_sash, mental_herb;skill_link;adamant, jolly;252 Atq / 4 DefE / 252 Vel;;shell_smash / icicle_spear / rock_blast, toxic_spikes / rapid_spin, toxic_spikes
cloyster_ubers_1;cloyster;ubers;Hazard Control;98;focus_sash;skill_link;jolly;252 Atq / 4 Def / 252 Vel;;rapid_spin / toxic_spikes, spikes / icicle_spear / shell_smash, explosion
cloyster_uu_1;cloyster;uu;The Janitor (Shell Smash);71;focus_sash, life_orb;skill_link;jolly, naive;252 Atq / 4 AtqE / 252 Vel;;shell_smash / icicle_spear / rock_blast, explosion / ice_shard, hydro_pump
cobalion_ou_1;cobalion;ou;Offensive Pivot;46;leftovers;;jolly;144 PS / 112 Atq / 252 Vel;;close_combat / volt_switch / iron_head / taunt, stealth_rock
cobalion_uu_1;cobalion;uu;Offensive Pivot;55;leftovers, shuca_berry;;jolly;4 PS / 252 Atq / 252 Vel;;stealth_rock / close_combat / volt_switch / iron_head, taunt
cobalion_uu_2;cobalion;uu;Swords Dance;43;leftovers, life_orb;;jolly;4 PS / 252 Atq / 252 Vel;;close_combat / iron_head / swords_dance / stone_edge, substitute, magnet_rise
cobalion_uu_3;cobalion;uu;Calm Mind;14;leftovers, life_orb;;timid;4 PS / 252 AtqE / 252 Vel;;calm_mind / focus_blast / flash_cannon / hidden_power, substitute, magnet_rise
cofagrigus_ou_1;cofagrigus;ou;Toxic Spikes Support;76;leftovers;;bold;248 PS / 252 Def / 8 DefE;;toxic_spikes / will_o_wisp / pain_split, rest / hex, night_shade, knock_off, shadow_ball
cofagrigus_ou_2;cofagrigus;ou;Offensive Trick Room Sweeper;26;leftovers;;quiet;252 PS / 4 Def / 252 AtqE;;trick_room / nasty_plot / shadow_ball / hidden_power
cofagrigus_ru_1;cofagrigus;ru;Defensive;56;leftovers;;bold;252 PS / 252 Def / 4 DefE;;will_o_wisp / hex, shadow_ball / pain_split / toxic_spikes, haze, knock_off
cofagrigus_uu_1;cofagrigus;uu;Trick Room;34;leftovers;;quiet;252 PS / 252 AtqE / 4 DefE;;trick_room / shadow_ball / nasty_plot / hidden_power, will_o_wisp
combusken_nu_1;combusken;nu;Life Orb;37;life_orb;speed_boost;timid;4 Def / 252 AtqE / 252 Vel;;fire_blast / focus_blast / protect / hidden_power
combusken_nu_2;combusken;nu;Swords Dance;57;eviolite;speed_boost;jolly;252 Atq / 4 Def / 252 Vel;;swords_dance / flare_blitz / low_kick / protect
combusken_pu_1;combusken;pu;Life Orb Attacker;59;life_orb;speed_boost;timid;4 Def / 252 AtqE / 252 Vel;;fire_blast / focus_blast / hidden_power / protect
conkeldurr_ou_1;conkeldurr;ou;Wallbreaker;51;flame_orb;;adamant;120 PS / 252 Atq / 136 Vel;;drain_punch / facade, ice_punch / knock_off / mach_punch
conkeldurr_ou_2;conkeldurr;ou;Assault Vest;49;assault_vest;;adamant;248 PS / 252 Atq / 8 DefE;;drain_punch / knock_off / mach_punch / facade, stone_edge
corphish_lc_1;corphish;lc;Wallbreaker;82;eviolite;adaptability;adamant;196 Atq / 76 Def / 236 Vel;;crabhammer / knock_off / aqua_jet / swords_dance
corphish_lc_2;corphish;lc;Dragon Dance;81;eviolite, life_orb;adaptability;jolly, adamant;196 Atq / 76 Def / 236 Vel;;dragon_dance / crabhammer / knock_off / aqua_jet
corphish_lc_3;corphish;lc;Choice Band;59;choice_band;adaptability;adamant;196 Atq / 76 Def / 236 Vel;;aqua_jet / crabhammer / knock_off / switcheroo
corsola_pu_1;corsola;pu;Specially Defensive;51;leftovers;regenerator;calm;252 PS / 4 AtqE / 252 DefE;;stealth_rock / recover / scald / toxic
cottonee_lc_1;cottonee;lc;Utility;59;eviolite;;timid;36 PS / 120 Def / 64 AtqE / 40 DefE / 232 Vel;;encore / knock_off / dazzling_gleam, giga_drain / hidden_power, memento
cradily_nu_1;cradily;nu;Specially Defensive;86;leftovers;storm_drain;sassy, calm;252 PS / 4 Def / 252 DefE;;stealth_rock / recover / giga_drain / rock_slide, toxic
cranidos_lc_1;cranidos;lc;Sticky Web Wallbreaker;33;life_orb;sheer_force;adamant;236 Atq / 36 Def / 212 Vel;;rock_slide / zen_headbutt / superpower / substitute
crawdaunt_ou_1;crawdaunt;ou;Swords Dance;74;mystic_water, life_orb;adaptability;adamant, jolly;4 PS / 252 Atq / 252 Vel;;swords_dance / crabhammer / knock_off / aqua_jet
crawdaunt_ou_2;crawdaunt;ou;Choice Band;74;choice_band;adaptability;jolly, adamant;252 Atq / 4 Def / 252 Vel;;knock_off / aqua_jet / crabhammer / crunch
crawdaunt_uu_1;crawdaunt;uu;Swords Dance;74;focus_sash, life_orb;adaptability;jolly, adamant;252 Atq / 4 DefE / 252 Vel;;swords_dance / crabhammer / knock_off / aqua_jet
crawdaunt_uu_2;crawdaunt;uu;Choice Band;59;choice_band;adaptability;jolly, adamant;252 Atq / 4 DefE / 252 Vel;;knock_off / crabhammer / aqua_jet / aerial_ace, crunch
cresselia_ou_1;cresselia;ou;Defensive;71;rocky_helmet;;bold;252 PS / 16 Def / 88 DefE / 152 Vel;;lunar_dance / thunder_wave, toxic / ice_beam, psychic / moonlight
cresselia_ou_2;cresselia;ou;Choice Scarf;42;choice_scarf;;timid;248 PS / 8 AtqE / 252 Vel;;trick / lunar_dance / thunder_wave / ice_beam, psychic
cresselia_ubers_1;cresselia;ubers;Trick Room;59;mental_herb, rocky_helmet;;bold;252 PS / 252 Def / 4 DefE;;trick_room / lunar_dance / toxic / ice_beam, magic_coat
cresselia_uu_1;cresselia;uu;Calm Mind;57;leftovers;;bold;240 PS / 252 Def / 16 Vel;;calm_mind / psyshock / moonblast, ice_beam / moonlight, substitute
cresselia_uu_2;cresselia;uu;Defensive;47;leftovers;;bold;248 PS / 252 Def / 8 DefE;;moonlight / thunder_wave, toxic / psychic / moonblast, ice_beam
cresselia_uu_3;cresselia;uu;Support;16;light_clay;;timid;252 PS / 4 DefE / 252 Vel;;light_screen / reflect / lunar_dance / moonblast
croagunk_lc_1;croagunk;lc;Mixed Utility;74;eviolite;dry_skin;quiet;132 PS / 28 Atq / 116 Def / 108 AtqE / 116 DefE;;knock_off / sludge_bomb / vacuum_wave / drain_punch, sucker_punch
croagunk_lc_2;croagunk;lc;Physical Attacker;67;eviolite;dry_skin;adamant;52 PS / 188 Atq / 116 Def / 116 DefE / 36 Vel;;drain_punch / gunk_shot / sucker_punch, knock_off / bulk_up, knock_off
croagunk_lc_3;croagunk;lc;Nasty Plot Wallbreaker;61;eviolite;dry_skin;modest;52 PS / 116 Def / 188 AtqE / 116 DefE / 36 Vel;;nasty_plot / sludge_bomb / vacuum_wave / shadow_ball, focus_blast
crobat_uu_1;crobat;uu;Support;68;black_sludge;infiltrator;jolly;248 PS / 48 Def / 212 Vel;;brave_bird, acrobatics / u_turn, toxic, taunt / defog, taunt / roost
crobat_uu_2;crobat;uu;BRAVE BAT (Choice Band);64;choice_band;infiltrator;jolly;252 Atq / 4 DefE / 252 Vel;;brave_bird / u_turn / cross_poison, defog / defog, sleep_talk
crustle_nu_1;crustle;nu;Hazard Setter;56;custap_berry;;naughty;252 Atq / 4 Def / 252 Vel;;stealth_rock / spikes / shell_smash, knock_off / rock_blast
crustle_pu_1;crustle;pu;Crustap;40;custap_berry;;jolly;252 Atq / 4 DefE / 252 Vel;;stealth_rock / spikes / stone_edge / knock_off
crustle_pu_2;crustle;pu;Shell Smash;42;white_herb;;adamant;252 Atq / 4 DefE / 252 Vel;;shell_smash / stone_edge / earthquake / x_scissor
cryogonal_nu_1;cryogonal;nu;Offensive Spinner;61;never_melt_ice;;timid;4 Def / 252 AtqE / 252 Vel;;rapid_spin / ice_beam, frost_breath / freeze_dry / recover
cryogonal_pu_1;cryogonal;pu;Offensive Rapid Spinner;54;leftovers;;timid;4 Def / 252 AtqE / 252 Vel;;freeze_dry / rapid_spin / recover / hidden_power
cubchoo_lc_1;cubchoo;lc;Offensive;37;eviolite, life_orb;rattled;adamant;196 Atq / 196 Def / 116 DefE;;ice_punch / play_rough / superpower / rock_tomb, encore
cubone_lc_1;cubone;lc;Physical Attacker;80;thick_club;battle_armor;jolly;196 Atq / 76 Def / 236 Vel;;bonemerang / knock_off / rock_slide, thunder_punch / fire_punch
cyndaquil_lc_1;cyndaquil;lc;Choice Scarf;70;choice_scarf;blaze, flash_fire;timid, modest;44 PS / 12 Def / 200 AtqE / 236 Vel;;eruption / extrasensory / hidden_power / fire_blast
darkrai_ubers_1;darkrai;ubers;Special Attacker;64;life_orb, focus_sash;;timid;4 Def / 252 AtqE / 252 Vel;;dark_void / dark_pulse / nasty_plot / thunder, sludge_bomb
darmanitan_uu_1;darmanitan;uu;Choice Scarf;62;choice_scarf;;jolly;252 Atq / 4 DefE / 252 Vel;;flare_blitz / rock_slide / u_turn / earthquake, superpower
darmanitan_uu_2;darmanitan;uu;Wallbreaker;50;choice_band, life_orb;;jolly;252 Atq / 4 DefE / 252 Vel;;flare_blitz / rock_slide / earthquake, superpower / u_turn, superpower
darumaka_lc_1;darumaka;lc;Choice;65;choice_scarf, choice_band;;jolly;116 PS / 196 Atq / 196 Vel;;flare_blitz / u_turn / rock_slide / superpower
dedenne_pu_1;dedenne;pu;SubRecycle;43;petaya_berry;;timid;4 PS / 252 AtqE / 252 Vel;;substitute / recycle / thunderbolt / grass_knot
deerling_lc_1;deerling;lc;Life Orb;70;life_orb;sap_sipper;jolly;36 PS / 196 Atq / 36 Def / 236 Vel;;return / seed_bomb / jump_kick, baton_pass / substitute, wild_charge, baton_pass
deerling_lc_2;deerling;lc;Pivot;37;berry_juice;sap_sipper;jolly;36 PS / 36 Atq / 196 DefE / 236 Vel;;return, seed_bomb / baton_pass / substitute, return / thunder_wave
deino_lc_1;deino;lc;Choice Scarf;47;choice_scarf;;jolly;20 PS / 236 Atq / 36 Def / 212 Vel;;outrage / crunch / superpower / zen_headbutt
delcatty_pu_1;delcatty;pu;Delcatty Got Your Tongue?;15;leftovers;wonder_skin;timid;252 PS / 4 AtqE / 252 Vel;;substitute / calm_mind / hyper_voice / shadow_ball
delibird_pu_1;delibird;pu;Spikes Lead;57;focus_sash;;timid;4 Def / 252 AtqE / 252 Vel;;spikes / rapid_spin / icy_wind, freeze_dry / destiny_bond
delphox_ru_1;delphox;ru;Offensive Calm Mind;36;life_orb, salac_berry;;timid;4 PS / 252 AtqE / 252 Vel;;fire_blast / psychic / calm_mind / grass_knot, substitute
delphox_ru_2;delphox;ru;Speedy Roaster (Choice Scarf);33;choice_scarf;;timid;4 Def / 252 AtqE / 252 Vel;;fire_blast / psychic / dazzling_gleam / trick
deoxys_attack_ubers_1;deoxys_attack;ubers;All-Out Attacker;64;life_orb, focus_sash;;rash, naive;4 Atq / 252 AtqE / 252 Vel;;psycho_boost / superpower, low_kick / ice_beam, knock_off / extreme_speed, knock_off
deoxys_attack_ubers_2;deoxys_attack;ubers;Suicide Lead;42;focus_sash;;naive;4 Atq / 252 AtqE / 252 Vel;;stealth_rock, spikes / psycho_boost / knock_off / extreme_speed, taunt
deoxys_defense_ubers_1;deoxys_defense;ubers;Spikes;55;leftovers;;bold, impish;248 PS / 252 Def / 8 DefE;;spikes / recover / skill_swap / toxic, ice_beam
deoxys_speed_ubers_1;deoxys_speed;ubers;Entry Hazard Lead;67;rocky_helmet, focus_sash;;timid;248 PS / 244 Def / 16 Vel;;taunt / stealth_rock / skill_swap / magic_coat, spikes
deoxys_ubers_1;deoxys;ubers;ExtremeKiller Check?;84;chilan_berry;;timid, naive;252 PS / 200 Def / 56 Vel;;psycho_boost / spikes / taunt / counter, superpower
dewgong_pu_1;dewgong;pu;Specially Defensive;43;leftovers;;calm;248 PS / 8 AtqE / 252 DefE;;toxic / protect / surf, ice_beam / perish_song, encore
dialga_ubers_1;dialga;ubers;Offensive Utility;63;shuca_berry;;modest;244 PS / 252 AtqE / 12 Vel;;stealth_rock / draco_meteor / flash_cannon / thunder, fire_blast
dialga_ubers_2;dialga;ubers;Specially Defensive;63;shuca_berry, leftovers;;calm;244 PS / 252 DefE / 12 Vel;;stealth_rock / draco_meteor / fire_blast, flash_cannon / toxic, roar
diancie_ou_1;diancie;ou;Offensive;79;diancite;;timid, naive, hasty;4 Atq / 252 AtqE / 252 Vel;;protect / moonblast / diamond_storm, stealth_rock / earth_power, hidden_power
diancie_ru_1;diancie;ru;Specially Defensive;69;leftovers;;sassy;252 PS / 36 AtqE / 220 DefE;;stealth_rock / moonblast / diamond_storm / heal_bell, toxic
diancie_ru_2;diancie;ru;Offensive Trick Room;33;life_orb;;quiet;252 PS / 4 Def / 252 AtqE;;trick_room / moonblast / earth_power / psychic, diamond_storm, explosion
diancie_ru_3;diancie;ru;Offensive Stealth Rock;44;shuca_berry;;quiet;252 PS / 4 Atq / 252 AtqE;;stealth_rock / moonblast / diamond_storm / earth_power, psychic
diancie_ubers_1;diancie;ubers;Offensive;73;diancite;;timid, naive;80 Atq / 252 AtqE / 176 Vel;;moonblast / diamond_storm / earth_power / protect, heal_bell, calm_mind
diancie_ubers_2;diancie;ubers;Mega Utility;69;diancite;;bold, impish;248 PS / 124 Def / 136 Vel;;protect / diamond_storm / moonblast, toxic / heal_bell
diancie_ubers_3;diancie;ubers;Trick Room;18;life_orb;;brave;248 PS / 252 Atq / 8 Def;;stealth_rock / trick_room / diamond_storm / explosion
diancie_uu_1;diancie;uu;Offensive Trick Room;37;life_orb;;quiet, brave;252 Atq / 4 Def / 252 AtqE;;trick_room / explosion, stealth_rock / moonblast / diamond_storm
diancie_uu_2;diancie;uu;Defensive;56;leftovers;;relaxed;252 PS / 252 Def / 4 DefE;;stealth_rock / heal_bell / diamond_storm / moonblast
diancie_uu_3;diancie;uu;Bulky Attacker;47;leftovers;;quiet;252 PS / 4 Atq / 252 AtqE;;stealth_rock / moonblast / diamond_storm / earth_power, protect
diggersby_ou_1;diggersby;ou;Choice Band;69;choice_band;huge_power;adamant;252 Atq / 4 Def / 252 Vel;;earthquake / return / fire_punch, u_turn / quick_attack
diggersby_ou_2;diggersby;ou;Swords Dance;65;silk_scarf, focus_sash;huge_power;adamant;252 Atq / 4 Def / 252 Vel;;return / earthquake, fire_punch / quick_attack / swords_dance
diggersby_ou_3;diggersby;ou;Assault Vest;66;assault_vest;huge_power;adamant;136 PS / 248 Atq / 92 DefE / 32 Vel;;earthquake / return / quick_attack / fire_punch, knock_off, u_turn
diglett_lc_1;diglett;lc;Eviolite;60;eviolite;arena_trap;jolly;36 PS / 156 Atq / 76 Def / 236 Vel;;earthquake / final_gambit, pursuit, memento / rock_slide, pursuit, sucker_punch / beat_up, sucker_punch, stealth_rock
diglett_lc_2;diglett;lc;Air Balloon;56;air_balloon;arena_trap;jolly;36 PS / 156 Atq / 76 Def / 236 Vel;;earthquake / final_gambit / beat_up, rock_slide / sucker_punch, substitute
diglett_lc_3;diglett;lc;Life Orb;74;life_orb;arena_trap;jolly;36 PS / 236 Atq / 236 Vel;;earthquake / rock_slide / sucker_punch / substitute
diglett_lc_4;diglett;lc;Focus Sash;65;focus_sash;arena_trap;jolly;36 PS / 236 Atq / 236 Vel;;earthquake / stealth_rock / sucker_punch, rock_slide / memento
ditto_nu_1;ditto;nu;Imposter;98;choice_scarf;imposter;relaxed;248 PS / 252 Def;30 Def / 1 Vel;transform
ditto_ou_1;ditto;ou;Imposter;100;choice_scarf;imposter;relaxed;252 PS / 252 Def / 4 DefE;;transform
ditto_pu_1;ditto;pu;Revenge Killer;98;choice_scarf;imposter;relaxed;252 PS / 252 Def / 4 DefE;30 AtqE / 30 DefE / 1 Vel;transform
ditto_ru_1;ditto;ru;Imposter;85;choice_scarf;imposter;relaxed;248 PS / 8 Atq / 252 Def;;transform
ditto_ubers_1;ditto;ubers;Revenge Killer;100;choice_scarf;imposter;relaxed;252 PS / 252 Def / 4 DefE;;transform
dodrio_nu_1;dodrio;nu;Choice Band;95;choice_band;early_bird;jolly;252 Atq / 4 Def / 252 Vel;;brave_bird / return / knock_off / quick_attack
dodrio_pu_1;dodrio;pu;Wallbreaker;77;choice_band, life_orb;early_bird;jolly;252 Atq / 4 Def / 252 Vel;;brave_bird / return / knock_off / quick_attack, pursuit
dodrio_pu_2;dodrio;pu;Choice Scarf;61;choice_scarf;early_bird;jolly;252 Atq / 4 Def / 252 Vel;;brave_bird / return / knock_off / pursuit
doduo_lc_1;doduo;lc;Wallbreaker;65;berry_juice;early_bird;jolly;236 Atq / 240 Vel;;brave_bird / knock_off / return / hidden_power, quick_attack
donphan_uu_1;donphan;uu;Defensive Spinner;58;leftovers;;impish;252 PS / 4 Atq / 252 Def;;earthquake / rapid_spin / stealth_rock / knock_off, toxic, roar
donphan_uu_2;donphan;uu;Choice Band;34;choice_band;;adamant;52 PS / 252 Atq / 204 Vel;;earthquake / ice_shard / knock_off, gunk_shot / gunk_shot, seed_bomb
donphan_uu_3;donphan;uu;Offensive Spinner;58;assault_vest, leftovers;;adamant;172 PS / 252 Atq / 84 Vel;;rapid_spin / earthquake / knock_off / ice_shard, stealth_rock
doublade_ou_1;doublade;ou;Mixed Wall;56;eviolite;;sassy;252 PS / 4 Atq / 252 DefE;;gyro_ball / toxic / sleep_talk, sacred_sword, pursuit / rest
doublade_uu_1;doublade;uu;Swords Dance;76;eviolite;;adamant, brave;240 PS / 252 Atq / 16 DefE;;swords_dance / shadow_sneak / iron_head, gyro_ball / sacred_sword
dragalge_ou_1;dragalge;ou;Specially Defensive;62;black_sludge;adaptability;calm;248 PS / 232 DefE / 28 Vel;;draco_meteor, dragon_pulse / sludge_wave / scald / toxic_spikes
dragalge_ou_2;dragalge;ou;Choice Specs;54;choice_specs;adaptability;modest;228 PS / 252 AtqE / 28 Vel;;draco_meteor / sludge_wave / focus_blast, hidden_power / scald
dragalge_uu_1;dragalge;uu;Wallbreaker;65;choice_specs, dragon_fang;adaptability;modest;188 PS / 252 AtqE / 68 Vel;;draco_meteor / sludge_wave, sludge_bomb / focus_blast / dragon_pulse, toxic_spikes
dragonite_ou_1;dragonite;ou;Dragon Dance + Three Attacks;74;lum_berry, leftovers;multiscale;adamant, jolly;252 Atq / 4 DefE / 252 Vel;;dragon_dance / outrage, dragon_claw / extreme_speed / earthquake, fire_punch
dragonite_ou_2;dragonite;ou;Bulky Roost + Dragon Dance;58;lum_berry, leftovers;multiscale;adamant;192 PS / 64 Atq / 12 DefE / 240 Vel;;dragon_dance / roost / dragon_claw / earthquake
dragonite_ou_3;dragonite;ou;Choice Band;54;choice_band;multiscale;adamant;252 Atq / 4 Def / 252 Vel;;outrage / earthquake / extreme_speed / fire_punch
drapion_ru_1;drapion;ru;Swords Dance;48;lum_berry, shuca_berry;battle_armor, sniper;jolly;252 Atq / 4 Def / 252 Vel;;swords_dance / knock_off / poison_jab / aqua_tail, earthquake
drapion_ru_2;drapion;ru;Choice Scarf;47;choice_scarf;sniper;adamant, jolly;252 Atq / 4 Def / 252 Vel;;knock_off / poison_jab / pursuit / earthquake, ice_fang
dratini_lc_1;dratini;lc;Mixed Attacker;34;life_orb;;rash;164 Atq / 196 AtqE / 116 Vel;;draco_meteor / extreme_speed / fire_blast / iron_tail
dratini_lc_2;dratini;lc;Dragon Dance;53;life_orb;;adamant, naughty;244 Atq / 36 DefE / 196 Vel;;dragon_dance / outrage / extreme_speed / iron_tail, fire_blast
drifblim_nu_1;drifblim;nu;Mixed Offensive;70;sitrus_berry;unburden;rash;88 Atq / 240 AtqE / 180 Vel;30 PS;substitute / acrobatics / will_o_wisp / hex
drifblim_pu_1;drifblim;pu;AcroBlim;35;liechi_berry;unburden;adamant;12 PS / 252 Atq / 32 Def / 36 DefE / 176 Vel;;acrobatics / substitute / knock_off / will_o_wisp, sucker_punch, destiny_bond
drifblim_pu_2;drifblim;pu;Special Attacker;27;chesto_berry;unburden;modest;8 PS / 32 Def / 252 AtqE / 40 DefE / 176 Vel;;calm_mind / shadow_ball / hidden_power, thunderbolt / rest
drilbur_lc_1;drilbur;lc;Spinner;71;berry_juice;mold_breaker;jolly;36 PS / 76 Atq / 36 Def / 76 DefE / 212 Vel;;stealth_rock / earthquake / rock_slide, rock_tomb / rapid_spin
drowzee_lc_1;drowzee;lc;Specially Defensive;44;eviolite;;bold;116 PS / 156 Def / 12 AtqE / 196 DefE / 20 Vel;;wish / protect / psychic / thunder_wave
druddigon_ru_1;druddigon;ru;Support;46;rocky_helmet, leftovers;;impish;252 PS / 252 Def / 4 DefE;;glare / stealth_rock / dragon_tail, dragon_claw / fire_punch
druddigon_ru_2;druddigon;ru;All-out Attacker;34;life_orb;sheer_force;adamant;224 PS / 252 Atq / 32 Vel;;outrage, dragon_claw / sucker_punch / fire_punch / iron_tail, gunk_shot
druddigon_uu_1;druddigon;uu;Stealth Rock Setter;26;roseli_berry, leftovers, life_orb;sheer_force, mold_breaker;adamant;236 PS / 252 Atq / 20 Vel;;stealth_rock / dragon_claw / fire_punch, earthquake / gunk_shot, glare, sucker_punch
dugtrio_ou_1;dugtrio;ou;Mole Man;0;focus_sash;sand_force;jolly;252 Atq / 4 Def / 252 Vel;;stealth_rock / memento / earthquake / toxic, stone_edge
dunsparce_pu_1;dunsparce;pu;Stealth Rock;51;leftovers;;careful;252 PS / 4 Atq / 252 DefE;;stealth_rock / body_slam, headbutt / magic_coat, glare / roost
duosion_nu_1;duosion;nu;Acid Armor + Calm Mind;0;eviolite;magic_guard;bold;252 PS / 252 Def / 4 Vel;;calm_mind / psyshock / acid_armor / recover
duosion_pu_1;duosion;pu;Calm Mind;72;eviolite;magic_guard;bold;252 PS / 252 Def / 4 DefE;;calm_mind / recover / psyshock / acid_armor, signal_beam
duosion_pu_2;duosion;pu;Trick Room Attacker;53;eviolite;magic_guard;quiet;252 PS / 252 AtqE / 4 DefE;1 Atq / 30 Def / 30 AtqE / 30 DefE;trick_room / psyshock, psychic / shadow_ball / hidden_power
durant_uu_1;durant;uu;All-Out Attacker;64;life_orb, choice_band;hustle;jolly;252 Atq / 4 Def / 252 Vel;;iron_head / x_scissor / rock_slide, thunder_fang / superpower
durant_uu_2;durant;uu;Hone Claws;71;life_orb, lum_berry;hustle;jolly;252 Atq / 4 Def / 252 Vel;;hone_claws / iron_head / x_scissor / superpower
dusclops_pu_1;dusclops;pu;Calm Mind;49;eviolite;;bold;252 PS / 124 Def / 132 AtqE;;calm_mind / rest / will_o_wisp, shadow_ball / ice_beam, dark_pulse
dusknoir_nu_1;dusknoir;nu;Choice Band;46;choice_band;frisk;adamant;212 PS / 252 Atq / 44 Vel;;shadow_sneak / earthquake / ice_punch / trick
dusknoir_pu_1;dusknoir;pu;Life Orb Attacker;34;life_orb;;adamant;212 PS / 252 Atq / 44 Vel;;shadow_sneak / sucker_punch / earthquake / ice_punch, pursuit
dusknoir_pu_2;dusknoir;pu;Offensive;43;choice_band, spell_tag;frisk;adamant;212 PS / 252 Atq / 44 Vel;;shadow_sneak / earthquake / ice_punch / trick, will_o_wisp
duskull_lc_1;duskull;lc;Utility;53;eviolite;;careful;196 PS / 196 Def / 116 DefE;;pain_split / will_o_wisp / substitute / shadow_sneak
dustox_pu_1;dustox;pu;Quiver Dance;55;black_sludge;;calm;248 PS / 192 DefE / 68 Vel;;quiver_dance / iron_defense / bug_buzz / roost
dwebble_lc_1;dwebble;lc;Entry Hazard Lead;64;berry_juice;;jolly;236 Atq / 236 Vel;;stealth_rock / spikes / knock_off / rock_blast, counter
eelektross_ru_1;eelektross;ru;Assault Vest;54;assault_vest;;quiet, modest;252 PS / 4 Atq / 252 AtqE;;volt_switch / flamethrower / giga_drain, hidden_power / knock_off, thunderbolt
eevee_lc_1;eevee;lc;Wish Passer;47;eviolite;adaptability;adamant;236 PS / 196 Def / 76 DefE;;wish / return / protect / baton_pass, quick_attack, heal_bell
ekans_lc_1;ekans;lc;Coil Sweeper;78;berry_juice, eviolite;intimidate, shed_skin;careful;156 PS / 84 Def / 244 DefE;;coil / gunk_shot / earthquake / sucker_punch, glare
electabuzz_pu_1;electabuzz;pu;Eviolite;65;eviolite;vital_spirit;timid;4 PS / 252 AtqE / 252 Vel;;thunderbolt / volt_switch / focus_blast / hidden_power
electivire_nu_1;electivire;nu;All-Out Attacker;44;life_orb;motor_drive, vital_spirit;hasty;4 Atq / 252 AtqE / 252 Vel;;thunderbolt / flamethrower / earthquake / hidden_power
electrike_lc_1;electrike;lc;Choice;73;choice_scarf, choice_specs;lightning_rod;modest, timid;240 AtqE / 236 Vel;;volt_switch / flamethrower / hidden_power, thunderbolt / switcheroo
electrode_nu_1;electrode;nu;All-Out Attacker;51;life_orb;;modest, timid;252 AtqE / 4 DefE / 252 Vel;;thunderbolt / volt_switch / hidden_power / signal_beam
electrode_pu_1;electrode;pu;Special Attacker;46;life_orb, choice_specs;;modest;4 PS / 252 AtqE / 252 Vel;;thunderbolt / volt_switch / hidden_power / signal_beam, taunt
electrode_pu_2;electrode;pu;Rain Lead;21;damp_rock;;timid;252 PS / 192 AtqE / 64 Vel;;rain_dance / taunt / thunder / explosion, volt_switch
elekid_lc_1;elekid;lc;Special Attacker;42;life_orb;;timid, hasty;240 AtqE / 236 Vel;;thunderbolt / volt_switch / psychic, substitute, cross_chop / hidden_power
elekid_lc_2;elekid;lc;Physical Attacker;48;life_orb;static, vital_spirit;hasty;252 Atq / 236 Vel;;wild_charge / cross_chop / fire_punch / volt_switch
elgyem_lc_1;elgyem;lc;Bulky Attacker;63;eviolite;analytic;modest;160 Def / 160 AtqE / 160 DefE;;psychic / recover / hidden_power / thunderbolt, energy_ball, thunder_wave
emboar_ru_1;emboar;ru;All-Out Attacker;70;choice_band, expert_belt;reckless;adamant;252 Atq / 4 Def / 252 Vel;;flare_blitz / superpower / wild_charge / sucker_punch
emboar_ru_2;emboar;ru;Choice Scarf;66;choice_scarf;reckless;jolly;252 Atq / 4 Def / 252 Vel;;flare_blitz / superpower / wild_charge / toxic
emboar_uu_1;emboar;uu;Footloose;53;life_orb;reckless;naughty, adamant;252 Atq / 36 AtqE / 220 Vel;;flare_blitz / superpower / grass_knot, wild_charge, head_smash / sucker_punch
emboar_uu_2;emboar;uu;Choice Scarf;74;choice_scarf;reckless;jolly;252 Atq / 4 DefE / 252 Vel;;flare_blitz / superpower / wild_charge / head_smash, earthquake
emolga_pu_1;emolga;pu;Support;34;leftovers;motor_drive;jolly, timid;248 PS / 8 Def / 252 Vel;;taunt / u_turn / roost / encore, thunderbolt
empoleon_ou_1;empoleon;ou;Specially Defensive;42;leftovers, chople_berry;;calm;248 PS / 8 Def / 252 DefE;;scald / roar / toxic, stealth_rock / defog, stealth_rock
empoleon_uu_1;empoleon;uu;Specially Defensive Support;61;leftovers;;calm;252 PS / 4 AtqE / 252 DefE;;scald / roar / stealth_rock, ice_beam / defog, ice_beam
empoleon_uu_2;empoleon;uu;Offensive Defog;41;shuca_berry;;modest;212 PS / 252 AtqE / 44 Vel;;defog / hydro_pump, scald / ice_beam, flash_cannon / grass_knot, flash_cannon
empoleon_uu_3;empoleon;uu;Agility;14;petaya_berry, shuca_berry;;timid;64 PS / 252 AtqE / 192 Vel;;agility / hydro_pump / ice_beam / grass_knot, substitute
entei_uu_1;entei;uu;Choice Band;65;choice_band;;adamant;252 Atq / 4 Def / 252 Vel;;sacred_fire / flare_blitz / extreme_speed / stone_edge
escavalier_ru_1;escavalier;ru;Assault Vest;67;assault_vest;overcoat;adamant;248 PS / 176 Atq / 84 Vel;;megahorn / iron_head / pursuit / knock_off, drill_run
escavalier_ru_2;escavalier;ru;Choice Band;63;choice_band;overcoat;adamant;172 PS / 252 Atq / 84 Vel;;megahorn / iron_head / pursuit / drill_run, knock_off
escavalier_ru_3;escavalier;ru;SD RestTalk;35;leftovers;overcoat;sassy;248 PS / 8 Atq / 252 DefE;;swords_dance / rest / sleep_talk / megahorn
escavalier_uu_1;escavalier;uu;Choice Band;64;choice_band;overcoat;adamant;168 PS / 252 Atq / 4 DefE / 84 Vel;;megahorn / iron_head / knock_off / drill_run, pursuit
escavalier_uu_2;escavalier;uu;Tank;80;leftovers;overcoat;adamant;248 PS / 56 Atq / 204 DefE;;megahorn / iron_head / pursuit, knock_off / protect, knock_off, toxic
escavalier_uu_3;escavalier;uu;Swords Dance;81;leftovers;overcoat;adamant;248 PS / 176 Atq / 84 Vel;;swords_dance / megahorn / iron_head / knock_off, facade
espeon_uu_1;espeon;uu;Choice Specs;62;choice_specs;magic_bounce;timid;4 PS / 252 AtqE / 252 Vel;;psychic / dazzling_gleam / shadow_ball / trick, psyshock
espeon_uu_2;espeon;uu;Calm Mind Sweeper;51;leftovers;magic_bounce;timid;4 PS / 252 AtqE / 252 Vel;;calm_mind / psyshock, stored_power / morning_sun / dazzling_gleam
excadrill_ou_1;excadrill;ou;Fast Utility;77;leftovers;mold_breaker;jolly;32 PS / 56 Def / 168 DefE / 252 Vel;;toxic, swords_dance, stealth_rock / rapid_spin / earthquake / iron_head
excadrill_ou_2;excadrill;ou;Sand Rush;66;leftovers, air_balloon;;adamant, jolly;252 Atq / 4 DefE / 252 Vel;;swords_dance, rock_slide, substitute, stealth_rock / rapid_spin / earthquake / iron_head
excadrill_ou_3;excadrill;ou;Specially Defensive;77;leftovers;mold_breaker;careful;176 PS / 12 Atq / 28 Def / 252 DefE / 40 Vel;;toxic, stealth_rock, substitute / rapid_spin / earthquake / iron_head
excadrill_ou_4;excadrill;ou;Physically Defensive;77;leftovers;mold_breaker;impish;32 PS / 252 Def / 96 DefE / 128 Vel;;toxic, stealth_rock, substitute / rapid_spin / earthquake / iron_head
excadrill_ou_5;excadrill;ou;Choice Scarf;64;choice_scarf;mold_breaker;jolly;252 Atq / 4 DefE / 252 Vel;;rock_slide, toxic / rapid_spin / earthquake / iron_head
excadrill_ou_6;excadrill;ou;Suicide Lead;47;focus_sash;mold_breaker;jolly;252 Atq / 4 DefE / 252 Vel;;stealth_rock / rapid_spin / earthquake / rock_tomb
excadrill_ubers_1;excadrill;ubers;Lead;84;focus_sash;mold_breaker;jolly;4 PS / 252 Atq / 252 Vel;;stealth_rock / rapid_spin / toxic / earthquake
excadrill_ubers_2;excadrill;ubers;Sand Rush Sweeper;26;life_orb, air_balloon;;jolly, adamant;4 PS / 252 Atq / 252 Vel;;earthquake / iron_head / rapid_spin, rock_slide / swords_dance, rock_slide
exeggcute_lc_1;exeggcute;lc;Harvest Abuser;39;oran_berry;harvest;modest;196 Def / 196 AtqE / 80 DefE / 36 Vel;;substitute / sleep_powder, leech_seed / giga_drain / psychic, hidden_power, protect
exeggutor_nu_1;exeggutor;nu;Chlorophyll Sweeper;46;life_orb;;modest;252 AtqE / 4 DefE / 252 Vel;;solar_beam / psyshock, psychic / hidden_power / sleep_powder, sunny_day
exploud_ru_1;exploud;ru;Choice Specs;79;choice_specs;scrappy;modest;4 Def / 252 AtqE / 252 Vel;;boomburst / fire_blast / focus_blast / surf
exploud_uu_1;exploud;uu;Choice Specs;67;choice_specs;;modest, timid;252 AtqE / 4 DefE / 252 Vel;;boomburst / focus_blast / fire_blast / surf, sleep_talk
farfetchd_pu_1;farfetchd;pu;Swords Dance;70;stick;defiant;adamant;252 Atq / 4 Def / 252 Vel;;swords_dance / brave_bird / leaf_blade / quick_attack
fearow_pu_1;fearow;pu;Physical Attacker;41;choice_band;;jolly;252 Atq / 4 DefE / 252 Vel;;drill_peck / double_edge / drill_run / u_turn
fennekin_lc_1;fennekin;lc;Magician;52;power_herb;magician;timid;116 Def / 184 AtqE / 196 Vel;;fire_blast / solar_beam / psychic / hidden_power, will_o_wisp
feraligatr_uu_1;feraligatr;uu;Dragon Dance;77;life_orb;sheer_force;adamant;252 Atq / 4 DefE / 252 Vel;;dragon_dance / waterfall / crunch / ice_punch, substitute
feraligatr_uu_2;feraligatr;uu;Swords Dance;67;life_orb;sheer_force;jolly;220 Atq / 36 DefE / 252 Vel;;swords_dance / waterfall / crunch / substitute, ice_punch, aqua_jet
ferroseed_lc_1;ferroseed;lc;Berry Juice;39;berry_juice;;careful;84 PS / 36 Atq / 188 Def / 148 DefE / 36 Vel;;stealth_rock, spikes / thunder_wave / knock_off / iron_head, bullet_seed
ferroseed_lc_2;ferroseed;lc;Eviolite;51;eviolite;;sassy;84 PS / 188 Def / 84 AtqE / 148 DefE;;stealth_rock / thunder_wave / knock_off / giga_drain
ferroseed_nu_1;ferroseed;nu;Defensive;62;eviolite;;relaxed, impish;248 PS / 148 Def / 112 DefE;;spikes, stealth_rock / gyro_ball, knock_off / leech_seed / protect, thunder_wave
ferroseed_ru_1;ferroseed;ru;Defensive Support;60;eviolite;;sassy, careful;252 PS / 4 Def / 252 DefE;;spikes / leech_seed / protect, thunder_wave / gyro_ball, seed_bomb
ferrothorn_ou_1;ferrothorn;ou;Utility;66;leftovers, chople_berry;;relaxed;252 PS / 88 Def / 168 DefE;;spikes, stealth_rock / leech_seed / gyro_ball, power_whip / power_whip, protect, thunder_wave
ferrothorn_ubers_1;ferrothorn;ubers;Support;72;leftovers;;sassy;252 PS / 4 Atq / 252 DefE;;spikes / gyro_ball, power_whip / leech_seed / protect, thunder_wave, toxic
finneon_lc_1;finneon;lc;Defog;58;berry_juice;storm_drain;timid;44 PS / 152 Def / 48 AtqE / 232 Vel;;defog / scald / u_turn / hidden_power
flabebe_lc_1;flabebe;lc;Calm Mind Attacker;46;eviolite;;bold, modest;164 PS / 204 Def / 108 AtqE / 20 Vel;;calm_mind / synthesis / moonblast / psychic, hidden_power
flareon_nu_1;flareon;nu;Choice Band;30;choice_band;;adamant;252 Atq / 4 DefE / 252 Vel;;flare_blitz / superpower / quick_attack / double_edge
flareon_pu_1;flareon;pu;Choice Band;37;choice_band;;adamant;252 Atq / 4 Def / 252 Vel;;flare_blitz / superpower / quick_attack / double_edge
fletchinder_ru_1;fletchinder;ru;Swords Dance;71;;gale_wings;adamant;152 PS / 252 Atq / 104 Def;;swords_dance / acrobatics / will_o_wisp / roost
fletchinder_uu_1;fletchinder;uu;Linda;73;;gale_wings;adamant;104 PS / 252 Atq / 152 Vel;;acrobatics / swords_dance / roost / will_o_wisp
fletchling_lc_1;fletchling;lc;Fast Physical;62;;gale_wings;adamant;196 Atq / 92 Def / 180 Vel;;acrobatics / u_turn / swords_dance, tailwind / roost, tailwind, taunt
fletchling_lc_2;fletchling;lc;Fast Mixed;57;;gale_wings;naughty;196 Atq / 92 Def / 40 AtqE / 180 Vel;;acrobatics / u_turn / overheat, hidden_power / swords_dance, tailwind, roost
fletchling_lc_3;fletchling;lc;Bulky Physical;62;;gale_wings;adamant;156 PS / 196 Atq / 92 Def / 52 DefE;;acrobatics / u_turn / swords_dance / roost
floatzel_nu_1;floatzel;nu;Life Orb Attacker;28;life_orb;;timid;4 Def / 252 AtqE / 252 Vel;;hydro_pump / ice_beam / focus_blast / hidden_power, taunt
floatzel_pu_1;floatzel;pu;Special Attacker;37;life_orb, choice_specs;water_veil;timid;252 AtqE / 4 DefE / 252 Vel;;hydro_pump / ice_beam / hidden_power / surf, switcheroo
floatzel_pu_2;floatzel;pu;Choice Band;50;choice_band;water_veil;jolly;252 Atq / 4 Def / 252 Vel;;waterfall / ice_punch / aqua_jet / return, switcheroo, pursuit
florges_uu_1;florges;uu;Defensive Support;72;leftovers;;bold;252 PS / 252 Def / 4 DefE;;wish / synthesis, protect / moonblast / aromatherapy
florges_uu_2;florges;uu;Defensive Calm Mind;58;leftovers;;bold;252 PS / 252 Def / 4 DefE;;calm_mind / moonblast / synthesis / aromatherapy
flygon_ru_1;flygon;ru;Choice Band;40;choice_band;;jolly;252 Atq / 4 Def / 252 Vel;;earthquake / outrage / u_turn / dragon_claw
flygon_ru_2;flygon;ru;Defog Support;46;leftovers;;jolly;112 PS / 144 Atq / 252 Vel;;defog / roost / earthquake / u_turn, dragon_claw
flygon_ru_3;flygon;ru;Choice Scarf;51;choice_scarf;;jolly;252 Atq / 4 Def / 252 Vel;;earthquake / u_turn / outrage / aerial_ace, tailwind, defog
flygon_ubers_1;flygon;ubers;Defog;84;leftovers;;bold;252 PS / 252 Def / 4 DefE;;defog / roost / toxic / earth_power, u_turn
flygon_uu_1;flygon;uu;Choice Scarf;63;choice_scarf;;jolly;252 Atq / 4 DefE / 252 Vel;;outrage / earthquake / u_turn / defog
foongus_lc_1;foongus;lc;Defensive;84;eviolite;regenerator;bold;124 PS / 160 Def / 160 DefE;;spore / giga_drain / sludge_bomb / synthesis, hidden_power
forretress_uu_1;forretress;uu;Defensive Rapid Spin;73;leftovers;sturdy, overcoat;relaxed;252 PS / 252 Def / 4 DefE;;rapid_spin / stealth_rock, spikes / volt_switch / gyro_ball, toxic
forretress_uu_2;forretress;uu;Custap;36;custap_berry;;hasty, lonely;252 Atq / 252 Vel;;stealth_rock / explosion / spikes, toxic_spikes / rapid_spin, gyro_ball
fraxure_nu_1;fraxure;nu;Dragon Dance;58;eviolite;mold_breaker;jolly;252 Atq / 4 Def / 252 Vel;;dragon_dance / outrage, dragon_claw / superpower / iron_tail
fraxure_nu_2;fraxure;nu;Choice Band;26;choice_band;mold_breaker;adamant, jolly;252 Atq / 4 Def / 252 Vel;;outrage / superpower / iron_tail / dragon_claw
fraxure_pu_1;fraxure;pu;Dragon Dance;82;eviolite;mold_breaker;jolly;252 Atq / 4 DefE / 252 Vel;;dragon_dance / outrage / low_kick, superpower / taunt, dual_chop, poison_jab
fraxure_pu_2;fraxure;pu;Swords Dance;66;eviolite;mold_breaker;adamant;96 PS / 252 Atq / 160 Vel;;swords_dance / outrage / superpower / poison_jab, taunt
frillish_lc_1;frillish;lc;Choice Scarf;42;choice_scarf;water_absorb, cursed_body;timid;76 PS / 236 AtqE / 196 Vel;;water_spout / shadow_ball, hydro_pump, surf / ice_beam, energy_ball, giga_drain / trick
frillish_lc_2;frillish;lc;Defensive;58;eviolite;cursed_body, water_absorb;bold;236 PS / 116 Def / 76 AtqE / 76 DefE;;scald / shadow_ball, hex / recover / will_o_wisp
frillish_nu_1;frillish;nu;Physically Defensive;76;eviolite;;bold;252 PS / 252 Def / 4 DefE;;will_o_wisp / night_shade, scald / recover / taunt
froakie_lc_1;froakie;lc;Life Orb;53;life_orb;protean;naive;72 Atq / 36 Def / 184 AtqE / 188 Vel;30 AtqE;hydro_pump / ice_beam / u_turn / hidden_power
froakie_lc_2;froakie;lc;Choice Scarf;47;choice_scarf;protean;rash, naive;28 PS / 72 Atq / 36 Def / 184 AtqE / 188 Vel;;hydro_pump / ice_beam / u_turn / hidden_power
froakie_lc_3;froakie;lc;Mixed Attacker;34;berry_juice;protean;naive;28 PS / 152 Atq / 28 Def / 104 AtqE / 188 Vel;;acrobatics / hydro_pump / substitute, u_turn / hidden_power
frogadier_nu_1;frogadier;nu;All-Out Attacker;70;life_orb;protean;naive, timid;4 Def / 252 AtqE / 252 Vel;;hydro_pump / ice_beam / gunk_shot, grass_knot / toxic_spikes
froslass_uu_1;froslass;uu;Spikes Lead;81;focus_sash;cursed_body;timid;252 PS / 4 DefE / 252 Vel;;taunt / destiny_bond / spikes / icy_wind, thunder_wave
furfrou_pu_1;furfrou;pu;Offensive Pivot;46;leftovers;;jolly;252 Atq / 4 DefE / 252 Vel;;u_turn / thunder_wave / return / sucker_punch
furret_pu_1;furret;pu;Choice Scarf;73;choice_scarf;frisk;jolly;252 Atq / 4 DefE / 252 Vel;;u_turn / double_edge, return / knock_off / trick, brick_break
gabite_pu_1;gabite;pu;Offensive Stealth Rock;84;eviolite;rough_skin;jolly, adamant;252 Atq / 4 Def / 252 Vel;;stealth_rock / earthquake / dragon_claw / toxic
gabite_pu_2;gabite;pu;Defensive Stealth Rock;84;eviolite;rough_skin;impish;176 PS / 252 Def / 80 Vel;;stealth_rock / earthquake / dragon_claw / toxic, roar
gallade_ou_1;gallade;ou;Bulky Drain Punch Sweeper;39;galladite;justified;jolly;152 PS / 100 Atq / 4 Def / 252 Vel;;swords_dance / drain_punch / psycho_cut / shadow_sneak, knock_off
gallade_ou_2;gallade;ou;Glass Cannon;36;galladite;justified;jolly;252 Atq / 4 Def / 252 Vel;;swords_dance / close_combat / psycho_cut / knock_off, poison_jab
gallade_ru_1;gallade;ru;Swords Dance;42;life_orb, lum_berry;justified;jolly, adamant;252 Atq / 4 Def / 252 Vel;;swords_dance / close_combat / zen_headbutt / knock_off
gallade_ru_2;gallade;ru;Bulk Up;41;leftovers;justified;careful;248 PS / 96 DefE / 164 Vel;;bulk_up / drain_punch / knock_off / substitute, safeguard
galvantula_uu_1;galvantula;uu;Life Orb Attacker;53;life_orb;;timid;252 AtqE / 4 DefE / 252 Vel;;sticky_web / thunder / bug_buzz / energy_ball, giga_drain
garbodor_nu_1;garbodor;nu;Defensive Spikes;86;rocky_helmet;aftermath;impish;252 PS / 200 Def / 56 Vel;;spikes / toxic_spikes / gunk_shot / seed_bomb, drain_punch
garbodor_nu_2;garbodor;nu;Offensive;78;rocky_helmet, life_orb;aftermath;jolly, adamant;252 Atq / 4 Def / 252 Vel;;spikes / gunk_shot / drain_punch, focus_blast / seed_bomb, explosion
garbodor_ru_1;garbodor;ru;Defensive Hazard Stack;72;rocky_helmet;aftermath;impish;252 PS / 164 Def / 92 DefE;;spikes / toxic_spikes, toxic / gunk_shot / toxic, pain_split
garchomp_ou_1;garchomp;ou;Tank Chomp;68;rocky_helmet;rough_skin;impish;240 PS / 176 Def / 92 Vel;;stealth_rock / earthquake / dragon_tail / fire_blast, toxic
garchomp_ou_2;garchomp;ou;Offensive Stealth Rock;55;lum_berry, focus_sash;rough_skin;jolly, naive;252 Atq / 4 Def / 252 Vel;;stealth_rock / earthquake / dragon_claw, outrage / swords_dance, fire_blast
garchomp_ou_3;garchomp;ou;Mega Swords Dance;40;garchompite;rough_skin;jolly, adamant;252 Atq / 4 Def / 252 Vel;;swords_dance / earthquake / dragon_claw / stone_edge, substitute, aqua_tail
garchomp_ou_4;garchomp;ou;Substitute + Swords Dance;42;salac_berry, leftovers;rough_skin;jolly;12 PS / 244 Atq / 252 Vel;;swords_dance / earthquake / dragon_claw / substitute
garchomp_ou_5;garchomp;ou;Swords Dance + Life Orb;40;life_orb;rough_skin;jolly;252 Atq / 4 Def / 252 Vel;;swords_dance / dragon_claw, outrage / earthquake / fire_fang
garchomp_ou_6;garchomp;ou;Mixed Attacker;50;life_orb, garchompite;rough_skin;naive;4 Atq / 252 AtqE / 252 Vel;;draco_meteor / earthquake / fire_blast / stealth_rock, stone_edge
garchomp_ou_7;garchomp;ou;Choice Scarf;46;choice_scarf;rough_skin;jolly, naive;252 Atq / 4 Def / 252 Vel;;earthquake / outrage / stone_edge, fire_blast / dragon_claw, fire_blast
gardevoir_ou_1;gardevoir;ou;Bulky Attacker;34;gardevoirite;trace;modest;120 PS / 52 Def / 216 AtqE / 120 Vel;;hyper_voice / psyshock / focus_blast / taunt, will_o_wisp
gardevoir_uu_1;gardevoir;uu;Choice Scarf;42;choice_scarf;trace;timid;252 AtqE / 4 DefE / 252 Vel;;moonblast / psychic / healing_wish, memento / trick
gardevoir_uu_2;gardevoir;uu;Calm Mind;50;leftovers, life_orb;trace;timid;252 AtqE / 4 DefE / 252 Vel;;calm_mind / moonblast / psyshock / substitute, focus_blast
gardevoir_uu_3;gardevoir;uu;Choice Specs;36;choice_specs;trace;timid;252 AtqE / 4 DefE / 252 Vel;;moonblast / psyshock / focus_blast, shadow_ball / trick, shadow_ball
gastly_lc_1;gastly;lc;Life Orb;40;life_orb;;timid;40 Def / 200 AtqE / 200 Vel;1 Atq / 30 Def / 30 AtqE / 30 DefE / 30 Vel;sludge_bomb / psychic, shadow_ball, thunderbolt / hidden_power / substitute
gastrodon_nu_1;gastrodon;nu;Physically Defensive;85;leftovers;storm_drain;bold, relaxed;252 PS / 244 Def / 12 Vel;;scald / earth_power, earthquake / recover / toxic
gastrodon_ou_1;gastrodon;ou;Specially Defensive;94;leftovers;storm_drain;sassy;248 PS / 8 Def / 252 DefE;;scald / recover / earthquake, earth_power / clear_smog, toxic
gastrodon_ou_2;gastrodon;ou;Curse;83;leftovers;storm_drain;sassy;252 PS / 112 Def / 144 DefE;;curse / scald / earthquake / recover
gastrodon_ou_3;gastrodon;ou;Physically Defensive;83;leftovers;storm_drain;relaxed, bold;252 PS / 252 Def / 4 DefE;;scald / earthquake, ice_beam / toxic / recover
gastrodon_ru_1;gastrodon;ru;Defensive;79;leftovers;storm_drain;bold;252 PS / 244 Def / 12 Vel;;scald / recover / toxic, clear_smog, ice_beam / earth_power
gastrodon_uu_1;gastrodon;uu;Curse;74;leftovers;storm_drain;sassy;252 PS / 148 Def / 108 DefE;;curse / recover / earthquake / scald
genesect_ubers_1;genesect;ubers;Choice Scarf;56;choice_scarf;;naive, hasty;248 Atq / 8 AtqE / 252 Vel;;u_turn / iron_head / ice_beam, extreme_speed / explosion
gengar_ou_1;gengar;ou;Choice Specs;25;choice_specs;;timid;4 Def / 252 AtqE / 252 Vel;;shadow_ball / sludge_bomb / focus_blast / trick
gengar_ou_2;gengar;ou;Life Orb Attacker;39;life_orb;;timid;252 AtqE / 4 DefE / 252 Vel;29 PS;shadow_ball / sludge_wave / focus_blast / taunt, substitute, icy_wind
gengar_ou_3;gengar;ou;Hex;30;black_sludge;;timid;8 PS / 248 AtqE / 252 Vel;;hex / taunt / will_o_wisp / sludge_wave, substitute
gengar_ou_4;gengar;ou;SubSplit;30;life_orb;;timid;4 Def / 252 AtqE / 252 Vel;29 PS;substitute / pain_split / shadow_ball / focus_blast
gengar_ubers_1;gengar;ubers;Hex Trapper;23;gengarite;;timid;4 PS / 252 AtqE / 252 Vel;;hex / focus_blast / protect / will_o_wisp, sludge_bomb
gengar_ubers_2;gengar;ubers;Offensive Trapper;27;gengarite;;timid;4 Def / 252 AtqE / 252 Vel;;destiny_bond / sludge_wave / shadow_ball, focus_blast / taunt, protect
gengar_ubers_3;gengar;ubers;Perish Trapper (Rick Gastly);13;gengarite;;timid;248 PS / 84 DefE / 176 Vel;;perish_song / protect / taunt, disable / substitute, disable
geodude_lc_1;geodude;lc;Stealth Rock Lead;61;berry_juice;sturdy;adamant;36 PS / 196 Atq / 196 Def / 36 DefE / 36 Vel;;stealth_rock / sucker_punch, counter / earthquake / rock_blast
gible_lc_1;gible;lc;Bulky Offensive;59;eviolite;rough_skin;adamant;132 PS / 196 Atq / 156 Def / 20 Vel;;stealth_rock, rock_tomb / earthquake / dragon_claw / toxic, roar, rock_tomb, iron_tail
gigalith_pu_1;gigalith;pu;Tank;31;leftovers;;adamant;252 PS / 252 Atq / 4 Def;;stealth_rock / stone_edge, rock_blast / superpower / toxic
girafarig_pu_1;girafarig;pu;Nasty Plot;44;life_orb;sap_sipper;timid;252 AtqE / 4 DefE / 252 Vel;;nasty_plot / hyper_voice / psyshock / shadow_ball
giratina_ubers_1;giratina;ubers;The Great Wall (Physically Defensive);62;leftovers;;bold, impish;248 PS / 252 Def / 8 DefE;;will_o_wisp, toxic / roar, dragon_tail / rest / sleep_talk
glaceon_pu_1;glaceon;pu;Choice Specs;45;choice_specs;ice_body;modest, timid;4 Def / 252 AtqE / 252 Vel;;ice_beam / hidden_power / shadow_ball / frost_breath
glalie_pu_1;glalie;pu;Spikes Lead;45;focus_sash;;naive;252 Atq / 4 AtqE / 252 Vel;;spikes / taunt / explosion / freeze_dry
glalie_ru_1;glalie;ru;Wallbreaker;21;glalitite;;naive;252 Atq / 4 Def / 252 Vel;;double_edge, return / freeze_dry / ice_shard / spikes, earthquake, explosion
glalie_ru_2;glalie;ru;Wallbreaker;63;glalitite;inner_focus;naive;252 Atq / 4 Def / 252 Vel;;double_edge, return / freeze_dry / ice_shard / spikes, earthquake, explosion
glalie_uu_1;glalie;uu;Wrecking Ball;49;glalitite;ice_body;naive, jolly;252 Atq / 4 AtqE / 252 Vel;;double_edge, return / explosion / super_fang, earthquake / freeze_dry, ice_shard
glameow_lc_1;glameow;lc;Life Orb Attacker;64;life_orb;;jolly;236 Atq / 20 Def / 236 Vel;1 PS;return / sucker_punch / fake_out, knock_off / play_rough, u_turn
gligar_uu_1;gligar;uu;Pivot;75;eviolite;hyper_cutter, immunity;impish;252 PS / 16 Def / 240 DefE;;earthquake / u_turn / roost / defog, stealth_rock
gliscor_ou_1;gliscor;ou;Swords Dance Wallbreaker;72;toxic_orb;poison_heal;careful;248 PS / 204 DefE / 56 Vel;;swords_dance / roost / earthquake / facade, ice_fang
gliscor_ou_2;gliscor;ou;Stallbreaker;73;toxic_orb;poison_heal;jolly;248 PS / 148 DefE / 112 Vel;;earthquake / taunt / knock_off / roost
gogoat_nu_1;gogoat;nu;Bulk Up;55;leftovers;;careful;252 PS / 4 Atq / 252 DefE;;bulk_up / horn_leech / substitute / earthquake
gogoat_pu_1;gogoat;pu;Bulk Up;64;leftovers;;careful;232 PS / 48 Atq / 228 DefE;;bulk_up / horn_leech / earthquake / milk_drink
golbat_ru_1;golbat;ru;Physically Defensive;85;eviolite;infiltrator;impish;252 PS / 252 Def / 4 DefE;;defog / roost / brave_bird / toxic, super_fang, taunt
golbat_ru_2;golbat;ru;Specially Defensive;85;eviolite;infiltrator;careful;252 PS / 176 DefE / 80 Vel;;defog / roost / brave_bird / toxic, super_fang, taunt
goldeen_lc_1;goldeen;lc;Physical Attacker;74;life_orb, eviolite;lightning_rod;jolly;220 Atq / 36 DefE / 252 Vel;9 PS;waterfall / drill_run / knock_off / poison_jab, megahorn
golduck_pu_1;golduck;pu;Rain Dance;60;life_orb;swift_swim;modest;4 Def / 252 AtqE / 252 Vel;;rain_dance / hydro_pump / ice_beam / psyshock
golem_nu_1;golem;nu;All-Out Attacker;49;choice_band;sturdy;adamant;252 Atq / 4 DefE / 252 Vel;;earthquake / stone_edge / explosion / sucker_punch
golem_nu_2;golem;nu;Custap Berry;61;custap_berry;sturdy;adamant;252 Atq / 4 Def / 252 Vel;;stealth_rock / earthquake / rock_blast, stone_edge / explosion, sucker_punch
golem_pu_1;golem;pu;Specially Defensive;65;leftovers;sturdy;careful;252 PS / 32 Atq / 224 DefE;;stealth_rock / earthquake / stone_edge / toxic, sucker_punch
golem_pu_2;golem;pu;Choice Band;52;choice_band;sturdy;adamant, jolly;252 Atq / 4 Def / 252 Vel;;earthquake / stone_edge / sucker_punch / fire_punch, superpower, explosion
golem_pu_3;golem;pu;Lead;66;weakness_policy, custap_berry;sturdy;adamant;252 Atq / 4 Def / 252 Vel;;stealth_rock / earthquake / stone_edge, rock_blast / sucker_punch, explosion
golem_pu_4;golem;pu;Sun Lead;47;heat_rock;sturdy;jolly;252 Atq / 4 Def / 252 Vel;;sunny_day / stealth_rock / explosion / earthquake, stone_edge
golett_lc_1;golett;lc;Tank;67;eviolite;;adamant;44 PS / 164 Atq / 196 Def / 76 Vel;;drain_punch / earthquake / stealth_rock / ice_punch
golurk_nu_1;golurk;nu;Stealth Rock;55;colbur_berry;no_guard, iron_fist;adamant;4 PS / 252 Atq / 252 Vel;;stealth_rock / earthquake / ice_punch, shadow_punch / dynamic_punch, ice_punch
golurk_nu_2;golurk;nu;Wallbreaker;35;choice_band;;adamant;4 PS / 252 Atq / 252 Vel;;earthquake / shadow_punch / ice_punch / zen_headbutt, thunder_punch
goodra_uu_1;goodra;uu;Choice Band;11;choice_band;;adamant;212 PS / 252 Atq / 44 Vel;;outrage / earthquake, fire_punch / power_whip / iron_tail
goodra_uu_2;goodra;uu;Choice Specs;21;choice_specs;;modest;212 PS / 252 AtqE / 44 Vel;;draco_meteor / fire_blast / sludge_bomb / thunderbolt, muddy_water
goodra_uu_3;goodra;uu;Assault Vest;42;assault_vest;;modest;248 PS / 252 AtqE / 8 DefE;;draco_meteor, dragon_pulse / fire_blast, flamethrower / sludge_bomb / dragon_tail, thunderbolt, muddy_water
goomy_lc_1;goomy;lc;Gooey Pivot;58;eviolite;gooey;bold;76 PS / 236 Def / 156 DefE / 36 Vel;;draco_meteor, dragon_pulse / sludge_wave, hidden_power / rest / sleep_talk
gorebyss_nu_1;gorebyss;nu;Shell Smash;42;life_orb;;modest, timid;4 PS / 252 AtqE / 252 Vel;;shell_smash / hydro_pump, scald / ice_beam, signal_beam / hidden_power
gorebyss_pu_1;gorebyss;pu;Shell Smash;52;white_herb, life_orb;;modest;4 Def / 252 AtqE / 252 Vel;;shell_smash / hydro_pump / ice_beam / psychic
gothita_lc_1;gothita;lc;Choice Scarf;85;choice_scarf;shadow_tag;modest;36 Def / 236 AtqE / 236 Vel;;psychic / thunderbolt / energy_ball, magic_coat / trick
gothita_lc_2;gothita;lc;Calm Mind;36;eviolite;shadow_tag;timid;236 PS / 196 Def / 76 DefE;;calm_mind / psychic / rest / sleep_talk, substitute, charm
gothitelle_pu_1;gothitelle;pu;Trapper;29;leftovers;;bold;252 PS / 252 Def / 4 DefE;;mean_look / psychic / calm_mind / rest
gothitelle_ubers_1;gothitelle;ubers;Literally Satan... Again (Calm Mind);52;leftovers;shadow_tag;sassy, calm;252 PS / 4 AtqE / 252 DefE;3 Vel;calm_mind / psyshock / rest / thunder_wave, tickle
gourgeist_large_pu_1;gourgeist_large;pu;Defensive;60;leftovers;frisk;impish;252 PS / 88 Def / 104 DefE / 64 Vel;;will_o_wisp / synthesis / seed_bomb / foul_play
gourgeist_pu_1;gourgeist;pu;Choice Scarf;35;choice_scarf;frisk;adamant;44 PS / 252 Atq / 212 Vel;;trick / will_o_wisp / seed_bomb / destiny_bond
gourgeist_small_nu_1;gourgeist_small;nu;SubSeed;0;leftovers;frisk;jolly;152 PS / 132 Def / 224 Vel;;substitute / leech_seed / will_o_wisp / foul_play
gourgeist_small_pu_1;gourgeist_small;pu;SubSeed;68;leftovers;frisk;jolly, timid;152 PS / 104 Def / 252 Vel;;substitute / leech_seed / will_o_wisp / rock_slide, disable
gourgeist_small_ru_1;gourgeist_small;ru;SubSeed;93;leftovers;frisk;jolly;152 PS / 132 Def / 224 Vel;;substitute / leech_seed / will_o_wisp / protect, phantom_force
gourgeist_super_nu_1;gourgeist_super;nu;Physically Defensive;62;colbur_berry, leftovers;frisk;impish;252 PS / 252 Def / 4 DefE;;will_o_wisp / synthesis / foul_play / leech_seed, rock_slide
gourgeist_super_pu_1;gourgeist_super;pu;Defensive;70;colbur_berry, leftovers;frisk;impish;252 PS / 252 Def / 4 DefE;;will_o_wisp / synthesis / foul_play / leech_seed
gourgeist_super_ru_1;gourgeist_super;ru;Physically Defensive;66;leftovers, colbur_berry;frisk;impish;252 PS / 252 Def / 4 DefE;;will_o_wisp / synthesis / foul_play / leech_seed, seed_bomb
granbull_ru_1;granbull;ru;Defensive;60;leftovers;;impish;248 PS / 8 Atq / 252 Def;;play_rough / earthquake / heal_bell / roar, thunder_wave
granbull_ru_2;granbull;ru;Offensive;54;choice_band, leftovers;;adamant;212 PS / 252 Atq / 44 Vel;;play_rough / fire_punch / earthquake / close_combat, thunder_wave
granbull_uu_1;granbull;uu;Defensive;51;leftovers;;impish;252 PS / 4 Atq / 252 Def;;play_rough / heal_bell / rest, earthquake / sleep_talk, roar
granbull_uu_2;granbull;uu;Bulky Attacker;52;leftovers;;adamant;252 PS / 252 Atq / 4 Def;;play_rough / heal_bell / earthquake / thunder_wave
greninja_ubers_1;greninja;ubers;Suicide Lead;68;focus_sash;protean;jolly;252 Atq / 4 Def / 252 Vel;;toxic_spikes / spikes / taunt / shadow_sneak
grimer_lc_1;grimer;lc;Bulky Attacker;50;berry_juice;sticky_hold;adamant;36 PS / 196 Atq / 196 Def / 36 DefE;;gunk_shot / fire_punch / shadow_sneak / thief, pain_split
groudon_ubers_1;groudon;ubers;Defensive Stealth Rock;26;red_orb;;sassy, careful;248 PS / 8 Def / 252 DefE;;stealth_rock / precipice_blades / lava_plume, rock_slide / roar, thunder_wave, dragon_tail
groudon_ubers_2;groudon;ubers;Offensive Stealth Rock;24;red_orb;;adamant;152 PS / 236 Atq / 44 DefE / 76 Vel;;stealth_rock / precipice_blades / dragon_tail, fire_punch / stone_edge, rock_tomb
groudon_ubers_3;groudon;ubers;Rock Polish;25;red_orb;;adamant;168 PS / 252 Atq / 32 DefE / 56 Vel;;rock_polish / precipice_blades / swords_dance, dragon_claw / stone_edge, rock_slide
groudon_ubers_4;groudon;ubers;Stealth Rock + Swords Dance;29;red_orb;;jolly;168 Atq / 144 DefE / 196 Vel;;stealth_rock / swords_dance / precipice_blades / stone_edge, rock_slide
groudon_ubers_5;groudon;ubers;Paradancer;17;red_orb;;adamant;244 PS / 252 Atq / 12 Vel;;thunder_wave / swords_dance / rock_slide / precipice_blades
groudon_ubers_6;groudon;ubers;Mixed Rock Polish;10;red_orb;;mild;56 Atq / 252 AtqE / 144 DefE / 56 Vel;;rock_polish / fire_blast / dragon_pulse / precipice_blades
groudon_ubers_7;groudon;ubers;Rest;9;red_orb;;sassy, calm;248 PS / 8 Def / 252 DefE;;rest / sleep_talk / lava_plume / precipice_blades, roar
growlithe_lc_1;growlithe;lc;Physically Defensive;59;eviolite;;impish;236 PS / 156 Def / 116 DefE;;will_o_wisp / flare_blitz / morning_sun / wild_charge
grumpig_nu_1;grumpig;nu;Calm Mind;41;leftovers, colbur_berry;;modest;252 AtqE / 4 DefE / 252 Vel;;calm_mind / psyshock, psychic / focus_blast / signal_beam
grumpig_nu_2;grumpig;nu;Offensive Stallbreaker;26;leftovers, colbur_berry;;modest;252 PS / 160 AtqE / 96 Vel;;psychic, psyshock / focus_blast / taunt / thunder_wave, toxic
grumpig_nu_3;grumpig;nu;Specially Defensive;19;leftovers;;calm;252 PS / 4 Def / 252 DefE;;psychic / heal_bell / thunder_wave, toxic / whirlwind, taunt
grumpig_pu_1;grumpig;pu;Substitute + Calm Mind;48;leftovers;;timid;80 PS / 252 AtqE / 176 Vel;;substitute / calm_mind / psyshock, psychic / focus_blast
grumpig_pu_2;grumpig;pu;Offensive Utility;52;colbur_berry, leftovers;;timid;80 PS / 252 AtqE / 176 Vel;;psychic / focus_blast / shadow_ball / taunt, thunder_wave
grumpig_pu_3;grumpig;pu;Specially Defensive;52;leftovers;;calm;248 PS / 36 Def / 224 DefE;;psychic / focus_blast / thunder_wave, toxic / taunt, protect, toxic
gurdurr_nu_1;gurdurr;nu;Bulky Attacker;83;eviolite;;adamant;252 PS / 192 Atq / 64 Def;;drain_punch / mach_punch / knock_off / bulk_up, stone_edge
gurdurr_ru_1;gurdurr;ru;Bulk Up;79;eviolite;;adamant;252 PS / 252 Atq / 4 DefE;;drain_punch / mach_punch / knock_off / bulk_up
gyarados_ou_1;gyarados;ou;Offensive Dragon Dance;39;gyaradosite;;jolly;252 Atq / 4 Def / 252 Vel;;dragon_dance / crunch / waterfall, earthquake / earthquake, substitute, taunt
gyarados_ou_2;gyarados;ou;Bulky Dragon Dance;66;leftovers;;jolly;88 PS / 220 Atq / 4 Def / 196 Vel;;dragon_dance / bounce / waterfall / substitute
gyarados_ubers_1;gyarados;ubers;Offensive Dragon Dance;78;gyaradosite;;adamant, jolly;252 Atq / 4 Def / 252 Vel;;crunch / earthquake / taunt / dragon_dance
gyarados_uu_1;gyarados;uu;Substitute + Dragon Dance;57;leftovers;;jolly;252 Atq / 4 Def / 252 Vel;;substitute / dragon_dance / waterfall / bounce, earthquake
gyarados_uu_2;gyarados;uu;Dragon Dance + Three Attacks;52;lum_berry, life_orb;;jolly;252 Atq / 4 Def / 252 Vel;;dragon_dance / waterfall / bounce, earthquake / earthquake, double_edge, stone_edge
gyarados_uu_3;gyarados;uu;Defensive;33;leftovers;;impish;216 PS / 184 Def / 60 DefE / 48 Vel;;rest / sleep_talk / waterfall / roar, toxic
hariyama_nu_1;hariyama;nu;Assault Vest;67;assault_vest;;adamant;252 Atq / 4 Def / 252 DefE;;close_combat / knock_off / bullet_punch / fake_out, earthquake, stone_edge
hariyama_nu_2;hariyama;nu;Choice Band;54;choice_band;guts, thick_fat;adamant;252 Atq / 108 Def / 112 DefE / 36 Vel;;close_combat / knock_off / stone_edge / bullet_punch, earthquake
hariyama_ru_1;hariyama;ru;Bulky Attacker;61;assault_vest;;adamant;220 Atq / 152 Def / 136 DefE;;close_combat / knock_off / heavy_slam, bullet_punch / ice_punch, fake_out
haunter_nu_1;haunter;nu;Life Orb Attacker;30;life_orb;;timid;252 AtqE / 4 DefE / 252 Vel;;sludge_bomb / shadow_ball, hex / will_o_wisp / destiny_bond, reflect_type
haunter_nu_2;haunter;nu;SubSplit;23;life_orb;;timid;252 AtqE / 4 DefE / 252 Vel;;shadow_ball / sludge_bomb / substitute / pain_split
haunter_nu_3;haunter;nu;Choice Scarf;38;choice_scarf;;timid;252 AtqE / 4 DefE / 252 Vel;;sludge_bomb / shadow_ball / trick / destiny_bond
hawlucha_ou_1;hawlucha;ou;Substitute + Swords Dance;80;sitrus_berry;unburden;jolly;12 PS / 244 Atq / 252 Vel;;substitute / swords_dance / high_jump_kick / acrobatics
haxorus_ou_1;haxorus;ou;Dragon Dance;68;life_orb, lum_berry;mold_breaker;adamant, jolly;16 PS / 252 Atq / 240 Vel;;dragon_dance / outrage / earthquake / taunt, poison_jab
haxorus_ou_2;haxorus;ou;Stallbreaker;58;lum_berry, life_orb;mold_breaker;adamant, jolly;16 PS / 252 Atq / 240 Vel;;swords_dance / outrage, dual_chop / earthquake / poison_jab, taunt
haxorus_uu_1;haxorus;uu;Dragon Dance;67;life_orb, lum_berry;mold_breaker;adamant, jolly;252 Atq / 4 DefE / 252 Vel;;dragon_dance / outrage, dragon_claw / earthquake / poison_jab, iron_tail
haxorus_uu_2;haxorus;uu;Choice Band;50;choice_band;mold_breaker;jolly;252 Atq / 4 DefE / 252 Vel;;outrage / earthquake / iron_tail / dragon_claw, superpower
haxorus_uu_3;haxorus;uu;Swords Dance;59;lum_berry, life_orb;mold_breaker;jolly, adamant;252 Atq / 4 DefE / 252 Vel;;swords_dance / outrage / earthquake / poison_jab
haxorus_uu_4;haxorus;uu;Double Dance;56;lum_berry;mold_breaker;jolly, adamant;252 Atq / 4 DefE / 252 Vel;;swords_dance / dragon_dance / dragon_claw, outrage / earthquake
heatmor_pu_1;heatmor;pu;Mixed Attacker;56;life_orb;flash_fire;rash;40 Atq / 252 AtqE / 216 Vel;;fire_blast / giga_drain / superpower / sucker_punch
heatran_ou_1;heatran;ou;Specially Defensive;51;leftovers;;calm;248 PS / 8 Def / 252 DefE;;lava_plume / stealth_rock, toxic / roar, toxic / taunt, protect, earth_power
heatran_ou_2;heatran;ou;Fast Utility;50;leftovers, air_balloon;;timid, calm;248 PS / 8 DefE / 252 Vel;;magma_storm, lava_plume / taunt, stealth_rock / will_o_wisp, toxic / earth_power
heatran_ou_3;heatran;ou;Offensive Stallbreaker;47;leftovers;;modest, timid;64 PS / 192 AtqE / 252 Vel;;magma_storm / taunt / toxic / earth_power
heliolisk_uu_1;heliolisk;uu;Special Attacker;55;life_orb, choice_specs;;timid;252 AtqE / 4 DefE / 252 Vel;;volt_switch / hyper_voice / signal_beam, grass_knot, focus_blast, surf / thunderbolt
helioptile_lc_1;helioptile;lc;Paralysis Pivot;41;eviolite;;timid;4 PS / 172 Def / 32 AtqE / 96 DefE / 196 Vel;;glare / u_turn / thunderbolt / surf, hidden_power
heracross_ou_1;heracross;ou;Bulky Wallbreaker;17;heracronite;moxie;adamant;240 PS / 136 Atq / 132 Vel;;close_combat / pin_missile / rock_blast / substitute, swords_dance
heracross_uu_1;heracross;uu;Choice Band;52;choice_band;guts;adamant, jolly;252 Atq / 4 Def / 252 Vel;;close_combat / megahorn / knock_off / stone_edge, earthquake
heracross_uu_2;heracross;uu;Swords Dance;45;leftovers, toxic_orb;guts;adamant, jolly;252 Atq / 4 Def / 252 Vel;;swords_dance / close_combat / knock_off / megahorn, facade
heracross_uu_3;heracross;uu;Choice Scarf;76;choice_scarf;moxie, guts;jolly;252 Atq / 4 Def / 252 Vel;;close_combat / megahorn / knock_off / stone_edge, earthquake
hippopotas_lc_1;hippopotas;lc;Physical Wall;72;eviolite;;careful;132 PS / 20 Atq / 132 Def / 180 DefE / 20 Vel;;earthquake / slack_off / stealth_rock / whirlwind, rock_tomb
hippopotas_nu_1;hippopotas;nu;Sand Support;82;smooth_rock, eviolite;;impish;252 PS / 252 Def / 4 DefE;;stealth_rock / toxic, earthquake / whirlwind / slack_off
hippopotas_pu_1;hippopotas;pu;Physically Defensive;70;smooth_rock;;impish;252 PS / 252 Def / 4 DefE;;stealth_rock / slack_off / earthquake / whirlwind
hippowdon_ou_1;hippowdon;ou;Physically Defensive;67;rocky_helmet, leftovers;;impish;252 PS / 144 Def / 112 DefE;;earthquake / stealth_rock / slack_off / rock_slide, toxic, whirlwind
hippowdon_ou_2;hippowdon;ou;Special Wall;67;leftovers;;careful;248 PS / 8 Def / 252 DefE;;slack_off / earthquake / stealth_rock / rock_slide, toxic
hitmonchan_nu_1;hitmonchan;nu;Physical Attacker;67;life_orb;iron_fist;adamant;252 Atq / 4 Def / 252 Vel;;drain_punch, close_combat / mach_punch / ice_punch, stone_edge / rapid_spin
hitmonchan_nu_2;hitmonchan;nu;Bulk Up;60;life_orb;iron_fist;adamant, jolly;252 Atq / 4 Def / 252 Vel;;bulk_up / drain_punch, close_combat / mach_punch / ice_punch
hitmonchan_nu_3;hitmonchan;nu;Assault Vest;70;assault_vest;iron_fist;adamant;208 PS / 252 Atq / 48 Vel;;drain_punch / mach_punch / ice_punch / rapid_spin
hitmonlee_ru_1;hitmonlee;ru;Reckless;56;life_orb;reckless;adamant, jolly;252 Atq / 4 Def / 252 Vel;;high_jump_kick / knock_off / mach_punch, sucker_punch / rapid_spin
hitmonlee_ru_2;hitmonlee;ru;Choice Scarf;47;choice_scarf;reckless;jolly;252 Atq / 4 Def / 252 Vel;;high_jump_kick / knock_off / stone_edge / close_combat, rapid_spin
hitmonlee_uu_1;hitmonlee;uu;Wallbreaker;32;life_orb;reckless;adamant, jolly;252 Atq / 4 Def / 252 Vel;;high_jump_kick / knock_off / rapid_spin / mach_punch
hitmonlee_uu_2;hitmonlee;uu;Endure + Reversal;28;liechi_berry;unburden;lonely;252 Atq / 252 Vel;;endure / reversal / knock_off / stone_edge, mach_punch
hitmontop_ru_1;hitmontop;ru;Defensive Rapid Spin;46;leftovers;;impish;252 PS / 252 Def / 4 DefE;;rapid_spin / close_combat / foresight / toxic
honchkrow_uu_1;honchkrow;uu;Murderkrow;76;life_orb;moxie;adamant;252 Atq / 4 DefE / 252 Vel;;brave_bird / sucker_punch / pursuit, roost / superpower, pursuit
honedge_lc_1;honedge;lc;Specially Defensive;69;berry_juice, eviolite;;careful;76 PS / 116 Atq / 36 Def / 220 DefE / 52 Vel;;iron_head / shadow_sneak / pursuit, swords_dance / sacred_sword, rock_slide
hoopa_ru_1;hoopa;ru;All-Out Attacker;42;life_orb;;modest, timid;252 AtqE / 4 DefE / 252 Vel;;shadow_ball / hyperspace_hole, psyshock / focus_blast / knock_off
hoopa_ru_2;hoopa;ru;Choice Scarf;43;choice_scarf;;timid;252 AtqE / 4 DefE / 252 Vel;;shadow_ball / psyshock, psychic / focus_blast / trick
hoopa_unbound_ubers_1;hoopa_unbound;ubers;Nasty Plot;16;life_orb;;modest;4 PS / 252 AtqE / 252 Vel;;psyshock / dark_pulse / focus_blast / nasty_plot
hoopa_uu_1;hoopa;uu;Offensive Trick Room;44;life_orb;;modest;4 PS / 252 AtqE / 252 Vel;;trick_room / shadow_ball / psyshock, psychic / focus_blast
hoopa_uu_2;hoopa;uu;Substitute Attacker;42;salac_berry, life_orb, leftovers;;timid, modest;4 Def / 252 AtqE / 252 Vel;30 PS;shadow_ball / focus_blast / psyshock, nasty_plot / substitute, nasty_plot
hoppip_lc_1;hoppip;lc;Offensive Support;45;berry_juice;infiltrator;jolly, adamant;76 PS / 236 Atq / 196 Vel;;sleep_powder / acrobatics, bullet_seed / substitute, u_turn / swords_dance, aromatherapy, u_turn
horsea_lc_1;horsea;lc;Swift Swim;27;life_orb;;modest;36 Def / 200 AtqE / 196 Vel;;hydro_pump / ice_beam / substitute, rain_dance / hidden_power
houndoom_ou_1;houndoom;ou;Utility Attacker;60;houndoominite;flash_fire;timid;40 PS / 8 Def / 208 AtqE / 252 Vel;;nasty_plot / fire_blast / dark_pulse / will_o_wisp, taunt
houndoom_ru_1;houndoom;ru;Nasty Plot;62;life_orb;flash_fire;timid;4 Def / 252 AtqE / 252 Vel;;nasty_plot / fire_blast / dark_pulse / hidden_power
houndoom_uu_1;houndoom;uu;Nasty Plot;43;houndoominite;flash_fire;timid;252 AtqE / 4 DefE / 252 Vel;;nasty_plot / fire_blast, flamethrower / dark_pulse / taunt, protect, destiny_bond, hidden_power
houndoom_uu_2;houndoom;uu;SunnyDoom;31;houndoominite;flash_fire;timid;252 AtqE / 4 DefE / 252 Vel;;sunny_day / fire_blast / dark_pulse / solar_beam
houndour_lc_1;houndour;lc;Mixed Attacker;69;life_orb;early_bird, flash_fire;hasty;36 Atq / 196 AtqE / 36 DefE / 236 Vel;;fire_blast / dark_pulse / sucker_punch / destiny_bond, pursuit
houndour_lc_2;houndour;lc;Choice Scarf;51;choice_scarf;flash_fire, early_bird;hasty, timid;36 Atq / 196 AtqE / 36 DefE / 236 Vel;;fire_blast / dark_pulse / destiny_bond / pursuit, flamethrower
ho_oh_ubers_1;ho_oh;ubers;Choice Band;72;choice_band;regenerator;adamant;248 PS / 196 Atq / 52 DefE / 12 Vel;;brave_bird / sacred_fire / earthquake / sleep_talk
ho_oh_ubers_2;ho_oh;ubers;Tank;63;life_orb;regenerator;adamant;248 PS / 196 Atq / 52 DefE / 12 Vel;;brave_bird / sacred_fire / recover / thunder_wave, earthquake
huntail_pu_1;huntail;pu;Shell Smash;74;white_herb, wacan_berry;water_veil, swift_swim;naughty, adamant;252 Atq / 4 AtqE / 252 Vel;;shell_smash / waterfall / sucker_punch / ice_beam, double_edge
hydreigon_ou_1;hydreigon;ou;Choice Specs;54;choice_specs;;timid, modest;4 Def / 252 AtqE / 252 Vel;;dark_pulse / draco_meteor / flash_cannon / fire_blast
hydreigon_ou_2;hydreigon;ou;Expert Belt;28;expert_belt;;modest;4 PS / 72 Def / 244 AtqE / 188 Vel;;dark_pulse / flash_cannon / flamethrower / surf
hydreigon_uu_1;hydreigon;uu;Wallbreaker;47;life_orb;;hasty, timid;4 Atq / 252 AtqE / 252 Vel;;draco_meteor / dark_pulse / superpower, fire_blast / roost, iron_tail
hydreigon_uu_2;hydreigon;uu;Choice Scarf;47;choice_scarf;;timid;252 AtqE / 4 DefE / 252 Vel;;draco_meteor / dark_pulse / fire_blast, dragon_pulse / u_turn
hydreigon_uu_3;hydreigon;uu;Stallbreaker;41;life_orb, leftovers;;timid;252 AtqE / 4 DefE / 252 Vel;;taunt / roost / dark_pulse / dragon_pulse, fire_blast, draco_meteor
hydreigon_uu_4;hydreigon;uu;Choice Specs;37;choice_specs;;timid;252 AtqE / 4 DefE / 252 Vel;;draco_meteor / dark_pulse / flash_cannon / focus_blast
hypno_pu_1;hypno;pu;Wish Passer;37;leftovers, colbur_berry;;calm;248 PS / 8 Def / 252 DefE;;wish / protect / psychic, seismic_toss / taunt, toxic, foul_play
illumise_pu_1;illumise;pu;Choice Specs;32;choice_specs;tinted_lens;modest;252 AtqE / 4 DefE / 252 Vel;;bug_buzz / thunderbolt / giga_drain / u_turn, tailwind
infernape_ou_1;infernape;ou;Physically Defensive;1;leftovers;;jolly;248 PS / 88 Def / 124 DefE / 48 Vel;;will_o_wisp / slack_off / taunt / low_kick
infernape_uu_1;infernape;uu;Nasty Plot;23;life_orb;;naive;136 Atq / 120 AtqE / 252 Vel;;nasty_plot / fire_blast / close_combat, vacuum_wave / grass_knot
infernape_uu_2;infernape;uu;All-Out Attacker;43;life_orb;blaze, iron_fist;naive, hasty;168 Atq / 88 AtqE / 252 Vel;;fire_blast, flare_blitz / close_combat / grass_knot / earthquake, stone_edge, mach_punch
infernape_uu_3;infernape;uu;Choice Band;44;choice_band;iron_fist, blaze;jolly;252 Atq / 4 DefE / 252 Vel;;close_combat / flare_blitz / mach_punch, earthquake / u_turn
infernape_uu_4;infernape;uu;Swords Dance;50;life_orb;iron_fist, blaze;jolly;252 Atq / 4 DefE / 252 Vel;;swords_dance / flare_blitz / close_combat, mach_punch / mach_punch, earthquake, thunder_punch
infernape_uu_5;infernape;uu;Choice Scarf;35;choice_scarf;;jolly;252 Atq / 4 DefE / 252 Vel;;flare_blitz / close_combat / u_turn / stone_edge, earthquake
infernape_uu_6;infernape;uu;Lead;20;focus_sash;blaze, iron_fist;timid, jolly;252 AtqE / 4 DefE / 252 Vel;;stealth_rock / taunt / fire_blast, mach_punch / endeavor
inkay_lc_1;inkay;lc;Choice Scarf;57;choice_scarf;;jolly, adamant;12 PS / 244 Atq / 12 Def / 236 Vel;;knock_off / superpower / psycho_cut / switcheroo
inkay_lc_2;inkay;lc;Trick Room;44;berry_juice;;brave;12 PS / 244 Atq / 12 Def / 228 DefE;;trick_room / knock_off / superpower / psycho_cut
jellicent_ou_1;jellicent;ou;Utility;66;leftovers, colbur_berry;;bold;248 PS / 216 Def / 44 Vel;;will_o_wisp / recover / taunt / scald, night_shade
jellicent_ru_1;jellicent;ru;Utility;63;leftovers;;bold;248 PS / 216 Def / 44 Vel;;taunt / will_o_wisp / recover / scald, hex
jellicent_uu_1;jellicent;uu;Physically Defensive;70;leftovers;;bold;252 PS / 252 Def / 4 Vel;;recover / scald / will_o_wisp, toxic / taunt
jirachi_ou_1;jirachi;ou;Stealth Rock;40;leftovers;;careful;252 PS / 224 DefE / 32 Vel;;iron_head / stealth_rock / u_turn / healing_wish
jirachi_ou_2;jirachi;ou;Choice Scarf;47;choice_scarf;;jolly;252 Atq / 4 Def / 252 Vel;;iron_head / u_turn / fire_punch, heart_stamp / healing_wish
jirachi_ou_3;jirachi;ou;SubToxic;23;leftovers;;jolly;252 PS / 160 Atq / 96 Vel;;iron_head / toxic / substitute / fire_punch
jirachi_ou_4;jirachi;ou;Mixed Attacker;14;expert_belt;;mild;132 Atq / 160 AtqE / 216 Vel;;iron_head / icy_wind / thunderbolt / hidden_power
jirachi_ou_5;jirachi;ou;Specially Defensive;26;leftovers;;careful;252 PS / 224 DefE / 32 Vel;;iron_head / toxic, body_slam / wish / protect
jirachi_ubers_1;jirachi;ubers;Choice Scarf;16;choice_scarf;;adamant;176 PS / 152 Atq / 180 Vel;;iron_head / u_turn / healing_wish / ice_punch, fire_punch
jirachi_ubers_2;jirachi;ubers;Support;76;leftovers;;careful;252 PS / 224 DefE / 32 Vel;;wish / thunder_wave, body_slam / iron_head / protect, u_turn, toxic
jolteon_ru_1;jolteon;ru;Offensive Wish;15;leftovers;;timid;80 PS / 176 AtqE / 252 Vel;;substitute / hidden_power / thunderbolt / wish
jolteon_ru_2;jolteon;ru;All-Out Attacker;47;life_orb, choice_specs;;timid;252 AtqE / 4 DefE / 252 Vel;;thunderbolt / signal_beam / hidden_power / volt_switch
jolteon_uu_1;jolteon;uu;All-Out Attacking;54;choice_specs, life_orb;;timid;252 AtqE / 4 DefE / 252 Vel;;volt_switch / thunderbolt / hidden_power / shadow_ball, signal_beam
joltik_lc_1;joltik;lc;Choice Scarf;68;choice_scarf;swarm;modest;36 PS / 220 AtqE / 236 Vel;;thunderbolt / bug_buzz / volt_switch / giga_drain
joltik_lc_2;joltik;lc;Substitute + 3 Attacks;41;life_orb, berry_juice;swarm;timid;36 PS / 220 AtqE / 236 Vel;;substitute / thunderbolt / bug_buzz / giga_drain
jumpluff_nu_1;jumpluff;nu;Support Puff;67;;infiltrator;jolly;252 Atq / 4 DefE / 252 Vel;;sleep_powder / acrobatics / memento / u_turn, seed_bomb
jumpluff_pu_1;jumpluff;pu;Offensive Utility;52;;infiltrator;jolly;252 Atq / 4 Def / 252 Vel;;acrobatics / sleep_powder / seed_bomb, u_turn, toxic / u_turn, memento
jumpluff_pu_2;jumpluff;pu;Swords Dance;54;;chlorophyll, infiltrator;jolly;252 Atq / 4 Def / 252 Vel;;swords_dance / sleep_powder / acrobatics / seed_bomb
jynx_nu_1;jynx;nu;Focus Sash;67;focus_sash;dry_skin;timid;252 AtqE / 4 DefE / 252 Vel;;ice_beam / lovely_kiss / psyshock / focus_blast, nasty_plot
jynx_nu_2;jynx;nu;Substitute + Nasty Plot;46;leftovers;dry_skin;timid;8 PS / 248 AtqE / 252 Vel;;substitute / nasty_plot / lovely_kiss / ice_beam
jynx_nu_3;jynx;nu;Choice Scarf;65;choice_scarf;dry_skin;timid;252 AtqE / 4 DefE / 252 Vel;;ice_beam / psyshock, psychic / focus_blast, lovely_kiss / trick, lovely_kiss
kabutops_nu_1;kabutops;nu;Swords Dance;55;life_orb, lum_berry;;jolly, adamant;252 Atq / 4 Def / 252 Vel;;swords_dance / stone_edge / aqua_jet / waterfall
kabutops_nu_2;kabutops;nu;Choice Scarf;39;choice_scarf;;adamant;252 Atq / 4 DefE / 252 Vel;;waterfall / stone_edge / rapid_spin / superpower
kabutops_ou_1;kabutops;ou;Physical Attacker;50;life_orb;;adamant;252 Atq / 4 Def / 252 Vel;;waterfall / stone_edge / swords_dance, rapid_spin / aqua_jet, low_kick
kabutops_ru_1;kabutops;ru;Offensive Rapid Spin;54;life_orb;weak_armor, swift_swim;jolly, adamant;4 PS / 252 Atq / 252 Vel;;rapid_spin / stone_edge / waterfall / superpower, aqua_jet, knock_off
kabuto_lc_1;kabuto;lc;Support;69;eviolite;battle_armor;adamant;116 PS / 196 Atq / 196 Def;;rapid_spin / rock_slide / aqua_jet / waterfall, stealth_rock, knock_off
kadabra_nu_1;kadabra;nu;Revenge Killer;69;focus_sash;magic_guard;timid;252 AtqE / 4 DefE / 252 Vel;;psychic, psyshock / signal_beam / hidden_power, energy_ball / thunder_wave, encore
kadabra_pu_1;kadabra;pu;Revenge Killer;65;focus_sash;magic_guard;timid;4 PS / 252 AtqE / 252 Vel;;psychic / thunder_wave / shadow_ball, signal_beam / hidden_power, encore
kadabra_pu_2;kadabra;pu;Life Orb;36;life_orb;magic_guard;timid;4 PS / 252 AtqE / 252 Vel;;psyshock / shadow_ball / hidden_power / taunt, substitute
kangaskhan_nu_1;kangaskhan;nu;Offensive;73;silk_scarf;scrappy;adamant, jolly;252 Atq / 4 Def / 252 Vel;;fake_out / double_edge / sucker_punch / earthquake
kangaskhan_ubers_1;kangaskhan;ubers;Physical Attacker;56;kangaskhanite;scrappy;adamant, jolly;252 Atq / 4 Def / 252 Vel;;fake_out / return, body_slam / crunch / power_up_punch, seismic_toss
karrablast_lc_1;karrablast;lc;Choice Scarf;82;choice_scarf;no_guard;jolly, adamant;236 Atq / 76 Def / 196 Vel;;megahorn / knock_off / drill_run / poison_jab, pursuit
karrablast_lc_2;karrablast;lc;Swords Dance;70;eviolite;no_guard, swarm;adamant;236 Atq / 76 Def / 76 DefE / 116 Vel;;swords_dance / megahorn / drill_run / knock_off
kecleon_nu_1;kecleon;nu;Mixed Wallbreaker;42;life_orb;protean;mild;192 Atq / 200 AtqE / 116 Vel;;sucker_punch / fire_blast / grass_knot / knock_off, iron_tail
keldeo_ou_1;keldeo;ou;Choice Specs;52;choice_specs;;timid;252 AtqE / 4 DefE / 252 Vel;;scald / secret_sword / hydro_pump / icy_wind, focus_blast
keldeo_ou_2;keldeo;ou;Substitute + Calm Mind;46;leftovers;;timid;252 AtqE / 4 DefE / 252 Vel;;substitute / calm_mind / scald / secret_sword
keldeo_ou_3;keldeo;ou;Taunt;39;mystic_water, black_belt;;timid;4 Def / 252 AtqE / 252 Vel;;taunt / scald / secret_sword / hydro_pump, focus_blast
kingdra_ou_1;kingdra;ou;Choice Specs;71;choice_specs;;modest;28 PS / 252 AtqE / 228 Vel;;hydro_pump / draco_meteor / scald / ice_beam
kingdra_ou_2;kingdra;ou;Life Orb Attacker;46;life_orb;;rash;28 Atq / 252 AtqE / 228 Vel;29 PS;hydro_pump / draco_meteor / scald, waterfall / outrage, ice_beam
kingdra_uu_1;kingdra;uu;Critdra;56;scope_lens;sniper;modest, timid;4 Def / 252 AtqE / 252 Vel;;focus_energy / draco_meteor / hydro_pump / agility
kingdra_uu_2;kingdra;uu;Dragon Dance;22;lum_berry;sniper;jolly;252 Atq / 4 Def / 252 Vel;;dragon_dance / waterfall / outrage / substitute
kingdra_uu_3;kingdra;uu;Rain Sweeper;24;life_orb;;modest;40 PS / 252 AtqE / 216 Vel;;rain_dance / hydro_pump / draco_meteor / surf, dragon_pulse, ice_beam
kingler_pu_1;kingler;pu;Agility Sweeper;51;splash_plate, life_orb;;adamant;252 Atq / 4 Def / 252 Vel;;agility / crabhammer / knock_off / superpower, swords_dance
klang_pu_1;klang;pu;RestTalk;83;eviolite;clear_body;impish;252 PS / 156 Def / 100 DefE;;shift_gear / gear_grind / rest / sleep_talk
klefki_ou_1;klefki;ou;Spikes;49;leftovers, sitrus_berry;;careful, calm;252 PS / 4 Def / 252 DefE;;spikes / thunder_wave / magnet_rise, toxic / play_rough, foul_play
klefki_ou_2;klefki;ou;Dual Screens;25;light_clay;;calm;252 PS / 4 Def / 252 DefE;;reflect / light_screen / fairy_lock / foul_play
klefki_ubers_1;klefki;ubers;Support;77;leftovers;;careful;252 PS / 4 Atq / 252 DefE;;spikes / thunder_wave / toxic / play_rough
klefki_uu_1;klefki;uu;Support;44;leftovers;;calm;252 PS / 4 Def / 252 DefE;;spikes / thunder_wave / dazzling_gleam, flash_cannon, toxic / toxic, magnet_rise, heal_block
klefki_uu_2;klefki;uu;Screens;34;light_clay;;calm;252 PS / 4 Def / 252 DefE;;light_screen / reflect / spikes / fairy_lock
klinklang_nu_1;klinklang;nu;Shift Gear;75;leftovers;clear_body;adamant;80 PS / 252 Atq / 176 Vel;;shift_gear / gear_grind / return / substitute, magnet_rise
klinklang_ru_1;klinklang;ru;Physical Sweeper;66;leftovers;clear_body;adamant;108 PS / 252 Atq / 148 Vel;;shift_gear / gear_grind / substitute / wild_charge
koffing_lc_1;koffing;lc;Defensive;55;eviolite;;bold;36 PS / 236 Def / 236 DefE;;will_o_wisp / pain_split / sludge_bomb, clear_smog / fire_blast, destiny_bond
krabby_lc_1;krabby;lc;Boosting Sweeper;38;eviolite, berry_juice;;adamant;116 PS / 236 Atq / 36 Def / 76 DefE / 36 Vel;;agility / swords_dance / crabhammer / knock_off, return
krabby_lc_2;krabby;lc;Choice Scarf;47;choice_scarf;;adamant, jolly;36 PS / 236 Atq / 36 Def / 196 Vel;;crabhammer / knock_off / superpower, brick_break / return
kricketune_pu_1;kricketune;pu;Sticky Web;79;focus_sash;technician;jolly;252 Atq / 4 Def / 252 Vel;;sticky_web / taunt / endeavor / knock_off
krokorok_pu_1;krokorok;pu;Choice Band;48;choice_band;;adamant;24 PS / 252 Atq / 232 Vel;;earthquake / knock_off / pursuit / stone_edge
krookodile_uu_1;krookodile;uu;Choice Band;46;choice_band;;jolly;252 Atq / 4 Def / 252 Vel;;earthquake / knock_off / stone_edge, superpower / pursuit, superpower
krookodile_uu_2;krookodile;uu;Non-Choice Attacker;40;dread_plate, life_orb, earth_plate;;jolly;252 Atq / 4 Def / 252 Vel;;knock_off / earthquake / taunt, stealth_rock / pursuit, stealth_rock, superpower
krookodile_uu_3;krookodile;uu;Choice Scarf;59;choice_scarf;moxie;jolly;252 Atq / 4 Def / 252 Vel;;earthquake / knock_off / stone_edge, crunch / pursuit
kyogre_ubers_1;kyogre;ubers;Defensive;16;blue_orb;;bold;248 PS / 248 Def / 12 Vel;;rest / sleep_talk / scald / ice_beam, roar
kyogre_ubers_2;kyogre;ubers;Calm Mind + 3 Attacks;33;blue_orb;;modest;172 PS / 252 AtqE / 84 Vel;;calm_mind / origin_pulse / ice_beam / thunder
kyogre_ubers_3;kyogre;ubers;Physical Attacker;15;blue_orb;;adamant, brave;248 PS / 252 Atq / 8 DefE;;waterfall / earthquake / ice_beam / thunder_wave
kyurem_black_ou_1;kyurem_black;ou;Mixed Wallbreaker;49;life_orb;;mild;4 Atq / 252 AtqE / 252 Vel;;ice_beam / earth_power / fusion_bolt / roost, outrage
kyurem_black_ou_2;kyurem_black;ou;Choice Band;30;choice_band;;adamant, jolly;252 Atq / 4 DefE / 252 Vel;;outrage / fusion_bolt / iron_head / dragon_claw
kyurem_black_ou_3;kyurem_black;ou;Substitute Attacker;35;leftovers;;mild;56 PS / 200 AtqE / 252 Vel;;substitute / ice_beam / fusion_bolt / earth_power, roost
kyurem_black_ou_4;kyurem_black;ou;Choice Scarf;46;choice_scarf;;naive;252 Atq / 4 AtqE / 252 Vel;;ice_beam / outrage / fusion_bolt / dragon_claw, iron_head
kyurem_ou_1;kyurem;ou;Choice Specs;50;choice_specs;;timid;252 AtqE / 4 DefE / 252 Vel;;ice_beam / draco_meteor / earth_power / hidden_power, focus_blast
kyurem_ou_2;kyurem;ou;Substitute + Roost;52;leftovers, metronome;;timid;56 PS / 252 AtqE / 200 Vel;;substitute / ice_beam / earth_power / roost
kyurem_uu_1;kyurem;uu;Choice Specs;52;choice_specs;;timid, modest;252 AtqE / 4 DefE / 252 Vel;;draco_meteor / ice_beam / earth_power / focus_blast, dragon_pulse, flash_cannon
kyurem_uu_2;kyurem;uu;Choice Scarf;49;choice_scarf;;timid;4 Def / 252 AtqE / 252 Vel;;draco_meteor / ice_beam / earth_power / dragon_pulse
kyurem_uu_3;kyurem;uu;SubRoost;29;leftovers, life_orb;;timid;56 PS / 220 AtqE / 232 Vel;;substitute / roost / ice_beam / earth_power, toxic
kyurem_uu_4;kyurem;uu;Life Orb Attacker;42;life_orb;;hasty, timid;4 Atq / 252 AtqE / 252 Vel;;draco_meteor / ice_beam / earth_power / outrage, iron_head, roost
kyurem_white_ubers_1;kyurem_white;ubers;Choice Specs;66;choice_specs;;timid, modest;252 AtqE / 4 DefE / 252 Vel;;ice_beam / draco_meteor / fusion_flare / focus_blast, earth_power, sleep_talk
kyurem_white_ubers_2;kyurem_white;ubers;Life Orb Attacker;51;life_orb;;timid, modest;252 AtqE / 4 DefE / 252 Vel;;ice_beam / draco_meteor / fusion_flare, earth_power / roost, earth_power, focus_blast
kyurem_white_ubers_3;kyurem_white;ubers;Choice Scarf;57;choice_scarf;;modest;252 AtqE / 4 DefE / 252 Vel;;ice_beam / draco_meteor / earth_power, sleep_talk / fusion_flare, sleep_talk
landorus_therian_ou_1;landorus_therian;ou;Defensive;59;rocky_helmet, leftovers;;impish;252 PS / 240 Def / 8 DefE / 8 Vel;;earthquake / stealth_rock / u_turn, swords_dance / stone_edge
landorus_therian_ou_2;landorus_therian;ou;Choice Scarf;52;choice_scarf;;jolly;252 Atq / 4 Def / 252 Vel;;earthquake / u_turn / stone_edge / knock_off, explosion, superpower
landorus_therian_ou_3;landorus_therian;ou;Double Dance;26;earth_plate, lum_berry;;adamant;252 Atq / 4 Def / 252 Vel;;earthquake / stone_edge / swords_dance / rock_polish
landorus_therian_ou_4;landorus_therian;ou;Offensive;49;earth_plate;;adamant, jolly;252 Atq / 4 Def / 252 Vel;;earthquake / stone_edge, smack_down / swords_dance, u_turn, knock_off / stealth_rock
landorus_therian_ou_5;landorus_therian;ou;Suicide Lead;50;focus_sash, rocky_helmet, yache_berry;;jolly;4 PS / 252 Atq / 252 Vel;;stealth_rock / earthquake / explosion, u_turn / imprison, rock_tomb
landorus_therian_ubers_1;landorus_therian;ubers;Choice Scarf;53;choice_scarf;;adamant;252 Atq / 4 Def / 252 Vel;;earthquake / stone_edge / u_turn / explosion
landorus_ubers_1;landorus;ubers;All-out Attacker;76;life_orb;sheer_force;rash, naive;4 Atq / 252 AtqE / 252 Vel;;earth_power / knock_off / rock_slide / hidden_power, sludge_wave
lanturn_nu_1;lanturn;nu;Assault Vest;41;assault_vest;;modest;252 AtqE / 132 DefE / 124 Vel;;scald, hydro_pump / volt_switch / ice_beam / hidden_power
lanturn_nu_2;lanturn;nu;Supportive Pivot;54;leftovers;;calm;40 PS / 140 Def / 208 DefE / 120 Vel;;scald / volt_switch / heal_bell / toxic, thunder_wave, protect
lanturn_nu_3;lanturn;nu;Choice Specs;36;choice_specs;;modest;252 AtqE / 72 DefE / 184 Vel;;hydro_pump, scald / volt_switch / ice_beam, signal_beam / hidden_power, thunderbolt
lanturn_ru_1;lanturn;ru;Pivot;62;leftovers;;calm;104 PS / 192 Def / 212 DefE;;volt_switch / scald / protect / heal_bell, toxic
lapras_nu_1;lapras;nu;Choice Specs;37;choice_specs;;modest;252 AtqE / 4 DefE / 252 Vel;;hydro_pump / freeze_dry / ice_beam / hidden_power, signal_beam, surf
lapras_pu_1;lapras;pu;Choice Specs;43;choice_specs;;modest;120 PS / 252 AtqE / 136 Vel;;freeze_dry / ice_beam / hydro_pump / surf
larvesta_lc_1;larvesta;lc;Pivot;75;eviolite;;impish;76 PS / 236 Def / 156 DefE / 36 Vel;;will_o_wisp / flare_blitz / u_turn / morning_sun
larvitar_lc_1;larvitar;lc;Dragon Dance;60;eviolite, flame_orb;;jolly;244 Atq / 36 Def / 36 DefE / 188 Vel;;dragon_dance / rock_slide, stone_edge / earthquake / superpower
larvitar_lc_2;larvitar;lc;Choice Scarf;31;choice_scarf;;jolly;36 PS / 244 Atq / 36 Def / 188 Vel;;rock_slide, stone_edge / earthquake / superpower / crunch, pursuit
latias_ou_1;latias;ou;Utility;51;colbur_berry, choice_scarf, rocky_helmet;;timid;252 PS / 4 Def / 252 Vel;;healing_wish / defog / psychic, ice_beam, draco_meteor, surf / thunder_wave, trick
latias_ou_2;latias;ou;Defensive;7;latiasite;;timid;252 PS / 4 DefE / 252 Vel;;thunderbolt / ice_beam / recover / thunder_wave
latias_ou_3;latias;ou;Calm Mind;7;latiasite;;timid;252 PS / 4 Def / 252 Vel;;calm_mind / recover / psyshock, stored_power / surf, thunderbolt
latias_ou_4;latias;ou;Dual Screens;28;light_clay;;timid;248 PS / 8 Def / 252 Vel;;reflect / light_screen / healing_wish / defog, safeguard
latias_ou_5;latias;ou;Offensive Defog;48;life_orb;;timid;72 PS / 184 AtqE / 252 Vel;;draco_meteor / psyshock / healing_wish / defog, recover
latias_ubers_1;latias;ubers;Support;58;soul_dew;;timid;212 PS / 120 AtqE / 176 Vel;;defog / roost / draco_meteor / grass_knot, psyshock
latios_ou_1;latios;ou;Life Orb Attacker;53;life_orb;;timid;4 Def / 252 AtqE / 252 Vel;29 PS;draco_meteor / psyshock / surf, hidden_power / defog, thunder_wave
latios_ou_2;latios;ou;Choice Specs;47;choice_specs;;timid;252 AtqE / 4 DefE / 252 Vel;;draco_meteor / psychic, psyshock / surf, hidden_power / trick
latios_ou_3;latios;ou;Choice Scarf;44;choice_scarf;;timid;4 PS / 252 AtqE / 252 Vel;;draco_meteor / psyshock / defog, hidden_power / trick
latios_ou_4;latios;ou;Mixed Attacker;22;latiosite;;naive;4 Atq / 252 AtqE / 252 Vel;;psychic / earthquake / draco_meteor / roost
latios_ou_5;latios;ou;Special Attacker;31;latiosite;;timid;252 AtqE / 4 DefE / 252 Vel;;psychic / draco_meteor / roost / defog, calm_mind, hidden_power, surf
latios_ou_6;latios;ou;Calm Mind;46;life_orb;;timid;4 Def / 252 AtqE / 252 Vel;29 PS;draco_meteor / psyshock / calm_mind / recover, surf
latios_ubers_1;latios;ubers;Offensive Defog;56;soul_dew;;modest, timid;4 PS / 252 AtqE / 252 Vel;;defog / draco_meteor / psyshock / roost, hidden_power, memento
latios_ubers_2;latios;ubers;All-Out Attacker;56;soul_dew;;modest, timid;4 PS / 252 AtqE / 252 Vel;;draco_meteor / psyshock / grass_knot / hidden_power, thunder
latios_ubers_3;latios;ubers;Calm Mind;55;soul_dew;;modest, timid;4 PS / 252 AtqE / 252 Vel;;calm_mind / draco_meteor / psyshock / roost, hidden_power
leafeon_nu_1;leafeon;nu;Offensive Swords Dance;31;starf_berry;chlorophyll;jolly;252 Atq / 4 DefE / 252 Vel;;swords_dance / leaf_blade / knock_off / natural_gift
leafeon_pu_1;leafeon;pu;Swords Dance;47;yache_berry;chlorophyll;jolly;252 Atq / 4 Def / 252 Vel;;swords_dance / leaf_blade / knock_off / return
leafeon_pu_2;leafeon;pu;Choice Scarf;45;choice_scarf;chlorophyll, leaf_guard;jolly;252 Atq / 4 DefE / 252 Vel;;leaf_blade / knock_off / double_edge, return / x_scissor, bullet_seed
leafeon_pu_3;leafeon;pu;Choice Band;38;choice_band;;adamant;252 Atq / 4 Def / 252 Vel;;bullet_seed / leaf_blade / knock_off / double_edge, quick_attack
leavanny_nu_1;leavanny;nu;Sticky Web;60;focus_sash;;timid;4 PS / 252 AtqE / 252 Vel;;sticky_web / leaf_storm / electroweb / bug_buzz
leavanny_pu_1;leavanny;pu;Sticky Web;55;focus_sash;chlorophyll;naive;4 Atq / 252 AtqE / 252 Vel;;sticky_web / leaf_storm / knock_off / electroweb, magic_coat
ledian_pu_1;ledian;pu;Dual Screens;17;light_clay;early_bird;jolly;248 PS / 8 Atq / 252 Vel;;reflect / light_screen / encore / u_turn
lickilicky_pu_1;lickilicky;pu;Swords Dance;43;lum_berry, leftovers;oblivious;adamant;168 PS / 252 Atq / 4 Def / 84 Vel;;swords_dance / return / knock_off / earthquake
lickitung_lc_1;lickitung;lc;Wish Support;72;eviolite;oblivious;impish;196 PS / 76 Def / 236 DefE;;wish / protect / body_slam, heal_bell / knock_off, heal_bell
liepard_nu_1;liepard;nu;Offensive Pivot;50;black_glasses;prankster;jolly, adamant;252 Atq / 4 Def / 252 Vel;;knock_off / encore / thunder_wave, sucker_punch / u_turn, pursuit
liepard_nu_2;liepard;nu;Choice Band;24;choice_band;;jolly;252 Atq / 4 Def / 252 Vel;;knock_off / pursuit / u_turn / seed_bomb, play_rough, gunk_shot
liepard_nu_3;liepard;nu;Weather Support;44;damp_rock, heat_rock;prankster;jolly;252 Atq / 4 Def / 252 Vel;;rain_dance, sunny_day / encore / knock_off / u_turn
liepard_nu_4;liepard;nu;Nasty Plot;31;black_glasses, leftovers;prankster;timid;4 Def / 252 AtqE / 252 Vel;;nasty_plot / dark_pulse / copycat / encore, substitute
liepard_ru_1;liepard;ru;Offensive Support;46;black_glasses;prankster;jolly;252 Atq / 4 Def / 252 Vel;;encore / knock_off / u_turn / sucker_punch, pursuit
lileep_lc_1;lileep;lc;Tank;81;eviolite;storm_drain;calm, bold;228 PS / 140 Def / 140 DefE;;stealth_rock / giga_drain / recover / ancient_power, toxic
lilligant_nu_1;lilligant;nu;Quiver Dance;60;life_orb;;timid;4 Def / 252 AtqE / 252 Vel;;quiver_dance / giga_drain / hidden_power / sleep_powder
lilligant_nu_2;lilligant;nu;Choice Scarf;28;choice_scarf;;timid;4 PS / 252 AtqE / 252 Vel;;leaf_storm / hidden_power, giga_drain / sleep_powder / healing_wish
lillipup_lc_1;lillipup;lc;Thunder Wave Support;50;berry_juice;;adamant;156 PS / 196 Atq / 156 DefE;;thunder_wave / return / play_rough / fire_fang, crunch, wild_charge
linoone_nu_1;linoone;nu;Belly Drum;78;sitrus_berry;;adamant;164 PS / 252 Atq / 48 Def / 44 DefE;;belly_drum / extreme_speed / seed_bomb / shadow_claw, substitute
litleo_lc_1;litleo;lc;Special Attacker;38;life_orb;unnerve;timid;20 PS / 52 Def / 176 AtqE / 4 DefE / 180 Vel;;fire_blast, flamethrower / hyper_voice / hidden_power / will_o_wisp
litwick_lc_1;litwick;lc;Trick Room Sweeper;59;life_orb;flash_fire, infiltrator;quiet;116 PS / 76 Def / 236 AtqE / 76 DefE;;fire_blast / shadow_ball / trick_room / energy_ball, hidden_power, memento
lopunny_ou_1;lopunny;ou;All-Out Attacker;74;lopunnite;limber;jolly, adamant;252 Atq / 4 Def / 252 Vel;;high_jump_kick / return / fake_out / encore, ice_punch, quick_attack
lopunny_pu_1;lopunny;pu;Offensive Utility;22;flame_orb;klutz;jolly;252 Atq / 4 Def / 252 Vel;;switcheroo / healing_wish / return / high_jump_kick
lopunny_ubers_1;lopunny;ubers;Offensive;56;lopunnite;limber;jolly;4 PS / 252 Atq / 252 Vel;;low_kick, high_jump_kick / return / fake_out / healing_wish
lotad_lc_1;lotad;lc;Life Orb;58;life_orb;;modest, timid;116 Def / 196 AtqE / 196 Vel;19 PS;surf / rain_dance / giga_drain, energy_ball / ice_beam
lucario_ubers_1;lucario;ubers;Mega Swords Dance;77;lucarionite;justified;jolly;252 Atq / 4 Def / 252 Vel;;swords_dance / close_combat / bullet_punch / iron_tail
lucario_uu_1;lucario;uu;Swords Dance;64;life_orb;justified;adamant, jolly;252 Atq / 4 DefE / 252 Vel;;swords_dance / close_combat / extreme_speed, bullet_punch / ice_punch, bullet_punch, earthquake, crunch
lucario_uu_2;lucario;uu;Nasty Plot;34;life_orb;;timid, modest;252 AtqE / 4 DefE / 252 Vel;;nasty_plot / focus_blast, aura_sphere / flash_cannon / vacuum_wave, dark_pulse
ludicolo_nu_1;ludicolo;nu;Rain Dance;51;life_orb;;modest;252 AtqE / 4 DefE / 252 Vel;;hydro_pump / giga_drain / ice_beam / rain_dance
ludicolo_ru_1;ludicolo;ru;Swift Swim Sweeper;60;life_orb;;modest;252 AtqE / 4 DefE / 252 Vel;;hydro_pump / giga_drain / ice_beam / rain_dance
ludicolo_uu_1;ludicolo;uu;Rain Dance Sweeper;52;life_orb;;modest, timid;4 PS / 252 AtqE / 252 Vel;;hydro_pump, surf / giga_drain / ice_beam / rain_dance
ludicolo_uu_2;ludicolo;uu;Swords Dance;22;life_orb;;adamant, jolly;4 PS / 252 Atq / 252 Vel;;swords_dance / waterfall / seed_bomb, bullet_seed / ice_punch, rain_dance, zen_headbutt
lugia_ubers_1;lugia;ubers;Physically Defensive;86;leftovers;multiscale;bold;252 PS / 120 Def / 136 Vel;;roost / whirlwind / toxic / ice_beam, reflect
lumineon_pu_1;lumineon;pu;Defog;95;leftovers;storm_drain;bold;252 PS / 248 Def / 8 Vel;;defog / scald / u_turn / toxic
lunatone_pu_1;lunatone;pu;Rock Polish;49;life_orb;;modest;4 Def / 252 AtqE / 252 Vel;;rock_polish / psychic / ancient_power / earth_power, shadow_ball
luvdisc_pu_1;luvdisc;pu;#LuvdiscWins;14;destiny_knot;hydration;bold, bashful;248 PS / 8 Def / 252 Vel;;attract / charm / rain_dance / sweet_kiss
luxray_pu_1;luxray;pu;Choice Band;47;choice_band;intimidate;adamant, jolly;252 Atq / 4 Def / 252 Vel;;wild_charge / ice_fang / superpower / volt_switch
machamp_uu_1;machamp;uu;Assault Vest;78;assault_vest;no_guard;adamant;172 PS / 252 Atq / 84 Vel;;dynamic_punch / knock_off / heavy_slam, bullet_punch / stone_edge, bullet_punch
machamp_uu_2;machamp;uu;Choice Band;49;choice_band;no_guard;adamant;252 Atq / 4 Def / 252 Vel;;dynamic_punch / knock_off / heavy_slam / stone_edge, bullet_punch
machoke_nu_1;machoke;nu;Bulky Attacker;61;eviolite;no_guard;careful;252 PS / 212 DefE / 44 Vel;;dynamic_punch / knock_off / rest / sleep_talk
machop_lc_1;machop;lc;Choice Scarf;80;choice_scarf;no_guard;jolly;36 PS / 196 Atq / 36 Def / 236 Vel;;dynamic_punch / knock_off / rock_slide / poison_jab
magby_lc_1;magby;lc;Belly Drum;71;berry_juice;vital_spirit, flame_body;jolly;236 Atq / 252 Vel;29 PS;belly_drum / fire_punch / mach_punch / return
magby_lc_2;magby;lc;Life Orb;33;life_orb;vital_spirit, flame_body;jolly;236 Atq / 252 Vel;;flare_blitz / cross_chop / mach_punch / return, thunder_punch
magcargo_pu_1;magcargo;pu;Support;57;leftovers;flame_body;calm;248 PS / 8 Def / 252 DefE;;stealth_rock / lava_plume / toxic, ancient_power / recover
magmortar_nu_1;magmortar;nu;Assault Vest Tank;70;assault_vest;vital_spirit;modest;64 PS / 252 AtqE / 192 Vel;;fire_blast / thunderbolt / hidden_power, focus_blast / flame_charge, earthquake
magmortar_nu_2;magmortar;nu;Wallbreaker;52;life_orb, expert_belt;vital_spirit;rash, mild;252 AtqE / 4 DefE / 252 Vel;;fire_blast / thunderbolt / hidden_power, focus_blast / earthquake
magnemite_lc_1;magnemite;lc;Sturdy + Berry Juice;69;berry_juice;sturdy;modest, timid;36 Def / 236 AtqE / 236 Vel;;volt_switch / flash_cannon / recycle / endure, hidden_power, thunderbolt
magnemite_lc_2;magnemite;lc;Choice Scarf;57;choice_scarf;analytic, sturdy;timid, modest;240 AtqE / 236 Vel;;volt_switch / flash_cannon / thunderbolt / hidden_power
magnemite_lc_3;magnemite;lc;Magnet Pull;39;eviolite;;modest;76 PS / 200 Def / 160 AtqE;;volt_switch / hidden_power / flash_cannon / thunderbolt
magneton_ou_1;magneton;ou;Choice Scarf;47;choice_scarf;;timid;4 Def / 252 AtqE / 252 Vel;;volt_switch / thunderbolt / flash_cannon / hidden_power
magneton_ru_1;magneton;ru;Choice Specs;71;choice_specs;analytic, sturdy;timid, modest;4 Def / 252 AtqE / 252 Vel;;volt_switch / thunderbolt / flash_cannon / hidden_power
magneton_uu_1;magneton;uu;Choice Specs;63;choice_specs;;timid, modest;252 AtqE / 4 DefE / 252 Vel;;thunderbolt / flash_cannon / volt_switch / hidden_power
magnezone_ou_1;magnezone;ou;Choice Scarf;76;choice_scarf;;timid;4 Def / 252 AtqE / 252 Vel;;volt_switch / hidden_power / flash_cannon / thunderbolt, thunder_wave
malamar_nu_1;malamar;nu;RestTalk;71;leftovers;;careful;252 PS / 4 Def / 252 DefE;;knock_off / superpower / rest / sleep_talk
malamar_ru_1;malamar;ru;Contrary Attacker;75;leftovers;;jolly;248 PS / 124 DefE / 136 Vel;;superpower / knock_off / rest / sleep_talk
mamoswine_ou_1;mamoswine;ou;Wallbreaker;58;life_orb;thick_fat;adamant, jolly;252 Atq / 4 DefE / 252 Vel;;ice_shard / earthquake / icicle_crash / superpower, freeze_dry
mamoswine_uu_1;mamoswine;uu;Life Orb Attacker;62;life_orb;thick_fat;jolly, adamant;252 Atq / 4 Def / 252 Vel;;ice_shard / earthquake / icicle_crash / knock_off, superpower, stealth_rock
mamoswine_uu_2;mamoswine;uu;Sash Lead;52;focus_sash;;adamant, jolly;252 Atq / 4 Def / 252 Vel;;stealth_rock / ice_shard / earthquake / endeavor, knock_off, icicle_crash
manaphy_ou_1;manaphy;ou;Tail Glow + 3 Attacks;58;leftovers;;modest, timid;4 Def / 252 AtqE / 252 Vel;;tail_glow / surf / ice_beam / energy_ball
manaphy_ou_2;manaphy;ou;Tail Glow + Rain Dance;54;leftovers;;modest;240 PS / 160 AtqE / 108 Vel;;tail_glow / rain_dance / surf / ice_beam, psychic
mandibuzz_uu_1;mandibuzz;uu;Specially Defensive;72;leftovers;overcoat;careful;248 PS / 8 Def / 252 DefE;;foul_play / roost / defog / u_turn, knock_off
manectric_nu_1;manectric;nu;Special Attacker;56;life_orb;lightning_rod;timid;4 Def / 252 AtqE / 252 Vel;;thunderbolt / volt_switch / overheat, flamethrower / hidden_power
manectric_ou_1;manectric;ou;Special Attacker;78;manectite;lightning_rod;timid;4 Def / 252 AtqE / 252 Vel;;volt_switch / thunderbolt / flamethrower, overheat / hidden_power
manectric_ru_1;manectric;ru;Special Attacker;63;life_orb, expert_belt;lightning_rod;timid;4 Def / 252 AtqE / 252 Vel;;volt_switch / thunderbolt / flamethrower, overheat / hidden_power
mankey_lc_1;mankey;lc;Choice Scarf;70;choice_scarf;defiant;jolly, adamant;36 PS / 196 Atq / 76 Def / 196 Vel;;close_combat / u_turn / earthquake / gunk_shot, ice_punch
mantine_nu_1;mantine;nu;SubToxic;69;leftovers;water_absorb;modest;8 PS / 248 AtqE / 252 Vel;;substitute / toxic / scald / air_slash
mantine_nu_2;mantine;nu;Mixed Defensive Defog;77;leftovers;water_absorb;calm;252 PS / 240 Def / 16 DefE;;defog / scald / air_slash / toxic, protect
mantine_nu_3;mantine;nu;Choice Specs;35;choice_specs;water_absorb;modest, timid;252 AtqE / 4 DefE / 252 Vel;;hydro_pump / scald / air_slash / signal_beam
mantyke_lc_1;mantyke;lc;Rain Dance;42;life_orb, eviolite;;modest;76 PS / 36 Def / 200 AtqE / 196 Vel;;rain_dance / hydro_pump / air_slash / hidden_power
mantyke_lc_2;mantyke;lc;RestTalk;57;eviolite;water_absorb;calm;156 PS / 196 Def / 116 DefE / 36 Vel;;rest / sleep_talk / scald / air_slash
maractus_pu_1;maractus;pu;Spikes Lead;15;focus_sash;;jolly;252 Atq / 4 Def / 252 Vel;;spikes / bullet_seed / endeavor / sucker_punch
mareep_lc_1;mareep;lc;Dual Screens;38;eviolite, berry_juice;;bold;236 PS / 196 Def / 76 DefE;;light_screen / reflect / thunder_wave, heal_bell, toxic / thunderbolt, discharge
marowak_nu_1;marowak;nu;Bone Crusher (Wallbreaker);58;thick_club;;adamant;252 Atq / 4 Def / 252 Vel;;bonemerang / double_edge, stone_edge / swords_dance, substitute, stone_edge / knock_off
marowak_pu_1;marowak;pu;Offensive;73;thick_club;rock_head, battle_armor;adamant;252 Atq / 4 Def / 252 Vel;;bonemerang / knock_off / double_edge, stone_edge / substitute, stealth_rock
masquerain_pu_1;masquerain;pu;Quiver Dance;45;focus_sash;;timid;4 PS / 252 AtqE / 252 Vel;;quiver_dance / bug_buzz / air_slash / ice_beam, hydro_pump
mawile_nu_1;mawile;nu;Mixed Wallbreaker;60;life_orb;sheer_force;naughty;252 Atq / 4 AtqE / 252 Vel;;play_rough / iron_head / fire_blast / sucker_punch
mawile_nu_2;mawile;nu;Defensive;18;leftovers, rocky_helmet;intimidate;impish;252 PS / 4 Atq / 252 Def;;stealth_rock / play_rough / super_fang / pain_split, knock_off
mawile_pu_1;mawile;pu;Swords Dance;52;life_orb;sheer_force;adamant;252 Atq / 4 Def / 252 Vel;;play_rough / iron_head / sucker_punch / swords_dance
mawile_pu_2;mawile;pu;All-out Attacker;51;life_orb;sheer_force;naughty;252 Atq / 4 Def / 252 Vel;;play_rough / iron_head / sucker_punch / fire_blast
mawile_pu_3;mawile;pu;Physically Defensive;42;leftovers;intimidate;impish;252 PS / 252 Def / 4 DefE;;play_rough / stealth_rock / knock_off / toxic
mawile_ubers_1;mawile;ubers;Special Tank;59;mawilite;intimidate;adamant;248 PS / 16 Atq / 244 DefE;;iron_head / play_rough / sucker_punch / baton_pass
medicham_ou_1;medicham;ou;All-Out Attacker;74;medichamite;;adamant, jolly;252 Atq / 4 Def / 252 Vel;;high_jump_kick / ice_punch / fake_out / thunder_punch, zen_headbutt, bullet_punch
medicham_ru_1;medicham;ru;Choice Scarf;53;choice_scarf;;jolly;252 Atq / 4 Def / 252 Vel;;high_jump_kick / zen_headbutt / thunder_punch / trick
medicham_ru_2;medicham;ru;Life Orb;47;life_orb;;jolly;252 Atq / 4 Def / 252 Vel;;high_jump_kick / zen_headbutt / bullet_punch / thunder_punch
meganium_pu_1;meganium;pu;Specially Defensive Support;50;leftovers;;calm;252 PS / 4 Def / 252 DefE;;aromatherapy / synthesis / giga_drain / dragon_tail, toxic
meloetta_ru_1;meloetta;ru;Substitute + Calm Mind;27;leftovers;;timid;252 PS / 208 Def / 48 Vel;;substitute / calm_mind / psyshock / focus_blast
meloetta_ru_2;meloetta;ru;Choice Specs;29;choice_specs;;timid;4 Def / 252 AtqE / 252 Vel;;hyper_voice / psychic / focus_blast / u_turn, dazzling_gleam
meloetta_ru_3;meloetta;ru;Offensive Calm Mind;23;colbur_berry;;timid;4 Def / 252 AtqE / 252 Vel;;calm_mind / psychic / focus_blast / shadow_ball, dazzling_gleam
meloetta_uu_1;meloetta;uu;Substitute + Calm Mind;19;leftovers;;timid;4 Def / 252 AtqE / 252 Vel;;substitute / calm_mind / psyshock / hyper_voice, focus_blast
meloetta_uu_2;meloetta;uu;Choice Specs;9;choice_specs;;timid;4 Def / 252 AtqE / 252 Vel;;hyper_voice / psyshock, psychic / focus_blast / trick, shadow_ball
meloetta_uu_3;meloetta;uu;Choice Scarf;12;choice_scarf;;timid;4 Def / 252 AtqE / 252 Vel;;u_turn / hyper_voice / psychic, psyshock / trick, focus_blast
meloetta_uu_4;meloetta;uu;Cleric Support;31;leftovers;;calm, careful;252 PS / 4 Def / 252 DefE;;perish_song / hyper_voice, u_turn / heal_bell, u_turn, knock_off / thunder_wave, toxic
meloetta_uu_5;meloetta;uu;En Pointe;25;life_orb;;naive;252 Atq / 40 AtqE / 216 Vel;;relic_song / close_combat / return / knock_off
meowstic_pu_1;meowstic;pu;Dual Screens;43;light_clay;prankster;bold;252 PS / 252 Def / 4 DefE;;reflect / light_screen / yawn, thunder_wave / thunder_wave, psychic
meowstic_ru_1;meowstic;ru;Dual Screens;72;light_clay;prankster;timid;248 PS / 236 Def / 24 Vel;;reflect / light_screen / thunder_wave / psyshock
meowth_lc_1;meowth;lc;Mixed Attacker;74;life_orb;technician;hasty;236 Atq / 36 AtqE / 36 DefE / 196 Vel;19 PS;fake_out / feint, return / water_pulse / aerial_ace, knock_off, u_turn
meowth_lc_2;meowth;lc;Nasty Plot;44;life_orb;technician;modest, timid;76 Def / 200 AtqE / 200 Vel;19 PS;nasty_plot / round / water_pulse / hidden_power, thunderbolt
mesprit_nu_1;mesprit;nu;Choice Specs;33;choice_specs;;modest;252 AtqE / 4 DefE / 252 Vel;;psychic / ice_beam / signal_beam / healing_wish
mesprit_nu_2;mesprit;nu;Offensive + 3 Attacks;29;life_orb, colbur_berry;;modest, timid;252 AtqE / 4 DefE / 252 Vel;;psychic, psyshock / signal_beam, ice_beam / hidden_power, energy_ball / healing_wish, calm_mind
mesprit_nu_3;mesprit;nu;Physically Defensive;38;leftovers, colbur_berry;;bold;252 PS / 240 Def / 16 Vel;;stealth_rock / psychic / u_turn / thunder_wave, healing_wish
mesprit_nu_4;mesprit;nu;Substitute + Calm Mind;17;leftovers;;timid;208 PS / 48 AtqE / 252 Vel;;substitute / calm_mind / psyshock / ice_beam
mesprit_nu_5;mesprit;nu;Offensive Stealth Rock;39;life_orb, leftovers;;modest, timid;252 AtqE / 4 DefE / 252 Vel;;stealth_rock / psychic / hidden_power, ice_beam / healing_wish, signal_beam, u_turn
mesprit_nu_6;mesprit;nu;Choice Scarf;33;choice_scarf;;modest, timid;252 AtqE / 4 DefE / 252 Vel;;psychic / ice_beam, signal_beam / u_turn / healing_wish
mesprit_nu_7;mesprit;nu;Weather Support;29;damp_rock, heat_rock;;bold;252 PS / 240 Def / 16 Vel;;rain_dance, sunny_day / stealth_rock / u_turn / psychic
mesprit_ru_1;mesprit;ru;Offensive Stealth Rock;45;colbur_berry;;timid;4 Def / 252 AtqE / 252 Vel;;stealth_rock / healing_wish / psyshock / dazzling_gleam
metagross_ou_1;metagross;ou;Offensive;29;metagrossite;;jolly;252 Atq / 4 DefE / 252 Vel;;zen_headbutt / meteor_mash, bullet_punch / hammer_arm, power_up_punch / ice_punch, thunder_punch
metagross_ou_2;metagross;ou;Utility;43;metagrossite;;jolly;252 Atq / 4 DefE / 252 Vel;;stealth_rock, pursuit / earthquake / ice_punch, pursuit / meteor_mash, zen_headbutt
metagross_uu_1;metagross;uu;Offensive Stealth Rock;37;life_orb, shuca_berry;;adamant;252 Atq / 4 Def / 252 Vel;;stealth_rock / meteor_mash / earthquake / explosion, zen_headbutt
metagross_uu_2;metagross;uu;Choice Band;37;choice_band;;adamant;252 Atq / 4 DefE / 252 Vel;;meteor_mash / earthquake / zen_headbutt / explosion, trick
metang_pu_1;metang;pu;Offensive Stealth Rock;69;eviolite;;adamant;252 PS / 252 Atq / 4 Def;;stealth_rock / meteor_mash / earthquake, bullet_punch / bullet_punch, pursuit
mewtwo_ubers_1;mewtwo;ubers;Special Attacker;53;mewtwonite_y, life_orb;;timid;4 Def / 252 AtqE / 252 Vel;;psystrike / fire_blast / ice_beam, shadow_ball, electro_ball / calm_mind, taunt, focus_blast
mewtwo_ubers_2;mewtwo;ubers;Physical Attacker;7;mewtwonite_x;;jolly;112 Atq / 144 Def / 252 Vel;;low_kick / taunt / earthquake / ice_punch, stone_edge
mew_ou_1;mew;ou;Lead;38;mental_herb, colbur_berry;;jolly;252 PS / 4 Atq / 252 Vel;;stealth_rock / taunt / thunder_wave, will_o_wisp / explosion
mew_ou_2;mew;ou;Stallbreaker;29;leftovers;;careful, calm;252 PS / 224 DefE / 32 Vel;;taunt / soft_boiled / will_o_wisp / knock_off, psychic
mienfoo_lc_1;mienfoo;lc;Fast Pivot;69;eviolite;regenerator;jolly;196 Def / 36 DefE / 236 Vel;;high_jump_kick / knock_off / u_turn / fake_out, taunt
mienfoo_lc_2;mienfoo;lc;Bulky Pivot;69;eviolite;regenerator;impish;156 PS / 196 Def / 116 DefE;;high_jump_kick / knock_off / u_turn / fake_out, acrobatics
mienfoo_lc_3;mienfoo;lc;Choice Scarf;50;choice_scarf;reckless;jolly, adamant;236 Atq / 36 Def / 236 Vel;;high_jump_kick / knock_off / u_turn / drain_punch, stone_edge
mienshao_uu_1;mienshao;uu;Choice Scarf;69;choice_scarf;reckless;jolly;252 Atq / 4 DefE / 252 Vel;;high_jump_kick / u_turn / knock_off / stone_edge
mienshao_uu_2;mienshao;uu;Life Orb;67;life_orb;regenerator, reckless;jolly;252 Atq / 4 DefE / 252 Vel;;high_jump_kick / knock_off / u_turn / poison_jab, stone_edge, fake_out, hidden_power
mightyena_pu_1;mightyena;pu;Life Orb Cleaner;76;life_orb;moxie;adamant;252 Atq / 4 DefE / 252 Vel;;crunch / sucker_punch / play_rough / iron_tail
milotic_uu_1;milotic;uu;Defensive;54;leftovers;;bold;252 PS / 252 Def / 4 DefE;;scald / ice_beam / haze / recover
miltank_nu_1;miltank;nu;Physically Defensive;70;leftovers, rocky_helmet;sap_sipper, thick_fat;impish;252 PS / 240 Def / 16 Vel;;body_slam / milk_drink / toxic, thunder_wave / stealth_rock, heal_bell
mime_jr_lc_1;mime_jr;lc;Choice Scarf;34;choice_scarf;technician;timid;80 Def / 200 AtqE / 200 Vel;;psychic / hidden_power / healing_wish / trick
minccino_lc_1;minccino;lc;Life Orb;62;life_orb;skill_link;jolly;196 Atq / 36 Def / 36 DefE / 236 Vel;;tail_slap / knock_off / u_turn / wake_up_slap, seed_bomb
minccino_lc_2;minccino;lc;Choice Scarf;64;choice_scarf;skill_link;jolly, adamant;196 Atq / 36 Def / 36 DefE / 236 Vel;;tail_slap / knock_off / u_turn / wake_up_slap
minun_pu_1;minun;pu;Cheerleader;44;leftovers;volt_absorb;timid;248 PS / 8 Def / 252 Vel;;encore / substitute / toxic / protect, thunderbolt
misdreavus_nu_1;misdreavus;nu;Defensive;60;eviolite;;bold;252 PS / 200 Def / 56 Vel;;will_o_wisp / hex / pain_split / taunt
misdreavus_pu_1;misdreavus;pu;Defensive;53;eviolite;;timid;252 PS / 240 Def / 16 Vel;;will_o_wisp / taunt / foul_play, shadow_ball / pain_split, memento
misdreavus_pu_2;misdreavus;pu;Nasty Plot;48;eviolite;;modest;252 AtqE / 4 DefE / 252 Vel;;nasty_plot / shadow_ball / hidden_power, dazzling_gleam, thunderbolt / taunt, will_o_wisp
mismagius_nu_1;mismagius;nu;Bulky Support;39;colbur_berry, leftovers;;timid;252 PS / 4 Def / 252 Vel;;will_o_wisp / taunt / hex / pain_split, thunder_wave
moltres_uu_1;moltres;uu;Life Orb Attacker;34;life_orb;;timid, modest;4 Def / 252 AtqE / 252 Vel;;fire_blast / hurricane / hidden_power, will_o_wisp / roost
monferno_pu_1;monferno;pu;All-Out Attacker;68;eviolite, life_orb;iron_fist;adamant, jolly;252 Atq / 4 Def / 252 Vel;;flare_blitz / close_combat / mach_punch / u_turn
monferno_pu_2;monferno;pu;Swords Dance;65;life_orb, eviolite;iron_fist;adamant, jolly;252 Atq / 4 Def / 252 Vel;;swords_dance / close_combat / flare_blitz / mach_punch
monferno_pu_3;monferno;pu;Choice Scarf;43;choice_scarf;;jolly;252 Atq / 4 Def / 252 Vel;;close_combat / flare_blitz / u_turn / mach_punch, rock_slide
monferno_pu_4;monferno;pu;Nasty Plot;16;life_orb, eviolite;;modest, timid;252 AtqE / 4 DefE / 252 Vel;;nasty_plot / fire_blast / focus_blast / hidden_power
mothim_pu_1;mothim;pu;Choice Specs;46;choice_specs;tinted_lens;rash;4 Atq / 252 AtqE / 252 Vel;;bug_buzz / air_slash / hidden_power / u_turn
mr_mime_nu_1;mr_mime;nu;Special Attacker;40;life_orb, choice_specs;soundproof, filter;timid;4 Def / 252 AtqE / 252 Vel;;psychic / dazzling_gleam / focus_blast / healing_wish
mr_mime_pu_1;mr_mime;pu;Choice Scarf;67;choice_scarf;soundproof, filter;timid;4 Def / 252 AtqE / 252 Vel;;psychic, psyshock / dazzling_gleam / focus_blast / healing_wish
mr_mime_pu_2;mr_mime;pu;Nasty Plot;46;life_orb, twisted_spoon;soundproof, filter;timid;4 Def / 252 AtqE / 252 Vel;;nasty_plot / dazzling_gleam / psyshock / focus_blast
mr_mime_pu_3;mr_mime;pu;Choice Specs;50;choice_specs;soundproof, filter;timid, modest;4 Def / 252 AtqE / 252 Vel;;psyshock / dazzling_gleam / focus_blast / healing_wish
muk_nu_1;muk;nu;Choice Band;44;choice_band;poison_touch, sticky_hold;adamant;220 PS / 252 Atq / 36 Vel;;gunk_shot / shadow_sneak / focus_punch, fire_punch / ice_punch, explosion
muk_pu_1;muk;pu;CroMuk;53;black_sludge;sticky_hold;careful;248 PS / 8 Def / 240 DefE / 12 Vel;;curse / poison_jab / rest / sleep_talk
muk_pu_2;muk;pu;Choice Band;31;choice_band;poison_touch, sticky_hold;adamant;252 PS / 252 Atq / 4 DefE;;gunk_shot / shadow_sneak / fire_punch / ice_punch
muk_pu_3;muk;pu;Assault Vest;36;assault_vest;poison_touch, sticky_hold;adamant;252 PS / 252 Atq / 4 DefE;;gunk_shot / shadow_sneak / fire_punch / ice_punch
munchlax_lc_1;munchlax;lc;Physically Offensive Tank;52;berry_juice;thick_fat;adamant, impish;236 Atq / 36 Def / 236 DefE;;body_slam, return / fire_punch / curse, earthquake, toxic / recycle
munchlax_lc_2;munchlax;lc;RestTalk;60;eviolite;thick_fat;impish;236 Atq / 36 Def / 236 DefE;;body_slam, return / fire_punch, curse, whirlwind / rest / sleep_talk
munchlax_pu_1;munchlax;pu;CurseLax;85;eviolite;thick_fat;careful;248 PS / 8 Atq / 252 DefE;;curse / body_slam / rest / sleep_talk
munna_lc_1;munna;lc;Trick Room;38;eviolite;synchronize;sassy;68 PS / 236 Def / 60 AtqE / 76 DefE;;trick_room / psychic / dazzling_gleam / healing_wish
murkrow_pu_1;murkrow;pu;Life Orb;47;life_orb;super_luck, prankster;naive;252 Atq / 4 AtqE / 252 Vel;;brave_bird / sucker_punch / heat_wave, hidden_power / pursuit, thunder_wave
musharna_nu_1;musharna;nu;Calm Mind;66;leftovers;synchronize;bold;240 PS / 252 Def / 16 Vel;;calm_mind / psyshock, psychic / moonlight / signal_beam
musharna_nu_2;musharna;nu;Stored Power;56;leftovers;synchronize;bold;240 PS / 252 Def / 16 Vel;;calm_mind / barrier / moonlight / stored_power
natu_lc_1;natu;lc;Defensive;75;eviolite;magic_bounce;bold;196 PS / 156 Def / 36 AtqE / 76 DefE / 36 Vel;;psychic / roost / heat_wave / u_turn, thunder_wave
natu_lc_2;natu;lc;Life Orb;53;life_orb;magic_bounce;naive;116 Atq / 196 AtqE / 196 Vel;19 PS;psychic / heat_wave, dazzling_gleam / sucker_punch, giga_drain, roost / u_turn
natu_lc_3;natu;lc;Dual Screens;36;light_clay;magic_bounce;jolly;116 PS / 36 Atq / 76 Def / 76 DefE / 196 Vel;;reflect / light_screen / u_turn / psychic, wish
natu_pu_1;natu;pu;"Entry Hazards; Natu-day";62;eviolite;magic_bounce;bold;248 PS / 252 Def / 8 DefE;;psychic / u_turn / thunder_wave / roost
nidoking_ou_1;nidoking;ou;Wallbreaker;89;life_orb;sheer_force;timid;252 AtqE / 4 DefE / 252 Vel;;earth_power / sludge_wave / ice_beam / flamethrower
nidoking_uu_1;nidoking;uu;Wallbreaker;80;life_orb;sheer_force;naive, timid, modest;4 Def / 252 AtqE / 252 Vel;;sludge_wave / earth_power / ice_beam / superpower, stealth_rock
nidoqueen_uu_1;nidoqueen;uu;Offensive Entry Hazard Setter;75;life_orb;sheer_force;modest;180 PS / 252 AtqE / 76 Vel;;earth_power / ice_beam / stealth_rock / sludge_wave, toxic_spikes, thunderbolt
nidoqueen_uu_2;nidoqueen;uu;Defensive Entry Hazard Setter;62;black_sludge;sheer_force;bold;248 PS / 240 Def / 20 AtqE;;stealth_rock, toxic_spikes / roar / ice_beam, flamethrower / earth_power, flamethrower
nidoran_m_lc_1;nidoran_m;lc;Hone Claws;94;eviolite;hustle;adamant, jolly;220 Atq / 36 Def / 36 DefE / 196 Vel;;poison_jab / drill_run / sucker_punch / hone_claws
ninetales_nu_1;ninetales;nu;Nasty Plot;32;life_orb;;timid;252 AtqE / 4 DefE / 252 Vel;;nasty_plot / fire_blast / psyshock / energy_ball, hidden_power
ninetales_pu_1;ninetales;pu;Nasty Plot;57;leftovers, life_orb, passho_berry;;timid;252 AtqE / 4 DefE / 252 Vel;;nasty_plot / fire_blast, flamethrower / energy_ball / substitute, dark_pulse
ninjask_nu_1;ninjask;nu;Revenge Killer + Pivot;46;choice_band;infiltrator;jolly;252 Atq / 4 Def / 252 Vel;;u_turn / final_gambit / aerial_ace / x_scissor
ninjask_pu_1;ninjask;pu;Offensive;73;choice_band, insect_plate;infiltrator, speed_boost;jolly;252 Atq / 4 Def / 252 Vel;;u_turn / aerial_ace / x_scissor / night_slash, swords_dance
noctowl_pu_1;noctowl;pu;Defensive Defog;55;leftovers;;calm;248 PS / 8 Def / 252 DefE;;roost / defog / toxic / night_shade
noibat_lc_1;noibat;lc;Tailwind + 3 Attacks;52;life_orb;infiltrator;timid;236 AtqE / 36 DefE / 236 Vel;9 PS;draco_meteor / hurricane / heat_wave / tailwind
noivern_uu_1;noivern;uu;Choice Specs;59;choice_specs;infiltrator;timid;252 AtqE / 4 DefE / 252 Vel;;draco_meteor / hurricane / flamethrower, air_slash / switcheroo, u_turn
noivern_uu_2;noivern;uu;Taunt + Roost;36;leftovers, life_orb;infiltrator;timid;252 AtqE / 4 DefE / 252 Vel;;draco_meteor / flamethrower, air_slash / taunt / roost
nosepass_lc_1;nosepass;lc;Utility;54;berry_juice;;bold, relaxed;236 Def / 76 AtqE / 196 DefE;;stealth_rock / thunder_wave / volt_switch / power_gem, rock_blast
numel_lc_1;numel;lc;Defensive;56;eviolite;oblivious, simple;calm;36 PS / 36 Def / 236 AtqE / 156 DefE;;earth_power / lava_plume, fire_blast / stealth_rock / ancient_power, will_o_wisp
numel_lc_2;numel;lc;Simple Sweeper;41;life_orb;simple;modest;36 PS / 236 AtqE / 236 Vel;;earth_power / fire_blast / flame_charge / growth
octillery_pu_1;octillery;pu;Bulky Special Attacker;59;choice_specs, life_orb;sniper;modest;212 PS / 252 AtqE / 44 Vel;;hydro_pump / fire_blast / energy_ball / ice_beam
oddish_lc_1;oddish;lc;Chlorophyll Sweeper;52;life_orb;;timid, modest;240 AtqE / 200 Vel;;solar_beam, giga_drain / sludge_bomb / hidden_power / sleep_powder
oddish_lc_2;oddish;lc;Eviolite;42;eviolite;;modest;76 Def / 160 AtqE / 200 Vel;;solar_beam, giga_drain / sludge_bomb / hidden_power / sleep_powder
omanyte_lc_1;omanyte;lc;Shell Smash;57;eviolite;shell_armor;modest;76 PS / 196 AtqE / 236 Vel;;shell_smash / surf / ice_beam / earth_power, hidden_power, substitute
omanyte_lc_2;omanyte;lc;Entry Hazard Setter;40;eviolite;weak_armor;timid;76 PS / 196 AtqE / 236 Vel;;stealth_rock, toxic_spikes / spikes, toxic_spikes / hydro_pump, scald / knock_off
omastar_nu_1;omastar;nu;Defensive Entry Hazards;14;leftovers;shell_armor;bold;248 PS / 252 Def / 8 DefE;;stealth_rock / spikes, toxic_spikes / scald / protect, icy_wind
omastar_nu_2;omastar;nu;Shell Smash;38;shuca_berry, white_herb;;modest, timid;252 AtqE / 4 DefE / 252 Vel;;shell_smash / surf, hydro_pump / ice_beam / hidden_power
omastar_nu_3;omastar;nu;Offensive Entry Hazards;32;focus_sash;weak_armor;timid;252 AtqE / 4 DefE / 252 Vel;;stealth_rock / spikes / scald, hydro_pump / ice_beam
omastar_ou_1;omastar;ou;Choice Specs;0;choice_specs;;modest;4 Def / 252 AtqE / 252 Vel;;hydro_pump / ice_beam / scald / knock_off
omastar_ru_1;omastar;ru;Shell Smash;40;shuca_berry;weak_armor;timid;4 Def / 252 AtqE / 252 Vel;;shell_smash / hydro_pump / ice_beam / hidden_power
omastar_ru_2;omastar;ru;Lead;45;focus_sash;weak_armor;timid;4 Def / 252 AtqE / 252 Vel;;stealth_rock / spikes / scald / ice_beam
omastar_uu_1;omastar;uu;Shell Smash;33;focus_sash, life_orb;weak_armor;timid;252 AtqE / 4 DefE / 252 Vel;;shell_smash / hydro_pump / ice_beam / hidden_power
onix_lc_1;onix;lc;SturdyJuice;84;berry_juice;sturdy;jolly;76 PS / 236 Atq / 196 Vel;;stealth_rock / earthquake / rock_blast / endure, taunt, explosion
onix_lc_2;onix;lc;Weak Armor;51;eviolite;weak_armor;jolly;76 PS / 236 Atq / 196 Vel;;stealth_rock / earthquake / rock_blast / protect, taunt, explosion
oshawott_lc_1;oshawott;lc;Croagunk Lure;42;life_orb;;rash;252 AtqE / 236 Vel;;hydro_pump / ice_beam / air_slash / aqua_jet
pachirisu_pu_1;pachirisu;pu;Pachiraichu;73;leftovers;volt_absorb;impish;252 PS / 252 Def / 4 DefE;;u_turn / nuzzle / toxic / super_fang
palkia_ubers_1;palkia;ubers;All-Out Attacker;60;life_orb;;timid;4 Atq / 252 AtqE / 252 Vel;;spacial_rend / hydro_pump / thunder / focus_punch, fire_blast
pancham_lc_1;pancham;lc;Pivot;77;eviolite;mold_breaker;adamant;180 Atq / 100 Def / 212 DefE / 12 Vel;;parting_shot / drain_punch / knock_off / gunk_shot, zen_headbutt
pancham_lc_2;pancham;lc;Wallbreaker;70;eviolite;mold_breaker;adamant;180 Atq / 100 Def / 212 DefE / 12 Vel;;swords_dance / drain_punch / knock_off / gunk_shot, zen_headbutt
pangoro_uu_1;pangoro;uu;All-Out Attacker;47;choice_band, life_orb;;adamant;252 Atq / 4 Def / 252 Vel;;hammer_arm / knock_off / gunk_shot / parting_shot, drain_punch
pangoro_uu_2;pangoro;uu;Swords Dance;50;lum_berry;iron_fist, mold_breaker;adamant;108 PS / 252 Atq / 148 Vel;;swords_dance / drain_punch / knock_off / gunk_shot
panpour_lc_1;panpour;lc;Nasty Plot;0;berry_juice, eviolite;torrent;modest, timid;36 PS / 52 Def / 176 AtqE / 244 Vel;30 Atq / 30 AtqE;nasty_plot / hydro_pump / ice_beam / hidden_power, knock_off
pansage_lc_1;pansage;lc;Life Orb;42;life_orb;overgrow;jolly;252 Atq / 244 Vel;;bullet_seed / knock_off / low_sweep / rock_tomb, gunk_shot
pansear_lc_1;pansear;lc;Berry Juice Stall;27;berry_juice;blaze;jolly;212 Def / 212 DefE / 84 Vel;;recycle / will_o_wisp / flame_charge / substitute
pansear_lc_2;pansear;lc;Nasty Plot;37;eviolite, life_orb;blaze;timid;52 Def / 176 AtqE / 244 Vel;30 AtqE;nasty_plot / fire_blast / hidden_power / flame_charge, substitute
parasect_pu_1;parasect;pu;Spore;56;leftovers;dry_skin;impish;248 PS / 8 Atq / 252 Def;;spore / synthesis / seed_bomb / knock_off
paras_lc_1;paras;lc;Utility;43;eviolite;dry_skin;impish;76 PS / 36 Atq / 236 Def / 156 DefE;;spore / knock_off / bullet_seed, aromatherapy / synthesis
pawniard_lc_1;pawniard;lc;Standard;62;eviolite;;jolly;156 Atq / 36 Def / 116 DefE / 196 Vel;;knock_off / iron_head / sucker_punch / stealth_rock
pawniard_lc_2;pawniard;lc;Choice Scarf;50;choice_scarf;;jolly;236 Atq / 36 Def / 36 DefE / 196 Vel;;knock_off / iron_head / pursuit / brick_break, sucker_punch
pawniard_nu_1;pawniard;nu;Swords Dance;85;eviolite;;adamant;252 Atq / 4 DefE / 252 Vel;;swords_dance / knock_off / sucker_punch / iron_head
pawniard_pu_1;pawniard;pu;Physical Attacker;74;eviolite;;adamant;252 Atq / 4 Def / 252 Vel;;knock_off / sucker_punch / iron_head / swords_dance
pelipper_nu_1;pelipper;nu;Physically Defensive;75;leftovers;;bold;248 PS / 252 Def / 8 DefE;;defog / roost / scald / hurricane, u_turn
pelipper_pu_1;pelipper;pu;Physically Defensive;73;leftovers;;bold;248 PS / 252 Def / 8 DefE;;scald / defog / roost / u_turn
pelipper_ru_1;pelipper;ru;Defensive;67;leftovers;;bold;248 PS / 252 Def / 8 DefE;;roost / scald / defog / u_turn, hurricane
persian_pu_1;persian;pu;Nasty Plot;33;life_orb;technician;timid;4 Def / 252 AtqE / 252 Vel;;nasty_plot / hyper_voice / hidden_power / water_pulse, substitute
petilil_lc_1;petilil;lc;Sun Support;34;eviolite;;timid;120 Def / 120 AtqE / 36 DefE / 200 Vel;;giga_drain, solar_beam / sleep_powder / healing_wish / hidden_power, stun_spore
phanpy_lc_1;phanpy;lc;Utility;68;eviolite;;impish;116 PS / 116 Atq / 196 Def / 36 DefE / 36 Vel;;stealth_rock / knock_off / earthquake / roar, ice_shard
phantump_lc_1;phantump;lc;SubSeeder;70;oran_berry;harvest;careful;172 PS / 132 Def / 196 DefE;;substitute / leech_seed / will_o_wisp / horn_leech, shadow_claw
phantump_lc_2;phantump;lc;Attacker;50;eviolite, oran_berry;natural_cure, harvest;adamant;12 PS / 196 Atq / 132 Def / 116 DefE / 52 Vel;;horn_leech / shadow_claw / rock_slide / substitute
phione_pu_1;phione;pu;Rain Support;53;damp_rock;;relaxed;252 PS / 252 Def / 4 DefE;;rain_dance / rest / scald / u_turn
pidgeot_pu_1;pidgeot;pu;Offensive Defog;44;leftovers;;jolly;252 Atq / 4 Def / 252 Vel;;brave_bird / return / defog / roost, u_turn
piloswine_nu_1;piloswine;nu;Tank;92;eviolite;thick_fat;adamant;220 PS / 252 Atq / 36 Vel;;earthquake / stealth_rock / icicle_crash / ice_shard
piloswine_ru_1;piloswine;ru;Tank;88;eviolite;thick_fat;adamant;248 PS / 252 Atq / 8 Def;;stealth_rock / ice_shard / earthquake / icicle_crash, toxic
pineco_lc_1;pineco;lc;Entry Hazard Lead;69;berry_juice;;adamant;236 Atq / 36 Def / 236 Vel;;stealth_rock / spikes / rapid_spin / explosion, payback
pinsir_nu_1;pinsir;nu;Swords Dance;57;life_orb, lum_berry;mold_breaker, moxie;jolly, adamant;252 Atq / 4 Def / 252 Vel;;swords_dance / x_scissor / earthquake / stone_edge, quick_attack
pinsir_nu_2;pinsir;nu;Stealth Rock;42;focus_sash;mold_breaker;adamant;252 Atq / 4 Def / 252 Vel;;stealth_rock / x_scissor / rock_tomb / earthquake
pinsir_nu_3;pinsir;nu;Choice Band;49;choice_band;mold_breaker;adamant, jolly;252 Atq / 4 Def / 252 Vel;;x_scissor / earthquake / stone_edge / close_combat
pinsir_ou_1;pinsir;ou;Swords Dance;72;pinsirite;;jolly;252 Atq / 4 Def / 252 Vel;;swords_dance / return / close_combat / quick_attack
piplup_lc_1;piplup;lc;Stealth Rock + Defog;64;eviolite;;bold;92 PS / 252 Def / 148 DefE;;stealth_rock / defog / scald / ice_beam
plusle_pu_1;plusle;pu;"""Offensive""";33;life_orb, salac_berry;lightning_rod;timid;252 AtqE / 4 DefE / 252 Vel;;substitute / nasty_plot / thunderbolt / hidden_power
politoed_ou_1;politoed;ou;Support;92;damp_rock;drizzle;calm;248 PS / 164 DefE / 96 Vel;;scald / toxic, hypnosis / encore / rest
politoed_pu_1;politoed;pu;Tank;53;leftovers;;modest;248 PS / 8 Def / 252 AtqE;;scald / ice_beam / hidden_power / encore
poliwag_lc_1;poliwag;lc;Belly Drum;49;berry_juice;;jolly;116 PS / 196 Atq / 196 Vel;;belly_drum / waterfall / hypnosis, encore / return, thief
poliwrath_nu_1;poliwrath;nu;Special Attacker;41;leftovers;;modest;96 PS / 252 AtqE / 160 Vel;;scald / focus_blast / ice_beam / vacuum_wave
poliwrath_ru_1;poliwrath;ru;Defensive;44;leftovers;;relaxed;252 PS / 252 Def / 4 DefE;;circle_throw / scald / rest, protect / sleep_talk, toxic
poliwrath_uu_1;poliwrath;uu;RestTalk;34;leftovers, rocky_helmet;;relaxed;252 PS / 252 Def / 4 Vel;;rest / sleep_talk / scald / circle_throw
ponyta_lc_1;ponyta;lc;Defensive;83;eviolite;flame_body;jolly;76 Atq / 156 Def / 76 DefE / 196 Vel;;will_o_wisp / flare_blitz / flame_charge, wild_charge / morning_sun
poochyena_lc_1;poochyena;lc;Quick Feet;55;toxic_orb;quick_feet;jolly;236 Atq / 36 DefE / 236 Vel;;crunch / play_rough / facade / fire_fang, howl
porygon2_ou_1;porygon2;ou;Defensive;65;eviolite;;calm;252 PS / 200 Def / 56 DefE;;ice_beam / thunderbolt / recover / toxic, thunder_wave
porygon2_uu_1;porygon2;uu;Defensive;67;eviolite;;calm;252 PS / 120 Def / 136 DefE;;recover / tri_attack / ice_beam / thunder_wave, toxic
porygon2_uu_2;porygon2;uu;Offensive;72;eviolite;download;quiet;252 PS / 252 AtqE / 4 DefE;;trick_room / recover / thunderbolt, tri_attack / ice_beam
porygon_lc_1;porygon;lc;Defensive;66;eviolite;;calm;156 PS / 196 Def / 156 DefE;;tri_attack, ice_beam / psychic, ice_beam / thunder_wave / recover
porygon_lc_2;porygon;lc;Agility + 3 Attacks;38;berry_juice;download;modest;40 Def / 240 AtqE / 200 Vel;1 Atq / 30 Def / 30 AtqE / 30 DefE / 30 Vel;tri_attack / psychic / hidden_power, ice_beam / agility
porygon_lc_3;porygon;lc;Bulky Attacker;75;eviolite;download;modest;156 PS / 40 Def / 240 AtqE / 40 Vel;1 Atq / 30 Def / 30 AtqE / 30 DefE / 30 Vel;tri_attack / psychic / hidden_power, ice_beam / recover
porygon_lc_4;porygon;lc;Bulky Agility;66;eviolite;download;timid;36 Def / 236 AtqE / 196 Vel;;tri_attack / psychic / agility / recover
porygon_z_uu_1;porygon_z;uu;Double Dance;33;life_orb, lum_berry;;modest;80 PS / 252 AtqE / 176 Vel;;nasty_plot / agility / tri_attack / dark_pulse, thunderbolt
porygon_z_uu_2;porygon_z;uu;Choice Specs;44;choice_specs;;timid, modest;252 AtqE / 4 DefE / 252 Vel;;tri_attack / dark_pulse, shadow_ball / thunderbolt, ice_beam / trick
porygon_z_uu_3;porygon_z;uu;Choice Scarf;35;choice_scarf;;timid;252 AtqE / 4 DefE / 252 Vel;;tri_attack / dark_pulse, shadow_ball / ice_beam, thunderbolt / trick
primeape_nu_1;primeape;nu;Choice Band;67;choice_band;defiant;jolly;252 Atq / 4 Def / 252 Vel;;close_combat / u_turn / stone_edge / earthquake
primeape_nu_2;primeape;nu;Choice Scarf;82;choice_scarf;defiant, vital_spirit;jolly;252 Atq / 4 Def / 252 Vel;;close_combat / u_turn / earthquake / stone_edge
prinplup_nu_1;prinplup;nu;Support;82;eviolite;;bold;248 PS / 252 Def / 8 DefE;;defog / stealth_rock / scald / toxic
prinplup_pu_1;prinplup;pu;Utility;77;eviolite;;bold;252 PS / 252 Def / 4 DefE;;defog / stealth_rock / scald / toxic
probopass_nu_1;probopass;nu;Steel Trapper;76;air_balloon;magnet_pull;modest;172 PS / 252 AtqE / 84 Vel;;stealth_rock, flash_cannon / earth_power, hidden_power / magnet_rise / taunt
probopass_pu_1;probopass;pu;Offensive Pivot;72;leftovers, air_balloon;magnet_pull;modest;172 PS / 252 AtqE / 84 Vel;;volt_switch / flash_cannon / earth_power / stealth_rock, thunder_wave
probopass_pu_2;probopass;pu;Defensive Stealth Rock;56;leftovers;;calm;252 PS / 4 Def / 168 DefE / 84 Vel;;stealth_rock / volt_switch / thunder_wave, toxic / power_gem, flash_cannon
pumpkaboo_small_lc_1;pumpkaboo_small;lc;Mixed Attacker;65;life_orb;frisk;naughty, naive;228 Atq / 36 Def / 4 AtqE / 228 Vel;;bullet_seed / fire_blast / shadow_sneak / rock_slide, destiny_bond
pumpkaboo_super_lc_1;pumpkaboo_super;lc;Defensive;66;eviolite;frisk;calm;204 PS / 36 Def / 4 AtqE / 236 DefE / 28 Vel;;will_o_wisp / giga_drain / fire_blast / synthesis
purrloin_lc_1;purrloin;lc;Disruptive Pivot;66;eviolite, berry_juice;prankster;careful;188 PS / 36 Atq / 140 Def / 60 DefE / 68 Vel;;encore / u_turn / knock_off / thunder_wave, taunt
purugly_nu_1;purugly;nu;Physical Attacker;45;silk_scarf, life_orb;defiant;jolly;252 Atq / 4 Def / 252 Vel;;fake_out / return / u_turn / sucker_punch, knock_off
purugly_pu_1;purugly;pu;Physical Attacker;53;life_orb, silk_scarf;defiant;jolly;252 Atq / 4 Def / 252 Vel;;fake_out / return / sucker_punch / knock_off, u_turn
pyroar_nu_1;pyroar;nu;Special Attacker;68;life_orb, choice_specs;unnerve;timid;4 Def / 252 AtqE / 252 Vel;;fire_blast / hyper_voice / hidden_power / will_o_wisp, taunt, flamethrower
quagsire_nu_1;quagsire;nu;Unaware Wall;88;leftovers;unaware;relaxed;252 PS / 252 Def / 4 DefE;;earthquake / scald / recover / toxic, curse
quagsire_ou_1;quagsire;ou;Unaware Wall;91;leftovers;unaware;relaxed;252 PS / 252 Def / 4 DefE;;scald / recover / earthquake, haze / toxic, encore
quagsire_uu_1;quagsire;uu;Unaware Wall;95;leftovers;unaware;relaxed;252 PS / 252 Def / 4 DefE;;scald / earthquake / recover / toxic
quilladin_pu_1;quilladin;pu;Offensive Spikes;68;eviolite;bulletproof;jolly, adamant;252 Atq / 4 Def / 252 Vel;;spikes / taunt / wood_hammer / zen_headbutt, drain_punch
quilladin_pu_2;quilladin;pu;Defensive Spikes;78;eviolite;bulletproof;impish;248 PS / 8 Atq / 252 Def;;spikes / roar, taunt / seed_bomb, wood_hammer / synthesis
qwilfish_ru_1;qwilfish;ru;Defensive Spiker;67;black_sludge;intimidate;timid, jolly;252 PS / 216 Def / 40 Vel;;spikes / taunt / scald, waterfall / thunder_wave, toxic
qwilfish_uu_1;qwilfish;uu;Defensive;41;black_sludge;intimidate;impish, bold;248 PS / 252 Def / 8 DefE;;spikes, toxic_spikes / waterfall, scald / taunt / thunder_wave, pain_split
qwilfish_uu_2;qwilfish;uu;Swift Swim;50;life_orb;swift_swim;adamant;252 Atq / 4 Def / 252 Vel;;swords_dance / waterfall / poison_jab / explosion
raichu_nu_1;raichu;nu;Nasty Plot;57;life_orb;lightning_rod;timid;252 AtqE / 4 DefE / 252 Vel;;nasty_plot / thunderbolt / focus_blast / hidden_power
raichu_pu_1;raichu;pu;Nasty Plot;51;life_orb;lightning_rod;timid;252 AtqE / 4 DefE / 252 Vel;;nasty_plot / thunderbolt / focus_blast / hidden_power
raichu_pu_2;raichu;pu;All-Out Attacker;35;life_orb;;timid;252 AtqE / 4 DefE / 252 Vel;;thunderbolt / volt_switch / surf / hidden_power
raikou_ou_1;raikou;ou;Calm Mind;55;leftovers;;timid;4 Def / 252 AtqE / 252 Vel;;calm_mind / thunderbolt / hidden_power / volt_switch, substitute
raikou_ou_2;raikou;ou;Choice Specs;32;choice_specs;;timid;4 Def / 252 AtqE / 252 Vel;;thunderbolt / volt_switch / hidden_power / shadow_ball, extrasensory
raikou_ou_3;raikou;ou;Assault Vest;31;assault_vest;;timid;252 AtqE / 4 DefE / 252 Vel;;thunderbolt / volt_switch / hidden_power / shadow_ball, extrasensory
rampardos_nu_1;rampardos;nu;Choice Scarf;47;choice_scarf;sheer_force;jolly;252 Atq / 4 DefE / 252 Vel;;head_smash / rock_slide / superpower / zen_headbutt, earthquake
rampardos_pu_1;rampardos;pu;Wallbreaker;51;life_orb;sheer_force;naive, naughty;252 Atq / 4 AtqE / 252 Vel;;rock_slide / superpower / zen_headbutt / ice_beam, fire_blast
rampardos_pu_2;rampardos;pu;Stealth Rock Lead;9;focus_sash;;naive;144 Atq / 112 AtqE / 252 Vel;;stealth_rock / superpower / head_smash / surf
rapidash_pu_1;rapidash;pu;Physical Attacker;70;charcoal, leftovers;flash_fire;jolly;252 Atq / 4 Def / 252 Vel;;flare_blitz / wild_charge / will_o_wisp, drill_run / morning_sun
raticate_pu_1;raticate;pu;Guts;51;toxic_orb;guts;jolly;252 Atq / 4 Def / 252 Vel;;u_turn / facade / sucker_punch / protect, swords_dance
rattata_lc_1;rattata;lc;Hustle;35;life_orb;hustle;jolly;228 Atq / 76 Def / 180 Vel;;double_edge, return / sucker_punch, crunch / flame_wheel / u_turn, quick_attack
rayquaza_ubers_1;rayquaza;ubers;MixQuaza (Mixed Attacker);48;life_orb;;naive;252 Atq / 40 AtqE / 216 Vel;;dragon_ascent / draco_meteor / v_create, earthquake / extreme_speed
rayquaza_ubers_2;rayquaza;ubers;Choice Band;55;choice_band;;jolly, adamant;252 Atq / 4 Def / 252 Vel;;dragon_ascent / earthquake / v_create / extreme_speed
rayquaza_ubers_3;rayquaza;ubers;Dragon Dance;42;life_orb, charti_berry;;jolly, adamant;252 Atq / 4 Def / 252 Vel;29 PS;dragon_dance / dragon_ascent / extreme_speed / earthquake, waterfall
rayquaza_ubers_4;rayquaza;ubers;Swords Dance;45;life_orb;;jolly;252 Atq / 4 Def / 252 Vel;29 PS;swords_dance / dragon_ascent / extreme_speed / v_create, earthquake
regice_nu_1;regice;nu;Tank;46;leftovers;;modest;204 PS / 252 AtqE / 52 Vel;;ice_beam / thunderbolt / focus_blast, toxic / thunder_wave, protect
regice_pu_1;regice;pu;Rock Polish;40;life_orb;;modest;4 Def / 252 AtqE / 252 Vel;;rock_polish / ice_beam / thunderbolt / focus_blast
regice_pu_2;regice;pu;Tank;56;leftovers;;modest;248 PS / 252 AtqE / 8 DefE;;ice_beam / thunderbolt / focus_blast / thunder_wave, protect
regigigas_pu_1;regigigas;pu;Tank;54;leftovers;;adamant;252 PS / 252 Atq / 4 Def;;return / knock_off / thunder_wave / drain_punch, substitute
regirock_nu_1;regirock;nu;Mixed Defensive Tank;61;leftovers;clear_body, sturdy;impish;252 PS / 184 Atq / 16 Def / 56 DefE;;stealth_rock / stone_edge, rock_slide / thunder_wave / earthquake
regirock_nu_2;regirock;nu;Sunny Day Setter;27;heat_rock;sturdy;adamant;252 PS / 252 Atq / 4 Def;;stealth_rock / sunny_day / explosion / stone_edge
registeel_ru_1;registeel;ru;Specially Defensive;64;leftovers;;calm;252 PS / 24 AtqE / 232 DefE;;seismic_toss / stealth_rock / toxic / protect, thunderbolt
registeel_ru_2;registeel;ru;Curse;42;leftovers;;careful;252 PS / 4 Def / 252 DefE;;curse / iron_head / rest / sleep_talk, toxic
registeel_uu_1;registeel;uu;Specially Defensive;60;leftovers;;careful;252 PS / 4 Def / 252 DefE;;stealth_rock / thunder_wave, toxic / iron_head, seismic_toss / protect, seismic_toss, earthquake
relicanth_nu_1;relicanth;nu;Choice Band;38;choice_band;rock_head;adamant;252 Atq / 4 Def / 252 Vel;;head_smash / waterfall / earthquake / zen_headbutt
relicanth_pu_1;relicanth;pu;Physically Defensive;62;leftovers;rock_head, sturdy;impish;248 PS / 252 Def / 8 DefE;;stealth_rock / head_smash, rock_slide / toxic, yawn / protect, waterfall, scald
relicanth_pu_2;relicanth;pu;Rock Polish;52;chople_berry, stone_plate, lum_berry;rock_head;adamant;104 PS / 252 Atq / 4 Def / 148 Vel;;rock_polish / head_smash / waterfall / earthquake
relicanth_pu_3;relicanth;pu;Rain Lead;43;damp_rock;sturdy;jolly;252 Atq / 4 DefE / 252 Vel;;rain_dance / head_smash / stealth_rock / yawn, waterfall
remoraid_lc_1;remoraid;lc;Mixed Choice Scarf;38;choice_scarf;;naive;236 AtqE / 236 Vel;;water_spout / hydro_pump / fire_blast / bullet_seed, ice_beam
reshiram_ubers_1;reshiram;ubers;Roost + 3 attacks;20;life_orb, flame_plate;;timid;4 Atq / 252 AtqE / 252 Vel;;blue_flare / draco_meteor / roost / stone_edge, tailwind
reuniclus_ou_1;reuniclus;ou;Calm Mind;67;leftovers;magic_guard;bold;252 PS / 200 Def / 56 DefE;;calm_mind / psyshock / focus_blast / recover
reuniclus_ou_2;reuniclus;ou;Utility;50;rocky_helmet;magic_guard;bold;252 PS / 252 Def / 4 DefE;;knock_off / recover / psychic / thunder_wave
reuniclus_uu_1;reuniclus;uu;Calm Mind;72;leftovers, life_orb;magic_guard;bold;252 PS / 252 Def / 4 AtqE;;calm_mind / psyshock, psychic / focus_blast, signal_beam, shadow_ball / recover
reuniclus_uu_2;reuniclus;uu;Trick Room;50;life_orb;magic_guard;quiet;252 PS / 4 Def / 252 AtqE;;trick_room / psyshock, psychic / focus_blast, signal_beam / shadow_ball
rhydon_nu_1;rhydon;nu;Dancing Dino;62;eviolite;;jolly;252 Atq / 4 DefE / 252 Vel;;rock_polish / earthquake / stone_edge / swords_dance, megahorn
rhydon_nu_2;rhydon;nu;Tank;70;eviolite;;adamant;252 PS / 16 Atq / 240 DefE;;stealth_rock / earthquake / rock_blast, stone_edge / megahorn, swords_dance
rhyhorn_lc_1;rhyhorn;lc;Tank;62;eviolite;;adamant;76 PS / 236 Atq / 76 Def / 36 DefE / 76 Vel;;stealth_rock / earthquake / rock_blast / megahorn, aqua_tail
rhyperior_ru_1;rhyperior;ru;Tank;60;leftovers;solid_rock;adamant;248 PS / 16 Atq / 244 DefE;;stealth_rock / earthquake / rock_blast / ice_punch, toxic
rhyperior_ru_2;rhyperior;ru;Choice Band;53;choice_band;solid_rock;adamant;252 Atq / 4 DefE / 252 Vel;;stone_edge / earthquake / megahorn / ice_punch, rock_blast
rhyperior_uu_1;rhyperior;uu;Defensive;58;leftovers;solid_rock;adamant;248 PS / 16 Atq / 244 DefE;;stealth_rock / rock_blast, stone_edge / earthquake / roar, toxic, protect
rhyperior_uu_2;rhyperior;uu;Offensive;40;choice_band;solid_rock;adamant;92 PS / 252 Atq / 164 Vel;;stone_edge / earthquake / megahorn / aqua_tail, rock_blast, ice_punch
riolu_lc_1;riolu;lc;Offensive Swords Dance Sweeper;55;life_orb;prankster;jolly, adamant;196 Atq / 116 Def / 196 Vel;;swords_dance / high_jump_kick / copycat / zen_headbutt, protect, crunch
riolu_lc_2;riolu;lc;Bulky Swords Dance Sweeper;55;eviolite, roseli_berry;prankster;adamant;116 PS / 196 Atq / 36 DefE / 116 Vel;;swords_dance / high_jump_kick / copycat / protect, iron_tail
roselia_nu_1;roselia;nu;Defensive Spikes;57;eviolite;;calm;252 PS / 4 Def / 252 DefE;;spikes / giga_drain / synthesis / sludge_bomb
roselia_nu_2;roselia;nu;Focus Sash Lead;39;focus_sash;poison_point;timid;252 AtqE / 4 DefE / 252 Vel;;spikes / sludge_bomb / toxic_spikes, leaf_storm / sleep_powder
roselia_nu_3;roselia;nu;Offensive Spikes;56;eviolite;;modest;80 PS / 252 AtqE / 176 Vel;;spikes / leaf_storm / sludge_bomb / sleep_powder
roselia_pu_1;roselia;pu;Defensive;69;eviolite;;calm;252 PS / 32 Def / 224 DefE;;spikes / synthesis / sludge_bomb / giga_drain
roselia_pu_2;roselia;pu;Offensive;55;eviolite;;modest;40 PS / 252 AtqE / 216 Vel;;leaf_storm / sludge_bomb / sleep_powder, hidden_power / spikes, hidden_power
roselia_ru_1;roselia;ru;Bulky Spiker;68;eviolite;;calm;248 PS / 172 Def / 88 DefE;;spikes / synthesis / giga_drain / sludge_bomb
roserade_uu_1;roserade;uu;Offensive Hazards;54;black_sludge, life_orb;natural_cure, technician;timid;252 AtqE / 4 DefE / 252 Vel;29 PS;spikes, toxic_spikes / sludge_bomb / leaf_storm, giga_drain / sleep_powder, hidden_power
roserade_uu_2;roserade;uu;Specially Defensive;45;black_sludge;;calm;240 PS / 252 DefE / 16 Vel;;synthesis / spikes, toxic_spikes / giga_drain, sludge_bomb / sleep_powder, giga_drain
rotom_fan_nu_1;rotom_fan;nu;Expert Belt;36;expert_belt;;timid;252 AtqE / 4 DefE / 252 Vel;;volt_switch, thunderbolt / air_slash / hidden_power / will_o_wisp
rotom_fan_nu_2;rotom_fan;nu;Choice Scarf;36;choice_scarf;;timid, modest;252 AtqE / 4 DefE / 252 Vel;;volt_switch / air_slash / will_o_wisp, thunderbolt / trick
rotom_fan_pu_1;rotom_fan;pu;Offensive Utility;51;leftovers;;timid;32 PS / 252 AtqE / 224 Vel;;thunderbolt, volt_switch / air_slash / hidden_power / will_o_wisp
rotom_frost_nu_1;rotom_frost;nu;Choice Scarf;66;choice_scarf;;timid;4 Def / 252 AtqE / 252 Vel;;volt_switch / blizzard / thunderbolt / trick
rotom_frost_nu_2;rotom_frost;nu;SubSplit;37;life_orb;;timid;4 Def / 252 AtqE / 252 Vel;;substitute / pain_split / thunderbolt / blizzard
rotom_frost_pu_1;rotom_frost;pu;Choice Scarf;67;choice_scarf;;timid;4 Def / 252 AtqE / 252 Vel;;volt_switch / blizzard / thunderbolt / trick, hidden_power
rotom_frost_pu_2;rotom_frost;pu;SubWisp;38;leftovers;;timid;252 AtqE / 4 DefE / 252 Vel;;substitute / will_o_wisp / thunderbolt / blizzard
rotom_frost_pu_3;rotom_frost;pu;SubSplit;34;life_orb;;timid;4 Def / 252 AtqE / 252 Vel;;substitute / blizzard / thunderbolt / pain_split
rotom_frost_ru_1;rotom_frost;ru;Choice Scarf;65;choice_scarf;;timid;4 Def / 252 AtqE / 252 Vel;;volt_switch / thunderbolt / blizzard / trick
rotom_frost_ru_2;rotom_frost;ru;SubSplit;27;life_orb;;timid;4 Def / 252 AtqE / 252 Vel;;thunderbolt / blizzard / pain_split / substitute
rotom_heat_ou_1;rotom_heat;ou;Pivot;81;leftovers;;bold;248 PS / 40 Def / 220 Vel;;overheat / volt_switch / pain_split / thunder_wave, will_o_wisp
rotom_heat_uu_1;rotom_heat;uu;Defensive;60;leftovers;;timid;248 PS / 52 Def / 208 Vel;;overheat / volt_switch / will_o_wisp, thunder_wave / pain_split
rotom_heat_uu_2;rotom_heat;uu;Choice Specs;43;choice_specs;;timid;252 AtqE / 4 DefE / 252 Vel;;volt_switch / overheat / thunderbolt, hidden_power / trick
rotom_heat_uu_3;rotom_heat;uu;Choice Scarf;46;choice_scarf;;timid, modest;252 AtqE / 4 DefE / 252 Vel;;volt_switch / overheat / hidden_power, will_o_wisp, thunderbolt / trick
rotom_mow_ru_1;rotom_mow;ru;IN THE CUT (Choice Scarf);61;choice_scarf;;timid, modest;4 Def / 252 AtqE / 252 Vel;;leaf_storm / volt_switch / thunderbolt / trick
rotom_mow_ru_2;rotom_mow;ru;IN THE CUT (Choice Specs);54;choice_specs;;modest, timid;4 Def / 252 AtqE / 252 Vel;;leaf_storm / volt_switch / thunderbolt / trick
rotom_mow_uu_1;rotom_mow;uu;Choice Specs;69;choice_specs;;timid, modest;252 AtqE / 4 DefE / 252 Vel;;volt_switch / leaf_storm / thunderbolt, hidden_power / trick
rotom_mow_uu_2;rotom_mow;uu;Choice Scarf;65;choice_scarf;;timid;252 AtqE / 4 DefE / 252 Vel;;volt_switch / leaf_storm / thunderbolt / trick
rotom_nu_1;rotom;nu;Choice Scarf;45;choice_scarf;;timid;4 PS / 252 AtqE / 252 Vel;;volt_switch / thunderbolt / shadow_ball / trick
rotom_nu_2;rotom;nu;Spell Tag Hex;40;spell_tag;;timid;4 PS / 252 AtqE / 252 Vel;;hex / will_o_wisp / volt_switch / discharge, shadow_ball
rotom_nu_3;rotom;nu;Choice Specs;34;choice_specs;;timid;4 PS / 252 AtqE / 252 Vel;;volt_switch / shadow_ball / thunderbolt, thunder / trick
rotom_nu_4;rotom;nu;Substitute + Hex;20;leftovers;;timid;248 PS / 8 AtqE / 252 Vel;;substitute / will_o_wisp / hex / discharge
rotom_nu_5;rotom;nu;Defensive;41;sitrus_berry, colbur_berry;;timid;252 PS / 4 Def / 252 Vel;;volt_switch / hex / will_o_wisp / pain_split
rotom_ru_1;rotom;ru;Status Spreader;63;leftovers;;timid;252 PS / 4 Def / 252 Vel;;will_o_wisp / hex / volt_switch, discharge / pain_split, substitute
rotom_wash_ou_1;rotom_wash;ou;Physically Defensive Pivot;74;leftovers;;bold;252 PS / 248 Def / 8 Vel;;hydro_pump / volt_switch / pain_split, thunder_wave / will_o_wisp, thunder_wave
rotom_wash_ou_2;rotom_wash;ou;Fast Utility;74;leftovers;;bold;248 PS / 28 Def / 232 Vel;;volt_switch / hydro_pump / will_o_wisp / pain_split, thunder_wave
rotom_wash_ou_3;rotom_wash;ou;Choice Scarf;46;choice_scarf;;timid;248 PS / 24 Def / 236 Vel;;volt_switch / trick / hydro_pump / thunder_wave, will_o_wisp, pain_split
rufflet_lc_1;rufflet;lc;Bulk Up;67;eviolite, berry_juice;hustle;impish;116 PS / 12 Atq / 116 Def / 196 DefE / 36 Vel;;bulk_up / aerial_ace / superpower, return / roost, substitute
rufflet_lc_2;rufflet;lc;Choice Scarf;61;choice_scarf;hustle;jolly;252 Atq / 36 Def / 196 Vel;;return / aerial_ace / superpower / u_turn
sableye_ubers_1;sableye;ubers;Utility;82;sablenite;prankster;impish, bold;248 PS / 252 Def / 8 DefE;;foul_play / will_o_wisp / recover / fake_out, protect
sableye_uu_1;sableye;uu;Prankster;87;leftovers;prankster;careful, calm;252 PS / 4 Def / 252 DefE;;recover / will_o_wisp / taunt / knock_off, snarl
salamence_ubers_1;salamence;ubers;Dragon Dance;17;salamencite;;adamant;248 PS / 124 Atq / 136 Vel;;double_edge, return / roost / facade, earthquake, refresh / dragon_dance
samurott_nu_1;samurott;nu;Swords Dance;53;lum_berry, wave_incense;;adamant;252 Atq / 4 Def / 252 Vel;;swords_dance / aqua_jet / waterfall / megahorn
samurott_nu_2;samurott;nu;Mixed Wallbreaker;42;life_orb;;rash, mild;4 Def / 252 AtqE / 252 Vel;;hydro_pump / ice_beam / aqua_jet / grass_knot, megahorn, taunt
samurott_ru_1;samurott;ru;Swords Dance;43;lum_berry, life_orb;;adamant;252 Atq / 4 Def / 252 Vel;;swords_dance / waterfall / megahorn, knock_off / aqua_jet
samurott_ru_2;samurott;ru;Special Attacker;70;life_orb;;modest, rash;4 Def / 252 AtqE / 252 Vel;;hydro_pump / ice_beam / grass_knot / taunt, aqua_jet
sandile_lc_1;sandile;lc;Bulky Stealth Rock;38;eviolite;;jolly;100 Atq / 156 Def / 236 Vel;;stealth_rock / taunt, pursuit / earthquake / stone_edge, pursuit, crunch
sandile_lc_2;sandile;lc;Choice Scarf;75;choice_scarf;moxie;adamant, jolly;180 Atq / 76 Def / 236 Vel;;earthquake / crunch / fire_fang / pursuit, stone_edge
sandshrew_lc_1;sandshrew;lc;Rapid Spin;87;eviolite;sand_rush;impish;116 PS / 156 Atq / 156 Def / 36 DefE / 36 Vel;;rapid_spin / earthquake / knock_off / stealth_rock, rock_slide
sandslash_nu_1;sandslash;nu;Sand Rush;59;life_orb, earth_plate;sand_rush;jolly, adamant;252 Atq / 4 Def / 252 Vel;;earthquake / stone_edge / knock_off / swords_dance, rapid_spin
sawk_ru_1;sawk;ru;Choice Band;61;choice_band;;jolly, adamant;252 Atq / 4 Def / 252 Vel;;close_combat / knock_off / poison_jab / zen_headbutt
sawsbuck_nu_1;sawsbuck;nu;Swords Dance Sweeper;57;life_orb;sap_sipper;jolly;252 Atq / 4 Def / 252 Vel;;swords_dance / horn_leech / double_edge / jump_kick, substitute
sawsbuck_pu_1;sawsbuck;pu;Choice Scarf;50;choice_scarf;sap_sipper, chlorophyll;jolly, adamant;252 Atq / 4 Def / 252 Vel;;double_edge / horn_leech / jump_kick / toxic
sawsbuck_pu_2;sawsbuck;pu;Swords Dance;64;life_orb;sap_sipper, chlorophyll;jolly;252 Atq / 4 DefE / 252 Vel;;swords_dance / horn_leech / double_edge / jump_kick
sceptile_ou_1;sceptile;ou;All-Out Attacker;82;sceptilite;;naive, timid;4 Def / 252 AtqE / 252 Vel;;leaf_storm / dragon_pulse / earthquake / hidden_power, focus_blast
sceptile_ou_2;sceptile;ou;Substitute;41;sceptilite;;timid;252 AtqE / 4 DefE / 252 Vel;;dragon_pulse / giga_drain / focus_blast / substitute
sceptile_ru_1;sceptile;ru;Life Orb;21;life_orb;;timid;4 Def / 252 AtqE / 252 Vel;;leaf_storm / focus_blast / hidden_power / giga_drain
sceptile_uu_1;sceptile;uu;All-Out Offensive;12;sceptilite;;timid, naive;252 AtqE / 4 DefE / 252 Vel;;giga_drain, energy_ball / leaf_storm / dragon_pulse / focus_blast, hidden_power
sceptile_uu_2;sceptile;uu;Substitute Attacker;8;sceptilite;;timid;4 PS / 252 AtqE / 252 Vel;;substitute / giga_drain / dragon_pulse / focus_blast
sceptile_uu_3;sceptile;uu;Swords Dance;24;sceptilite;;jolly;252 Atq / 4 DefE / 252 Vel;;swords_dance / leaf_blade / dragon_claw, outrage / earthquake, drain_punch
scizor_ou_1;scizor;ou;Utility;40;scizorite;light_metal;impish;248 PS / 136 Def / 124 DefE;;u_turn, superpower / roost / bullet_punch / defog, pursuit
scizor_ou_2;scizor;ou;Bulky Swords Dance;33;scizorite;light_metal;adamant;248 PS / 32 Atq / 84 Def / 124 DefE / 20 Vel;;swords_dance / roost / bullet_punch / superpower, knock_off, u_turn
scizor_ou_3;scizor;ou;Offensive Swords Dance;29;scizorite;light_metal;adamant;4 PS / 252 Atq / 252 Vel;;swords_dance / bullet_punch / bug_bite / superpower
scizor_ou_4;scizor;ou;Choice Band;82;choice_band;technician;adamant;120 PS / 252 Atq / 136 Vel;;bullet_punch / u_turn / pursuit / knock_off, superpower, quick_attack
scizor_ubers_1;scizor;ubers;Red Menace;29;scizorite;technician;adamant;248 PS / 60 Atq / 200 DefE;;bullet_punch / roost / pursuit / toxic, u_turn
scolipede_ou_1;scolipede;ou;Entry Hazard Lead;35;rocky_helmet;speed_boost;jolly;208 PS / 48 Atq / 252 Vel;;spikes / toxic_spikes / endeavor / superpower, poison_jab
scolipede_ou_2;scolipede;ou;Bulky Sweeper;73;black_sludge;speed_boost;adamant;80 PS / 252 Atq / 4 Def / 172 Vel;;swords_dance / megahorn / poison_jab / earthquake, aqua_tail, protect
scolipede_ubers_1;scolipede;ubers;Spikes Anti-Lead;75;focus_sash;speed_boost;jolly;252 Atq / 4 Def / 252 Vel;;pin_missile / toxic_spikes, spikes / endeavor / protect
scrafty_ru_1;scrafty;ru;Dragon Dance;55;life_orb, leftovers;shed_skin, moxie;jolly;252 Atq / 4 Def / 252 Vel;;dragon_dance / high_jump_kick / knock_off / iron_head, rest
scraggy_lc_1;scraggy;lc;Choice Scarf;45;choice_scarf;moxie;jolly;36 PS / 236 Atq / 212 Vel;;high_jump_kick / knock_off / drain_punch / zen_headbutt, poison_jab
scraggy_lc_2;scraggy;lc;Dragon Dance;68;eviolite;moxie;jolly;36 PS / 156 Atq / 36 Def / 36 DefE / 212 Vel;;dragon_dance / high_jump_kick / knock_off / zen_headbutt, poison_jab, drain_punch
scyther_nu_1;scyther;nu;Swords Dance;70;eviolite;technician;jolly;248 PS / 8 Atq / 252 Vel;;swords_dance / u_turn / aerial_ace / roost
scyther_nu_2;scyther;nu;Choice Band;57;choice_band;technician;jolly;252 Atq / 4 Def / 252 Vel;;u_turn / aerial_ace / knock_off, pursuit / quick_attack
scyther_nu_3;scyther;nu;Choice Scarf;58;choice_scarf;technician;jolly;252 Atq / 4 Def / 252 Vel;;u_turn / aerial_ace / knock_off / bug_bite, tailwind
scyther_ru_1;scyther;ru;Choice Band Pivot;69;choice_band;technician;jolly;252 Atq / 4 Def / 252 Vel;;u_turn / aerial_ace / knock_off / pursuit
seaking_pu_1;seaking;pu;Utility;81;leftovers;lightning_rod;adamant;112 PS / 200 Atq / 124 DefE / 72 Vel;;waterfall / megahorn / knock_off / facade
seel_lc_1;seel;lc;Perish Trapper;16;eviolite, berry_juice;hydration;bold;76 PS / 236 Def / 196 DefE;;whirlpool / perish_song / rain_dance / rest
seel_lc_2;seel;lc;Life Orb;50;life_orb;;adamant;236 Atq / 236 Def / 36 DefE;;fake_out / aqua_jet / waterfall / drill_run, icicle_spear
seismitoad_ou_1;seismitoad;ou;Defensive;64;leftovers;water_absorb;bold;252 PS / 244 Def / 12 Vel;;stealth_rock / scald / earthquake / knock_off, toxic
seismitoad_ou_2;seismitoad;ou;Rain Sweeper;10;life_orb;;modest;60 PS / 4 Def / 252 AtqE / 192 Vel;;hydro_pump / earth_power / sludge_wave / focus_blast
seismitoad_ru_1;seismitoad;ru;Defensive;73;leftovers;water_absorb;relaxed, bold;252 PS / 252 Def / 4 DefE;;stealth_rock / scald / earthquake, toxic / knock_off, toxic
seismitoad_ru_2;seismitoad;ru;Offensive Substitute;63;leftovers, salac_berry;water_absorb;timid;4 Def / 252 AtqE / 252 Vel;;scald / earth_power / substitute / toxic, endeavor
seismitoad_uu_1;seismitoad;uu;Support;85;leftovers;water_absorb;relaxed;200 PS / 252 Def / 56 DefE;;stealth_rock / earthquake / scald / knock_off, toxic
serperior_ou_1;serperior;ou;Glare Attacker;59;leftovers, lum_berry, chesto_berry;contrary;timid;120 PS / 136 AtqE / 252 Vel;;leaf_storm / hidden_power / glare / synthesis, rest
serperior_ou_2;serperior;ou;Stallbreaker;60;rocky_helmet, lum_berry;contrary;timid;208 PS / 48 AtqE / 252 Vel;;leaf_storm / hidden_power / taunt, knock_off / glare
serperior_ou_3;serperior;ou;Dual Screens;39;light_clay;contrary;timid;252 PS / 4 Def / 252 Vel;;light_screen / reflect / leaf_storm / taunt
serperior_ou_4;serperior;ou;Substitute Attacker;56;leftovers;contrary;timid;56 PS / 200 AtqE / 252 Vel;;leaf_storm / hidden_power / glare, leech_seed / substitute
servine_pu_1;servine;pu;Substitute + Synthesis;60;eviolite;contrary;timid;252 PS / 4 DefE / 252 Vel;;leaf_storm / hidden_power / substitute / synthesis
seviper_pu_1;seviper;pu;Mixed Attacker;48;life_orb;;rash;40 Atq / 252 AtqE / 216 Vel;;sludge_wave / giga_drain / flamethrower, earthquake / sucker_punch
sewaddle_lc_1;sewaddle;lc;Sticky Web Setter;45;eviolite;chlorophyll;bold;156 PS / 196 Def / 40 AtqE / 116 DefE;;sticky_web / energy_ball / hidden_power / air_slash
sharpedo_ou_1;sharpedo;ou;Cleaner;40;sharpedonite;speed_boost;naughty;224 Atq / 32 AtqE / 252 Vel;;protect / crunch / hydro_pump / ice_fang, poison_jab
sharpedo_uu_1;sharpedo;uu;Mega Chomp;51;sharpedonite;speed_boost;jolly, adamant;252 Atq / 4 Def / 252 Vel;;protect / crunch / waterfall, hydro_pump / ice_fang
sharpedo_uu_2;sharpedo;uu;Life Orb;73;life_orb;speed_boost;naughty;252 Atq / 12 AtqE / 244 Vel;;protect / crunch / waterfall / ice_beam, destiny_bond
shaymin_sky_ubers_1;shaymin_sky;ubers;Life Orb;39;life_orb;;timid;4 Def / 252 AtqE / 252 Vel;;air_slash / seed_flare / hidden_power / healing_wish
shaymin_sky_ubers_2;shaymin_sky;ubers;Choice Scarf;41;choice_scarf;;timid;4 Def / 252 AtqE / 252 Vel;;air_slash / seed_flare / hidden_power / healing_wish
shaymin_sky_ubers_3;shaymin_sky;ubers;SubSeed;40;leftovers;;timid;44 PS / 212 AtqE / 252 Vel;;substitute / leech_seed / air_slash / seed_flare
shaymin_uu_1;shaymin;uu;Life Orb;54;life_orb;;timid;252 AtqE / 4 DefE / 252 Vel;;seed_flare / earth_power, dazzling_gleam / psychic, air_slash / synthesis, rest
shaymin_uu_2;shaymin;uu;Choice Specs;29;choice_specs;;timid;252 AtqE / 4 DefE / 252 Vel;;seed_flare / dazzling_gleam, earth_power / psychic, air_slash / healing_wish, energy_ball
shaymin_uu_3;shaymin;uu;Leech Seed;25;leftovers;;timid;252 AtqE / 4 DefE / 252 Vel;;leech_seed / seed_flare / psychic, air_slash / substitute, protect
shedinja_nu_1;shedinja;nu;Swords Dance;71;focus_sash;;lonely;252 Atq / 252 Vel;;swords_dance / will_o_wisp / x_scissor / shadow_sneak
shedinja_pu_1;shedinja;pu;Swords Dance;64;focus_sash;;lonely;252 Atq / 252 Vel;;swords_dance / x_scissor / shadow_sneak / will_o_wisp, protect
shedinja_uu_1;shedinja;uu;Swords Dance;60;focus_sash;;lonely;252 Atq / 252 Vel;;swords_dance / x_scissor / shadow_sneak / protect, will_o_wisp
shellder_lc_1;shellder;lc;Shell Smash;87;eviolite;skill_link;adamant;36 PS / 236 Atq / 36 Def / 196 Vel;;shell_smash / icicle_spear / rock_blast / protect, ice_shard, razor_shell
shellos_lc_1;shellos;lc;Defensive;60;eviolite;;bold;228 PS / 132 Def / 100 DefE / 4 Vel;;scald / recover / earth_power, ice_beam / toxic, clear_smog, yawn
shelmet_lc_1;shelmet;lc;Spikes;74;eviolite;overcoat;bold;116 PS / 156 Def / 236 DefE;;spikes / infestation / toxic / recover
shieldon_lc_1;shieldon;lc;Support;35;berry_juice;;impish;116 PS / 20 Atq / 212 Def / 132 DefE;;stealth_rock / heavy_slam / rock_blast / earthquake, roar
shiftry_nu_1;shiftry;nu;Physically Mixed;68;life_orb;;lonely, naughty;252 Atq / 4 AtqE / 252 Vel;;knock_off / leaf_storm / sucker_punch / explosion, defog
shiftry_nu_2;shiftry;nu;Swords Dance;53;life_orb, black_glasses;;adamant, jolly;4 PS / 252 Atq / 252 Vel;;swords_dance / knock_off / seed_bomb / sucker_punch
shiftry_nu_3;shiftry;nu;Choice Scarf;23;choice_scarf;pickpocket;adamant;4 PS / 252 Atq / 252 Vel;;knock_off / leaf_blade / rock_slide / explosion
shiftry_ru_1;shiftry;ru;Offensive Defogger;40;life_orb;;hasty;252 Atq / 4 AtqE / 252 Vel;;defog / knock_off / sucker_punch / leaf_storm
shiftry_ru_2;shiftry;ru;Swords Dance;48;life_orb;;jolly;252 Atq / 4 Def / 252 Vel;;swords_dance / knock_off / sucker_punch / seed_bomb
shinx_lc_1;shinx;lc;Intimidate Pivot;68;berry_juice;intimidate;relaxed;156 PS / 76 Atq / 244 Def / 4 DefE;;wild_charge / thief / volt_switch / toxic, thunder_wave
shroomish_lc_1;shroomish;lc;Tank;32;eviolite;;adamant, brave;36 PS / 196 Atq / 116 Def / 36 AtqE / 116 DefE;;spore / synthesis / bullet_seed, giga_drain / drain_punch
shroomish_lc_2;shroomish;lc;Defensive;47;toxic_orb;poison_heal;bold;196 PS / 196 Def / 116 DefE;;spore / protect, hidden_power / leech_seed, toxic / giga_drain
shuckle_ou_1;shuckle;ou;Sticky Web;72;mental_herb;;bold;252 PS / 252 Def / 4 DefE;;sticky_web / stealth_rock / encore / infestation, toxic, knock_off
shuckle_uu_1;shuckle;uu;Holy Shuck!;45;mental_herb;;bold;248 PS / 252 Def / 8 DefE;;sticky_web / stealth_rock / encore / toxic, knock_off
shuppet_lc_1;shuppet;lc;Offensive Trick Room;56;focus_sash;frisk, cursed_body;brave;4 PS / 236 Atq / 168 Def / 92 DefE;;trick_room / knock_off / shadow_sneak / destiny_bond
sigilyph_ru_1;sigilyph;ru;Life Orb Attacker;46;life_orb;magic_guard;timid;4 PS / 252 AtqE / 252 Vel;;psyshock, psychic / heat_wave / roost / energy_ball, dazzling_gleam
sigilyph_ru_2;sigilyph;ru;Flame Orb;51;flame_orb;magic_guard;timid;252 PS / 4 AtqE / 252 Vel;;calm_mind / psycho_shift / roost / air_slash
simipour_pu_1;simipour;pu;Mixed Attacker;51;life_orb;torrent;naive;4 Atq / 252 AtqE / 252 Vel;;hydro_pump / ice_beam / hidden_power / superpower, knock_off
simipour_pu_2;simipour;pu;Choice Scarf;52;choice_scarf;torrent;naive;4 Atq / 252 AtqE / 252 Vel;;hydro_pump / ice_beam / hidden_power / superpower, knock_off
simipour_pu_3;simipour;pu;Substitute + Nasty Plot;49;salac_berry;torrent;timid;4 PS / 252 AtqE / 252 Vel;;substitute / nasty_plot / hydro_pump / ice_beam
simisage_nu_1;simisage;nu;Mixed Attacker;55;life_orb;overgrow;naive;152 Atq / 104 AtqE / 252 Vel;;leaf_storm / superpower / rock_slide / gunk_shot, giga_drain
simisage_pu_1;simisage;pu;All-Out Attacker;62;life_orb;overgrow;naive, jolly;252 Atq / 4 AtqE / 252 Vel;;leaf_storm, seed_bomb / knock_off / superpower / gunk_shot
simisage_pu_2;simisage;pu;Choice Scarf;48;choice_scarf;overgrow;jolly;252 Atq / 4 Def / 252 Vel;;seed_bomb / superpower / knock_off / gunk_shot
simisage_pu_3;simisage;pu;Nasty Plot Sweeper;42;life_orb;overgrow;timid;4 Def / 252 AtqE / 252 Vel;;nasty_plot / giga_drain / focus_blast / hidden_power
simisear_pu_1;simisear;pu;Nasty Plot;61;life_orb;blaze;timid;252 AtqE / 4 DefE / 252 Vel;;nasty_plot / fire_blast / grass_knot / focus_blast
simisear_pu_2;simisear;pu;All-Out Attacker;60;life_orb;blaze;hasty;4 Atq / 252 AtqE / 252 Vel;;fire_blast / grass_knot / focus_blast / knock_off, rock_slide
skarmory_ou_1;skarmory;ou;Physically Defensive;76;rocky_helmet;sturdy;impish;252 PS / 252 Def / 4 DefE;;spikes / roost / whirlwind, defog / brave_bird, counter
skarmory_ubers_1;skarmory;ubers;Physically Defensive;77;leftovers, shed_shell;sturdy;bold;252 PS / 252 Def / 4 DefE;;roost / spikes / toxic / whirlwind
skarmory_ubers_2;skarmory;ubers;Specially Defensive;77;leftovers;sturdy;calm;252 PS / 4 Def / 252 DefE;;roost / spikes / toxic / whirlwind
skiddo_lc_1;skiddo;lc;Bulk Up;69;eviolite;;adamant;76 Atq / 52 Def / 140 DefE / 180 Vel;;bulk_up / horn_leech / rock_slide, return / brick_break, bulldoze, milk_drink
skorupi_lc_1;skorupi;lc;Support;44;eviolite;;jolly;196 PS / 36 Atq / 36 Def / 236 Vel;;toxic_spikes / taunt / poison_jab / knock_off
skrelp_lc_1;skrelp;lc;Special Attacker;70;eviolite;adaptability;modest;36 PS / 116 Def / 200 AtqE / 116 DefE / 40 Vel;;sludge_wave, sludge_bomb / hydro_pump / hidden_power / scald, toxic_spikes
skrelp_lc_2;skrelp;lc;RestTalk;60;eviolite;adaptability;bold;116 PS / 196 Def / 36 AtqE / 116 DefE / 36 Vel;;rest / sleep_talk / scald / sludge_wave, sludge_bomb
skuntank_nu_1;skuntank;nu;Utility Attacker;42;lum_berry;aftermath;adamant;232 Atq / 132 DefE / 144 Vel;;sucker_punch / pursuit / poison_jab, crunch / taunt
skuntank_nu_2;skuntank;nu;Special Attacking Defog;64;black_sludge, shuca_berry;aftermath;modest;252 AtqE / 4 DefE / 252 Vel;;dark_pulse / fire_blast / hidden_power, acid_spray / defog
slaking_pu_1;slaking;pu;Wallbreaker;21;life_orb, silk_scarf;;jolly;252 Atq / 4 DefE / 252 Vel;;return / earthquake / night_slash / encore
sliggoo_nu_1;sliggoo;nu;Curse;54;eviolite;;careful;252 PS / 168 Def / 88 DefE;;curse / outrage / rest / sleep_talk
sliggoo_nu_2;sliggoo;nu;Offensive;27;eviolite;;modest;92 PS / 252 AtqE / 164 Vel;;draco_meteor / sludge_bomb / muddy_water / thunderbolt
slowbro_ou_1;slowbro;ou;Defensive;68;leftovers, rocky_helmet, colbur_berry;regenerator;bold;252 PS / 176 Def / 80 DefE;;scald / slack_off / ice_beam, psychic / thunder_wave, toxic
slowbro_ou_2;slowbro;ou;Calm Mind;58;leftovers, slowbronite;regenerator;bold;248 PS / 216 Def / 44 DefE;;scald / slack_off / psyshock / calm_mind
slowbro_ou_3;slowbro;ou;Offensive Tank Slowbro;48;slowbronite;regenerator;bold;252 PS / 136 Def / 120 AtqE;;slack_off / scald / flamethrower / future_sight, psychic
slowbro_ubers_1;slowbro;ubers;Defensive;44;slowbronite;regenerator;bold;252 PS / 252 Def / 4 AtqE;;slack_off / ice_beam / toxic, thunder_wave / scald, iron_defense
slowking_ou_1;slowking;ou;Defensive;76;leftovers;regenerator;calm;244 PS / 196 Def / 68 DefE;;scald / protect / slack_off / thunder_wave, toxic, flamethrower
slowking_ru_1;slowking;ru;Calm Mind;62;leftovers, colbur_berry;regenerator;bold;248 PS / 252 Def / 8 Vel;;scald / slack_off / calm_mind / psyshock, thunder_wave
slowking_ru_2;slowking;ru;Assault Vest;41;assault_vest;regenerator;modest;248 PS / 92 Def / 168 AtqE;;scald / future_sight / fire_blast / dragon_tail
slowking_ru_3;slowking;ru;Offensive Trick Room;54;life_orb, leftovers;regenerator;quiet;248 PS / 8 Def / 252 AtqE;;scald / psychic, psyshock / trick_room / fire_blast, nasty_plot
slowking_uu_1;slowking;uu;Defensive;71;leftovers;regenerator;bold;252 PS / 252 Def / 4 DefE;;scald / slack_off / thunder_wave / psyshock, dragon_tail, ice_beam
slowking_uu_2;slowking;uu;Offensive Trick Room;69;leftovers, life_orb;regenerator;quiet;252 PS / 252 AtqE / 4 DefE;;trick_room / scald, surf / psyshock / fire_blast, ice_beam, nasty_plot
slowking_uu_3;slowking;uu;Defensive Sweeper;79;leftovers;regenerator;bold;252 PS / 252 Def / 4 AtqE;;calm_mind, nasty_plot / scald / psyshock / slack_off
slowking_uu_4;slowking;uu;Assault Vest;48;assault_vest;regenerator;modest;252 PS / 252 AtqE / 4 Vel;;scald / psychic, psyshock / dragon_tail / fire_blast, ice_beam
slowking_uu_5;slowking;uu;Choice Specs;45;choice_specs;regenerator;modest;252 PS / 252 AtqE / 4 Vel;;surf, scald / psyshock, future_sight / fire_blast, ice_beam / trick
slowpoke_lc_1;slowpoke;lc;Tank;91;eviolite;regenerator;bold;116 PS / 156 Def / 116 AtqE / 116 DefE;;scald / slack_off / thunder_wave / psychic, fire_blast
slugma_lc_1;slugma;lc;Status Spreader;78;eviolite;flame_body;bold;196 PS / 196 Def / 116 DefE;;recover / fire_blast, lava_plume / earth_power, acid_armor, memento / will_o_wisp, toxic, memento
slugma_lc_2;slugma;lc;Dual Screens;62;eviolite, light_clay;flame_body;bold;196 PS / 196 Def / 116 DefE;;light_screen / reflect, will_o_wisp / memento / lava_plume, fire_blast
smeargle_nu_1;smeargle;nu;Lead;67;focus_sash;;timid;80 PS / 96 Def / 80 DefE / 252 Vel;;sticky_web / stealth_rock / spore, dark_void / skill_swap, nuzzle
smeargle_pu_1;smeargle;pu;Suicide Lead;56;focus_sash;;timid;252 Def / 4 DefE / 252 Vel;;dark_void, spore / stealth_rock / sticky_web, spikes / nuzzle, destiny_bond
smeargle_ru_1;smeargle;ru;Suicide Lead;70;focus_sash;own_tempo, technician;jolly;4 PS / 252 Atq / 252 Vel;;spore, dark_void / stealth_rock / sticky_web / explosion, whirlwind, nuzzle
smeargle_ubers_1;smeargle;ubers;Smash Pass;36;focus_sash;technician;timid;4 PS / 252 AtqE / 252 Vel;;shell_smash / baton_pass / spore / hidden_power
smeargle_uu_1;smeargle;uu;Suicide Lead;68;focus_sash;;timid;252 PS / 4 DefE / 252 Vel;;spore, dark_void / stealth_rock / sticky_web, spikes / taunt
smoochum_lc_1;smoochum;lc;Setup;62;life_orb;;timid;240 AtqE / 240 Vel;;ice_beam / psychic / hidden_power, shadow_ball / substitute, nasty_plot
smoochum_lc_2;smoochum;lc;Choice Scarf;34;choice_scarf;;modest;240 AtqE / 240 Vel;;psychic / ice_beam / hidden_power, shadow_ball / trick
sneasel_ru_1;sneasel;ru;All-Out Attacker;73;life_orb;pickpocket;jolly;252 Atq / 4 Def / 252 Vel;;knock_off / icicle_crash / pursuit / low_kick, ice_shard
snivy_lc_1;snivy;lc;SubGlare;42;berry_juice;contrary;timid;236 AtqE / 252 Vel;30 Def;leaf_storm / substitute / glare / hidden_power
snorlax_uu_1;snorlax;uu;CurseLax;69;leftovers;thick_fat;careful;188 PS / 144 Def / 176 DefE;;curse / return, body_slam / rest / sleep_talk, earthquake
snorlax_uu_2;snorlax;uu;Choice Band;17;choice_band;thick_fat;adamant;4 PS / 252 Atq / 252 DefE;;return / facade / earthquake / fire_punch, pursuit
snorunt_lc_1;snorunt;lc;Spikes;58;focus_sash;;naive;36 Atq / 36 Def / 200 AtqE / 40 DefE / 196 Vel;;spikes / ice_beam / hidden_power / ice_shard
snover_lc_1;snover;lc;Choice Scarf;55;choice_scarf;;naive;104 Atq / 184 AtqE / 200 Vel;;blizzard / giga_drain / ice_shard / hidden_power
snover_lc_2;snover;lc;Eviolite;54;eviolite;;quiet;36 PS / 104 Atq / 40 Def / 184 AtqE / 120 DefE;;blizzard / giga_drain / ice_shard / hidden_power
snubbull_lc_1;snubbull;lc;Berry Juice;66;berry_juice;;adamant;36 PS / 116 Atq / 196 Def / 116 DefE / 36 Vel;;play_rough / thunder_wave / fire_punch, earthquake / thief
snubbull_lc_2;snubbull;lc;Bulky Eviolite;55;eviolite;;adamant;36 PS / 116 Atq / 196 Def / 116 DefE / 36 Vel;;play_rough / thunder_wave / fire_punch, earthquake / thief
snubbull_lc_3;snubbull;lc;Offensive Eviolite;33;eviolite;;adamant;36 PS / 196 Atq / 36 Def / 36 DefE / 196 Vel;;play_rough / close_combat / fire_punch / thunder_wave, substitute
solosis_lc_1;solosis;lc;Trick Room Sweeper;45;eviolite;regenerator, magic_guard;quiet;76 PS / 120 Def / 240 AtqE / 40 DefE;1 Atq / 30 Def / 30 AtqE / 30 DefE;trick_room / psychic / shadow_ball / hidden_power
solrock_nu_1;solrock;nu;Special Wall;0;leftovers;;careful;248 PS / 8 Atq / 252 DefE;;stealth_rock / morning_sun / will_o_wisp / stone_edge
solrock_pu_1;solrock;pu;Wall;50;leftovers;;impish;252 PS / 4 Atq / 252 Def;;stealth_rock / morning_sun / will_o_wisp / rock_slide
solrock_pu_2;solrock;pu;Sun Screen;16;light_clay;;jolly;252 PS / 4 Def / 252 Vel;;light_screen / reflect / stealth_rock / explosion
spearow_lc_1;spearow;lc;Life Orb Attacker;53;life_orb;sniper;jolly;196 Atq / 36 Def / 28 DefE / 196 Vel;;double_edge / drill_peck / u_turn / drill_run
spinarak_lc_1;spinarak;lc;Sticky Web;77;focus_sash, eviolite;insomnia;adamant;116 PS / 196 Atq / 196 Vel;;sticky_web / megahorn / poison_jab / protect, toxic_spikes
spinda_pu_1;spinda;pu;Drowning in Sorrow... and Berry Juice;14;berry_juice;tangled_feet;sassy;100 PS / 88 Atq / 72 Def / 168 AtqE / 12 DefE / 68 Vel;;recycle / teeter_dance / dizzy_punch, sucker_punch / sing
spiritomb_ru_1;spiritomb;ru;Physical Attacker;55;black_glasses;infiltrator;adamant;212 PS / 252 Atq / 44 Vel;;sucker_punch / pursuit / taunt / will_o_wisp
spiritomb_ru_2;spiritomb;ru;Mono-attacker;41;leftovers;infiltrator;bold;252 PS / 252 Def / 4 DefE;;calm_mind / dark_pulse, snarl / rest / sleep_talk, will_o_wisp
spiritomb_uu_1;spiritomb;uu;Offensive Support;45;black_glasses, leftovers;infiltrator;adamant;252 PS / 252 Atq / 4 Def;;sucker_punch / will_o_wisp / foul_play / taunt, pursuit, pain_split
spiritomb_uu_2;spiritomb;uu;Calm Mind;34;leftovers;;bold;252 PS / 252 Def / 4 DefE;;calm_mind / dark_pulse / rest / will_o_wisp, sleep_talk
spritzee_lc_1;spritzee;lc;Defensive;89;eviolite;aroma_veil;bold;212 PS / 196 Def / 12 AtqE / 76 DefE / 12 Vel;;wish / protect / calm_mind, aromatherapy / moonblast
squirtle_lc_1;squirtle;lc;Rapid Spinner;55;eviolite, berry_juice;;impish;84 PS / 52 Atq / 156 Def / 84 DefE / 92 Vel;;rapid_spin / fake_out / waterfall / ice_punch, aqua_jet, foresight
stantler_pu_1;stantler;pu;Wallbreaker;30;life_orb;;lonely, hasty;252 Atq / 4 AtqE / 252 Vel;;double_edge / sucker_punch / jump_kick, earthquake / energy_ball, signal_beam
starly_lc_1;starly;lc;Choice Scarf;82;choice_scarf;reckless;naive, jolly;36 PS / 236 Atq / 36 AtqE / 196 Vel;;brave_bird / double_edge / u_turn / hidden_power, steel_wing
starmie_ou_1;starmie;ou;Utility;62;leftovers;natural_cure;timid;252 PS / 4 AtqE / 252 Vel;;scald / rapid_spin / recover / psyshock, reflect_type
starmie_ou_2;starmie;ou;Offensive;40;life_orb;analytic;timid;252 AtqE / 4 DefE / 252 Vel;29 PS;rapid_spin, recover / hydro_pump / psychic, thunderbolt / ice_beam, hidden_power
staryu_lc_1;staryu;lc;Spinner;82;eviolite;natural_cure;timid;116 PS / 156 Def / 236 Vel;;scald / ice_beam, psychic, thunder_wave / rapid_spin / recover
steelix_nu_1;steelix;nu;Tank;90;leftovers;sturdy;adamant;244 PS / 136 Atq / 128 DefE;;stealth_rock / heavy_slam / earthquake / toxic
steelix_ru_1;steelix;ru;Defensive Tank;75;leftovers;sturdy;careful, sassy;252 PS / 4 Def / 252 DefE;;stealth_rock / earthquake / toxic / heavy_slam, gyro_ball
steelix_uu_1;steelix;uu;Tank;51;steelixite;sturdy;impish;252 PS / 56 Def / 200 DefE;;stealth_rock / roar, toxic / heavy_slam / earthquake
stoutland_nu_1;stoutland;nu;Sand Wallbreaker;65;choice_band;sand_rush;adamant;252 Atq / 4 Def / 252 Vel;;return / crunch / superpower / pursuit, facade
stoutland_pu_1;stoutland;pu;Wallbreaker;76;choice_band;scrappy;adamant;252 Atq / 4 DefE / 252 Vel;;return / facade / superpower / crunch, pursuit
stoutland_pu_2;stoutland;pu;Sand Rush;66;life_orb, choice_band;sand_rush;adamant;252 Atq / 4 DefE / 252 Vel;;return / superpower / crunch / facade
stunfisk_pu_1;stunfisk;pu;Support;71;leftovers, passho_berry;;bold;252 PS / 252 Def / 4 DefE;;stealth_rock / discharge / earth_power / toxic
stunky_lc_1;stunky;lc;Bulky Pursuit;81;eviolite;aftermath;brave;12 PS / 92 Atq / 60 Def / 108 AtqE / 188 DefE / 4 Vel;;pursuit / sucker_punch, defog / fire_blast, sludge_bomb / defog, sludge_bomb
stunky_lc_2;stunky;lc;Fast Utility;78;eviolite;aftermath;jolly;172 PS / 12 Atq / 60 Def / 244 Vel;;pursuit / sucker_punch, play_rough / defog, memento / taunt, crunch
sudowoodo_pu_1;sudowoodo;pu;Suicide Lead;51;custap_berry;;jolly;252 Atq / 4 Def / 252 Vel;;stealth_rock / stone_edge / wood_hammer / sucker_punch, toxic
suicune_ou_1;suicune;ou;Substitute + Protect;75;leftovers;;timid;252 PS / 40 DefE / 216 Vel;;calm_mind / substitute / protect / scald
suicune_ou_2;suicune;ou;Defensive Calm Mind;62;leftovers;;bold;252 PS / 252 Def / 4 DefE;;calm_mind / scald / rest / roar, sleep_talk
suicune_uu_1;suicune;uu;RoarCune;66;leftovers;;bold;252 PS / 252 Def / 4 DefE;;roar / scald / rest / sleep_talk, calm_mind
suicune_uu_2;suicune;uu;CroCune;71;leftovers;;bold;252 PS / 252 Def / 4 DefE;;calm_mind / scald / rest / sleep_talk
suicune_uu_3;suicune;uu;Offensive;59;leftovers;;timid;252 AtqE / 4 DefE / 252 Vel;;calm_mind / hydro_pump, scald / ice_beam / tailwind, hidden_power
suicune_uu_4;suicune;uu;SubCM;59;leftovers;;bold;252 PS / 112 Def / 144 Vel;;substitute / calm_mind / scald / roar, ice_beam
sunflora_pu_1;sunflora;pu;Synthesis + 3 Attacks;48;life_orb;solar_power;modest;92 PS / 252 AtqE / 164 Vel;;leaf_storm, giga_drain / earth_power / hidden_power, sludge_bomb / synthesis
surskit_lc_1;surskit;lc;Sticky Web Setter;58;focus_sash, choice_scarf;;timid;36 PS / 20 Def / 196 AtqE / 20 DefE / 236 Vel;;sticky_web / scald, hydro_pump / icy_wind, ice_beam / giga_drain, aqua_jet
swablu_lc_1;swablu;lc;Cotton Guard;52;eviolite;;adamant;156 PS / 196 Atq / 156 DefE;;return / roost / cotton_guard, heat_wave / agility, heat_wave
swalot_pu_1;swalot;pu;Tank;51;assault_vest;sticky_hold;quiet;248 PS / 200 AtqE / 60 DefE;;sludge_bomb / giga_drain / ice_beam / earthquake
swampert_ou_1;swampert;ou;Rain Sweeper;31;swampertite;damp;adamant;252 Atq / 4 Def / 252 Vel;;waterfall / earthquake / ice_punch / power_up_punch, superpower
swampert_uu_1;swampert;uu;Defensive;91;leftovers;torrent, damp;relaxed;240 PS / 16 Atq / 252 Def;;stealth_rock / earthquake / scald / roar, toxic, protect
swampert_uu_2;swampert;uu;Rain Sweeper;19;swampertite;damp;adamant, jolly;252 Atq / 4 DefE / 252 Vel;;rain_dance / waterfall / earthquake / ice_punch, power_up_punch
swampert_uu_3;swampert;uu;Offensive Stealth Rock;33;swampertite;damp;adamant;212 PS / 252 Atq / 44 Vel;;stealth_rock / waterfall / earthquake / ice_punch
swampert_uu_4;swampert;uu;Physically Defensive;30;swampertite;damp;relaxed;252 PS / 252 Def / 4 DefE;;scald / earthquake / rest / sleep_talk
swampert_uu_5;swampert;uu;Curse;30;swampertite;damp;careful, sassy;252 PS / 4 Def / 252 DefE;;curse / earthquake / rest / ice_punch, scald
swanna_pu_1;swanna;pu;Offensive Defog;81;life_orb;hydration;timid;252 AtqE / 4 DefE / 252 Vel;;hurricane / scald / defog / roost
swellow_nu_1;swellow;nu;Choice Specs;49;choice_specs;scrappy;timid;4 Def / 252 AtqE / 252 Vel;;boomburst / heat_wave / u_turn / sleep_talk, tailwind
swellow_nu_2;swellow;nu;Guts Attacker;38;toxic_orb;;jolly;252 Atq / 4 Def / 252 Vel;;facade / brave_bird / u_turn / quick_attack, protect
swinub_lc_1;swinub;lc;Stealth Rock;44;focus_sash;;jolly;116 PS / 196 Atq / 196 Vel;;stealth_rock / ice_shard / earthquake / endeavor
swoobat_pu_1;swoobat;pu;Calm Mind;51;salac_berry, kee_berry;simple;timid;4 Def / 252 AtqE / 252 Vel;;calm_mind / stored_power / signal_beam / substitute, roost
sylveon_uu_1;sylveon;uu;Choice Specs;59;choice_specs;pixilate;modest;4 Def / 252 AtqE / 252 Vel;;hyper_voice / psyshock / hidden_power / shadow_ball
sylveon_uu_2;sylveon;uu;Cleric;61;leftovers;pixilate;bold;252 PS / 252 Def / 4 DefE;;hyper_voice / heal_bell / wish / protect
taillow_lc_1;taillow;lc;Life Orb;67;life_orb;scrappy;naive;40 Def / 200 AtqE / 240 Vel;19 PS;boomburst / heat_wave, hidden_power / u_turn / brave_bird
taillow_lc_2;taillow;lc;Guts Sweeper;36;toxic_orb;;jolly;36 PS / 236 Atq / 236 Vel;;facade / brave_bird / quick_attack, steel_wing / u_turn, protect, steel_wing
talonflame_ou_1;talonflame;ou;Bulky Swords Dance;61;leftovers;gale_wings;adamant;248 PS / 192 Atq / 8 Def / 60 Vel;;brave_bird / swords_dance / roost / will_o_wisp
talonflame_ou_2;talonflame;ou;Offensive Swords Dance;60;leftovers, sharp_beak;gale_wings;adamant, jolly;252 Atq / 4 Def / 252 Vel;;brave_bird / swords_dance / roost / flare_blitz
talonflame_ou_3;talonflame;ou;Specially Defensive;61;leftovers;gale_wings;careful;248 PS / 8 Def / 252 DefE;;brave_bird / will_o_wisp / roost / swords_dance, taunt
talonflame_ou_4;talonflame;ou;Choice Band;56;choice_band;gale_wings;adamant;252 Atq / 4 Def / 252 Vel;;brave_bird / flare_blitz / u_turn / will_o_wisp, steel_wing
tangela_nu_1;tangela;nu;Offensive;65;eviolite;regenerator;modest;236 PS / 48 Def / 224 AtqE;;leaf_storm / giga_drain, ancient_power / sleep_powder / hidden_power
tangela_nu_2;tangela;nu;Defensive;69;eviolite;regenerator;bold;252 PS / 252 Def / 4 AtqE;;giga_drain / hidden_power / sleep_powder, toxic / leech_seed, synthesis
tangela_pu_1;tangela;pu;Offensive;67;eviolite;regenerator;modest;252 PS / 252 AtqE / 4 Vel;;leaf_storm / sleep_powder / giga_drain / hidden_power, ancient_power
tangela_pu_2;tangela;pu;Defensive;71;eviolite;regenerator;bold;252 PS / 252 Def / 4 Vel;;giga_drain / sleep_powder / synthesis / hidden_power, knock_off
tangela_uu_1;tangela;uu;Defensive;94;eviolite;regenerator;bold;252 PS / 252 Def / 4 DefE;;giga_drain / leech_seed / knock_off, hidden_power / protect
tangrowth_ou_1;tangrowth;ou;Defensive;65;rocky_helmet, leftovers;regenerator;relaxed;244 PS / 216 Def / 48 DefE;;sleep_powder / giga_drain / knock_off / hidden_power, leech_seed
tangrowth_ou_2;tangrowth;ou;Assault Vest;57;assault_vest;regenerator;sassy;252 PS / 4 Def / 252 DefE;;leaf_storm, giga_drain / knock_off / earthquake / hidden_power
tauros_nu_1;tauros;nu;All-Out Attacker;58;life_orb;sheer_force;naive;252 Atq / 4 AtqE / 252 Vel;;rock_climb / earthquake / fire_blast / iron_tail, zen_headbutt
teddiursa_lc_1;teddiursa;lc;Quick Feet;79;toxic_orb;quick_feet;jolly;36 PS / 196 Atq / 36 Def / 36 DefE / 196 Vel;;facade / close_combat / crunch / protect, swords_dance
tentacool_lc_1;tentacool;lc;Rapid Spinner;66;berry_juice;liquid_ooze;calm;196 PS / 76 Def / 196 DefE / 36 Vel;;rapid_spin / sludge_bomb / scald / knock_off, toxic_spikes
tentacool_lc_2;tentacool;lc;Offensive;31;life_orb;;timid;76 Def / 196 AtqE / 36 DefE / 196 Vel;19 PS;hydro_pump / sludge_bomb / knock_off / acid_spray, rapid_spin, giga_drain
tentacool_pu_1;tentacool;pu;Support;79;eviolite;liquid_ooze;calm;252 PS / 4 Def / 252 DefE;;scald / toxic_spikes / haze / rapid_spin, knock_off
tentacruel_ou_1;tentacruel;ou;Support;88;black_sludge;liquid_ooze, rain_dish;timid;248 PS / 216 Def / 28 DefE / 16 Vel;;scald / rapid_spin / acid_spray / toxic_spikes, knock_off
tentacruel_ubers_1;tentacruel;ubers;Spin Spikes;59;black_sludge;liquid_ooze;calm;248 PS / 252 DefE / 8 Vel;;scald / toxic_spikes / rapid_spin / toxic, knock_off
tentacruel_uu_1;tentacruel;uu;Utility;75;black_sludge;liquid_ooze;bold;240 PS / 244 Def / 24 Vel;;rapid_spin / scald / toxic_spikes / haze, acid_spray
tentacruel_uu_2;tentacruel;uu;Offensive;50;black_sludge, expert_belt;;timid;4 Def / 252 AtqE / 252 Vel;;hydro_pump / sludge_bomb / ice_beam / rapid_spin, toxic_spikes
tepig_lc_1;tepig;lc;Life Orb;43;life_orb;;jolly;252 Atq / 236 Vel;;flare_blitz / head_smash / sucker_punch / wild_charge, superpower
terrakion_ou_1;terrakion;ou;Choice Band;49;choice_band;;jolly;252 Atq / 4 Def / 252 Vel;;close_combat / stone_edge / rock_slide, iron_head / quick_attack
terrakion_ou_2;terrakion;ou;Swords Dance;34;life_orb;;jolly;252 Atq / 4 Def / 252 Vel;;swords_dance / close_combat / stone_edge / substitute, rock_polish
terrakion_ou_3;terrakion;ou;Choice Scarf;51;choice_scarf;;jolly;252 Atq / 4 Def / 252 Vel;;close_combat / stone_edge / rock_slide, toxic / iron_head
throh_nu_1;throh;nu;Phazer;60;leftovers;;careful;252 PS / 4 Def / 252 DefE;;circle_throw / rest / sleep_talk / bulk_up, knock_off
thundurus_ou_1;thundurus;ou;Offensive Pivot;59;leftovers, rocky_helmet;;timid;4 Def / 252 AtqE / 252 Vel;;thunder_wave / hidden_power / focus_blast / volt_switch, thunderbolt
thundurus_ou_2;thundurus;ou;Bulky Pivot;58;rocky_helmet, leftovers;;timid;240 PS / 16 Def / 252 Vel;;thunder_wave / hidden_power / knock_off, focus_blast, taunt / volt_switch
thundurus_ou_3;thundurus;ou;Nasty Plot;52;leftovers, life_orb;;timid;4 Def / 252 AtqE / 252 Vel;;nasty_plot / hidden_power / focus_blast / thunderbolt
thundurus_therian_ou_1;thundurus_therian;ou;Nasty Plot;62;leftovers;;timid;252 AtqE / 4 DefE / 252 Vel;;nasty_plot / thunderbolt / hidden_power / focus_blast, substitute, protect
thundurus_therian_ou_2;thundurus_therian;ou;Double Dance;51;leftovers;;modest;104 PS / 252 AtqE / 152 Vel;;agility / nasty_plot / thunderbolt / hidden_power
timburr_lc_1;timburr;lc;Tank;81;eviolite;iron_fist;adamant;76 PS / 196 Atq / 236 Def;;drain_punch / mach_punch / knock_off / ice_punch, bulk_up
tirtouga_lc_1;tirtouga;lc;Stealth Rock + Shell Smash;39;eviolite;;adamant;4 PS / 212 Atq / 12 Def / 76 DefE / 180 Vel;;stealth_rock / shell_smash / waterfall / zen_headbutt, stone_edge, knock_off
togekiss_ou_1;togekiss;ou;Stallbreaker;69;leftovers;serene_grace;timid;252 PS / 80 Def / 176 Vel;;nasty_plot / air_slash / heal_bell, thunder_wave / roost
togekiss_ou_2;togekiss;ou;Defensive;61;leftovers;serene_grace;bold;252 PS / 252 Def / 4 AtqE;;nasty_plot / air_slash / heal_bell / roost
togetic_ru_1;togetic;ru;Support;63;eviolite;super_luck;bold;252 PS / 252 Def / 4 DefE;;roost / thunder_wave / dazzling_gleam / heal_bell
togetic_uu_1;togetic;uu;Support;70;eviolite;serene_grace;calm;248 PS / 8 Def / 252 DefE;;seismic_toss, dazzling_gleam / roost / defog / heal_bell, thunder_wave, toxic
torchic_lc_1;torchic;lc;Life Orb;40;life_orb;speed_boost;modest, rash;36 Def / 200 AtqE / 36 DefE / 236 Vel;;protect / fire_blast / hidden_power / rock_slide
torkoal_pu_1;torkoal;pu;Offensive Rapid Spin;33;life_orb, white_herb;shell_armor;timid;252 AtqE / 4 DefE / 252 Vel;;shell_smash / fire_blast / earth_power / rapid_spin
torkoal_pu_2;torkoal;pu;Defensive;70;leftovers;shell_armor;bold, relaxed;248 PS / 232 Def / 28 DefE;;stealth_rock / lava_plume / toxic, earthquake / rapid_spin
tornadus_therian_ou_1;tornadus_therian;ou;Assault Vest Pivot;64;assault_vest;;timid, jolly;248 PS / 8 Def / 252 Vel;;hurricane / heat_wave, hidden_power / knock_off / u_turn
tornadus_therian_ou_2;tornadus_therian;ou;Taunt;43;rocky_helmet;;timid;248 PS / 8 Def / 252 Vel;;taunt / u_turn / knock_off / hurricane
tornadus_uu_1;tornadus;uu;Special Attacker;23;life_orb;;timid;252 AtqE / 4 DefE / 252 Vel;;hurricane / focus_blast, heat_wave / grass_knot, heat_wave / tailwind, taunt
tornadus_uu_2;tornadus;uu;Bulk Up;23;chesto_berry;;jolly;252 Atq / 4 DefE / 252 Vel;;bulk_up / acrobatics / rest / knock_off, sleep_talk
tornadus_uu_3;tornadus;uu;Defiant Attacker;29;;defiant;jolly;252 Atq / 4 DefE / 252 Vel;;acrobatics / knock_off / superpower / u_turn, iron_tail
tornadus_uu_4;tornadus;uu;Rain Support;18;damp_rock;;timid;252 AtqE / 4 DefE / 252 Vel;;rain_dance / taunt / hurricane / focus_blast, u_turn
torterra_nu_1;torterra;nu;Rock Polish;28;soft_sand, lum_berry;;jolly, adamant;252 Atq / 4 Def / 252 Vel;;rock_polish / wood_hammer / earthquake / stone_edge
torterra_nu_2;torterra;nu;Tank;61;leftovers;;adamant;252 PS / 60 Atq / 196 Def;;wood_hammer / earthquake / stealth_rock / synthesis
torterra_nu_3;torterra;nu;Choice Band;26;choice_band;;adamant;4 PS / 252 Atq / 252 Vel;;wood_hammer / earthquake / stone_edge / seed_bomb
torterra_ru_1;torterra;ru;Bulky Swords Dance;51;leftovers;;careful;252 PS / 180 DefE / 76 Vel;;wood_hammer / earthquake / swords_dance / synthesis
totodile_lc_1;totodile;lc;Dragon Dance;67;eviolite, life_orb;sheer_force;adamant;236 Atq / 4 Def / 252 Vel;;dragon_dance / waterfall / ice_punch / superpower, aqua_jet
totodile_lc_2;totodile;lc;Swords Dance;53;eviolite, life_orb;sheer_force;adamant;236 Atq / 4 Def / 252 Vel;;swords_dance / waterfall / ice_punch / aqua_jet, superpower
toxicroak_uu_1;toxicroak;uu;Swords Dance;66;life_orb;dry_skin;jolly, adamant;252 Atq / 4 DefE / 252 Vel;;swords_dance / gunk_shot / drain_punch, low_kick / sucker_punch, ice_punch, knock_off
toxicroak_uu_2;toxicroak;uu;Nasty Plot;33;life_orb;dry_skin;timid, modest;252 AtqE / 4 DefE / 252 Vel;;nasty_plot / sludge_bomb, sludge_wave / vacuum_wave, focus_blast / dark_pulse, hidden_power, focus_blast
toxicroak_uu_3;toxicroak;uu;Bulky Croak;59;black_sludge;dry_skin;adamant;252 PS / 252 Atq / 4 DefE;;swords_dance / drain_punch / gunk_shot / sucker_punch, ice_punch, knock_off
trapinch_lc_1;trapinch;lc;Trapper;68;berry_juice, eviolite;arena_trap;adamant;156 PS / 36 Atq / 236 Def / 76 DefE;;earthquake / feint / rock_slide / toxic, superpower
treecko_lc_1;treecko;lc;Swords Dance;79;berry_juice;unburden;jolly, adamant;116 PS / 236 Atq / 156 Def;;swords_dance / bullet_seed, seed_bomb / acrobatics / drain_punch
trevenant_nu_1;trevenant;nu;Choice Band;9;choice_band;;adamant, jolly;252 Atq / 4 DefE / 252 Vel;;wood_hammer / shadow_claw / earthquake / rock_slide, horn_leech
trevenant_pu_1;trevenant;pu;Wallbreaker;35;choice_band;;adamant;48 PS / 252 Atq / 208 Vel;;wood_hammer / shadow_claw / rock_slide / earthquake, trick
tropius_pu_1;tropius;pu;SubSeed;56;sitrus_berry;harvest;bold;248 PS / 252 Def / 8 DefE;;leech_seed / substitute / air_slash / protect, toxic
trubbish_lc_1;trubbish;lc;Spikes;91;berry_juice;sticky_hold;jolly;116 PS / 36 Atq / 100 Def / 20 DefE / 236 Vel;;spikes / recycle / gunk_shot / drain_punch
turtwig_lc_1;turtwig;lc;Stealth Rock;39;eviolite;;careful;244 Def / 236 DefE / 28 Vel;;stealth_rock / synthesis / bullet_seed / superpower, crunch
tympole_lc_1;tympole;lc;Rain Sweeper;0;life_orb;;modest;36 PS / 116 Def / 196 AtqE / 36 DefE / 84 Vel;;hydro_pump / sludge_bomb / earth_power / rain_dance
typhlosion_ru_1;typhlosion;ru;Choice Specs;54;choice_specs;flash_fire;timid;4 Def / 252 AtqE / 252 Vel;;eruption / fire_blast / hidden_power / focus_blast
tyranitar_ou_1;tyranitar;ou;Choice Band;56;choice_band;;adamant;88 PS / 252 Atq / 168 Vel;;stone_edge / crunch / superpower / pursuit
tyranitar_ou_2;tyranitar;ou;Dragon Dance;30;tyranitarite;;jolly;252 Atq / 4 Def / 252 Vel;;dragon_dance / stone_edge / ice_punch, crunch / superpower, fire_punch
tyranitar_ou_3;tyranitar;ou;Bulky Support;41;tyranitarite;;adamant;248 PS / 104 Atq / 120 DefE / 36 Vel;;stealth_rock / crunch / superpower, stone_edge / pursuit, taunt
tyranitar_ou_4;tyranitar;ou;Support;42;chople_berry, smooth_rock;;relaxed, impish;248 PS / 92 Atq / 48 Def / 120 DefE;;stealth_rock / stone_edge, rock_tomb / pursuit / ice_beam, superpower, fire_blast
tyranitar_ou_5;tyranitar;ou;Choice Scarf;48;choice_scarf;;jolly;252 Atq / 4 Def / 252 Vel;;stone_edge / pursuit / superpower / crunch
tyranitar_ubers_1;tyranitar;ubers;Support;58;shuca_berry, leftovers;;careful;248 PS / 8 Def / 252 DefE;;stealth_rock / pursuit, low_kick / rock_slide, stone_edge / thunder_wave, roar
tyranitar_ubers_2;tyranitar;ubers;Choice Band;21;choice_band;;jolly;252 Atq / 4 DefE / 252 Vel;;stone_edge / crunch / pursuit / earthquake
tyranitar_ubers_3;tyranitar;ubers;Indominus Rex;6;tyranitarite;;jolly;252 Atq / 4 Def / 252 Vel;;dragon_dance / stone_edge / earthquake / crunch, taunt
tyrantrum_uu_1;tyrantrum;uu;Choice Band;76;choice_band;rock_head;adamant, jolly;252 Atq / 4 Def / 252 Vel;;head_smash / outrage / earthquake / superpower
tyrantrum_uu_2;tyrantrum;uu;Rock Polish;59;life_orb, lum_berry;rock_head;jolly;252 Atq / 4 Def / 252 Vel;;rock_polish / head_smash / dragon_claw, outrage / earthquake
tyrunt_lc_1;tyrunt;lc;Dragon Dance Sweeper;73;berry_juice;sturdy;jolly;204 Atq / 76 DefE / 212 Vel;23 PS;dragon_dance / stone_edge, rock_slide / outrage, earthquake / earthquake, zen_headbutt
tyrunt_lc_2;tyrunt;lc;Stealth Rock Phazer;51;berry_juice, eviolite;sturdy;jolly;52 PS / 204 Atq / 140 Def / 76 DefE;23 PS;stealth_rock / dragon_tail / stone_edge, rock_tomb, rock_slide / earthquake, brick_break
umbreon_uu_1;umbreon;uu;Cleric / Wish Pass;65;leftovers;;calm;252 PS / 4 Def / 252 DefE;;wish / protect, moonlight / heal_bell / foul_play
unfezant_pu_1;unfezant;pu;Tailwind Support;45;focus_sash, scope_lens;super_luck;adamant, jolly;252 Atq / 4 Def / 252 Vel;;tailwind / hypnosis, taunt / u_turn / return
unown_pu_1;unown;pu;For Reasons Unown;0;choice_specs;;modest;252 AtqE / 4 DefE / 252 Vel;;hidden_power
ursaring_pu_1;ursaring;pu;Quick Feet;74;toxic_orb;quick_feet;jolly;252 Atq / 4 Def / 252 Vel;;facade / close_combat / crunch / swords_dance, protect
ursaring_pu_2;ursaring;pu;Bulk Up;7;leftovers;;careful;248 PS / 252 DefE / 8 Vel;;return / bulk_up / rest / sleep_talk
uxie_ru_1;uxie;ru;Defensive Pivot;58;leftovers, colbur_berry;;bold;252 PS / 20 Def / 236 Vel;;stealth_rock / u_turn / yawn, thunder_wave / psyshock
uxie_uu_1;uxie;uu;Support;41;leftovers;;bold;248 PS / 252 Def / 8 DefE;;psychic, psyshock / u_turn / stealth_rock / thunder_wave, yawn
vanillite_lc_1;vanillite;lc;Autotomize;34;eviolite;;mild, modest;240 AtqE / 244 Vel;;autotomize / ice_beam / hidden_power / ice_shard, taunt
vanilluxe_nu_1;vanilluxe;nu;All-Out Attacker;0;life_orb;;rash, naive;4 Atq / 252 AtqE / 252 Vel;;freeze_dry / ice_beam / explosion / ice_shard, flash_cannon
vanilluxe_pu_1;vanilluxe;pu;Autotomize;54;life_orb;weak_armor;modest;4 Def / 252 AtqE / 252 Vel;;autotomize / ice_beam / freeze_dry / hidden_power
vaporeon_uu_1;vaporeon;uu;Wish;73;leftovers;;bold, calm;204 PS / 248 Def / 56 DefE;;wish / scald / protect / heal_bell, roar
venipede_lc_1;venipede;lc;Entry Hazard Setter;80;eviolite, focus_sash;speed_boost;jolly;236 Atq / 44 Def / 220 Vel;;spikes / toxic_spikes / protect / endeavor, pin_missile
venipede_pu_1;venipede;pu;Suicide Lead;98;focus_sash;speed_boost;jolly;252 Vel;;spikes / toxic_spikes / protect / endeavor
venomoth_uu_1;venomoth;uu;Mono-Attacker;69;black_sludge;tinted_lens;timid;252 AtqE / 4 DefE / 252 Vel;;quiver_dance / bug_buzz / sleep_powder, substitute / roost, substitute
venomoth_uu_2;venomoth;uu;Offensive;70;life_orb, focus_sash;tinted_lens;timid;252 AtqE / 4 DefE / 252 Vel;;quiver_dance / sleep_powder / bug_buzz / sludge_bomb, psychic
venonat_lc_1;venonat;lc;Toxic Spikes Setter;56;eviolite, berry_juice;compound_eyes, tinted_lens;timid;36 PS / 116 Def / 36 AtqE / 76 DefE / 236 Vel;;toxic_spikes / sleep_powder / signal_beam, giga_drain / morning_sun, thief, giga_drain
venusaur_ou_1;venusaur;ou;Offensive;48;venusaurite;chlorophyll;modest;248 PS / 8 Def / 208 AtqE / 28 DefE / 16 Vel;;giga_drain / sludge_bomb / growth, knock_off / synthesis
venusaur_ou_2;venusaur;ou;Defensive;49;venusaurite;chlorophyll;bold;248 PS / 100 Def / 140 DefE / 20 Vel;;giga_drain, leech_seed, sleep_powder / sludge_bomb / synthesis / hidden_power, knock_off
venusaur_ru_1;venusaur;ru;Wallbreaker;52;life_orb;overgrow, chlorophyll;timid;252 AtqE / 4 DefE / 252 Vel;;leaf_storm / sludge_bomb / synthesis / sleep_powder, knock_off
venusaur_ru_2;venusaur;ru;Defensive;58;black_sludge;;bold;248 PS / 204 Def / 24 AtqE / 16 DefE / 16 Vel;;giga_drain / sludge_bomb / synthesis / knock_off, leech_seed
venusaur_ru_3;venusaur;ru;Chlorophyll Sweeper;39;life_orb;chlorophyll;modest, timid;4 Def / 252 AtqE / 252 Vel;;growth / giga_drain / sludge_bomb / sleep_powder, hidden_power, solar_beam
venusaur_uu_1;venusaur;uu;Sun Sweeper;23;life_orb;chlorophyll;modest;4 Def / 252 AtqE / 252 Vel;;growth / sludge_bomb / giga_drain / hidden_power
vespiquen_pu_1;vespiquen;pu;Offensive Utility;7;life_orb, insect_plate;;timid;252 AtqE / 4 DefE / 252 Vel;;tailwind / bug_buzz / air_slash / destiny_bond
vibrava_pu_1;vibrava;pu;Defog;81;eviolite;;impish;248 PS / 252 Def / 8 DefE;;defog / u_turn / roost / earthquake
victini_ou_1;victini;ou;MixTini;30;life_orb;;naive, hasty;96 Atq / 160 AtqE / 252 Vel;;v_create / bolt_strike / glaciate / energy_ball, grass_knot
victini_ou_2;victini;ou;Choice Band;68;choice_band;;jolly, adamant;252 Atq / 4 Def / 252 Vel;;v_create / bolt_strike / u_turn / trick
victreebel_nu_1;victreebel;nu;Chlorophyll Sweeper;59;life_orb;;modest;252 AtqE / 4 DefE / 252 Vel;;solar_beam / sludge_bomb / weather_ball / sleep_powder
vigoroth_nu_1;vigoroth;nu;Bulk Up;77;eviolite;;jolly;252 PS / 240 DefE / 16 Vel;;bulk_up / slack_off / taunt, substitute / return, facade
vileplume_nu_1;vileplume;nu;Defensive;75;black_sludge;effect_spore;bold;252 PS / 252 Def / 4 DefE;;giga_drain / moonlight / sludge_bomb / sleep_powder, synthesis, worry_seed
vileplume_nu_2;vileplume;nu;Offensive;76;black_sludge;effect_spore;modest;204 PS / 252 AtqE / 52 Vel;;giga_drain / sludge_bomb / moonlight / hidden_power
virizion_ru_1;virizion;ru;Swords Dance;56;lum_berry, life_orb;;jolly;252 Atq / 4 Def / 252 Vel;;swords_dance / close_combat / leaf_blade / stone_edge, zen_headbutt
virizion_ru_2;virizion;ru;Calm Mind;13;life_orb;;timid;252 AtqE / 4 DefE / 252 Vel;;calm_mind / giga_drain / focus_blast / hidden_power
virizion_uu_1;virizion;uu;Swords Dance;50;lum_berry;;jolly;252 Atq / 4 DefE / 252 Vel;;swords_dance / leaf_blade / close_combat / stone_edge, x_scissor
vivillon_nu_1;vivillon;nu;Quiver Dance;76;focus_sash;compound_eyes;timid;252 AtqE / 4 DefE / 252 Vel;;quiver_dance / hurricane / sleep_powder / energy_ball
vivillon_nu_2;vivillon;nu;Substitute + Quiver Dance;60;leftovers;compound_eyes;timid;16 PS / 240 AtqE / 252 Vel;;substitute / sleep_powder / quiver_dance / hurricane
vivillon_ru_1;vivillon;ru;Quiver Dance;83;focus_sash;compound_eyes;timid;252 AtqE / 4 DefE / 252 Vel;;quiver_dance / hurricane / energy_ball / sleep_powder
volbeat_pu_1;volbeat;pu;Weather Supporter;66;heat_rock, damp_rock;prankster;relaxed;252 PS / 4 Atq / 252 Def;;sunny_day, rain_dance / u_turn / encore / thunder_wave
volcanion_ou_1;volcanion;ou;Choice Scarf;50;choice_scarf;;timid;252 AtqE / 4 DefE / 252 Vel;;steam_eruption / flamethrower / earth_power / sludge_bomb
volcanion_ou_2;volcanion;ou;Physically Defensive;42;leftovers;;bold;248 PS / 176 Def / 80 DefE / 4 Vel;;steam_eruption / flamethrower / toxic, protect / roar, protect
volcanion_ou_3;volcanion;ou;Bulky Offensive;48;leftovers, custap_berry, mystic_water, shuca_berry;;modest;248 PS / 252 AtqE / 8 Vel;;steam_eruption / flamethrower / substitute, sludge_bomb / hidden_power, toxic
volcanion_ou_4;volcanion;ou;Assault Vest;52;assault_vest;;modest;248 PS / 56 AtqE / 144 DefE / 60 Vel;;steam_eruption / flamethrower / earth_power / sludge_bomb
volcarona_ou_1;volcarona;ou;Life Orb;42;life_orb;;modest, timid;252 AtqE / 4 DefE / 252 Vel;;quiver_dance / flamethrower, fire_blast / bug_buzz, hidden_power / giga_drain
volcarona_ou_2;volcarona;ou;Offensive Quiver Dance;50;lum_berry;;timid;252 AtqE / 4 DefE / 252 Vel;;quiver_dance / flamethrower, fire_blast / bug_buzz / giga_drain, hidden_power
volcarona_ou_3;volcarona;ou;Sub Swarm;39;leftovers;swarm;timid;88 PS / 236 AtqE / 184 Vel;;substitute / quiver_dance / flamethrower / bug_buzz
volcarona_ou_4;volcarona;ou;Bulkarona;36;leftovers, passho_berry;;timid;248 PS / 200 Def / 60 Vel;;quiver_dance / roost / flamethrower / giga_drain, bug_buzz
voltorb_lc_1;voltorb;lc;Lead;35;damp_rock, eviolite;static, aftermath;timid;36 PS / 36 Def / 236 AtqE / 196 Vel;;rain_dance / thunder / volt_switch / taunt, thunder_wave
voltorb_lc_2;voltorb;lc;Offensive;40;life_orb;static, aftermath;timid;40 Def / 236 AtqE / 196 Vel;1 PS;taunt / thunderbolt / volt_switch / hidden_power
vullaby_lc_1;vullaby;lc;Offensive Berry Juice;41;berry_juice;weak_armor;adamant;236 Atq / 76 Def / 76 DefE / 116 Vel;;brave_bird / knock_off / u_turn / defog, heat_wave, hidden_power
vullaby_lc_2;vullaby;lc;Bulky Berry Juice;41;berry_juice;weak_armor;careful;116 PS / 80 Def / 160 DefE / 120 Vel;;brave_bird / knock_off / defog / u_turn, hidden_power
vullaby_lc_3;vullaby;lc;Defensive;83;eviolite;overcoat;impish;116 PS / 236 Def / 156 DefE;;brave_bird / knock_off / defog, u_turn / roost
vullaby_lc_4;vullaby;lc;Offensive Eviolite;66;eviolite;weak_armor;adamant;236 Atq / 76 Def / 196 Vel;;brave_bird / knock_off / u_turn, heat_wave / roost
vullaby_lc_5;vullaby;lc;Choice Scarf;55;choice_scarf;overcoat;adamant;236 Atq / 76 Def / 196 Vel;;brave_bird / knock_off / u_turn / defog, heat_wave
vullaby_pu_1;vullaby;pu;Defensive;89;eviolite;overcoat;impish;248 PS / 252 Def / 8 DefE;;foul_play / u_turn / roost / defog
vulpix_lc_1;vulpix;lc;Sun Setter;64;heat_rock;drought;timid;52 PS / 196 AtqE / 236 Vel;;will_o_wisp / flamethrower / energy_ball, flame_charge / quick_attack, hypnosis, roar
wailmer_lc_1;wailmer;lc;Choice Scarf;42;choice_scarf;;timid;36 PS / 76 Def / 200 AtqE / 196 Vel;30 Atq / 30 AtqE;water_spout / hydro_pump, scald, surf / ice_beam / hidden_power
wailmer_lc_2;wailmer;lc;Tank;25;eviolite;oblivious, pressure;bold;36 PS / 236 Def / 36 AtqE / 156 DefE / 36 Vel;;scald / roar / rest / sleep_talk
wailord_pu_1;wailord;pu;StallLord;33;leftovers;pressure;calm;252 Def / 4 AtqE / 252 DefE;;substitute / aqua_ring / protect / scald
walrein_pu_1;walrein;pu;Specially Defensive;41;leftovers;;calm;248 PS / 8 Def / 252 DefE;;roar / toxic / surf / protect, super_fang, encore
wartortle_pu_1;wartortle;pu;Rapid Spin;69;eviolite;;bold;252 PS / 252 Def / 4 DefE;;rapid_spin / scald / foresight / toxic
watchog_pu_1;watchog;pu;Wallbreaker;53;life_orb;analytic;adamant;252 Atq / 4 Def / 252 Vel;;return / low_kick / knock_off / seed_bomb
weavile_ou_1;weavile;ou;Choice Band;73;choice_band;;jolly;252 Atq / 4 Def / 252 Vel;;knock_off / icicle_crash / pursuit / ice_shard
weepinbell_pu_1;weepinbell;pu;Sun Sweeper;79;life_orb;;modest;4 Def / 252 AtqE / 252 Vel;;solar_beam / sludge_bomb / weather_ball / sleep_powder
weezing_nu_1;weezing;nu;Physically Defensive;57;black_sludge;;bold;252 PS / 148 Def / 108 Vel;;will_o_wisp / sludge_bomb / taunt / toxic_spikes, pain_split
weezing_ru_1;weezing;ru;Mixed Tank;62;black_sludge;;bold;252 PS / 28 Def / 228 DefE;;will_o_wisp / sludge_bomb / pain_split, toxic_spikes / taunt, toxic_spikes
weezing_uu_1;weezing;uu;Physically Defensive;57;black_sludge;;bold;252 PS / 252 Def / 4 AtqE;;toxic_spikes / sludge_bomb, flamethrower / will_o_wisp / pain_split, haze
whimsicott_uu_1;whimsicott;uu;Applaud & Attack (Offensive);49;leftovers, pixie_plate;;timid;4 Def / 252 AtqE / 252 Vel;;moonblast / giga_drain, energy_ball / encore / u_turn
whimsicott_uu_2;whimsicott;uu;Support;45;leftovers;;bold, impish;248 PS / 252 Def / 8 Vel;;encore / stun_spore, tailwind, leech_seed / moonblast, giga_drain / u_turn, leech_seed
whimsicott_uu_3;whimsicott;uu;Choice Specs;36;choice_specs;infiltrator;timid;4 Def / 252 AtqE / 252 Vel;;moonblast / energy_ball, giga_drain / switcheroo, psychic, hurricane / u_turn
whirlipede_pu_1;whirlipede;pu;Suicide Lead;74;focus_sash;speed_boost;jolly;244 PS / 12 Def / 252 Vel;;spikes / toxic_spikes / protect / endeavor
whiscash_pu_1;whiscash;pu;Dragon Dance;47;life_orb;hydration;jolly, naive;252 Atq / 4 AtqE / 252 Vel;;dragon_dance / earthquake / waterfall / stone_edge, ice_beam
wigglytuff_pu_1;wigglytuff;pu;Offensive Stealth Rock;46;life_orb;competitive;timid, modest;252 AtqE / 4 DefE / 252 Vel;;stealth_rock / hyper_voice / dazzling_gleam / fire_blast, focus_blast
wingull_lc_1;wingull;lc;Life Orb;50;life_orb;rain_dish;timid;36 Def / 236 AtqE / 236 Vel;18 PS / 30 DefE;scald / hurricane, air_slash / knock_off, hidden_power / u_turn
wobbuffet_pu_1;wobbuffet;pu;Bulky Death Fodder;96;leftovers;telepathy;bold;4 PS / 252 Def / 252 DefE;;encore / destiny_bond / counter / mirror_coat
wobbuffet_ubers_1;wobbuffet;ubers;Utility Trapper;75;custap_berry;;calm;80 PS / 176 Def / 252 DefE;;encore / mirror_coat / counter / destiny_bond, safeguard
woobat_lc_1;woobat;lc;Simple Sweeper;59;eviolite;simple;timid;76 PS / 12 Def / 236 AtqE / 180 Vel;;calm_mind / stored_power / heat_wave / roost
wooper_lc_1;wooper;lc;Water Absorb;73;eviolite;water_absorb;sassy;76 PS / 236 Def / 156 DefE;;scald / earthquake / recover / yawn, toxic, encore, haze
wormadam_pu_1;wormadam;pu;Drag Worm;0;choice_specs;;modest;248 PS / 252 AtqE / 8 DefE;;signal_beam / leaf_storm / giga_drain / hidden_power
wormadam_sandy_pu_1;wormadam_sandy;pu;Margherita;46;leftovers;;adamant;252 PS / 252 Atq / 4 Def;;stealth_rock / earthquake / rock_blast / sucker_punch
wormadam_trash_pu_1;wormadam_trash;pu;Utility;79;leftovers;overcoat;impish;252 PS / 252 Def / 4 DefE;;stealth_rock / toxic / protect / iron_head
wynaut_lc_1;wynaut;lc;Standard;71;berry_juice;;bold;236 PS / 132 Def / 132 DefE;;encore / counter / mirror_coat / safeguard, tickle, destiny_bond
xatu_nu_1;xatu;nu;Pivot;55;rocky_helmet, colbur_berry;magic_bounce;timid;252 PS / 240 Def / 16 Vel;;psychic, psyshock / roost / grass_knot, heat_wave / u_turn, thunder_wave
xatu_nu_2;xatu;nu;Calm Mind;51;leftovers, colbur_berry;magic_bounce;timid;252 PS / 240 Def / 16 Vel;;calm_mind / roost / psyshock / heat_wave, signal_beam
xatu_nu_3;xatu;nu;Offensive;46;life_orb;magic_bounce;timid;4 Def / 252 AtqE / 252 Vel;;psychic, psyshock / grass_knot / heat_wave / roost
xatu_ru_1;xatu;ru;Defensive Pivot;52;leftovers, colbur_berry;magic_bounce;impish;252 PS / 252 Def / 4 DefE;;u_turn / roost / night_shade / toxic
xerneas_ubers_1;xerneas;ubers;Geomancy;57;power_herb;;modest;184 PS / 28 Def / 252 AtqE / 44 Vel;;geomancy / moonblast / thunder, aromatherapy / focus_blast, hidden_power
xerneas_ubers_2;xerneas;ubers;Choice Scarf;38;choice_scarf;;modest;32 Def / 252 AtqE / 224 Vel;;moonblast / focus_blast / sleep_talk, aromatherapy / thunder, grass_knot
xerneas_ubers_3;xerneas;ubers;Choice Specs;31;choice_specs;;modest, timid;4 Def / 252 AtqE / 252 Vel;;moonblast / hidden_power, focus_blast / grass_knot, thunder / psyshock, aromatherapy
xerneas_ubers_4;xerneas;ubers;All-out Attacker;31;life_orb, expert_belt;;mild, rash;32 Atq / 252 AtqE / 224 Vel;;moonblast / aromatherapy / thunder, rock_slide / close_combat, focus_blast
xerneas_ubers_5;xerneas;ubers;Defensive;25;leftovers;;bold;248 PS / 252 Def / 8 DefE;;moonblast / sleep_talk / rest / aromatherapy, roar
xerneas_ubers_6;xerneas;ubers;Calm Mind;22;leftovers;;bold;248 PS / 252 Def / 8 DefE;;calm_mind / sleep_talk / rest / moonblast
yamask_lc_1;yamask;lc;Support;63;eviolite;;sassy;52 PS / 36 Atq / 236 Def / 156 DefE;;toxic_spikes / will_o_wisp, knock_off / hex / knock_off, memento
yanmega_uu_1;yanmega;uu;Choice Specs;55;choice_specs;tinted_lens;timid;252 AtqE / 4 DefE / 252 Vel;;bug_buzz / air_slash / giga_drain / u_turn, sleep_talk
yanmega_uu_2;yanmega;uu;Speed Boost;68;life_orb;;modest;252 AtqE / 4 DefE / 252 Vel;;protect / bug_buzz / air_slash / giga_drain, shadow_ball
yveltal_ubers_1;yveltal;ubers;Choice Band;29;choice_band;;adamant;252 Atq / 32 Def / 224 Vel;;knock_off / u_turn / foul_play / sucker_punch, steel_wing
yveltal_ubers_2;yveltal;ubers;Strong Bird;39;life_orb, black_glasses;;rash;132 PS / 28 Atq / 252 AtqE / 96 Vel;;dark_pulse / oblivion_wing / sucker_punch / heat_wave, focus_blast
yveltal_ubers_3;yveltal;ubers;Tough Bird (Flying Tank);31;leftovers, charti_berry;;bold, impish;248 PS / 252 Def / 8 DefE;;foul_play / roost / toxic, sucker_punch / taunt
yveltal_ubers_4;yveltal;ubers;Fashionable Bird (Choice Scarf);33;choice_scarf;;modest;32 PS / 4 Def / 248 AtqE / 224 Vel;;foul_play / dark_pulse / oblivion_wing / u_turn
zangoose_nu_1;zangoose;nu;Toxic Orb Attacker;93;toxic_orb;toxic_boost;adamant, jolly;252 Atq / 4 Def / 252 Vel;;facade / knock_off / close_combat / quick_attack
zapdos_ou_1;zapdos;ou;Physically Defensive;74;leftovers, rocky_helmet;static, pressure;bold;248 PS / 228 Def / 32 Vel;;volt_switch, discharge / heat_wave / roost / hidden_power, defog
zapdos_ou_2;zapdos;ou;Specially Defensive;63;leftovers;;calm;252 PS / 60 Def / 180 DefE / 16 Vel;;thunderbolt, volt_switch / roost / hidden_power / defog, heat_wave
zebstrika_pu_1;zebstrika;pu;All-Out Attacker;68;life_orb;sap_sipper, lightning_rod;timid;252 AtqE / 4 DefE / 252 Vel;;volt_switch / thunderbolt / overheat / hidden_power
zekrom_ubers_1;zekrom;ubers;Hone Claws;31;shuca_berry;;adamant;136 PS / 252 Atq / 120 Vel;;hone_claws / bolt_strike / dragon_claw / outrage, substitute
zekrom_ubers_2;zekrom;ubers;Choice Scarf;60;choice_scarf;;naughty;252 Atq / 4 AtqE / 252 Vel;;bolt_strike / outrage / draco_meteor / volt_switch
zekrom_ubers_3;zekrom;ubers;Life Orb;50;life_orb;;naughty;252 Atq / 4 AtqE / 252 Vel;;bolt_strike / outrage, dragon_claw / draco_meteor / volt_switch, tailwind
zekrom_ubers_4;zekrom;ubers;Choice Band;40;choice_band;;adamant, naughty;252 Atq / 4 AtqE / 252 Vel;;bolt_strike / outrage / dragon_claw / volt_switch
zigzagoon_lc_1;zigzagoon;lc;Belly Drum;80;berry_juice;;adamant;132 PS / 196 Atq / 108 Def / 28 DefE / 36 Vel;;belly_drum / extreme_speed / thief / seed_bomb, protect
zoroark_uu_1;zoroark;uu;Choice Specs;31;choice_specs;;timid;252 AtqE / 4 DefE / 252 Vel;;dark_pulse, night_daze / focus_blast / trick / sludge_bomb, flamethrower, grass_knot
zoroark_uu_2;zoroark;uu;Swords Dance;20;focus_sash, life_orb;;adamant, jolly;252 Atq / 4 DefE / 252 Vel;;swords_dance / sucker_punch / knock_off / low_kick, return
zoroark_uu_3;zoroark;uu;Nasty Plot;37;life_orb;;timid;252 AtqE / 4 DefE / 252 Vel;;nasty_plot / dark_pulse / focus_blast / sludge_bomb, flamethrower, grass_knot
zoroark_uu_4;zoroark;uu;Mixed Attacker;25;life_orb;;naive;196 Atq / 96 AtqE / 216 Vel;;sucker_punch / knock_off / low_kick / sludge_bomb, flamethrower, grass_knot
zorua_lc_1;zorua;lc;Life Orb Attacker;41;life_orb;;timid, naive;36 Def / 196 AtqE / 36 DefE / 236 Vel;;nasty_plot, knock_off / dark_pulse, night_daze / extrasensory / u_turn, hidden_power, knock_off
zubat_lc_1;zubat;lc;Support;66;eviolite;infiltrator;jolly;196 PS / 76 Atq / 236 Vel;;defog / brave_bird / u_turn / roost
zweilous_pu_1;zweilous;pu;Choice Band;55;choice_band;;adamant;4 PS / 252 Atq / 252 Vel;;crunch / outrage / superpower / head_smash
zweilous_pu_2;zweilous;pu;Specially Defensive;29;eviolite;;careful;248 PS / 8 Def / 252 DefE;;crunch / dragon_tail / rest / sleep_talk, thunder_wave, toxic
zygarde_ou_1;zygarde;ou;SubCoil;53;leftovers;;careful;200 PS / 252 DefE / 56 Vel;;substitute / coil / earthquake / dragon_tail
zygarde_ou_2;zygarde;ou;Dragon Dance;41;life_orb, lum_berry;;adamant;4 PS / 252 Atq / 252 Vel;;dragon_dance / earthquake / outrage / stone_edge, extreme_speed
zygarde_ou_3;zygarde;ou;DDRest;26;chesto_berry;;adamant;120 PS / 252 Atq / 136 Vel;;dragon_dance / rest / earthquake / outrage, stone_edge
zygarde_ou_4;zygarde;ou;Parashuffler;52;leftovers;;impish;200 PS / 252 Def / 56 Vel;;glare / earthquake / dragon_tail / substitute
