id;nombre;nombre_en;descripcion;categoria;precio;en_combate;fuera_combate;se_gasta;es_baya;efectos
master_ball;Master Ball;Master Ball;La Poké Ball definitiva. Atrapa cualquier Pokémon salvaje y no falla nunca.;Ball;0;si;no;si;no;al_usar: captura x255
ultra_ball;Ultra Ball;Ultra Ball;Poké Ball de rendimiento superior. Tiene un índice de éxito mayor al de la Super Ball.;Ball;800;si;no;si;no;al_usar: captura x2
great_ball;Super Ball;Great Ball;Poké Ball de alto rendimiento. Tiene un índice de éxito superior al de la Poké Ball.;Ball;600;si;no;si;no;al_usar: captura x1,5
poke_ball;Poké Ball;Poké Ball;Dispositivo con diseño capsular que atrapa Pokémon salvajes. Se lanza como una bola contra el blanco.;Ball;200;si;no;si;no;al_usar: captura x1
safari_ball;Safari Ball;Safari Ball;Poké Ball con un diseño de camuflaje que se utiliza únicamente en la Zona Safari.;Ball;0;si;no;si;no;al_usar: captura x1
net_ball;Malla Ball;Net Ball;Es algo distinta a las demás. Funciona especialmente bien con los Pokémon de tipo Agua y Bicho.;Ball;1000;si;no;si;no;al_usar: captura x1
dive_ball;Buceo Ball;Dive Ball;Es algo distinta a las demás. Funciona especialmente bien con los Pokémon que viven bajo el agua.;Ball;1000;si;no;si;no;al_usar: captura x1
nest_ball;Nido Ball;Nest Ball;Es algo distinta a las demás. Funciona especialmente bien con los Pokémon salvajes de nivel bajo.;Ball;1000;si;no;si;no;al_usar: captura x1
repeat_ball;Acopio Ball;Repeat Ball;Es algo distinta a las demás. Funciona especialmente bien con las especies de Pokémon que ya has capturado.;Ball;1000;si;no;si;no;al_usar: captura x1
timer_ball;Turno Ball;Timer Ball;Una Poké Ball algo distinta que va mejorando su rendimiento con cada turno de combate.;Ball;1000;si;no;si;no;al_usar: captura x1
luxury_ball;Lujo Ball;Luxury Ball;Acogedora Poké Ball que hace más amistosos a los Pokémon salvajes capturados.;Ball;3000;si;no;si;no;al_usar: captura x1
premier_ball;Honor Ball;Premier Ball;Es una Poké Ball algo singular que se creó para conmemorar algún acontecimiento.;Ball;20;si;no;si;no;al_usar: captura x1
dusk_ball;Ocaso Ball;Dusk Ball;Es algo particular. Hace que sea más fácil capturar a los Pokémon salvajes por la noche o en lugares oscuros.;Ball;1000;si;no;si;no;al_usar: captura x1
heal_ball;Sana Ball;Heal Ball;Poké Ball curativa que restaura los PS y cura todos los problemas de estado de un Pokémon después de capturarlo.;Ball;300;si;no;si;no;al_usar: captura x1
quick_ball;Veloz Ball;Quick Ball;Una Poké Ball algo distinta que potencia el índice de captura si se usa al inicio de un encuentro con Pokémon salvajes.;Ball;1000;si;no;si;no;al_usar: captura x1
cherish_ball;Gloria Ball;Cherish Ball;Es una Poké Ball bastante singular que se creó para conmemorar alguna ocasión especial.;Ball;0;si;no;si;no;al_usar: captura x1
potion;Poción;Potion;Medicina en espray que cura heridas y restaura 20 PS a un Pokémon.;Medicine;200;si;si;si;no;al_usar: curar 20
antidote;Antídoto;Antidote;Medicina en espray que contrarresta los efectos del veneno en un Pokémon.;StatusCure;200;si;si;si;no;al_usar: curar_estado poison,toxic
burn_heal;Antiquemar;Burn Heal;Medicina en espray que cura las quemaduras a un Pokémon.;StatusCure;200;si;si;si;no;al_usar: curar_estado burn
ice_heal;Antihielo;Ice Heal;Medicina en espray que descongela a un Pokémon.;StatusCure;200;si;si;si;no;al_usar: curar_estado freeze
awakening;Despertar;Awakening;Medicina en espray que libera a un Pokémon de las garras del sueño.;StatusCure;200;si;si;si;no;al_usar: curar_estado sleep
paralyze_heal;Antiparalizador;Paralyze Heal;Medicina en espray que cura a un Pokémon paralizado.;StatusCure;200;si;si;si;no;al_usar: curar_estado paralysis
full_restore;Restaurar Todo;Full Restore;Medicina que restaura todos los PS y cura todos los problemas de estado de un Pokémon.;Medicine;3000;si;si;si;no;al_usar: curar 100% | al_usar: curar_estado
max_potion;Poción Máxima;Max Potion;Medicina en espray que cura heridas y restaura todos los PS de un Pokémon.;Medicine;2500;si;si;si;no;al_usar: curar 100%
hyper_potion;Hiperpoción;Hyper Potion;Medicina en espray que cura heridas y restaura 120 PS de un Pokémon.;Medicine;1500;si;si;si;no;al_usar: curar 120
super_potion;Superpoción;Super Potion;Medicina en espray que cura heridas y restaura 60 PS de un Pokémon.;Medicine;700;si;si;si;no;al_usar: curar 60
full_heal;Cura Total;Full Heal;Medicina en espray que cura todos los problemas de estado de un Pokémon.;StatusCure;400;si;si;si;no;al_usar: curar_estado
revive;Revivir;Revive;Medicina que revive a un Pokémon debilitado y le devuelve la mitad de sus PS.;Revive;2000;si;si;si;no;al_usar: revivir 50%
max_revive;Revivir Máximo;Max Revive;Medicina que revive a un Pokémon debilitado y le devuelve todos sus PS.;Revive;4000;si;si;si;no;al_usar: revivir 100%
fresh_water;Agua Fresca;Fresh Water;Agua de alto contenido mineral que restaura 30 PS de un Pokémon.;Other;200;no;no;no;no;
soda_pop;Refresco;Soda Pop;Chispeante bebida gaseosa que restaura 50 PS de un Pokémon.;Other;300;no;no;no;no;
lemonade;Limonada;Lemonade;Bebida muy dulce que restaura 70 PS de un Pokémon.;Other;400;no;no;no;no;
moomoo_milk;Leche Mu-mu;Moomoo Milk;Leche de alto valor nutritivo que restaura 100 PS de un Pokémon.;Other;600;no;no;no;no;
energy_powder;Polvo Energía;Energy Powder;Polvo medicinal muy amargo que restaura 60 PS de un Pokémon.;Other;500;no;no;no;no;
energy_root;Raíz Energía;Energy Root;Raíz muy amarga que restaura 120 PS de un Pokémon.;Other;1200;no;no;no;no;
heal_powder;Polvo Curación;Heal Powder;Polvos medicinales muy amargos que curan todos los problemas de estado de un Pokémon.;Other;300;no;no;no;no;
revival_herb;Hierba Revivir;Revival Herb;Hierba muy amarga que reanima a un Pokémon debilitado y restaura todos sus PS.;Other;2800;no;no;no;no;
ether;Éter;Ether;Restaura 10 PP del movimiento elegido de un Pokémon.;PpRestore;1200;si;si;si;no;al_usar: pp 10
max_ether;Éter Máximo;Max Ether;Restaura completamente los PP del movimiento elegido de un Pokémon.;PpRestore;2000;si;si;si;no;al_usar: pp 999
elixir;Elixir;Elixir;Restaura 10 PP de todos los movimientos aprendidos por el Pokémon elegido.;PpRestore;3000;si;si;si;no;al_usar: pp_todos 10
max_elixir;Elixir Máximo;Max Elixir;Restaura completamente los PP de todos los movimientos aprendidos por el Pokémon elegido.;PpRestore;4500;si;si;si;no;al_usar: pp_todos 999
lava_cookie;Galleta Lava;Lava Cookie;Dulce típico de Pueblo Lavacalda que cura todos los problemas de estado de un Pokémon.;Other;350;no;no;no;no;
berry_juice;Zumo de Baya;Berry Juice;Zumo de bayas 100% natural que restaura 20 PS de un Pokémon.;Other;200;no;no;no;no;
sacred_ash;Ceniza Sagrada;Sacred Ash;Reanima completamente a todos los Pokémon debilitados y restaura todos sus PS.;Other;50000;no;no;no;no;
hp_up;Más PS;HP Up;Nutritiva bebida que potencia los PS de base de un Pokémon.;Vitamin;10000;no;si;si;no;
protein;Proteína;Protein;Nutritiva bebida que potencia el Ataque de base de un Pokémon.;Vitamin;10000;no;si;si;no;
iron;Hierro;Iron;Nutritiva bebida que potencia la Defensa de base de un Pokémon.;Vitamin;10000;no;si;si;no;
carbos;Carburante;Carbos;Nutritiva bebida que potencia la Velocidad de base de un Pokémon.;Vitamin;10000;no;si;si;no;
calcium;Calcio;Calcium;Nutritiva bebida que potencia el Ataque Especial de base de un Pokémon.;Vitamin;10000;no;si;si;no;
rare_candy;Caramelo Raro;Rare Candy;Caramelo energético que sube a un Pokémon de nivel.;Vitamin;10000;no;si;si;no;
pp_up;Más PP;PP Up;Aumenta ligeramente los PP máximos del movimiento elegido de un Pokémon.;Vitamin;10000;no;si;si;no;
zinc;Zinc;Zinc;Nutritiva bebida que aumenta la Defensa Especial de base de un Pokémon.;Vitamin;10000;no;si;si;no;
pp_max;PP Máximos;PP Max;Aumenta hasta el límite los PP máximos del movimiento elegido de un Pokémon.;Vitamin;10000;no;si;si;no;
old_gateau;Barrita Plus;Old Gateau;Especialidad de la Vieja Mansión. Cura todos los problemas de estado de un Pokémon.;Other;350;no;no;no;no;
guard_spec;Protección X;Guard Spec.;Evita que bajen las características del equipo Pokémon durante cinco turnos.;Other;1500;no;no;no;no;
dire_hit;Crítico X;Dire Hit;Aumenta el índice de golpe crítico en combate. Solo se puede usar una vez y, al cambiar de Pokémon, el efecto desaparece.;Other;1000;no;no;no;no;
x_attack;Ataque X;X Attack;Aumenta mucho el Ataque en combate. Al cambiar de Pokémon, el efecto desaparece.;BattleBoost;1000;si;no;si;no;al_usar: etapa attack +2
x_defense;Defensa X;X Defense;Aumenta mucho la Defensa en combate. Al cambiar de Pokémon, el efecto desaparece.;BattleBoost;2000;si;no;si;no;al_usar: etapa defense +2
x_speed;Velocidad X;X Speed;Aumenta mucho la Velocidad en combate. Al cambiar de Pokémon, el efecto desaparece.;BattleBoost;1000;si;no;si;no;al_usar: etapa speed +2
x_accuracy;Precisión X;X Accuracy;Aumenta mucho la Precisión en combate. Al cambiar de Pokémon, el efecto desaparece.;BattleBoost;1000;si;no;si;no;al_usar: etapa accuracy +2
x_sp_atk;At. Especial X;X Sp. Atk;Aumenta mucho el Ataque Especial en combate. Al cambiar de Pokémon, el efecto desaparece.;BattleBoost;1000;si;no;si;no;al_usar: etapa sp_attack +2
x_sp_def;Def. Especial X;X Sp. Def;Aumenta mucho la Defensa Especial en combate. Al cambiar de Pokémon, el efecto desaparece.;BattleBoost;2000;si;no;si;no;al_usar: etapa sp_defense +2
poke_doll;Poké Muñeco;Poké Doll;Un muñeco que atrae a los Pokémon. Es útil para huir de un combate contra un Pokémon salvaje.;Other;300;no;no;no;no;
fluffy_tail;Cola Skitty;Fluffy Tail;Un objeto que atrae a los Pokémon. Es útil para huir de un combate contra un Pokémon salvaje.;Other;100;no;no;no;no;
blue_flute;Flauta Azul;Blue Flute;Una flauta de cristal azul cuyas notas despiertan a un Pokémon del sueño.;Other;20;no;no;no;no;
yellow_flute;Flauta Amarilla;Yellow Flute;Una flauta de cristal amarillo cuyas notas sacan a un Pokémon de la confusión.;Other;20;no;no;no;no;
red_flute;Flauta Roja;Red Flute;Una flauta de cristal rojo cuyas notas vuelven en sí a un Pokémon enamorado.;Other;20;no;no;no;no;
black_flute;Flauta Negra;Black Flute;Una flauta de cristal negro cuyas notas atraen a Pokémon salvajes más fuertes al lugar en el que se usa.;Other;20;no;no;no;no;
white_flute;Flauta Blanca;White Flute;Una flauta de cristal blanco cuyas notas atraen a Pokémon salvajes más débiles al lugar en el que se usa.;Other;20;no;no;no;no;
shoal_salt;Sal Cardumen;Shoal Salt;Una sal muy fina que se encuentra en la Cueva Cardumen.;Other;20;no;no;no;no;
shoal_shell;Concha Cardumen;Shoal Shell;Concha que se encuentra en la Cueva Cardumen.;Other;20;no;no;no;no;
red_shard;Parte Roja;Red Shard;Un pequeño fragmento rojo. Parece formar parte de algún tipo de herramienta antigua.;Other;1000;no;no;no;no;
blue_shard;Parte Azul;Blue Shard;Un pequeño fragmento azul. Parece formar parte de algún tipo de herramienta antigua.;Other;1000;no;no;no;no;
yellow_shard;Parte Amarilla;Yellow Shard;Un pequeño fragmento amarillo. Parece formar parte de algún tipo de herramienta antigua.;Other;1000;no;no;no;no;
green_shard;Parte Verde;Green Shard;Un pequeño fragmento verde. Parece formar parte de algún tipo de herramienta antigua.;Other;1000;no;no;no;no;
super_repel;Superrepelente;Super Repel;Evita encuentros con Pokémon salvajes débiles durante más tiempo que un Repelente normal.;Other;700;no;no;no;no;
max_repel;Repelente Máximo;Max Repel;Evita encuentros con Pokémon salvajes débiles durante más tiempo que un Superrepelente.;Other;900;no;no;no;no;
escape_rope;Cuerda Huida;Escape Rope;Cuerda larga y resistente que sirve para huir de cuevas y sitios cerrados en general.;Other;300;no;no;no;no;
repel;Repelente;Repel;Evita encuentros con Pokémon salvajes débiles durante un corto período de tiempo.;Other;400;no;no;no;no;
sun_stone;Piedra Solar;Sun Stone;Curiosa piedra que hace evolucionar a determinadas especies de Pokémon. Es roja como el núcleo del sol.;Evolution;3000;no;si;si;no;
moon_stone;Piedra Lunar;Moon Stone;Curiosa piedra que hace evolucionar a determinadas especies de Pokémon. Es oscura como la noche.;Evolution;3000;no;si;si;no;
fire_stone;Piedra Fuego;Fire Stone;Curiosa piedra que hace evolucionar a determinadas especies de Pokémon. Es amarilla con una marca naranja.;Evolution;3000;no;si;si;no;
thunder_stone;Piedra Trueno;Thunder Stone;Curiosa piedra que hace evolucionar a determinadas especies de Pokémon. Tiene grabado un rayo.;Evolution;3000;no;si;si;no;
water_stone;Piedra Agua;Water Stone;Curiosa piedra que hace evolucionar a determinadas especies de Pokémon. Es de color azul.;Evolution;3000;no;si;si;no;
leaf_stone;Piedra Hoja;Leaf Stone;Curiosa piedra que hace evolucionar a determinadas especies de Pokémon. Tiene grabada una hoja.;Evolution;3000;no;si;si;no;
tiny_mushroom;Miniseta;Tiny Mushroom;Una pequeña seta que es poco común y bastante popular entre determinados grupos de gourmets.;Other;500;no;no;no;no;
big_mushroom;Seta Grande;Big Mushroom;Una gran seta que es poco común y muy popular entre determinados grupos de gourmets.;Other;5000;no;no;no;no;
pearl;Perla;Pearl;Brillante perla pequeña y plateada que no alcanza un buen precio en las tiendas.;Other;2000;no;no;no;no;
big_pearl;Perla Grande;Big Pearl;Brillante perla plateada de gran tamaño que puede venderse a buen precio en las tiendas.;Other;8000;no;no;no;no;
stardust;Polvo Estelar;Stardust;Bonita arena roja de tacto sedoso que no alcanza un buen precio en las tiendas.;Other;3000;no;no;no;no;
star_piece;Trozo Estrella;Star Piece;Fragmento de una bonita gema roja que puede venderse muy caro en las tiendas.;Other;12000;no;no;no;no;
nugget;Pepita;Nugget;Pepita de oro puro que desprende un brillo espectacular. Puede venderse a un precio muy alto en las tiendas.;Other;10000;no;no;no;no;
heart_scale;Escama Corazón;Heart Scale;Una bella y rara escama con forma de corazón que más de uno apreciará si se la entregas.;Other;100;no;no;no;no;
honey;Miel;Honey;Su delicioso aroma atrae a Pokémon salvajes si se usa en zonas de hierba alta, cuevas o árboles especiales.;Other;900;no;no;no;no;
growth_mulch;Abono Rápido;Growth Mulch;Un fertilizante usado para el cultivo de bayas. Parece que no se asienta bien en el suelo de Hoenn, por lo que no tiene efecto en esta región.;Other;200;no;no;no;no;
damp_mulch;Abono Lento;Damp Mulch;Un fertilizante usado para el cultivo de bayas. Parece que no se asienta bien en el suelo de Hoenn, por lo que no tiene efecto en esta región.;Other;200;no;no;no;no;
stable_mulch;Abono Fijador;Stable Mulch;Un fertilizante usado para el cultivo de bayas. Parece que no se asienta bien en el suelo de Hoenn, por lo que no tiene efecto en esta región.;Other;200;no;no;no;no;
gooey_mulch;Abono Brote;Gooey Mulch;Un fertilizante usado para el cultivo de bayas. Parece que no se asienta bien en el suelo de Hoenn, por lo que no tiene efecto en esta región.;Other;200;no;no;no;no;
root_fossil;Fósil Raíz;Root Fossil;Fósil de un Pokémon prehistórico que vivía en el fondo del mar. Parece ser parte de una raíz.;Other;7000;no;no;no;no;
claw_fossil;Fósil Garra;Claw Fossil;Fósil de un Pokémon prehistórico que vivía en el fondo del mar. Parece ser parte de una garra.;Other;7000;no;no;no;no;
helix_fossil;Fósil Hélix;Helix Fossil;Fósil de un Pokémon prehistórico que vivía en el fondo del mar. Parece ser un fragmento de concha marina.;Other;7000;no;no;no;no;
dome_fossil;Fósil Domo;Dome Fossil;Fósil de un Pokémon prehistórico que vivía en el fondo del mar. Parece ser un fragmento de caparazón.;Other;7000;no;no;no;no;
old_amber;Ámbar Viejo;Old Amber;Fragmento de ámbar que contiene información genética de un Pokémon prehistórico. Es de color amarillo.;Other;10000;no;no;no;no;
armor_fossil;Fósil Coraza;Armor Fossil;Fósil de un Pokémon prehistórico terrestre. Parece ser parte de una protección ósea del cuello.;Other;7000;no;no;no;no;
skull_fossil;Fósil Cráneo;Skull Fossil;Fósil de un Pokémon prehistórico terrestre. Parece ser parte de una cabeza.;Other;7000;no;no;no;no;
rare_bone;Hueso Raro;Rare Bone;Un hueso de gran valor para la arqueología Pokémon. Puede alcanzar un alto precio en las tiendas.;Other;5000;no;no;no;no;
shiny_stone;Piedra Día;Shiny Stone;Una piedra peculiar que hace evolucionar a algunos Pokémon. Tiene un brillo espectacular.;Evolution;3000;no;si;si;no;
dusk_stone;Piedra Noche;Dusk Stone;Una piedra peculiar que hace evolucionar a algunos Pokémon. Es oscura como la noche.;Evolution;3000;no;si;si;no;
dawn_stone;Piedra Alba;Dawn Stone;Una piedra peculiar que hace evolucionar a algunos Pokémon. Brilla como un lucero.;Evolution;3000;no;si;si;no;
oval_stone;Piedra Oval;Oval Stone;Una piedra peculiar que hace evolucionar a algunos Pokémon. Tiene forma de huevo.;Held;2000;no;no;no;no;
odd_keystone;Piedra Espíritu;Odd Keystone;Vital para impedir que una torre de piedra se derrumbe. A veces se oyen voces en su interior.;Other;2100;no;no;no;no;
adamant_orb;Diamansfera;Adamant Orb;Una esfera brillante que potencia los movimientos de tipo Acero y Dragón. Debe llevarla Dialga.;Other;0;no;no;no;no;
lustrous_orb;Lustresfera;Lustrous Orb;Una bonita esfera que potencia los movimientos de tipo Dragón y Agua. Debe llevarla Palkia.;Other;0;no;no;no;no;
grass_mail;Carta Hierba;Grass Mail;;Other;50;no;no;no;no;
flame_mail;Carta Fuego;Flame Mail;;Other;50;no;no;no;no;
bubble_mail;Carta Pompas;Bubble Mail;;Other;50;no;no;no;no;
bloom_mail;Carta Flores;Bloom Mail;;Other;50;no;no;no;no;
tunnel_mail;Carta Mina;Tunnel Mail;;Other;50;no;no;no;no;
steel_mail;Carta Acero;Steel Mail;;Other;50;no;no;no;no;
heart_mail;Car. Corazón;Heart Mail;;Other;50;no;no;no;no;
snow_mail;Carta Nieve;Snow Mail;;Other;50;no;no;no;no;
space_mail;Car. Sideral;Space Mail;;Other;50;no;no;no;no;
air_mail;Carta Aérea;Air Mail;;Other;50;no;no;no;no;
mosaic_mail;Car. Mosaico;Mosaic Mail;;Other;50;no;no;no;no;
brick_mail;Carta Pared;Brick Mail;;Other;50;no;no;no;no;
cheri_berry;Baya Zreza;Cheri Berry;Los Pokémon pueden llevarla o usarla para recuperarse de la parálisis.;Berry;80;no;no;no;si;"al_sufrir_estado: curar_estado paralysis; se_gasta"
chesto_berry;Baya Atania;Chesto Berry;Los Pokémon pueden llevarla o usarla para despertar del sueño.;Berry;80;no;no;no;si;"al_sufrir_estado: curar_estado sleep; se_gasta"
pecha_berry;Baya Meloc;Pecha Berry;Los Pokémon pueden llevarla o usarla para curarse del envenenamiento.;Berry;80;no;no;no;si;"al_sufrir_estado: curar_estado poison,toxic; se_gasta"
rawst_berry;Baya Safre;Rawst Berry;Los Pokémon pueden llevarla o usarla para curarse las quemaduras.;Berry;80;no;no;no;si;"al_sufrir_estado: curar_estado burn; se_gasta"
aspear_berry;Baya Perasi;Aspear Berry;Los Pokémon pueden llevarla o usarla para descongelarse.;Berry;80;no;no;no;si;"al_sufrir_estado: curar_estado freeze; se_gasta"
leppa_berry;Baya Zanama;Leppa Berry;Los Pokémon pueden llevarla o usarla para restaurar 10 PP de un movimiento.;Other;80;no;no;no;si;
oran_berry;Baya Aranja;Oran Berry;Los Pokémon pueden llevarla o usarla para restaurar 10 PS.;Berry;80;no;no;no;si;"poca_vida@50: curar 10; se_gasta"
persim_berry;Baya Caquic;Persim Berry;Los Pokémon pueden llevarla o usarla para librarse de la confusión.;Berry;80;no;no;no;si;"al_sufrir_estado: curar_estado confusion; se_gasta"
lum_berry;Baya Ziuela;Lum Berry;Los Pokémon pueden llevarla o usarla para recuperarse de problemas de estado.;Berry;80;no;no;no;si;"al_sufrir_estado: curar_estado; se_gasta"
sitrus_berry;Baya Zidra;Sitrus Berry;Los Pokémon pueden llevarla o usarla para restaurar algunos PS.;Berry;80;no;no;no;si;"poca_vida@50: curar 25%; se_gasta"
figy_berry;Baya Higog;Figy Berry;Los Pokémon pueden llevarla o usarla para restaurar algunos PS. Su sabor puede causar confusión.;Berry;80;no;no;no;si;"poca_vida@50: curar 12,5%; se_gasta"
wiki_berry;Baya Wiki;Wiki Berry;Los Pokémon pueden llevarla o usarla para restaurar algunos PS. Su sabor puede causar confusión.;Berry;80;no;no;no;si;"poca_vida@50: curar 12,5%; se_gasta"
mago_berry;Baya Ango;Mago Berry;Los Pokémon pueden llevarla o usarla para restaurar algunos PS. Su sabor puede causar confusión.;Berry;80;no;no;no;si;"poca_vida@50: curar 12,5%; se_gasta"
aguav_berry;Baya Guaya;Aguav Berry;Los Pokémon pueden llevarla o usarla para restaurar algunos PS. Su sabor puede causar confusión.;Berry;80;no;no;no;si;"poca_vida@50: curar 12,5%; se_gasta"
iapapa_berry;Baya Pabaya;Iapapa Berry;Los Pokémon pueden llevarla o usarla para restaurar algunos PS. Su sabor puede causar confusión.;Berry;80;no;no;no;si;"poca_vida@50: curar 12,5%; se_gasta"
razz_berry;Baya Frambu;Razz Berry;Se utiliza en la producción de Pokécubos que potencian el carisma. Es de color rojizo y sabor picante.;Other;200;no;no;no;si;
bluk_berry;Baya Oram;Bluk Berry;Se utiliza en la producción de Pokécubos que potencian la belleza. Es de color azulado y sabor seco.;Other;20;no;no;no;si;
nanab_berry;Baya Latano;Nanab Berry;Se utiliza en la producción de Pokécubos que potencian la dulzura. Es de color rosa y sabor dulce.;Other;200;no;no;no;si;
wepear_berry;Baya Peragu;Wepear Berry;Se utiliza en la producción de Pokécubos que potencian el ingenio. Es de color verde y sabor amargo.;Other;20;no;no;no;si;
pinap_berry;Baya Pinia;Pinap Berry;Se utiliza en la producción de Pokécubos que potencian la dureza. Es de color amarillo y sabor ácido.;Other;200;no;no;no;si;
pomeg_berry;Baya Grana;Pomeg Berry;Al usarla con un Pokémon, se gana su amistad, pero también reduce sus PS de base.;Vitamin;80;no;si;si;si;al_usar: amistad +10
kelpsy_berry;Baya Algama;Kelpsy Berry;Al usarla con un Pokémon, se gana su amistad, pero también reduce su Ataque de base.;Other;80;no;no;no;si;
qualot_berry;Baya Ispero;Qualot Berry;Al usarla con un Pokémon, se gana su amistad, pero también reduce su Defensa de base.;Other;80;no;no;no;si;
hondew_berry;Baya Meluce;Hondew Berry;Al usarla con un Pokémon, se gana su amistad, pero también reduce su Ataque Especial de base.;Other;80;no;no;no;si;
grepa_berry;Baya Uvav;Grepa Berry;Al usarla con un Pokémon, se gana su amistad, pero también reduce su Defensa Especial de base.;Other;80;no;no;no;si;
tamato_berry;Baya Tamate;Tamato Berry;Al usarla con un Pokémon, se gana su amistad, pero también reduce su Velocidad de base.;Other;80;no;no;no;si;
cornn_berry;Baya Mais;Cornn Berry;Se utiliza en la producción de Pokécubos que potencian la belleza. Es una baya muy rara en otras regiones.;Other;20;no;no;no;si;
magost_berry;Baya Aostan;Magost Berry;Se utiliza en la producción de Pokécubos que potencian la dulzura. Es una baya muy rara en otras regiones.;Other;20;no;no;no;si;
rabuta_berry;Baya Rautan;Rabuta Berry;Se utiliza en la producción de Pokécubos que potencian el ingenio. Es una baya muy rara en otras regiones.;Other;20;no;no;no;si;
nomel_berry;Baya Monli;Nomel Berry;Se utiliza en la producción de Pokécubos que potencian la dureza. Es una baya muy rara en otras regiones.;Other;20;no;no;no;si;
spelon_berry;Baya Wikano;Spelon Berry;Se utiliza en la producción de Pokécubos que potencian la dulzura. Es una baya muy rara en otras regiones.;Other;20;no;no;no;si;
pamtre_berry;Baya Plama;Pamtre Berry;Se utiliza en la producción de Pokécubos que potencian la belleza. Es una baya muy rara en otras regiones.;Other;20;no;no;no;si;
watmel_berry;Baya Sambia;Watmel Berry;Se utiliza en la producción de Pokécubos que potencian el ingenio. Es una baya muy rara en otras regiones.;Other;20;no;no;no;si;
durin_berry;Baya Rudion;Durin Berry;Se utiliza en la producción de Pokécubos que potencian el ingenio. Es una baya muy rara en otras regiones.;Other;20;no;no;no;si;
belue_berry;Baya Andano;Belue Berry;Se utiliza en la producción de Pokécubos que potencian la belleza. Es una baya muy rara en otras regiones.;Other;20;no;no;no;si;
occa_berry;Baya Caoca;Occa Berry;Si la lleva un Pokémon, debilita un ataque supereficaz de tipo Fuego de un enemigo.;Berry;80;no;no;no;si;"antes_de_golpe [si mov.tipo=fire & propio.eficacia>1]: daño_recibido x0,5; se_gasta"
passho_berry;Baya Pasio;Passho Berry;Si la lleva un Pokémon, debilita un ataque supereficaz de tipo Agua de un enemigo.;Berry;80;no;no;no;si;"antes_de_golpe [si mov.tipo=water & propio.eficacia>1]: daño_recibido x0,5; se_gasta"
wacan_berry;Baya Gualot;Wacan Berry;Si la lleva un Pokémon, debilita un ataque supereficaz de tipo Eléctrico de un enemigo.;Berry;80;no;no;no;si;"antes_de_golpe [si mov.tipo=electric & propio.eficacia>1]: daño_recibido x0,5; se_gasta"
rindo_berry;Baya Tamar;Rindo Berry;Si la lleva un Pokémon, debilita un ataque supereficaz de tipo Planta de un enemigo.;Berry;80;no;no;no;si;"antes_de_golpe [si mov.tipo=grass & propio.eficacia>1]: daño_recibido x0,5; se_gasta"
yache_berry;Baya Rimoya;Yache Berry;Si la lleva un Pokémon, debilita un ataque supereficaz de tipo Hielo de un enemigo.;Berry;80;no;no;no;si;"antes_de_golpe [si mov.tipo=ice & propio.eficacia>1]: daño_recibido x0,5; se_gasta"
chople_berry;Baya Pomaro;Chople Berry;Si la lleva un Pokémon, debilita un ataque supereficaz de tipo Lucha de un enemigo.;Berry;80;no;no;no;si;"antes_de_golpe [si mov.tipo=fighting & propio.eficacia>1]: daño_recibido x0,5; se_gasta"
kebia_berry;Baya Kebia;Kebia Berry;Si la lleva un Pokémon, debilita un ataque supereficaz de tipo Veneno de un enemigo.;Berry;80;no;no;no;si;"antes_de_golpe [si mov.tipo=poison & propio.eficacia>1]: daño_recibido x0,5; se_gasta"
shuca_berry;Baya Acardo;Shuca Berry;Si la lleva un Pokémon, debilita un ataque supereficaz de tipo Tierra de un enemigo.;Berry;80;no;no;no;si;"antes_de_golpe [si mov.tipo=ground & propio.eficacia>1]: daño_recibido x0,5; se_gasta"
coba_berry;Baya Kouba;Coba Berry;Si la lleva un Pokémon, debilita un ataque supereficaz de tipo Volador de un enemigo.;Berry;80;no;no;no;si;"antes_de_golpe [si mov.tipo=flying & propio.eficacia>1]: daño_recibido x0,5; se_gasta"
payapa_berry;Baya Payapa;Payapa Berry;Si la lleva un Pokémon, debilita un ataque supereficaz de tipo Psíquico de un enemigo.;Berry;80;no;no;no;si;"antes_de_golpe [si mov.tipo=psychic & propio.eficacia>1]: daño_recibido x0,5; se_gasta"
tanga_berry;Baya Yecana;Tanga Berry;Si la lleva un Pokémon, debilita un ataque supereficaz de tipo Bicho de un enemigo.;Berry;80;no;no;no;si;"antes_de_golpe [si mov.tipo=bug & propio.eficacia>1]: daño_recibido x0,5; se_gasta"
charti_berry;Baya Alcho;Charti Berry;Si la lleva un Pokémon, debilita un ataque supereficaz de tipo Roca de un enemigo.;Berry;80;no;no;no;si;"antes_de_golpe [si mov.tipo=rock & propio.eficacia>1]: daño_recibido x0,5; se_gasta"
kasib_berry;Baya Drasi;Kasib Berry;Si la lleva un Pokémon, debilita un ataque supereficaz de tipo Fantasma de un enemigo.;Berry;80;no;no;no;si;"antes_de_golpe [si mov.tipo=ghost & propio.eficacia>1]: daño_recibido x0,5; se_gasta"
haban_berry;Baya Anjiro;Haban Berry;Si la lleva un Pokémon, debilita un ataque supereficaz de tipo Dragón de un enemigo.;Berry;80;no;no;no;si;"antes_de_golpe [si mov.tipo=dragon & propio.eficacia>1]: daño_recibido x0,5; se_gasta"
colbur_berry;Baya Dillo;Colbur Berry;Si la lleva un Pokémon, debilita un ataque supereficaz de tipo Siniestro de un enemigo.;Berry;80;no;no;no;si;"antes_de_golpe [si mov.tipo=dark & propio.eficacia>1]: daño_recibido x0,5; se_gasta"
babiri_berry;Baya Baribá;Babiri Berry;Si la lleva un Pokémon, debilita un ataque supereficaz de tipo Acero de un enemigo.;Berry;80;no;no;no;si;"antes_de_golpe [si mov.tipo=steel & propio.eficacia>1]: daño_recibido x0,5; se_gasta"
chilan_berry;Baya Chilan;Chilan Berry;Si la lleva un Pokémon, debilita un ataque de tipo Normal de un enemigo.;Berry;80;no;no;no;si;"antes_de_golpe [si mov.tipo=normal]: daño_recibido x0,5; se_gasta"
liechi_berry;Baya Lichi;Liechi Berry;Si la lleva un Pokémon, le sube el Ataque en un momento de apuro.;Berry;80;no;no;no;si;"poca_vida@25: etapa attack +1; se_gasta"
ganlon_berry;Baya Gonlan;Ganlon Berry;Si la lleva un Pokémon, le sube la Defensa en un momento de apuro.;Berry;80;no;no;no;si;"poca_vida@25: etapa defense +1; se_gasta"
salac_berry;Baya Aslac;Salac Berry;Si la lleva un Pokémon, le sube la Velocidad en un momento de apuro.;Berry;80;no;no;no;si;"poca_vida@25: etapa speed +1; se_gasta"
petaya_berry;Baya Yapati;Petaya Berry;Si la lleva un Pokémon, le sube el Ataque Especial en un momento de apuro.;Berry;80;no;no;no;si;"poca_vida@25: etapa sp_attack +1; se_gasta"
apicot_berry;Baya Aricoc;Apicot Berry;Si la lleva un Pokémon, le sube la Defensa Especial en un momento de apuro.;Berry;80;no;no;no;si;"poca_vida@25: etapa sp_defense +1; se_gasta"
lansat_berry;Baya Zonlan;Lansat Berry;Si la lleva un Pokémon, aumenta la probabilidad de dar un golpe crítico en un momento de apuro.;Other;80;no;no;no;si;
starf_berry;Baya Arabol;Starf Berry;Si la lleva un Pokémon, aumenta mucho una característica en un momento de apuro.;Other;80;no;no;no;si;
enigma_berry;Baya Enigma;Enigma Berry;Restaura los PS de un Pokémon si la lleva cuando le alcanza un ataque supereficaz.;Other;80;no;no;no;si;
micle_berry;Baya Lagro;Micle Berry;Cuando la lleva un Pokémon, le sube la Precisión de un movimiento en un momento de apuro.;Other;80;no;no;no;si;
custap_berry;Baya Chiri;Custap Berry;El Pokémon que la lleva puede actuar en primer lugar una vez cuando se encuentra en un momento de apuro.;Other;80;no;no;no;si;
jaboca_berry;Baya Jaboca;Jaboca Berry;Si la lleva un Pokémon cuando otro lanza un ataque físico, este último también recibe daño.;Other;80;no;no;no;si;
rowap_berry;Baya Magua;Rowap Berry;Si la lleva un Pokémon cuando otro lanza un ataque especial, este último también recibe daño.;Other;80;no;no;no;si;
bright_powder;Polvo Brillo;Bright Powder;Lanza un destello que baja la Precisión del enemigo. Debe llevarlo un Pokémon.;Held;4000;no;no;no;no;siempre: evasion x0,9
white_herb;Hierba Blanca;White Herb;Restaura cualquier característica reducida en combate. Solo se puede usar una vez. Debe llevarla un Pokémon.;Other;4000;no;no;no;no;
macho_brace;Brazal Firme;Macho Brace;Sólido y pesado brazal. Incrementa más las características al subir de nivel, pero baja la Velocidad de quien lo lleva.;Other;3000;no;no;no;no;
exp_share;Repartir Exp;Exp. Share;Al activar el dispositivo, todos los Pokémon de tu equipo ganan Puntos de Experiencia tras los combates, aunque no salgan a luchar.;Other;0;no;no;no;no;
quick_claw;Garra Rápida;Quick Claw;Garra ligera y afilada que permite que el Pokémon que la lleve ataque a veces el primero.;Held;4000;no;no;no;no;"siempre: primero; prob=20"
soothe_bell;Cascabel Alivio;Soothe Bell;Una campana con un tañido calmante que reconforta al Pokémon que la lleva y lo vuelve más amistoso.;Other;4000;no;no;no;no;
mental_herb;Hierba Mental;Mental Herb;El Pokémon que la lleva se libera del efecto de movimientos que restringen sus acciones. Solo puede usarse una vez.;Other;4000;no;no;no;no;
choice_band;Cinta Elección;Choice Band;Aumenta la potencia de los ataques físicos del Pokémon que la lleva, pero solo le permite usar un movimiento.;Held;4000;no;no;no;no;siempre: stat attack x1,5 | siempre: eleccion
kings_rock;Roca del Rey;King’s Rock;El Pokémon que la lleva puede hacer retroceder al Pokémon al que le inflige daño.;Held;5000;no;no;no;no;"al_hacer_daño: retroceso; prob=10"
silver_powder;Polvo Plata;Silver Powder;Polvo de brillo argénteo que fortalece los ataques de tipo Bicho. Debe llevarlo un Pokémon.;Held;1000;no;no;no;no;siempre [si mov.tipo=bug]: potencia x1,2
amulet_coin;Moneda Amuleto;Amulet Coin;Si el Pokémon que la lleva lucha en un combate, duplica las ganancias.;Other;10000;no;no;no;no;
cleanse_tag;Amuleto;Cleanse Tag;Si lo lleva el primer Pokémon del equipo, se reduce la probabilidad de que se acerquen Pokémon salvajes.;Other;5000;no;no;no;no;
soul_dew;Rocío Bondad;Soul Dew;Un orbe fantástico que debe llevar Latios o Latias. Potencia los movimientos de tipo Psíquico y Dragón.;Other;0;no;no;no;no;
deep_sea_tooth;Diente Marino;Deep Sea Tooth;Tiene el brillo afilado de la plata y debe llevarlo Clamperl. Sube el Ataque Especial.;Held;2000;no;no;no;no;
deep_sea_scale;Escama Marina;Deep Sea Scale;Tiene un débil brillo rosado y debe llevarla Clamperl. Sube la Defensa Especial.;Held;2000;no;no;no;no;
smoke_ball;Bola de Humo;Smoke Ball;Debe llevarla un Pokémon. Permite huir siempre de combates contra Pokémon salvajes.;Other;4000;no;no;no;no;
everstone;Piedra Eterna;Everstone;El Pokémon que lleva esta piedra mágica no evoluciona.;Other;3000;no;no;no;no;
focus_band;Cinta Aguante;Focus Band;El Pokémon que la lleva puede resistir un golpe que potencialmente lo dejaría K. O. y se queda con 1 PS.;Other;4000;no;no;no;no;
lucky_egg;Huevo Suerte;Lucky Egg;Es un huevo lleno de felicidad que te hace ganar Puntos de Experiencia extra en combate. Debe llevarlo un Pokémon.;Other;10000;no;no;no;no;
scope_lens;Periscopio;Scope Lens;Su lente aumenta la probabilidad que tiene el Pokémon que lo lleva de conseguir un golpe crítico.;Held;4000;no;no;no;no;siempre: critico +1
metal_coat;Revest. Metálico;Metal Coat;Película metálica que fortalece los ataques de tipo Acero. Debe llevarlo un Pokémon.;Held;2000;no;no;no;no;siempre [si mov.tipo=steel]: potencia x1,2
leftovers;Restos;Leftovers;Este objeto restaura gradualmente durante el combate los PS del Pokémon que lo lleva.;Held;4000;no;no;no;no;fin_de_turno: curar 6,25%
dragon_scale;Escama Dragón;Dragon Scale;Una gruesa y resistente escama que pueden llevar los Pokémon de tipo Dragón cuando son capturados.;Held;2000;no;no;no;no;
light_ball;Bola Luminosa;Light Ball;Asombrosa esfera que debe llevar Pikachu y que aumenta su Ataque y su Ataque Especial.;Other;1000;no;no;no;no;
soft_sand;Arena Fina;Soft Sand;Debe llevarla un Pokémon. La suavidad de la arena fortalece los movimientos de tipo Tierra.;Held;1000;no;no;no;no;siempre [si mov.tipo=ground]: potencia x1,2
hard_stone;Piedra Dura;Hard Stone;Debe llevarla un Pokémon. La robustez de la piedra fortalece los movimientos de tipo Roca.;Held;1000;no;no;no;no;siempre [si mov.tipo=rock]: potencia x1,2
miracle_seed;Semilla Milagro;Miracle Seed;Debe llevarla un Pokémon. La vitalidad de la semilla fortalece los movimientos de tipo Planta.;Held;1000;no;no;no;no;siempre [si mov.tipo=grass]: potencia x1,2
black_glasses;Gafas de Sol;Black Glasses;Debe llevarlas un Pokémon. Fortalecen los movimientos de tipo Siniestro.;Held;1000;no;no;no;no;siempre [si mov.tipo=dark]: potencia x1,2
black_belt;Cinturón Negro;Black Belt;Debe llevarlo un Pokémon. Aumenta la concentración y fortalece los movimientos de tipo Lucha.;Held;1000;no;no;no;no;siempre [si mov.tipo=fighting]: potencia x1,2
magnet;Imán;Magnet;Debe llevarlo un Pokémon. Su potente magnetismo fortalece los movimientos de tipo Eléctrico.;Held;1000;no;no;no;no;siempre [si mov.tipo=electric]: potencia x1,2
mystic_water;Agua Mística;Mystic Water;Gema con forma de gota de agua que fortalece los movimientos de tipo Agua. Debe llevarla un Pokémon.;Held;1000;no;no;no;no;siempre [si mov.tipo=water]: potencia x1,2
sharp_beak;Pico Afilado;Sharp Beak;Pico largo y afilado que aumenta la potencia de los movimientos de tipo Volador. Debe llevarlo un Pokémon.;Held;1000;no;no;no;no;siempre [si mov.tipo=flying]: potencia x1,2
poison_barb;Flecha Venenosa;Poison Barb;Flecha venenosa que refuerza los movimientos de tipo Veneno. Debe llevarla un Pokémon.;Held;1000;no;no;no;no;siempre [si mov.tipo=poison]: potencia x1,2
never_melt_ice;Hielo Perpetuo;Never-Melt Ice;Fragmento de hielo que repele el calor y fortalece los movimientos de tipo Hielo. Debe llevarlo un Pokémon.;Held;1000;no;no;no;no;siempre [si mov.tipo=ice]: potencia x1,2
spell_tag;Hechizo;Spell Tag;Misterioso y siniestro objeto que potencia los movimientos de tipo Fantasma. Debe llevarlo un Pokémon.;Held;1000;no;no;no;no;siempre [si mov.tipo=ghost]: potencia x1,2
twisted_spoon;Cuchara Torcida;Twisted Spoon;Cuchara imbuida de energía telequinética que potencia los movimientos de tipo Psíquico. Debe llevarla un Pokémon.;Held;1000;no;no;no;no;siempre [si mov.tipo=psychic]: potencia x1,2
charcoal;Carbón;Charcoal;Actúa como combustible y potencia los movimientos de tipo Fuego. Debe llevarlo un Pokémon.;Held;1000;no;no;no;no;siempre [si mov.tipo=fire]: potencia x1,2
dragon_fang;Colmillo de Dragón;Dragon Fang;Colmillo de gran dureza que refuerza los movimientos de tipo Dragón. Debe llevarlo un Pokémon.;Held;1000;no;no;no;no;siempre [si mov.tipo=dragon]: potencia x1,2
silk_scarf;Pañuelo de Seda;Silk Scarf;La delicadeza del pañuelo fortalece los movimientos de tipo Normal. Debe llevarlo un Pokémon.;Held;1000;no;no;no;no;siempre [si mov.tipo=normal]: potencia x1,2
up_grade;Mejora;Upgrade;Peculiar dispositivo fabricado en Silph S. A. que contiene todo tipo de datos.;Held;2000;no;no;no;no;
shell_bell;Cascabel Concha;Shell Bell;Debe llevarla un Pokémon. Cada vez que este inflige daño, recupera algunos PS.;Held;4000;no;no;no;no;al_hacer_daño: curar_del_daño 12,5%
sea_incense;Incienso Marino;Sea Incense;Tiene un curioso aroma que potencia los movimientos de tipo Agua. Debe llevarlo un Pokémon.;Other;2000;no;no;no;no;
lax_incense;Incienso Suave;Lax Incense;Debe llevarlo un Pokémon. Su peculiar aroma reduce la Precisión del objetivo.;Other;5000;no;no;no;no;
lucky_punch;Puño Suerte;Lucky Punch;Un par de guantes que debe llevar Chansey. Potencian mucho su índice de golpe crítico.;Other;1000;no;no;no;no;
metal_powder;Polvo Metálico;Metal Powder;Debe llevarlo Ditto. Es un polvo muy fino, pero a la vez poderoso, que aumenta su Defensa.;Other;1000;no;no;no;no;
thick_club;Hueso Grueso;Thick Club;Un extraño tipo de hueso que potencia los ataques físicos de Cubone y Marowak cuando lo llevan.;Other;1000;no;no;no;no;
stick;Puerro;Leek;Es un puerro muy largo que debe llevar Farfetch’d. Aumenta mucho la probabilidad de que logre un golpe crítico.;Other;1000;no;no;no;no;
red_scarf;Pañuelo Rojo;Red Scarf;Debe llevarlo un Pokémon. Aumenta el carisma en los concursos.;Other;100;no;no;no;no;
blue_scarf;Pañuelo Azul;Blue Scarf;Debe llevarlo un Pokémon. Aumenta la belleza en los concursos.;Other;100;no;no;no;no;
pink_scarf;Pañuelo Rosa;Pink Scarf;Debe llevarlo un Pokémon. Aumenta la dulzura en los concursos.;Other;100;no;no;no;no;
green_scarf;Pañuelo Verde;Green Scarf;Debe llevarlo un Pokémon. Aumenta el ingenio en los concursos.;Other;100;no;no;no;no;
yellow_scarf;Pañuelo Amarillo;Yellow Scarf;Debe llevarlo un Pokémon. Aumenta la dureza en los concursos.;Other;100;no;no;no;no;
wide_lens;Lupa;Wide Lens;Debe llevarla un Pokémon. Aumenta ligeramente la precisión de los movimientos.;Held;4000;no;no;no;no;siempre: precision x1,1
muscle_band;Cinta Fuerte;Muscle Band;Cinta del pelo que aumenta ligeramente la potencia de los ataques físicos. Debe llevarla un Pokémon.;Held;4000;no;no;no;no;siempre [si mov.categoria=fisico]: potencia x1,1
wise_glasses;Gafas Especiales;Wise Glasses;Potencian ligeramente los ataques especiales. Debe llevarlas un Pokémon.;Held;4000;no;no;no;no;siempre [si mov.categoria=especial]: potencia x1,1
expert_belt;Cinta Experto;Expert Belt;Potencia ligeramente los movimientos supereficaces. Debe llevarla un Pokémon.;Held;4000;no;no;no;no;siempre [si rival.eficacia>1]: daño x1,2
light_clay;Refleluz;Light Clay;Prolonga la duración de barreras como Reflejo y Pantalla de Luz. Debe llevarla un Pokémon.;Held;4000;no;no;no;no;siempre: pantallas +3
life_orb;Vidasfera;Life Orb;Potencia los movimientos, pero consume PS con cada ataque. Debe llevarla un Pokémon.;Held;4000;no;no;no;no;siempre: potencia x1,3 | al_hacer_daño: perder 10%
power_herb;Hierba Única;Power Herb;Permite el uso inmediato de cualquier movimiento en el primer turno. Es de un solo uso y debe llevarla un Pokémon.;Other;4000;no;no;no;no;
toxic_orb;Toxisfera;Toxic Orb;Extraña esfera que envenena gravemente al Pokémon que la lleva en combate.;Held;4000;no;no;no;no;fin_de_turno: poner_estado toxic
flame_orb;Llamasfera;Flame Orb;Extraña esfera que causa quemaduras al Pokémon que la lleva en combate.;Held;4000;no;no;no;no;fin_de_turno: poner_estado burn
quick_powder;Polvo Veloz;Quick Powder;Debe llevarlo Ditto. Es un polvo muy fino, pero a la vez poderoso, que aumenta su Velocidad.;Other;1000;no;no;no;no;
focus_sash;Banda Aguante;Focus Sash;Si el Pokémon que la lleva tiene los PS al máximo, puede resistir un golpe que lo dejaría K. O. y se queda con 1 PS.;Held;4000;no;no;no;no;"antes_de_golpe [si propio.vida>=100]: aguantar; se_gasta"
zoom_lens;Telescopio;Zoom Lens;Debe llevarlo un Pokémon. Si se mueve después del enemigo, aumenta la Precisión del Pokémon.;Other;4000;no;no;no;no;
metronome;Metrónomo;Metronome;Potencia un movimiento que se use de forma consecutiva. Pero el efecto se pierde si se emplea otro movimiento.;Other;4000;no;no;no;no;
iron_ball;Bola Férrea;Iron Ball;Reduce la Velocidad. Los Pokémon que levitan y los de tipo Volador se tornan sensibles a movimientos de tipo Tierra.;Other;4000;no;no;no;no;
lagging_tail;Cola Plúmbea;Lagging Tail;Es muy pesada y hace que el Pokémon que la lleva se mueva más lento de lo normal.;Other;4000;no;no;no;no;
destiny_knot;Lazo Destino;Destiny Knot;Un hilo largo y delgado de color rojo que transmite el enamoramiento del Pokémon que lo lleva a su objetivo.;Other;4000;no;no;no;no;
black_sludge;Lodo Negro;Black Sludge;Restaura gradualmente los PS de los Pokémon de tipo Veneno y daña a todos los demás.;Held;4000;no;no;no;no;fin_de_turno [si propio.tipo=poison]: curar 6,25% | fin_de_turno [si !propio.tipo=poison]: perder 12,5%
icy_rock;Roca Helada;Icy Rock;Prolonga la duración del movimiento Granizo que use el Pokémon que la lleva.;Held;4000;no;no;no;no;siempre: clima hail +3
smooth_rock;Roca Suave;Smooth Rock;Prolonga la duración del movimiento Tormenta de Arena que use el Pokémon que la lleva.;Held;4000;no;no;no;no;siempre: clima sandstorm +3
heat_rock;Roca Calor;Heat Rock;Prolonga la duración del movimiento Día Soleado que use el Pokémon que la lleva.;Held;4000;no;no;no;no;siempre: clima sun +3
damp_rock;Roca Lluvia;Damp Rock;Prolonga la duración del movimiento Danza Lluvia que use el Pokémon que la lleva.;Held;4000;no;no;no;no;siempre: clima rain +3
grip_claw;Garra Garfio;Grip Claw;Prolonga la duración de ataques multiturno como Atadura y Constricción si la lleva un Pokémon.;Other;4000;no;no;no;no;
choice_scarf;Pañuelo Elección;Choice Scarf;Debe llevarlo un Pokémon. Potencia la Velocidad, pero solo permite usar un movimiento.;Held;4000;no;no;no;no;siempre: stat speed x1,5 | siempre: eleccion
sticky_barb;Toxiestrella;Sticky Barb;Daña en cada turno al Pokémon que la lleva. Puede adherirse al Pokémon que alcance con su ataque al portador.;Other;4000;no;no;no;no;
power_bracer;Brazal Recio;Power Bracer;Potencia el Ataque de base, pero reduce la Velocidad en combate. Debe llevarlo un Pokémon.;Other;3000;no;no;no;no;
power_belt;Cinto Recio;Power Belt;Potencia la Defensa de base, pero reduce la Velocidad en combate. Debe llevarlo un Pokémon.;Other;3000;no;no;no;no;
power_lens;Lente Recia;Power Lens;Potencia el Ataque Especial de base, pero reduce la Velocidad en combate. Debe llevarla un Pokémon.;Other;3000;no;no;no;no;
power_band;Banda Recia;Power Band;Potencia la Defensa Especial de base, pero reduce la Velocidad en combate. Debe llevarla un Pokémon.;Other;3000;no;no;no;no;
power_anklet;Franja Recia;Power Anklet;Potencia la Velocidad de base, pero reduce la Velocidad en combate. Debe llevarla un Pokémon.;Other;3000;no;no;no;no;
power_weight;Pesa Recia;Power Weight;Mejora los PS de base, pero reduce la Velocidad en combate. Debe llevarla un Pokémon.;Other;3000;no;no;no;no;
shed_shell;Muda Concha;Shed Shell;En combate, esta concha desechada sirve para que un Pokémon se cambie por otro que no esté combatiendo.;Other;4000;no;no;no;no;
big_root;Raíz Grande;Big Root;El Pokémon que la lleva recupera más PS al usar movimientos que drenan al objetivo.;Other;4000;no;no;no;no;
choice_specs;Gafas Elección;Choice Specs;Aumentan la potencia de los ataques especiales del Pokémon que las lleva, pero solo le permiten usar un movimiento.;Held;4000;no;no;no;no;siempre: stat sp_attack x1,5 | siempre: eleccion
flame_plate;Tabla Llama;Flame Plate;Tabla de piedra que potencia los movimientos de tipo Fuego. Debe llevarla un Pokémon.;Other;1000;no;no;no;no;
splash_plate;Tabla Linfa;Splash Plate;Tabla de piedra que potencia los movimientos de tipo Agua. Debe llevarla un Pokémon.;Other;1000;no;no;no;no;
zap_plate;Tabla Trueno;Zap Plate;Tabla de piedra que potencia los movimientos de tipo Eléctrico. Debe llevarla un Pokémon.;Other;1000;no;no;no;no;
meadow_plate;Tabla Pradal;Meadow Plate;Tabla de piedra que potencia los movimientos de tipo Planta. Debe llevarla un Pokémon.;Other;1000;no;no;no;no;
icicle_plate;Tabla Helada;Icicle Plate;Tabla de piedra que potencia los movimientos de tipo Hielo. Debe llevarla un Pokémon.;Other;1000;no;no;no;no;
fist_plate;Tabla Fuerte;Fist Plate;Tabla de piedra que potencia los movimientos de tipo Lucha. Debe llevarla un Pokémon.;Other;1000;no;no;no;no;
toxic_plate;Tabla Tóxica;Toxic Plate;Tabla de piedra que potencia los movimientos de tipo Veneno. Debe llevarla un Pokémon.;Other;1000;no;no;no;no;
earth_plate;Tabla Terrax;Earth Plate;Tabla de piedra que potencia los movimientos de tipo Tierra. Debe llevarla un Pokémon.;Other;1000;no;no;no;no;
sky_plate;Tabla Cielo;Sky Plate;Tabla de piedra que potencia los movimientos de tipo Volador. Debe llevarla un Pokémon.;Other;1000;no;no;no;no;
mind_plate;Tabla Mental;Mind Plate;Tabla de piedra que potencia los movimientos de tipo Psíquico. Debe llevarla un Pokémon.;Other;1000;no;no;no;no;
insect_plate;Tabla Bicho;Insect Plate;Tabla de piedra que potencia los movimientos de tipo Bicho. Debe llevarla un Pokémon.;Other;1000;no;no;no;no;
stone_plate;Tabla Pétrea;Stone Plate;Tabla de piedra que potencia los movimientos de tipo Roca. Debe llevarla un Pokémon.;Other;1000;no;no;no;no;
spooky_plate;Tabla Terror;Spooky Plate;Tabla de piedra que potencia los movimientos de tipo Fantasma. Debe llevarla un Pokémon.;Other;1000;no;no;no;no;
draco_plate;Tabla Draco;Draco Plate;Tabla de piedra que potencia los movimientos de tipo Dragón. Debe llevarla un Pokémon.;Other;1000;no;no;no;no;
dread_plate;Tabla Oscura;Dread Plate;Tabla de piedra que potencia los movimientos de tipo Siniestro. Debe llevarla un Pokémon.;Other;1000;no;no;no;no;
iron_plate;Tabla Acero;Iron Plate;Tabla de piedra que potencia los movimientos de tipo Acero. Debe llevarla un Pokémon.;Other;1000;no;no;no;no;
odd_incense;Incienso Raro;Odd Incense;Incienso de exótico aroma que fortalece los movimientos de tipo Psíquico. Debe llevarlo un Pokémon.;Other;2000;no;no;no;no;
rock_incense;Incienso Roca;Rock Incense;Incienso de exótico aroma que fortalece los movimientos de tipo Roca. Debe llevarlo un Pokémon.;Other;2000;no;no;no;no;
full_incense;Incienso Lento;Full Incense;Incienso de exótico aroma que hace que el Pokémon que lo lleve esté aturdido y se mueva más despacio.;Other;5000;no;no;no;no;
wave_incense;Incienso Acua;Wave Incense;Tiene un curioso aroma que potencia los movimientos de tipo Agua. Debe llevarlo un Pokémon.;Other;2000;no;no;no;no;
rose_incense;Incienso Floral;Rose Incense;Incienso de exótico aroma que fortalece los movimientos de tipo Planta. Debe llevarlo un Pokémon.;Other;2000;no;no;no;no;
luck_incense;Incienso Duplo;Luck Incense;Si el Pokémon que lo lleva lucha en un combate, duplica las ganancias.;Other;11000;no;no;no;no;
pure_incense;Incienso Puro;Pure Incense;Si lo lleva el primer Pokémon del equipo, se reduce la probabilidad de que se acerquen Pokémon salvajes.;Other;6000;no;no;no;no;
protector;Protector;Protector;Dispositivo de protección muy pesado. Cierto Pokémon lo adora.;Held;2000;no;no;no;no;
electirizer;Electrizador;Electirizer;Este dispositivo contiene una gran cantidad de energía eléctrica. Cierto Pokémon lo adora.;Held;2000;no;no;no;no;
magmarizer;Magmatizador;Magmarizer;Esta caja contiene una enorme cantidad de energía magmática. Cierto Pokémon la adora.;Held;2000;no;no;no;no;
dubious_disc;Disco Extraño;Dubious Disc;Dispositivo transparente que contiene datos misteriosos. Es de fabricante desconocido.;Held;2000;no;no;no;no;
reaper_cloth;Tela Terrible;Reaper Cloth;Tela imbuida de una energía espiritual muy potente. Cierto Pokémon la adora.;Held;2000;no;no;no;no;
razor_claw;Garra Afilada;Razor Claw;Aumenta la probabilidad de que el Pokémon que la lleve consiga un golpe crítico.;Held;5000;no;no;no;no;siempre: critico +1
razor_fang;Colmillo Agudo;Razor Fang;Si lo lleva un Pokémon cuando inflige daño al objetivo, puede hacerle retroceder.;Held;5000;no;no;no;no;"al_hacer_daño: retroceso; prob=10"
explorer_kit;Kit Explorador;Explorer Kit;Una saca donde guardar los objetos útiles para la exploración. Permite acceder al Subsuelo.;Key;0;no;no;no;no;
poke_radar;Pokéradar;Poké Radar;Busca Pokémon que se esconden en la hierba. La batería se recarga mientras caminas.;Key;0;no;no;no;no;
point_card;Tarjeta Puntos;Point Card;Una tarjeta en la que se registran los Puntos de Batalla que has ganado.;Key;0;no;no;no;no;
journal;Diario;Journal;Un cuaderno en el que se recogen, día a día, los progresos de tu aventura.;Key;0;no;no;no;no;
seal_case;Caja Sellos;Seal Case;Caja en la que se pueden guardar los sellos que se aplican a las cápsulas de las Poké Balls.;Key;0;no;no;no;no;
fashion_case;Caja Corazón;Fashion Case;Una bonita cajita donde guardar todos los Complementos para vestir a tus Pokémon en el Teatro Musical.;Key;0;no;no;no;no;
pal_pad;Bloc amigos;Pal Pad;Un cuaderno muy práctico en el que puedes registrar amigos, claves de amigo, etc.;Key;0;no;no;no;no;
works_key;Llave Central;Works Key;Abre la puerta de la Central del Valle Eólico. La llevaba un Recluta del Equipo Galaxia.;Key;0;no;no;no;no;
old_charm;Talismán;Old Charm;Está hecho con huesos de Pokémon y trae buena suerte. Hay que llevárselo a la anciana de Pueblo Caelestis.;Key;0;no;no;no;no;
galactic_key;Llave Galaxia;Galactic Key;Desactiva los sistemas de seguridad de la Base Galaxia. Por lo visto, perder esta tarjeta se castiga severamente.;Key;0;no;no;no;no;
town_map;Mapa;Town Map;Un mapa muy útil que puede consultarse en cualquier momento y que, además, te indica dónde te encuentras.;Key;0;no;no;no;no;
vs_seeker;Buscapelea;Vs. Seeker;Dispositivo que busca Entrenadores listos para el combate. La batería se carga mientras caminas.;Key;0;no;no;no;no;
coin_case;Monedero;Coin Case;Puedes obtenerlo en el Casino. Tiene capacidad para 50 000 Fichas.;Key;0;no;no;no;no;
old_rod;Caña Vieja;Old Rod;Caña de pescar bastante usada y desgastada. Pesca Pokémon salvajes en todo tipo de aguas.;Key;0;no;no;no;no;
good_rod;Caña Buena;Good Rod;Caña de pescar nuevecita y de gran calidad. Pesca Pokémon salvajes en todo tipo de aguas.;Key;0;no;no;no;no;
super_rod;Supercaña;Super Rod;Increíble caña de pescar de alta tecnología. Pesca Pokémon salvajes en todo tipo de aguas.;Key;0;no;no;no;no;
sprayduck;Psydugadera;Sprayduck;Una regadera con forma de Psyduck. Ayuda a que las bayas plantadas en suelo fértil crezcan mejor.;Key;0;no;no;no;no;
poffin_case;Pokochera;Poffin Case;Caja en la que se transportan los Pokochos elaborados con bayas.;Key;0;no;no;no;no;
bicycle;Bici;Bicycle;;Key;0;no;no;no;no;
suite_key;Llave Suite;Suite Key;Llave de una suite del hotel de lujo junto al lago. Por algún motivo, se pierde a menudo.;Key;0;no;no;no;no;
oaks_letter;Carta Prof. Oak;Oak’s Letter;Carta del Profesor Oak en la que se te pide que vayas a la Ruta 224.;Key;0;no;no;no;no;
lunar_wing;Pluma Lunar;Lunar Wing;Pluma que brilla como la luna. Se dice que tiene el poder de disipar pesadillas.;Key;0;no;no;no;no;
member_card;Carné Socio;Member Card;Necesario para entrar en la posada de Ciudad Canal. Es extraño, pero la última fecha registrada es de hace 50 años.;Key;0;no;no;no;no;
azure_flute;Flauta Azur;Azure Flute;Emite sonidos que no parecen de este mundo. Es de fabricante desconocido.;Key;0;no;no;no;no;
ss_ticket;Ticket Barco;S.S. Ticket;Es el billete válido para embarcar en el Ferry S.S. Aqua. Tiene dibujado un barco.;Key;0;no;no;no;no;
contest_pass;Pase Concurso;Contest Pass;Es necesario para participar en Concursos Pokémon. Tiene una cinta de ganador dibujada.;Key;0;no;no;no;no;
magma_stone;Piedra Magma;Magma Stone;Formada a partir de magma enfriado y endurecido. Aún hay magma líquido en su interior.;Key;0;no;no;no;no;
parcel;Paquete;Parcel;Paquete encomendado a tu cuidado que tienes que entregar a tu amigo de la infancia que dejó Pueblo Hojaverde.;Key;0;no;no;no;no;
coupon_1;Cupón 1;Coupon 1;Uno de los tres cupones que sirve para obtener un Poké-reloj.;Key;0;no;no;no;no;
coupon_2;Cupón 2;Coupon 2;Uno de los tres cupones que sirve para obtener un Poké-reloj.;Key;0;no;no;no;no;
coupon_3;Cupón 3;Coupon 3;Uno de los tres cupones que sirve para obtener un Poké-reloj.;Key;0;no;no;no;no;
storage_key;Llave Almacén;Storage Key;Llave del siniestro almacén del Equipo Galaxia que está ubicado en las afueras de Ciudad Rocavelo.;Key;0;no;no;no;no;
secret_potion;Poción Secreta;Secret Potion;Fantástico medicamento vendido en la farmacia de Ciudad Orquídea. Cura completamente a un Pokémon.;Key;0;no;no;no;no;
griseous_orb;Griseosfera;Griseous Orb;Una esfera brillante que potencia los movimientos de tipo Dragón y Fantasma. Debe llevarla Giratina.;Other;0;no;no;no;no;
vs_recorder;Cámara Lucha;Vs. Recorder;Un fantástico dispositivo que graba combates entre amigos o celebrados en algún recinto especial.;Key;0;no;no;no;no;
gracidea;Gracídea;Gracidea;Una flor que se suele regalar en ramos para expresar agradecimiento en ocasiones especiales, como cumpleaños.;Key;0;no;si;no;no;
secret_key;Llave Secreta;Secret Key;Una llave de alta tecnología que debe usarse en un lugar concreto. Emite una señal eléctrica que abre una puerta.;Key;0;no;no;no;no;
apricorn_box;Caja Bonguri;Apricorn Box;Práctico recipiente que puede almacenar hasta 99 Bonguri de cada especie.;Key;0;no;no;no;no;
berry_pots;Plantabayas;Berry Pots;Dispositivo portátil de cultivo que permite plantar bayas en cualquier momento de forma sencilla.;Key;0;no;no;no;no;
squirt_bottle;Regadera;Squirt Bottle;Objeto que contiene agua y se usa para regar las bayas del Plantabayas.;Key;0;no;no;no;no;
lure_ball;Cebo Ball;Lure Ball;Poké Ball algo distinta, especialmente indicada para capturar los Pokémon que se han pescado con una caña.;Ball;0;si;no;si;no;al_usar: captura x1
level_ball;Nivel Ball;Level Ball;Poké Ball algo distinta que funciona especialmente bien con Pokémon de nivel inferior a los que se posee.;Ball;0;si;no;si;no;al_usar: captura x1
moon_ball;Luna Ball;Moon Ball;Poké Ball algo distinta que atrapa con más facilidad los Pokémon que evolucionan con la Piedra Lunar.;Ball;0;si;no;si;no;al_usar: captura x1
heavy_ball;Peso Ball;Heavy Ball;Poké Ball algo distinta que funciona especialmente bien a la hora de atrapar Pokémon de mucho peso.;Ball;0;si;no;si;no;al_usar: captura x1
fast_ball;Rapid Ball;Fast Ball;Poké Ball algo distinta, especialmente indicada para capturar Pokémon evasivos.;Ball;0;si;no;si;no;al_usar: captura x1
friend_ball;Amigo Ball;Friend Ball;Poké Ball algo distinta que hace más amistosos a los Pokémon salvajes que se capturan con ella.;Ball;0;si;no;si;no;al_usar: captura x1
love_ball;Amor Ball;Love Ball;Poké Ball algo distinta que atrapa mejor Pokémon de la misma especie que los que se posee, pero de sexo diferente.;Ball;0;si;no;si;no;al_usar: captura x1
park_ball;Parque Ball;Park Ball;Poké Ball que se utiliza dentro del Parque Compi.;Ball;0;si;no;si;no;al_usar: captura x1
sport_ball;Competi Ball;Sport Ball;Poké Ball que se utiliza en el Concurso de Captura de Bichos.;Ball;300;si;no;si;no;al_usar: captura x1
red_apricorn;Bonguri Rojo;Red Apricorn;Bonguri de color rojo y aroma muy penetrante.;Key;200;no;no;no;no;
blue_apricorn;Bonguri Azul;Blue Apricorn;Bonguri de color azul y aroma tierno.;Key;200;no;no;no;no;
yellow_apricorn;Bonguri Amarillo;Yellow Apricorn;Bonguri de color amarillo y aroma refrescante.;Key;200;no;no;no;no;
green_apricorn;Bonguri Verde;Green Apricorn;Bonguri de color verde y aroma peculiar que recuerda al café tostado.;Key;200;no;no;no;no;
pink_apricorn;Bonguri Rosa;Pink Apricorn;Bonguri de color rosa y aroma dulce.;Key;200;no;no;no;no;
white_apricorn;Bonguri Blanco;White Apricorn;Bonguri de color blanco que no desprende aroma alguno.;Key;200;no;no;no;no;
black_apricorn;Bonguri Negro;Black Apricorn;Bonguri de color negro y aroma indescriptible.;Key;200;no;no;no;no;
dowsing_machine;Zahorí;Dowsing Machine;Aparato de precisión que reacciona ante objetos que no se ven. Para usarlo, es necesario colocárselo en la cabeza.;Key;0;no;no;no;no;
rage_candy_bar;Caramelo Furia;Rage Candy Bar;Caramelo típico de Pueblo Caoba. Cura todos los problemas de estado de un Pokémon.;Key;350;no;no;no;no;
red_orb;Prisma Rojo;Red Orb;Piedra carmesí de la que se dice que guarda una estrecha relación con las leyendas de Hoenn.;Key;0;no;no;no;no;
blue_orb;Prisma Azul;Blue Orb;Piedra añil que, según dicen, guarda una estrecha relación con las leyendas de Hoenn.;Key;0;no;no;no;no;
jade_orb;Esfera Verde;Jade Orb;Esfera glauca de la que se dice que guarda una estrecha relación con las leyendas de Hoenn.;Key;0;no;no;no;no;
enigma_stone;Misticristal;Enigma Stone;Esfera cristalina encontrada bajo tierra. A pesar de estar cubierta de roca y tierra, su belleza es increíble.;Key;0;no;no;no;no;
unown_report;Bloc Unown;Unown Report;Bloc que almacena la información de los Unown capturados hasta el momento.;Key;0;no;no;no;no;
blue_card;Tarjeta Azul;Blue Card;Tarjeta para conseguir puntos con el programa de radio Las contraseñas de Buena.;Key;0;no;no;no;no;
clear_bell;Cascabel Claro;Clear Bell;Campana de aspecto antiguo que emite un sonido que calma el espíritu.;Key;0;no;no;no;no;
card_key;Llave Magnética;Card Key;Llave con forma de tarjeta que abre las puertas de la Torre Radio.;Key;0;no;no;no;no;
basement_key;Llave Sótano;Basement Key;Llave que abre la puerta que hay en el Túnel Trigal.;Key;0;no;no;no;no;
red_scale;Escama Roja;Red Scale;Escama del Gyarados aparecido en el Lago de la Furia. Es de un rojo tan intenso como las llamas.;Key;0;no;no;no;no;
lost_item;Objeto Perdido;Lost Item;El muñeco Mime Jr. que perdió la Copiona.;Key;0;no;no;no;no;
pass;Magnetopase;Pass;Billete necesario para poder montar todas las veces que se desee en el Magnetotrén.;Key;0;no;no;no;no;
machine_part;Maquinaria;Machine Part;Valiosa pieza robada de una máquina de la Central Energía.;Key;0;no;no;no;no;
silver_wing;Ala Plateada;Silver Wing;Misteriosa ala de un brillante color plateado.;Key;0;no;no;no;no;
rainbow_wing;Ala Arcoíris;Rainbow Wing;Misteriosa ala de un brillante color arcoíris.;Key;0;no;no;no;no;
mystery_egg;Huevo Misterioso;Mystery Egg;Misterioso Huevo con dibujos que obtienes del Sr. Pokémon. Nadie sabe qué contiene.;Key;0;no;no;no;no;
gb_sounds;Lector GB;GB Sounds;Lector con el que se pueden escuchar aquellas canciones tan nostálgicas. Se cambia con un solo interruptor.;Key;0;no;no;no;no;
tidal_bell;Cascabel Oleaje;Tidal Bell;Campana de aspecto antiguo que emite un sonido que calma el espíritu.;Key;0;no;no;no;no;
data_card_01;Tarjeta Datos 01;Data Card 01;Contiene los datos del Pokéathlon con el número de victorias.;Key;0;no;no;no;no;
data_card_02;Tarjeta Datos 02;Data Card 02;Contiene los datos del Pokéathlon con el número de veces que se ha quedado en último lugar.;Key;0;no;no;no;no;
data_card_03;Tarjeta Datos 03;Data Card 03;Contiene los datos del Pokéathlon con el número de sprints de los Pokémon.;Key;0;no;no;no;no;
data_card_04;Tarjeta Datos 04;Data Card 04;Contiene los datos del Pokéathlon con el número de saltos de los Pokémon.;Key;0;no;no;no;no;
data_card_05;Tarjeta Datos 05;Data Card 05;Contiene los datos del Pokéathlon con el número de victorias en Saltaobstáculos.;Key;0;no;no;no;no;
data_card_06;Tarjeta Datos 06;Data Card 06;Contiene los datos del Pokéathlon con el número de victorias en Carrera de Relevos.;Key;0;no;no;no;no;
data_card_07;Tarjeta Datos 07;Data Card 07;Contiene los datos del Pokéathlon con el número de victorias en Atrapabanderas.;Key;0;no;no;no;no;
data_card_08;Tarjeta Datos 08;Data Card 08;Contiene los datos del Pokéathlon con el número de victorias en Rompelosas.;Key;0;no;no;no;no;
data_card_09;Tarjeta Datos 09;Data Card 09;Contiene los datos del Pokéathlon con el número de victorias en Atrapadiscos.;Key;0;no;no;no;no;
data_card_10;Tarjeta Datos 10;Data Card 10;Contiene los datos del Pokéathlon con el número de victorias en Nieve Cruzada.;Key;0;no;no;no;no;
data_card_11;Tarjeta Datos 11;Data Card 11;Contiene los datos del Pokéathlon con el número de puntos conseguidos.;Key;0;no;no;no;no;
data_card_12;Tarjeta Datos 12;Data Card 12;Contiene los datos del Pokéathlon con el número de derrotas.;Key;0;no;no;no;no;
data_card_13;Tarjeta Datos 13;Data Card 13;Contiene los datos del Pokéathlon con el número de puntos perdidos por tus Pokémon.;Key;0;no;no;no;no;
data_card_14;Tarjeta Datos 14;Data Card 14;Contiene los datos del Pokéathlon con el número de placajes realizados.;Key;0;no;no;no;no;
data_card_15;Tarjeta Datos 15;Data Card 15;Contiene los datos del Pokéathlon con el número de caídas que han sufrido tus Pokémon.;Key;0;no;no;no;no;
data_card_16;Tarjeta Datos 16;Data Card 16;Contiene los datos del Pokéathlon con el número de victorias en Fuera del Ring.;Key;0;no;no;no;no;
data_card_17;Tarjeta Datos 17;Data Card 17;Contiene los datos del Pokéathlon con el número de victorias en Botaluces.;Key;0;no;no;no;no;
data_card_18;Tarjeta Datos 18;Data Card 18;Contiene los datos del Pokéathlon con el número de victorias en Pisacírculos.;Key;0;no;no;no;no;
data_card_19;Tarjeta Datos 19;Data Card 19;Contiene los datos del Pokéathlon con el número de victorias en conexión.;Key;0;no;no;no;no;
data_card_20;Tarjeta Datos 20;Data Card 20;Contiene los datos del Pokéathlon con el número de veces que se ha quedado en último lugar en conexión.;Key;0;no;no;no;no;
data_card_21;Tarjeta Datos 21;Data Card 21;Contiene los datos del Pokéathlon con el número de victorias en una disciplina.;Key;0;no;no;no;no;
data_card_22;Tarjeta Datos 22;Data Card 22;Contiene los datos del Pokéathlon con el número de veces que se ha terminado en última posición en una disciplina.;Key;0;no;no;no;no;
data_card_23;Tarjeta Datos 23;Data Card 23;Contiene los datos del Pokéathlon con el número de veces que se ha cambiado de Pokémon.;Key;0;no;no;no;no;
data_card_24;Tarjeta Datos 24;Data Card 24;Contiene los datos del Pokéathlon con el número de victorias en Metegoles.;Key;0;no;no;no;no;
data_card_25;Tarjeta Datos 25;Data Card 25;Contiene los datos del Pokéathlon con el número de premios individuales.;Key;0;no;no;no;no;
data_card_26;Tarjeta Datos 26;Data Card 26;Contiene los datos del Pokéathlon con el número de veces que se tocó con el lápiz a los Pokémon.;Key;0;no;no;no;no;
data_card_27;Tarjeta Datos 27;Data Card 27;Contiene los datos del Pokéathlon con el tiempo que se ha pasado en esta competición.;Key;0;no;no;no;no;
orange_mail;Car. Naranja;Orange Mail;;Other;50;no;no;no;no;
harbor_mail;Carta Puerto;Harbor Mail;;Other;50;no;no;no;no;
glitter_mail;Carta Brillo;Glitter Mail;;Other;50;no;no;no;no;
mech_mail;Carta Imán;Mech Mail;;Other;50;no;no;no;no;
wood_mail;Carta Madera;Wood Mail;;Other;50;no;no;no;no;
wave_mail;Carta Ola;Wave Mail;;Other;50;no;no;no;no;
bead_mail;Carta Imagen;Bead Mail;;Other;50;no;no;no;no;
shadow_mail;Carta Sombra;Shadow Mail;;Other;50;no;no;no;no;
tropic_mail;Car. Tropic.;Tropic Mail;;Other;50;no;no;no;no;
dream_mail;Carta Sueño;Dream Mail;;Other;50;no;no;no;no;
fab_mail;Carta Fab.;Fab Mail;;Other;50;no;no;no;no;
retro_mail;Carta Retro.;Retro Mail;;Other;0;no;no;no;no;
mach_bike;Bici de Carreras;Mach Bike;Bicicleta plegable que va a más del doble de velocidad que otras.;Key;0;no;no;no;no;
acro_bike;Bici Acrobática;Acro Bike;Bicicleta plegable capaz de correr sobre una sola rueda, realizar saltos y otras acrobacias.;Key;0;no;no;no;no;
wailmer_pail;Wailmegadera;Wailmer Pail;Regadera con forma de Wailmer. Muy útil para que crezcan las bayas plantadas.;Key;0;no;no;no;no;
devon_goods;Piezas Devon;Devon Goods;;Key;0;no;no;no;no;
soot_sack;Saco Hollín;Soot Sack;Bolsa en la que recoger la ceniza de volcán sedimentada en el suelo.;Key;0;no;no;no;no;
pokeblock_case;Tubo Pokécubos;Pokéblock Case;;Key;0;no;no;no;no;
letter;Carta a Máximo;Letter;Carta que te ha confiado el presidente de Devon S. A.;Key;0;no;no;no;no;
eon_ticket;Ticket Eón;Eon Ticket;Billete de barco para viajar a Isla del Sur. Es posible que Norman, Líder del Gimnasio de Ciudad Petalia, sepa algo al respecto.;Key;0;no;no;no;no;
scanner;Escáner;Scanner;Objeto hallado en el interior de Malvamar.;Key;0;no;no;no;no;
go_goggles;Gafas Aislantes;Go-Goggles;Gafas idóneas para protegerte los ojos de las tormentas de arena del desierto.;Key;0;no;no;no;no;
meteorite;Meteorito;Meteorite;Meteorito obtenido en el Monte Cenizo que antes se encontraba en la Cascada Meteoro.;Key;0;no;no;no;no;
rm_1_key;Ll. Cabina 1;Rm. 1 Key;;Key;0;no;no;no;no;
rm_2_key;Ll. Cabina 2;Rm. 2 Key;;Key;0;no;no;no;no;
rm_4_key;Ll. Cabina 4;Rm. 4 Key;;Key;0;no;no;no;no;
rm_6_key;Ll. Cabina 6;Rm. 6 Key;;Key;0;no;no;no;no;
devon_scope;Detector Devon;Devon Scope;Artilugio creado por Devon S. A. que reacciona a la presencia de Pokémon invisibles emitiendo sonidos.;Key;0;no;no;no;no;
poke_flute;Poké Flauta;Poké Flute;Una flauta con un timbre tan dulce y hermoso que despierta hasta al Pokémon más profundamente dormido.;Key;0;no;no;no;no;
bike_voucher;Bono Bici;Bike Voucher;;Key;0;no;no;no;no;
gold_teeth;Dentadura de Oro;Gold Teeth;Unos dientes de oro que perdió el Guarda de la Zona Safari con los que tiene una sonrisa deslumbrante.;Key;0;no;no;no;no;
lift_key;Llave Ascensor;Lift Key;Llave que permite acceder al ascensor de la Guarida del Team Rocket. Lleva grabado el símbolo del Team Rocket.;Key;0;no;no;no;no;
silph_scope;Visor Silph;Silph Scope;Dispositivo que permite ver cosas que, de otra forma, resultarían invisibles para el ojo humano. Fabricado por Silph S. A.;Key;0;no;no;no;no;
fame_checker;Memorín;Fame Checker;;Key;0;no;no;no;no;
tm_case;Estuche de MT;TM Case;;Key;0;no;no;no;no;
berry_pouch;Saco Bayas;Berry Pouch;;Key;0;no;no;no;no;
teachy_tv;Poké Tele;Teachy TV;;Key;0;no;no;no;no;
tri_pass;Tri-Ticket;Tri-Pass;;Key;0;no;no;no;no;
rainbow_pass;Iris-Ticket;Rainbow Pass;;Key;0;no;no;no;no;
tea;Té;Tea;Un aromático té de sabor ligeramente amargo que resulta ideal para aplacar la sed.;Key;0;no;no;no;no;
mysticticket;Misti-Ticket;MysticTicket;;Key;0;no;no;no;no;
auroraticket;Ori-Ticket;AuroraTicket;;Key;0;no;no;no;no;
powder_jar;Bote Polvos;Powder Jar;;Key;0;no;no;no;no;
ruby;Rubí;Ruby;;Key;0;no;no;no;no;
sapphire;Zafiro;Sapphire;;Key;0;no;no;no;no;
magma_emblem;Signo Magma;Magma Emblem;;Key;0;no;no;no;no;
old_sea_map;Mapa Viejo;Old Sea Map;;Key;0;no;no;no;no;
douse_drive;HidroROM;Douse Drive;Cartucho que convierte Tecno Shock de Genesect en un movimiento de tipo Agua.;Other;0;no;no;no;no;
shock_drive;FulgoROM;Shock Drive;Cartucho que convierte Tecno Shock de Genesect en un movimiento de tipo Eléctrico.;Other;0;no;no;no;no;
burn_drive;PiroROM;Burn Drive;Cartucho que convierte Tecno Shock de Genesect en un movimiento de tipo Fuego.;Other;0;no;no;no;no;
chill_drive;CrioROM;Chill Drive;Cartucho que convierte Tecno Shock de Genesect en un movimiento de tipo Hielo.;Other;0;no;no;no;no;
sweet_heart;Corazón Dulce;Sweet Heart;Chocolatina de sabor dulce. Restaura 20 PS de un Pokémon.;Other;3000;no;no;no;no;
greet_mail;Carta Inicial;Greet Mail;Carta para presentarse a alguien. Haz que la entregue un Pokémon.;Other;50;no;no;no;no;
favored_mail;Carta Favoritos;Favored Mail;Carta para escribir sobre tus cosas favoritas. Haz que la entregue un Pokémon.;Other;50;no;no;no;no;
rsvp_mail;Carta Invitar;RSVP Mail;Carta para invitar a un compañero. Haz que la entregue un Pokémon.;Other;50;no;no;no;no;
thanks_mail;Carta Gracias;Thanks Mail;Carta de agradecimiento. Haz que la entregue un Pokémon.;Other;50;no;no;no;no;
inquiry_mail;Carta Pregunta;Inquiry Mail;Carta para preguntar a un compañero. Haz que la entregue un Pokémon.;Other;50;no;no;no;no;
like_mail;Carta Gustos;Like Mail;Carta para recomendar algo. Haz que la entregue un Pokémon.;Other;50;no;no;no;no;
reply_mail;Carta Respuesta;Reply Mail;Carta para responder a un mensaje. Haz que la entregue un Pokémon.;Other;50;no;no;no;no;
bridge_mail_s;Carta Puente S;Bridge Mail S;Carta con la imagen de un puente que se alza hacia el cielo. Haz que la entregue un Pokémon.;Other;50;no;no;no;no;
bridge_mail_d;Carta Puente F;Bridge Mail D;Carta con la imagen de un puente levadizo de color rojo. Haz que la entregue un Pokémon.;Other;50;no;no;no;no;
bridge_mail_t;Carta Puente A;Bridge Mail T;Carta con la imagen de un puente colgante de acero. Haz que la entregue un Pokémon.;Other;50;no;no;no;no;
bridge_mail_v;Carta Puente V;Bridge Mail V;Carta con la imagen de un puente de ladrillos. Haz que la entregue un Pokémon.;Other;50;no;no;no;no;
bridge_mail_m;Carta Puente P;Bridge Mail M;Carta con la imagen de un puente con varios arcos. Haz que la entregue un Pokémon.;Other;50;no;no;no;no;
prism_scale;Escama Bella;Prism Scale;Curiosa escama que hace evolucionar a determinadas especies de Pokémon. Brilla con los colores del arcoíris.;Held;2000;no;no;no;no;
eviolite;Mineral Evol;Eviolite;Roca misteriosa. El Pokémon portador aumentará su Defensa y su Defensa Especial si aún puede evolucionar.;Held;4000;no;no;no;no;siempre [si propio.puede_evolucionar]: stat defense x1,5 | siempre [si propio.puede_evolucionar]: stat sp_defense x1,5
float_stone;Piedra Pómez;Float Stone;Piedra muy ligera que reduce el peso del Pokémon que la lleve.;Other;4000;no;no;no;no;
rocky_helmet;Casco Dentado;Rocky Helmet;Si el portador es alcanzado por un movimiento de contacto, el agresor también recibe daño.;Held;4000;no;no;no;no;"contacto: perder 16,67%; al_rival"
air_balloon;Globo Helio;Air Balloon;El Pokémon que lo lleve flotará en el aire. Si recibe un golpe, estallará.;Held;4000;no;no;no;no;"siempre: inmune ground | tras_golpe: gastar; se_gasta"
red_card;Tarjeta Roja;Red Card;Misteriosa tarjeta que permite al Pokémon que la lleva expulsar al oponente cuando este le cause daño.;Other;4000;no;no;no;no;
ring_target;Blanco;Ring Target;El Pokémon que lo lleva es vulnerable frente a movimientos que normalmente no afectan a su tipo.;Other;4000;no;no;no;no;
binding_band;Banda Atadura;Binding Band;Banda que potencia los movimientos que estrujan al rival.;Other;4000;no;no;no;no;
absorb_bulb;Tubérculo;Absorb Bulb;Raíz de usar y tirar que sube el Ataque Especial cuando se recibe un ataque de tipo Agua.;Other;4000;no;no;no;no;
cell_battery;Pila;Cell Battery;Batería de usar y tirar que sube el Ataque de quien la lleva cuando recibe un golpe de tipo Eléctrico.;Other;4000;no;no;no;no;
eject_button;Botón Escape;Eject Button;Si el portador es alcanzado por un ataque, saldrá del combate y será sustituido por otro Pokémon del equipo.;Other;4000;no;no;no;no;
fire_gem;Gema Fuego;Fire Gem;Joya de un solo uso que potencia los movimientos de tipo Fuego. Debe llevarla un Pokémon.;Other;200;no;no;no;no;
water_gem;Gema Agua;Water Gem;Joya de un solo uso que potencia los movimientos de tipo Agua. Debe llevarla un Pokémon.;Other;200;no;no;no;no;
electric_gem;Gema Eléctrica;Electric Gem;Joya de un solo uso que potencia los movimientos de tipo Eléctrico. Debe llevarla un Pokémon.;Other;200;no;no;no;no;
grass_gem;Gema Planta;Grass Gem;Joya de un solo uso que potencia los movimientos de tipo Planta. Debe llevarla un Pokémon.;Other;200;no;no;no;no;
ice_gem;Gema Hielo;Ice Gem;Joya de un solo uso que potencia los movimientos de tipo Hielo. Debe llevarla un Pokémon.;Other;200;no;no;no;no;
fighting_gem;Gema Lucha;Fighting Gem;Joya de un solo uso que potencia los movimientos de tipo Lucha. Debe llevarla un Pokémon.;Other;200;no;no;no;no;
poison_gem;Gema Veneno;Poison Gem;Joya de un solo uso que potencia los movimientos de tipo Veneno. Debe llevarla un Pokémon.;Other;200;no;no;no;no;
ground_gem;Gema Tierra;Ground Gem;Joya de un solo uso que potencia los movimientos de tipo Tierra. Debe llevarla un Pokémon.;Other;200;no;no;no;no;
flying_gem;Gema Voladora;Flying Gem;Joya de un solo uso que potencia los movimientos de tipo Volador. Debe llevarla un Pokémon.;Other;200;no;no;no;no;
psychic_gem;Gema Psíquica;Psychic Gem;Joya de un solo uso que potencia los movimientos de tipo Psíquico. Debe llevarla un Pokémon.;Other;200;no;no;no;no;
bug_gem;Gema Bicho;Bug Gem;Joya de un solo uso que potencia los movimientos de tipo Bicho. Debe llevarla un Pokémon.;Other;200;no;no;no;no;
rock_gem;Gema Roca;Rock Gem;Joya de un solo uso que potencia los movimientos de tipo Roca. Debe llevarla un Pokémon.;Other;200;no;no;no;no;
ghost_gem;Gema Fantasma;Ghost Gem;Joya de un solo uso que potencia los movimientos de tipo Fantasma. Debe llevarla un Pokémon.;Other;200;no;no;no;no;
dark_gem;Gema Siniestra;Dark Gem;Joya de un solo uso que potencia los movimientos de tipo Siniestro. Debe llevarla un Pokémon.;Other;200;no;no;no;no;
steel_gem;Gema Acero;Steel Gem;Joya de un solo uso que potencia los movimientos de tipo Acero. Debe llevarla un Pokémon.;Other;200;no;no;no;no;
health_wing;Pluma Vigor;Health Feather;Pluma que aumenta un poco los PS de base de un Pokémon.;Vitamin;300;no;si;si;no;
muscle_wing;Pluma Músculo;Muscle Feather;Pluma que aumenta un poco el Ataque de base de un Pokémon.;Vitamin;300;no;si;si;no;
resist_wing;Pluma Aguante;Resist Feather;Pluma que aumenta un poco la Defensa de base de un Pokémon.;Vitamin;300;no;si;si;no;
genius_wing;Pluma Intelecto;Genius Feather;Pluma que aumenta un poco el Ataque Especial de base de un Pokémon.;Vitamin;300;no;si;si;no;
clever_wing;Pluma Mente;Clever Feather;Pluma que aumenta un poco la Defensa Especial de base de un Pokémon.;Vitamin;300;no;si;si;no;
swift_wing;Pluma Ímpetu;Swift Feather;Pluma que aumenta un poco la Velocidad de base de un Pokémon.;Vitamin;300;no;si;si;no;
pretty_wing;Pluma Bella;Pretty Feather;Pluma normal y corriente. Muy bonita, pero no sirve para nada.;Other;1000;no;no;no;no;
cover_fossil;Fósil Tapa;Cover Fossil;Fósil de un Pokémon prehistórico que vivía en el fondo del mar. Parece ser un fragmento de caparazón.;Other;7000;no;no;no;no;
plume_fossil;Fósil Pluma;Plume Fossil;Fósil de un Pokémon prehistórico que surcaba los cielos. Parece ser parte de una de sus alas.;Other;7000;no;no;no;no;
liberty_pass;Tarjeta Libertad;Liberty Pass;Ticket especial para ir en barco desde Ciudad Porcelana a Isla Libertad.;Key;0;no;no;no;no;
pass_orb;Regalosfera;Pass Orb;Esfera misteriosa que contiene el poder de la región de Teselia y se utiliza para generar Poderes Regalo.;Other;200;no;no;no;no;
dream_ball;Ensueño Ball;Dream Ball;Bola especial que aparece de pronto en tu Bolsa en el Bosque Nexo y puede atrapar a cualquier Pokémon.;Ball;0;si;no;si;no;al_usar: captura x1
poke_toy;Pokéseñuelo;Poké Toy;Un objeto que atrae a los Pokémon. Es útil para huir de un combate contra un Pokémon salvaje.;Other;100;no;no;no;no;
prop_case;Neceser;Prop Case;Una bonita cajita donde guardar todos los Complementos para vestir a tus Pokémon en el Teatro Musical.;Key;0;no;no;no;no;
dragon_skull;Cráneo Dragón;Dragon Skull;Cráneo de un Pokémon. Se dice que este Pokémon cruzó mares embravecidos.;Key;0;no;no;no;no;
balm_mushroom;Seta Aroma;Balm Mushroom;Extraña seta que desprende un agradable aroma. Puede alcanzar un alto precio en las tiendas.;Other;15000;no;no;no;no;
big_nugget;Maxipepita;Big Nugget;Pepita de oro puro que desprende un brillo espectacular. Puede venderse a un precio muy alto en las tiendas.;Other;40000;no;no;no;no;
pearl_string;Sarta Perlas;Pearl String;Brillantes perlas plateadas de gran tamaño que pueden venderse a buen precio en las tiendas.;Other;20000;no;no;no;no;
comet_shard;Fragmento Cometa;Comet Shard;Fragmento de un cometa caído al suelo al atravesar la atmósfera. Se puede vender a buen precio en las tiendas.;Other;25000;no;no;no;no;
relic_copper;Real Cobre;Relic Copper;Moneda de cobre de más de 3000 años de antigüedad.;Other;0;no;no;no;no;
relic_silver;Real Plata;Relic Silver;Moneda de plata de más de 3000 años de antigüedad.;Other;0;no;no;no;no;
relic_gold;Real Oro;Relic Gold;Moneda de oro de más de 3000 años de antigüedad.;Other;60000;no;no;no;no;
relic_vase;Ánfora;Relic Vase;Jarrón de más de 3000 años de antigüedad.;Other;0;no;no;no;no;
relic_band;Brazal;Relic Band;Brazalete de más de 3000 años de antigüedad.;Other;0;no;no;no;no;
relic_statue;Efigie Antigua;Relic Statue;Efigie de piedra de más de 3000 años de antigüedad.;Other;0;no;no;no;no;
relic_crown;Corona Antigua;Relic Crown;Corona de más de 3000 años de antigüedad.;Other;0;no;no;no;no;
casteliacone;Porcehelado;Casteliacone;Especialidad de Ciudad Porcelana. Cura los problemas de estado de un Pokémon.;Other;350;no;no;no;no;
dire_hit_2;Crítico X 2;Dire Hit 2;Aumenta la probabilidad de asestar un golpe crítico. Al cambiar de Pokémon, el efecto desaparece.;Other;0;no;no;no;no;
x_speed_2;Velocidad X 2;X Speed 2;Aumenta ligeramente la Velocidad en combate. Al cambiar de Pokémon, el efecto desaparece.;Other;0;no;no;no;no;
x_sp_atk_2;At. Esp. X 2;X Sp. Atk 2;Aumenta ligeramente el Ataque Especial en combate. Al cambiar de Pokémon, el efecto desaparece.;Other;0;no;no;no;no;
x_sp_def_2;Def. Esp. X 2;X Sp. Def 2;Aumenta ligeramente la Defensa Especial en combate. Al cambiar de Pokémon, el efecto desaparece.;Other;0;no;no;no;no;
x_defense_2;Defensa X 2;X Defense 2;Aumenta ligeramente la Defensa en combate. Al cambiar de Pokémon, el efecto desaparece.;Other;0;no;no;no;no;
x_attack_2;Ataque X 2;X Attack 2;Aumenta ligeramente el Ataque en combate. Al cambiar de Pokémon, el efecto desaparece.;Other;0;no;no;no;no;
x_accuracy_2;Precisión X 2;X Accuracy 2;Aumenta ligeramente la Precisión en combate. Al cambiar de Pokémon, el efecto desaparece.;Other;0;no;no;no;no;
x_speed_3;Velocidad X 3;X Speed 3;Aumenta bastante la Velocidad en combate. Al cambiar de Pokémon, el efecto desaparece.;Other;0;no;no;no;no;
x_sp_atk_3;At. Esp. X 3;X Sp. Atk 3;Aumenta bastante el Ataque Especial en combate. Al cambiar de Pokémon, el efecto desaparece.;Other;0;no;no;no;no;
x_sp_def_3;Def. Esp. X 3;X Sp. Def 3;Aumenta bastante la Defensa Especial en combate. Al cambiar de Pokémon, el efecto desaparece.;Other;0;no;no;no;no;
x_defense_3;Defensa X 3;X Defense 3;Aumenta bastante la Defensa en combate. Al cambiar de Pokémon, el efecto desaparece.;Other;0;no;no;no;no;
x_attack_3;Ataque X 3;X Attack 3;Aumenta bastante el Ataque en combate. Al cambiar de Pokémon, el efecto desaparece.;Other;0;no;no;no;no;
x_accuracy_3;Precisión X 3;X Accuracy 3;Aumenta bastante la Precisión en combate. Al cambiar de Pokémon, el efecto desaparece.;Other;0;no;no;no;no;
x_speed_6;Velocidad X 6;X Speed 6;Aumenta mucho la Velocidad en combate. Al cambiar de Pokémon, el efecto desaparece.;Other;0;no;no;no;no;
x_sp_atk_6;At. Esp. X 6;X Sp. Atk 6;Aumenta mucho el Ataque Especial en combate. Al cambiar de Pokémon, el efecto desaparece.;Other;0;no;no;no;no;
x_sp_def_6;Def. Esp. X 6;X Sp. Def 6;Aumenta mucho la Defensa Especial en combate. Al cambiar de Pokémon, el efecto desaparece.;Other;0;no;no;no;no;
x_defense_6;Defensa X 6;X Defense 6;Aumenta mucho la Defensa en combate. Al cambiar de Pokémon, el efecto desaparece.;Other;0;no;no;no;no;
x_attack_6;Ataque X 6;X Attack 6;Aumenta mucho el Ataque en combate. Al cambiar de Pokémon, el efecto desaparece.;Other;0;no;no;no;no;
x_accuracy_6;Precisión X 6;X Accuracy 6;Aumenta mucho la Precisión en combate. Al cambiar de Pokémon, el efecto desaparece.;Other;0;no;no;no;no;
ability_urge;Habilitador;Ability Urge;Al usarlo, activa la habilidad de un Pokémon de tu equipo.;Other;0;no;no;no;no;
item_drop;Tiraobjeto;Item Drop;Cuando se usa, un Pokémon de tu equipo pierde su objeto.;Other;0;no;no;no;no;
item_urge;Activaobjeto;Item Urge;Cuando se usa, un Pokémon de tu equipo utiliza su objeto inmediatamente.;Other;0;no;no;no;no;
reset_urge;Quitaestado;Reset Urge;Cuando se usa, se anulan los cambios en las características de un Pokémon de tu equipo.;Other;0;no;no;no;no;
dire_hit_3;Crítico X 3;Dire Hit 3;Aumenta mucho la probabilidad de asestar un golpe crítico. Al cambiar de Pokémon, su efecto desaparece.;Other;0;no;no;no;no;
light_stone;Orbe Claro;Light Stone;Forma que adoptó Reshiram al perder su cuerpo. Espera la llegada de un nuevo héroe.;Key;0;no;no;no;no;
dark_stone;Orbe Oscuro;Dark Stone;Forma que adoptó Zekrom al perder su cuerpo. Espera la llegada de un nuevo héroe.;Key;0;no;no;no;no;
xtransceiver;Videomisor;Xtransceiver;Comunicador de alta tecnología con cámara que permite hablar a cuatro personas a la vez.;Key;0;no;no;no;no;
gram_1;Envío 1;Gram 1;Carta importante que entrega Wingull.;Key;0;no;no;no;no;
gram_2;Envío 2;Gram 2;Carta importante que entrega Wingull.;Key;0;no;no;no;no;
gram_3;Envío 3;Gram 3;Carta importante que entrega Wingull.;Key;0;no;no;no;no;
dragon_gem;Gema Dragón;Dragon Gem;Joya de un solo uso que potencia los movimientos de tipo Dragón. Debe llevarla un Pokémon.;Other;200;no;no;no;no;
normal_gem;Gema Normal;Normal Gem;Joya de un solo uso que potencia los movimientos de tipo Normal. Debe llevarla un Pokémon.;Other;4000;no;no;no;no;
medal_box;Caja Insignias;Medal Box;Un dispositivo con forma de caja que almacena las insignias y la información relacionada.;Key;0;no;no;no;no;
dna_splicers;Punta ADN;DNA Splicers;Punta que permite fusionar a Kyurem con cierto Pokémon con el que, originariamente, formaba un solo ser.;Key;0;no;si;no;no;
permit;Pase;Permit;Permiso necesario para acceder a la Reserva Natural, lugar que solo unos pocos conocen.;Key;0;no;no;no;no;
oval_charm;Amuleto Oval;Oval Charm;Misterioso amuleto ovalado que aumenta la posibilidad de encontrar Huevos en Cuidados Pokémon.;Key;0;no;no;no;no;
shiny_charm;Amuleto Iris;Shiny Charm;Misterioso amuleto brillante que aumenta la probabilidad de encontrar Pokémon variocolor.;Key;0;no;no;no;no;
plasma_card;Tarjeta Plasma;Plasma Card;Tarjeta necesaria para introducir la contraseña en la Fragata Plasma.;Key;0;no;no;no;no;
grubby_hanky;Pañuelo Sucio;Grubby Hanky;Pañuelo perdido por un cliente habitual del Café Alma en Ciudad Esmalte. Desprende el olor de un Pokémon.;Key;0;no;no;no;no;
colress_machine;Acromáquina;Colress Machine;Dispositivo que permite aumentar forzadamente las características de los Pokémon. Es un prototipo imperfecto.;Key;0;no;no;no;no;
dropped_item;Objeto Perdido;Dropped Item;Videomisor encontrado en el parque de atracciones de Ciudad Mayólica. Parece que pertenece a un chico.;Key;0;no;no;no;no;
reveal_glass;Espejo Veraz;Reveal Glass;Espejo misterioso que refleja la verdad y devuelve los Pokémon a su forma original.;Key;0;no;si;no;no;
weakness_policy;Seguro Debilidad;Weakness Policy;Aumenta mucho el Ataque y el Ataque Especial cuando el Pokémon que lo lleva recibe un ataque frente al cual es débil.;Held;1000;no;no;no;no;"tras_golpe [si propio.eficacia>1]: etapa attack +2; se_gasta | tras_golpe [si propio.eficacia>1]: etapa sp_attack +2; se_gasta"
assault_vest;Chaleco Asalto;Assault Vest;Chaleco que potencia la Defensa Especial del Pokémon que lo lleva, pero le impide lanzar ataques de estado.;Held;1000;no;no;no;no;siempre: stat sp_defense x1,5 | siempre: sin_movs_estado
pixie_plate;Tabla Duende;Pixie Plate;Tabla de piedra que potencia los movimientos de tipo Hada. Debe llevarla un Pokémon.;Held;1000;no;no;no;no;siempre [si mov.tipo=fairy]: potencia x1,2
ability_capsule;Cáps. Habilidad;Ability Capsule;Cápsula que les permite cambiar de habilidad a los Pokémon que poseen dos.;Vitamin;10000;no;si;si;no;
whipped_dream;Dulce de Nata;Whipped Dream;Un dulce a base de suave y esponjosa nata montada. A algunos Pokémon les encanta.;Held;2000;no;no;no;no;
sachet;Saquito Fragante;Sachet;Un saquito lleno de sustancias aromáticas cuyo perfume resulta abrumador, pero que a ciertos Pokémon les encanta.;Held;2000;no;no;no;no;
luminous_moss;Musgo Brillante;Luminous Moss;Objeto de un solo uso. Aumenta la Defensa Especial del Pokémon que lo lleva si este recibe un ataque de tipo Agua.;Other;4000;no;no;no;no;
snowball;Bola de Nieve;Snowball;Objeto de un solo uso. Aumenta el Ataque del Pokémon que lo lleva si este recibe un ataque de tipo Hielo.;Other;4000;no;no;no;no;
safety_goggles;Gafa Protectora;Safety Goggles;Gafa que protege de los efectos adversos del clima y del polvo lanzado por los rivales.;Other;4000;no;no;no;no;
rich_mulch;Abono Fértil;Rich Mulch;Un fertilizante usado para el cultivo de bayas. Parece que no se asienta bien en el suelo de Hoenn, por lo que no tiene efecto en esta región.;Other;200;no;no;no;no;
surprise_mulch;Abono Sorpresa;Surprise Mulch;Un fertilizante usado para el cultivo de bayas. Parece que no se asienta bien en el suelo de Hoenn, por lo que no tiene efecto en esta región.;Other;200;no;no;no;no;
boost_mulch;Abono Fructífero;Boost Mulch;Un fertilizante usado para el cultivo de bayas. Parece que no se asienta bien en el suelo de Hoenn, por lo que no tiene efecto en esta región.;Other;200;no;no;no;no;
amaze_mulch;Abono Insólito;Amaze Mulch;Un fertilizante usado para el cultivo de bayas. Parece que no se asienta bien en el suelo de Hoenn, por lo que no tiene efecto en esta región.;Other;200;no;no;no;no;
gengarite;Gengarita;Gengarite;Una de las misteriosas Megapiedras. Permite megaevolucionar a Gengar en combate.;Other;0;no;no;no;no;
gardevoirite;Gardevoirita;Gardevoirite;Una de las misteriosas Megapiedras. Permite megaevolucionar a Gardevoir en combate.;Other;0;no;no;no;no;
ampharosite;Ampharosita;Ampharosite;Una de las misteriosas Megapiedras. Permite megaevolucionar a Ampharos en combate.;Other;0;no;no;no;no;
venusaurite;Venusaurita;Venusaurite;Una de las misteriosas Megapiedras. Permite megaevolucionar a Venusaur en combate.;Other;0;no;no;no;no;
charizardite_x;Charizardita X;Charizardite X;Una de las misteriosas Megapiedras. Permite megaevolucionar a Charizard en combate.;Other;0;no;no;no;no;
blastoisinite;Blastoisita;Blastoisinite;Una de las misteriosas Megapiedras. Permite megaevolucionar a Blastoise en combate.;Other;0;no;no;no;no;
mewtwonite_x;Mewtwoita X;Mewtwonite X;Una de las misteriosas Megapiedras. Permite megaevolucionar a Mewtwo en combate.;Other;0;no;no;no;no;
mewtwonite_y;Mewtwoita Y;Mewtwonite Y;Una de las misteriosas Megapiedras. Permite megaevolucionar a Mewtwo en combate.;Other;0;no;no;no;no;
blazikenite;Blazikenita;Blazikenite;Una de las misteriosas Megapiedras. Permite megaevolucionar a Blaziken en combate.;Other;0;no;no;no;no;
medichamite;Medichamita;Medichamite;Una de las misteriosas Megapiedras. Permite megaevolucionar a Medicham en combate.;Other;0;no;no;no;no;
houndoominite;Houndoomita;Houndoominite;Una de las misteriosas Megapiedras. Permite megaevolucionar a Houndoom en combate.;Other;0;no;no;no;no;
aggronite;Aggronita;Aggronite;Una de las misteriosas Megapiedras. Permite megaevolucionar a Aggron en combate.;Other;0;no;no;no;no;
banettite;Banettita;Banettite;Una de las misteriosas Megapiedras. Permite megaevolucionar a Banette en combate.;Other;0;no;no;no;no;
tyranitarite;Tyranitarita;Tyranitarite;Una de las misteriosas Megapiedras. Permite megaevolucionar a Tyranitar en combate.;Other;0;no;no;no;no;
scizorite;Scizorita;Scizorite;Una de las misteriosas Megapiedras. Permite megaevolucionar a Scizor en combate.;Other;0;no;no;no;no;
pinsirite;Pinsirita;Pinsirite;Una de las misteriosas Megapiedras. Permite megaevolucionar a Pinsir en combate.;Other;0;no;no;no;no;
aerodactylite;Aerodactylita;Aerodactylite;Una de las misteriosas Megapiedras. Permite megaevolucionar a Aerodactyl en combate.;Other;0;no;no;no;no;
lucarionite;Lucarita;Lucarionite;Una de las misteriosas Megapiedras. Permite megaevolucionar a Lucario en combate.;Other;0;no;no;no;no;
abomasite;Abomasnowita;Abomasite;Una de las misteriosas Megapiedras. Permite megaevolucionar a Abomasnow en combate.;Other;0;no;no;no;no;
kangaskhanite;Kangaskhanita;Kangaskhanite;Una de las misteriosas Megapiedras. Permite megaevolucionar a Kangaskhan en combate.;Other;0;no;no;no;no;
gyaradosite;Gyaradosita;Gyaradosite;Una de las misteriosas Megapiedras. Permite megaevolucionar a Gyarados en combate.;Other;0;no;no;no;no;
absolite;Absolita;Absolite;Una de las misteriosas Megapiedras. Permite megaevolucionar a Absol en combate.;Other;0;no;no;no;no;
charizardite_y;Charizardita Y;Charizardite Y;Una de las misteriosas Megapiedras. Permite megaevolucionar a Charizard en combate.;Other;0;no;no;no;no;
alakazite;Alakazamita;Alakazite;Una de las misteriosas Megapiedras. Permite megaevolucionar a Alakazam en combate.;Other;0;no;no;no;no;
heracronite;Heracrossita;Heracronite;Una de las misteriosas Megapiedras. Permite megaevolucionar a Heracross en combate.;Other;0;no;no;no;no;
mawilite;Mawilita;Mawilite;Una de las misteriosas Megapiedras. Permite megaevolucionar a Mawile en combate.;Other;0;no;no;no;no;
manectite;Manectricita;Manectite;Una de las misteriosas Megapiedras. Permite megaevolucionar a Manectric en combate.;Other;0;no;no;no;no;
garchompite;Garchompita;Garchompite;Una de las misteriosas Megapiedras. Permite megaevolucionar a Garchomp en combate.;Other;0;no;no;no;no;
roseli_berry;Baya Hibis;Roseli Berry;Si la lleva un Pokémon, debilita un ataque supereficaz de tipo Hada de un enemigo.;Berry;80;no;no;no;si;"antes_de_golpe [si mov.tipo=fairy & propio.eficacia>1]: daño_recibido x0,5; se_gasta"
kee_berry;Baya Biglia;Kee Berry;Si la lleva un Pokémon, aumenta su Defensa tras recibir un ataque físico.;Other;80;no;no;no;si;
maranga_berry;Baya Maranga;Maranga Berry;Si la lleva un Pokémon, aumenta su Defensa Especial tras recibir un ataque especial.;Other;80;no;no;no;si;
discount_coupon;Vale Descuento;Discount Coupon;Con este vale te harán jugosos descuentos cuando vayas de compras a una Boutique.;Other;20;no;no;no;no;
strange_souvenir;Estatuilla Rara;Strange Souvenir;Ornamento que representa a un Pokémon misterioso venerado desde la antigüedad en Alola como espíritu protector.;Other;3000;no;no;no;no;
lumiose_galette;Crêpe Luminalia;Lumiose Galette;El dulce estrella de Ciudad Luminalia. Cura los problemas de estado de un Pokémon.;Other;350;no;no;no;no;
jaw_fossil;Fósil Mandíbula;Jaw Fossil;Fósil de un Pokémon prehistórico terrestre. Parece ser parte de una mandíbula.;Other;7000;no;no;no;no;
sail_fossil;Fósil Aleta;Sail Fossil;Fósil de un Pokémon prehistórico terrestre. Parece la impresión de una aleta.;Other;7000;no;no;no;no;
fairy_gem;Gema Hada;Fairy Gem;Joya de un solo uso que potencia los movimientos de tipo Hada. Debe llevarla un Pokémon.;Other;200;no;no;no;no;
adventure_rules;Guía de Aventura;Adventure Guide;Guía redactada por uno de tus amigos con los puntos esenciales que todo Entrenador debería tener en cuenta durante su viaje por Kalos.;Key;0;no;no;no;no;
elevator_key;Llave Ascensor;Elevator Key;Tarjeta con el logotipo del Team Flare que activa el ascensor de los Laboratorios Lysson.;Key;0;no;no;no;no;
holo_caster;Holomisor;Holo Caster;Este aparato permite recibir vídeos holográficos y visualizarlos en cualquier momento.;Key;0;no;no;no;no;
honor_of_kalos;Emblema Kalos;Honor of Kalos;Símbolo otorgado en reconocimiento a quienes han realizado gestas excepcionales en la región de Kalos.;Key;0;no;no;no;no;
intriguing_stone;Piedra Insólita;Intriguing Stone;Una curiosa piedra que a algunos les puede parecer de gran valor.;Key;0;no;no;no;no;
lens_case;Portalentillas;Lens Case;Estuche de aspecto sofisticado para llevar tus lentes de contacto.;Key;0;no;no;no;no;
looker_ticket;Boleto Handsome;Looker Ticket;Boleto hecho a mano por Handsome, decorado con una generosa cantidad de purpurina.;Key;0;no;no;no;no;
mega_ring;Mega-Aro;Mega Ring;Accesorio con un poder misterioso que permite megaevolucionar a Pokémon que lleven la Megapiedra adecuada.;Key;0;no;no;no;no;
power_plant_pass;Pase Central;Power Plant Pass;Documento de identificación necesario para acceder a la central eléctrica de la Ruta 13.;Key;0;no;no;no;no;
profs_letter;Carta Profesor;Prof’s Letter;Una carta sutilmente perfumada que el Profesor Ciprés le ha escrito a tu madre.;Key;0;no;no;no;no;
roller_skates;Patines;Roller Skates;Ruedas que se acoplan a la suela del calzado y te permiten ir más rápido y realizar piruetas espectaculares.;Key;0;no;no;no;no;
sprinklotad;Lotadgadera;Sprinklotad;Una regadera con forma de Lotad. Ayuda a que las bayas plantadas en suelo blandito crezcan mejor.;Key;0;no;no;no;no;
tmv_pass;Abono del TMV;TMV Pass;Pase que permite realizar viajes ilimitados en el TMV que une las ciudades de Luminalia y Batik.;Key;0;no;no;no;no;
latiasite;Latiasita;Latiasite;Una de las misteriosas Megapiedras. Permite megaevolucionar a Latias en combate.;Other;0;no;no;no;no;
latiosite;Latiosita;Latiosite;Una de las misteriosas Megapiedras. Permite megaevolucionar a Latios en combate.;Other;0;no;no;no;no;
makeup_bag;Kit Maquillaje;Makeup Bag;Neceser de aspecto sofisticado para guardar tus barras de labios.;Key;0;no;no;no;no;
shalour_sable;Galleta Yantra;Shalour Sable;Especialidad de Ciudad Yantra. Cura los problemas de estado de un Pokémon.;Other;350;no;no;no;no;
devon_parts;Piezas Devon;Devon Parts;Contiene piezas de algo fabricado por Devon S. A.;Key;0;no;no;no;no;
pokeblock_kit;Kit de Pokécubos;Pokéblock Kit;Kit consistente en una Licuabayas para preparar Pokécubos a partir de bayas y un Tubo Pokécubos para guardarlos.;Key;0;no;no;no;no;
key_to_room_1;Ll. Habitación 1;Key to Room 1;Llave de acceso a una de las habitaciones de Malvamar.;Key;0;no;no;no;no;
key_to_room_2;Ll. Habitación 2;Key to Room 2;Llave de acceso a una de las habitaciones de Malvamar.;Key;0;no;no;no;no;
key_to_room_4;Ll. Habitación 4;Key to Room 4;Llave de acceso a una de las habitaciones de Malvamar.;Key;0;no;no;no;no;
key_to_room_6;Ll. Habitación 6;Key to Room 6;Llave de acceso a una de las habitaciones de Malvamar.;Key;0;no;no;no;no;
devon_scuba_gear;Bombona Devon;Devon Scuba Gear;Máscara que surte de oxígeno durante las inmersiones en el agua. Producto de Devon S. A.;Key;0;no;no;no;no;
contest_costume__jacket;Traje de Gala;Contest Costume;Traje de lo más espectacular para lucir en el Gran Concurso.;Key;0;no;no;no;no;
magma_suit;Traje Magma;Magma Suit;Este traje es el resultado de las arduas investigaciones científicas del Equipo Magma. Es capaz de soportar cualquier impacto.;Key;0;no;no;no;no;
aqua_suit;Traje Aqua;Aqua Suit;Este traje es el resultado de las arduas investigaciones científicas del Equipo Aqua. Es capaz de soportar cualquier impacto.;Key;0;no;no;no;no;
pair_of_tickets;Entrada para dos;Pair of Tickets;Pase de dos personas para asistir al espectáculo de astronomía que se celebra en el Centro Espacial de Algaria.;Key;0;no;no;no;no;
mega_bracelet;Megapulsera;Mega Bracelet;Aro con un poder misterioso que permite megaevolucionar a Pokémon que lleven la Megapiedra adecuada.;Key;0;no;no;no;no;
swampertite;Swampertita;Swampertite;Una de las misteriosas Megapiedras. Permite megaevolucionar a Swampert en combate.;Other;0;no;no;no;no;
sceptilite;Sceptilita;Sceptilite;Una de las misteriosas Megapiedras. Permite megaevolucionar a Sceptile en combate.;Other;0;no;no;no;no;
sablenite;Sableynita;Sablenite;Una de las misteriosas Megapiedras. Permite megaevolucionar a Sableye en combate.;Other;0;no;no;no;no;
altarianite;Altarianita;Altarianite;Una de las misteriosas Megapiedras. Permite megaevolucionar a Altaria en combate.;Other;0;no;no;no;no;
galladite;Galladita;Galladite;Una de las misteriosas Megapiedras. Permite megaevolucionar a Gallade en combate.;Other;0;no;no;no;no;
audinite;Audinita;Audinite;Una de las misteriosas Megapiedras. Permite megaevolucionar a Audino en combate.;Other;0;no;no;no;no;
metagrossite;Metagrossita;Metagrossite;Una de las misteriosas Megapiedras. Permite megaevolucionar a Metagross en combate.;Other;0;no;no;no;no;
sharpedonite;Sharpedonita;Sharpedonite;Una de las misteriosas Megapiedras. Permite megaevolucionar a Sharpedo en combate.;Other;0;no;no;no;no;
slowbronite;Slowbronita;Slowbronite;Una de las misteriosas Megapiedras. Permite megaevolucionar a Slowbro en combate.;Other;0;no;no;no;no;
steelixite;Steelixita;Steelixite;Una de las misteriosas Megapiedras. Permite megaevolucionar a Steelix en combate.;Other;0;no;no;no;no;
pidgeotite;Pidgeotita;Pidgeotite;Una de las misteriosas Megapiedras. Permite megaevolucionar a Pidgeot en combate.;Other;0;no;no;no;no;
glalitite;Glalita;Glalitite;Una de las misteriosas Megapiedras. Permite megaevolucionar a Glalie en combate.;Other;0;no;no;no;no;
diancite;Diancita;Diancite;Una de las misteriosas Megapiedras. Permite megaevolucionar a Diancie en combate.;Other;0;no;no;no;no;
prison_bottle;Vasija Castigo;Prison Bottle;Vasija en la que se halla confinado el poder de cierto Pokémon desde hace muchísimo tiempo.;Key;0;no;si;no;no;
cameruptite;Cameruptita;Cameruptite;Una de las misteriosas Megapiedras. Permite megaevolucionar a Camerupt en combate.;Other;0;no;no;no;no;
lopunnite;Lopunnita;Lopunnite;Una de las misteriosas Megapiedras. Permite megaevolucionar a Lopunny en combate.;Other;0;no;no;no;no;
salamencite;Salamencita;Salamencite;Una de las misteriosas Megapiedras. Permite megaevolucionar a Salamence en combate.;Other;0;no;no;no;no;
beedrillite;Beedrillita;Beedrillite;Una de las misteriosas Megapiedras. Permite megaevolucionar a Beedrill en combate.;Other;0;no;no;no;no;
key_stone;Piedra Activadora;Key Stone;Piedra de singulares poderes que permite megaevolucionar en combate a un Pokémon que lleve consigo una Megapiedra.;Key;0;no;no;no;no;
meteorite_shard;Frag. Meteorito;Meteorite Shard;Trozo de meteorito encontrado en el suelo de la Cueva Granito. Es ligeramente cálido al tacto.;Key;0;no;no;no;no;
eon_flute;Flauta Eón;Eon Flute;Flauta capaz de invocar a Latios o Latias en cualquier lugar.;Key;0;no;no;no;no;
normalium_z;Normastal Z;Normalium Z;Cristal que confiere el Poder Z a los movimientos de tipo Normal.;Key;0;no;no;no;no;
firium_z;Pirostal Z;Firium Z;Cristal que confiere el Poder Z a los movimientos de tipo Fuego.;Key;0;no;no;no;no;
waterium_z;Hidrostal Z;Waterium Z;Cristal que confiere el Poder Z a los movimientos de tipo Agua.;Key;0;no;no;no;no;
electrium_z;Electrostal Z;Electrium Z;Cristal que confiere el Poder Z a los movimientos de tipo Eléctrico.;Key;0;no;no;no;no;
grassium_z;Fitostal Z;Grassium Z;Cristal que confiere el Poder Z a los movimientos de tipo Planta.;Key;0;no;no;no;no;
icium_z;Criostal Z;Icium Z;Cristal que confiere el Poder Z a los movimientos de tipo Hielo.;Key;0;no;no;no;no;
fightinium_z;Lizastal Z;Fightinium Z;Cristal que confiere el Poder Z a los movimientos de tipo Lucha.;Key;0;no;no;no;no;
poisonium_z;Toxistal Z;Poisonium Z;Cristal que confiere el Poder Z a los movimientos de tipo Veneno.;Key;0;no;no;no;no;
groundium_z;Geostal Z;Groundium Z;Cristal que confiere el Poder Z a los movimientos de tipo Tierra.;Key;0;no;no;no;no;
flyinium_z;Aerostal Z;Flyinium Z;Cristal que confiere el Poder Z a los movimientos de tipo Volador.;Key;0;no;no;no;no;
psychium_z;Psicostal Z;Psychium Z;Cristal que confiere el Poder Z a los movimientos de tipo Psíquico.;Key;0;no;no;no;no;
buginium_z;Insectostal Z;Buginium Z;Cristal que confiere el Poder Z a los movimientos de tipo Bicho.;Key;0;no;no;no;no;
rockium_z;Litostal Z;Rockium Z;Cristal que confiere el Poder Z a los movimientos de tipo Roca.;Key;0;no;no;no;no;
ghostium_z;Espectrostal Z;Ghostium Z;Cristal que confiere el Poder Z a los movimientos de tipo Fantasma.;Key;0;no;no;no;no;
dragonium_z;Dracostal Z;Dragonium Z;Cristal que confiere el Poder Z a los movimientos de tipo Dragón.;Key;0;no;no;no;no;
darkinium_z;Nictostal Z;Darkinium Z;Cristal que confiere el Poder Z a los movimientos de tipo Siniestro.;Key;0;no;no;no;no;
steelium_z;Metalostal Z;Steelium Z;Cristal que confiere el Poder Z a los movimientos de tipo Acero.;Key;0;no;no;no;no;
fairium_z;Feeristal Z;Fairium Z;Cristal que confiere el Poder Z a los movimientos de tipo Hada.;Key;0;no;no;no;no;
pikanium_z;Pikastal Z;Pikanium Z;Cristal que confiere el Poder Z al movimiento Placaje Eléc de Pikachu.;Key;0;no;no;no;no;
bottle_cap;Chapa Plateada;Bottle Cap;Una bonita chapa de color plata. Hay gente que las aprecia mucho.;Other;5000;no;no;no;no;
gold_bottle_cap;Chapa Dorada;Gold Bottle Cap;Una bonita chapa de color dorado, menos común que su equivalente plateada. Hay gente que las aprecia mucho.;Other;10000;no;no;no;no;
z_ring;Pulsera Z;Z-Ring;Misteriosa pulsera que transmite la fuerza física y mental del Entrenador a sus Pokémon, lo que les permite usar movimientos Z.;Key;0;no;no;no;no;
decidium_z;Dueyestal Z;Decidium Z;Cristal que confiere el Poder Z al movimiento Puntada Sombría de Decidueye.;Key;0;no;no;no;no;
incinium_z;Incinostal Z;Incinium Z;Cristal que confiere el Poder Z al movimiento Lariat Oscuro de Incineroar.;Key;0;no;no;no;no;
primarium_z;Primastal Z;Primarium Z;Cristal que confiere el Poder Z al movimiento Aria Burbuja de Primarina.;Key;0;no;no;no;no;
tapunium_z;Tapistal Z;Tapunium Z;Cristal que confiere el Poder Z al movimiento Furia Natural de los Tapu.;Key;0;no;no;no;no;
marshadium_z;Marshastal Z;Marshadium Z;Cristal que confiere el Poder Z al movimiento Robasombra de Marshadow.;Key;0;no;no;no;no;
aloraichium_z;Alo-Raistal Z;Aloraichium Z;Cristal que confiere el Poder Z al movimiento Rayo de los Raichu de Alola.;Key;0;no;no;no;no;
snorlium_z;Snorlastal Z;Snorlium Z;Cristal que confiere el Poder Z al movimiento Giga Impacto de Snorlax.;Key;0;no;no;no;no;
eevium_z;Eeveestal Z;Eevium Z;Cristal que confiere el Poder Z al movimiento Última Baza de Eevee.;Key;0;no;no;no;no;
mewnium_z;Mewstal Z;Mewnium Z;Cristal que confiere el Poder Z al movimiento Psíquico de Mew.;Key;0;no;no;no;no;
pikashunium_z;Ash-Pikastal Z;Pikashunium Z;Cristal que confiere el Poder Z al movimiento Rayo de los Pikachu que llevan gorra.;Key;0;no;no;no;no;
forage_bag;Zurrón;Forage Bag;Saco para guardar ingredientes, indispensable en la Jungla Umbría para superar la prueba de Lulú.;Key;0;no;no;no;no;
fishing_rod;Caña;Fishing Rod;Caña fabricada por la Capitana Nereida. Permite pescar los Pokémon escondidos en las rocas sumergidas.;Key;0;no;no;no;no;
professors_mask;Máscara Profesor;Professor’s Mask;La máscara de luchador de Royale, el Enmascarado. Muy probablemente de factura propia.;Key;0;no;no;no;no;
festival_ticket;Festicupón;Festival Ticket;Se puede canjear para organizar minijuegos en la Festi Plaza.;Key;10;no;no;no;no;
sparkling_stone;Piedra Brillante;Sparkling Stone;Piedra con un misterioso brillo entregada por un Pokémon considerado como uno de los espíritus guardianes de Alola.;Key;0;no;no;no;no;
adrenaline_orb;Nerviosfera;Adrenaline Orb;Aumenta la Velocidad del portador al sufrir Intimidación. Si se usa, hará más probable que el Pokémon rival pida ayuda. Desaparece tras usarla.;Other;4000;no;no;no;no;
zygarde_cube;Arca de Zygarde;Zygarde Cube;Dispositivo para almacenar células y núcleos de Zygarde. También es posible usarlo para enseñarle movimientos.;Key;0;no;no;no;no;
ice_stone;Piedra Hielo;Ice Stone;Una piedra peculiar que hace evolucionar a algunos Pokémon. Presenta motivos que recuerdan a los cristales de hielo.;Evolution;3000;no;si;si;no;
beast_ball;Ente Ball;Beast Ball;Un tipo especial de Poké Ball diseñada para capturar de forma específica y exclusiva a los misteriosos seres conocidos como Ultraentes.;Ball;0;si;no;si;no;al_usar: captura x1
big_malasada;Malasada Maxi;Big Malasada;Fritura típica de Alola que cura todos los problemas de estado de un Pokémon.;Other;350;no;no;no;no;
red_nectar;Néctar Rojo;Red Nectar;Néctar de ciertas flores de los Jardines de Ula-Ula, capaz de hacer cambiar de forma a una determinada especie de Pokémon.;Other;300;no;no;no;no;
yellow_nectar;Néctar Amarillo;Yellow Nectar;Néctar de ciertas flores de los Jardines de Melemele, capaz de hacer cambiar de forma a una determinada especie de Pokémon.;Other;300;no;si;no;no;
pink_nectar;Néctar Rosa;Pink Nectar;Néctar de ciertas flores de los parterres de la Avenida Royale, capaz de hacer cambiar de forma a una determinada especie de Pokémon.;Other;300;no;si;no;no;
purple_nectar;Néctar Violeta;Purple Nectar;Néctar de ciertas flores de los Jardines de Poni, capaz de hacer cambiar de forma a una determinada especie de Pokémon.;Other;300;no;si;no;no;
sun_flute;Flauta Solar;Sun Flute;Flauta que se hace sonar como muestra de gratitud hacia el Pokémon legendario del sol.;Key;0;no;no;no;no;
moon_flute;Flauta Lunar;Moon Flute;Flauta que se hace sonar como muestra de gratitud hacia el Pokémon legendario de la luna.;Key;0;no;no;no;no;
enigmatic_card;Nota Intrigante;Enigmatic Card;Misteriosa nota que reza: “Te espero en una habitación del motel de la Ruta 8 en Akala”.;Key;0;no;no;no;no;
terrain_extender;Cubresuelos;Terrain Extender;Al llevarlo, prolonga la duración de los campos creados por el Pokémon en el terreno de combate mediante movimientos o su habilidad.;Other;4000;no;no;no;no;
protective_pads;Paracontacto;Protective Pads;Protege al Pokémon de los efectos que le produciría el contacto directo en combate.;Other;4000;no;no;no;no;
electric_seed;Semilla Electro;Electric Seed;Aumenta la Defensa del portador si se usa cuando el terreno está cubierto por un campo eléctrico.;Other;4000;no;no;no;no;
psychic_seed;Semilla Psique;Psychic Seed;Aumenta la Defensa Especial del portador si se usa cuando el terreno está cubierto por un campo psíquico.;Other;4000;no;no;no;no;
misty_seed;Semilla Bruma;Misty Seed;Aumenta la Defensa Especial del portador si se usa cuando el terreno está cubierto por un campo de niebla.;Other;4000;no;no;no;no;
grassy_seed;Semilla Hierba;Grassy Seed;Aumenta la Defensa del portador si se usa cuando el terreno está cubierto por un campo de hierba.;Other;4000;no;no;no;no;
fighting_memory;Disco Lucha;Fighting Memory;Disco de datos que contiene información relativa al tipo Lucha. Permite cambiar de tipo a cierto Pokémon.;Other;1000;no;no;no;no;
flying_memory;Disco Volador;Flying Memory;Disco de datos que contiene información relativa al tipo Volador. Permite cambiar de tipo a cierto Pokémon.;Other;1000;no;no;no;no;
poison_memory;Disco Veneno;Poison Memory;Disco de datos que contiene información relativa al tipo Veneno. Permite cambiar de tipo a cierto Pokémon.;Other;1000;no;no;no;no;
ground_memory;Disco Tierra;Ground Memory;Disco de datos que contiene información relativa al tipo Tierra. Permite cambiar de tipo a cierto Pokémon.;Other;1000;no;no;no;no;
rock_memory;Disco Roca;Rock Memory;Disco de datos que contiene información relativa al tipo Roca. Permite cambiar de tipo a cierto Pokémon.;Other;1000;no;no;no;no;
bug_memory;Disco Bicho;Bug Memory;Disco de datos que contiene información relativa al tipo Bicho. Permite cambiar de tipo a cierto Pokémon.;Other;1000;no;no;no;no;
ghost_memory;Disco Fantasma;Ghost Memory;Disco de datos que contiene información relativa al tipo Fantasma. Permite cambiar de tipo a cierto Pokémon.;Other;1000;no;no;no;no;
steel_memory;Disco Acero;Steel Memory;Disco de datos que contiene información relativa al tipo Acero. Permite cambiar de tipo a cierto Pokémon.;Other;1000;no;no;no;no;
fire_memory;Disco Fuego;Fire Memory;Disco de datos que contiene información relativa al tipo Fuego. Permite cambiar de tipo a cierto Pokémon.;Other;1000;no;no;no;no;
water_memory;Disco Agua;Water Memory;Disco de datos que contiene información relativa al tipo Agua. Permite cambiar de tipo a cierto Pokémon.;Other;1000;no;no;no;no;
grass_memory;Disco Planta;Grass Memory;Disco de datos que contiene información relativa al tipo Planta. Permite cambiar de tipo a cierto Pokémon.;Other;1000;no;no;no;no;
electric_memory;Disco Eléctrico;Electric Memory;Disco de datos que contiene información relativa al tipo Eléctrico. Permite cambiar de tipo a cierto Pokémon.;Other;1000;no;no;no;no;
psychic_memory;Disco Psíquico;Psychic Memory;Disco de datos que contiene información relativa al tipo Psíquico. Permite cambiar de tipo a cierto Pokémon.;Other;1000;no;no;no;no;
ice_memory;Disco Hielo;Ice Memory;Disco de datos que contiene información relativa al tipo Hielo. Permite cambiar de tipo a cierto Pokémon.;Other;1000;no;no;no;no;
dragon_memory;Disco Dragón;Dragon Memory;Disco de datos que contiene información relativa al tipo Dragón. Permite cambiar de tipo a cierto Pokémon.;Other;1000;no;no;no;no;
dark_memory;Disco Siniestro;Dark Memory;Disco de datos que contiene información relativa al tipo Siniestro. Permite cambiar de tipo a cierto Pokémon.;Other;1000;no;no;no;no;
fairy_memory;Disco Hada;Fairy Memory;Disco de datos que contiene información relativa al tipo Hada. Permite cambiar de tipo a cierto Pokémon.;Other;1000;no;no;no;no;
silver_razz_berry;Baya Frambu Plateada;Silver Razz Berry;Una baya que puedes lanzar a un Pokémon salvaje para que resulte bastante más fácil capturarlo.;Other;1000;no;no;no;si;
golden_razz_berry;Baya Frambu Dorada;Golden Razz Berry;Una baya que puedes lanzar a un Pokémon salvaje para que resulte mucho más fácil capturarlo.;Other;5000;no;no;no;si;
silver_nanab_berry;Baya Latano Plateada;Silver Nanab Berry;Una baya que puedes lanzar a un Pokémon salvaje para tranquilizarlo bastante.;Other;1000;no;no;no;si;
golden_nanab_berry;Baya Latano Dorada;Golden Nanab Berry;Una baya que puedes lanzar a un Pokémon salvaje para tranquilizarlo mucho.;Other;5000;no;no;no;si;
silver_pinap_berry;Baya Pinia Plateada;Silver Pinap Berry;Una baya que puedes lanzar a un Pokémon salvaje para aumentar bastante las probabilidades de conseguir un objeto tras capturarlo.;Other;1000;no;no;no;si;
golden_pinap_berry;Baya Pinia Dorada;Golden Pinap Berry;Una baya que puedes lanzar a un Pokémon salvaje para aumentar mucho las probabilidades de conseguir un objeto tras capturarlo.;Other;5000;no;no;no;si;
secret_key__letsgo;Llave Secreta;Secret Key;Llave que abre las puertas del Gimnasio de Isla Canela. En su diseño predomina el color rojo.;Key;0;no;no;no;no;
ss_ticket__letsgo;Ticket del Barco;S.S. Ticket;Billete necesario para embarcar en el S. S. Anne. Tiene dibujado un barco.;Key;0;no;no;no;no;
parcel__letsgo;Paquete;Parcel;Un paquete para el Profesor Oak que te entregaron en la Tienda Pokémon de Ciudad Verde.;Key;0;no;no;no;no;
card_key__letsgo;Llave Magnética;Card Key;Esta tarjeta permite abrir las puertas de la Oficina Central de Silph S. A. en Ciudad Azafrán.;Key;0;no;no;no;no;
stretchy_spring;Muelle Estirado;Stretchy Spring;Muelle fino y pequeño. Está algo elongado y se desconoce cuál puede ser su uso.;Other;20;no;no;no;no;
chalky_stone;Tiza;Chalky Stone;Piedra de yeso pequeña y blanquecina encontrada en la linde de un camino.;Other;60;no;no;no;no;
marble;Canica;Marble;Esfera de cristal transparente en cuyo interior se pueden apreciar diferentes colores.;Other;300;no;no;no;no;
lone_earring;Pendiente;Lone Earring;Un pendiente que se le ha debido de caer a alguien.;Other;600;no;no;no;no;
beach_glass;Cristal Marino;Beach Glass;Cristal de colores pulido por la acción erosiva de las olas. Al tacto resulta algo áspero.;Other;800;no;no;no;no;
gold_leaf;Hoja de Oro;Gold Leaf;Extraña hoja de color dorado. Se desconoce de qué árbol procede.;Other;1000;no;no;no;no;
silver_leaf;Hoja de Plata;Silver Leaf;Extraña hoja de color plateado. Se desconoce de qué árbol procede.;Other;1000;no;no;no;no;
polished_mud_ball;Bola de Arcilla;Polished Mud Ball;Bola de barro que ha sido pulida durante tanto tiempo que su superficie ha quedado lisa y brillante.;Other;1200;no;no;no;no;
tropical_shell;Concha Tropical;Tropical Shell;Preciosa concha de color blanco que quizá haya sido arrastrada por las corrientes marinas desde mares de regiones más cálidas.;Other;2000;no;no;no;no;
leaf_letter__pikachu;Hoja Escrita;Leaf Letter;Una carta escrita en una hoja. Hay huellas de Pikachu estampadas en ella y parecen guardar algún significado.;Other;0;no;no;no;no;
leaf_letter__eevee;Hoja Escrita;Leaf Letter;Una carta escrita en una hoja. Hay huellas de Eevee estampadas en ella y parecen guardar algún significado.;Other;0;no;no;no;no;
small_bouquet;Ramo Pequeño;Small Bouquet;Pequeño ramo de flores confeccionado con dedicación y esmero solo para ti.;Other;0;no;no;no;no;
lure;Colonia;Lure;Colonia que atrae a los Pokémon raros durante un breve espacio de tiempo.;Other;400;no;no;no;no;
super_lure;Supercolonia;Super Lure;Colonia que atrae a los Pokémon raros y cuyo efecto es algo más duradero que el de la Colonia.;Other;700;no;no;no;no;
max_lure;Colonia Máxima;Max Lure;Colonia que atrae a los Pokémon raros y cuyo efecto es algo más duradero que el de la Supercolonia.;Other;900;no;no;no;no;
pewter_crunchies;Rokikos;Pewter Crunchies;Tentempié típico de Ciudad Plateada. Cura todos los problemas de estado de un Pokémon.;Other;250;no;no;no;no;
health_candy;Caramelo Vigor;Health Candy;Caramelo energético que aumenta los PS máximos del Pokémon.;Vitamin;20;no;si;si;no;
mighty_candy;Caramelo Músculo;Mighty Candy;Caramelo energético que aumenta el Ataque del Pokémon.;Vitamin;20;no;si;si;no;
tough_candy;Caramelo Aguante;Tough Candy;Caramelo energético que aumenta la Defensa del Pokémon.;Vitamin;20;no;si;si;no;
smart_candy;Caramelo Intelecto;Smart Candy;Caramelo energético que aumenta el Ataque Especial del Pokémon.;Vitamin;20;no;si;si;no;
courage_candy;Caramelo Mente;Courage Candy;Caramelo energético que aumenta la Defensa Especial del Pokémon.;Vitamin;20;no;si;si;no;
quick_candy;Caramelo Ímpetu;Quick Candy;Caramelo energético que aumenta la Velocidad del Pokémon.;Vitamin;20;no;si;si;no;
health_candy_l;Caramelo Vigor +;Health Candy L;Caramelo energético grande que aumenta los PS máximos de un Pokémon de Nv. 30 o superior.;Vitamin;20;no;si;si;no;
mighty_candy_l;Caramelo Músculo +;Mighty Candy L;Caramelo energético grande que aumenta el Ataque de un Pokémon de Nv. 30 o superior.;Vitamin;20;no;si;si;no;
tough_candy_l;Caramelo Aguante +;Tough Candy L;Caramelo energético grande que aumenta la Defensa de un Pokémon de Nv. 30 o superior.;Vitamin;20;no;si;si;no;
smart_candy_l;Caramelo Intelecto +;Smart Candy L;Caramelo energético grande que aumenta el Ataque Especial de un Pokémon de Nv. 30 o superior.;Vitamin;20;no;si;si;no;
courage_candy_l;Caramelo Mente +;Courage Candy L;Caramelo energético grande que aumenta la Defensa Especial de un Pokémon de Nv. 30 o superior.;Vitamin;20;no;si;si;no;
quick_candy_l;Caramelo Ímpetu +;Quick Candy L;Caramelo energético grande que aumenta la Velocidad de un Pokémon de Nv. 30 o superior.;Vitamin;20;no;si;si;no;
health_candy_xl;Caramelo Vigor ++;Health Candy XL;Caramelo energético enorme que aumenta los PS máximos de un Pokémon de Nv. 60 o superior.;Vitamin;20;no;si;si;no;
mighty_candy_xl;Caramelo Músculo ++;Mighty Candy XL;Caramelo energético enorme que aumenta el Ataque de un Pokémon de Nv. 60 o superior.;Vitamin;20;no;si;si;no;
tough_candy_xl;Caramelo Aguante ++;Tough Candy XL;Caramelo energético enorme que aumenta la Defensa de un Pokémon de Nv. 60 o superior.;Vitamin;20;no;si;si;no;
smart_candy_xl;Caramelo Intelecto ++;Smart Candy XL;Caramelo energético enorme que aumenta el Ataque Especial de un Pokémon de Nv. 60 o superior.;Vitamin;20;no;si;si;no;
courage_candy_xl;Caramelo Mente ++;Courage Candy XL;Caramelo energético enorme que aumenta la Defensa Especial de un Pokémon de Nv. 60 o superior.;Vitamin;20;no;si;si;no;
quick_candy_xl;Caramelo Ímpetu ++;Quick Candy XL;Caramelo energético enorme que aumenta la Velocidad de un Pokémon de Nv. 60 o superior.;Vitamin;20;no;si;si;no;
bulbasaur_candy;Caramelo Bulbasaur;Bulbasaur Candy;Caramelo energético que aumenta todas las características de ciertos Pokémon.;Other;20;no;no;no;no;
charmander_candy;Caramelo Charmander;Charmander Candy;Caramelo energético que aumenta todas las características de ciertos Pokémon.;Other;20;no;no;no;no;
squirtle_candy;Caramelo Squirtle;Squirtle Candy;Caramelo energético que aumenta todas las características de ciertos Pokémon.;Other;20;no;no;no;no;
caterpie_candy;Caramelo Caterpie;Caterpie Candy;Caramelo energético que aumenta todas las características de ciertos Pokémon.;Other;20;no;no;no;no;
weedle_candy;Caramelo Weedle;Weedle Candy;Caramelo energético que aumenta todas las características de ciertos Pokémon.;Other;20;no;no;no;no;
pidgey_candy;Caramelo Pidgey;Pidgey Candy;Caramelo energético que aumenta todas las características de ciertos Pokémon.;Other;20;no;no;no;no;
rattata_candy;Caramelo Rattata;Rattata Candy;Caramelo energético que aumenta todas las características de ciertos Pokémon.;Other;20;no;no;no;no;
spearow_candy;Caramelo Spearow;Spearow Candy;Caramelo energético que aumenta todas las características de ciertos Pokémon.;Other;20;no;no;no;no;
ekans_candy;Caramelo Ekans;Ekans Candy;Caramelo energético que aumenta todas las características de ciertos Pokémon.;Other;20;no;no;no;no;
pikachu_candy;Caramelo Pikachu;Pikachu Candy;Caramelo energético que aumenta todas las características de ciertos Pokémon.;Other;20;no;no;no;no;
sandshrew_candy;Caramelo Sandshrew;Sandshrew Candy;Caramelo energético que aumenta todas las características de ciertos Pokémon.;Other;20;no;no;no;no;
nidoran_f_candy;Caramelo Nidoran♀;Nidoran♀ Candy;Caramelo energético que aumenta todas las características de ciertos Pokémon.;Other;20;no;no;no;no;
nidoran_m_candy;Caramelo Nidoran♂;Nidoran♂ Candy;Caramelo energético que aumenta todas las características de ciertos Pokémon.;Other;20;no;no;no;no;
clefairy_candy;Caramelo Clefairy;Clefairy Candy;Caramelo energético que aumenta todas las características de ciertos Pokémon.;Other;20;no;no;no;no;
vulpix_candy;Caramelo Vulpix;Vulpix Candy;Caramelo energético que aumenta todas las características de ciertos Pokémon.;Other;20;no;no;no;no;
jigglypuff_candy;Caramelo Jigglypuff;Jigglypuff Candy;Caramelo energético que aumenta todas las características de ciertos Pokémon.;Other;20;no;no;no;no;
zubat_candy;Caramelo Zubat;Zubat Candy;Caramelo energético que aumenta todas las características de ciertos Pokémon.;Other;20;no;no;no;no;
oddish_candy;Caramelo Oddish;Oddish Candy;Caramelo energético que aumenta todas las características de ciertos Pokémon.;Other;20;no;no;no;no;
paras_candy;Caramelo Paras;Paras Candy;Caramelo energético que aumenta todas las características de ciertos Pokémon.;Other;20;no;no;no;no;
venonat_candy;Caramelo Venonat;Venonat Candy;Caramelo energético que aumenta todas las características de ciertos Pokémon.;Other;20;no;no;no;no;
diglett_candy;Caramelo Diglett;Diglett Candy;Caramelo energético que aumenta todas las características de ciertos Pokémon.;Other;20;no;no;no;no;
meowth_candy;Caramelo Meowth;Meowth Candy;Caramelo energético que aumenta todas las características de ciertos Pokémon.;Other;20;no;no;no;no;
psyduck_candy;Caramelo Psyduck;Psyduck Candy;Caramelo energético que aumenta todas las características de ciertos Pokémon.;Other;20;no;no;no;no;
mankey_candy;Caramelo Mankey;Mankey Candy;Caramelo energético que aumenta todas las características de ciertos Pokémon.;Other;20;no;no;no;no;
growlithe_candy;Caramelo Growlithe;Growlithe Candy;Caramelo energético que aumenta todas las características de ciertos Pokémon.;Other;20;no;no;no;no;
poliwag_candy;Caramelo Poliwag;Poliwag Candy;Caramelo energético que aumenta todas las características de ciertos Pokémon.;Other;20;no;no;no;no;
abra_candy;Caramelo Abra;Abra Candy;Caramelo energético que aumenta todas las características de ciertos Pokémon.;Other;20;no;no;no;no;
machop_candy;Caramelo Machop;Machop Candy;Caramelo energético que aumenta todas las características de ciertos Pokémon.;Other;20;no;no;no;no;
bellsprout_candy;Caramelo Bellsprout;Bellsprout Candy;Caramelo energético que aumenta todas las características de ciertos Pokémon.;Other;20;no;no;no;no;
tentacool_candy;Caramelo Tentacool;Tentacool Candy;Caramelo energético que aumenta todas las características de ciertos Pokémon.;Other;20;no;no;no;no;
geodude_candy;Caramelo Geodude;Geodude Candy;Caramelo energético que aumenta todas las características de ciertos Pokémon.;Other;20;no;no;no;no;
ponyta_candy;Caramelo Ponyta;Ponyta Candy;Caramelo energético que aumenta todas las características de ciertos Pokémon.;Other;20;no;no;no;no;
slowpoke_candy;Caramelo Slowpoke;Slowpoke Candy;Caramelo energético que aumenta todas las características de ciertos Pokémon.;Other;20;no;no;no;no;
magnemite_candy;Caramelo Magnemite;Magnemite Candy;Caramelo energético que aumenta todas las características de ciertos Pokémon.;Other;20;no;no;no;no;
farfetchd_candy;Caramelo Farfetch’d;Farfetch’d Candy;Caramelo energético que aumenta todas las características de cierto Pokémon.;Other;20;no;no;no;no;
doduo_candy;Caramelo Doduo;Doduo Candy;Caramelo energético que aumenta todas las características de ciertos Pokémon.;Other;20;no;no;no;no;
seel_candy;Caramelo Seel;Seel Candy;Caramelo energético que aumenta todas las características de ciertos Pokémon.;Other;20;no;no;no;no;
grimer_candy;Caramelo Grimer;Grimer Candy;Caramelo energético que aumenta todas las características de ciertos Pokémon.;Other;20;no;no;no;no;
shellder_candy;Caramelo Shellder;Shellder Candy;Caramelo energético que aumenta todas las características de ciertos Pokémon.;Other;20;no;no;no;no;
gastly_candy;Caramelo Gastly;Gastly Candy;Caramelo energético que aumenta todas las características de ciertos Pokémon.;Other;20;no;no;no;no;
onix_candy;Caramelo Onix;Onix Candy;Caramelo energético que aumenta todas las características de cierto Pokémon.;Other;20;no;no;no;no;
drowzee_candy;Caramelo Drowzee;Drowzee Candy;Caramelo energético que aumenta todas las características de ciertos Pokémon.;Other;20;no;no;no;no;
krabby_candy;Caramelo Krabby;Krabby Candy;Caramelo energético que aumenta todas las características de ciertos Pokémon.;Other;20;no;no;no;no;
voltorb_candy;Caramelo Voltorb;Voltorb Candy;Caramelo energético que aumenta todas las características de ciertos Pokémon.;Other;20;no;no;no;no;
exeggcute_candy;Caramelo Exeggcute;Exeggcute Candy;Caramelo energético que aumenta todas las características de ciertos Pokémon.;Other;20;no;no;no;no;
cubone_candy;Caramelo Cubone;Cubone Candy;Caramelo energético que aumenta todas las características de ciertos Pokémon.;Other;20;no;no;no;no;
hitmonlee_candy;Caramelo Hitmonlee;Hitmonlee Candy;Caramelo energético que aumenta todas las características de cierto Pokémon.;Other;20;no;no;no;no;
hitmonchan_candy;Caramelo Hitmonchan;Hitmonchan Candy;Caramelo energético que aumenta todas las características de cierto Pokémon.;Other;20;no;no;no;no;
lickitung_candy;Caramelo Lickitung;Lickitung Candy;Caramelo energético que aumenta todas las características de cierto Pokémon.;Other;20;no;no;no;no;
koffing_candy;Caramelo Koffing;Koffing Candy;Caramelo energético que aumenta todas las características de ciertos Pokémon.;Other;20;no;no;no;no;
rhyhorn_candy;Caramelo Rhyhorn;Rhyhorn Candy;Caramelo energético que aumenta todas las características de ciertos Pokémon.;Other;20;no;no;no;no;
chansey_candy;Caramelo Chansey;Chansey Candy;Caramelo energético que aumenta todas las características de cierto Pokémon.;Other;20;no;no;no;no;
tangela_candy;Caramelo Tangela;Tangela Candy;Caramelo energético que aumenta todas las características de cierto Pokémon.;Other;20;no;no;no;no;
kangaskhan_candy;Caramelo Kangaskhan;Kangaskhan Candy;Caramelo energético que aumenta todas las características de cierto Pokémon.;Other;20;no;no;no;no;
horsea_candy;Caramelo Horsea;Horsea Candy;Caramelo energético que aumenta todas las características de ciertos Pokémon.;Other;20;no;no;no;no;
goldeen_candy;Caramelo Goldeen;Goldeen Candy;Caramelo energético que aumenta todas las características de ciertos Pokémon.;Other;20;no;no;no;no;
staryu_candy;Caramelo Staryu;Staryu Candy;Caramelo energético que aumenta todas las características de ciertos Pokémon.;Other;20;no;no;no;no;
mr_mime_candy;Caramelo Mr. Mime;Mr. Mime Candy;Caramelo energético que aumenta todas las características de cierto Pokémon.;Other;20;no;no;no;no;
scyther_candy;Caramelo Scyther;Scyther Candy;Caramelo energético que aumenta todas las características de cierto Pokémon.;Other;20;no;no;no;no;
jynx_candy;Caramelo Jynx;Jynx Candy;Caramelo energético que aumenta todas las características de cierto Pokémon.;Other;20;no;no;no;no;
electabuzz_candy;Caramelo Electabuzz;Electabuzz Candy;Caramelo energético que aumenta todas las características de cierto Pokémon.;Other;20;no;no;no;no;
pinsir_candy;Caramelo Pinsir;Pinsir Candy;Caramelo energético que aumenta todas las características de cierto Pokémon.;Other;20;no;no;no;no;
tauros_candy;Caramelo Tauros;Tauros Candy;Caramelo energético que aumenta todas las características de cierto Pokémon.;Other;20;no;no;no;no;
magikarp_candy;Caramelo Magikarp;Magikarp Candy;Caramelo energético que aumenta todas las características de ciertos Pokémon.;Other;20;no;no;no;no;
lapras_candy;Caramelo Lapras;Lapras Candy;Caramelo energético que aumenta todas las características de cierto Pokémon.;Other;20;no;no;no;no;
ditto_candy;Caramelo Ditto;Ditto Candy;Caramelo energético que aumenta todas las características de cierto Pokémon.;Other;20;no;no;no;no;
eevee_candy;Caramelo Eevee;Eevee Candy;Caramelo energético que aumenta todas las características de ciertos Pokémon.;Other;20;no;no;no;no;
porygon_candy;Caramelo Porygon;Porygon Candy;Caramelo energético que aumenta todas las características de cierto Pokémon.;Other;20;no;no;no;no;
omanyte_candy;Caramelo Omanyte;Omanyte Candy;Caramelo energético que aumenta todas las características de ciertos Pokémon.;Other;20;no;no;no;no;
kabuto_candy;Caramelo Kabuto;Kabuto Candy;Caramelo energético que aumenta todas las características de ciertos Pokémon.;Other;20;no;no;no;no;
aerodactyl_candy;Caramelo Aerodactyl;Aerodactyl Candy;Caramelo energético que aumenta todas las características de cierto Pokémon.;Other;20;no;no;no;no;
snorlax_candy;Caramelo Snorlax;Snorlax Candy;Caramelo energético que aumenta todas las características de cierto Pokémon.;Other;20;no;no;no;no;
articuno_candy;Caramelo Articuno;Articuno Candy;Caramelo energético que aumenta todas las características de cierto Pokémon.;Other;20;no;no;no;no;
zapdos_candy;Caramelo Zapdos;Zapdos Candy;Caramelo energético que aumenta todas las características de cierto Pokémon.;Other;20;no;no;no;no;
moltres_candy;Caramelo Moltres;Moltres Candy;Caramelo energético que aumenta todas las características de cierto Pokémon.;Other;20;no;no;no;no;
dratini_candy;Caramelo Dratini;Dratini Candy;Caramelo energético que aumenta todas las características de ciertos Pokémon.;Other;20;no;no;no;no;
mewtwo_candy;Caramelo Mewtwo;Mewtwo Candy;Caramelo energético que aumenta todas las características de cierto Pokémon.;Other;20;no;no;no;no;
mew_candy;Caramelo Mew;Mew Candy;Caramelo energético que aumenta todas las características de cierto Pokémon.;Other;20;no;no;no;no;
meltan_candy;Caramelo Meltan;Meltan Candy;Caramelo energético que aumenta todas las características de ciertos Pokémon.;Other;20;no;no;no;no;
magmar_candy;Caramelo Magmar;Magmar Candy;Caramelo energético que aumenta todas las características de cierto Pokémon.;Other;20;no;no;no;no;
