id;nombre;tipos;ps;ataque;defensa;atq_esp;def_esp;velocidad;habilidad;habilidad_2;habilidad_oculta;curva;exp_base;ratio_captura;evs;aprende;mt;tutor;huevo;grupos_huevo;evoluciona;stats_extra;numero;categoria;altura;peso;color;hembras;legendario;descripcion
bulbasaur;Bulbasaur;grass|poison;45;49;49;65;65;45;overgrow;;chlorophyll;medium_slow;64;45;sp_attack:1;1:tackle|3:growl|7:leech_seed|9:vine_whip|13:poison_powder|13:sleep_powder|15:take_down|19:razor_leaf|21:sweet_scent|25:growth|27:double_edge|31:worry_seed|33:synthesis|37:seed_bomb;attract|confide|cut|double_team|echoed_voice|energy_ball|facade|flash|frustration|grass_knot|hidden_power|light_screen|nature_power|protect|rest|return|rock_smash|round|safeguard|secret_power|sleep_talk|sludge_bomb|solar_beam|strength|substitute|sunny_day|swagger|swords_dance|toxic|venoshock;bind|giga_drain|grass_pledge|knock_off|seed_bomb|snore|synthesis|worry_seed;amnesia|charm|curse|endure|giga_drain|grass_whistle|grassy_terrain|ingrain|leaf_storm|magical_leaf|nature_power|petal_dance|power_whip|skull_bash|sludge;monster|plant;ivysaur@16;;1;Semilla;0,7;6,9;verde;12,5;no;Una rara semilla le fue plantada en el lomo al nacer. La planta brota y crece con este Pokémon.
ivysaur;Ivysaur;grass|poison;60;62;63;80;80;60;overgrow;;chlorophyll;medium_slow;142;45;sp_attack:1|sp_defense:1;1:growl|1:leech_seed|1:tackle|3:growl|7:leech_seed|9:vine_whip|13:poison_powder|13:sleep_powder|15:take_down|20:razor_leaf|23:sweet_scent|28:growth|31:double_edge|36:worry_seed|39:synthesis|44:solar_beam;attract|confide|cut|double_team|echoed_voice|energy_ball|facade|flash|frustration|grass_knot|hidden_power|light_screen|nature_power|protect|rest|return|rock_smash|round|safeguard|secret_power|sleep_talk|sludge_bomb|solar_beam|strength|substitute|sunny_day|swagger|swords_dance|toxic|venoshock;bind|giga_drain|grass_pledge|knock_off|seed_bomb|snore|synthesis|worry_seed;;monster|plant;venusaur@32;;2;Semilla;1;13;verde;12,5;no;Este Pokémon tiene un bulbo en el lomo. Dicen que, al absorber nutrientes, el bulbo se transforma en una flor grande.
venusaur;Venusaur;grass|poison;80;82;83;100;100;80;overgrow;;chlorophyll;medium_slow;236;45;sp_attack:2|sp_defense:1;1:growl|1:leech_seed|1:tackle|1:vine_whip|3:growl|7:leech_seed|9:vine_whip|13:poison_powder|13:sleep_powder|15:take_down|20:razor_leaf|23:sweet_scent|28:growth|31:double_edge|32:petal_dance|39:worry_seed|45:synthesis|50:petal_blizzard|53:solar_beam;attract|bulldoze|confide|cut|double_team|earthquake|echoed_voice|energy_ball|facade|flash|frustration|giga_impact|grass_knot|hidden_power|hyper_beam|light_screen|nature_power|protect|rest|return|roar|rock_smash|round|safeguard|secret_power|sleep_talk|sludge_bomb|solar_beam|strength|substitute|sunny_day|swagger|swords_dance|toxic|venoshock;bind|block|frenzy_plant|giga_drain|grass_pledge|knock_off|outrage|seed_bomb|snore|synthesis|worry_seed;;monster|plant;;;3;Semilla;2;100;verde;12,5;no;Llena su cuerpo de energía con los rayos solares que captan los anchos pétalos de su flor.
charmander;Charmander;fire;39;52;43;60;50;65;blaze;;solar_power;medium_slow;62;45;speed:1;1:growl|1:scratch|7:ember|10:smokescreen|16:dragon_rage|19:scary_face|25:fire_fang|28:flame_burst|34:slash|37:flamethrower|43:fire_spin|46:inferno;aerial_ace|attract|brick_break|confide|cut|dig|double_team|dragon_claw|echoed_voice|facade|fire_blast|flame_charge|flamethrower|fling|frustration|hidden_power|hone_claws|incinerate|overheat|power_up_punch|protect|rest|return|rock_slide|rock_smash|rock_tomb|round|secret_power|shadow_claw|sleep_talk|strength|substitute|sunny_day|swagger|swords_dance|toxic|will_o_wisp;dragon_pulse|fire_pledge|fire_punch|focus_punch|heat_wave|iron_tail|snore|thunder_punch;air_cutter|ancient_power|beat_up|belly_drum|bite|counter|crunch|dragon_dance|dragon_pulse|dragon_rush|flare_blitz|focus_punch|metal_claw|outrage;monster|dragon;charmeleon@16;;4;Lagartija;0,6;8,5;rojo;12,5;no;La llama de su cola indica la fuerza vital de Charmander. Será brillante si está sano.
charmeleon;Charmeleon;fire;58;64;58;80;65;80;blaze;;solar_power;medium_slow;142;45;sp_attack:1|speed:1;1:ember|1:growl|1:scratch|7:ember|10:smokescreen|17:dragon_rage|21:scary_face|28:fire_fang|32:flame_burst|39:slash|43:flamethrower|50:fire_spin|54:inferno;aerial_ace|attract|brick_break|confide|cut|dig|double_team|dragon_claw|echoed_voice|facade|fire_blast|flame_charge|flamethrower|fling|frustration|hidden_power|hone_claws|incinerate|overheat|power_up_punch|protect|rest|return|rock_slide|rock_smash|rock_tomb|round|secret_power|shadow_claw|sleep_talk|strength|substitute|sunny_day|swagger|swords_dance|toxic|will_o_wisp;dragon_pulse|fire_pledge|fire_punch|focus_punch|heat_wave|iron_tail|snore|thunder_punch;;monster|dragon;charizard@36;;5;Llama;1,1;19;rojo;12,5;no;Suele usar la cola para derribar a su rival. Cuando lo tira, se vale de sus afiladas garras para acabar con él.
charizard;Charizard;fire|flying;78;84;78;109;85;100;blaze;;solar_power;medium_slow;240;45;sp_attack:3;1:air_slash|1:dragon_claw|1:ember|1:flare_blitz|1:growl|1:heat_wave|1:scratch|1:shadow_claw|1:smokescreen|7:ember|10:smokescreen|17:dragon_rage|21:scary_face|28:fire_fang|32:flame_burst|36:wing_attack|41:slash|47:flamethrower|56:fire_spin|62:inferno|71:heat_wave|77:flare_blitz;aerial_ace|attract|brick_break|bulldoze|confide|cut|dig|double_team|dragon_claw|dragon_tail|earthquake|echoed_voice|facade|fire_blast|flame_charge|flamethrower|fling|fly|focus_blast|frustration|giga_impact|hidden_power|hone_claws|hyper_beam|incinerate|overheat|power_up_punch|protect|rest|return|roar|rock_slide|rock_smash|rock_tomb|roost|round|secret_power|shadow_claw|sky_drop|sleep_talk|solar_beam|steel_wing|strength|substitute|sunny_day|swagger|swords_dance|toxic|will_o_wisp;blast_burn|dragon_pulse|fire_pledge|fire_punch|focus_punch|heat_wave|iron_tail|outrage|snore|tailwind|thunder_punch;;monster|dragon;;;6;Llama;1,7;90,5;rojo;12,5;no;Cuando lanza una descarga de fuego supercaliente, la roja llama de su cola brilla más intensamente.
squirtle;Squirtle;water;44;48;65;50;64;43;torrent;;rain_dish;medium_slow;63;45;defense:1;1:tackle|4:tail_whip|7:water_gun|10:withdraw|13:bubble|16:bite|19:rapid_spin|22:protect|25:water_pulse|28:aqua_tail|31:skull_bash|34:iron_defense|37:rain_dance|40:hydro_pump;attract|blizzard|brick_break|confide|dig|dive|double_team|facade|fling|frustration|gyro_ball|hail|hidden_power|ice_beam|power_up_punch|protect|rain_dance|rest|return|rock_smash|rock_tomb|round|scald|secret_power|sleep_talk|strength|substitute|surf|swagger|toxic|waterfall;aqua_tail|dragon_pulse|focus_punch|ice_punch|icy_wind|iron_defense|iron_tail|snore|water_pledge|water_pulse|zen_headbutt;aqua_jet|aqua_ring|aura_sphere|brine|dragon_pulse|fake_out|flail|foresight|haze|mirror_coat|mist|mud_sport|muddy_water|refresh|water_spout|yawn;monster|water1;wartortle@16;;7;Tortuguita;0,5;9;azul;12,5;no;Se protege con su caparazón y luego contraataca lanzando agua a presión cuando tiene oportunidad.
wartortle;Wartortle;water;59;63;80;65;80;58;torrent;;rain_dish;medium_slow;142;45;defense:1|sp_defense:1;1:tackle|1:tail_whip|1:water_gun|4:tail_whip|7:water_gun|10:withdraw|13:bubble|16:bite|20:rapid_spin|24:protect|28:water_pulse|32:aqua_tail|36:skull_bash|40:iron_defense|44:rain_dance|48:hydro_pump;attract|blizzard|brick_break|confide|dig|dive|double_team|facade|fling|frustration|gyro_ball|hail|hidden_power|ice_beam|power_up_punch|protect|rain_dance|rest|return|rock_smash|rock_tomb|round|scald|secret_power|sleep_talk|strength|substitute|surf|swagger|toxic|waterfall;aqua_tail|dragon_pulse|focus_punch|ice_punch|icy_wind|iron_defense|iron_tail|snore|water_pledge|water_pulse|zen_headbutt;;monster|water1;blastoise@36;;8;Tortuga;1;22,5;azul;12,5;no;Si es golpeado, esconderá su cabeza. Aun así, su cola puede seguir golpeando.
blastoise;Blastoise;water;79;83;100;85;105;78;torrent;;rain_dish;medium_slow;239;45;sp_defense:3;1:flash_cannon|1:tackle|1:tail_whip|1:water_gun|1:withdraw|4:tail_whip|7:water_gun|10:withdraw|13:bubble|16:bite|20:rapid_spin|24:protect|28:water_pulse|32:aqua_tail|39:skull_bash|46:iron_defense|53:rain_dance|60:hydro_pump;attract|blizzard|brick_break|bulldoze|confide|dark_pulse|dig|dive|double_team|dragon_tail|earthquake|facade|flash_cannon|fling|focus_blast|frustration|giga_impact|gyro_ball|hail|hidden_power|hyper_beam|ice_beam|power_up_punch|protect|rain_dance|rest|return|roar|rock_slide|rock_smash|rock_tomb|round|scald|secret_power|sleep_talk|smack_down|strength|substitute|surf|swagger|toxic|waterfall;aqua_tail|dragon_pulse|focus_punch|hydro_cannon|ice_punch|icy_wind|iron_defense|iron_tail|outrage|signal_beam|snore|water_pledge|water_pulse|zen_headbutt;;monster|water1;;;9;Armazón;1,6;85,5;azul;12,5;no;Para acabar con su enemigo, lo aplasta con el peso de su cuerpo. En momentos de apuro, se esconde en el caparazón.
caterpie;Caterpie;bug;45;30;35;20;20;45;shield_dust;;run_away;medium_fast;39;255;hp:1;1:string_shot|1:tackle|15:bug_bite;;bug_bite|electroweb|snore;;bug;metapod@7;;10;Gusano;0,3;2,9;verde;50;no;Para protegerse despide un hedor horrible de sus antenas, con el que repele a sus enemigos.
metapod;Metapod;bug;50;20;55;25;25;30;shed_skin;;;medium_fast;72;120;defense:2;1:harden|7:harden;;bug_bite|electroweb|iron_defense;;bug;butterfree@10;;11;Capullo;0,7;9,9;verde;50;no;Su frágil cuerpo está recubierto de una coraza dura como el acero. Permanece quieto en su desarrollo.
butterfree;Butterfree;bug|flying;60;45;50;90;80;70;compound_eyes;;tinted_lens;medium_fast;178;45;sp_attack:2|sp_defense:1;1:confusion|10:confusion|12:poison_powder|12:sleep_powder|12:stun_spore|16:gust|18:supersonic|22:whirlwind|24:psybeam|28:silver_wind|30:tailwind|34:rage_powder|36:safeguard|40:captivate|42:bug_buzz|46:quiver_dance;acrobatics|aerial_ace|attract|confide|double_team|dream_eater|energy_ball|facade|flash|frustration|giga_impact|hidden_power|hyper_beam|infestation|protect|psych_up|psychic|rain_dance|rest|return|roost|round|safeguard|secret_power|shadow_ball|sleep_talk|solar_beam|struggle_bug|substitute|sunny_day|swagger|thief|toxic|u_turn|venoshock;bug_bite|electroweb|giga_drain|signal_beam|skill_swap|snore|tailwind;;bug;;;12;Mariposa;1,1;32;blanco;50;no;Adora el néctar de las flores. Puede localizar hasta las más pequeñas cantidades de polen.
weedle;Weedle;bug|poison;40;35;30;20;20;50;shield_dust;;run_away;medium_fast;39;255;speed:1;1:poison_sting|1:string_shot|15:bug_bite;;bug_bite|electroweb;;bug;kakuna@7;;13;Oruga;0,3;3,2;marrón;50;no;Suele habitar bosques y praderas. Tiene un afilado y venenoso aguijón de unos 5 cm encima de la cabeza.
kakuna;Kakuna;bug|poison;45;25;50;25;25;35;shed_skin;;;medium_fast;72;120;defense:2;1:harden|7:harden;;bug_bite|electroweb|iron_defense;;bug;beedrill@10;;14;Capullo;0,6;10;amarillo;50;no;Casi incapaz de moverse, este Pokémon solo puede endurecer su caparazón para protegerse.
beedrill;Beedrill;bug|poison;65;90;40;45;80;75;swarm;;sniper;medium_fast;178;45;attack:2|sp_defense:1;1:fury_attack|10:fury_attack|13:focus_energy|16:twineedle|19:rage|22:pursuit|25:toxic_spikes|28:pin_missile|31:agility|34:assurance|37:poison_jab|40:endeavor|45:fell_stinger;acrobatics|aerial_ace|attract|brick_break|confide|cut|double_team|facade|false_swipe|flash|frustration|giga_impact|hidden_power|hyper_beam|infestation|payback|poison_jab|protect|rest|return|rock_smash|roost|round|secret_power|sleep_talk|sludge_bomb|solar_beam|struggle_bug|substitute|sunny_day|swagger|swords_dance|thief|toxic|u_turn|venoshock|x_scissor;bug_bite|drill_run|electroweb|endeavor|giga_drain|knock_off|snore|tailwind;;bug;;;15;Abeja Veneno;1;29,5;amarillo;50;no;Tiene 3 aguijones venenosos en sus patas y cola. Suelen pinchar a sus enemigos repetidas veces.
pidgey;Pidgey;normal|flying;40;45;40;35;35;56;keen_eye;tangled_feet;big_pecks;medium_slow;50;255;speed:1;1:tackle|5:sand_attack|9:gust|13:quick_attack|17:whirlwind|21:twister|25:feather_dance|29:agility|33:wing_attack|37:roost|41:tailwind|45:mirror_move|49:air_slash|53:hurricane;aerial_ace|attract|confide|double_team|facade|fly|frustration|hidden_power|protect|rain_dance|rest|return|roost|round|secret_power|sleep_talk|steel_wing|substitute|sunny_day|swagger|thief|toxic|u_turn;heat_wave|sky_attack|snore|tailwind|uproar;air_cutter|air_slash|brave_bird|defog|feint_attack|foresight|pursuit|steel_wing|uproar;flying;pidgeotto@18;;16;Pajarito;0,3;1,8;marrón;50;no;Muy común en bosques y selvas. Aletea al nivel del suelo para levantar la gravilla.
pidgeotto;Pidgeotto;normal|flying;63;60;55;50;50;71;keen_eye;tangled_feet;big_pecks;medium_slow;122;120;speed:2;1:gust|1:sand_attack|1:tackle|5:sand_attack|9:gust|13:quick_attack|17:whirlwind|22:twister|27:feather_dance|32:agility|37:wing_attack|42:roost|47:tailwind|52:mirror_move|57:air_slash|62:hurricane;aerial_ace|attract|confide|double_team|facade|fly|frustration|hidden_power|protect|rain_dance|rest|return|roost|round|secret_power|sleep_talk|steel_wing|substitute|sunny_day|swagger|thief|toxic|u_turn;heat_wave|sky_attack|snore|tailwind|uproar;;flying;pidgeot@36;;17;Pájaro;1,1;30;marrón;50;no;Tiene unas garras desarrolladas. Puede atrapar un Exeggcute y transportarlo desde una distancia de casi 100 km.
pidgeot;Pidgeot;normal|flying;83;80;75;70;70;101;keen_eye;tangled_feet;big_pecks;medium_slow;216;45;speed:3;1:gust|1:hurricane|1:quick_attack|1:sand_attack|1:tackle|5:sand_attack|9:gust|13:quick_attack|17:whirlwind|22:twister|27:feather_dance|32:agility|38:wing_attack|44:roost|50:tailwind|56:mirror_move|62:air_slash|68:hurricane;aerial_ace|attract|confide|double_team|facade|fly|frustration|giga_impact|hidden_power|hyper_beam|protect|rain_dance|rest|return|roost|round|secret_power|sleep_talk|steel_wing|substitute|sunny_day|swagger|thief|toxic|u_turn;heat_wave|sky_attack|snore|tailwind|uproar;;flying;;;18;Pájaro;1,5;39,5;marrón;50;no;Cuando caza, vuela muy deprisa a ras del agua y sorprende a inocentes presas como Magikarp.
rattata;Rattata;normal;30;56;35;25;35;72;run_away;guts;hustle;medium_fast;51;255;speed:1;1:tackle|1:tail_whip|4:quick_attack|7:focus_energy|10:bite|13:pursuit|16:hyper_fang|19:sucker_punch|22:crunch|25:assurance|28:super_fang|31:double_edge|34:endeavor;attract|blizzard|charge_beam|confide|cut|dig|double_team|facade|frustration|grass_knot|hidden_power|ice_beam|protect|rain_dance|rest|retaliate|return|rock_smash|round|secret_power|shadow_ball|sleep_talk|substitute|sunny_day|swagger|taunt|thief|thunder|thunder_wave|thunderbolt|toxic|u_turn|wild_charge;covet|endeavor|icy_wind|iron_tail|last_resort|shock_wave|snore|super_fang|uproar|zen_headbutt;bite|counter|final_gambit|flame_wheel|fury_swipes|last_resort|me_first|revenge|reversal|screech|uproar;ground;raticate@20;;19;Ratón;0,3;3,5;morado;50;no;Vive allí donde haya comida disponible. Busca todo el día, sin descanso, algo comestible.
raticate;Raticate;normal;55;81;60;50;70;97;run_away;guts;hustle;medium_fast;145;127;speed:2;1:focus_energy|1:quick_attack|1:swords_dance|1:tackle|1:tail_whip|4:quick_attack|7:focus_energy|10:bite|13:pursuit|16:hyper_fang|19:sucker_punch|20:scary_face|24:crunch|29:assurance|34:super_fang|39:double_edge|44:endeavor;attract|blizzard|charge_beam|confide|cut|dig|double_team|facade|frustration|giga_impact|grass_knot|hidden_power|hyper_beam|ice_beam|protect|rain_dance|rest|retaliate|return|roar|rock_smash|round|secret_power|shadow_ball|sleep_talk|strength|substitute|sunny_day|swagger|swords_dance|taunt|thief|thunder|thunder_wave|thunderbolt|toxic|u_turn|wild_charge;covet|endeavor|icy_wind|iron_tail|last_resort|shock_wave|snore|super_fang|uproar|zen_headbutt;;ground;;;20;Ratón;0,7;18,5;marrón;50;no;Lima sus colmillos royendo objetos duros. Con ellos puede destruir incluso paredes de hormigón.
spearow;Spearow;normal|flying;40;60;30;31;31;70;keen_eye;;sniper;medium_fast;52;255;speed:1;1:growl|1:peck|5:leer|9:fury_attack|13:pursuit|17:aerial_ace|21:mirror_move|25:agility|29:assurance|33:roost|37:drill_peck;aerial_ace|attract|confide|double_team|echoed_voice|facade|false_swipe|fly|frustration|hidden_power|protect|rain_dance|rest|return|roost|round|secret_power|sleep_talk|steel_wing|substitute|sunny_day|swagger|thief|toxic|u_turn;drill_run|heat_wave|sky_attack|snore|tailwind|uproar;astonish|feather_dance|feint_attack|quick_attack|razor_wind|scary_face|sky_attack|steel_wing|tri_attack|uproar|whirlwind;flying;fearow@20;;21;Pajarito;0,3;2;marrón;50;no;Muy protector de su territorio, mueve sus cortas alas sin descanso para lanzarse a toda velocidad.
fearow;Fearow;normal|flying;65;90;65;61;61;100;keen_eye;;sniper;medium_fast;155;90;speed:2;1:drill_run|1:fury_attack|1:growl|1:leer|1:peck|1:pluck|5:leer|9:fury_attack|13:pursuit|17:aerial_ace|23:mirror_move|29:agility|35:assurance|41:roost|47:drill_peck|53:drill_run;aerial_ace|attract|confide|double_team|echoed_voice|facade|false_swipe|fly|frustration|giga_impact|hidden_power|hyper_beam|protect|rain_dance|rest|return|roost|round|secret_power|sleep_talk|steel_wing|substitute|sunny_day|swagger|thief|toxic|u_turn;drill_run|heat_wave|sky_attack|snore|tailwind|uproar;;flying;;;22;Pico;1,2;38;marrón;50;no;Con sus enormes y magníficas alas, puede seguir volando sin tener que aterrizar para descansar.
ekans;Ekans;poison;35;60;44;40;54;55;intimidate;shed_skin;unnerve;medium_fast;58;255;attack:1;1:leer|1:wrap|4:poison_sting|9:bite|12:glare|17:screech|20:acid|25:spit_up|25:stockpile|25:swallow|28:acid_spray|33:mud_bomb|36:gastro_acid|38:belch|41:haze|44:coil|49:gunk_shot;attract|bulldoze|confide|dark_pulse|dig|double_team|earthquake|facade|frustration|hidden_power|infestation|payback|poison_jab|protect|rain_dance|rest|return|rock_slide|rock_tomb|round|secret_power|sleep_talk|sludge_bomb|sludge_wave|strength|substitute|sunny_day|swagger|thief|torment|toxic|venoshock;aqua_tail|bind|gastro_acid|giga_drain|gunk_shot|iron_tail|seed_bomb|snatch|snore|spite;beat_up|disable|iron_tail|poison_fang|poison_tail|pursuit|scary_face|slam|snatch|spite|sucker_punch|switcheroo;ground|dragon;arbok@22;;23;Serpiente;2;6,9;morado;50;no;Cuanto más viejo, más crece este Pokémon. Por la noche, descansa en las ramas de los árboles.
arbok;Arbok;poison;60;85;69;65;79;80;intimidate;shed_skin;unnerve;medium_fast;157;90;attack:2;1:bite|1:fire_fang|1:ice_fang|1:leer|1:poison_sting|1:thunder_fang|1:wrap|4:poison_sting|9:bite|12:glare|17:screech|20:acid|22:crunch|27:spit_up|27:stockpile|27:swallow|32:acid_spray|39:mud_bomb|44:gastro_acid|48:belch|51:haze|56:coil|63:gunk_shot;attract|bulldoze|confide|dark_pulse|dig|double_team|dragon_tail|earthquake|facade|frustration|giga_impact|hidden_power|hyper_beam|infestation|payback|poison_jab|protect|rain_dance|rest|return|rock_slide|rock_tomb|round|secret_power|sleep_talk|sludge_bomb|sludge_wave|strength|substitute|sunny_day|swagger|thief|torment|toxic|venoshock;aqua_tail|bind|gastro_acid|giga_drain|gunk_shot|iron_tail|seed_bomb|snatch|snore|spite;;ground|dragon;;;24;Cobra;3,5;65;morado;50;no;El dibujo que tiene en la panza aterroriza. Los rivales más débiles salen huyendo al verlo.
pikachu;Pikachu;electric;35;55;40;50;50;90;static;;lightning_rod;medium_fast;112;190;speed:2;1:tail_whip|1:thunder_shock|5:growl|7:play_nice|10:quick_attack|13:electro_ball|18:thunder_wave|21:feint|23:double_team|26:spark|29:nuzzle|34:discharge|37:slam|42:thunderbolt|45:agility|50:wild_charge|53:light_screen|58:thunder;attract|brick_break|charge_beam|confide|dig|double_team|echoed_voice|facade|flash|fling|frustration|grass_knot|hidden_power|light_screen|protect|rain_dance|rest|return|rock_smash|round|secret_power|sleep_talk|strength|substitute|swagger|thunder|thunder_wave|thunderbolt|toxic|volt_switch|wild_charge;covet|electroweb|focus_punch|helping_hand|iron_tail|knock_off|magnet_rise|shock_wave|signal_beam|snore|thunder_punch;;ground|fairy;raichu@objeto:thunder_stone;;25;Ratón;0,4;6;amarillo;50;no;Levanta su cola para vigilar los alrededores. A veces, puede ser alcanzado por un rayo en esa pose.
raichu;Raichu;electric;60;90;55;90;80;110;static;;lightning_rod;medium_fast;218;75;speed:3;1:quick_attack|1:tail_whip|1:thunder_shock|1:thunderbolt;attract|brick_break|charge_beam|confide|dig|double_team|echoed_voice|facade|flash|fling|focus_blast|frustration|giga_impact|grass_knot|hidden_power|hyper_beam|light_screen|protect|rain_dance|rest|return|rock_smash|round|secret_power|sleep_talk|strength|substitute|swagger|thief|thunder|thunder_wave|thunderbolt|toxic|volt_switch|wild_charge;covet|electroweb|focus_punch|helping_hand|iron_tail|knock_off|magnet_rise|shock_wave|signal_beam|snore|thunder_punch;;ground|fairy;;;26;Ratón;0,8;30;amarillo;50;no;Cuando se carga de electricidad, sus músculos se tensan y se vuelve más agresivo de lo normal.
sandshrew;Sandshrew;ground;50;75;85;20;30;40;sand_veil;;sand_rush;medium_fast;60;255;defense:1;1:defense_curl|1:scratch|3:sand_attack|5:poison_sting|7:rollout|9:rapid_spin|11:fury_cutter|14:magnitude|17:swift|20:fury_swipes|23:sand_tomb|26:slash|30:dig|34:gyro_ball|38:swords_dance|42:sandstorm|46:earthquake;aerial_ace|attract|brick_break|bulldoze|confide|cut|dig|double_team|earthquake|facade|fling|frustration|gyro_ball|hidden_power|hone_claws|poison_jab|protect|rest|return|rock_slide|rock_smash|rock_tomb|round|safeguard|sandstorm|secret_power|shadow_claw|sleep_talk|strength|substitute|sunny_day|swagger|swords_dance|thief|toxic|x_scissor;covet|earth_power|focus_punch|iron_tail|knock_off|snore|stealth_rock|super_fang;chip_away|counter|crush_claw|endure|flail|metal_claw|mud_shot|night_slash|rapid_spin|rock_climb|rototiller;ground;sandslash@22;;27;Ratón;0,6;12;amarillo;50;no;Este Pokémon permanece bajo tierra. Si se siente amenazado, se enrosca para defenderse.
sandslash;Sandslash;ground;75;100;110;45;55;65;sand_veil;;sand_rush;medium_fast;158;90;defense:2;1:defense_curl|1:poison_sting|1:sand_attack|1:scratch|3:sand_attack|5:poison_sting|7:rollout|9:rapid_spin|11:fury_cutter|14:magnitude|17:swift|20:fury_swipes|22:crush_claw|24:sand_tomb|28:slash|33:dig|38:gyro_ball|43:swords_dance|48:sandstorm|53:earthquake;aerial_ace|attract|brick_break|bulldoze|confide|cut|dig|double_team|earthquake|facade|fling|focus_blast|frustration|giga_impact|gyro_ball|hidden_power|hone_claws|hyper_beam|poison_jab|protect|rest|return|rock_slide|rock_smash|rock_tomb|round|safeguard|sandstorm|secret_power|shadow_claw|sleep_talk|stone_edge|strength|substitute|sunny_day|swagger|swords_dance|thief|toxic|x_scissor;covet|earth_power|focus_punch|iron_tail|knock_off|snore|stealth_rock|super_fang;;ground;;;28;Ratón;1;29,5;amarillo;50;no;Si cava a gran velocidad, puede que se le caigan las garras y púas. Vuelven a crecerle en un día.
nidoran_f;Nidoran♀;poison;55;47;52;40;40;41;poison_point;rivalry;hustle;medium_slow;55;235;hp:1;1:growl|1:scratch|7:tail_whip|9:double_kick|13:poison_sting|19:fury_swipes|21:bite|25:helping_hand|31:toxic_spikes|33:flatter|37:crunch|43:captivate|45:poison_fang;aerial_ace|attract|blizzard|confide|cut|dig|double_team|echoed_voice|facade|frustration|hidden_power|hone_claws|ice_beam|poison_jab|protect|rain_dance|rest|return|rock_smash|round|secret_power|shadow_claw|sleep_talk|sludge_bomb|strength|substitute|sunny_day|swagger|thief|thunder|thunderbolt|toxic|venoshock;helping_hand|iron_tail|shock_wave|snore|super_fang|water_pulse;beat_up|charm|chip_away|counter|disable|endure|focus_energy|iron_tail|poison_tail|pursuit|skull_bash|supersonic|take_down|venom_drench;monster|ground;nidorina@16;;29;Pin Veneno;0,4;7;azul;100;no;Aunque pequeñas, sus venenosas púas son muy peligrosas. Tienen un cuerno más pequeño que los machos.
nidorina;Nidorina;poison;70;62;67;55;55;56;poison_point;rivalry;hustle;medium_slow;128;120;hp:2;1:growl|1:scratch|7:tail_whip|9:double_kick|13:poison_sting|20:fury_swipes|23:bite|28:helping_hand|35:toxic_spikes|38:flatter|43:crunch|50:captivate|58:poison_fang;aerial_ace|attract|blizzard|confide|cut|dig|double_team|echoed_voice|facade|frustration|hidden_power|hone_claws|ice_beam|poison_jab|protect|rain_dance|rest|return|rock_smash|round|secret_power|shadow_claw|sleep_talk|sludge_bomb|strength|substitute|sunny_day|swagger|thief|thunder|thunderbolt|toxic|venoshock;helping_hand|iron_tail|shock_wave|snore|super_fang|water_pulse;;no_eggs;nidoqueen@objeto:moon_stone;;30;Pin Veneno;0,8;20;azul;100;no;Tiene un carácter afable. Emite ondas ultrasónicas para confundir al enemigo.
nidoqueen;Nidoqueen;poison|ground;90;92;87;75;85;76;poison_point;rivalry;sheer_force;medium_slow;227;45;hp:3;1:double_kick|1:poison_sting|1:scratch|1:superpower|1:tail_whip|23:chip_away|35:body_slam|43:earth_power|58:superpower;aerial_ace|attract|blizzard|brick_break|bulldoze|confide|cut|dig|double_team|dragon_tail|earthquake|echoed_voice|facade|fire_blast|flamethrower|fling|focus_blast|frustration|giga_impact|hidden_power|hone_claws|hyper_beam|ice_beam|incinerate|poison_jab|power_up_punch|protect|quash|rain_dance|rest|return|roar|rock_slide|rock_smash|rock_tomb|round|sandstorm|secret_power|shadow_ball|shadow_claw|sleep_talk|sludge_bomb|sludge_wave|smack_down|stone_edge|strength|substitute|sunny_day|surf|swagger|taunt|thief|thunder|thunderbolt|torment|toxic|venoshock;aqua_tail|dragon_pulse|drill_run|earth_power|fire_punch|focus_punch|helping_hand|ice_punch|icy_wind|iron_tail|outrage|shock_wave|snore|stealth_rock|super_fang|superpower|thunder_punch|uproar|water_pulse;;no_eggs;;;31;Taladro;1,3;60;azul;100;no;Usa su cuerpo duro y escamoso para sellar la entrada a su madriguera y protegerse de los depredadores.
nidoran_m;Nidoran♂;poison;46;57;40;40;40;50;poison_point;rivalry;hustle;medium_slow;55;235;attack:1;1:leer|1:peck|7:focus_energy|9:double_kick|13:poison_sting|19:fury_attack|21:horn_attack|25:helping_hand|31:toxic_spikes|33:flatter|37:poison_jab|43:captivate|45:horn_drill;attract|blizzard|confide|cut|dig|double_team|echoed_voice|facade|frustration|hidden_power|hone_claws|ice_beam|poison_jab|protect|rain_dance|rest|return|rock_smash|round|secret_power|shadow_claw|sleep_talk|sludge_bomb|strength|substitute|sunny_day|swagger|thief|thunder|thunderbolt|toxic|venoshock;drill_run|helping_hand|iron_tail|shock_wave|snore|super_fang|water_pulse;amnesia|beat_up|chip_away|confusion|counter|disable|endure|head_smash|iron_tail|poison_tail|sucker_punch|supersonic|take_down|venom_drench;monster|ground;nidorino@16;;32;Pin Veneno;0,5;9;morado;0;no;Saca las orejas por encima de la hierba para explorar el territorio. Le protege su cuerno venenoso.
nidorino;Nidorino;poison;61;72;57;55;55;65;poison_point;rivalry;hustle;medium_slow;128;120;attack:2;1:leer|1:peck|7:focus_energy|9:double_kick|13:poison_sting|20:fury_attack|23:horn_attack|28:helping_hand|35:toxic_spikes|38:flatter|43:poison_jab|50:captivate|58:horn_drill;attract|blizzard|confide|cut|dig|double_team|echoed_voice|facade|frustration|hidden_power|hone_claws|ice_beam|poison_jab|protect|rain_dance|rest|return|rock_smash|round|secret_power|shadow_claw|sleep_talk|sludge_bomb|strength|substitute|sunny_day|swagger|thief|thunder|thunderbolt|toxic|venoshock;drill_run|helping_hand|iron_tail|shock_wave|snore|super_fang|water_pulse;;monster|ground;nidoking@objeto:moon_stone;;33;Pin Veneno;0,9;19,5;morado;0;no;Levanta sus grandes orejas para vigilar. Si detecta algo, atacará de inmediato.
nidoking;Nidoking;poison|ground;81;102;77;85;75;85;poison_point;rivalry;sheer_force;medium_slow;227;45;attack:3;1:double_kick|1:focus_energy|1:megahorn|1:peck|1:poison_sting|23:chip_away|35:thrash|43:earth_power|58:megahorn;attract|blizzard|brick_break|bulldoze|confide|cut|dig|double_team|dragon_tail|earthquake|echoed_voice|facade|fire_blast|flamethrower|fling|focus_blast|frustration|giga_impact|hidden_power|hone_claws|hyper_beam|ice_beam|incinerate|poison_jab|power_up_punch|protect|quash|rain_dance|rest|return|roar|rock_slide|rock_smash|rock_tomb|round|sandstorm|secret_power|shadow_ball|shadow_claw|sleep_talk|sludge_bomb|sludge_wave|smack_down|stone_edge|strength|substitute|sunny_day|surf|swagger|taunt|thief|thunder|thunderbolt|torment|toxic|venoshock;aqua_tail|dragon_pulse|drill_run|earth_power|fire_punch|focus_punch|helping_hand|ice_punch|icy_wind|iron_tail|outrage|shock_wave|snore|stealth_rock|super_fang|superpower|thunder_punch|uproar|water_pulse;;monster|ground;;;34;Taladro;1,4;62;morado;0;no;Es fácil reconocerlo por tener una dura piel y un gran cuerno lleno de peligrosísimo veneno.
clefairy;Clefairy;fairy;70;45;48;60;65;35;cute_charm;magic_guard;friend_guard;fast;113;150;hp:2;1:after_you|1:disarming_voice|1:encore|1:growl|1:healing_wish|1:pound|7:sing|10:double_slap|13:defense_curl|16:follow_me|19:bestow|22:wake_up_slap|25:minimize|28:stored_power|31:metronome|34:cosmic_power|37:lucky_chant|40:body_slam|43:moonlight|46:moonblast|49:gravity|50:meteor_mash|55:healing_wish|58:after_you;attract|blizzard|brick_break|calm_mind|charge_beam|confide|dazzling_gleam|dig|double_team|dream_eater|echoed_voice|facade|fire_blast|flamethrower|flash|fling|frustration|grass_knot|hidden_power|ice_beam|incinerate|light_screen|power_up_punch|protect|psych_up|psychic|psyshock|rain_dance|reflect|rest|retaliate|return|rock_smash|round|safeguard|secret_power|shadow_ball|sleep_talk|solar_beam|strength|substitute|sunny_day|swagger|thunder|thunder_wave|thunderbolt|toxic;after_you|bounce|covet|drain_punch|endeavor|fire_punch|focus_punch|gravity|heal_bell|helping_hand|hyper_voice|ice_punch|icy_wind|iron_tail|knock_off|last_resort|magic_coat|recycle|role_play|shock_wave|signal_beam|snatch|snore|stealth_rock|thunder_punch|trick|water_pulse|wonder_room|zen_headbutt;;fairy;clefable@objeto:moon_stone;;35;Hada;0,6;7,5;rosa;75;no;Se dice que la felicidad llegará a quien vea a un grupo de Clefairy bailando a la luz de la luna llena.
clefable;Clefable;fairy;95;70;73;95;90;60;cute_charm;magic_guard;unaware;fast;217;25;hp:3;1:disarming_voice|1:double_slap|1:metronome|1:minimize|1:sing;attract|blizzard|brick_break|calm_mind|charge_beam|confide|dazzling_gleam|dig|double_team|dream_eater|echoed_voice|facade|fire_blast|flamethrower|flash|fling|focus_blast|frustration|giga_impact|grass_knot|hidden_power|hyper_beam|ice_beam|incinerate|light_screen|power_up_punch|protect|psych_up|psychic|psyshock|rain_dance|reflect|rest|retaliate|return|rock_smash|round|safeguard|secret_power|shadow_ball|sleep_talk|solar_beam|strength|substitute|sunny_day|swagger|thunder|thunder_wave|thunderbolt|toxic;after_you|bounce|covet|drain_punch|endeavor|fire_punch|focus_punch|gravity|heal_bell|helping_hand|hyper_voice|ice_punch|icy_wind|iron_tail|knock_off|last_resort|magic_coat|recycle|role_play|shock_wave|signal_beam|snatch|snore|stealth_rock|thunder_punch|trick|water_pulse|wonder_room|zen_headbutt;;fairy;;;36;Hada;1,3;40;rosa;75;no;Su oído es tan agudo que puede oír una aguja caer a 1 km. Vive en montañas solitarias.
vulpix;Vulpix;fire;38;41;40;50;65;65;flash_fire;;drought;medium_fast;60;190;speed:1;1:ember|4:tail_whip|7:roar|9:baby_doll_eyes|10:quick_attack|12:confuse_ray|15:fire_spin|18:payback|20:will_o_wisp|23:feint_attack|26:hex|28:flame_burst|31:extrasensory|34:safeguard|36:flamethrower|39:imprison|42:fire_blast|44:grudge|47:captivate|50:inferno;attract|confide|dark_pulse|dig|double_team|energy_ball|facade|fire_blast|flame_charge|flamethrower|frustration|hidden_power|incinerate|overheat|payback|protect|psych_up|rest|return|roar|round|safeguard|secret_power|sleep_talk|substitute|sunny_day|swagger|toxic|will_o_wisp;covet|foul_play|heat_wave|iron_tail|pain_split|role_play|snore|spite|zen_headbutt;captivate|disable|extrasensory|feint_attack|flail|flare_blitz|heat_wave|hex|howl|hypnosis|power_swap|secret_power|spite|tail_slap;ground;ninetales@objeto:fire_stone;;37;Zorro;0,6;9,9;marrón;75;no;Cuando nace solo tiene una cola, pero a medida que crece, esta se va dividiendo desde la punta.
ninetales;Ninetales;fire;73;76;75;81;100;100;flash_fire;;drought;medium_fast;177;75;sp_defense:1|speed:1;1:confuse_ray|1:flamethrower|1:imprison|1:nasty_plot|1:quick_attack|1:safeguard;attract|calm_mind|confide|dark_pulse|dig|double_team|dream_eater|energy_ball|facade|fire_blast|flame_charge|flamethrower|frustration|giga_impact|hidden_power|hyper_beam|incinerate|overheat|payback|protect|psych_up|psyshock|rest|return|roar|round|safeguard|secret_power|sleep_talk|solar_beam|substitute|sunny_day|swagger|toxic|will_o_wisp;covet|foul_play|heat_wave|iron_tail|pain_split|role_play|snore|spite|zen_headbutt;;ground;;;38;Zorro;1,1;19,9;amarillo;75;no;Tiene nueve colas y un pelaje de color dorado. Dicen que este Pokémon llega a vivir 1000 años.
jigglypuff;Jigglypuff;normal|fairy;115;45;20;45;25;20;cute_charm;competitive;friend_guard;fast;95;170;hp:2;1:sing|3:defense_curl|5:pound|8:play_nice|11:disarming_voice|15:disable|18:double_slap|21:rollout|24:round|28:wake_up_slap|32:rest|35:body_slam|37:mimic|40:gyro_ball|44:hyper_voice|49:double_edge;attract|blizzard|brick_break|charge_beam|confide|dazzling_gleam|dig|double_team|dream_eater|echoed_voice|facade|fire_blast|flamethrower|flash|fling|frustration|grass_knot|gyro_ball|hidden_power|ice_beam|incinerate|light_screen|power_up_punch|protect|psych_up|psychic|rain_dance|reflect|rest|retaliate|return|round|safeguard|secret_power|shadow_ball|sleep_talk|solar_beam|strength|substitute|sunny_day|swagger|thunder|thunder_wave|thunderbolt|toxic|wild_charge;bounce|covet|drain_punch|endeavor|fire_punch|focus_punch|gravity|heal_bell|helping_hand|hyper_voice|ice_punch|icy_wind|knock_off|last_resort|magic_coat|pain_split|recycle|role_play|shock_wave|snatch|snore|stealth_rock|thunder_punch|water_pulse;;fairy;wigglytuff@objeto:moon_stone;;39;Globo;0,5;5,5;rosa;75;no;Cautiva con la mirada a su enemigo y hace que se quede profundamente dormido mientras entona una dulce melodía.
wigglytuff;Wigglytuff;normal|fairy;140;70;45;85;50;45;cute_charm;competitive;frisk;fast;196;50;hp:3;1:defense_curl|1:disable|1:double_edge|1:double_slap|1:play_rough|1:sing;attract|blizzard|brick_break|charge_beam|confide|dazzling_gleam|dig|double_team|dream_eater|echoed_voice|facade|fire_blast|flamethrower|flash|fling|focus_blast|frustration|giga_impact|grass_knot|gyro_ball|hidden_power|hyper_beam|ice_beam|incinerate|light_screen|power_up_punch|protect|psych_up|psychic|rain_dance|reflect|rest|retaliate|return|round|safeguard|secret_power|shadow_ball|sleep_talk|solar_beam|strength|substitute|sunny_day|swagger|thunder|thunder_wave|thunderbolt|toxic|wild_charge;bounce|covet|drain_punch|endeavor|fire_punch|focus_punch|gravity|heal_bell|helping_hand|hyper_voice|ice_punch|icy_wind|knock_off|last_resort|magic_coat|magic_room|pain_split|recycle|role_play|shock_wave|snatch|snore|stealth_rock|thunder_punch|water_pulse;;fairy;;;40;Globo;1;12;rosa;75;no;Su piel es tan suave que si dos de ellos se acurrucan juntos, no querrán separarse nunca.
zubat;Zubat;poison|flying;40;45;35;30;40;55;inner_focus;;infiltrator;medium_fast;49;255;speed:1;1:leech_life|5:supersonic|7:astonish|11:bite|13:wing_attack|17:confuse_ray|19:air_cutter|23:swift|25:poison_fang|29:mean_look|31:acrobatics|35:haze|37:venoshock|41:air_slash|43:quick_guard;acrobatics|aerial_ace|attract|confide|double_team|facade|fly|frustration|hidden_power|payback|protect|rain_dance|rest|return|roost|round|secret_power|shadow_ball|sleep_talk|sludge_bomb|steel_wing|substitute|sunny_day|swagger|taunt|thief|torment|toxic|u_turn|venoshock;giga_drain|heat_wave|snatch|snore|super_fang|tailwind|uproar|zen_headbutt;brave_bird|curse|defog|feint_attack|giga_drain|gust|hypnosis|nasty_plot|pursuit|quick_attack|steel_wing|venom_drench|whirlwind|zen_headbutt;flying;golbat@22;;41;Murciélago;0,8;7,5;morado;50;no;Aunque carezca de ojos, puede detectar obstáculos con las ondas ultrasónicas que emite su boca.
golbat;Golbat;poison|flying;75;80;70;65;75;90;inner_focus;;infiltrator;medium_fast;159;90;speed:2;1:astonish|1:bite|1:leech_life|1:screech|1:supersonic|5:supersonic|7:astonish|11:bite|13:wing_attack|17:confuse_ray|19:air_cutter|24:swift|27:poison_fang|32:mean_look|35:acrobatics|40:haze|43:venoshock|48:air_slash|51:quick_guard;acrobatics|aerial_ace|attract|confide|double_team|facade|fly|frustration|giga_impact|hidden_power|hyper_beam|payback|protect|rain_dance|rest|return|roost|round|secret_power|shadow_ball|sleep_talk|sludge_bomb|steel_wing|substitute|sunny_day|swagger|taunt|thief|torment|toxic|u_turn|venoshock;giga_drain|heat_wave|snatch|snore|super_fang|tailwind|uproar|zen_headbutt;;flying;crobat@amistad;;42;Murciélago;1,6;55;morado;50;no;Cuando ataque, seguirá chupando energía de su víctima, aunque pese tanto que ya no pueda volar.
oddish;Oddish;grass|poison;45;50;55;75;65;30;chlorophyll;;run_away;medium_slow;64;255;sp_attack:1;1:absorb|5:sweet_scent|9:acid|13:poison_powder|14:stun_spore|15:sleep_powder|19:mega_drain|23:lucky_chant|27:moonlight|31:giga_drain|35:toxic|39:natural_gift|43:moonblast|47:grassy_terrain|51:petal_dance;attract|confide|cut|dazzling_gleam|double_team|energy_ball|facade|flash|frustration|grass_knot|hidden_power|infestation|nature_power|protect|rest|return|round|secret_power|sleep_talk|sludge_bomb|solar_beam|substitute|sunny_day|swagger|swords_dance|toxic|venoshock;after_you|gastro_acid|giga_drain|seed_bomb|snore|synthesis|worry_seed;after_you|charm|flail|ingrain|nature_power|razor_leaf|secret_power|synthesis|teeter_dance|tickle;plant;gloom@21;;43;Hierbajo;0,5;5,4;azul;50;no;Durante el día, se agazapa en el frío subsuelo huyendo del sol. La luz de la luna le hace crecer mucho.
gloom;Gloom;grass|poison;60;65;70;85;75;40;chlorophyll;;stench;medium_slow;138;120;sp_attack:2;1:absorb|1:acid|1:sweet_scent|5:sweet_scent|9:acid|13:poison_powder|14:stun_spore|15:sleep_powder|19:mega_drain|24:lucky_chant|29:moonlight|34:giga_drain|39:toxic|44:natural_gift|49:petal_blizzard|54:grassy_terrain|59:petal_dance;attract|confide|cut|dazzling_gleam|double_team|energy_ball|facade|flash|fling|frustration|grass_knot|hidden_power|infestation|nature_power|protect|rest|return|round|secret_power|sleep_talk|sludge_bomb|solar_beam|substitute|sunny_day|swagger|swords_dance|toxic|venoshock;after_you|drain_punch|gastro_acid|giga_drain|seed_bomb|snore|synthesis|worry_seed;;plant;vileplume@objeto:leaf_stone | bellossom@objeto:sun_stone;;44;Hierbajo;0,8;8,6;azul;50;no;¡Huele bastante mal! De todas formas, una de cada mil personas aprecian su fétido olor.
vileplume;Vileplume;grass|poison;75;80;85;110;90;50;chlorophyll;;effect_spore;medium_slow;221;45;sp_attack:3;1:aromatherapy|1:mega_drain|1:poison_powder|1:stun_spore|49:petal_blizzard|59:petal_dance|64:solar_beam;attract|confide|cut|dazzling_gleam|double_team|energy_ball|facade|flash|fling|frustration|giga_impact|grass_knot|hidden_power|hyper_beam|infestation|nature_power|protect|rest|return|round|safeguard|secret_power|sleep_talk|sludge_bomb|solar_beam|substitute|sunny_day|swagger|swords_dance|toxic|venoshock;after_you|drain_punch|gastro_acid|giga_drain|seed_bomb|snore|synthesis|worry_seed;;plant;;;45;Flor;1,2;18,6;rojo;50;no;Cuanto mayores son sus pétalos, más tóxico es su polen. Le pesa la cabeza y le cuesta mantenerla erguida.
paras;Paras;bug|grass;35;70;55;45;55;25;effect_spore;dry_skin;damp;medium_fast;57;190;attack:1;1:scratch|6:poison_powder|6:stun_spore|11:leech_life|17:fury_cutter|22:spore|27:slash|33:growth|38:giga_drain|43:aromatherapy|49:rage_powder|54:x_scissor;aerial_ace|attract|brick_break|confide|cut|dig|double_team|energy_ball|facade|false_swipe|flash|frustration|grass_knot|hidden_power|hone_claws|light_screen|nature_power|protect|rest|return|rock_smash|round|secret_power|sleep_talk|sludge_bomb|solar_beam|struggle_bug|substitute|sunny_day|swagger|swords_dance|thief|toxic|venoshock|x_scissor;after_you|bug_bite|giga_drain|knock_off|seed_bomb|snore|synthesis|worry_seed;agility|bug_bite|counter|cross_poison|endure|fell_stinger|flail|leech_seed|metal_claw|natural_gift|psybeam|pursuit|rototiller|screech|sweet_scent|wide_guard;bug|plant;parasect@24;;46;Hongo;0,3;5,4;rojo;50;no;Lleva en el lomo dos setas parásitas llamadas tochukaso, que crecen con él.
parasect;Parasect;bug|grass;60;95;80;60;80;30;effect_spore;dry_skin;damp;medium_fast;142;75;attack:2|defense:1;1:cross_poison|1:leech_life|1:poison_powder|1:scratch|1:stun_spore|6:poison_powder|6:stun_spore|11:leech_life|17:fury_cutter|22:spore|29:slash|37:growth|44:giga_drain|51:aromatherapy|59:rage_powder|66:x_scissor;aerial_ace|attract|brick_break|confide|cut|dig|double_team|energy_ball|facade|false_swipe|flash|frustration|giga_impact|grass_knot|hidden_power|hone_claws|hyper_beam|light_screen|nature_power|protect|rest|return|rock_smash|round|secret_power|sleep_talk|sludge_bomb|solar_beam|struggle_bug|substitute|sunny_day|swagger|swords_dance|thief|toxic|venoshock|x_scissor;after_you|bug_bite|giga_drain|knock_off|seed_bomb|snore|synthesis|worry_seed;;bug|plant;;;47;Hongo;1;29,5;rojo;50;no;Parasect está dominado por una seta parásita mayor que él. Dispersa esporas venenosas.
venonat;Venonat;bug|poison;60;55;50;40;55;45;compound_eyes;tinted_lens;run_away;medium_fast;61;190;sp_defense:1;1:disable|1:foresight|1:tackle|5:supersonic|11:confusion|13:poison_powder|17:leech_life|23:stun_spore|25:psybeam|29:sleep_powder|35:signal_beam|37:zen_headbutt|41:poison_fang|47:psychic;attract|confide|double_team|facade|flash|frustration|hidden_power|infestation|protect|psychic|rest|return|round|secret_power|sleep_talk|sludge_bomb|solar_beam|struggle_bug|substitute|sunny_day|swagger|thief|toxic|venoshock;bug_bite|giga_drain|signal_beam|skill_swap|snore|zen_headbutt;agility|baton_pass|bug_bite|giga_drain|morning_sun|rage_powder|screech|secret_power|signal_beam|skill_swap|toxic_spikes;bug;venomoth@31;;48;Insecto;1;30;morado;50;no;Sus grandes ojos son en realidad grupos de ojos diminutos. Por la noche se siente atraído por la luz.
venomoth;Venomoth;bug|poison;70;65;60;90;75;90;shield_dust;tinted_lens;wonder_skin;medium_fast;158;75;sp_attack:1|speed:1;1:bug_buzz|1:disable|1:foresight|1:quiver_dance|1:silver_wind|1:supersonic|1:tackle|5:supersonic|11:confusion|13:poison_powder|17:leech_life|23:stun_spore|25:psybeam|29:sleep_powder|31:gust|37:signal_beam|41:zen_headbutt|47:poison_fang|55:psychic|59:bug_buzz|63:quiver_dance;acrobatics|aerial_ace|attract|confide|double_team|energy_ball|facade|flash|frustration|giga_impact|hidden_power|hyper_beam|infestation|protect|psychic|rest|return|roost|round|secret_power|sleep_talk|sludge_bomb|solar_beam|struggle_bug|substitute|sunny_day|swagger|thief|toxic|u_turn|venoshock;bug_bite|giga_drain|signal_beam|skill_swap|snore|tailwind|zen_headbutt;;bug;;;49;Polilla Ven.;1,5;12,5;morado;50;no;Lanza unas escamas que paralizan a cualquiera. Quien las toque, no podrá ni ponerse de pie.
diglett;Diglett;ground;10;55;25;35;45;95;sand_veil;arena_trap;sand_force;medium_fast;53;255;speed:1;1:sand_attack|1:scratch|4:growl|7:astonish|12:mud_slap|15:magnitude|18:bulldoze|23:sucker_punch|26:mud_bomb|29:earth_power|34:dig|37:slash|40:earthquake|45:fissure;aerial_ace|attract|bulldoze|confide|cut|dig|double_team|earthquake|echoed_voice|facade|frustration|hidden_power|hone_claws|protect|rest|return|rock_slide|rock_smash|rock_tomb|round|sandstorm|secret_power|shadow_claw|sleep_talk|sludge_bomb|substitute|sunny_day|swagger|thief|toxic;earth_power|snore|stealth_rock;ancient_power|astonish|beat_up|endure|feint_attack|final_gambit|headbutt|memento|mud_bomb|pursuit|reversal|screech|uproar;ground;dugtrio@26;;50;Topo;0,2;0,8;marrón;50;no;Vive un metro por debajo del suelo, donde se alimenta de raíces. También aparece en la superficie.
dugtrio;Dugtrio;ground;35;80;50;50;70;120;sand_veil;arena_trap;sand_force;medium_fast;149;50;speed:2;1:growl|1:night_slash|1:rototiller|1:sand_attack|1:scratch|1:tri_attack|4:growl|7:astonish|12:mud_slap|15:magnitude|18:bulldoze|23:sucker_punch|26:sand_tomb|28:mud_bomb|33:earth_power|40:dig|45:slash|50:earthquake|57:fissure;aerial_ace|attract|bulldoze|confide|cut|dig|double_team|earthquake|echoed_voice|facade|frustration|giga_impact|hidden_power|hone_claws|hyper_beam|protect|rest|return|rock_slide|rock_smash|rock_tomb|round|sandstorm|secret_power|shadow_claw|sleep_talk|sludge_bomb|sludge_wave|stone_edge|substitute|sunny_day|swagger|thief|toxic;earth_power|snore|stealth_rock;;ground;;;51;Topo;0,7;33,3;marrón;50;no;En combate, cava la tierra, se esconde y sale de repente para golpear a su rival. Nunca se sabe por dónde puede aparecer.
meowth;Meowth;normal;40;45;35;40;40;90;pickup;technician;unnerve;medium_fast;58;255;speed:1;1:growl|1:scratch|6:bite|9:fake_out|14:fury_swipes|17:screech|22:feint_attack|25:taunt|30:pay_day|33:slash|38:nasty_plot|41:assurance|46:captivate|49:night_slash|50:feint;aerial_ace|attract|confide|cut|dark_pulse|dig|double_team|dream_eater|echoed_voice|facade|flash|frustration|hidden_power|hone_claws|payback|protect|psych_up|rain_dance|rest|retaliate|return|round|secret_power|shadow_ball|shadow_claw|sleep_talk|substitute|sunny_day|swagger|taunt|thief|thunder|thunderbolt|torment|toxic|u_turn;covet|foul_play|gunk_shot|hyper_voice|icy_wind|iron_tail|knock_off|last_resort|seed_bomb|shock_wave|snatch|snore|spite|uproar|water_pulse;amnesia|assist|charm|flail|foul_play|hypnosis|iron_tail|last_resort|odor_sleuth|punishment|snatch|spite|tail_whip;ground;persian@28;;52;Gato Araña;0,4;4,2;amarillo;50;no;Es de naturaleza nocturna. Le atraen los objetos brillantes.
persian;Persian;normal;65;70;60;65;65;115;limber;technician;unnerve;medium_fast;154;90;speed:2;1:bite|1:fake_out|1:growl|1:play_rough|1:scratch|1:switcheroo|6:bite|9:fake_out|14:fury_swipes|17:screech|22:feint_attack|25:taunt|28:swift|32:power_gem|37:slash|44:nasty_plot|49:assurance|56:captivate|61:night_slash|65:feint;aerial_ace|attract|confide|cut|dark_pulse|dig|double_team|dream_eater|echoed_voice|embargo|facade|flash|frustration|giga_impact|hidden_power|hone_claws|hyper_beam|payback|protect|psych_up|rain_dance|rest|retaliate|return|roar|round|secret_power|shadow_ball|shadow_claw|sleep_talk|substitute|sunny_day|swagger|taunt|thief|thunder|thunderbolt|torment|toxic|u_turn;covet|foul_play|gunk_shot|hyper_voice|icy_wind|iron_tail|knock_off|last_resort|seed_bomb|shock_wave|snatch|snore|spite|uproar|water_pulse;;ground;;;53;Gato Fino;1;32;amarillo;50;no;Aunque es muy admirado por el pelo, es difícil de entrenar como mascota, porque es un poco travieso.
psyduck;Psyduck;water;50;52;48;65;50;55;damp;cloud_nine;swift_swim;medium_fast;64;190;sp_attack:1;1:scratch|1:water_sport|4:tail_whip|8:water_gun|11:confusion|15:fury_swipes|18:water_pulse|22:disable|25:screech|29:aqua_tail|32:zen_headbutt|36:soak|39:psych_up|43:amnesia|46:hydro_pump|50:wonder_room;aerial_ace|attract|blizzard|brick_break|calm_mind|confide|dig|dive|double_team|facade|flash|fling|frustration|hail|hidden_power|hone_claws|ice_beam|light_screen|power_up_punch|protect|psych_up|psychic|psyshock|rain_dance|rest|return|rock_smash|round|scald|secret_power|shadow_claw|sleep_talk|strength|substitute|surf|swagger|toxic|waterfall;aqua_tail|focus_punch|ice_punch|icy_wind|iron_tail|role_play|signal_beam|snore|water_pulse|wonder_room|worry_seed|zen_headbutt;clear_smog|confuse_ray|cross_chop|encore|foresight|future_sight|hypnosis|mud_bomb|psybeam|refresh|secret_power|simple_beam|sleep_talk|synchronoise|yawn;water1|ground;golduck@33;;54;Pato;0,8;19,6;amarillo;50;no;Padece continuamente dolores de cabeza. Cuando son muy fuertes, empieza a usar misteriosos poderes.
golduck;Golduck;water;80;82;78;95;80;85;damp;cloud_nine;swift_swim;medium_fast;175;75;sp_attack:2;1:aqua_jet|1:scratch|1:tail_whip|1:water_gun|1:water_sport|4:tail_whip|8:water_gun|11:confusion|15:fury_swipes|18:water_pulse|22:disable|25:zen_headbutt|29:screech|32:aqua_tail|38:soak|43:psych_up|49:amnesia|54:hydro_pump|60:wonder_room;aerial_ace|attract|blizzard|brick_break|calm_mind|confide|dig|dive|double_team|facade|flash|fling|focus_blast|frustration|giga_impact|hail|hidden_power|hone_claws|hyper_beam|ice_beam|light_screen|low_sweep|power_up_punch|protect|psych_up|psychic|psyshock|rain_dance|rest|return|rock_smash|round|scald|secret_power|shadow_claw|sleep_talk|strength|substitute|surf|swagger|toxic|waterfall;aqua_tail|focus_punch|ice_punch|icy_wind|iron_tail|low_kick|role_play|signal_beam|snore|water_pulse|wonder_room|worry_seed|zen_headbutt;;water1|ground;;;55;Pato;1,7;76,6;azul;50;no;Aparece en ríos al anochecer. Puede usar poderes telequinéticos si su frente brilla misteriosamente.
mankey;Mankey;fighting;40;80;35;35;45;70;vital_spirit;anger_point;defiant;medium_fast;61;190;attack:1;1:covet|1:focus_energy|1:leer|1:low_kick|1:scratch|9:fury_swipes|13:karate_chop|17:seismic_toss|21:screech|25:assurance|33:swagger|37:cross_chop|41:thrash|45:punishment|49:close_combat|53:final_gambit;acrobatics|aerial_ace|attract|brick_break|bulk_up|bulldoze|confide|dig|double_team|earthquake|facade|fling|focus_blast|frustration|hidden_power|hone_claws|low_sweep|overheat|payback|poison_jab|power_up_punch|protect|rain_dance|rest|retaliate|return|rock_slide|rock_smash|rock_tomb|round|secret_power|sleep_talk|smack_down|strength|substitute|sunny_day|swagger|taunt|thief|thunder|thunderbolt|toxic|u_turn;covet|dual_chop|endeavor|fire_punch|focus_punch|gunk_shot|helping_hand|ice_punch|iron_tail|low_kick|outrage|role_play|seed_bomb|snore|spite|thunder_punch|uproar;beat_up|close_combat|counter|encore|focus_punch|foresight|meditate|night_slash|revenge|reversal|sleep_talk|smelling_salts;ground;primeape@28;;56;Mono Cerdo;0,5;28;marrón;50;no;Es peligroso acercarse si se enfada sin razón aparente, ya que no distingue entre amigos y enemigos.
primeape;Primeape;fighting;65;105;60;60;70;95;vital_spirit;anger_point;defiant;medium_fast;159;75;attack:2;1:final_gambit|1:fling|1:focus_energy|1:leer|1:low_kick|1:scratch|9:fury_swipes|13:karate_chop|17:seismic_toss|21:screech|25:assurance|28:rage|35:swagger|41:cross_chop|47:thrash|53:punishment|59:close_combat|63:final_gambit;acrobatics|aerial_ace|attract|brick_break|bulk_up|bulldoze|confide|dig|double_team|earthquake|facade|fling|focus_blast|frustration|giga_impact|hidden_power|hone_claws|hyper_beam|low_sweep|overheat|payback|poison_jab|power_up_punch|protect|rain_dance|rest|retaliate|return|rock_slide|rock_smash|rock_tomb|round|secret_power|sleep_talk|smack_down|stone_edge|strength|substitute|sunny_day|swagger|taunt|thief|thunder|thunderbolt|toxic|u_turn;covet|dual_chop|endeavor|fire_punch|focus_punch|gunk_shot|helping_hand|ice_punch|iron_tail|low_kick|outrage|role_play|seed_bomb|snore|spite|thunder_punch|uproar;;ground;;;57;Mono Cerdo;1;32;marrón;50;no;Solo se calma cuando nadie está cerca. Llegar a ver ese momento es realmente difícil.
growlithe;Growlithe;fire;55;70;45;70;50;60;intimidate;flash_fire;justified;slow;70;190;attack:1;1:bite|1:roar|6:ember|8:leer|10:odor_sleuth|12:helping_hand|17:flame_wheel|19:reversal|21:fire_fang|23:take_down|28:flame_burst|30:agility|32:retaliate|34:flamethrower|39:crunch|41:heat_wave|43:outrage|45:flare_blitz;aerial_ace|attract|confide|dig|double_team|facade|fire_blast|flame_charge|flamethrower|frustration|hidden_power|incinerate|overheat|protect|rest|retaliate|return|roar|rock_smash|round|safeguard|secret_power|sleep_talk|snarl|strength|substitute|sunny_day|swagger|thief|toxic|wild_charge|will_o_wisp;covet|heat_wave|helping_hand|iron_tail|outrage|snore;body_slam|close_combat|covet|crunch|double_edge|double_kick|fire_spin|flare_blitz|heat_wave|howl|iron_tail|morning_sun|thrash;ground;arcanine@objeto:fire_stone;;58;Perrito;0,7;19;marrón;25;no;Es muy agradable y leal. Para ahuyentar al enemigo, se pone a ladrar y a dar bocados.
arcanine;Arcanine;fire;90;110;80;100;80;95;intimidate;flash_fire;justified;slow;194;75;attack:2;1:bite|1:fire_fang|1:odor_sleuth|1:roar|1:thunder_fang|34:extreme_speed;aerial_ace|attract|bulldoze|confide|dig|double_team|facade|fire_blast|flame_charge|flamethrower|frustration|giga_impact|hidden_power|hyper_beam|incinerate|overheat|protect|rest|retaliate|return|roar|rock_smash|round|safeguard|secret_power|sleep_talk|snarl|solar_beam|strength|substitute|sunny_day|swagger|thief|toxic|wild_charge|will_o_wisp;covet|dragon_pulse|heat_wave|helping_hand|iron_head|iron_tail|outrage|snore;;ground;;;59;Leyenda;1,9;155;marrón;25;no;Un Pokémon muy admirado desde la antigüedad por su belleza. Corre ágilmente como si tuviera alas.
poliwag;Poliwag;water;40;50;40;40;40;90;water_absorb;damp;swift_swim;medium_slow;60;255;speed:1;1:water_sport|5:water_gun|8:hypnosis|11:bubble|15:double_slap|18:rain_dance|21:body_slam|25:bubble_beam|28:mud_shot|31:belly_drum|35:wake_up_slap|38:hydro_pump|41:mud_bomb;attract|blizzard|confide|dig|dive|double_team|facade|frustration|hail|hidden_power|ice_beam|protect|psychic|rain_dance|rest|return|round|scald|secret_power|sleep_talk|substitute|surf|swagger|thief|toxic|waterfall;endeavor|helping_hand|icy_wind|snore|water_pulse;bubble_beam|encore|endeavor|endure|haze|ice_ball|mind_reader|mist|mud_shot|refresh|splash|water_pulse|water_sport;water1;poliwhirl@25;;60;Renacuajo;0,6;12,4;azul;50;no;Tiene una piel extraordinaria, fina y húmeda, que deja entrever las vísceras que tiene dispuestas en espiral.
poliwhirl;Poliwhirl;water;65;65;65;50;50;90;water_absorb;damp;swift_swim;medium_slow;135;120;speed:2;1:hypnosis|1:water_gun|1:water_sport|5:water_gun|8:hypnosis|11:bubble|15:double_slap|18:rain_dance|21:body_slam|27:bubble_beam|32:mud_shot|37:belly_drum|43:wake_up_slap|48:hydro_pump|53:mud_bomb;attract|blizzard|brick_break|bulldoze|confide|dig|dive|double_team|earthquake|facade|fling|frustration|hail|hidden_power|ice_beam|power_up_punch|protect|psychic|rain_dance|rest|return|rock_smash|round|scald|secret_power|sleep_talk|strength|substitute|surf|swagger|thief|toxic|waterfall;endeavor|focus_punch|helping_hand|ice_punch|icy_wind|snore|water_pulse;;water1;poliwrath@objeto:water_stone | politoed@intercambio:kings_rock;;61;Renacuajo;1;20;azul;50;no;Capaz de vivir dentro o fuera del agua. Fuera del agua suda para mantener baboso su cuerpo.
poliwrath;Poliwrath;water|fighting;90;95;95;70;90;70;water_absorb;damp;swift_swim;medium_slow;230;45;defense:3;1:bubble_beam|1:circle_throw|1:double_slap|1:hypnosis|1:submission|32:dynamic_punch|43:mind_reader|53:circle_throw;attract|blizzard|brick_break|bulk_up|bulldoze|confide|dig|dive|double_team|earthquake|facade|fling|focus_blast|frustration|giga_impact|hail|hidden_power|hyper_beam|ice_beam|low_sweep|payback|poison_jab|power_up_punch|protect|psychic|rain_dance|rest|return|rock_slide|rock_smash|rock_tomb|round|scald|secret_power|sleep_talk|strength|substitute|surf|swagger|thief|toxic|waterfall;endeavor|focus_punch|helping_hand|ice_punch|icy_wind|snore|water_pulse;;water1;;;62;Renacuajo;1,3;54;azul;50;no;Tiene músculos muy desarrollados. Es capaz de nadar en el océano sin descanso.
abra;Abra;psychic;25;20;15;105;55;90;synchronize;inner_focus;magic_guard;medium_slow;62;200;sp_attack:1;1:teleport;attract|calm_mind|charge_beam|confide|dazzling_gleam|double_team|dream_eater|embargo|energy_ball|facade|flash|fling|frustration|grass_knot|hidden_power|light_screen|protect|psych_up|psychic|psyshock|rain_dance|reflect|rest|return|round|safeguard|secret_power|shadow_ball|sleep_talk|substitute|sunny_day|swagger|taunt|thief|thunder_wave|torment|toxic|trick_room;drain_punch|fire_punch|focus_punch|foul_play|gravity|ice_punch|iron_tail|knock_off|magic_coat|magic_room|recycle|role_play|shock_wave|signal_beam|skill_swap|snatch|snore|thunder_punch|trick|wonder_room|zen_headbutt;ally_switch|barrier|encore|fire_punch|guard_split|guard_swap|ice_punch|knock_off|power_trick|psycho_shift|skill_swap|thunder_punch;humanshape;kadabra@16;;63;Psi;0,9;19,5;marrón;25;no;Duerme 18 horas al día y mientras lo hace es capaz de usar una serie de poderes extrasensoriales.
kadabra;Kadabra;psychic;40;35;30;120;70;105;synchronize;inner_focus;magic_guard;medium_slow;140;100;sp_attack:2;1:confusion|1:kinesis|1:teleport|16:confusion|18:disable|21:psybeam|23:miracle_eye|26:reflect|28:psycho_cut|31:recover|33:telekinesis|36:ally_switch|38:psychic|41:role_play|43:future_sight|46:trick;attract|calm_mind|charge_beam|confide|dazzling_gleam|double_team|dream_eater|embargo|energy_ball|facade|flash|fling|frustration|grass_knot|hidden_power|light_screen|protect|psych_up|psychic|psyshock|rain_dance|reflect|rest|return|round|safeguard|secret_power|shadow_ball|sleep_talk|substitute|sunny_day|swagger|taunt|thief|thunder_wave|torment|toxic|trick_room;drain_punch|fire_punch|focus_punch|foul_play|gravity|ice_punch|iron_tail|knock_off|magic_coat|magic_room|recycle|role_play|shock_wave|signal_beam|skill_swap|snatch|snore|thunder_punch|trick|wonder_room|zen_headbutt;;humanshape;alakazam@intercambio;;64;Psi;1,3;56,5;marrón;25;no;Cuando utiliza su poder psíquico, emite poderosas ondas alfa que pueden destruir dispositivos.
alakazam;Alakazam;psychic;55;50;45;135;95;120;synchronize;inner_focus;magic_guard;medium_slow;225;50;sp_attack:3;1:confusion|1:kinesis|1:teleport|16:confusion|18:disable|21:psybeam|23:miracle_eye|26:reflect|28:psycho_cut|31:recover|33:telekinesis|36:ally_switch|38:psychic|41:calm_mind|43:future_sight|46:trick;attract|calm_mind|charge_beam|confide|dazzling_gleam|double_team|dream_eater|embargo|energy_ball|facade|flash|fling|focus_blast|frustration|giga_impact|grass_knot|hidden_power|hyper_beam|light_screen|protect|psych_up|psychic|psyshock|rain_dance|reflect|rest|return|round|safeguard|secret_power|shadow_ball|sleep_talk|substitute|sunny_day|swagger|taunt|thief|thunder_wave|torment|toxic|trick_room;drain_punch|fire_punch|focus_punch|foul_play|gravity|ice_punch|iron_tail|knock_off|magic_coat|magic_room|recycle|role_play|shock_wave|signal_beam|skill_swap|snatch|snore|thunder_punch|trick|wonder_room|zen_headbutt;;humanshape;;;65;Psi;1,5;48;marrón;25;no;Sus neuronas se multiplican continuamente durante su vida. Por eso, siempre lo recuerda todo.
machop;Machop;fighting;70;80;50;35;35;35;guts;no_guard;steadfast;medium_slow;61;180;attack:1;1:leer|1:low_kick|3:focus_energy|7:karate_chop|9:foresight|13:low_sweep|15:seismic_toss|19:revenge|21:knock_off|25:vital_throw|27:wake_up_slap|31:dual_chop|33:submission|37:bulk_up|39:cross_chop|43:scary_face|45:dynamic_punch;attract|brick_break|bulk_up|bulldoze|confide|dig|double_team|earthquake|facade|fire_blast|flamethrower|fling|focus_blast|frustration|hidden_power|incinerate|light_screen|low_sweep|payback|poison_jab|power_up_punch|protect|rain_dance|rest|retaliate|return|rock_slide|rock_smash|rock_tomb|round|secret_power|sleep_talk|smack_down|strength|substitute|sunny_day|swagger|thief|toxic;dual_chop|fire_punch|focus_punch|helping_hand|ice_punch|knock_off|low_kick|role_play|snore|superpower|thunder_punch;bullet_punch|close_combat|counter|encore|fire_punch|heavy_slam|ice_punch|knock_off|meditate|power_trick|quick_guard|rolling_kick|smelling_salts|thunder_punch|tickle;humanshape;machoke@28;;66;Superpoder;0,8;19,5;gris;25;no;Levanta un Graveler para mantener sus músculos en forma. Domina todas las artes marciales.
machoke;Machoke;fighting;80;100;70;50;60;45;guts;no_guard;steadfast;medium_slow;142;90;attack:2;1:focus_energy|1:karate_chop|1:leer|1:low_kick|3:focus_energy|7:karate_chop|9:foresight|13:low_sweep|15:seismic_toss|19:revenge|21:knock_off|25:vital_throw|27:wake_up_slap|33:dual_chop|37:submission|43:bulk_up|47:cross_chop|53:scary_face|57:dynamic_punch;attract|brick_break|bulk_up|bulldoze|confide|dig|double_team|earthquake|facade|fire_blast|flamethrower|fling|focus_blast|frustration|hidden_power|incinerate|light_screen|low_sweep|payback|poison_jab|power_up_punch|protect|rain_dance|rest|retaliate|return|rock_slide|rock_smash|rock_tomb|round|secret_power|sleep_talk|smack_down|strength|substitute|sunny_day|swagger|thief|toxic;dual_chop|fire_punch|focus_punch|helping_hand|ice_punch|knock_off|low_kick|role_play|snore|superpower|thunder_punch;;humanshape;machamp@intercambio;;67;Superpoder;1,5;70,5;gris;25;no;Su musculoso cuerpo es tan fuerte que usa un cinto antifuerza para controlar sus movimientos.
machamp;Machamp;fighting;90;130;80;65;85;55;guts;no_guard;steadfast;medium_slow;227;45;attack:3;1:focus_energy|1:karate_chop|1:leer|1:low_kick|1:wide_guard|3:focus_energy|7:karate_chop|9:foresight|13:low_sweep|15:seismic_toss|19:revenge|21:knock_off|25:vital_throw|27:wake_up_slap|33:dual_chop|37:submission|43:bulk_up|47:cross_chop|53:scary_face|57:dynamic_punch;attract|brick_break|bulk_up|bulldoze|confide|dig|double_team|earthquake|facade|fire_blast|flamethrower|fling|focus_blast|frustration|giga_impact|hidden_power|hyper_beam|incinerate|light_screen|low_sweep|payback|poison_jab|power_up_punch|protect|rain_dance|rest|retaliate|return|rock_slide|rock_smash|rock_tomb|round|secret_power|sleep_talk|smack_down|stone_edge|strength|substitute|sunny_day|swagger|thief|toxic;dual_chop|fire_punch|focus_punch|helping_hand|ice_punch|knock_off|low_kick|role_play|snore|superpower|thunder_punch;;humanshape;;;68;Superpoder;1,6;130;gris;25;no;Tiene cuatro brazos tan bien desarrollados que puede dar una serie de 1000 puñetazos en cuestión de dos segundos.
bellsprout;Bellsprout;grass|poison;50;75;35;70;30;40;chlorophyll;;gluttony;medium_slow;60;255;attack:1;1:vine_whip|7:growth|11:wrap|13:sleep_powder|15:poison_powder|17:stun_spore|23:acid|27:knock_off|29:sweet_scent|35:gastro_acid|39:razor_leaf|41:slam|47:wring_out;attract|confide|cut|double_team|energy_ball|facade|flash|frustration|grass_knot|hidden_power|infestation|nature_power|protect|reflect|rest|return|round|secret_power|sleep_talk|sludge_bomb|solar_beam|substitute|sunny_day|swagger|swords_dance|thief|toxic|venoshock;bind|gastro_acid|giga_drain|knock_off|seed_bomb|snore|synthesis|worry_seed;acid_spray|belch|bullet_seed|clear_smog|encore|giga_drain|ingrain|leech_life|magical_leaf|natural_gift|power_whip|synthesis|tickle|weather_ball|worry_seed;plant;weepinbell@21;;69;Flor;0,7;4;verde;50;no;Aunque su cuerpo es extremadamente delgado, es muy rápido a la hora de capturar sus presas.
weepinbell;Weepinbell;grass|poison;65;90;50;85;45;55;chlorophyll;;gluttony;medium_slow;137;120;attack:2;1:growth|1:vine_whip|1:wrap|7:growth|11:wrap|13:sleep_powder|15:poison_powder|17:stun_spore|23:acid|27:knock_off|29:sweet_scent|35:gastro_acid|39:razor_leaf|41:slam|47:wring_out;attract|confide|cut|double_team|energy_ball|facade|flash|frustration|grass_knot|hidden_power|infestation|nature_power|protect|reflect|rest|return|round|secret_power|sleep_talk|sludge_bomb|solar_beam|substitute|sunny_day|swagger|swords_dance|thief|toxic|venoshock;bind|gastro_acid|giga_drain|knock_off|seed_bomb|snore|synthesis|worry_seed;;plant;victreebel@objeto:leaf_stone;;70;Matamoscas;1;6,4;verde;50;no;Las hojas que tiene actúan como cuchillas en combate. Otra de sus armas es el corrosivo fluido que expulsa.
victreebel;Victreebel;grass|poison;80;105;65;100;70;70;chlorophyll;;gluttony;medium_slow;221;45;attack:3;1:razor_leaf|1:sleep_powder|1:spit_up|1:stockpile|1:swallow|1:sweet_scent|1:vine_whip|27:leaf_tornado|47:leaf_blade|47:leaf_storm;attract|confide|cut|double_team|energy_ball|facade|flash|frustration|giga_impact|grass_knot|hidden_power|hyper_beam|infestation|nature_power|protect|reflect|rest|return|round|secret_power|sleep_talk|sludge_bomb|solar_beam|substitute|sunny_day|swagger|swords_dance|thief|toxic|venoshock;bind|gastro_acid|giga_drain|knock_off|seed_bomb|snore|synthesis|worry_seed;;plant;;;71;Matamoscas;1,7;15,5;verde;50;no;Dicen que vive en grandes colonias en el interior de las junglas, aunque nadie ha podido verificarlo.
tentacool;Tentacool;water|poison;40;40;35;50;100;70;clear_body;liquid_ooze;rain_dish;slow;67;190;sp_defense:1;1:poison_sting|4:supersonic|7:constrict|10:acid|13:toxic_spikes|16:water_pulse|19:wrap|22:acid_spray|25:bubble_beam|28:barrier|31:poison_jab|34:brine|37:screech|40:hex|43:sludge_wave|46:hydro_pump|49:wring_out;attract|blizzard|confide|cut|dazzling_gleam|dive|double_team|facade|frustration|hail|hidden_power|ice_beam|infestation|payback|poison_jab|protect|rain_dance|rest|return|round|safeguard|scald|secret_power|sleep_talk|sludge_bomb|sludge_wave|substitute|surf|swagger|swords_dance|thief|toxic|venoshock|waterfall;bind|giga_drain|icy_wind|knock_off|magic_coat|snore|water_pulse;acupressure|aqua_ring|aurora_beam|bubble|confuse_ray|haze|knock_off|mirror_coat|muddy_water|rapid_spin|tickle;water3;tentacruel@30;;72;Medusa;0,9;45,5;azul;50;no;Su cuerpo se compone casi en exclusiva de agua. Lanza extraños rayos con sus ojos cristalinos.
tentacruel;Tentacruel;water|poison;80;70;65;80;120;100;clear_body;liquid_ooze;rain_dish;slow;180;60;sp_defense:2;1:acid|1:constrict|1:poison_sting|1:reflect_type|1:supersonic|1:wring_out|4:supersonic|7:constrict|10:acid|13:toxic_spikes|16:water_pulse|19:wrap|22:acid_spray|25:bubble_beam|28:barrier|32:poison_jab|36:brine|40:screech|44:hex|48:sludge_wave|52:hydro_pump|56:wring_out;attract|blizzard|confide|cut|dazzling_gleam|dive|double_team|facade|frustration|giga_impact|hail|hidden_power|hyper_beam|ice_beam|infestation|payback|poison_jab|protect|rain_dance|rest|return|round|safeguard|scald|secret_power|sleep_talk|sludge_bomb|sludge_wave|substitute|surf|swagger|swords_dance|thief|toxic|venoshock|waterfall;bind|giga_drain|icy_wind|knock_off|magic_coat|snore|water_pulse;;water3;;;73;Medusa;1,6;55;azul;50;no;Cuando caza, extiende los cortos tentáculos que tiene para atrapar e inmovilizar a su presa.
geodude;Geodude;rock|ground;40;80;100;30;30;20;rock_head;sturdy;sand_veil;medium_slow;60;255;defense:1;1:defense_curl|1:tackle|4:mud_sport|6:rock_polish|10:rollout|12:magnitude|16:rock_throw|18:smack_down|22:bulldoze|24:self_destruct|28:stealth_rock|30:rock_blast|34:earthquake|36:explosion|40:double_edge|42:stone_edge;attract|brick_break|bulldoze|confide|dig|double_team|earthquake|explosion|facade|fire_blast|flamethrower|fling|frustration|gyro_ball|hidden_power|incinerate|nature_power|power_up_punch|protect|rest|return|rock_polish|rock_slide|rock_smash|rock_tomb|round|sandstorm|secret_power|sleep_talk|smack_down|stone_edge|strength|substitute|sunny_day|swagger|toxic;block|earth_power|fire_punch|focus_punch|iron_defense|snore|stealth_rock|superpower|thunder_punch;autotomize|block|curse|endure|flail|focus_punch|hammer_arm|mega_punch|rock_climb|wide_guard;mineral;graveler@25;;74;Roca;0,4;20;marrón;50;no;Aparecen en llanos y montañas. Como parecen rocas, la gente se tropieza con ellos o los pisa.
graveler;Graveler;rock|ground;55;95;115;45;45;35;rock_head;sturdy;sand_veil;medium_slow;137;120;defense:2;1:defense_curl|1:mud_sport|1:rock_polish|1:tackle|4:mud_sport|6:rock_polish|10:rollout|12:magnitude|16:rock_throw|18:smack_down|22:bulldoze|24:self_destruct|30:stealth_rock|34:rock_blast|40:earthquake|44:explosion|50:double_edge|54:stone_edge;attract|brick_break|bulldoze|confide|dig|double_team|earthquake|explosion|facade|fire_blast|flamethrower|fling|frustration|gyro_ball|hidden_power|incinerate|nature_power|power_up_punch|protect|rest|return|rock_polish|rock_slide|rock_smash|rock_tomb|round|sandstorm|secret_power|sleep_talk|smack_down|stone_edge|strength|substitute|sunny_day|swagger|toxic;block|earth_power|fire_punch|focus_punch|iron_defense|snore|stealth_rock|superpower|thunder_punch;;mineral;golem@intercambio;;75;Roca;1;105;marrón;50;no;De naturaleza descuidada y libre, no le importa dañarse cuando baja rodando montañas.
golem;Golem;rock|ground;80;120;130;55;65;45;rock_head;sturdy;sand_veil;medium_slow;223;45;defense:3;1:defense_curl|1:heavy_slam|1:mud_sport|1:rock_polish|1:tackle|4:mud_sport|6:rock_polish|10:steamroller|12:magnitude|16:rock_throw|18:smack_down|22:bulldoze|24:self_destruct|30:stealth_rock|34:rock_blast|40:earthquake|44:explosion|50:double_edge|54:stone_edge|60:heavy_slam;attract|brick_break|bulldoze|confide|dig|double_team|earthquake|explosion|facade|fire_blast|flamethrower|fling|focus_blast|frustration|giga_impact|gyro_ball|hidden_power|hyper_beam|incinerate|nature_power|power_up_punch|protect|rest|return|roar|rock_polish|rock_slide|rock_smash|rock_tomb|round|sandstorm|secret_power|sleep_talk|smack_down|stone_edge|strength|substitute|sunny_day|swagger|toxic;block|earth_power|fire_punch|focus_punch|iron_defense|iron_head|snore|stealth_rock|superpower|thunder_punch;;mineral;;;76;Megatón;1,4;300;marrón;50;no;Se lanza montaña abajo y deja un surco desde la cima hasta el pie. Es mejor mantenerse alejado.
ponyta;Ponyta;fire;50;85;55;65;65;90;run_away;flash_fire;flame_body;medium_fast;82;190;speed:1;1:growl|1:tackle|4:tail_whip|9:ember|13:flame_wheel|17:stomp|21:flame_charge|25:fire_spin|29:take_down|33:inferno|37:agility|41:fire_blast|45:bounce|49:flare_blitz;attract|confide|double_team|echoed_voice|facade|fire_blast|flame_charge|flamethrower|frustration|hidden_power|incinerate|overheat|protect|rest|return|round|secret_power|sleep_talk|solar_beam|strength|substitute|sunny_day|swagger|toxic|wild_charge|will_o_wisp;bounce|heat_wave|iron_tail|low_kick|snore;ally_switch|captivate|charm|double_edge|double_kick|flame_wheel|horn_drill|hypnosis|low_kick|morning_sun|thrash;ground;rapidash@40;;77;Caballo Fuego;1;30;amarillo;50;no;Cuando nace, apenas puede tenerse en pie. Pero va fortaleciendo las patas en cuanto empieza a galopar.
rapidash;Rapidash;fire;65;100;70;80;80;105;run_away;flash_fire;flame_body;medium_fast;175;60;speed:2;1:ember|1:growl|1:megahorn|1:poison_jab|1:quick_attack|1:tail_whip|4:tail_whip|9:ember|13:flame_wheel|17:stomp|21:flame_charge|25:fire_spin|29:take_down|33:inferno|37:agility|40:fury_attack|41:fire_blast|45:bounce|49:flare_blitz;attract|confide|double_team|echoed_voice|facade|fire_blast|flame_charge|flamethrower|frustration|giga_impact|hidden_power|hyper_beam|incinerate|overheat|poison_jab|protect|rest|return|round|secret_power|sleep_talk|solar_beam|strength|substitute|sunny_day|swagger|toxic|wild_charge|will_o_wisp;bounce|drill_run|heat_wave|iron_tail|low_kick|snore;;ground;;;78;Caballo Fuego;1,7;95;amarillo;50;no;Muy competitivo, este Pokémon perseguirá a todo lo que se mueva rápido e intentará salir airoso.
slowpoke;Slowpoke;water|psychic;90;65;65;40;40;15;oblivious;own_tempo;regenerator;medium_fast;63;190;hp:1;1:curse|1:tackle|1:yawn|5:growl|9:water_gun|14:confusion|19:disable|23:headbutt|28:water_pulse|32:zen_headbutt|36:slack_off|41:amnesia|45:psychic|49:rain_dance|54:psych_up|58:heal_pulse;attract|blizzard|bulldoze|calm_mind|confide|dig|dive|double_team|dream_eater|earthquake|echoed_voice|facade|fire_blast|flamethrower|flash|frustration|grass_knot|hail|hidden_power|ice_beam|incinerate|light_screen|protect|psych_up|psychic|psyshock|rain_dance|rest|return|round|safeguard|scald|secret_power|shadow_ball|sleep_talk|strength|substitute|sunny_day|surf|swagger|thunder_wave|toxic|trick_room;after_you|aqua_tail|block|icy_wind|iron_tail|magic_coat|recycle|signal_beam|skill_swap|snore|trick|water_pulse|wonder_room|zen_headbutt;belch|belly_drum|block|future_sight|me_first|mud_sport|sleep_talk|snore|stomp|wonder_room|zen_headbutt;monster|water1;slowbro@37 | slowking@intercambio:kings_rock;;79;Atontado;1,2;36;rosa;50;no;Está siempre en su mundo, pero nadie sabe en qué piensa. Suele pescar con la cola.
slowbro;Slowbro;water|psychic;95;75;110;100;80;30;oblivious;own_tempo;regenerator;medium_fast;172;75;defense:2;1:curse|1:growl|1:heal_pulse|1:tackle|1:yawn|5:growl|9:water_gun|14:confusion|19:disable|23:headbutt|28:water_pulse|32:zen_headbutt|36:slack_off|37:withdraw|43:amnesia|49:psychic|55:rain_dance|62:psych_up|68:heal_pulse;aerial_ace|attract|blizzard|brick_break|bulldoze|calm_mind|confide|dig|dive|double_team|dream_eater|earthquake|echoed_voice|facade|fire_blast|flamethrower|flash|fling|focus_blast|frustration|giga_impact|grass_knot|hail|hidden_power|hyper_beam|ice_beam|incinerate|light_screen|protect|psych_up|psychic|psyshock|rain_dance|rest|return|rock_smash|round|safeguard|scald|secret_power|shadow_ball|sleep_talk|strength|substitute|sunny_day|surf|swagger|thunder_wave|toxic|trick_room;after_you|aqua_tail|block|drain_punch|focus_punch|foul_play|ice_punch|icy_wind|iron_defense|iron_tail|magic_coat|recycle|signal_beam|skill_swap|snore|trick|water_pulse|wonder_room|zen_headbutt;;monster|water1;;;80;Ermitaño;1,6;78,5;rosa;50;no;Tiene una cola tan apetecible, que el Shellder que va enganchado a ella no se soltará por nada del mundo.
magnemite;Magnemite;electric|steel;25;35;70;95;55;45;magnet_pull;sturdy;analytic;medium_fast;65;190;sp_attack:1;1:tackle|5:supersonic|7:thunder_shock|11:sonic_boom|13:thunder_wave|17:magnet_bomb|19:spark|23:mirror_shot|25:metal_sound|29:electro_ball|31:flash_cannon|35:screech|37:discharge|41:lock_on|43:magnet_rise|47:gyro_ball|49:zap_cannon;charge_beam|confide|double_team|explosion|facade|flash|flash_cannon|frustration|gyro_ball|hidden_power|light_screen|protect|psych_up|rain_dance|reflect|rest|return|round|secret_power|sleep_talk|substitute|sunny_day|swagger|thunder|thunder_wave|thunderbolt|toxic|volt_switch|wild_charge;electroweb|gravity|iron_defense|magic_coat|magnet_rise|recycle|shock_wave|signal_beam|snore;;mineral;magneton@30;;81;Imán;0,3;6;gris;sin_genero;no;Las unidades a los lados de su cuerpo generan energía antigravitatoria para mantenerlo en el aire.
magneton;Magneton;electric|steel;50;60;95;120;70;70;magnet_pull;sturdy;analytic;medium_fast;163;60;sp_attack:2;1:electric_terrain|1:sonic_boom|1:supersonic|1:tackle|1:thunder_shock|1:zap_cannon|5:supersonic|7:thunder_shock|11:sonic_boom|13:thunder_wave|17:magnet_bomb|19:spark|23:mirror_shot|25:metal_sound|29:electro_ball|30:tri_attack|33:flash_cannon|39:screech|43:discharge|49:lock_on|53:magnet_rise|59:gyro_ball|63:zap_cannon;charge_beam|confide|double_team|explosion|facade|flash|flash_cannon|frustration|giga_impact|gyro_ball|hidden_power|hyper_beam|light_screen|protect|psych_up|rain_dance|reflect|rest|return|round|secret_power|sleep_talk|substitute|sunny_day|swagger|thunder|thunder_wave|thunderbolt|toxic|volt_switch|wild_charge;electroweb|gravity|iron_defense|magic_coat|magnet_rise|recycle|shock_wave|signal_beam|snore;;mineral;magnezone@subir+lugar:mt_coronet;;82;Imán;1;60;gris;sin_genero;no;Lo constituye un grupo de Magnemite. Descarga potentes ondas magnéticas de alto voltaje.
farfetchd;Farfetch’d;normal|flying;52;65;55;58;62;60;keen_eye;inner_focus;defiant;medium_fast;132;45;attack:1;1:brave_bird|1:fury_cutter|1:leer|1:peck|1:poison_jab|1:sand_attack|7:fury_attack|9:aerial_ace|13:knock_off|19:slash|21:air_cutter|25:swords_dance|31:agility|33:night_slash|37:acrobatics|43:feint|45:false_swipe|49:air_slash|55:brave_bird;acrobatics|aerial_ace|attract|confide|cut|double_team|facade|false_swipe|fly|frustration|hidden_power|poison_jab|protect|psych_up|rest|retaliate|return|roost|round|secret_power|sleep_talk|steel_wing|substitute|sunny_day|swagger|swords_dance|thief|toxic|u_turn;covet|heat_wave|helping_hand|iron_tail|knock_off|last_resort|sky_attack|snore|tailwind|uproar;covet|curse|feather_dance|flail|foresight|gust|leaf_blade|mirror_move|mud_slap|night_slash|quick_attack|revenge|roost|simple_beam|steel_wing|trump_card;flying|ground;;;83;Pato Salvaje;0,8;15;marrón;50;no;El puerro que lleva es su mejor arma. Suele usarlo como espada para cortar cosas.
doduo;Doduo;normal|flying;35;85;45;35;35;75;run_away;early_bird;tangled_feet;medium_fast;62;190;attack:1;1:growl|1:peck|5:quick_attack|9:rage|13:fury_attack|17:pursuit|21:pluck|25:double_hit|29:acupressure|33:agility|37:drill_peck|41:uproar|45:endeavor|49:thrash;aerial_ace|attract|confide|double_team|echoed_voice|facade|fly|frustration|hidden_power|protect|rest|return|roost|round|secret_power|sleep_talk|steel_wing|substitute|sunny_day|swagger|thief|toxic;endeavor|knock_off|snore|uproar;assurance|brave_bird|endeavor|feint_attack|flail|haze|mirror_move|natural_gift|quick_attack|supersonic;flying;dodrio@31;;84;Ave Gemela;1,4;39,2;marrón;50;no;Este Pokémon de dos cabezas es el resultado de una mutación. Cuando corre, puede alcanzar casi 100 km por hora.
dodrio;Dodrio;normal|flying;60;110;70;60;60;100;run_away;early_bird;tangled_feet;medium_fast;165;45;attack:2;1:growl|1:peck|1:quick_attack|1:rage|5:quick_attack|9:rage|13:fury_attack|17:pursuit|21:pluck|25:tri_attack|29:acupressure|35:agility|41:drill_peck|47:uproar|53:endeavor|59:thrash;aerial_ace|attract|confide|double_team|echoed_voice|facade|fly|frustration|giga_impact|hidden_power|hyper_beam|payback|protect|rest|return|roost|round|secret_power|sleep_talk|steel_wing|substitute|sunny_day|swagger|taunt|thief|torment|toxic;endeavor|knock_off|sky_attack|snore|uproar;;flying;;;85;Ave Triple;1,8;85,2;marrón;50;no;Más vale no perder de vista ninguna de las tres cabezas. De lo contrario, el número de picotazos será enorme.
seel;Seel;water;65;45;55;45;70;45;thick_fat;hydration;ice_body;medium_fast;65;190;sp_defense:1;1:headbutt|3:growl|7:water_sport|11:icy_wind|13:encore|17:ice_shard|21:rest|23:aqua_ring|27:aurora_beam|31:aqua_jet|33:brine|37:take_down|41:dive|43:aqua_tail|47:ice_beam|51:safeguard|53:hail;attract|blizzard|confide|dive|double_team|echoed_voice|facade|fling|frustration|hail|hidden_power|ice_beam|protect|rain_dance|rest|return|round|safeguard|secret_power|sleep_talk|substitute|surf|swagger|thief|toxic|waterfall;aqua_tail|drill_run|icy_wind|iron_tail|signal_beam|snore|water_pulse;belch|disable|encore|entrainment|fake_out|horn_drill|icicle_spear|iron_tail|lick|perish_song|signal_beam|slam|sleep_talk|spit_up|stockpile|swallow|water_pulse;water1|ground;dewgong@34;;86;León Marino;1,1;90;blanco;50;no;Este Pokémon vive en icebergs. Nada en el mar y usa el cuerno de su cabeza para romper el hielo.
dewgong;Dewgong;water|ice;90;70;80;70;95;70;thick_fat;hydration;ice_body;medium_fast;166;75;sp_defense:2;1:growl|1:headbutt|1:icy_wind|1:signal_beam|3:growl|7:signal_beam|11:icy_wind|13:encore|17:ice_shard|21:rest|23:aqua_ring|27:aurora_beam|31:aqua_jet|33:brine|34:sheer_cold|39:take_down|45:dive|49:aqua_tail|55:ice_beam|61:safeguard|65:hail;attract|blizzard|confide|dive|double_team|echoed_voice|facade|fling|frost_breath|frustration|giga_impact|hail|hidden_power|hyper_beam|ice_beam|protect|rain_dance|rest|return|round|safeguard|secret_power|sleep_talk|substitute|surf|swagger|thief|toxic|waterfall;aqua_tail|drill_run|icy_wind|iron_tail|signal_beam|snore|water_pulse;;water1|ground;;;87;León Marino;1,7;120;blanco;50;no;Está recubierto de un luminoso pelaje blanco. Este Pokémon aumenta su actividad cuando bajan las temperaturas.
grimer;Grimer;poison;80;80;50;40;50;25;stench;sticky_hold;poison_touch;medium_fast;65;190;hp:1;1:poison_gas|1:pound|4:harden|7:mud_slap|12:disable|15:sludge|18:mud_bomb|21:minimize|26:fling|29:sludge_bomb|32:sludge_wave|37:screech|40:gunk_shot|43:acid_armor|46:belch|48:memento;attract|confide|dig|double_team|explosion|facade|fire_blast|flamethrower|fling|frustration|hidden_power|incinerate|infestation|payback|poison_jab|power_up_punch|protect|rain_dance|rest|return|rock_slide|rock_tomb|round|secret_power|shadow_ball|sleep_talk|sludge_bomb|sludge_wave|strength|substitute|sunny_day|swagger|taunt|thief|thunder|thunderbolt|torment|toxic|venoshock;fire_punch|giga_drain|gunk_shot|ice_punch|pain_split|shock_wave|snore|thunder_punch;acid_spray|curse|haze|imprison|lick|mean_look|scary_face|shadow_punch|shadow_sneak|spit_up|stockpile|swallow;indeterminate;muk@38;;88;Lodo;0,9;30;morado;50;no;Nace de lodo alterado al filtrarse en el agua los rayos X reflejados por la Luna. Se alimenta de sustancias desagradables.
muk;Muk;poison;105;105;75;65;100;50;stench;sticky_hold;poison_touch;medium_fast;175;75;hp:1|attack:1;1:harden|1:mud_slap|1:poison_gas|1:pound|4:harden|7:mud_slap|12:disable|15:sludge|18:mud_bomb|21:minimize|26:fling|29:sludge_bomb|32:sludge_wave|37:screech|38:venom_drench|40:gunk_shot|46:acid_armor|52:belch|57:memento;attract|brick_break|confide|dark_pulse|dig|double_team|explosion|facade|fire_blast|flamethrower|fling|focus_blast|frustration|giga_impact|hidden_power|hyper_beam|incinerate|infestation|payback|poison_jab|power_up_punch|protect|rain_dance|rest|return|rock_slide|rock_smash|rock_tomb|round|secret_power|shadow_ball|sleep_talk|sludge_bomb|sludge_wave|strength|substitute|sunny_day|swagger|taunt|thief|thunder|thunderbolt|torment|toxic|venoshock;block|fire_punch|focus_punch|giga_drain|gunk_shot|ice_punch|pain_split|shock_wave|snore|thunder_punch;;indeterminate;;;89;Lodo;1,2;30;morado;50;no;Les encanta reunirse en zonas apestosas donde se acumula el lodo, haciendo su olor más insoportable.
shellder;Shellder;water;30;65;100;45;25;40;shell_armor;skill_link;overcoat;slow;61;190;defense:1;1:tackle|4:withdraw|8:supersonic|13:icicle_spear|16:protect|20:leer|25:clamp|28:ice_shard|32:razor_shell|37:aurora_beam|40:whirlpool|44:brine|49:iron_defense|52:ice_beam|56:shell_smash|61:hydro_pump;attract|blizzard|confide|dive|double_team|explosion|facade|frustration|hail|hidden_power|ice_beam|payback|protect|rain_dance|rest|return|round|secret_power|sleep_talk|substitute|surf|swagger|toxic;icy_wind|iron_defense|snore|water_pulse;aqua_ring|avalanche|barrier|bubble_beam|icicle_spear|mud_shot|rapid_spin|rock_blast|screech|take_down|twineedle|water_pulse;water3;cloyster@objeto:water_stone;;90;Bivalvo;0,3;4;morado;50;no;La concha lo protege de cualquier tipo de ataque. Solo es vulnerable cuando se abre.
cloyster;Cloyster;water|ice;50;95;180;85;45;70;shell_armor;skill_link;overcoat;slow;184;60;defense:2;1:aurora_beam|1:hydro_pump|1:protect|1:shell_smash|1:supersonic|1:toxic_spikes|1:withdraw|13:spike_cannon|28:spikes|50:icicle_crash;attract|blizzard|confide|dive|double_team|explosion|facade|frost_breath|frustration|giga_impact|hail|hidden_power|hyper_beam|ice_beam|payback|poison_jab|protect|rain_dance|rest|return|round|secret_power|sleep_talk|substitute|surf|swagger|torment|toxic;icy_wind|iron_defense|signal_beam|snore|water_pulse;;water3;;;91;Bivalvo;1,5;132,5;morado;50;no;A los Cloyster que viven en las fuertes corrientes marinas les crecen largas y afiladas púas en la concha.
gastly;Gastly;ghost|poison;30;35;30;100;35;80;levitate;;;medium_slow;62;190;sp_attack:1;1:hypnosis|1:lick|5:spite|8:mean_look|12:curse|15:night_shade|19:confuse_ray|22:sucker_punch|26:payback|29:shadow_ball|33:dream_eater|36:dark_pulse|40:destiny_bond|43:hex|47:nightmare;attract|confide|dark_pulse|dazzling_gleam|double_team|dream_eater|embargo|energy_ball|explosion|facade|frustration|hidden_power|infestation|payback|protect|psych_up|psychic|rain_dance|rest|return|round|secret_power|shadow_ball|sleep_talk|sludge_bomb|substitute|sunny_day|swagger|taunt|thief|thunderbolt|torment|toxic|trick_room|venoshock|will_o_wisp;fire_punch|foul_play|giga_drain|ice_punch|icy_wind|knock_off|pain_split|skill_swap|snatch|snore|spite|thunder_punch|trick|uproar|wonder_room;astonish|clear_smog|disable|fire_punch|grudge|haze|ice_punch|perish_song|psywave|reflect_type|scary_face|smog|thunder_punch;indeterminate;haunter@25;;92;Gas;1,3;0,1;morado;50;no;Su etéreo cuerpo está hecho de gas. Puede envolver a un oponente de cualquier tamaño hasta ahogarlo.
haunter;Haunter;ghost|poison;45;50;45;115;55;95;levitate;;;medium_slow;142;90;sp_attack:2;1:hypnosis|1:lick|1:spite|5:spite|8:mean_look|12:curse|15:night_shade|19:confuse_ray|22:sucker_punch|25:shadow_punch|28:payback|33:shadow_ball|39:dream_eater|44:dark_pulse|50:destiny_bond|55:hex|61:nightmare;attract|confide|dark_pulse|dazzling_gleam|double_team|dream_eater|embargo|energy_ball|explosion|facade|fling|frustration|hidden_power|infestation|payback|poison_jab|protect|psych_up|psychic|rain_dance|rest|return|round|secret_power|shadow_ball|shadow_claw|sleep_talk|sludge_bomb|substitute|sunny_day|swagger|taunt|thief|thunderbolt|torment|toxic|trick_room|venoshock|will_o_wisp;fire_punch|foul_play|giga_drain|ice_punch|icy_wind|knock_off|pain_split|skill_swap|snatch|snore|spite|thunder_punch|trick|uproar|wonder_room;;indeterminate;gengar@intercambio;;93;Gas;1,6;0,1;morado;50;no;Cuando tienes la sensación de que te están observando, seguro que es porque Haunter está cerca.
gengar;Gengar;ghost|poison;60;65;60;130;75;110;levitate;;;medium_slow;225;45;sp_attack:3;1:hypnosis|1:lick|1:spite|5:spite|8:mean_look|12:curse|15:night_shade|19:confuse_ray|22:sucker_punch|25:shadow_punch|28:payback|33:shadow_ball|39:dream_eater|44:dark_pulse|50:destiny_bond|55:hex|61:nightmare;attract|brick_break|confide|dark_pulse|dazzling_gleam|double_team|dream_eater|embargo|energy_ball|explosion|facade|fling|focus_blast|frustration|giga_impact|hidden_power|hyper_beam|infestation|payback|poison_jab|power_up_punch|protect|psych_up|psychic|rain_dance|rest|return|rock_smash|round|secret_power|shadow_ball|shadow_claw|sleep_talk|sludge_bomb|strength|substitute|sunny_day|swagger|taunt|thief|thunder|thunderbolt|torment|toxic|trick_room|venoshock|will_o_wisp;drain_punch|fire_punch|focus_punch|foul_play|giga_drain|ice_punch|icy_wind|knock_off|pain_split|role_play|skill_swap|snatch|snore|spite|thunder_punch|trick|uproar|wonder_room;;indeterminate;;;94;Sombra;1,5;40,5;morado;50;no;Se esconde entre las sombras. Se dice que donde Gengar acecha, la temperatura baja 5 °C.
onix;Onix;rock|ground;35;45;160;30;45;70;rock_head;sturdy;weak_armor;medium_fast;77;45;defense:1;1:bind|1:harden|1:mud_sport|1:tackle|4:curse|7:rock_throw|10:rock_tomb|13:rage|16:stealth_rock|19:rock_polish|20:gyro_ball|22:smack_down|25:dragon_breath|28:slam|31:screech|34:rock_slide|37:sand_tomb|40:iron_tail|43:dig|46:stone_edge|49:double_edge|52:sandstorm;attract|bulldoze|confide|dig|double_team|dragon_tail|earthquake|explosion|facade|flash_cannon|frustration|gyro_ball|hidden_power|nature_power|payback|protect|psych_up|rest|return|roar|rock_polish|rock_slide|rock_smash|rock_tomb|round|sandstorm|secret_power|sleep_talk|smack_down|stone_edge|strength|substitute|sunny_day|swagger|taunt|torment|toxic;bind|block|dragon_pulse|earth_power|iron_head|iron_tail|snore|stealth_rock;block|defense_curl|flail|heavy_slam|rock_blast|rock_climb|rollout|rototiller|stealth_rock;mineral;steelix@intercambio:metal_coat;;95;Serpiente Roca;8,8;210;gris;50;no;Cava a gran velocidad en busca de comida. Los túneles que deja son usados por los Diglett.
drowzee;Drowzee;psychic;60;48;45;43;90;42;insomnia;forewarn;inner_focus;medium_fast;66;190;sp_defense:1;1:hypnosis|1:pound|5:disable|9:confusion|13:headbutt|17:poison_gas|21:meditate|25:psybeam|29:headbutt|33:psych_up|37:synchronoise|41:zen_headbutt|45:swagger|49:psychic|53:nasty_plot|57:psyshock|61:future_sight;attract|brick_break|calm_mind|confide|dazzling_gleam|double_team|dream_eater|facade|flash|fling|frustration|grass_knot|hidden_power|light_screen|low_sweep|power_up_punch|protect|psych_up|psychic|psyshock|rain_dance|reflect|rest|return|round|safeguard|secret_power|shadow_ball|sleep_talk|substitute|sunny_day|swagger|taunt|thief|thunder_wave|torment|toxic|trick_room;drain_punch|fire_punch|focus_punch|foul_play|ice_punch|low_kick|magic_coat|magic_room|recycle|role_play|signal_beam|skill_swap|snatch|snore|thunder_punch|trick|zen_headbutt;assist|barrier|fire_punch|flatter|guard_swap|ice_punch|nasty_plot|psycho_cut|role_play|secret_power|skill_swap|thunder_punch;humanshape;hypno@26;;96;Hipnosis;1;32,4;amarillo;50;no;Adormece a sus enemigos y se come sus sueños. A veces se pone enfermo si come pesadillas.
hypno;Hypno;psychic;85;73;70;73;115;67;insomnia;forewarn;inner_focus;medium_fast;169;75;sp_defense:2;1:confusion|1:disable|1:future_sight|1:hypnosis|1:nasty_plot|1:nightmare|1:pound|1:switcheroo|5:disable|9:confusion|13:headbutt|17:poison_gas|21:meditate|25:psybeam|29:headbutt|33:psych_up|37:synchronoise|41:zen_headbutt|45:swagger|49:psychic|53:nasty_plot|57:psyshock|61:future_sight;attract|brick_break|calm_mind|confide|dazzling_gleam|double_team|dream_eater|facade|flash|fling|focus_blast|frustration|giga_impact|grass_knot|hidden_power|hyper_beam|light_screen|low_sweep|power_up_punch|protect|psych_up|psychic|psyshock|rain_dance|reflect|rest|return|round|safeguard|secret_power|shadow_ball|sleep_talk|substitute|sunny_day|swagger|taunt|thief|thunder_wave|torment|toxic|trick_room;drain_punch|fire_punch|focus_punch|foul_play|ice_punch|low_kick|magic_coat|magic_room|recycle|role_play|signal_beam|skill_swap|snatch|snore|thunder_punch|trick|zen_headbutt;;humanshape;;;97;Hipnosis;1,6;75,6;amarillo;50;no;Lleva un péndulo en la mano. Una vez, hizo desaparecer a un niño al que había hipnotizado.
krabby;Krabby;water;30;105;90;25;25;50;hyper_cutter;shell_armor;sheer_force;medium_fast;65;225;attack:1;1:bubble|1:mud_sport|5:vice_grip|9:leer|11:harden|15:bubble_beam|19:mud_shot|21:metal_claw|25:stomp|29:protect|31:guillotine|35:slam|39:brine|41:crabhammer|45:flail;attract|blizzard|brick_break|confide|cut|dig|dive|double_team|facade|false_swipe|fling|frustration|hail|hidden_power|hone_claws|ice_beam|protect|rain_dance|rest|return|rock_slide|rock_smash|rock_tomb|round|scald|secret_power|sleep_talk|strength|substitute|surf|swagger|swords_dance|thief|toxic|x_scissor;icy_wind|iron_defense|knock_off|snore|superpower|water_pulse;agility|ally_switch|amnesia|ancient_power|bide|chip_away|endure|flail|haze|knock_off|slam|tickle;water3;kingler@28;;98;Cangrejo;0,4;6,5;rojo;50;no;Ante el peligro, se camufla con las burbujas que desprende su boca, para parecer más grande.
kingler;Kingler;water;55;130;115;50;50;75;hyper_cutter;shell_armor;sheer_force;medium_fast;166;60;attack:2;1:bubble|1:leer|1:mud_sport|1:vice_grip|1:wide_guard|5:vice_grip|9:leer|11:harden|15:bubble_beam|19:mud_shot|21:metal_claw|25:stomp|32:protect|37:guillotine|44:slam|51:brine|56:crabhammer|63:flail;attract|blizzard|brick_break|confide|cut|dig|dive|double_team|facade|false_swipe|fling|frustration|giga_impact|hail|hidden_power|hone_claws|hyper_beam|ice_beam|protect|quash|rain_dance|rest|return|rock_slide|rock_smash|rock_tomb|round|scald|secret_power|sleep_talk|strength|substitute|surf|swagger|swords_dance|thief|toxic|x_scissor;icy_wind|iron_defense|knock_off|snore|superpower|water_pulse;;water3;;;99;Tenaza;1,3;60;rojo;50;no;La pinza tan grande que tiene posee una fuerza de 10 000 caballos de potencia. Pero, por su gran tamaño, cuesta moverla.
voltorb;Voltorb;electric;40;30;50;55;55;100;soundproof;static;aftermath;medium_fast;66;190;speed:1;1:charge|1:tackle|4:sonic_boom|6:eerie_impulse|9:spark|11:rollout|13:screech|16:charge_beam|20:swift|22:electro_ball|26:self_destruct|29:light_screen|34:magnet_rise|37:discharge|41:explosion|46:gyro_ball|48:mirror_coat;charge_beam|confide|double_team|explosion|facade|flash|frustration|gyro_ball|hidden_power|light_screen|protect|rain_dance|rest|return|round|secret_power|sleep_talk|substitute|swagger|taunt|thief|thunder|thunder_wave|thunderbolt|torment|toxic|volt_switch|wild_charge;foul_play|magic_coat|magnet_rise|shock_wave|signal_beam|snore;;mineral;electrode@30;;100;Bola;0,5;10,4;rojo;sin_genero;no;Fue descubierto cuando se crearon las Poké Balls. Se dice que tiene algo que ver con ellas.
electrode;Electrode;electric;60;50;70;80;80;140;soundproof;static;aftermath;medium_fast;172;60;speed:2;1:charge|1:magnetic_flux|1:sonic_boom|1:spark|1:tackle|4:sonic_boom|6:eerie_impulse|9:spark|11:rollout|13:screech|16:charge_beam|20:swift|22:electro_ball|26:self_destruct|29:light_screen|36:magnet_rise|41:discharge|47:explosion|54:gyro_ball|58:mirror_coat;charge_beam|confide|double_team|explosion|facade|flash|frustration|giga_impact|gyro_ball|hidden_power|hyper_beam|light_screen|protect|rain_dance|rest|return|round|secret_power|sleep_talk|substitute|swagger|taunt|thief|thunder|thunder_wave|thunderbolt|torment|toxic|volt_switch|wild_charge;foul_play|magic_coat|magnet_rise|shock_wave|signal_beam|snore;;mineral;;;101;Bola;1,2;66,6;rojo;sin_genero;no;Explotan a la mínima. Por eso se les tiene mucho miedo. Estos Pokémon reciben el mote de Bomba Ball.
exeggcute;Exeggcute;grass|psychic;60;40;80;60;45;40;chlorophyll;;harvest;slow;65;90;defense:1;1:barrage|1:hypnosis|1:uproar|7:reflect|11:leech_seed|17:bullet_seed|19:stun_spore|21:poison_powder|23:sleep_powder|27:confusion|33:worry_seed|37:natural_gift|43:solar_beam|47:extrasensory|50:bestow;attract|confide|double_team|dream_eater|energy_ball|explosion|facade|flash|frustration|grass_knot|hidden_power|infestation|light_screen|nature_power|protect|psych_up|psychic|reflect|rest|return|round|secret_power|sleep_talk|sludge_bomb|solar_beam|strength|substitute|sunny_day|swagger|swords_dance|thief|toxic|trick_room;block|giga_drain|gravity|seed_bomb|skill_swap|snore|synthesis|uproar|worry_seed;ancient_power|block|curse|giga_drain|grassy_terrain|ingrain|leaf_storm|lucky_chant|moonlight|natural_gift|nature_power|power_swap|skill_swap|synthesis;plant;exeggutor@objeto:leaf_stone;;102;Huevo;0,4;2,5;rosa;50;no;Estos seis huevos se comunican por telepatía. Si se separan, se pueden reunir rápidamente.
exeggutor;Exeggutor;grass|psychic;95;95;85;125;65;55;chlorophyll;;harvest;slow;186;45;sp_attack:2;1:barrage|1:confusion|1:hypnosis|1:seed_bomb|1:stomp|17:psyshock|27:egg_bomb|37:wood_hammer|47:leaf_storm;attract|confide|double_team|dream_eater|energy_ball|explosion|facade|flash|frustration|giga_impact|grass_knot|hidden_power|hyper_beam|infestation|light_screen|nature_power|protect|psych_up|psychic|psyshock|reflect|rest|return|round|secret_power|sleep_talk|sludge_bomb|solar_beam|strength|substitute|sunny_day|swagger|swords_dance|thief|toxic|trick_room;block|giga_drain|gravity|low_kick|seed_bomb|skill_swap|snore|synthesis|worry_seed|zen_headbutt;;plant;;;103;Coco;2;120;amarillo;50;no;Sus tres cabezas piensan de forma independiente. Sin embargo, son amigas y no suelen discutir nunca.
cubone;Cubone;ground;50;50;95;40;50;35;rock_head;lightning_rod;battle_armor;medium_fast;64;190;defense:1;1:growl|3:tail_whip|7:bone_club|11:headbutt|13:leer|17:focus_energy|21:bonemerang|23:rage|27:false_swipe|31:thrash|33:fling|37:bone_rush|41:endeavor|43:double_edge|47:retaliate;aerial_ace|attract|blizzard|brick_break|bulldoze|confide|dig|double_team|earthquake|echoed_voice|facade|false_swipe|fire_blast|flamethrower|fling|frustration|hidden_power|ice_beam|incinerate|power_up_punch|protect|rest|retaliate|return|rock_slide|rock_smash|rock_tomb|round|sandstorm|secret_power|sleep_talk|smack_down|strength|substitute|sunny_day|swagger|swords_dance|thief|toxic;earth_power|endeavor|fire_punch|focus_punch|icy_wind|iron_defense|iron_head|iron_tail|knock_off|low_kick|snore|stealth_rock|thunder_punch|uproar;ancient_power|belly_drum|chip_away|detect|double_kick|endure|iron_head|perish_song|screech|skull_bash;monster;marowak@28;;104;Solitario;0,4;6,5;marrón;50;no;Lleva puesto el cráneo de su madre. Cuando se siente solo se pone a gritar muy fuerte.
marowak;Marowak;ground;60;80;110;50;80;45;rock_head;lightning_rod;battle_armor;medium_fast;149;75;defense:2;1:bone_club|1:growl|1:headbutt|1:tail_whip|3:tail_whip|7:bone_club|11:headbutt|13:leer|17:focus_energy|21:bonemerang|23:rage|27:false_swipe|33:thrash|37:fling|43:bone_rush|49:endeavor|53:double_edge|59:retaliate;aerial_ace|attract|blizzard|brick_break|bulldoze|confide|dig|double_team|earthquake|echoed_voice|facade|false_swipe|fire_blast|flamethrower|fling|focus_blast|frustration|giga_impact|hidden_power|hyper_beam|ice_beam|incinerate|power_up_punch|protect|rest|retaliate|return|rock_slide|rock_smash|rock_tomb|round|sandstorm|secret_power|sleep_talk|smack_down|stone_edge|strength|substitute|sunny_day|swagger|swords_dance|thief|toxic;earth_power|endeavor|fire_punch|focus_punch|icy_wind|iron_defense|iron_head|iron_tail|knock_off|low_kick|outrage|snore|stealth_rock|thunder_punch|uproar;;monster;;;105;Apilahueso;1;45;marrón;50;no;Es pequeño y siempre ha sido muy débil. Cuando empezó a usar huesos, se volvió más violento.
hitmonlee;Hitmonlee;fighting;50;120;53;35;110;87;limber;reckless;unburden;medium_fast;159;45;attack:2;1:close_combat|1:double_kick|1:mega_kick|1:revenge|1:reversal|5:meditate|9:rolling_kick|13:jump_kick|17:brick_break|21:focus_energy|25:feint|29:high_jump_kick|33:mind_reader|37:foresight|41:wide_guard|45:blaze_kick|49:endure|53:mega_kick|57:close_combat|61:reversal;attract|brick_break|bulk_up|bulldoze|confide|double_team|earthquake|facade|fling|focus_blast|frustration|hidden_power|low_sweep|poison_jab|power_up_punch|protect|rain_dance|rest|retaliate|return|rock_slide|rock_smash|rock_tomb|round|secret_power|sleep_talk|stone_edge|strength|substitute|sunny_day|swagger|thief|toxic;bounce|covet|focus_punch|helping_hand|knock_off|low_kick|role_play|snore|superpower;;humanshape;;;106;Patada;1,5;49,8;marrón;0;no;Encoge y estira las patas a su antojo. Cuando las estira, es capaz de propinar una buena patada al enemigo.
hitmonchan;Hitmonchan;fighting;50;105;79;35;110;76;keen_eye;iron_fist;inner_focus;medium_fast;159;45;sp_defense:2;1:close_combat|1:comet_punch|1:counter|1:focus_punch|1:revenge|6:agility|11:pursuit|16:bullet_punch|16:mach_punch|21:feint|26:vacuum_wave|31:quick_guard|36:fire_punch|36:ice_punch|36:thunder_punch|41:sky_uppercut|46:mega_punch|50:detect|56:focus_punch|61:counter|66:close_combat;attract|brick_break|bulk_up|bulldoze|confide|double_team|earthquake|facade|fling|focus_blast|frustration|hidden_power|low_sweep|power_up_punch|protect|rain_dance|rest|retaliate|return|rock_slide|rock_smash|rock_tomb|round|secret_power|sleep_talk|stone_edge|strength|substitute|sunny_day|swagger|thief|toxic;covet|drain_punch|fire_punch|focus_punch|helping_hand|ice_punch|low_kick|role_play|snore|thunder_punch;;humanshape;;;107;Puñetazo;1,4;50,2;marrón;0;no;Los potentes golpes de sus brazos pueden pulverizar el hormigón. Descansa tras luchar tres minutos.
lickitung;Lickitung;normal;90;55;75;60;75;30;own_tempo;oblivious;cloud_nine;medium_fast;77;45;hp:2;1:lick|5:supersonic|9:defense_curl|13:knock_off|17:wrap|21:stomp|25:disable|29:slam|33:rollout|37:chip_away|41:me_first|45:refresh|49:screech|53:power_whip|57:wring_out;attract|blizzard|brick_break|bulldoze|confide|cut|dig|double_team|dragon_tail|dream_eater|earthquake|facade|fire_blast|flamethrower|fling|frustration|giga_impact|hidden_power|hyper_beam|ice_beam|incinerate|power_up_punch|protect|psych_up|rain_dance|rest|retaliate|return|rock_slide|rock_smash|rock_tomb|round|sandstorm|secret_power|shadow_ball|sleep_talk|solar_beam|strength|substitute|sunny_day|surf|swagger|swords_dance|thief|thunder|thunderbolt|toxic;aqua_tail|bind|fire_punch|focus_punch|ice_punch|icy_wind|iron_tail|knock_off|shock_wave|snore|thunder_punch|water_pulse|zen_headbutt;amnesia|belch|belly_drum|body_slam|curse|hammer_arm|magnitude|muddy_water|sleep_talk|smelling_salts|snore|zen_headbutt;monster;lickilicky@subir+sabe:rollout;;108;Lametazo;1,2;65,5;rosa;50;no;Su larga lengua, recubierta de saliva pegajosa, se pega a todo, por lo que es muy útil.
koffing;Koffing;poison;40;65;95;60;45;35;levitate;;stench;medium_fast;68;190;defense:1;1:poison_gas|1:tackle|4:smog|7:smokescreen|12:assurance|15:clear_smog|18:sludge|23:self_destruct|26:haze|29:gyro_ball|34:sludge_bomb|37:explosion|40:destiny_bond|42:belch|45:memento;attract|confide|dark_pulse|double_team|explosion|facade|fire_blast|flamethrower|flash|frustration|gyro_ball|hidden_power|incinerate|infestation|payback|protect|rain_dance|rest|return|round|secret_power|shadow_ball|sleep_talk|sludge_bomb|substitute|sunny_day|swagger|taunt|thief|thunder|thunderbolt|torment|toxic|venoshock|will_o_wisp;pain_split|shock_wave|snore|spite|uproar;curse|destiny_bond|grudge|pain_split|psybeam|psywave|screech|spit_up|spite|stockpile|swallow|toxic_spikes;indeterminate;weezing@35;;109;Gas Venenoso;0,6;1;morado;50;no;Tiene forma de globo y es muy ligero. Está compuesto por gases tóxicos y apesta.
weezing;Weezing;poison;65;90;120;85;70;60;levitate;;stench;medium_fast;172;60;defense:2;1:poison_gas|1:smog|1:smokescreen|1:tackle|4:smog|7:smokescreen|12:assurance|15:clear_smog|18:sludge|23:self_destruct|26:haze|29:double_hit|34:sludge_bomb|40:explosion|46:destiny_bond|51:belch|57:memento;attract|confide|dark_pulse|double_team|explosion|facade|fire_blast|flamethrower|flash|frustration|giga_impact|gyro_ball|hidden_power|hyper_beam|incinerate|infestation|payback|protect|rain_dance|rest|return|round|secret_power|shadow_ball|sleep_talk|sludge_bomb|substitute|sunny_day|swagger|taunt|thief|thunder|thunderbolt|torment|toxic|venoshock|will_o_wisp;pain_split|shock_wave|snore|spite|uproar;;indeterminate;;;110;Gas Venenoso;1,2;9,5;morado;50;no;Si uno de los gemelos Koffing se infla, el otro se desinfla. Mezclan constantemente sus venenosos gases.
rhyhorn;Rhyhorn;ground|rock;80;85;95;30;30;25;lightning_rod;rock_head;reckless;slow;69;120;defense:1;1:horn_attack|1:tail_whip|5:fury_attack|9:scary_face|13:smack_down|17:stomp|21:bulldoze|25:chip_away|29:rock_blast|33:drill_run|37:take_down|41:stone_edge|45:earthquake|49:megahorn|53:horn_drill;attract|blizzard|bulldoze|confide|dig|double_team|earthquake|facade|fire_blast|flamethrower|frustration|hidden_power|ice_beam|incinerate|payback|poison_jab|protect|rain_dance|rest|return|roar|rock_polish|rock_slide|rock_smash|rock_tomb|round|sandstorm|secret_power|sleep_talk|smack_down|stone_edge|strength|substitute|sunny_day|swagger|swords_dance|thief|thunder|thunderbolt|toxic;aqua_tail|dragon_pulse|drill_run|earth_power|endeavor|icy_wind|iron_tail|shock_wave|snore|spite|stealth_rock|superpower|uproar;counter|crunch|crush_claw|curse|dragon_rush|fire_fang|guard_split|ice_fang|iron_tail|magnitude|metal_burst|reversal|rock_climb|rototiller|skull_bash|thunder_fang;monster|ground;rhydon@42;;111;Clavos;1;115;gris;50;no;Es muy fuerte, pero no especialmente listo. Es capaz de derribar rascacielos usando Placaje varias veces.
rhydon;Rhydon;ground|rock;105;130;120;45;45;40;lightning_rod;rock_head;reckless;slow;170;60;attack:2;1:fury_attack|1:horn_attack|1:horn_drill|1:scary_face|1:tail_whip|5:fury_attack|9:scary_face|13:smack_down|17:stomp|21:bulldoze|25:chip_away|29:rock_blast|33:drill_run|37:take_down|41:stone_edge|42:hammer_arm|48:earthquake|55:megahorn|62:horn_drill;attract|blizzard|brick_break|bulldoze|confide|cut|dig|double_team|dragon_tail|earthquake|facade|fire_blast|flamethrower|fling|focus_blast|frustration|giga_impact|hidden_power|hyper_beam|ice_beam|incinerate|payback|poison_jab|power_up_punch|protect|rain_dance|rest|return|roar|rock_polish|rock_slide|rock_smash|rock_tomb|round|sandstorm|secret_power|shadow_claw|sleep_talk|smack_down|stone_edge|strength|substitute|sunny_day|surf|swagger|swords_dance|thief|thunder|thunderbolt|toxic;aqua_tail|block|dragon_pulse|drill_run|earth_power|endeavor|fire_punch|focus_punch|ice_punch|icy_wind|iron_tail|outrage|shock_wave|snore|spite|stealth_rock|superpower|thunder_punch|uproar;;monster|ground;rhyperior@intercambio:protector;;112;Taladro;1,9;120;gris;50;no;La piel le sirve de escudo protector. Puede vivir en lava líquida a 2000 °C de temperatura.
chansey;Chansey;normal;250;5;5;35;105;50;natural_cure;serene_grace;healer;fast;395;30;hp:2;1:defense_curl|1:double_edge|1:growl|1:pound|5:tail_whip|9:refresh|12:double_slap|16:soft_boiled|20:bestow|23:minimize|27:take_down|31:sing|34:fling|38:heal_pulse|42:egg_bomb|46:light_screen|50:healing_wish|54:double_edge;attract|blizzard|brick_break|bulldoze|calm_mind|charge_beam|confide|dazzling_gleam|double_team|dream_eater|earthquake|echoed_voice|facade|fire_blast|flamethrower|flash|fling|frustration|giga_impact|grass_knot|hail|hidden_power|hyper_beam|ice_beam|incinerate|light_screen|power_up_punch|protect|psych_up|psychic|rain_dance|rest|retaliate|return|rock_slide|rock_smash|rock_tomb|round|safeguard|sandstorm|secret_power|shadow_ball|sleep_talk|solar_beam|strength|substitute|sunny_day|swagger|thunder|thunder_wave|thunderbolt|toxic|wild_charge;covet|drain_punch|endeavor|fire_punch|focus_punch|gravity|heal_bell|helping_hand|hyper_voice|ice_punch|icy_wind|iron_tail|last_resort|recycle|shock_wave|skill_swap|snatch|snore|stealth_rock|thunder_punch|water_pulse|zen_headbutt;aromatherapy|counter|endure|gravity|heal_bell|helping_hand|metronome|mud_bomb|natural_gift|present|seismic_toss;fairy;blissey@amistad;;113;Huevo;1,1;34,6;rosa;100;no;Se dice que reparte felicidad. Se caracteriza por su compasión y reparte sus huevos entre la gente herida.
tangela;Tangela;grass;65;55;115;100;40;60;chlorophyll;leaf_guard;regenerator;medium_fast;87;45;defense:1;1:constrict|1:ingrain|4:sleep_powder|7:vine_whip|10:absorb|14:poison_powder|17:bind|20:growth|23:mega_drain|27:knock_off|30:stun_spore|33:natural_gift|36:giga_drain|38:ancient_power|41:slam|44:tickle|46:wring_out|48:grassy_terrain|50:power_whip;attract|confide|cut|double_team|energy_ball|facade|flash|frustration|giga_impact|grass_knot|hidden_power|hyper_beam|infestation|nature_power|protect|psych_up|reflect|rest|return|rock_smash|round|secret_power|sleep_talk|sludge_bomb|solar_beam|substitute|sunny_day|swagger|swords_dance|thief|toxic;bind|endeavor|giga_drain|knock_off|pain_split|seed_bomb|shock_wave|snore|synthesis|worry_seed;amnesia|confusion|endeavor|flail|giga_drain|leaf_storm|leech_seed|mega_drain|natural_gift|nature_power|power_swap|rage_powder;plant;tangrowth@subir+sabe:ancient_power;;114;Enredadera;1;35;azul;50;no;Se camufla con la multitud de lianas que envuelven su cuerpo y que no dejan de crecer a lo largo de toda su vida.
kangaskhan;Kangaskhan;normal;105;95;80;40;80;90;early_bird;scrappy;inner_focus;medium_fast;172;45;hp:2;1:comet_punch|1:leer|7:fake_out|10:tail_whip|13:bite|19:double_hit|22:rage|25:mega_punch|31:chip_away|34:dizzy_punch|37:crunch|43:endure|46:outrage|49:sucker_punch|50:reversal;aerial_ace|attract|blizzard|brick_break|bulldoze|confide|cut|dig|double_team|earthquake|facade|fire_blast|flamethrower|fling|focus_blast|frustration|giga_impact|hail|hidden_power|hyper_beam|ice_beam|incinerate|power_up_punch|protect|rain_dance|rest|retaliate|return|roar|rock_slide|rock_smash|rock_tomb|round|safeguard|sandstorm|secret_power|shadow_ball|shadow_claw|sleep_talk|solar_beam|strength|substitute|sunny_day|surf|swagger|thief|thunder|thunderbolt|toxic;aqua_tail|covet|drain_punch|endeavor|fire_punch|focus_punch|helping_hand|ice_punch|icy_wind|iron_tail|low_kick|outrage|shock_wave|snore|spite|thunder_punch|uproar|water_pulse;circle_throw|counter|crush_claw|disable|double_edge|endeavor|focus_energy|focus_punch|foresight|hammer_arm|stomp|trump_card|uproar;monster;;;115;Maternal;2,2;80;marrón;100;no;Lleva a su cría en la bolsa de su panza. Solo deja que su cría salga a jugar cuando no siente peligro.
horsea;Horsea;water;30;40;70;70;25;60;swift_swim;sniper;damp;medium_fast;59;225;sp_attack:1;1:bubble|5:smokescreen|9:leer|13:water_gun|17:twister|21:bubble_beam|26:focus_energy|31:brine|36:agility|41:dragon_pulse|46:dragon_dance|52:hydro_pump;attract|blizzard|confide|dive|double_team|facade|flash_cannon|frustration|hail|hidden_power|ice_beam|protect|rain_dance|rest|return|round|scald|secret_power|sleep_talk|substitute|surf|swagger|toxic|waterfall;bounce|dragon_pulse|icy_wind|outrage|signal_beam|snore|water_pulse;aurora_beam|clear_smog|disable|dragon_breath|dragon_rage|flail|muddy_water|octazooka|outrage|razor_wind|signal_beam|splash|water_pulse;water1|dragon;seadra@32;;116;Dragón;0,4;8;azul;50;no;Es famoso por derribar a bichos voladores lanzando tinta desde la superficie del agua.
seadra;Seadra;water;55;65;95;95;45;85;poison_point;sniper;damp;medium_fast;154;75;defense:1|sp_attack:1;1:bubble|1:hydro_pump|1:leer|1:smokescreen|1:water_gun|5:smokescreen|9:leer|13:water_gun|17:twister|21:bubble_beam|26:focus_energy|31:brine|38:agility|45:dragon_pulse|52:dragon_dance|60:hydro_pump;attract|blizzard|confide|dive|double_team|facade|flash_cannon|frustration|giga_impact|hail|hidden_power|hyper_beam|ice_beam|protect|rain_dance|rest|return|round|scald|secret_power|sleep_talk|substitute|surf|swagger|toxic|waterfall;bounce|dragon_pulse|icy_wind|outrage|signal_beam|snore|water_pulse;;water1|dragon;kingdra@intercambio:dragon_scale;;117;Dragón;1,2;25;azul;50;no;Las afiladas púas que le recubren el cuerpo se le erizan y pueden causar el debilitamiento con solo tocarlo.
goldeen;Goldeen;water;45;67;60;35;50;63;swift_swim;water_veil;lightning_rod;medium_fast;64;225;attack:1;1:peck|1:tail_whip|1:water_sport|5:supersonic|8:horn_attack|13:flail|16:water_pulse|21:aqua_ring|24:fury_attack|29:agility|32:waterfall|37:horn_drill|40:soak|45:megahorn;attract|blizzard|confide|dive|double_team|facade|frustration|hail|hidden_power|ice_beam|poison_jab|protect|rain_dance|rest|return|round|scald|secret_power|sleep_talk|substitute|surf|swagger|toxic|waterfall;aqua_tail|bounce|drill_run|icy_wind|knock_off|signal_beam|snore|water_pulse;aqua_tail|body_slam|haze|hydro_pump|mud_shot|mud_slap|mud_sport|psybeam|signal_beam|skull_bash|sleep_talk;water2;seaking@33;;118;Pez Color;0,6;15;rojo;50;no;Nada a una velocidad de cinco nudos. Si siente peligro, golpea con su afilado cuerno.
seaking;Seaking;water;80;92;65;65;80;68;swift_swim;water_veil;lightning_rod;medium_fast;158;60;attack:2;1:megahorn|1:peck|1:poison_jab|1:supersonic|1:tail_whip|1:water_sport|5:supersonic|8:horn_attack|13:flail|16:water_pulse|21:aqua_ring|24:fury_attack|29:agility|32:waterfall|40:horn_drill|46:soak|54:megahorn;attract|blizzard|confide|dive|double_team|facade|frustration|giga_impact|hail|hidden_power|hyper_beam|ice_beam|poison_jab|protect|rain_dance|rest|return|round|scald|secret_power|sleep_talk|substitute|surf|swagger|toxic|waterfall;aqua_tail|bounce|drill_run|icy_wind|knock_off|signal_beam|snore|water_pulse;;water2;;;119;Pez Color;1,3;39;rojo;50;no;En otoño, cuando se reproducen, se les puede ver nadando con energía por ríos y arroyos.
staryu;Staryu;water;30;45;55;70;55;85;illuminate;natural_cure;analytic;slow;68;225;speed:1;1:harden|1:tackle|4:water_gun|7:rapid_spin|10:recover|13:psywave|16:swift|18:bubble_beam|22:camouflage|24:gyro_ball|28:brine|31:minimize|35:reflect_type|37:power_gem|40:confuse_ray|42:psychic|46:light_screen|49:cosmic_power|53:hydro_pump;blizzard|confide|dazzling_gleam|dive|double_team|facade|flash|flash_cannon|frustration|gyro_ball|hail|hidden_power|ice_beam|light_screen|protect|psych_up|psychic|rain_dance|reflect|rest|return|round|scald|secret_power|sleep_talk|substitute|surf|swagger|thunder|thunder_wave|thunderbolt|toxic|waterfall;gravity|icy_wind|magic_coat|pain_split|recycle|signal_beam|snore|water_pulse;;water3;starmie@objeto:water_stone;;120;Estrella;0,8;34,5;marrón;sin_genero;no;Aunque sus brazos se rompan podrán regenerarse, siempre y cuando su núcleo siga intacto.
starmie;Starmie;water|psychic;60;75;85;100;85;115;illuminate;natural_cure;analytic;slow;182;60;speed:2;1:hydro_pump|1:rapid_spin|1:recover|1:swift|1:water_gun|40:confuse_ray;blizzard|confide|dazzling_gleam|dive|double_team|dream_eater|facade|flash|flash_cannon|frustration|giga_impact|grass_knot|gyro_ball|hail|hidden_power|hyper_beam|ice_beam|light_screen|protect|psych_up|psychic|psyshock|rain_dance|reflect|rest|return|round|scald|secret_power|sleep_talk|substitute|surf|swagger|thunder|thunder_wave|thunderbolt|toxic|trick_room|waterfall;gravity|icy_wind|magic_coat|pain_split|recycle|signal_beam|skill_swap|snore|trick|water_pulse|wonder_room;;water3;;;121;Misterioso;1,1;80;morado;sin_genero;no;Su núcleo central brilla con los colores del arcoíris. Para algunos tiene el valor de una gema.
mr_mime;Mr. Mime;psychic|fairy;40;45;65;100;120;90;soundproof;filter;technician;medium_fast;161;45;sp_defense:2;1:barrier|1:confusion|1:guard_swap|1:magical_leaf|1:misty_terrain|1:power_swap|1:quick_guard|1:wide_guard|4:copycat|8:meditate|11:double_slap|15:mimic|15:psywave|18:encore|22:light_screen|22:reflect|25:psybeam|29:substitute|32:recycle|36:trick|39:psychic|43:role_play|46:baton_pass|50:safeguard;aerial_ace|attract|brick_break|calm_mind|charge_beam|confide|dazzling_gleam|double_team|dream_eater|energy_ball|facade|flash|fling|focus_blast|frustration|giga_impact|grass_knot|hidden_power|hyper_beam|infestation|light_screen|payback|power_up_punch|protect|psych_up|psychic|psyshock|rain_dance|reflect|rest|return|round|safeguard|secret_power|shadow_ball|sleep_talk|solar_beam|substitute|sunny_day|swagger|taunt|thief|thunder|thunder_wave|thunderbolt|torment|toxic|trick_room;covet|drain_punch|fire_punch|focus_punch|foul_play|helping_hand|ice_punch|icy_wind|iron_defense|magic_coat|magic_room|recycle|role_play|shock_wave|signal_beam|skill_swap|snatch|snore|thunder_punch|trick|wonder_room|zen_headbutt;confuse_ray|fake_out|future_sight|hypnosis|icy_wind|magic_room|mimic|nasty_plot|power_split|teeter_dance|trick|wake_up_slap;humanshape;;;122;Barrera;1,3;54,5;rosa;50;no;Para repeler ataques, solidifica el aire y crea muros invisibles con emanaciones de sus dedos.
scyther;Scyther;bug|flying;70;110;80;55;80;105;swarm;technician;steadfast;medium_fast;100;45;attack:1;1:leer|1:quick_attack|1:vacuum_wave|5:focus_energy|9:pursuit|13:false_swipe|17:agility|21:wing_attack|25:fury_cutter|29:slash|33:razor_wind|37:double_team|41:x_scissor|45:night_slash|49:double_hit|50:air_slash|57:swords_dance|61:feint;aerial_ace|attract|brick_break|confide|cut|double_team|facade|false_swipe|frustration|giga_impact|hidden_power|hyper_beam|light_screen|protect|rain_dance|rest|return|rock_smash|roost|round|safeguard|secret_power|sleep_talk|steel_wing|struggle_bug|substitute|sunny_day|swagger|swords_dance|thief|toxic|u_turn|x_scissor;bug_bite|knock_off|snore|tailwind;baton_pass|bug_buzz|counter|defog|endure|night_slash|quick_guard|razor_wind|reversal|silver_wind|steel_wing;bug;scizor@intercambio:metal_coat;;123;Mantis;1,5;56;verde;50;no;Destroza a su presa con las guadañas que tiene. No es común que use las alas para volar.
jynx;Jynx;ice|psychic;65;50;35;115;95;95;oblivious;forewarn;dry_skin;medium_fast;159;45;sp_attack:2;1:draining_kiss|1:lick|1:lovely_kiss|1:perish_song|1:pound|1:powder_snow|5:lick|8:lovely_kiss|11:powder_snow|15:double_slap|18:ice_punch|21:heart_stamp|25:mean_look|28:fake_tears|33:wake_up_slap|39:avalanche|44:body_slam|49:wring_out|55:perish_song|60:blizzard;attract|blizzard|brick_break|calm_mind|confide|double_team|dream_eater|echoed_voice|energy_ball|facade|flash|fling|focus_blast|frost_breath|frustration|giga_impact|grass_knot|hail|hidden_power|hyper_beam|ice_beam|light_screen|payback|power_up_punch|protect|psych_up|psychic|psyshock|rain_dance|reflect|rest|return|round|secret_power|shadow_ball|sleep_talk|substitute|swagger|taunt|thief|torment|toxic|trick_room;covet|drain_punch|focus_punch|heal_bell|helping_hand|hyper_voice|ice_punch|icy_wind|magic_coat|magic_room|recycle|role_play|signal_beam|skill_swap|snore|trick|water_pulse|zen_headbutt;;humanshape;;;124;Forma Humana;1,4;40,6;rojo;100;no;Camina moviendo las caderas de forma llamativa. Puede hacer que la gente baile a su ritmo.
electabuzz;Electabuzz;electric;65;83;57;95;85;105;static;;vital_spirit;medium_fast;172;45;speed:2;1:leer|1:quick_attack|1:thunder_shock|5:thunder_shock|8:low_kick|12:swift|15:shock_wave|19:thunder_wave|22:electro_ball|26:light_screen|29:thunder_punch|36:discharge|42:screech|49:thunderbolt|55:thunder;attract|brick_break|charge_beam|confide|double_team|facade|flash|fling|focus_blast|frustration|giga_impact|hidden_power|hyper_beam|light_screen|low_sweep|power_up_punch|protect|psychic|rain_dance|rest|return|rock_smash|round|secret_power|sleep_talk|strength|substitute|swagger|thief|thunder|thunder_wave|thunderbolt|toxic|volt_switch|wild_charge;covet|dual_chop|electroweb|fire_punch|focus_punch|helping_hand|ice_punch|iron_tail|low_kick|magnet_rise|shock_wave|signal_beam|snore|thunder_punch;;humanshape;electivire@intercambio:electirizer;;125;Eléctrico;1,1;30;amarillo;25;no;Por la superficie de su piel corre la electricidad. En la oscuridad, su cuerpo se torna blanquecino.
magmar;Magmar;fire;65;95;57;100;85;93;flame_body;;vital_spirit;medium_fast;173;45;sp_attack:2;1:ember|1:leer|1:smog|5:ember|8:smokescreen|12:feint_attack|15:fire_spin|19:clear_smog|22:flame_burst|26:confuse_ray|29:fire_punch|36:lava_plume|42:sunny_day|49:flamethrower|55:fire_blast;attract|brick_break|confide|double_team|facade|fire_blast|flame_charge|flamethrower|fling|focus_blast|frustration|giga_impact|hidden_power|hyper_beam|incinerate|low_sweep|overheat|power_up_punch|protect|psychic|rest|return|rock_smash|round|secret_power|sleep_talk|strength|substitute|sunny_day|swagger|thief|toxic|will_o_wisp;covet|dual_chop|fire_punch|focus_punch|heat_wave|helping_hand|iron_tail|low_kick|snore|thunder_punch;;humanshape;magmortar@intercambio:magmarizer;;126;Escupefuego;1,3;44,5;rojo;25;no;A este Pokémon se lo encontraron cerca de un volcán. Esta criatura ígnea tiene una temperatura corporal de unos 1200 °C.
pinsir;Pinsir;bug;65;125;100;55;70;85;hyper_cutter;mold_breaker;moxie;slow;175;45;attack:2;1:focus_energy|1:vice_grip|4:bind|8:seismic_toss|11:harden|15:revenge|18:vital_throw|22:double_hit|26:brick_break|29:submission|33:x_scissor|36:storm_throw|40:swords_dance|43:thrash|47:superpower|50:guillotine;attract|brick_break|bulk_up|bulldoze|confide|cut|dig|double_team|earthquake|facade|false_swipe|fling|focus_blast|frustration|giga_impact|hidden_power|hyper_beam|protect|rain_dance|rest|return|rock_slide|rock_smash|rock_tomb|round|secret_power|sleep_talk|smack_down|stone_edge|strength|struggle_bug|substitute|sunny_day|swagger|swords_dance|thief|toxic|x_scissor;bind|bug_bite|focus_punch|iron_defense|knock_off|snore|stealth_rock|superpower;bug_bite|close_combat|feint|feint_attack|flail|fury_attack|me_first|quick_attack|superpower;bug;;;127;Escarabajo;1,5;55;marrón;50;no;Atrapa presas con sus pinzas hasta que las parte en dos. Lanza lejos lo que no puede quebrar.
tauros;Tauros;normal;75;100;95;40;70;110;intimidate;anger_point;sheer_force;slow;172;45;attack:1|speed:1;1:tackle|3:tail_whip|5:rage|8:horn_attack|11:scary_face|15:pursuit|19:rest|24:payback|29:work_up|35:zen_headbutt|41:take_down|48:swagger|50:thrash|63:giga_impact;attract|blizzard|bulldoze|confide|double_team|earthquake|facade|fire_blast|flamethrower|frustration|giga_impact|hidden_power|hyper_beam|ice_beam|incinerate|payback|protect|rain_dance|rest|retaliate|return|rock_slide|rock_smash|rock_tomb|round|sandstorm|secret_power|sleep_talk|solar_beam|stone_edge|strength|substitute|sunny_day|surf|swagger|thunder|thunderbolt|toxic|wild_charge;endeavor|helping_hand|icy_wind|iron_head|iron_tail|outrage|role_play|shock_wave|snore|spite|uproar|water_pulse|zen_headbutt;;ground;;;128;Toro Bravo;1,4;88,4;marrón;0;no;Después de animarse a luchar fustigándose con sus tres colas, carga a toda velocidad.
magikarp;Magikarp;water;20;10;55;15;20;80;swift_swim;;rattled;slow;40;255;speed:1;1:splash|15:tackle|30:flail;;bounce;;water2|dragon;gyarados@20;;129;Pez;0,9;10;rojo;50;no;No es precisamente rápido ni fuerte. Es el Pokémon más debilucho y simplón de todos los que hay.
gyarados;Gyarados;water|flying;95;125;79;60;100;81;intimidate;;moxie;slow;189;45;attack:2;1:thrash|20:bite|23:dragon_rage|26:leer|29:twister|32:ice_fang|35:aqua_tail|38:rain_dance|41:crunch|44:hydro_pump|47:dragon_dance|50:hyper_beam;attract|blizzard|bulldoze|confide|dark_pulse|dive|double_team|dragon_tail|earthquake|facade|fire_blast|flamethrower|frustration|giga_impact|hail|hidden_power|hyper_beam|ice_beam|incinerate|payback|protect|rain_dance|rest|return|roar|rock_smash|round|sandstorm|scald|secret_power|sleep_talk|stone_edge|strength|substitute|surf|swagger|taunt|thunder|thunder_wave|thunderbolt|torment|toxic|waterfall;aqua_tail|bounce|dragon_pulse|icy_wind|iron_head|iron_tail|outrage|snore|spite|uproar|water_pulse;;water2|dragon;;;130;Atrocidad;6,5;235;azul;50;no;En la literatura antigua se dice que un Gyarados rebosante de violencia arrasó un poblado.
lapras;Lapras;water|ice;130;85;80;85;95;60;water_absorb;shell_armor;hydration;slow;187;45;hp:2;1:growl|1:sing|1:water_gun|4:mist|7:confuse_ray|10:ice_shard|14:water_pulse|18:body_slam|22:rain_dance|27:perish_song|32:ice_beam|37:brine|43:safeguard|47:hydro_pump|50:sheer_cold;attract|blizzard|bulldoze|confide|dive|double_team|dream_eater|echoed_voice|facade|frost_breath|frustration|giga_impact|hail|hidden_power|hyper_beam|ice_beam|protect|psychic|rain_dance|rest|return|roar|rock_smash|round|safeguard|secret_power|sleep_talk|strength|substitute|surf|swagger|thunder|thunderbolt|toxic|waterfall;aqua_tail|block|dragon_pulse|drill_run|heal_bell|hyper_voice|icy_wind|iron_head|iron_tail|outrage|shock_wave|signal_beam|snore|water_pulse|zen_headbutt;ancient_power|avalanche|curse|dragon_dance|dragon_pulse|fissure|foresight|freeze_dry|future_sight|horn_drill|refresh|sleep_talk|tickle|whirlpool;monster|water1;;;131;Transporte;2,5;220;azul;50;no;Son buenos de corazón. Muchos fueron capturados por ser tan pacíficos. Ahora hay muchos menos.
ditto;Ditto;normal;48;48;48;48;48;48;limber;;imposter;medium_fast;101;35;hp:1;1:transform;;;;ditto;;;132;Transformación;0,3;4;morado;sin_genero;no;Puede alterar por completo su estructura celular para emular cualquier objeto que vea.
eevee;Eevee;normal;55;55;50;45;65;55;run_away;adaptability;anticipation;medium_fast;65;45;sp_defense:1;1:growl|1:helping_hand|1:tackle|1:tail_whip|5:sand_attack|9:baby_doll_eyes|10:swift|13:quick_attack|17:bite|20:refresh|23:covet|25:take_down|29:charm|33:baton_pass|37:double_edge|41:last_resort|45:trump_card;attract|confide|dig|double_team|echoed_voice|facade|frustration|hidden_power|protect|rain_dance|rest|retaliate|return|round|secret_power|shadow_ball|sleep_talk|substitute|sunny_day|swagger|toxic;covet|heal_bell|helping_hand|hyper_voice|iron_tail|last_resort|snore;captivate|charm|covet|curse|detect|endure|fake_tears|flail|natural_gift|stored_power|synchronoise|tickle|wish|yawn;ground;vaporeon@objeto:water_stone | jolteon@objeto:thunder_stone | flareon@objeto:fire_stone | espeon@amistad+hora:dia | umbreon@amistad+hora:noche | leafeon@subir+lugar:eterna_forest | glaceon@subir+lugar:sinnoh_route_217 | sylveon@subir+sabe_tipo:fairy+amistad:160;;133;Evolución;0,3;6,5;marrón;12,5;no;Un extraño Pokémon que se adapta a los entornos más hostiles gracias a sus diferentes evoluciones.
vaporeon;Vaporeon;water;130;65;60;110;95;65;water_absorb;;hydration;medium_fast;184;45;hp:2;1:helping_hand|1:tackle|1:tail_whip|5:sand_attack|9:water_gun|13:quick_attack|17:water_pulse|20:aurora_beam|25:aqua_ring|29:acid_armor|33:haze|37:muddy_water|41:last_resort|45:hydro_pump;attract|blizzard|confide|dig|dive|double_team|echoed_voice|facade|frustration|giga_impact|hail|hidden_power|hyper_beam|ice_beam|protect|rain_dance|rest|retaliate|return|roar|rock_smash|round|scald|secret_power|shadow_ball|sleep_talk|strength|substitute|sunny_day|surf|swagger|toxic|waterfall;aqua_tail|covet|heal_bell|helping_hand|hyper_voice|icy_wind|iron_tail|last_resort|signal_beam|snore|water_pulse;;ground;;;134;Burbuja;1;29;azul;12,5;no;Prefiere las bellas costas. Con células parecidas al agua, podría fundirse en la misma.
jolteon;Jolteon;electric;65;65;60;110;95;130;volt_absorb;;quick_feet;medium_fast;184;45;speed:2;1:helping_hand|1:tackle|1:tail_whip|5:sand_attack|9:thunder_shock|13:quick_attack|17:double_kick|20:thunder_fang|25:pin_missile|29:agility|33:thunder_wave|37:discharge|41:last_resort|45:thunder;attract|charge_beam|confide|dig|double_team|echoed_voice|facade|flash|frustration|giga_impact|hidden_power|hyper_beam|light_screen|protect|rain_dance|rest|retaliate|return|roar|rock_smash|round|secret_power|shadow_ball|sleep_talk|strength|substitute|sunny_day|swagger|thunder|thunder_wave|thunderbolt|toxic|volt_switch|wild_charge;covet|heal_bell|helping_hand|hyper_voice|iron_tail|last_resort|magnet_rise|shock_wave|signal_beam|snore;;ground;;;135;Relámpago;0,8;24,5;amarillo;12,5;no;Todos los pelos de su cuerpo se ponen de punta si empieza a cargarse de electricidad.
flareon;Flareon;fire;65;130;60;95;110;65;flash_fire;;guts;medium_fast;184;45;attack:2;1:helping_hand|1:tackle|1:tail_whip|5:sand_attack|9:ember|13:quick_attack|17:bite|20:fire_fang|25:fire_spin|29:scary_face|33:smog|37:lava_plume|41:last_resort|45:flare_blitz;attract|confide|dig|double_team|echoed_voice|facade|fire_blast|flame_charge|flamethrower|frustration|giga_impact|hidden_power|hyper_beam|incinerate|overheat|protect|rain_dance|rest|retaliate|return|roar|rock_smash|round|secret_power|shadow_ball|sleep_talk|strength|substitute|sunny_day|swagger|toxic|will_o_wisp;covet|heal_bell|heat_wave|helping_hand|hyper_voice|iron_tail|last_resort|snore|superpower;;ground;;;136;Llama;0,9;25;rojo;12,5;no;Almacena llamas en su cuerpo, que alcanza una temperatura de 900 °C antes de un combate.
porygon;Porygon;normal;65;60;70;85;75;40;trace;download;analytic;medium_fast;79;45;sp_attack:1;1:conversion|1:conversion_2|1:sharpen|1:tackle|7:psybeam|12:agility|18:recover|23:magnet_rise|29:signal_beam|34:recycle|40:discharge|45:lock_on|50:tri_attack|56:magic_coat|62:zap_cannon;aerial_ace|blizzard|charge_beam|confide|double_team|dream_eater|facade|flash|frustration|giga_impact|hidden_power|hyper_beam|ice_beam|protect|psych_up|psychic|psyshock|rain_dance|rest|return|round|secret_power|shadow_ball|sleep_talk|solar_beam|substitute|sunny_day|swagger|thief|thunder|thunder_wave|thunderbolt|toxic|trick_room;electroweb|foul_play|gravity|icy_wind|iron_tail|last_resort|magic_coat|magnet_rise|pain_split|recycle|shock_wave|signal_beam|snore|trick|wonder_room|zen_headbutt;;mineral;porygon2@intercambio:up_grade;;137;Virtual;0,8;36,5;rosa;sin_genero;no;Pokémon creado por el hombre tras muchas investigaciones. Sus habilidades son básicas.
omanyte;Omanyte;rock|water;35;40;100;90;55;35;swift_swim;shell_armor;weak_armor;medium_fast;71;45;defense:1;1:constrict|1:withdraw|7:bite|10:water_gun|16:rollout|19:leer|25:mud_shot|28:brine|34:protect|37:ancient_power|43:tickle|46:rock_blast|50:shell_smash|55:hydro_pump;attract|blizzard|confide|dive|double_team|facade|frustration|gyro_ball|hail|hidden_power|ice_beam|protect|rain_dance|rest|return|rock_polish|rock_slide|rock_smash|rock_tomb|round|sandstorm|scald|secret_power|sleep_talk|smack_down|substitute|surf|swagger|thief|toxic|waterfall;bind|earth_power|icy_wind|iron_defense|knock_off|snore|stealth_rock|water_pulse;aurora_beam|bide|bubble_beam|haze|knock_off|muddy_water|reflect_type|slam|spikes|supersonic|toxic_spikes|water_pulse|whirlpool|wring_out;water1|water3;omastar@40;;138;Espiral;0,4;7,5;azul;12,5;no;Pokémon prehistórico que vivió en el océano primordial. Para nadar se valía de sus 10 tentáculos.
omastar;Omastar;rock|water;70;60;125;115;70;55;swift_swim;shell_armor;weak_armor;medium_fast;173;45;defense:2;1:bite|1:constrict|1:hydro_pump|1:withdraw|7:bite|10:water_gun|16:rollout|19:leer|25:mud_shot|28:brine|34:protect|37:ancient_power|40:spike_cannon|48:tickle|56:rock_blast|67:shell_smash|75:hydro_pump;attract|blizzard|confide|dive|double_team|facade|frustration|giga_impact|gyro_ball|hail|hidden_power|hyper_beam|ice_beam|protect|rain_dance|rest|return|rock_polish|rock_slide|rock_smash|rock_tomb|round|sandstorm|scald|secret_power|sleep_talk|smack_down|stone_edge|substitute|surf|swagger|thief|toxic|waterfall;bind|earth_power|icy_wind|iron_defense|knock_off|snore|stealth_rock|water_pulse;;water1|water3;;;139;Espiral;1;35;azul;12,5;no;Tiene los tentáculos tan desarrollados que le sirven de manos y pies. Con ellos atrapa a su presa y le da un bocado.
kabuto;Kabuto;rock|water;30;80;90;55;45;55;swift_swim;battle_armor;weak_armor;medium_fast;71;45;defense:1;1:harden|1:scratch|6:absorb|11:leer|16:mud_shot|21:sand_attack|26:endure|31:aqua_jet|36:mega_drain|41:metal_sound|46:ancient_power|50:wring_out;aerial_ace|attract|blizzard|confide|dig|double_team|facade|frustration|hail|hidden_power|hone_claws|ice_beam|protect|rain_dance|rest|return|rock_polish|rock_slide|rock_smash|rock_tomb|round|sandstorm|scald|secret_power|sleep_talk|smack_down|substitute|surf|swagger|thief|toxic|waterfall;earth_power|giga_drain|icy_wind|iron_defense|knock_off|snore|stealth_rock|water_pulse;aurora_beam|bubble_beam|confuse_ray|flail|foresight|giga_drain|icy_wind|knock_off|mud_shot|rapid_spin|screech|take_down;water1|water3;kabutops@40;;140;Armazón;0,5;11,5;marrón;12,5;no;Se cree que habitó las playas hace 300 millones de años. Se protege con una dura concha.
kabutops;Kabutops;rock|water;60;115;105;65;70;80;swift_swim;battle_armor;weak_armor;medium_fast;173;45;attack:2;1:absorb|1:feint|1:harden|1:leer|1:night_slash|1:scratch|6:absorb|11:leer|16:mud_shot|21:sand_attack|26:endure|31:aqua_jet|36:mega_drain|40:slash|45:metal_sound|54:ancient_power|63:wring_out|72:night_slash;aerial_ace|attract|blizzard|brick_break|confide|cut|dig|dive|double_team|facade|frustration|giga_impact|hail|hidden_power|hone_claws|hyper_beam|ice_beam|nature_power|protect|rain_dance|rest|return|rock_polish|rock_slide|rock_smash|rock_tomb|round|sandstorm|scald|secret_power|sleep_talk|smack_down|stone_edge|substitute|surf|swagger|swords_dance|thief|toxic|waterfall|x_scissor;aqua_tail|earth_power|giga_drain|icy_wind|iron_defense|knock_off|low_kick|snore|stealth_rock|superpower|water_pulse;;water1|water3;;;141;Armazón;1,3;40,5;marrón;12,5;no;Repliega sus extremidades en el agua para hacerse más compacto, y mueve su concha para nadar rápido.
aerodactyl;Aerodactyl;rock|flying;80;105;65;60;75;130;rock_head;pressure;unnerve;slow;180;45;speed:2;1:bite|1:fire_fang|1:ice_fang|1:iron_head|1:scary_face|1:supersonic|1:thunder_fang|1:wing_attack|9:roar|17:agility|25:ancient_power|33:crunch|41:take_down|49:sky_drop|57:iron_head|65:hyper_beam|73:rock_slide|81:giga_impact;aerial_ace|attract|bulldoze|confide|double_team|dragon_claw|earthquake|facade|fire_blast|flamethrower|fly|frustration|giga_impact|hidden_power|hone_claws|hyper_beam|incinerate|payback|protect|rain_dance|rest|return|roar|rock_polish|rock_slide|rock_smash|rock_tomb|roost|round|sandstorm|secret_power|sky_drop|sleep_talk|smack_down|steel_wing|stone_edge|strength|substitute|sunny_day|swagger|taunt|thief|torment|toxic;aqua_tail|dragon_pulse|earth_power|heat_wave|iron_head|iron_tail|sky_attack|snore|stealth_rock|tailwind;assurance|curse|dragon_breath|foresight|pursuit|roost|steel_wing|tailwind|whirlwind|wide_guard;flying;;;142;Fósil;1,8;59;morado;12,5;no;Se regeneró a partir de material genético de un dinosaurio encontrado en ámbar. Cuando vuela emite escandalosos alaridos.
snorlax;Snorlax;normal;160;110;65;65;110;30;immunity;thick_fat;gluttony;slow;189;25;hp:2;1:tackle|4:defense_curl|9:amnesia|12:lick|17:chip_away|20:yawn|25:body_slam|28:rest|28:snore|33:sleep_talk|36:rollout|41:block|44:belly_drum|49:crunch|50:heavy_slam|57:giga_impact;attract|blizzard|brick_break|bulldoze|confide|double_team|earthquake|facade|fire_blast|flamethrower|fling|focus_blast|frustration|giga_impact|hidden_power|hyper_beam|ice_beam|incinerate|power_up_punch|protect|psychic|rain_dance|rest|retaliate|return|rock_slide|rock_smash|rock_tomb|round|sandstorm|secret_power|shadow_ball|sleep_talk|smack_down|solar_beam|strength|substitute|sunny_day|surf|swagger|thunder|thunderbolt|toxic|wild_charge;after_you|block|covet|fire_punch|focus_punch|gunk_shot|hyper_voice|ice_punch|icy_wind|iron_head|last_resort|outrage|recycle|seed_bomb|shock_wave|snore|superpower|thunder_punch|water_pulse|zen_headbutt;after_you|belch|charm|counter|curse|double_edge|fissure|lick|natural_gift|pursuit|whirlwind;monster;;;143;Dormir;2,1;460;negro;12,5;no;No se encuentra satisfecho hasta que no se come 400 kg de comida cada día. Cuando acaba de comer, se queda dormido.
articuno;Articuno;ice|flying;90;85;100;95;125;85;pressure;;snow_cloak;slow;261;3;sp_defense:3;1:freeze_dry|1:gust|1:hurricane|1:powder_snow|1:roost|1:sheer_cold|1:tailwind|8:mist|15:ice_shard|22:mind_reader|29:ancient_power|36:agility|43:ice_beam|50:reflect|57:hail|64:tailwind|71:blizzard|78:sheer_cold|85:roost|92:hurricane;aerial_ace|blizzard|confide|double_team|facade|fly|frost_breath|frustration|giga_impact|hail|hidden_power|hyper_beam|ice_beam|protect|rain_dance|reflect|rest|return|roar|rock_smash|roost|round|sandstorm|secret_power|sky_drop|sleep_talk|steel_wing|substitute|sunny_day|swagger|toxic|u_turn;icy_wind|signal_beam|sky_attack|snore|tailwind|water_pulse;;no_eggs;;;144;Congelar;1,7;55,4;azul;sin_genero;si;Legendario Pokémon pájaro capaz de generar ventiscas congelando la humedad del aire.
zapdos;Zapdos;electric|flying;90;90;85;125;90;100;pressure;;static;slow;261;3;sp_attack:3;1:drill_peck|1:peck|1:roost|1:thunder_shock|1:zap_cannon|8:thunder_wave|15:detect|22:pluck|29:ancient_power|36:charge|43:agility|50:discharge|57:rain_dance|64:light_screen|71:drill_peck|78:thunder|85:roost|92:zap_cannon;aerial_ace|charge_beam|confide|double_team|facade|flash|fly|frustration|giga_impact|hidden_power|hyper_beam|light_screen|protect|rain_dance|rest|return|roar|rock_smash|roost|round|sandstorm|secret_power|sky_drop|sleep_talk|steel_wing|substitute|sunny_day|swagger|thunder|thunder_wave|thunderbolt|toxic|u_turn|volt_switch|wild_charge;heat_wave|shock_wave|signal_beam|sky_attack|snore|tailwind;;no_eggs;;;145;Eléctrico;1,6;52,6;amarillo;sin_genero;si;Es un legendario pájaro Pokémon. Dicen que aparece entre las nubes lanzando enormes rayos brillantes.
moltres;Moltres;fire|flying;90;100;90;125;85;90;pressure;;flame_body;slow;261;3;sp_attack:3;1:ember|1:heat_wave|1:hurricane|1:roost|1:sky_attack|1:wing_attack|8:fire_spin|15:agility|22:endure|29:ancient_power|36:flamethrower|43:safeguard|50:air_slash|57:sunny_day|64:heat_wave|71:solar_beam|78:sky_attack|85:roost|92:hurricane;aerial_ace|confide|double_team|facade|fire_blast|flame_charge|flamethrower|fly|frustration|giga_impact|hidden_power|hyper_beam|incinerate|overheat|protect|rain_dance|rest|return|roar|rock_smash|roost|round|safeguard|sandstorm|secret_power|sky_drop|sleep_talk|solar_beam|steel_wing|substitute|sunny_day|swagger|toxic|u_turn|will_o_wisp;heat_wave|sky_attack|snore|tailwind;;no_eggs;;;146;Llama;2;60;amarillo;sin_genero;si;Es más conocido como el legendario pájaro de fuego. Con cada aleteo crea brillantes llamas.
dratini;Dratini;dragon;41;64;45;50;50;50;shed_skin;;marvel_scale;slow;60;45;attack:1;1:leer|1:wrap|5:thunder_wave|11:twister|15:dragon_rage|21:slam|25:agility|31:dragon_tail|35:aqua_tail|41:dragon_rush|45:safeguard|51:dragon_dance|55:outrage|61:hyper_beam;attract|blizzard|confide|double_team|dragon_tail|facade|fire_blast|flamethrower|frustration|hail|hidden_power|hyper_beam|ice_beam|incinerate|light_screen|protect|rain_dance|rest|return|round|safeguard|secret_power|sleep_talk|substitute|sunny_day|surf|swagger|thunder|thunder_wave|thunderbolt|toxic|waterfall;aqua_tail|bind|draco_meteor|dragon_pulse|icy_wind|iron_tail|outrage|shock_wave|snore|water_pulse;aqua_jet|dragon_breath|dragon_dance|dragon_pulse|dragon_rush|extreme_speed|haze|iron_tail|mist|supersonic|water_pulse;water1|dragon;dragonair@30;;147;Dragón;1,8;3,3;azul;50;no;Se le llama el Pokémon Espejismo porque son muy pocos los que lo han visto. Se encontró su muda.
dragonair;Dragonair;dragon;61;84;65;70;70;70;shed_skin;;marvel_scale;slow;147;45;attack:2;1:leer|1:thunder_wave|1:twister|1:wrap|5:thunder_wave|11:twister|15:dragon_rage|21:slam|25:agility|33:dragon_tail|39:aqua_tail|47:dragon_rush|53:safeguard|61:dragon_dance|67:outrage|75:hyper_beam;attract|blizzard|confide|double_team|dragon_tail|facade|fire_blast|flamethrower|frustration|hail|hidden_power|hyper_beam|ice_beam|incinerate|light_screen|protect|rain_dance|rest|return|round|safeguard|secret_power|sleep_talk|substitute|sunny_day|surf|swagger|thunder|thunder_wave|thunderbolt|toxic|waterfall;aqua_tail|bind|draco_meteor|dragon_pulse|icy_wind|iron_tail|outrage|shock_wave|snore|water_pulse;;water1|dragon;dragonite@55;;148;Dragón;4;16,5;azul;50;no;Sus cristalinos orbes parecen darle al Pokémon el poder de controlar el clima libremente.
dragonite;Dragonite;dragon|flying;91;134;95;100;100;80;inner_focus;;multiscale;slow;270;45;attack:3;1:fire_punch|1:hurricane|1:leer|1:roost|1:thunder_punch|1:thunder_wave|1:twister|1:wrap|5:thunder_wave|11:twister|15:dragon_rage|21:slam|25:agility|33:dragon_tail|39:aqua_tail|47:dragon_rush|53:safeguard|55:wing_attack|61:dragon_dance|67:outrage|75:hyper_beam|81:hurricane;aerial_ace|attract|blizzard|brick_break|bulldoze|confide|cut|dive|double_team|dragon_claw|dragon_tail|earthquake|facade|fire_blast|flamethrower|fling|fly|focus_blast|frustration|giga_impact|hail|hidden_power|hone_claws|hyper_beam|ice_beam|incinerate|light_screen|power_up_punch|protect|rain_dance|rest|return|roar|rock_slide|rock_smash|rock_tomb|roost|round|safeguard|sandstorm|secret_power|sky_drop|sleep_talk|steel_wing|stone_edge|strength|substitute|sunny_day|surf|swagger|thunder|thunder_wave|thunderbolt|toxic|waterfall;aqua_tail|bind|draco_meteor|dragon_pulse|fire_punch|focus_punch|heat_wave|ice_punch|icy_wind|iron_head|iron_tail|outrage|shock_wave|snore|superpower|tailwind|thunder_punch|water_pulse;;water1|dragon;;;149;Dragón;2,2;210;marrón;50;no;A pesar del tamaño que tiene y de lo pesado que es, puede volar. Es capaz de dar la vuelta al mundo en solo 16 horas.
mewtwo;Mewtwo;psychic;106;110;90;154;90;130;pressure;;unnerve;slow;306;3;sp_attack:3;1:confusion|1:disable|1:safeguard|8:swift|15:future_sight|22:psych_up|29:miracle_eye|36:psycho_cut|43:guard_swap|43:power_swap|50:recover|57:psychic|64:barrier|70:aura_sphere|79:amnesia|86:mist|93:me_first|100:psystrike;aerial_ace|blizzard|brick_break|bulk_up|bulldoze|calm_mind|charge_beam|confide|dive|double_team|dream_eater|earthquake|embargo|energy_ball|facade|fire_blast|flamethrower|flash|fling|focus_blast|frustration|giga_impact|grass_knot|hail|hidden_power|hyper_beam|ice_beam|incinerate|light_screen|low_sweep|poison_jab|power_up_punch|protect|psych_up|psychic|psyshock|rain_dance|reflect|rest|return|rock_slide|rock_smash|rock_tomb|round|safeguard|sandstorm|secret_power|shadow_ball|sleep_talk|solar_beam|stone_edge|strength|substitute|sunny_day|swagger|taunt|thunder|thunder_wave|thunderbolt|torment|toxic|trick_room|will_o_wisp;aqua_tail|drain_punch|fire_punch|focus_punch|foul_play|gravity|ice_punch|icy_wind|iron_tail|low_kick|magic_coat|magic_room|recycle|role_play|shock_wave|signal_beam|skill_swap|snatch|snore|thunder_punch|trick|water_pulse|wonder_room|zen_headbutt;;no_eggs;;;150;Genético;2;122;morado;sin_genero;si;Fue creado por un científico tras años de horribles experimentos de ingeniería genética.
mew;Mew;psychic;100;100;100;100;100;100;synchronize;;;medium_slow;270;45;hp:3;1:pound|1:reflect_type|1:transform|10:mega_punch|20:metronome|30:psychic|40:barrier|50:ancient_power|60:amnesia|70:me_first|80:baton_pass|90:nasty_plot|100:aura_sphere;acrobatics|aerial_ace|attract|blizzard|brick_break|bulk_up|bulldoze|calm_mind|charge_beam|confide|cut|dark_pulse|dazzling_gleam|dig|dive|double_team|dragon_claw|dragon_tail|dream_eater|earthquake|echoed_voice|embargo|energy_ball|explosion|facade|false_swipe|fire_blast|flame_charge|flamethrower|flash|flash_cannon|fling|fly|focus_blast|frost_breath|frustration|giga_impact|grass_knot|gyro_ball|hail|hidden_power|hone_claws|hyper_beam|ice_beam|incinerate|infestation|light_screen|low_sweep|nature_power|overheat|payback|poison_jab|power_up_punch|protect|psych_up|psychic|psyshock|quash|rain_dance|reflect|rest|retaliate|return|roar|rock_polish|rock_slide|rock_smash|rock_tomb|roost|round|safeguard|sandstorm|scald|secret_power|shadow_ball|shadow_claw|sky_drop|sleep_talk|sludge_bomb|sludge_wave|smack_down|snarl|solar_beam|steel_wing|stone_edge|strength|struggle_bug|substitute|sunny_day|surf|swagger|swords_dance|taunt|thief|thunder|thunder_wave|thunderbolt|torment|toxic|trick_room|u_turn|venoshock|volt_switch|waterfall|wild_charge|will_o_wisp|x_scissor;after_you|aqua_tail|bind|block|bounce|bug_bite|covet|dragon_pulse|drain_punch|drill_run|dual_chop|earth_power|electroweb|endeavor|fire_punch|focus_punch|foul_play|gastro_acid|giga_drain|gravity|gunk_shot|heal_bell|heat_wave|helping_hand|hyper_voice|ice_punch|icy_wind|iron_defense|iron_head|iron_tail|knock_off|last_resort|low_kick|magic_coat|magic_room|magnet_rise|outrage|pain_split|recycle|role_play|seed_bomb|shock_wave|signal_beam|skill_swap|sky_attack|snatch|snore|spite|stealth_rock|super_fang|superpower|synthesis|tailwind|thunder_punch|trick|uproar|water_pulse|wonder_room|worry_seed|zen_headbutt;;no_eggs;;;151;Nueva Especie;0,4;4;rosa;sin_genero;si;Varios científicos lo consideran el antecesor de los Pokémon porque usa todo tipo de movimientos.
chikorita;Chikorita;grass;45;49;65;49;65;45;overgrow;;leaf_guard;medium_slow;64;45;sp_defense:1;1:growl|1:tackle|6:razor_leaf|9:poison_powder|12:synthesis|17:reflect|20:magical_leaf|23:natural_gift|28:sweet_scent|31:light_screen|34:body_slam|39:safeguard|42:aromatherapy|45:solar_beam;attract|confide|cut|double_team|echoed_voice|energy_ball|facade|flash|frustration|grass_knot|hidden_power|light_screen|nature_power|protect|reflect|rest|return|round|safeguard|secret_power|sleep_talk|solar_beam|substitute|sunny_day|swagger|swords_dance|toxic;giga_drain|grass_pledge|iron_tail|magic_coat|seed_bomb|snore|synthesis|worry_seed;ancient_power|aromatherapy|body_slam|counter|flail|grass_whistle|grassy_terrain|heal_pulse|ingrain|leaf_storm|leech_seed|nature_power|refresh|vine_whip|wring_out;monster|plant;bayleef@16;;152;Hoja;0,9;6,4;verde;12,5;no;Un dulce aroma se desprende de la hoja de su cabeza. Es dócil y le encanta absorber los rayos de sol.
bayleef;Bayleef;grass;60;62;80;63;80;60;overgrow;;leaf_guard;medium_slow;142;45;defense:1|sp_defense:1;1:growl|1:poison_powder|1:razor_leaf|1:tackle|6:razor_leaf|9:poison_powder|12:synthesis|18:reflect|22:magical_leaf|26:natural_gift|32:sweet_scent|36:light_screen|40:body_slam|46:safeguard|50:aromatherapy|54:solar_beam;attract|confide|cut|double_team|echoed_voice|energy_ball|facade|flash|frustration|grass_knot|hidden_power|light_screen|nature_power|protect|reflect|rest|return|rock_smash|round|safeguard|secret_power|sleep_talk|solar_beam|strength|substitute|sunny_day|swagger|swords_dance|toxic;giga_drain|grass_pledge|iron_tail|magic_coat|seed_bomb|snore|synthesis|worry_seed;;monster|plant;meganium@32;;153;Hoja;1,2;15,8;verde;12,5;no;Emana un aroma picante de su cuello. El aroma actúa como estimulante para recuperar salud.
meganium;Meganium;grass;80;82;100;83;100;80;overgrow;;leaf_guard;medium_slow;236;45;defense:1|sp_defense:2;1:growl|1:petal_blizzard|1:poison_powder|1:razor_leaf|1:tackle|6:razor_leaf|9:poison_powder|12:synthesis|18:reflect|22:magical_leaf|26:natural_gift|32:petal_dance|34:sweet_scent|40:light_screen|46:body_slam|54:safeguard|60:aromatherapy|66:solar_beam|70:petal_blizzard;attract|bulldoze|confide|cut|double_team|dragon_tail|earthquake|echoed_voice|energy_ball|facade|flash|frustration|giga_impact|grass_knot|hidden_power|hyper_beam|light_screen|nature_power|protect|reflect|rest|return|rock_smash|round|safeguard|secret_power|sleep_talk|solar_beam|strength|substitute|sunny_day|swagger|swords_dance|toxic;frenzy_plant|giga_drain|grass_pledge|iron_tail|magic_coat|outrage|seed_bomb|snore|synthesis|worry_seed;;monster|plant;;;154;Hierba;1,8;100,5;verde;12,5;no;El olor que desprenden sus pétalos contiene una sustancia que calma el instinto agresivo.
cyndaquil;Cyndaquil;fire;39;52;43;60;50;65;blaze;;flash_fire;medium_slow;62;45;speed:1;1:leer|1:tackle|6:smokescreen|10:ember|13:quick_attack|19:flame_wheel|22:defense_curl|28:flame_charge|31:swift|37:lava_plume|40:flamethrower|46:inferno|49:rollout|55:double_edge|58:eruption;aerial_ace|attract|confide|cut|dig|double_team|facade|fire_blast|flame_charge|flamethrower|frustration|hidden_power|incinerate|nature_power|overheat|protect|rest|return|round|secret_power|sleep_talk|substitute|sunny_day|swagger|toxic|wild_charge|will_o_wisp;covet|fire_pledge|heat_wave|snore;covet|crush_claw|double_edge|double_kick|extrasensory|flame_burst|flare_blitz|foresight|fury_swipes|howl|nature_power|quick_attack|reversal|thrash;ground;quilava@14;;155;Ratón Fuego;0,5;7,9;amarillo;12,5;no;Es tímido y siempre se enrosca como una pelota. Si es atacado, enciende su lomo para protegerse.
quilava;Quilava;fire;58;64;58;80;65;80;blaze;;flash_fire;medium_slow;142;45;sp_attack:1|speed:1;1:leer|1:smokescreen|1:tackle|6:smokescreen|10:ember|13:quick_attack|20:flame_wheel|24:defense_curl|31:swift|35:flame_charge|42:lava_plume|46:flamethrower|53:inferno|57:rollout|64:double_edge|68:eruption;aerial_ace|attract|brick_break|confide|cut|dig|double_team|facade|fire_blast|flame_charge|flamethrower|frustration|hidden_power|incinerate|nature_power|overheat|protect|rest|return|roar|rock_smash|round|secret_power|sleep_talk|strength|substitute|sunny_day|swagger|toxic|wild_charge|will_o_wisp;covet|fire_pledge|focus_punch|heat_wave|snore;;ground;typhlosion@36;;156;Volcán;0,9;19;amarillo;12,5;no;Antes de empezar a luchar, se gira ante su rival para alardear del alcance y la fuerza de sus llamas.
typhlosion;Typhlosion;fire;78;84;78;109;85;100;blaze;;flash_fire;medium_slow;240;45;sp_attack:3;1:double_edge|1:ember|1:eruption|1:gyro_ball|1:leer|1:smokescreen|1:tackle|6:smokescreen|10:ember|13:quick_attack|20:flame_wheel|24:defense_curl|31:swift|35:flame_charge|43:lava_plume|48:flamethrower|56:inferno|61:rollout|69:double_edge|74:eruption;aerial_ace|attract|brick_break|bulldoze|confide|cut|dig|double_team|earthquake|facade|fire_blast|flame_charge|flamethrower|fling|focus_blast|frustration|giga_impact|gyro_ball|hidden_power|hyper_beam|incinerate|nature_power|overheat|power_up_punch|protect|rest|return|roar|rock_slide|rock_smash|rock_tomb|round|secret_power|shadow_claw|sleep_talk|solar_beam|strength|substitute|sunny_day|swagger|toxic|wild_charge|will_o_wisp;blast_burn|covet|fire_pledge|fire_punch|focus_punch|heat_wave|low_kick|snore|thunder_punch;;ground;;;157;Volcán;1,7;79,5;amarillo;12,5;no;Si su furia crece, se calienta tanto que cualquier cosa que toque se prenderá al instante.
totodile;Totodile;water;50;65;64;44;48;43;torrent;;sheer_force;medium_slow;63;45;attack:1;1:leer|1:scratch|6:water_gun|8:rage|13:bite|15:scary_face|20:ice_fang|22:flail|27:crunch|29:chip_away|34:slash|36:screech|41:thrash|43:aqua_tail|48:superpower|50:hydro_pump;aerial_ace|attract|blizzard|brick_break|confide|cut|dig|dive|double_team|dragon_claw|facade|fling|frustration|hail|hidden_power|hone_claws|ice_beam|power_up_punch|protect|rain_dance|rest|return|rock_slide|rock_tomb|round|scald|secret_power|shadow_claw|sleep_talk|substitute|surf|swagger|swords_dance|toxic|waterfall;aqua_tail|block|focus_punch|ice_punch|icy_wind|iron_tail|low_kick|snore|spite|superpower|uproar|water_pledge|water_pulse;ancient_power|aqua_jet|block|crunch|dragon_dance|fake_tears|flatter|hydro_pump|ice_punch|metal_claw|mud_sport|thrash|water_pulse|water_sport;monster|water1;croconaw@18;;158;Fauces;0,6;9,5;azul;12,5;no;Es pequeño pero violento. No dudará en morder cualquier cosa que se mueva cerca.
croconaw;Croconaw;water;65;80;80;59;63;58;torrent;;sheer_force;medium_slow;142;45;attack:1|defense:1;1:leer|1:scratch|1:water_gun|6:water_gun|8:rage|13:bite|15:scary_face|21:ice_fang|24:flail|30:crunch|33:chip_away|39:slash|42:screech|48:thrash|51:aqua_tail|57:superpower|60:hydro_pump;aerial_ace|attract|blizzard|brick_break|confide|cut|dig|dive|double_team|dragon_claw|facade|fling|frustration|hail|hidden_power|hone_claws|ice_beam|power_up_punch|protect|rain_dance|rest|return|roar|rock_slide|rock_smash|rock_tomb|round|scald|secret_power|shadow_claw|sleep_talk|strength|substitute|surf|swagger|swords_dance|toxic|waterfall;aqua_tail|block|focus_punch|ice_punch|icy_wind|iron_tail|low_kick|snore|spite|superpower|uproar|water_pledge|water_pulse;;monster|water1;feraligatr@30;;159;Fauces;1,1;25;azul;12,5;no;Si pierde un colmillo, le crecerá otro en su lugar. Siempre tiene 48 colmillos en su boca.
feraligatr;Feraligatr;water;85;105;100;79;83;78;torrent;;sheer_force;medium_slow;239;45;attack:2|defense:1;1:leer|1:rage|1:scratch|1:water_gun|6:water_gun|8:rage|13:bite|15:scary_face|21:ice_fang|24:flail|30:agility|32:crunch|37:chip_away|45:slash|50:screech|58:thrash|63:aqua_tail|71:superpower|76:hydro_pump;aerial_ace|attract|blizzard|brick_break|bulldoze|confide|cut|dig|dive|double_team|dragon_claw|dragon_tail|earthquake|facade|fling|focus_blast|frustration|giga_impact|hail|hidden_power|hone_claws|hyper_beam|ice_beam|power_up_punch|protect|rain_dance|rest|return|roar|rock_slide|rock_smash|rock_tomb|round|scald|secret_power|shadow_claw|sleep_talk|strength|substitute|surf|swagger|swords_dance|toxic|waterfall;aqua_tail|block|dragon_pulse|focus_punch|hydro_cannon|ice_punch|icy_wind|iron_tail|low_kick|outrage|snore|spite|superpower|uproar|water_pledge|water_pulse;;monster|water1;;;160;Fauces;2,3;88,8;azul;12,5;no;Se suele mover lento, pero alcanza velocidades de vértigo al atacar y morder a sus enemigos.
sentret;Sentret;normal;35;46;34;35;45;20;run_away;keen_eye;frisk;medium_fast;43;255;attack:1;1:foresight|1:scratch|4:defense_curl|7:quick_attack|13:fury_swipes|16:helping_hand|19:follow_me|25:slam|28:rest|31:sucker_punch|36:amnesia|39:baton_pass|42:me_first|47:hyper_voice;attract|brick_break|charge_beam|confide|cut|dig|double_team|echoed_voice|facade|flamethrower|fling|frustration|grass_knot|hidden_power|hone_claws|ice_beam|power_up_punch|protect|rain_dance|rest|retaliate|return|round|secret_power|shadow_ball|shadow_claw|sleep_talk|solar_beam|substitute|sunny_day|surf|swagger|thief|thunderbolt|toxic|u_turn;aqua_tail|covet|fire_punch|focus_punch|helping_hand|hyper_voice|ice_punch|iron_tail|knock_off|last_resort|shock_wave|snore|super_fang|thunder_punch|trick|uproar|water_pulse;assist|captivate|charm|covet|double_edge|focus_energy|iron_tail|last_resort|natural_gift|pursuit|reversal|slash|trick;ground;furret@15;;161;Explorador;0,8;6;marrón;50;no;Cuando hace de centinela, avisa del peligro a los demás, chillando y dando golpes al suelo con la cola.
furret;Furret;normal;85;76;64;45;55;90;run_away;keen_eye;frisk;medium_fast;145;90;speed:2;1:defense_curl|1:foresight|1:quick_attack|1:scratch|4:defense_curl|7:quick_attack|13:fury_swipes|17:helping_hand|21:follow_me|28:slam|32:rest|36:sucker_punch|42:amnesia|46:baton_pass|50:me_first|56:hyper_voice;attract|blizzard|brick_break|charge_beam|confide|cut|dig|double_team|echoed_voice|facade|flamethrower|fling|focus_blast|frustration|giga_impact|grass_knot|hidden_power|hone_claws|hyper_beam|ice_beam|power_up_punch|protect|rain_dance|rest|retaliate|return|rock_smash|round|secret_power|shadow_ball|shadow_claw|sleep_talk|solar_beam|strength|substitute|sunny_day|surf|swagger|thief|thunder|thunderbolt|toxic|u_turn;aqua_tail|covet|fire_punch|focus_punch|helping_hand|hyper_voice|ice_punch|iron_tail|knock_off|last_resort|shock_wave|snore|super_fang|thunder_punch|trick|uproar|water_pulse;;ground;;;162;Alargado;1,8;32,5;marrón;50;no;Acurruca a sus crías para que duerman. Acorrala a los enemigos con su enorme velocidad.
hoothoot;Hoothoot;normal|flying;60;30;30;36;56;50;insomnia;keen_eye;tinted_lens;medium_fast;52;255;hp:1;1:foresight|1:growl|1:tackle|5:hypnosis|9:peck|13:uproar|17:reflect|21:confusion|25:echoed_voice|29:take_down|33:air_slash|37:zen_headbutt|41:synchronoise|45:extrasensory|49:psycho_shift|53:roost|57:dream_eater;aerial_ace|attract|confide|double_team|dream_eater|echoed_voice|facade|fly|frustration|hidden_power|protect|psych_up|psychic|rain_dance|reflect|rest|return|roost|round|secret_power|shadow_ball|sleep_talk|steel_wing|substitute|sunny_day|swagger|thief|toxic;heat_wave|hyper_voice|magic_coat|recycle|sky_attack|snore|tailwind|uproar|zen_headbutt;agility|defog|feather_dance|feint_attack|mirror_move|night_shade|sky_attack|supersonic|whirlwind|wing_attack;flying;noctowl@20;;163;Búho;0,7;21,2;marrón;50;no;Su percepción del tiempo es exacta. Ocurra lo que ocurra, lleva el ritmo moviendo la cabeza.
noctowl;Noctowl;normal|flying;100;50;50;76;96;70;insomnia;keen_eye;tinted_lens;medium_fast;158;90;hp:2;1:dream_eater|1:foresight|1:growl|1:hypnosis|1:sky_attack|1:tackle|5:hypnosis|9:peck|13:uproar|17:reflect|22:confusion|27:echoed_voice|32:take_down|37:air_slash|42:zen_headbutt|47:synchronoise|52:extrasensory|57:psycho_shift|62:roost|67:dream_eater;aerial_ace|attract|confide|double_team|dream_eater|echoed_voice|facade|fly|frustration|giga_impact|hidden_power|hyper_beam|protect|psych_up|psychic|rain_dance|reflect|rest|return|roost|round|secret_power|shadow_ball|sleep_talk|steel_wing|substitute|sunny_day|swagger|thief|toxic;heat_wave|hyper_voice|magic_coat|recycle|sky_attack|snore|tailwind|uproar|zen_headbutt;;flying;;;164;Búho;1,6;40,8;marrón;50;no;Sus ojos están especialmente adaptados. Concentran la luz para poder ver en la oscuridad.
ledyba;Ledyba;bug|flying;40;20;30;40;80;55;swarm;early_bird;rattled;fast;53;255;sp_defense:1;1:tackle|6:supersonic|9:comet_punch|14:light_screen|14:reflect|14:safeguard|17:mach_punch|22:baton_pass|25:silver_wind|30:agility|33:swift|38:double_edge|41:bug_buzz;acrobatics|aerial_ace|attract|brick_break|confide|dig|double_team|facade|flash|fling|frustration|hidden_power|infestation|light_screen|power_up_punch|protect|reflect|rest|return|roost|round|safeguard|secret_power|sleep_talk|solar_beam|struggle_bug|substitute|sunny_day|swagger|swords_dance|thief|toxic|u_turn;bug_bite|drain_punch|focus_punch|giga_drain|ice_punch|knock_off|snore|tailwind|thunder_punch|uproar;bide|bug_bite|bug_buzz|dizzy_punch|drain_punch|encore|focus_punch|knock_off|psybeam|screech|silver_wind|tailwind;bug;ledian@18;;165;5 Estrellas;1;10,8;rojo;50;no;Cuando llega el frío, se reúnen muchos Ledyba de todas partes para darse calor.
ledian;Ledian;bug|flying;55;35;50;55;110;85;swarm;early_bird;iron_fist;fast;137;90;sp_defense:2;1:comet_punch|1:supersonic|1:tackle|6:supersonic|9:comet_punch|14:light_screen|14:reflect|14:safeguard|17:mach_punch|24:baton_pass|29:silver_wind|36:agility|41:swift|48:double_edge|53:bug_buzz;acrobatics|aerial_ace|attract|brick_break|confide|dig|double_team|facade|flash|fling|focus_blast|frustration|giga_impact|hidden_power|hyper_beam|infestation|light_screen|power_up_punch|protect|reflect|rest|return|rock_smash|roost|round|safeguard|secret_power|sleep_talk|solar_beam|strength|struggle_bug|substitute|sunny_day|swagger|swords_dance|thief|toxic|u_turn;bug_bite|drain_punch|focus_punch|giga_drain|ice_punch|knock_off|snore|tailwind|thunder_punch|uproar;;bug;;;166;5 Estrellas;1,4;35,6;rojo;50;no;Cuando parpadean las estrellas en el cielo nocturno, se mece desprendiendo un polvo brillante.
spinarak;Spinarak;bug|poison;40;60;40;40;40;30;swarm;insomnia;sniper;fast;50;255;attack:1;1:poison_sting|1:string_shot|5:scary_face|8:constrict|12:leech_life|15:night_shade|19:shadow_sneak|22:fury_swipes|26:sucker_punch|29:spider_web|33:agility|36:pin_missile|40:psychic|43:poison_jab|47:cross_poison|50:sticky_web;attract|confide|dig|double_team|facade|flash|frustration|hidden_power|hone_claws|infestation|poison_jab|protect|psychic|rest|return|round|secret_power|sleep_talk|sludge_bomb|solar_beam|struggle_bug|substitute|sunny_day|swagger|thief|toxic|venoshock|x_scissor;bounce|bug_bite|electroweb|foul_play|giga_drain|signal_beam|snore;baton_pass|disable|electroweb|megahorn|night_slash|psybeam|pursuit|rage_powder|signal_beam|sonic_boom|toxic_spikes|twineedle;bug;ariados@22;;167;Escupesoga;0,5;8,5;verde;50;no;Teje su telaraña con hilo fino pero resistente. Espera pacientemente a que caiga su presa.
ariados;Ariados;bug|poison;70;90;70;60;60;40;swarm;insomnia;sniper;fast;140;90;attack:2;1:bug_bite|1:constrict|1:fell_stinger|1:poison_sting|1:scary_face|1:string_shot|1:venom_drench|5:scary_face|8:constrict|12:leech_life|15:night_shade|19:shadow_sneak|23:fury_swipes|28:sucker_punch|32:spider_web|37:agility|41:pin_missile|46:psychic|50:poison_jab|55:cross_poison|58:sticky_web;attract|confide|dig|double_team|facade|flash|frustration|giga_impact|hidden_power|hone_claws|hyper_beam|infestation|poison_jab|protect|psychic|rest|return|round|secret_power|sleep_talk|sludge_bomb|solar_beam|struggle_bug|substitute|sunny_day|swagger|thief|toxic|venoshock|x_scissor;bounce|bug_bite|electroweb|foul_play|giga_drain|signal_beam|snore;;bug;;;168;Pata Larga;1,1;33,5;rojo;50;no;Teje su telaraña desde atrás y desde su boca. Es muy difícil saber dónde está cada cual.
crobat;Crobat;poison|flying;85;90;80;70;80;130;inner_focus;;infiltrator;medium_fast;241;90;speed:3;1:astonish|1:bite|1:cross_poison|1:leech_life|1:screech|1:supersonic|5:supersonic|7:astonish|11:bite|13:wing_attack|17:confuse_ray|19:air_cutter|24:swift|27:poison_fang|32:mean_look|35:acrobatics|40:haze|43:venoshock|48:air_slash|51:quick_guard;acrobatics|aerial_ace|attract|confide|dark_pulse|double_team|facade|fly|frustration|giga_impact|hidden_power|hyper_beam|payback|protect|rain_dance|rest|return|roost|round|secret_power|shadow_ball|sleep_talk|sludge_bomb|steel_wing|substitute|sunny_day|swagger|taunt|thief|torment|toxic|u_turn|venoshock|x_scissor;giga_drain|heat_wave|sky_attack|snatch|snore|super_fang|tailwind|uproar|zen_headbutt;;flying;;;169;Murciélago;1,8;75;morado;50;no;Es tan silencioso cuando vuela en la oscuridad con sus cuatro alas, que cuesta percibirlo cuando se acerca.
chinchou;Chinchou;water|electric;75;38;38;56;56;67;volt_absorb;illuminate;water_absorb;slow;66;190;hp:1;1:bubble|1:supersonic|6:thunder_wave|9:electro_ball|12:water_gun|17:confuse_ray|20:bubble_beam|23:spark|28:signal_beam|31:flail|34:discharge|39:take_down|42:aqua_ring|45:hydro_pump|47:ion_deluge|50:charge;attract|blizzard|charge_beam|confide|dazzling_gleam|dive|double_team|facade|flash|frustration|hail|hidden_power|ice_beam|protect|rain_dance|rest|return|round|scald|secret_power|sleep_talk|substitute|surf|swagger|thunder|thunder_wave|thunderbolt|toxic|volt_switch|waterfall|wild_charge;bounce|heal_bell|icy_wind|shock_wave|signal_beam|snore|water_pulse;agility|amnesia|brine|flail|mist|psybeam|screech|shock_wave|soak|water_pulse|whirlpool;water2;lanturn@27;;170;Rape;0,5;12;azul;50;no;En el oscuro fondo del océano, su único modo de comunicarse es emitiendo luces parpadeantes.
lanturn;Lanturn;water|electric;125;58;58;76;76;67;volt_absorb;illuminate;water_absorb;slow;161;75;hp:2;1:bubble|1:eerie_impulse|1:electro_ball|1:supersonic|1:thunder_wave|6:thunder_wave|9:electro_ball|12:water_gun|17:confuse_ray|20:bubble_beam|23:spark|27:spit_up|27:stockpile|27:swallow|29:signal_beam|33:flail|37:discharge|43:take_down|47:aqua_ring|51:hydro_pump|54:ion_deluge|58:charge;attract|blizzard|charge_beam|confide|dazzling_gleam|dive|double_team|facade|flash|frustration|giga_impact|hail|hidden_power|hyper_beam|ice_beam|protect|rain_dance|rest|return|round|scald|secret_power|sleep_talk|substitute|surf|swagger|thunder|thunder_wave|thunderbolt|toxic|volt_switch|waterfall|wild_charge;aqua_tail|bounce|heal_bell|icy_wind|shock_wave|signal_beam|snore|water_pulse;;water2;;;171;Luz;1,2;22,5;azul;50;no;La luz de Lanturn se puede ver desde lo más profundo. Se le llama la Estrella de Alta Mar.
pichu;Pichu;electric;20;40;15;35;35;60;static;;lightning_rod;medium_fast;41;190;speed:1;1:charm|1:thunder_shock|5:tail_whip|10:sweet_kiss|13:nasty_plot|18:thunder_wave;attract|charge_beam|confide|double_team|echoed_voice|facade|flash|fling|frustration|grass_knot|hidden_power|light_screen|protect|rain_dance|rest|return|round|secret_power|sleep_talk|substitute|swagger|thunder|thunder_wave|thunderbolt|toxic|volt_switch|wild_charge;covet|electroweb|helping_hand|iron_tail|magnet_rise|shock_wave|signal_beam|snore|thunder_punch|uproar;bestow|bide|charge|disarming_voice|double_slap|encore|endure|fake_out|flail|lucky_chant|present|reversal|thunder_punch|tickle|wish;no_eggs;pikachu@amistad;;172;Ratoncito;0,3;2;amarillo;50;no;Cuando juegan, se tocan las colas y emiten chispas. Al parecer, es una prueba de valor.
cleffa;Cleffa;fairy;50;25;28;45;55;15;cute_charm;magic_guard;friend_guard;fast;44;150;sp_defense:1;1:charm|1:pound|4:encore|7:sing|10:sweet_kiss|13:copycat|16:magical_leaf;attract|confide|dig|double_team|dream_eater|echoed_voice|facade|fire_blast|flamethrower|flash|fling|frustration|grass_knot|hidden_power|incinerate|light_screen|protect|psych_up|psychic|psyshock|rain_dance|reflect|rest|return|round|safeguard|secret_power|shadow_ball|sleep_talk|solar_beam|substitute|sunny_day|swagger|thunder_wave|toxic;after_you|covet|endeavor|gravity|helping_hand|hyper_voice|icy_wind|iron_tail|last_resort|magic_coat|recycle|role_play|shock_wave|signal_beam|snore|trick|uproar|water_pulse|wonder_room|zen_headbutt;amnesia|aromatherapy|belly_drum|covet|fake_tears|heal_pulse|metronome|mimic|misty_terrain|present|splash|stored_power|tickle|wish;no_eggs;clefairy@amistad;;173;Estrella;0,3;3;rosa;75;no;Por su inusual forma estrellada, la gente cree que procede de un meteorito que cayó a la tierra.
igglybuff;Igglybuff;normal|fairy;90;30;15;40;20;15;cute_charm;competitive;friend_guard;fast;42;170;hp:1;1:charm|1:sing|3:defense_curl|5:pound|9:sweet_kiss|11:copycat;attract|confide|dig|double_team|dream_eater|echoed_voice|facade|fire_blast|flamethrower|flash|fling|frustration|grass_knot|hidden_power|incinerate|light_screen|protect|psych_up|psychic|rain_dance|reflect|rest|return|round|safeguard|secret_power|shadow_ball|sleep_talk|solar_beam|substitute|sunny_day|swagger|thunder_wave|toxic|wild_charge;bounce|covet|endeavor|gravity|heal_bell|helping_hand|hyper_voice|icy_wind|last_resort|magic_coat|pain_split|recycle|role_play|shock_wave|snore|uproar|water_pulse;captivate|covet|fake_tears|feint_attack|gravity|heal_pulse|last_resort|misty_terrain|perish_song|present|punishment|sleep_talk|wish;no_eggs;jigglypuff@amistad;;174;Globo;0,3;1;rosa;75;no;Para caminar, en lugar de usar los pies que tiene, opta por dar botes con su cuerpo redondo y blandito.
togepi;Togepi;fairy;35;20;65;40;65;20;hustle;serene_grace;super_luck;fast;49;190;sp_defense:1;1:charm|1:growl|5:metronome|9:sweet_kiss|13:yawn|17:encore|21:follow_me|25:bestow|29:wish|33:ancient_power|37:safeguard|41:baton_pass|45:double_edge|49:last_resort|53:after_you;attract|confide|dazzling_gleam|double_team|dream_eater|echoed_voice|facade|fire_blast|flamethrower|flash|fling|frustration|grass_knot|hidden_power|incinerate|light_screen|protect|psych_up|psychic|psyshock|rain_dance|reflect|rest|return|rock_smash|round|safeguard|secret_power|shadow_ball|sleep_talk|solar_beam|substitute|sunny_day|swagger|thunder_wave|toxic;after_you|covet|endeavor|heal_bell|hyper_voice|last_resort|magic_coat|shock_wave|signal_beam|snore|trick|uproar|water_pulse|zen_headbutt;extrasensory|foresight|future_sight|lucky_chant|mirror_move|morning_sun|nasty_plot|peck|present|psycho_shift|secret_power|stored_power;no_eggs;togetic@amistad;;175;Bolaclavos;0,3;1,5;blanco;12,5;no;El cascarón parece estar lleno de alegría. Dicen que trae buena suerte si es tratado con cariño.
togetic;Togetic;fairy|flying;55;40;85;80;105;40;hustle;serene_grace;super_luck;fast;142;75;sp_defense:2;1:charm|1:growl|1:magical_leaf|1:metronome|1:sweet_kiss|5:metronome|9:sweet_kiss|13:yawn|14:fairy_wind|17:encore|21:follow_me|25:bestow|29:wish|33:ancient_power|37:safeguard|41:baton_pass|45:double_edge|49:last_resort|53:after_you;aerial_ace|attract|brick_break|confide|dazzling_gleam|double_team|dream_eater|echoed_voice|facade|fire_blast|flamethrower|flash|fling|fly|frustration|giga_impact|grass_knot|hidden_power|hyper_beam|incinerate|light_screen|protect|psych_up|psychic|psyshock|rain_dance|reflect|rest|retaliate|return|rock_smash|roost|round|safeguard|secret_power|shadow_ball|sleep_talk|solar_beam|steel_wing|substitute|sunny_day|swagger|thunder_wave|toxic;after_you|covet|drain_punch|endeavor|focus_punch|heal_bell|heat_wave|hyper_voice|last_resort|magic_coat|shock_wave|signal_beam|snore|tailwind|trick|water_pulse|zen_headbutt;;flying|fairy;togekiss@objeto:shiny_stone;;176;Felicidad;0,6;3,2;blanco;12,5;no;Si no está con gente amable, se entristece. Puede flotar en el aire sin mover las alas.
natu;Natu;psychic|flying;40;50;45;70;45;70;synchronize;early_bird;magic_bounce;medium_fast;64;190;sp_attack:1;1:leer|1:peck|6:night_shade|9:teleport|12:lucky_chant|17:stored_power|20:ominous_wind|23:confuse_ray|28:wish|33:psychic|36:miracle_eye|39:psycho_shift|44:future_sight|47:guard_swap|47:power_swap|50:me_first;aerial_ace|attract|calm_mind|confide|dazzling_gleam|double_team|dream_eater|facade|flash|frustration|grass_knot|hidden_power|light_screen|protect|psych_up|psychic|psyshock|rain_dance|reflect|rest|return|roost|round|secret_power|shadow_ball|sleep_talk|solar_beam|steel_wing|substitute|sunny_day|swagger|thief|thunder_wave|toxic|trick_room|u_turn;giga_drain|heat_wave|magic_coat|magic_room|pain_split|signal_beam|skill_swap|sky_attack|snore|tailwind|trick|zen_headbutt;ally_switch|drill_peck|feather_dance|feint_attack|haze|quick_attack|refresh|roost|simple_beam|skill_swap|steel_wing|sucker_punch|synchronoise|zen_headbutt;flying;xatu@25;;177;Pajarito;0,2;2;verde;50;no;Va dando saltitos porque sus alas no han crecido lo suficiente. Siempre está pendiente de algo.
xatu;Xatu;psychic|flying;65;75;70;95;70;95;synchronize;early_bird;magic_bounce;medium_fast;165;75;sp_attack:1|speed:1;1:leer|1:night_shade|1:peck|1:tailwind|1:teleport|6:night_shade|9:teleport|12:lucky_chant|17:stored_power|20:ominous_wind|23:confuse_ray|25:air_slash|29:wish|35:psychic|39:miracle_eye|43:psycho_shift|49:future_sight|53:guard_swap|53:power_swap|57:me_first;aerial_ace|attract|calm_mind|confide|dazzling_gleam|double_team|dream_eater|facade|flash|fly|frustration|giga_impact|grass_knot|hidden_power|hyper_beam|light_screen|protect|psych_up|psychic|psyshock|rain_dance|reflect|rest|return|roost|round|secret_power|shadow_ball|sleep_talk|solar_beam|steel_wing|substitute|sunny_day|swagger|thief|thunder_wave|toxic|trick_room|u_turn;foul_play|giga_drain|heat_wave|magic_coat|magic_room|pain_split|signal_beam|skill_swap|sky_attack|snore|tailwind|trick|zen_headbutt;;flying;;;178;Místico;1,5;15;verde;50;no;Cuando se pone a meditar al amanecer, pierde la noción del tiempo. Puede pasarse así todo el día.
mareep;Mareep;electric;55;40;40;65;45;35;static;;plus;medium_slow;56;235;sp_attack:1;1:growl|1:tackle|4:thunder_wave|8:thunder_shock|11:cotton_spore|15:charge|18:take_down|22:electro_ball|25:confuse_ray|29:power_gem|32:discharge|36:cotton_guard|39:signal_beam|43:light_screen|46:thunder;attract|charge_beam|confide|double_team|echoed_voice|facade|flash|frustration|hidden_power|light_screen|protect|rain_dance|rest|return|round|safeguard|secret_power|sleep_talk|substitute|swagger|thunder|thunder_wave|thunderbolt|toxic|wild_charge;after_you|electroweb|heal_bell|iron_tail|magnet_rise|shock_wave|signal_beam|snore;after_you|agility|body_slam|charge|eerie_impulse|electric_terrain|flatter|iron_tail|odor_sleuth|sand_attack|screech|take_down;monster|ground;flaaffy@15;;179;Lana;0,6;7,8;blanco;50;no;Su pelaje lanudo dobla su volumen al acumular electricidad estática. Tocarlo puede dar calambre.
flaaffy;Flaaffy;electric;70;55;55;80;60;45;static;;plus;medium_slow;128;120;sp_attack:2;1:growl|1:tackle|1:thunder_shock|1:thunder_wave|4:thunder_wave|8:thunder_shock|11:cotton_spore|16:charge|20:take_down|25:electro_ball|29:confuse_ray|34:power_gem|38:discharge|43:cotton_guard|47:signal_beam|52:light_screen|56:thunder;attract|brick_break|charge_beam|confide|double_team|echoed_voice|facade|flash|fling|frustration|hidden_power|light_screen|power_up_punch|protect|rain_dance|rest|return|rock_smash|round|safeguard|secret_power|sleep_talk|strength|substitute|swagger|thunder|thunder_wave|thunderbolt|toxic|volt_switch|wild_charge;after_you|electroweb|fire_punch|focus_punch|heal_bell|iron_tail|magnet_rise|shock_wave|signal_beam|snore|thunder_punch;;monster|ground;ampharos@30;;180;Lana;0,8;13,3;rosa;50;no;Su esponjosa lana almacena electricidad. Su piel gomosa evita que sea electrocutado.
ampharos;Ampharos;electric;90;75;85;115;90;55;static;;plus;medium_slow;230;45;sp_attack:3;1:dragon_pulse|1:fire_punch|1:growl|1:ion_deluge|1:magnetic_flux|1:tackle|1:thunder_shock|1:thunder_wave|1:zap_cannon|4:thunder_wave|8:thunder_shock|11:cotton_spore|16:charge|20:take_down|25:electro_ball|29:confuse_ray|30:thunder_punch|35:power_gem|40:discharge|46:cotton_guard|51:signal_beam|57:light_screen|62:thunder|65:dragon_pulse;attract|brick_break|bulldoze|charge_beam|confide|double_team|echoed_voice|facade|flash|fling|focus_blast|frustration|giga_impact|hidden_power|hyper_beam|light_screen|power_up_punch|protect|rain_dance|rest|return|rock_smash|round|safeguard|secret_power|sleep_talk|strength|substitute|swagger|thunder|thunder_wave|thunderbolt|toxic|volt_switch|wild_charge;after_you|dragon_pulse|electroweb|fire_punch|focus_punch|heal_bell|iron_tail|magnet_rise|outrage|shock_wave|signal_beam|snore|thunder_punch;;monster|ground;;;181;Luz;1,4;61,5;amarillo;50;no;La punta de su cola reluce brillantemente y puede ser vista desde lejos. Es usado como faro.
bellossom;Bellossom;grass;75;80;95;90;100;50;chlorophyll;;healer;medium_slow;221;45;sp_defense:3;1:leaf_blade|1:leaf_storm|1:mega_drain|1:stun_spore|1:sunny_day|1:sweet_scent|24:magical_leaf|49:petal_blizzard|64:leaf_storm;attract|confide|cut|dazzling_gleam|double_team|energy_ball|facade|flash|fling|frustration|giga_impact|grass_knot|hidden_power|hyper_beam|infestation|nature_power|protect|rest|return|round|safeguard|secret_power|sleep_talk|sludge_bomb|solar_beam|substitute|sunny_day|swagger|swords_dance|toxic|venoshock;after_you|drain_punch|gastro_acid|giga_drain|seed_bomb|snore|synthesis|uproar|worry_seed;;plant;;;182;Flor;0,4;5,8;verde;50;no;Los Bellossom suelen reunirse para bailar. Dicen que sus danzas son un ritual para invocar al sol.
marill;Marill;water|fairy;70;20;50;20;50;40;thick_fat;huge_power;sap_sipper;fast;88;190;hp:2;1:tackle|1:water_gun|2:tail_whip|5:water_sport|7:bubble|10:defense_curl|10:rollout|13:bubble_beam|16:helping_hand|20:aqua_tail|23:play_rough|28:aqua_ring|31:rain_dance|37:double_edge|40:superpower|47:hydro_pump;attract|blizzard|brick_break|confide|dig|dive|double_team|facade|fling|frustration|grass_knot|hail|hidden_power|ice_beam|light_screen|power_up_punch|protect|rain_dance|rest|return|rock_smash|round|scald|secret_power|sleep_talk|strength|substitute|surf|swagger|toxic|waterfall;aqua_tail|bounce|covet|focus_punch|helping_hand|hyper_voice|ice_punch|icy_wind|iron_tail|knock_off|snore|superpower|water_pulse;amnesia|aqua_jet|belly_drum|body_slam|camouflage|future_sight|muddy_water|perish_song|present|refresh|superpower|supersonic|water_sport;water1|fairy;azumarill@18;;183;Ratón Agua;0,4;8,5;azul;50;no;Tiene una piel que repele el agua. De hecho, puede pasarse horas jugando en el agua sin mojarse.
azumarill;Azumarill;water|fairy;100;50;80;60;80;50;thick_fat;huge_power;sap_sipper;fast;189;75;hp:3;1:tackle|1:tail_whip|1:water_gun|1:water_sport|2:tail_whip|5:water_sport|7:bubble|10:defense_curl|10:rollout|13:bubble_beam|16:helping_hand|21:aqua_tail|25:play_rough|31:aqua_ring|35:rain_dance|42:double_edge|46:superpower|55:hydro_pump;attract|blizzard|brick_break|bulldoze|confide|dig|dive|double_team|facade|fling|focus_blast|frustration|giga_impact|grass_knot|hail|hidden_power|hyper_beam|ice_beam|light_screen|power_up_punch|protect|rain_dance|rest|return|rock_smash|round|scald|secret_power|sleep_talk|strength|substitute|surf|swagger|toxic|waterfall;aqua_tail|bounce|covet|focus_punch|helping_hand|hyper_voice|ice_punch|icy_wind|iron_tail|knock_off|snore|superpower|water_pulse;;water1|fairy;;;184;Conejo Agua;0,8;28,5;azul;50;no;Sus largas orejas son sensores que pueden percibir movimientos de seres vivos en el lecho del río.
sudowoodo;Sudowoodo;rock;70;100;115;30;65;30;sturdy;rock_head;rattled;medium_fast;144;65;defense:2;1:copycat|1:flail|1:low_kick|1:rock_throw|1:wood_hammer|5:flail|8:low_kick|12:rock_throw|15:mimic|15:slam|19:feint_attack|22:rock_tomb|26:block|29:rock_slide|33:counter|36:sucker_punch|40:double_edge|43:stone_edge|47:hammer_arm;attract|brick_break|bulldoze|calm_mind|confide|dig|double_team|earthquake|explosion|facade|fling|frustration|hidden_power|nature_power|power_up_punch|protect|psych_up|rest|return|rock_polish|rock_slide|rock_smash|rock_tomb|round|sandstorm|secret_power|sleep_talk|smack_down|stone_edge|strength|substitute|sunny_day|swagger|taunt|thief|torment|toxic;after_you|block|covet|earth_power|fire_punch|focus_punch|foul_play|helping_hand|ice_punch|low_kick|role_play|snore|stealth_rock|thunder_punch;curse|defense_curl|endure|harden|headbutt|rollout|sand_tomb|self_destruct|stealth_rock;mineral;;;185;Imitación;1,2;38;marrón;50;no;Aunque pretende ser un árbol, en su composición se parece más a una roca que a una planta.
politoed;Politoed;water;90;75;75;90;100;70;water_absorb;damp;drizzle;medium_slow;225;45;sp_defense:3;1:bubble_beam|1:double_slap|1:hypnosis|1:perish_song|27:swagger|37:bounce|48:hyper_voice;attract|blizzard|brick_break|bulldoze|confide|dig|dive|double_team|earthquake|echoed_voice|facade|fling|focus_blast|frustration|giga_impact|hail|hidden_power|hyper_beam|ice_beam|payback|power_up_punch|protect|psychic|rain_dance|rest|return|rock_smash|round|scald|secret_power|sleep_talk|strength|substitute|surf|swagger|thief|toxic|waterfall;bounce|endeavor|focus_punch|helping_hand|hyper_voice|ice_punch|icy_wind|snore|water_pulse;;water1;;;186;Rana;1,1;33,9;verde;50;no;Cuando tres o más de estos se juntan, emiten un sonido muy fuerte parecido a un bramido.
hoppip;Hoppip;grass|flying;35;35;40;35;55;50;chlorophyll;leaf_guard;infiltrator;medium_slow;50;255;sp_defense:1;1:splash|4:synthesis|6:tail_whip|8:tackle|10:fairy_wind|12:poison_powder|14:stun_spore|16:sleep_powder|19:bullet_seed|22:leech_seed|25:mega_drain|28:acrobatics|31:rage_powder|34:cotton_spore|37:u_turn|40:worry_seed|43:giga_drain|46:bounce|49:memento;acrobatics|aerial_ace|attract|confide|dazzling_gleam|double_team|energy_ball|facade|flash|frustration|grass_knot|hidden_power|infestation|protect|psych_up|reflect|rest|return|round|secret_power|sleep_talk|solar_beam|substitute|sunny_day|swagger|swords_dance|toxic|u_turn;bounce|giga_drain|helping_hand|seed_bomb|snore|synthesis|worry_seed;amnesia|aromatherapy|confusion|cotton_guard|double_edge|encore|endure|grassy_terrain|helping_hand|seed_bomb|worry_seed;fairy|plant;skiploom@18;;187;Algadón;0,4;0,5;rosa;50;no;Su cuerpo es tan ligero, que debe agarrarse bien al suelo con las patas para no irse con el viento.
skiploom;Skiploom;grass|flying;55;45;50;45;65;80;chlorophyll;leaf_guard;infiltrator;medium_slow;119;120;speed:2;1:splash|1:synthesis|1:tackle|1:tail_whip|4:synthesis|6:tail_whip|8:tackle|10:fairy_wind|12:poison_powder|14:stun_spore|16:sleep_powder|20:bullet_seed|24:leech_seed|28:mega_drain|32:acrobatics|36:rage_powder|40:cotton_spore|44:u_turn|48:worry_seed|52:giga_drain|56:bounce|60:memento;acrobatics|aerial_ace|attract|confide|dazzling_gleam|double_team|energy_ball|facade|flash|frustration|grass_knot|hidden_power|infestation|protect|psych_up|reflect|rest|return|round|secret_power|sleep_talk|solar_beam|substitute|sunny_day|swagger|swords_dance|toxic|u_turn;bounce|giga_drain|helping_hand|seed_bomb|snore|synthesis|worry_seed;;fairy|plant;jumpluff@27;;188;Algadón;0,6;1;verde;50;no;La flor de su cabeza se abre y cierra según suba o baje la temperatura.
jumpluff;Jumpluff;grass|flying;75;55;70;55;95;110;chlorophyll;leaf_guard;infiltrator;medium_slow;207;45;speed:3;1:splash|1:synthesis|1:tackle|1:tail_whip|4:synthesis|6:tail_whip|8:tackle|10:fairy_wind|12:poison_powder|14:stun_spore|16:sleep_powder|20:bullet_seed|24:leech_seed|29:mega_drain|34:acrobatics|39:rage_powder|44:cotton_spore|49:u_turn|54:worry_seed|59:giga_drain|64:bounce|69:memento;acrobatics|aerial_ace|attract|confide|dazzling_gleam|double_team|energy_ball|facade|flash|frustration|giga_impact|grass_knot|hidden_power|hyper_beam|infestation|protect|psych_up|reflect|rest|return|round|secret_power|sleep_talk|solar_beam|substitute|sunny_day|swagger|swords_dance|toxic|u_turn;bounce|giga_drain|helping_hand|seed_bomb|snore|synthesis|worry_seed;;fairy|plant;;;189;Algadón;0,8;3;azul;50;no;Los vientos estacionales lo llevan por todo el mundo, donde va soltando sus esporas.
aipom;Aipom;normal;55;70;55;40;55;85;run_away;pickup;skill_link;fast;72;45;speed:1;1:scratch|1:tail_whip|4:sand_attack|8:astonish|11:baton_pass|15:tickle|18:fury_swipes|22:swift|25:screech|29:agility|32:double_hit|36:fling|39:nasty_plot|43:last_resort;acrobatics|aerial_ace|attract|brick_break|confide|cut|dig|double_team|dream_eater|facade|fling|frustration|grass_knot|hidden_power|hone_claws|low_sweep|payback|power_up_punch|protect|rain_dance|rest|retaliate|return|rock_smash|round|secret_power|shadow_ball|shadow_claw|sleep_talk|solar_beam|strength|substitute|sunny_day|swagger|taunt|thief|thunder|thunder_wave|thunderbolt|toxic|u_turn;bounce|covet|fire_punch|focus_punch|foul_play|gunk_shot|ice_punch|iron_tail|knock_off|last_resort|low_kick|role_play|seed_bomb|shock_wave|snatch|snore|spite|thunder_punch|uproar|water_pulse;agility|beat_up|bounce|counter|covet|double_slap|fake_out|pursuit|quick_guard|revenge|screech|slam|spite|switcheroo;ground;ambipom@subir+sabe:double_hit;;190;Cola Larga;0,8;11,5;morado;50;no;Vive en lo alto de los árboles. Cuando salta de rama en rama, usa su cola para equilibrarse.
sunkern;Sunkern;grass;30;30;30;30;30;30;chlorophyll;solar_power;early_bird;medium_slow;36;235;sp_attack:1;1:absorb|1:growth|4:ingrain|7:grass_whistle|10:mega_drain|13:leech_seed|16:razor_leaf|19:worry_seed|22:giga_drain|25:endeavor|28:synthesis|31:natural_gift|34:solar_beam|37:double_edge|40:sunny_day|43:seed_bomb;attract|confide|cut|double_team|energy_ball|facade|flash|frustration|grass_knot|hidden_power|light_screen|nature_power|protect|rest|return|round|safeguard|secret_power|sleep_talk|sludge_bomb|solar_beam|substitute|sunny_day|swagger|swords_dance|toxic;after_you|earth_power|endeavor|giga_drain|helping_hand|seed_bomb|snore|synthesis|uproar|worry_seed;bide|curse|encore|endure|grass_whistle|grassy_terrain|helping_hand|ingrain|leech_seed|morning_sun|natural_gift|nature_power|sweet_scent;plant;sunflora@objeto:sun_stone;;191;Semilla;0,3;1,8;amarillo;50;no;Puede caer del cielo de repente. Si le ataca un Spearow, moverá violentamente sus hojas.
sunflora;Sunflora;grass;75;75;55;105;85;30;chlorophyll;solar_power;early_bird;medium_slow;149;120;sp_attack:2;1:absorb|1:flower_shield|1:growth|1:pound|4:ingrain|7:grass_whistle|10:mega_drain|13:leech_seed|16:razor_leaf|19:worry_seed|22:giga_drain|25:bullet_seed|28:petal_dance|31:natural_gift|34:solar_beam|37:double_edge|40:sunny_day|43:leaf_storm|50:petal_blizzard;attract|confide|cut|double_team|energy_ball|facade|flash|frustration|giga_impact|grass_knot|hidden_power|hyper_beam|light_screen|nature_power|protect|rest|return|round|safeguard|secret_power|sleep_talk|sludge_bomb|solar_beam|substitute|sunny_day|swagger|swords_dance|toxic;after_you|earth_power|endeavor|giga_drain|helping_hand|seed_bomb|snore|synthesis|uproar|worry_seed;;plant;;;192;Sol;0,8;8,5;amarillo;50;no;A medida que se acerca el verano, va adquiriendo un color más vivo e intenso en los pétalos de la cara.
yanma;Yanma;bug|flying;65;65;45;75;45;95;speed_boost;compound_eyes;frisk;medium_fast;78;75;speed:1;1:foresight|1:tackle|6:quick_attack|11:double_team|14:sonic_boom|17:detect|22:supersonic|27:uproar|30:pursuit|33:ancient_power|38:hypnosis|43:wing_attack|46:screech|49:u_turn|54:air_slash|57:bug_buzz;aerial_ace|attract|confide|double_team|dream_eater|facade|flash|frustration|hidden_power|protect|psychic|rest|return|roost|round|secret_power|shadow_ball|sleep_talk|solar_beam|steel_wing|substitute|sunny_day|swagger|thief|toxic|u_turn;bug_bite|giga_drain|signal_beam|snore|tailwind|uproar;double_edge|feint|feint_attack|leech_life|pursuit|reversal|secret_power|signal_beam|silver_wind|whirlwind;bug;yanmega@subir+sabe:ancient_power;;193;Ala Clara;1,2;38;rojo;50;no;Su campo visual es de 360° sin girar la cabeza. Detecta hasta las presas que están a su espalda.
wooper;Wooper;water|ground;55;45;45;25;25;15;damp;water_absorb;unaware;medium_fast;42;255;hp:1;1:tail_whip|1:water_gun|5:mud_sport|9:mud_shot|15:slam|19:mud_bomb|23:amnesia|29:yawn|33:earthquake|37:rain_dance|43:haze|43:mist|47:muddy_water;attract|blizzard|bulldoze|confide|dig|dive|double_team|earthquake|facade|flash|frustration|hail|hidden_power|ice_beam|infestation|protect|rain_dance|rest|return|rock_smash|round|safeguard|sandstorm|scald|secret_power|sleep_talk|sludge_bomb|sludge_wave|substitute|surf|swagger|toxic|waterfall;after_you|aqua_tail|earth_power|ice_punch|icy_wind|iron_tail|snore|water_pulse;acid_spray|after_you|ancient_power|body_slam|counter|curse|double_kick|eerie_impulse|encore|guard_swap|mud_sport|recover|sleep_talk|spit_up|stockpile|swallow;water1|ground;quagsire@20;;194;Pez Agua;0,4;8,5;azul;50;no;Este Pokémon vive en aguas frías. Sale del agua para buscar comida cuando refresca el ambiente.
quagsire;Quagsire;water|ground;95;85;85;65;65;35;damp;water_absorb;unaware;medium_fast;151;90;hp:2;1:mud_sport|1:tail_whip|1:water_gun|5:mud_sport|9:mud_shot|15:slam|19:mud_bomb|24:amnesia|31:yawn|36:earthquake|41:rain_dance|48:haze|48:mist|53:muddy_water;attract|blizzard|brick_break|bulldoze|confide|dig|dive|double_team|earthquake|facade|flash|fling|focus_blast|frustration|giga_impact|hail|hidden_power|hyper_beam|ice_beam|infestation|power_up_punch|protect|rain_dance|rest|return|rock_slide|rock_smash|rock_tomb|round|safeguard|sandstorm|scald|secret_power|sleep_talk|sludge_bomb|sludge_wave|stone_edge|strength|substitute|surf|swagger|thief|toxic|waterfall;after_you|aqua_tail|earth_power|focus_punch|ice_punch|icy_wind|iron_tail|snore|water_pulse;;water1|ground;;;195;Pez Agua;1,4;75;azul;50;no;Es un Pokémon bastante perezoso. Para pescar permanece en el fondo del río con la boca abierta.
espeon;Espeon;psychic;65;65;60;130;95;110;synchronize;;magic_bounce;medium_fast;184;45;sp_attack:2;1:helping_hand|1:tackle|1:tail_whip|5:sand_attack|9:confusion|13:quick_attack|17:swift|20:psybeam|25:future_sight|29:psych_up|33:morning_sun|37:psychic|41:last_resort|45:power_swap;attract|calm_mind|confide|cut|dazzling_gleam|dig|double_team|dream_eater|echoed_voice|facade|flash|frustration|giga_impact|grass_knot|hidden_power|hyper_beam|light_screen|protect|psych_up|psychic|psyshock|rain_dance|reflect|rest|retaliate|return|round|secret_power|shadow_ball|sleep_talk|substitute|sunny_day|swagger|toxic|trick_room;covet|heal_bell|helping_hand|hyper_voice|iron_tail|last_resort|magic_coat|magic_room|signal_beam|skill_swap|snore|trick|zen_headbutt;;ground;;;196;Sol;0,9;26,5;morado;12,5;no;Al predecir el siguiente movimiento de su rival, chasquea el extremo de la cola bífida que tiene.
umbreon;Umbreon;dark;95;65;110;60;130;65;synchronize;;inner_focus;medium_fast;184;45;sp_defense:2;1:helping_hand|1:tackle|1:tail_whip|5:sand_attack|9:pursuit|13:quick_attack|17:confuse_ray|20:feint_attack|25:assurance|29:screech|33:moonlight|37:mean_look|41:last_resort|45:guard_swap;attract|confide|cut|dark_pulse|dig|double_team|dream_eater|echoed_voice|facade|flash|frustration|giga_impact|hidden_power|hyper_beam|payback|protect|psych_up|psychic|rain_dance|rest|retaliate|return|round|secret_power|shadow_ball|sleep_talk|snarl|substitute|sunny_day|swagger|taunt|torment|toxic;covet|foul_play|heal_bell|helping_hand|hyper_voice|iron_tail|last_resort|snatch|snore|spite|wonder_room;;ground;;;197;Luz Lunar;1;27;negro;12,5;no;Creado cuando la luz lunar alteró la estructura genética de Eevee. Busca presas en la oscuridad.
murkrow;Murkrow;dark|flying;60;85;42;85;42;91;insomnia;super_luck;prankster;medium_slow;81;30;speed:1;1:astonish|1:peck|5:pursuit|11:haze|15:wing_attack|21:night_shade|25:assurance|31:taunt|35:feint_attack|41:mean_look|45:foul_play|50:tailwind|55:sucker_punch|61:torment|65:quash;aerial_ace|attract|calm_mind|confide|dark_pulse|double_team|dream_eater|embargo|facade|fly|frustration|hidden_power|payback|protect|psych_up|psychic|quash|rain_dance|rest|retaliate|return|roost|round|secret_power|shadow_ball|sleep_talk|snarl|steel_wing|substitute|sunny_day|swagger|taunt|thief|thunder_wave|torment|toxic;foul_play|heat_wave|icy_wind|sky_attack|snatch|snore|spite|tailwind|uproar;assurance|brave_bird|confuse_ray|drill_peck|feather_dance|feint_attack|flatter|mirror_move|perish_song|psycho_shift|roost|screech|sky_attack|whirlwind|wing_attack;flying;honchkrow@objeto:dusk_stone;;198;Oscuridad;0,5;2,1;negro;50;no;Esconde objetos brillantes en un lugar secreto. Meowth y Murkrow suelen saquear su escondite.
slowking;Slowking;water|psychic;95;75;80;100;110;30;oblivious;own_tempo;regenerator;medium_fast;172;70;sp_defense:2;1:curse|1:heal_pulse|1:hidden_power|1:power_gem|1:tackle|1:yawn|5:growl|9:water_gun|14:confusion|19:disable|23:headbutt|28:water_pulse|32:zen_headbutt|36:nasty_plot|41:swagger|45:psychic|49:trump_card|54:psych_up|58:heal_pulse;attract|blizzard|brick_break|bulldoze|calm_mind|confide|dig|dive|double_team|dragon_tail|dream_eater|earthquake|echoed_voice|facade|fire_blast|flamethrower|flash|fling|focus_blast|frustration|giga_impact|grass_knot|hail|hidden_power|hyper_beam|ice_beam|incinerate|light_screen|power_up_punch|protect|psych_up|psychic|psyshock|quash|rain_dance|rest|return|rock_smash|round|safeguard|scald|secret_power|shadow_ball|sleep_talk|strength|substitute|sunny_day|surf|swagger|thunder_wave|toxic|trick_room;after_you|aqua_tail|block|drain_punch|focus_punch|foul_play|ice_punch|icy_wind|iron_defense|iron_tail|magic_coat|recycle|signal_beam|skill_swap|snore|trick|water_pulse|wonder_room|zen_headbutt;;monster|water1;;;199;Regio;2;79,5;rosa;50;no;Su intelecto e intuición son increíbles. No pierde la compostura en ninguna situación.
misdreavus;Misdreavus;ghost;60;60;60;85;85;85;levitate;;;fast;87;45;sp_defense:1;1:growl|1:psywave|5:spite|10:astonish|14:confuse_ray|19:mean_look|23:hex|28:psybeam|32:pain_split|37:payback|41:shadow_ball|46:perish_song|50:grudge|55:power_gem;aerial_ace|attract|calm_mind|charge_beam|confide|dark_pulse|dazzling_gleam|double_team|dream_eater|echoed_voice|embargo|facade|flash|frustration|hidden_power|payback|protect|psych_up|psychic|rain_dance|rest|return|round|secret_power|shadow_ball|sleep_talk|substitute|sunny_day|swagger|taunt|thief|thunder|thunder_wave|thunderbolt|torment|toxic|trick_room|will_o_wisp;foul_play|heal_bell|hyper_voice|icy_wind|magic_coat|magic_room|pain_split|shock_wave|skill_swap|snatch|snore|spite|trick|uproar|wonder_room;curse|destiny_bond|imprison|me_first|memento|nasty_plot|ominous_wind|screech|shadow_sneak|skill_swap|spite|sucker_punch|wonder_room;indeterminate;mismagius@objeto:dusk_stone;;200;Chirrido;0,7;1;gris;50;no;Se deleita con el miedo, que absorbe con sus esferas rojas. Por el día, duerme en la oscuridad.
unown;Unown;psychic;48;72;48;72;48;48;levitate;;;medium_fast;118;225;attack:1|sp_attack:1;1:hidden_power;hidden_power;;;no_eggs;;;201;Símbolo;0,5;5;negro;sin_genero;no;Su cuerpo fino y plano aparece siempre en los muros. Su forma parece tener algún significado.
wobbuffet;Wobbuffet;psychic;190;33;58;33;58;33;shadow_tag;;telepathy;medium_fast;142;45;hp:2;1:counter|1:destiny_bond|1:mirror_coat|1:safeguard;safeguard;;;indeterminate;;;202;Paciente;1,3;28,5;azul;50;no;Odia la luz y las sacudidas. Si le atacan, infla su cuerpo para aumentar su contraataque.
girafarig;Girafarig;normal|psychic;70;80;65;90;65;85;inner_focus;early_bird;sap_sipper;medium_fast;159;60;sp_attack:2;1:astonish|1:confusion|1:growl|1:guard_swap|1:power_swap|1:tackle|5:odor_sleuth|10:assurance|14:stomp|19:psybeam|23:agility|28:double_hit|32:zen_headbutt|37:crunch|41:baton_pass|46:nasty_plot|50:psychic;attract|bulldoze|calm_mind|charge_beam|confide|dazzling_gleam|double_team|dream_eater|earthquake|echoed_voice|energy_ball|facade|flash|frustration|grass_knot|hidden_power|light_screen|protect|psych_up|psychic|psyshock|rain_dance|reflect|rest|retaliate|return|rock_smash|round|secret_power|shadow_ball|sleep_talk|strength|substitute|sunny_day|swagger|thief|thunder|thunder_wave|thunderbolt|toxic|trick_room;foul_play|gravity|hyper_voice|iron_tail|magic_coat|recycle|shock_wave|signal_beam|skill_swap|snore|trick|uproar|zen_headbutt;amnesia|beat_up|double_kick|foresight|future_sight|magic_coat|mean_look|mirror_coat|razor_wind|secret_power|skill_swap|take_down|wish;ground;;;203;Gran Cuello;1,5;41,5;amarillo;50;no;Cuando duerme, la cabeza de su cola se queda vigilando, ya que ella no necesita dormir.
pineco;Pineco;bug;50;65;90;35;35;15;sturdy;;overcoat;medium_fast;58;190;defense:1;1:protect|1:tackle|6:self_destruct|9:bug_bite|12:take_down|17:rapid_spin|20:bide|23:natural_gift|28:spikes|31:payback|34:explosion|39:iron_defense|42:gyro_ball|45:double_edge;attract|bulldoze|confide|dig|double_team|earthquake|explosion|facade|frustration|gyro_ball|hidden_power|light_screen|payback|protect|reflect|rest|return|rock_slide|rock_smash|rock_tomb|round|sandstorm|secret_power|sleep_talk|solar_beam|strength|struggle_bug|substitute|sunny_day|swagger|toxic|venoshock;bug_bite|drill_run|giga_drain|gravity|iron_defense|pain_split|snore|stealth_rock;counter|double_edge|endure|flail|pin_missile|power_trick|revenge|sand_tomb|stealth_rock|swift|toxic_spikes;bug;forretress@31;;204;Larva;0,6;7,2;gris;50;no;Le gusta engrosar su coraza añadiendo cortezas de árbol. El aumento de peso no le molesta.
forretress;Forretress;bug|steel;75;90;140;60;60;40;sturdy;;overcoat;medium_fast;163;75;defense:2;1:bug_bite|1:heavy_slam|1:magnet_rise|1:protect|1:self_destruct|1:tackle|1:toxic_spikes|1:zap_cannon|12:take_down|17:rapid_spin|20:bide|23:natural_gift|28:spikes|31:mirror_shot|32:autotomize|36:payback|42:explosion|46:iron_defense|50:gyro_ball|56:double_edge|60:magnet_rise|64:zap_cannon|70:heavy_slam;attract|bulldoze|confide|dig|double_team|earthquake|explosion|facade|flash_cannon|frustration|giga_impact|gyro_ball|hidden_power|hyper_beam|light_screen|payback|protect|reflect|rest|return|rock_polish|rock_slide|rock_smash|rock_tomb|round|sandstorm|secret_power|sleep_talk|solar_beam|strength|struggle_bug|substitute|sunny_day|swagger|toxic|venoshock|volt_switch;block|bug_bite|drill_run|giga_drain|gravity|iron_defense|magnet_rise|pain_split|signal_beam|snore|stealth_rock;;bug;;;205;Larva;1,2;125,8;morado;50;no;Se protege con su concha de acero de tal manera que solo se pueden ver sus ojos.
dunsparce;Dunsparce;normal;100;70;70;65;65;45;serene_grace;run_away;rattled;medium_fast;145;190;hp:1;1:defense_curl|1:rage|4:rollout|7:spite|10:pursuit|13:screech|16:yawn|19:ancient_power|22:take_down|25:roost|28:glare|31:dig|34:double_edge|37:coil|40:endure|43:drill_run|46:endeavor|49:flail;attract|blizzard|bulldoze|calm_mind|charge_beam|confide|dig|double_team|dream_eater|earthquake|facade|fire_blast|flamethrower|frustration|gyro_ball|hidden_power|ice_beam|incinerate|poison_jab|protect|psych_up|rain_dance|rest|retaliate|return|rock_slide|rock_smash|rock_tomb|roost|round|secret_power|shadow_ball|sleep_talk|solar_beam|strength|substitute|sunny_day|swagger|thief|thunder|thunder_wave|thunderbolt|toxic|wild_charge;aqua_tail|bind|drill_run|endeavor|iron_tail|last_resort|magic_coat|pain_split|shock_wave|snore|spite|stealth_rock|water_pulse|zen_headbutt;agility|ancient_power|astonish|bide|bite|curse|headbutt|hex|magic_coat|secret_power|sleep_talk|snore|trump_card;ground;;;206;Serpiente Tierra;1,5;14;amarillo;50;no;Este Pokémon escapa hacia atrás perforando el suelo con su cola, si es descubierto.
gligar;Gligar;ground|flying;65;75;105;35;65;85;hyper_cutter;sand_veil;immunity;medium_slow;86;60;defense:1;1:poison_sting|4:sand_attack|7:harden|10:knock_off|13:quick_attack|16:fury_cutter|19:feint_attack|22:acrobatics|27:slash|30:u_turn|35:screech|40:x_scissor|45:sky_uppercut|50:swords_dance|55:guillotine;acrobatics|aerial_ace|attract|brick_break|bulldoze|confide|cut|dark_pulse|dig|double_team|earthquake|facade|false_swipe|fling|frustration|hidden_power|hone_claws|payback|poison_jab|protect|rain_dance|rest|return|rock_polish|rock_slide|rock_smash|rock_tomb|roost|round|sandstorm|secret_power|sleep_talk|sludge_bomb|steel_wing|stone_edge|strength|struggle_bug|substitute|sunny_day|swagger|swords_dance|taunt|thief|torment|toxic|u_turn|venoshock|x_scissor;aqua_tail|bug_bite|earth_power|iron_tail|knock_off|snore|stealth_rock|tailwind;agility|baton_pass|counter|cross_poison|double_edge|feint|metal_claw|night_slash|poison_tail|power_trick|razor_wind|rock_climb|sand_tomb|wing_attack;bug;gliscor@subir+hora:noche+lleva:razor_fang;;207;Escorpiala;1,1;64,8;morado;50;no;A veces se sujeta a los precipicios. Cuando divisa una presa, despliega sus alas y planea para atacar.
steelix;Steelix;steel|ground;75;85;200;55;65;30;rock_head;sturdy;sheer_force;medium_fast;179;25;defense:2;1:bind|1:fire_fang|1:harden|1:ice_fang|1:mud_sport|1:tackle|1:thunder_fang|4:curse|7:rock_throw|10:rock_tomb|13:rage|16:stealth_rock|19:autotomize|20:gyro_ball|22:smack_down|25:dragon_breath|28:slam|31:screech|34:rock_slide|37:crunch|40:iron_tail|43:dig|46:stone_edge|49:double_edge|52:sandstorm;attract|bulldoze|confide|cut|dark_pulse|dig|double_team|dragon_tail|earthquake|explosion|facade|flash_cannon|frustration|giga_impact|gyro_ball|hidden_power|hyper_beam|nature_power|payback|protect|psych_up|rest|return|roar|rock_polish|rock_slide|rock_smash|rock_tomb|round|sandstorm|secret_power|sleep_talk|smack_down|stone_edge|strength|substitute|sunny_day|swagger|taunt|torment|toxic;aqua_tail|bind|block|dragon_pulse|earth_power|iron_head|iron_tail|magnet_rise|snore|stealth_rock;;mineral;;;208;Serpiente Férrea;9,2;400;gris;50;no;Su cuerpo es más duro que cualquier metal debido a la gran presión y calor de su hábitat.
snubbull;Snubbull;fairy;60;80;50;40;40;30;intimidate;run_away;rattled;fast;60;190;attack:1;1:charm|1:fire_fang|1:ice_fang|1:scary_face|1:tackle|1:tail_whip|1:thunder_fang|7:bite|13:lick|19:headbutt|25:roar|31:rage|37:play_rough|43:payback|49:crunch;attract|brick_break|bulk_up|bulldoze|confide|dazzling_gleam|dig|double_team|earthquake|facade|fire_blast|flamethrower|fling|frustration|hidden_power|incinerate|overheat|payback|power_up_punch|protect|rain_dance|reflect|rest|retaliate|return|roar|rock_smash|round|secret_power|shadow_ball|sleep_talk|sludge_bomb|snarl|solar_beam|strength|substitute|sunny_day|swagger|taunt|thief|thunder|thunder_wave|thunderbolt|torment|toxic|wild_charge;covet|fire_punch|focus_punch|heal_bell|hyper_voice|ice_punch|last_resort|low_kick|shock_wave|snore|super_fang|superpower|thunder_punch|water_pulse;close_combat|crunch|double_edge|fake_tears|feint_attack|fire_fang|focus_punch|heal_bell|ice_fang|metronome|mimic|present|smelling_salts|snore|thunder_fang;ground|fairy;granbull@23;;209;Hada;0,6;7,8;rosa;75;no;Muy travieso por naturaleza, a muchas mujeres les gusta jugar con él porque es muy cariñoso.
granbull;Granbull;fairy;90;120;75;60;60;45;intimidate;quick_feet;rattled;fast;158;75;attack:2;1:charm|1:fire_fang|1:ice_fang|1:outrage|1:scary_face|1:tackle|1:tail_whip|1:thunder_fang|7:bite|13:lick|19:headbutt|27:roar|35:rage|43:play_rough|51:payback|59:crunch|67:outrage;attract|brick_break|bulk_up|bulldoze|confide|dazzling_gleam|dig|double_team|earthquake|facade|fire_blast|flamethrower|fling|focus_blast|frustration|giga_impact|hidden_power|hyper_beam|incinerate|overheat|payback|power_up_punch|protect|rain_dance|reflect|rest|retaliate|return|roar|rock_slide|rock_smash|rock_tomb|round|secret_power|shadow_ball|sleep_talk|sludge_bomb|snarl|solar_beam|stone_edge|strength|substitute|sunny_day|swagger|taunt|thief|thunder|thunder_wave|thunderbolt|torment|toxic|wild_charge;covet|fire_punch|focus_punch|heal_bell|hyper_voice|ice_punch|iron_tail|last_resort|low_kick|outrage|shock_wave|snore|super_fang|superpower|thunder_punch|water_pulse;;ground|fairy;;;210;Hada;1,4;48,7;morado;75;no;A pesar de su aspecto, es muy tímido. Sin embargo, cuando se enfada, ataca con sus colmillos.
qwilfish;Qwilfish;water|poison;65;95;75;55;55;85;poison_point;swift_swim;intimidate;medium_fast;88;45;attack:1;1:destiny_bond|1:fell_stinger|1:hydro_pump|1:poison_sting|1:spikes|1:tackle|1:water_gun|9:harden|9:minimize|13:bubble|17:rollout|21:toxic_spikes|25:spit_up|25:stockpile|29:revenge|33:brine|37:pin_missile|41:take_down|45:aqua_tail|49:poison_jab|53:destiny_bond|57:hydro_pump|60:fell_stinger;attract|blizzard|confide|dive|double_team|explosion|facade|frustration|gyro_ball|hail|hidden_power|ice_beam|payback|poison_jab|protect|rain_dance|rest|return|round|scald|secret_power|shadow_ball|sleep_talk|sludge_bomb|sludge_wave|substitute|surf|swagger|taunt|thunder_wave|toxic|venoshock|waterfall;aqua_tail|bounce|icy_wind|pain_split|shock_wave|signal_beam|snore|water_pulse;acid_spray|aqua_jet|astonish|brine|bubble_beam|flail|haze|signal_beam|supersonic|water_pulse;water2;;;211;Globo;0,5;3,9;gris;50;no;Para arrojar sus venenosas púas, infla su cuerpo bebiendo hasta diez litros de agua de una sola vez.
scizor;Scizor;bug|steel;70;130;100;55;80;65;swarm;technician;light_metal;medium_fast;175;25;attack:2;1:bullet_punch|1:feint|1:leer|1:quick_attack|5:focus_energy|9:pursuit|13:false_swipe|17:agility|21:metal_claw|25:fury_cutter|29:slash|33:razor_wind|37:iron_defense|41:x_scissor|45:night_slash|49:double_hit|50:iron_head|57:swords_dance|61:feint;acrobatics|aerial_ace|attract|brick_break|confide|cut|double_team|facade|false_swipe|flash_cannon|fling|frustration|giga_impact|hidden_power|hyper_beam|light_screen|protect|rain_dance|rest|return|rock_smash|roost|round|safeguard|sandstorm|secret_power|sleep_talk|steel_wing|strength|struggle_bug|substitute|sunny_day|swagger|swords_dance|thief|toxic|u_turn|venoshock|x_scissor;bug_bite|iron_defense|iron_head|knock_off|snore|superpower|tailwind;;bug;;;212;Tenaza;1,8;118;rojo;50;no;Las pinzas que posee tienen acero. Con ellas, no hay nada que se le resista. Rompen todo lo que pillan.
shuckle;Shuckle;bug|rock;20;10;230;10;230;5;sturdy;gluttony;contrary;medium_slow;177;190;defense:1|sp_defense:1;1:bide|1:constrict|1:rollout|1:sticky_web|1:withdraw|5:encore|9:wrap|12:struggle_bug|16:safeguard|20:rest|23:rock_throw|27:gastro_acid|31:power_trick|34:shell_smash|38:rock_slide|42:bug_bite|45:guard_split|45:power_split|49:stone_edge|53:sticky_web;attract|bulldoze|confide|dig|double_team|earthquake|facade|flash|frustration|gyro_ball|hidden_power|infestation|protect|rest|return|rock_polish|rock_slide|rock_smash|rock_tomb|round|safeguard|sandstorm|secret_power|sleep_talk|sludge_bomb|sludge_wave|smack_down|stone_edge|strength|struggle_bug|substitute|sunny_day|swagger|toxic|venoshock;after_you|bind|bug_bite|earth_power|gastro_acid|helping_hand|knock_off|snore|stealth_rock;acid|acupressure|final_gambit|helping_hand|knock_off|mud_slap|rock_blast|sand_tomb|sweet_scent;bug;;;213;Moho;0,6;20,5;amarillo;50;no;Las bayas que almacena en su caparazón con forma de tarro se convierten al final en un espeso zumo.
heracross;Heracross;bug|fighting;80;125;75;40;95;85;swarm;guts;moxie;slow;175;45;attack:2;1:arm_thrust|1:bullet_seed|1:endure|1:horn_attack|1:leer|1:night_slash|1:tackle|7:feint|10:aerial_ace|16:chip_away|19:counter|25:fury_attack|28:brick_break|31:pin_missile|34:take_down|37:megahorn|43:close_combat|46:reversal;aerial_ace|attract|brick_break|bulk_up|bulldoze|confide|cut|dig|double_team|earthquake|facade|false_swipe|fling|focus_blast|frustration|giga_impact|hidden_power|hyper_beam|protect|rain_dance|rest|retaliate|return|rock_slide|rock_smash|rock_tomb|round|secret_power|shadow_claw|sleep_talk|smack_down|stone_edge|strength|struggle_bug|substitute|sunny_day|swagger|swords_dance|thief|toxic|venoshock;bug_bite|focus_punch|helping_hand|iron_defense|knock_off|low_kick|snore;bide|double_edge|flail|focus_punch|harden|megahorn|pursuit|revenge|rock_blast|seismic_toss;bug;;;214;Cuerno;1,5;54;azul;50;no;Este fuerte Pokémon clava su preciado cuerno en la tripa del enemigo, lo eleva y luego lo arroja.
sneasel;Sneasel;dark|ice;55;95;55;35;75;115;inner_focus;keen_eye;pickpocket;medium_slow;86;60;speed:1;1:leer|1:scratch|1:taunt|8:quick_attack|10:feint_attack|14:icy_wind|16:fury_swipes|20:agility|22:metal_claw|25:hone_claws|28:beat_up|32:screech|35:slash|40:snatch|44:punishment|47:ice_shard;aerial_ace|attract|blizzard|brick_break|calm_mind|confide|cut|dark_pulse|dig|double_team|dream_eater|embargo|facade|false_swipe|fling|frustration|hail|hidden_power|hone_claws|ice_beam|low_sweep|payback|poison_jab|power_up_punch|protect|psych_up|rain_dance|reflect|rest|retaliate|return|rock_smash|round|secret_power|shadow_ball|shadow_claw|sleep_talk|snarl|strength|substitute|sunny_day|surf|swagger|swords_dance|taunt|thief|torment|toxic|x_scissor;focus_punch|foul_play|ice_punch|icy_wind|iron_tail|knock_off|low_kick|snatch|snore|spite;assist|avalanche|bite|counter|crush_claw|double_hit|fake_out|feint|foresight|ice_punch|ice_shard|icicle_crash|punishment|pursuit|spite;ground;weavile@subir+hora:noche+lleva:razor_claw;;215;Garra Filo;0,9;28;negro;50;no;Se alimenta de huevos robados en nidos. Clava sus afiladas garras en los puntos débiles de sus rivales.
teddiursa;Teddiursa;normal;60;80;50;50;50;40;pickup;quick_feet;honey_gather;medium_fast;66;120;attack:1;1:baby_doll_eyes|1:covet|1:fake_tears|1:fling|1:lick|1:scratch|8:fury_swipes|15:feint_attack|22:sweet_scent|25:play_nice|29:slash|36:charm|43:rest|43:snore|50:thrash|57:fling;aerial_ace|attract|brick_break|bulk_up|bulldoze|confide|cut|dig|double_team|earthquake|facade|fling|frustration|hidden_power|hone_claws|payback|power_up_punch|protect|rain_dance|rest|retaliate|return|roar|rock_slide|rock_smash|rock_tomb|round|secret_power|shadow_claw|sleep_talk|strength|substitute|sunny_day|swagger|swords_dance|taunt|thief|torment|toxic;covet|fire_punch|focus_punch|gunk_shot|hyper_voice|ice_punch|last_resort|seed_bomb|snore|superpower|thunder_punch;belly_drum|chip_away|close_combat|counter|cross_chop|crunch|double_edge|fake_tears|metal_claw|night_slash|play_rough|seismic_toss|sleep_talk|take_down|yawn;ground;ursaring@30;;216;Osito;0,6;8,8;marrón;50;no;Si encuentra miel, brillará la marca de su frente. Se lame las garras cuando están llenas de miel.
ursaring;Ursaring;normal;90;130;75;75;75;55;guts;quick_feet;unnerve;medium_fast;175;60;attack:2;1:covet|1:fake_tears|1:hammer_arm|1:leer|1:lick|1:scratch|8:fury_swipes|15:feint_attack|22:sweet_scent|25:play_nice|29:slash|38:scary_face|47:rest|49:snore|58:thrash|67:hammer_arm;aerial_ace|attract|brick_break|bulk_up|bulldoze|confide|cut|dig|double_team|earthquake|facade|fling|focus_blast|frustration|giga_impact|hidden_power|hone_claws|hyper_beam|payback|power_up_punch|protect|rain_dance|rest|retaliate|return|roar|rock_slide|rock_smash|rock_tomb|round|secret_power|shadow_claw|sleep_talk|smack_down|stone_edge|strength|substitute|sunny_day|swagger|swords_dance|taunt|thief|torment|toxic;covet|fire_punch|focus_punch|gunk_shot|hyper_voice|ice_punch|last_resort|low_kick|seed_bomb|snore|superpower|thunder_punch|uproar;;ground;;;217;Hibernante;1,8;125,8;marrón;50;no;Capaz de percibir cualquier tipo de aroma, encuentra sin problemas todo alimento enterrado bajo tierra.
slugma;Slugma;fire;40;40;40;70;40;20;magma_armor;flame_body;weak_armor;medium_fast;50;190;sp_attack:1;1:smog|1:yawn|6:ember|8:rock_throw|13:harden|15:incinerate|20:clear_smog|22:ancient_power|27:flame_burst|29:rock_slide|34:lava_plume|36:amnesia|41:body_slam|43:recover|48:flamethrower|50:earth_power;attract|confide|double_team|facade|fire_blast|flame_charge|flamethrower|frustration|hidden_power|incinerate|infestation|light_screen|nature_power|overheat|protect|reflect|rest|return|rock_slide|rock_smash|rock_tomb|round|secret_power|sleep_talk|substitute|sunny_day|swagger|toxic|will_o_wisp;after_you|earth_power|heat_wave|iron_defense|pain_split|snore;acid_armor|curse|earth_power|guard_swap|heat_wave|inferno|memento|rollout|smokescreen|spit_up|stockpile|swallow;indeterminate;magcargo@38;;218;Lava;0,7;35;rojo;50;no;Asiduo a las zonas volcánicas, se desliza lentamente en busca de lugares calientes.
magcargo;Magcargo;fire|rock;50;50;120;80;80;30;magma_armor;flame_body;weak_armor;medium_fast;151;75;defense:2;1:earth_power|1:ember|1:rock_throw|1:smog|1:yawn|6:ember|8:rock_throw|13:harden|15:incinerate|20:clear_smog|22:ancient_power|27:flame_burst|29:rock_slide|34:lava_plume|36:amnesia|38:shell_smash|43:body_slam|47:recover|54:flamethrower|58:earth_power;attract|bulldoze|confide|double_team|earthquake|explosion|facade|fire_blast|flame_charge|flamethrower|frustration|giga_impact|gyro_ball|hidden_power|hyper_beam|incinerate|infestation|light_screen|nature_power|overheat|protect|reflect|rest|return|rock_polish|rock_slide|rock_smash|rock_tomb|round|sandstorm|secret_power|sleep_talk|smack_down|solar_beam|stone_edge|strength|substitute|sunny_day|swagger|toxic|will_o_wisp;after_you|earth_power|heat_wave|iron_defense|pain_split|snore|stealth_rock;;indeterminate;;;219;Lava;0,8;55;rojo;50;no;En ocasiones, su resbaladiza concha lanza intensas llamaradas que recorren todo su cuerpo.
swinub;Swinub;ice|ground;50;50;40;30;30;50;oblivious;snow_cloak;thick_fat;slow;50;225;attack:1;1:odor_sleuth|1:tackle|5:mud_sport|8:powder_snow|11:mud_slap|14:endure|18:mud_bomb|21:icy_wind|24:ice_shard|28:take_down|35:mist|37:earthquake|40:flail|44:blizzard|48:amnesia;attract|blizzard|bulldoze|confide|dig|double_team|earthquake|facade|frustration|hail|hidden_power|ice_beam|light_screen|protect|rain_dance|reflect|rest|return|roar|rock_slide|rock_smash|rock_tomb|round|sandstorm|secret_power|sleep_talk|strength|substitute|swagger|toxic;earth_power|endeavor|icy_wind|snore|stealth_rock|superpower;ancient_power|avalanche|bite|body_slam|curse|double_edge|fissure|freeze_dry|icicle_crash|icicle_spear|mud_shot|stealth_rock|take_down;ground;piloswine@33;;220;Cerdo;0,4;6,5;marrón;50;no;Frota su hocico contra el suelo para desenterrar comida. A veces descubre aguas termales.
piloswine;Piloswine;ice|ground;100;100;80;60;60;50;oblivious;snow_cloak;thick_fat;slow;158;75;hp:1|attack:1;1:ancient_power|1:mud_sport|1:odor_sleuth|1:peck|1:powder_snow|5:mud_sport|8:powder_snow|11:mud_slap|14:endure|18:mud_bomb|21:icy_wind|24:ice_fang|28:take_down|33:fury_attack|37:mist|41:thrash|46:earthquake|52:blizzard|58:amnesia;attract|blizzard|bulldoze|confide|dig|double_team|earthquake|facade|frustration|giga_impact|hail|hidden_power|hyper_beam|ice_beam|light_screen|protect|rain_dance|reflect|rest|return|roar|rock_slide|rock_smash|rock_tomb|round|sandstorm|secret_power|sleep_talk|stone_edge|strength|substitute|swagger|toxic;earth_power|endeavor|icy_wind|snore|stealth_rock|superpower;;ground;mamoswine@subir+sabe:ancient_power;;221;Puerco;1,1;55,8;marrón;50;no;Aunque tiene las patas cortas, las fuertes pezuñas le permiten agarrarse bien al suelo, a pesar del hielo.
corsola;Corsola;water|rock;55;55;85;65;85;35;hustle;natural_cure;regenerator;fast;144;60;defense:1|sp_defense:1;1:harden|1:tackle|4:bubble|8:recover|10:bubble_beam|13:refresh|17:ancient_power|20:spike_cannon|23:lucky_chant|27:brine|29:iron_defense|31:rock_blast|35:endure|38:aqua_ring|41:power_gem|45:mirror_coat|47:earth_power|50:flail;attract|blizzard|bulldoze|calm_mind|confide|dig|double_team|earthquake|explosion|facade|frustration|hail|hidden_power|ice_beam|light_screen|nature_power|protect|psychic|rain_dance|reflect|rest|return|rock_polish|rock_slide|rock_smash|rock_tomb|round|safeguard|sandstorm|scald|secret_power|shadow_ball|sleep_talk|stone_edge|strength|substitute|sunny_day|surf|swagger|toxic;earth_power|endeavor|icy_wind|iron_defense|magic_coat|snore|stealth_rock|water_pulse;amnesia|aqua_ring|barrier|bide|camouflage|confuse_ray|curse|head_smash|icicle_spear|ingrain|mist|nature_power|screech|water_pulse;water1|water3;;;222;Coral;0,6;5;rosa;75;no;Crece y muda continuamente. La parte superior de su cabeza es muy apreciada por su belleza.
remoraid;Remoraid;water;35;65;35;65;35;65;hustle;sniper;moody;medium_fast;60;190;sp_attack:1;1:water_gun|6:lock_on|10:psybeam|14:aurora_beam|18:bubble_beam|22:focus_energy|26:water_pulse|30:signal_beam|34:ice_beam|38:bullet_seed|42:hydro_pump|46:hyper_beam|50:soak;attract|blizzard|charge_beam|confide|dive|double_team|facade|fire_blast|flamethrower|frustration|hidden_power|hyper_beam|ice_beam|incinerate|protect|psychic|rain_dance|rest|return|round|scald|secret_power|sleep_talk|smack_down|substitute|sunny_day|surf|swagger|thief|thunder_wave|toxic|waterfall;bounce|gunk_shot|icy_wind|seed_bomb|signal_beam|snore|water_pulse;acid_spray|aurora_beam|entrainment|flail|haze|mud_shot|octazooka|rock_blast|screech|snore|supersonic|swift|water_pulse|water_spout;water1|water2;octillery@25;;223;Reactor;0,6;12;gris;50;no;Tiene muy buena puntería. Dispara agua a sus presas, hasta si se están moviendo, a más de 100 metros.
octillery;Octillery;water;75;105;75;105;75;45;suction_cups;sniper;moody;medium_fast;168;75;attack:1|sp_attack:1;1:aurora_beam|1:constrict|1:gunk_shot|1:psybeam|1:rock_blast|1:water_gun|6:constrict|10:psybeam|14:aurora_beam|18:bubble_beam|22:focus_energy|25:octazooka|28:wring_out|34:signal_beam|40:ice_beam|46:bullet_seed|52:hydro_pump|58:hyper_beam|64:soak;attract|blizzard|charge_beam|confide|dive|double_team|energy_ball|facade|fire_blast|flamethrower|flash_cannon|frustration|giga_impact|hidden_power|hyper_beam|ice_beam|incinerate|payback|protect|psychic|rain_dance|rest|return|round|scald|secret_power|sleep_talk|sludge_bomb|sludge_wave|smack_down|substitute|sunny_day|surf|swagger|thief|thunder_wave|toxic|waterfall;bind|bounce|gunk_shot|icy_wind|seed_bomb|signal_beam|snore|water_pulse;;water1|water2;;;224;Reactor;0,9;28,5;rojo;50;no;Tiene querencia por los agujeros. Ataca escupiendo tinta metido en las grietas de rocas o en recipientes.
delibird;Delibird;ice|flying;45;55;45;65;45;75;vital_spirit;hustle;insomnia;fast;116;45;speed:1;1:present;aerial_ace|attract|blizzard|brick_break|confide|double_team|facade|fling|fly|frost_breath|frustration|hail|hidden_power|ice_beam|power_up_punch|protect|rain_dance|rest|return|round|secret_power|sleep_talk|substitute|swagger|thief|toxic;bounce|focus_punch|gunk_shot|ice_punch|icy_wind|recycle|seed_bomb|signal_beam|sky_attack|snore|water_pulse;aurora_beam|bestow|destiny_bond|fake_out|freeze_dry|future_sight|ice_ball|ice_punch|ice_shard|icy_wind|quick_attack|rapid_spin|spikes|splash;water1|ground;;;225;Reparto;0,9;16;rojo;50;no;Transporta alimentos en su cola enrollada. Le gusta compartir su comida con los montañistas perdidos.
mantine;Mantine;water|flying;65;40;70;80;140;70;swift_swim;water_absorb;water_veil;slow;170;25;sp_defense:2;1:bubble|1:bubble_beam|1:bullet_seed|1:psybeam|1:signal_beam|1:supersonic|1:tackle|3:supersonic|7:bubble_beam|11:confuse_ray|14:wing_attack|16:headbutt|19:water_pulse|23:wide_guard|27:take_down|32:agility|36:air_slash|39:aqua_ring|46:bounce|49:hydro_pump;acrobatics|aerial_ace|attract|blizzard|bulldoze|confide|dive|double_team|earthquake|facade|frustration|giga_impact|hail|hidden_power|hyper_beam|ice_beam|protect|rain_dance|rest|return|rock_slide|rock_tomb|round|scald|secret_power|sleep_talk|substitute|surf|swagger|toxic|waterfall;aqua_tail|bounce|gunk_shot|helping_hand|icy_wind|iron_head|seed_bomb|signal_beam|snore|tailwind|water_pulse;amnesia|haze|hydro_pump|mirror_coat|mud_sport|slam|splash|twister|water_sport|wide_guard;water1;;;226;Milano;2,1;220;morado;50;no;Acumula velocidad nadando y puede saltar fuera del agua, alcanzando 100 metros de altura, para descender luego planeando.
skarmory;Skarmory;steel|flying;65;80;140;40;70;70;keen_eye;sturdy;weak_armor;slow;163;25;defense:2;1:leer|1:peck|6:sand_attack|9:metal_claw|12:air_cutter|17:fury_attack|20:feint|23:swift|28:spikes|31:agility|34:steel_wing|39:slash|42:metal_sound|45:air_slash|50:autotomize|53:night_slash;aerial_ace|attract|confide|cut|dark_pulse|double_team|facade|flash|flash_cannon|fly|frustration|hidden_power|payback|protect|rest|return|roar|rock_slide|rock_smash|rock_tomb|roost|round|sandstorm|secret_power|sky_drop|sleep_talk|steel_wing|substitute|sunny_day|swagger|swords_dance|taunt|thief|torment|toxic|x_scissor;icy_wind|iron_defense|iron_head|sky_attack|snore|stealth_rock|tailwind;assurance|brave_bird|curse|drill_peck|endure|guard_swap|pursuit|sky_attack|stealth_rock|whirlwind;flying;;;227;Coraza Ave;1,7;50,5;gris;50;no;Después de anidar en zarzas, las alas de sus polluelos crecen fortalecidas por los rasguños.
houndour;Houndour;dark|fire;45;60;30;80;50;65;early_bird;flash_fire;unnerve;slow;66;120;sp_attack:1;1:ember|1:leer|4:howl|8:smog|13:roar|16:bite|20:odor_sleuth|25:beat_up|28:fire_fang|32:feint_attack|37:embargo|40:foul_play|44:flamethrower|49:crunch|52:nasty_plot|56:inferno;attract|confide|dark_pulse|double_team|dream_eater|embargo|facade|fire_blast|flame_charge|flamethrower|frustration|hidden_power|incinerate|overheat|payback|protect|rest|retaliate|return|roar|rock_smash|round|secret_power|shadow_ball|sleep_talk|sludge_bomb|snarl|solar_beam|substitute|sunny_day|swagger|taunt|thief|torment|toxic|will_o_wisp;foul_play|heat_wave|hyper_voice|iron_tail|role_play|snatch|snore|spite|super_fang|uproar;beat_up|counter|destiny_bond|feint|fire_fang|fire_spin|nasty_plot|punishment|pursuit|rage|reversal|spite|sucker_punch|thunder_fang;ground;houndoom@24;;228;Siniestro;0,6;10,8;negro;50;no;Al amanecer, resuena por la zona su inquietante aullido para anunciar que es su territorio.
houndoom;Houndoom;dark|fire;75;90;50;110;80;95;early_bird;flash_fire;unnerve;slow;175;45;sp_attack:2;1:ember|1:howl|1:inferno|1:leer|1:nasty_plot|1:smog|1:thunder_fang|4:howl|8:smog|13:roar|16:bite|20:odor_sleuth|26:beat_up|30:fire_fang|35:feint_attack|41:embargo|45:foul_play|50:flamethrower|56:crunch|60:nasty_plot|65:inferno;attract|confide|dark_pulse|double_team|dream_eater|embargo|facade|fire_blast|flame_charge|flamethrower|frustration|giga_impact|hidden_power|hyper_beam|incinerate|overheat|payback|protect|rest|retaliate|return|roar|rock_smash|round|secret_power|shadow_ball|sleep_talk|sludge_bomb|snarl|solar_beam|strength|substitute|sunny_day|swagger|taunt|thief|torment|toxic|will_o_wisp;foul_play|heat_wave|hyper_voice|iron_tail|role_play|snatch|snore|spite|super_fang|uproar;;ground;;;229;Siniestro;1,4;35;negro;50;no;Hace mucho, la gente creía que sus horripilantes aullidos eran de la muerte personificada.
kingdra;Kingdra;water|dragon;75;95;95;95;95;85;swift_swim;sniper;damp;medium_fast;243;45;attack:1|sp_attack:1|sp_defense:1;1:bubble|1:hydro_pump|1:leer|1:smokescreen|1:water_gun|1:yawn|5:smokescreen|9:leer|13:water_gun|17:twister|21:bubble_beam|26:focus_energy|31:brine|38:agility|45:dragon_pulse|52:dragon_dance|60:hydro_pump;attract|blizzard|confide|dive|double_team|facade|flash_cannon|frustration|giga_impact|hail|hidden_power|hyper_beam|ice_beam|protect|quash|rain_dance|rest|return|round|scald|secret_power|sleep_talk|substitute|surf|swagger|toxic|waterfall;bounce|draco_meteor|dragon_pulse|icy_wind|iron_head|outrage|signal_beam|snore|water_pulse;;water1|dragon;;;230;Dragón;1,8;152;azul;50;no;Dicen que suele esconderse en cuevas submarinas. Puede crear torbellinos al bostezar.
phanpy;Phanpy;ground;90;60;60;40;40;40;pickup;;sand_veil;medium_fast;66;120;hp:1;1:defense_curl|1:growl|1:odor_sleuth|1:tackle|6:flail|10:rollout|15:natural_gift|19:endure|24:slam|28:take_down|33:charm|37:last_resort|42:double_edge;attract|bulldoze|confide|double_team|earthquake|echoed_voice|facade|frustration|hidden_power|protect|rest|return|roar|rock_slide|rock_smash|rock_tomb|round|sandstorm|secret_power|sleep_talk|strength|substitute|sunny_day|swagger|toxic;earth_power|endeavor|gunk_shot|hyper_voice|iron_tail|knock_off|last_resort|seed_bomb|snore|stealth_rock|superpower;ancient_power|body_slam|counter|endeavor|fissure|focus_energy|head_smash|heavy_slam|ice_shard|mud_slap|play_rough|snore;ground;donphan@25;;231;Narizotas;0,5;33,5;azul;50;no;Como muestra de afecto, golpea con su trompa. Aunque es tan fuerte que te mandará lejos.
donphan;Donphan;ground;90;120;120;60;60;50;sturdy;;sand_veil;medium_fast;175;60;attack:1|defense:1;1:bulldoze|1:defense_curl|1:fire_fang|1:growl|1:horn_attack|1:thunder_fang|6:rapid_spin|10:rollout|15:assurance|19:knock_off|24:slam|25:fury_attack|30:magnitude|37:scary_face|43:earthquake|50:giga_impact;attract|bulldoze|confide|double_team|earthquake|echoed_voice|facade|frustration|giga_impact|gyro_ball|hidden_power|hyper_beam|poison_jab|protect|rest|return|roar|rock_polish|rock_slide|rock_smash|rock_tomb|round|sandstorm|secret_power|sleep_talk|stone_edge|strength|substitute|sunny_day|swagger|toxic;block|bounce|earth_power|endeavor|gunk_shot|hyper_voice|iron_defense|iron_tail|knock_off|last_resort|seed_bomb|snore|stealth_rock|superpower;;ground;;;232;Coraza;1,1;120;gris;50;no;Tiene afilados y duros colmillos, y una gruesa piel. Su Placaje es tan fuerte que puede derribar una casa.
porygon2;Porygon2;normal;85;80;90;105;95;60;trace;download;analytic;medium_fast;180;45;sp_attack:2;1:conversion|1:conversion_2|1:defense_curl|1:magic_coat|1:tackle|1:zap_cannon|7:psybeam|12:agility|18:recover|23:magnet_rise|29:signal_beam|34:recycle|40:discharge|45:lock_on|50:tri_attack|56:magic_coat|62:zap_cannon|67:hyper_beam;aerial_ace|blizzard|charge_beam|confide|double_team|dream_eater|facade|flash|frustration|giga_impact|hidden_power|hyper_beam|ice_beam|protect|psych_up|psychic|psyshock|rain_dance|rest|return|round|secret_power|shadow_ball|sleep_talk|solar_beam|substitute|sunny_day|swagger|thief|thunder|thunder_wave|thunderbolt|toxic|trick_room;electroweb|foul_play|gravity|icy_wind|iron_tail|last_resort|magic_coat|magnet_rise|pain_split|recycle|shock_wave|signal_beam|snore|trick|wonder_room|zen_headbutt;;mineral;porygon_z@intercambio:dubious_disc;;233;Virtual;0,6;32,5;rojo;sin_genero;no;La investigación mejoró sus habilidades. A veces, puede actuar de forma no programada.
stantler;Stantler;normal;73;95;62;85;65;85;intimidate;frisk;sap_sipper;slow;163;45;attack:1;1:me_first|1:tackle|3:leer|7:astonish|10:hypnosis|13:stomp|16:sand_attack|21:take_down|23:confuse_ray|27:calm_mind|33:role_play|38:zen_headbutt|43:jump_kick|49:imprison|50:captivate|55:me_first;attract|bulldoze|calm_mind|charge_beam|confide|double_team|dream_eater|earthquake|energy_ball|facade|flash|frustration|giga_impact|hidden_power|light_screen|protect|psych_up|psychic|psyshock|rain_dance|reflect|rest|retaliate|return|roar|round|secret_power|shadow_ball|sleep_talk|solar_beam|substitute|sunny_day|swagger|thief|thunder|thunder_wave|thunderbolt|toxic|trick_room|wild_charge;bounce|gravity|iron_tail|last_resort|magic_room|role_play|shock_wave|signal_beam|skill_swap|snore|spite|uproar|zen_headbutt;bite|disable|double_kick|extrasensory|me_first|megahorn|mud_sport|rage|spite|thrash|zen_headbutt;ground;;;234;Gran Cuerno;1,4;71,2;marrón;50;no;Mirar a su cornamenta provoca una extraña sensación de pérdida de equilibrio.
smeargle;Smeargle;normal;55;20;35;20;45;75;own_tempo;technician;moody;fast;88;45;speed:1;1:sketch|11:sketch|21:sketch|31:sketch|41:sketch|51:sketch|61:sketch|71:sketch|81:sketch|91:sketch;;;;ground;;;235;Pintor;1,2;58;blanco;50;no;Marca su territorio usando su cola a modo de pincel. Ha hecho más de 5000 marcas diferentes.
tyrogue;Tyrogue;fighting;35;35;35;35;35;35;guts;steadfast;vital_spirit;medium_fast;42;75;attack:1;1:fake_out|1:foresight|1:helping_hand|1:tackle;attract|brick_break|bulk_up|bulldoze|confide|double_team|earthquake|facade|frustration|hidden_power|low_sweep|protect|rain_dance|rest|retaliate|return|rock_slide|rock_smash|round|secret_power|sleep_talk|strength|substitute|sunny_day|swagger|thief|toxic;covet|helping_hand|low_kick|role_play|snore|uproar;ally_switch|bullet_punch|counter|endure|feint|helping_hand|high_jump_kick|mach_punch|mind_reader|pursuit|rapid_spin|vacuum_wave;no_eggs;hitmonlee@20+stats:atq>def | hitmonchan@20+stats:atq<def | hitmontop@20+stats:atq=def;;236;Peleón;0,7;21;morado;0;no;Ataca siempre con mucha energía. Para fortalecerse a sí mismo, sigue luchando aunque pierda.
hitmontop;Hitmontop;fighting;50;95;95;35;110;70;intimidate;technician;steadfast;medium_fast;159;45;sp_defense:2;1:close_combat|1:endeavor|1:revenge|1:rolling_kick|6:focus_energy|10:pursuit|15:quick_attack|19:triple_kick|24:rapid_spin|28:counter|33:feint|37:agility|42:gyro_ball|46:quick_guard|46:wide_guard|50:detect|55:close_combat|60:endeavor;aerial_ace|attract|brick_break|bulk_up|bulldoze|confide|dig|double_team|earthquake|facade|frustration|gyro_ball|hidden_power|low_sweep|protect|rain_dance|rest|retaliate|return|rock_slide|rock_smash|round|sandstorm|secret_power|sleep_talk|stone_edge|strength|substitute|sunny_day|swagger|thief|toxic;covet|endeavor|helping_hand|low_kick|role_play|snore;;humanshape;;;237;Boca Abajo;1,4;48;marrón;0;no;Gira a gran velocidad al luchar. La fuerza centrífuga multiplica su poder de destrucción por diez.
smoochum;Smoochum;ice|psychic;45;30;15;85;65;65;oblivious;forewarn;hydration;medium_fast;61;45;sp_attack:1;1:pound|5:lick|8:sweet_kiss|11:powder_snow|15:confusion|18:sing|21:heart_stamp|25:mean_look|28:fake_tears|31:lucky_chant|35:avalanche|38:psychic|41:copycat|45:perish_song|48:blizzard;attract|blizzard|calm_mind|confide|double_team|dream_eater|echoed_voice|facade|flash|fling|frost_breath|frustration|grass_knot|hail|hidden_power|ice_beam|light_screen|payback|protect|psych_up|psychic|psyshock|rain_dance|reflect|rest|return|round|secret_power|shadow_ball|sleep_talk|substitute|swagger|thief|toxic|trick_room;covet|heal_bell|helping_hand|ice_punch|icy_wind|magic_coat|magic_room|recycle|role_play|signal_beam|skill_swap|snore|trick|uproar|water_pulse|zen_headbutt;captivate|fake_out|ice_punch|meditate|miracle_eye|nasty_plot|wake_up_slap|wish;no_eggs;jynx@30;;238;Beso;0,4;6;rosa;100;no;Sus labios son la parte más sensible de su cuerpo. Siempre los usa para examinar las cosas.
elekid;Elekid;electric;45;63;37;65;55;95;static;;vital_spirit;medium_fast;72;45;speed:1;1:leer|1:quick_attack|5:thunder_shock|8:low_kick|12:swift|15:shock_wave|19:thunder_wave|22:electro_ball|26:light_screen|29:thunder_punch|33:discharge|36:screech|40:thunderbolt|43:thunder;attract|brick_break|charge_beam|confide|double_team|facade|flash|fling|frustration|hidden_power|light_screen|power_up_punch|protect|psychic|rain_dance|rest|return|rock_smash|round|secret_power|sleep_talk|substitute|swagger|thief|thunder|thunder_wave|thunderbolt|toxic|volt_switch|wild_charge;covet|dual_chop|electroweb|fire_punch|focus_punch|helping_hand|ice_punch|low_kick|magnet_rise|shock_wave|signal_beam|snore|thunder_punch|uproar;barrier|cross_chop|dynamic_punch|feint|fire_punch|focus_punch|hammer_arm|ice_punch|karate_chop|meditate|rolling_kick;no_eggs;electabuzz@30;;239;Eléctrico;0,6;23,5;amarillo;25;no;Genera electricidad girando los brazos. No obstante, es incapaz de almacenar la energía creada.
magby;Magby;fire;45;75;37;70;55;83;flame_body;;vital_spirit;medium_fast;73;45;speed:1;1:leer|1:smog|5:ember|8:smokescreen|12:feint_attack|15:fire_spin|19:clear_smog|22:flame_burst|26:confuse_ray|29:fire_punch|33:lava_plume|36:sunny_day|40:flamethrower|43:fire_blast;attract|brick_break|confide|double_team|facade|fire_blast|flame_charge|flamethrower|fling|frustration|hidden_power|incinerate|overheat|power_up_punch|protect|psychic|rest|return|rock_smash|round|secret_power|sleep_talk|substitute|sunny_day|swagger|thief|toxic|will_o_wisp;covet|dual_chop|fire_punch|focus_punch|heat_wave|helping_hand|iron_tail|snore|thunder_punch|uproar;barrier|belch|belly_drum|cross_chop|dynamic_punch|flare_blitz|focus_energy|iron_tail|karate_chop|mach_punch|mega_punch|power_swap|screech|thunder_punch;no_eggs;magmar@30;;240;Ascuas;0,7;21,4;rojo;25;no;Es pequeño, pero su cuerpo puede llegar a alcanzar 600 °C. Cuando inspira y espira, expulsa llamas por la nariz y por la boca.
miltank;Miltank;normal;95;80;105;40;70;100;thick_fat;scrappy;sap_sipper;slow;172;45;defense:2;1:tackle|3:growl|5:defense_curl|8:stomp|11:milk_drink|15:bide|19:rollout|24:body_slam|29:zen_headbutt|35:captivate|41:gyro_ball|48:heal_bell|50:wake_up_slap;attract|blizzard|brick_break|bulldoze|confide|double_team|earthquake|echoed_voice|facade|fling|focus_blast|frustration|giga_impact|gyro_ball|hidden_power|hyper_beam|ice_beam|power_up_punch|protect|psych_up|rain_dance|rest|retaliate|return|rock_slide|rock_smash|rock_tomb|round|sandstorm|secret_power|shadow_ball|sleep_talk|solar_beam|strength|substitute|sunny_day|surf|swagger|thunder|thunder_wave|thunderbolt|toxic;after_you|block|fire_punch|focus_punch|heal_bell|helping_hand|ice_punch|icy_wind|iron_head|iron_tail|shock_wave|snore|stealth_rock|thunder_punch|water_pulse|zen_headbutt;belch|curse|dizzy_punch|double_edge|endure|hammer_arm|heart_stamp|helping_hand|natural_gift|present|punishment|reversal|seismic_toss|sleep_talk;ground;;;241;Lechera;1,2;75,5;rosa;100;no;Si tiene crías, la leche que produce contiene muchos más nutrientes de lo normal.
blissey;Blissey;normal;255;10;10;75;135;55;natural_cure;serene_grace;healer;fast;608;30;hp:3;1:defense_curl|1:double_edge|1:growl|1:pound|5:tail_whip|9:refresh|12:double_slap|16:soft_boiled|20:bestow|23:minimize|27:take_down|31:sing|34:fling|38:heal_pulse|42:egg_bomb|46:light_screen|50:healing_wish|54:double_edge;attract|blizzard|brick_break|bulldoze|calm_mind|charge_beam|confide|dazzling_gleam|double_team|dream_eater|earthquake|echoed_voice|facade|fire_blast|flamethrower|flash|fling|focus_blast|frustration|giga_impact|grass_knot|hail|hidden_power|hyper_beam|ice_beam|incinerate|light_screen|power_up_punch|protect|psych_up|psychic|rain_dance|rest|retaliate|return|rock_slide|rock_smash|rock_tomb|round|safeguard|sandstorm|secret_power|shadow_ball|sleep_talk|solar_beam|strength|substitute|sunny_day|swagger|thunder|thunder_wave|thunderbolt|toxic|wild_charge;block|covet|drain_punch|endeavor|fire_punch|focus_punch|gravity|heal_bell|helping_hand|hyper_voice|ice_punch|icy_wind|iron_tail|last_resort|recycle|shock_wave|skill_swap|snatch|snore|stealth_rock|thunder_punch|water_pulse|zen_headbutt;;fairy;;;242;Felicidad;1,5;46,8;rosa;100;no;Los huevos que pone están llenos de felicidad. Solo con probar un poquito de uno, cualquiera sonríe.
raikou;Raikou;electric;90;85;75;115;100;115;pressure;;volt_absorb;slow;261;3;sp_attack:1|speed:2;1:bite|1:discharge|1:extrasensory|1:leer|8:thunder_shock|15:roar|22:quick_attack|29:spark|36:reflect|43:crunch|50:thunder_fang|57:discharge|64:extrasensory|71:rain_dance|78:calm_mind|85:thunder;bulldoze|calm_mind|charge_beam|confide|cut|dig|double_team|facade|flash|frustration|giga_impact|hidden_power|hyper_beam|light_screen|protect|psych_up|quash|rain_dance|reflect|rest|return|roar|rock_smash|round|sandstorm|secret_power|shadow_ball|sleep_talk|snarl|strength|substitute|sunny_day|swagger|thunder|thunder_wave|thunderbolt|toxic|volt_switch|wild_charge;iron_head|iron_tail|magnet_rise|shock_wave|signal_beam|snore;;no_eggs;;;243;Trueno;1,9;178;amarillo;sin_genero;si;Las nubes de lluvia que lleva le permiten lanzar rayos a voluntad. Dicen que apareció con un rayo.
entei;Entei;fire;115;115;85;90;75;100;pressure;;flash_fire;slow;261;3;hp:1|attack:2;1:bite|1:eruption|1:extrasensory|1:lava_plume|1:leer|1:sacred_fire|8:ember|15:roar|22:fire_spin|29:stomp|36:flamethrower|43:swagger|50:fire_fang|57:lava_plume|64:extrasensory|71:fire_blast|78:calm_mind|85:eruption;bulldoze|calm_mind|confide|cut|dig|double_team|facade|fire_blast|flame_charge|flamethrower|flash|frustration|giga_impact|hidden_power|hyper_beam|incinerate|overheat|protect|psych_up|quash|rain_dance|reflect|rest|return|roar|rock_smash|round|sandstorm|secret_power|shadow_ball|sleep_talk|snarl|solar_beam|stone_edge|strength|substitute|sunny_day|swagger|toxic|will_o_wisp;heat_wave|iron_head|iron_tail|snore;;no_eggs;;;244;Volcán;2,1;198;marrón;sin_genero;si;Un Pokémon que corre por la tierra. Dicen que siempre nace uno cuando aparece un nuevo volcán.
suicune;Suicune;water;100;75;115;90;115;85;pressure;;water_absorb;slow;261;3;defense:1|sp_defense:2;1:bite|1:extrasensory|1:hydro_pump|1:leer|1:tailwind|8:bubble_beam|15:rain_dance|22:gust|29:aurora_beam|36:mist|43:mirror_coat|50:ice_fang|57:tailwind|64:extrasensory|71:hydro_pump|78:calm_mind|85:blizzard;blizzard|bulldoze|calm_mind|confide|cut|dig|dive|double_team|facade|frustration|giga_impact|hail|hidden_power|hyper_beam|ice_beam|protect|psych_up|quash|rain_dance|reflect|rest|return|roar|rock_smash|round|sandstorm|scald|secret_power|shadow_ball|sleep_talk|snarl|substitute|sunny_day|surf|swagger|toxic|waterfall;icy_wind|iron_head|iron_tail|signal_beam|snore|tailwind|water_pulse;;no_eggs;;;245;Aurora;2;187;azul;sin_genero;si;Recorre el mundo para purificar agua contaminada. Corre veloz con el viento del norte.
larvitar;Larvitar;rock|ground;50;64;50;45;50;41;guts;;sand_veil;slow;60;45;attack:1;1:bite|1:leer|5:sandstorm|10:screech|14:chip_away|19:rock_slide|23:scary_face|28:thrash|32:dark_pulse|37:payback|41:crunch|46:earthquake|50:stone_edge|55:hyper_beam;attract|brick_break|bulldoze|confide|dark_pulse|dig|double_team|earthquake|facade|frustration|hidden_power|hyper_beam|payback|power_up_punch|protect|rain_dance|rest|retaliate|return|rock_polish|rock_slide|rock_smash|rock_tomb|round|sandstorm|secret_power|sleep_talk|smack_down|snarl|stone_edge|substitute|sunny_day|swagger|taunt|torment|toxic;earth_power|iron_defense|iron_head|iron_tail|outrage|snore|spite|stealth_rock|superpower|uproar;ancient_power|assurance|curse|dragon_dance|focus_energy|iron_defense|iron_head|iron_tail|outrage|pursuit|stealth_rock|stomp;monster;pupitar@30;;246;Piel Roca;0,6;72;verde;50;no;Se alimenta de tierra. Después de comer una gran montaña, se duerme y empieza a crecer.
pupitar;Pupitar;rock|ground;70;84;70;65;70;51;shed_skin;;;slow;144;45;attack:2;1:bite|1:leer|1:sandstorm|1:screech|5:sandstorm|10:screech|14:chip_away|19:rock_slide|23:scary_face|28:thrash|34:dark_pulse|41:payback|47:crunch|54:earthquake|60:stone_edge|67:hyper_beam;attract|brick_break|bulldoze|confide|dark_pulse|dig|double_team|earthquake|facade|frustration|hidden_power|hyper_beam|payback|power_up_punch|protect|rain_dance|rest|retaliate|return|rock_polish|rock_slide|rock_smash|rock_tomb|round|sandstorm|secret_power|sleep_talk|smack_down|snarl|stone_edge|substitute|sunny_day|swagger|taunt|torment|toxic;earth_power|iron_defense|iron_head|iron_tail|outrage|snore|spite|stealth_rock|superpower|uproar;;monster;tyranitar@55;;247;Caparazón;1,2;152;gris;50;no;Su cuerpo es duro como la roca. Se autopropulsa como un cohete soltando los gases de su interior.
tyranitar;Tyranitar;rock|dark;100;134;110;95;100;61;sand_stream;;unnerve;slow;270;45;attack:3;1:bite|1:fire_fang|1:ice_fang|1:leer|1:sandstorm|1:screech|1:thunder_fang|5:sandstorm|10:screech|14:chip_away|19:rock_slide|23:scary_face|28:thrash|34:dark_pulse|41:payback|47:crunch|54:earthquake|63:stone_edge|73:hyper_beam|82:giga_impact;aerial_ace|attract|blizzard|brick_break|bulldoze|confide|cut|dark_pulse|dig|double_team|dragon_claw|dragon_tail|earthquake|facade|fire_blast|flamethrower|fling|focus_blast|frustration|giga_impact|hidden_power|hone_claws|hyper_beam|ice_beam|incinerate|payback|power_up_punch|protect|rain_dance|rest|retaliate|return|roar|rock_polish|rock_slide|rock_smash|rock_tomb|round|sandstorm|secret_power|shadow_claw|sleep_talk|smack_down|snarl|stone_edge|strength|substitute|sunny_day|surf|swagger|taunt|thunder|thunder_wave|thunderbolt|torment|toxic;aqua_tail|block|dragon_pulse|earth_power|fire_punch|focus_punch|foul_play|ice_punch|iron_defense|iron_head|iron_tail|low_kick|outrage|shock_wave|snore|spite|stealth_rock|superpower|thunder_punch|uproar|water_pulse;;monster;;;248;Coraza;2;202;verde;50;no;En una de sus poderosas garras tiene el poder de hacer temblar la tierra y las montañas.
lugia;Lugia;psychic|flying;106;90;130;90;154;110;pressure;;multiscale;slow;306;3;sp_defense:3;1:weather_ball|1:whirlwind|9:gust|15:dragon_rush|23:extrasensory|29:rain_dance|37:hydro_pump|43:aeroblast|50:punishment|57:ancient_power|65:safeguard|71:recover|79:future_sight|85:natural_gift|93:calm_mind|99:sky_attack;aerial_ace|blizzard|bulldoze|calm_mind|charge_beam|confide|dive|double_team|dragon_tail|dream_eater|earthquake|echoed_voice|facade|flash|fly|frustration|giga_impact|hail|hidden_power|hyper_beam|ice_beam|light_screen|protect|psych_up|psychic|psyshock|rain_dance|reflect|rest|return|roar|rock_smash|roost|round|safeguard|sandstorm|secret_power|shadow_ball|sky_drop|sleep_talk|steel_wing|strength|substitute|sunny_day|surf|swagger|thunder|thunder_wave|thunderbolt|toxic|waterfall;aqua_tail|dragon_pulse|earth_power|giga_drain|hyper_voice|icy_wind|iron_head|iron_tail|shock_wave|signal_beam|skill_swap|sky_attack|snore|tailwind|trick|water_pulse|wonder_room|zen_headbutt;;no_eggs;;;249;Buceo;5,2;216;blanco;sin_genero;si;Duerme en una dorsal marina. Si bate sus alas, puede causar tormentas de 40 días.
ho_oh;Ho-Oh;fire|flying;106;130;90;110;154;90;pressure;;regenerator;slow;306;3;sp_defense:3;1:weather_ball|1:whirlwind|9:gust|15:brave_bird|23:extrasensory|29:sunny_day|37:fire_blast|43:sacred_fire|50:punishment|57:ancient_power|65:safeguard|71:recover|79:future_sight|85:natural_gift|93:calm_mind|99:sky_attack;aerial_ace|bulldoze|calm_mind|charge_beam|confide|double_team|dream_eater|earthquake|echoed_voice|facade|fire_blast|flame_charge|flamethrower|flash|fly|frustration|giga_impact|hidden_power|hyper_beam|incinerate|light_screen|overheat|protect|psych_up|psychic|rain_dance|reflect|rest|return|roar|rock_smash|roost|round|safeguard|sandstorm|secret_power|shadow_ball|sky_drop|sleep_talk|solar_beam|steel_wing|strength|substitute|sunny_day|swagger|thunder|thunder_wave|thunderbolt|toxic|will_o_wisp;earth_power|giga_drain|heat_wave|hyper_voice|iron_head|shock_wave|signal_beam|sky_attack|snore|tailwind|zen_headbutt;;no_eggs;;;250;Arcoíris;3,8;199;rojo;sin_genero;si;Cuenta la leyenda que brilla en siete colores. Dicen que deja un arcoíris tras de sí al volar.
celebi;Celebi;psychic|grass;100;100;100;100;100;100;natural_cure;;;medium_slow;270;45;hp:3;1:confusion|1:heal_bell|1:leech_seed|1:recover|10:safeguard|19:magical_leaf|28:ancient_power|37:baton_pass|46:natural_gift|55:heal_block|64:future_sight|73:healing_wish|82:leaf_storm|91:perish_song;aerial_ace|calm_mind|charge_beam|confide|cut|dazzling_gleam|double_team|dream_eater|echoed_voice|energy_ball|facade|flash|fling|frustration|giga_impact|grass_knot|hidden_power|hyper_beam|light_screen|nature_power|protect|psych_up|psychic|rain_dance|reflect|rest|return|round|safeguard|sandstorm|secret_power|shadow_ball|sleep_talk|solar_beam|substitute|sunny_day|swagger|swords_dance|thunder_wave|toxic|trick_room|u_turn;earth_power|giga_drain|heal_bell|helping_hand|last_resort|magic_coat|magic_room|seed_bomb|shock_wave|signal_beam|skill_swap|snore|stealth_rock|synthesis|trick|uproar|water_pulse|wonder_room|worry_seed|zen_headbutt;;no_eggs;;;251;Viajetiempo;0,6;5;verde;sin_genero;si;Este Pokémon vaga por el tiempo. La hierba y los árboles crecen por los campos por donde pasa.
treecko;Treecko;grass;40;45;35;65;55;70;overgrow;;unburden;medium_slow;62;45;speed:1;1:leer|1:pound|5:absorb|9:quick_attack|13:mega_drain|17:pursuit|21:giga_drain|25:agility|29:slam|33:detect|37:energy_ball|41:quick_guard|45:endeavor|49:screech;acrobatics|aerial_ace|attract|brick_break|confide|cut|dig|double_team|energy_ball|facade|flash|fling|frustration|grass_knot|hidden_power|nature_power|power_up_punch|protect|rest|return|rock_slide|rock_smash|rock_tomb|round|safeguard|secret_power|sleep_talk|solar_beam|strength|substitute|sunny_day|swagger|swords_dance|toxic;drain_punch|endeavor|focus_punch|giga_drain|grass_pledge|iron_tail|low_kick|seed_bomb|snore|synthesis|thunder_punch|worry_seed;bullet_seed|crunch|crush_claw|double_kick|dragon_breath|endeavor|grass_whistle|grassy_terrain|leaf_storm|leech_seed|magical_leaf|mud_sport|natural_gift|razor_wind|synthesis|worry_seed;monster|dragon;grovyle@16;;252;Geco Bosque;0,5;5;verde;12,5;no;Escala superficies verticales muy rápido. Con la cola detecta la humedad y prevé el tiempo que va a hacer.
grovyle;Grovyle;grass;50;65;45;85;65;95;overgrow;;unburden;medium_slow;142;45;speed:2;1:absorb|1:leer|1:pound|1:quick_attack|5:absorb|9:quick_attack|13:mega_drain|16:fury_cutter|18:pursuit|23:leaf_blade|28:agility|33:slam|38:detect|43:x_scissor|48:false_swipe|53:quick_guard|58:leaf_storm|63:screech;acrobatics|aerial_ace|attract|brick_break|confide|cut|dig|double_team|energy_ball|facade|false_swipe|flash|fling|frustration|grass_knot|hidden_power|low_sweep|nature_power|power_up_punch|protect|rest|return|rock_slide|rock_smash|rock_tomb|round|safeguard|secret_power|sleep_talk|solar_beam|strength|substitute|sunny_day|swagger|swords_dance|toxic|x_scissor;drain_punch|endeavor|focus_punch|giga_drain|grass_pledge|iron_tail|low_kick|seed_bomb|snore|synthesis|thunder_punch|worry_seed;;monster|dragon;sceptile@36;;253;Geco Bosque;0,9;21,6;verde;12,5;no;Los desarrollados músculos que tiene en las extremidades inferiores le hacen ser muy ágil y le permiten dar grandes saltos.
sceptile;Sceptile;grass;70;85;65;105;85;120;overgrow;;unburden;medium_slow;239;45;speed:3;1:absorb|1:leaf_storm|1:leer|1:night_slash|1:pound|1:quick_attack|5:absorb|9:quick_attack|13:mega_drain|16:fury_cutter|18:pursuit|23:leaf_blade|28:agility|33:slam|36:dual_chop|39:detect|45:x_scissor|51:false_swipe|57:quick_guard|63:leaf_storm|69:screech;acrobatics|aerial_ace|attract|brick_break|bulldoze|confide|cut|dig|double_team|dragon_claw|earthquake|energy_ball|facade|false_swipe|flash|fling|focus_blast|frustration|giga_impact|grass_knot|hidden_power|hone_claws|hyper_beam|low_sweep|nature_power|power_up_punch|protect|rest|return|roar|rock_slide|rock_smash|rock_tomb|round|safeguard|secret_power|sleep_talk|solar_beam|strength|substitute|sunny_day|swagger|swords_dance|toxic|x_scissor;dragon_pulse|drain_punch|dual_chop|endeavor|focus_punch|frenzy_plant|giga_drain|grass_pledge|iron_tail|low_kick|outrage|seed_bomb|snore|synthesis|thunder_punch|worry_seed;;monster|dragon;;;254;Monte;1,7;52,2;verde;12,5;no;Las hojas de sus brazos pueden cortar gruesos árboles. Invencible en los combates en la jungla.
torchic;Torchic;fire;45;60;40;70;50;45;blaze;;speed_boost;medium_slow;62;45;sp_attack:1;1:growl|1:scratch|5:ember|10:sand_attack|14:peck|19:fire_spin|23:quick_attack|28:flame_burst|32:focus_energy|37:slash|41:mirror_move|46:flamethrower;aerial_ace|attract|confide|cut|dig|double_team|echoed_voice|facade|fire_blast|flame_charge|flamethrower|frustration|hidden_power|hone_claws|incinerate|overheat|protect|rest|return|rock_slide|rock_smash|rock_tomb|round|secret_power|shadow_claw|sleep_talk|strength|substitute|sunny_day|swagger|swords_dance|toxic|will_o_wisp;bounce|fire_pledge|heat_wave|helping_hand|last_resort|low_kick|snore;agility|baton_pass|counter|crush_claw|curse|endure|feather_dance|feint|flame_burst|last_resort|low_kick|night_slash|reversal|smelling_salts;ground;combusken@16;;255;Polluelo;0,4;2,5;rojo;12,5;no;En su interior, guarda una llama que arde sin cesar. Si se le abraza, se nota que tiene una temperatura muy alta.
combusken;Combusken;fire|fighting;60;85;60;85;60;55;blaze;;speed_boost;medium_slow;142;45;attack:1|sp_attack:1;1:ember|1:growl|1:sand_attack|1:scratch|5:ember|10:sand_attack|14:peck|16:double_kick|20:flame_charge|25:quick_attack|31:bulk_up|36:focus_energy|42:slash|47:mirror_move|53:sky_uppercut|58:flare_blitz;aerial_ace|attract|brick_break|bulk_up|confide|cut|dig|double_team|echoed_voice|facade|fire_blast|flame_charge|flamethrower|fling|focus_blast|frustration|hidden_power|hone_claws|incinerate|low_sweep|overheat|poison_jab|power_up_punch|protect|rest|return|rock_slide|rock_smash|rock_tomb|round|secret_power|shadow_claw|sleep_talk|strength|substitute|sunny_day|swagger|swords_dance|toxic|will_o_wisp;bounce|dual_chop|fire_pledge|fire_punch|focus_punch|heat_wave|helping_hand|last_resort|low_kick|snore|thunder_punch;;ground;blaziken@36;;256;Ave Corral;0,9;19,5;rojo;12,5;no;Su habilidad le permite dar diez patadas por segundo. Lanza potentes gritos para intimidar.
blaziken;Blaziken;fire|fighting;80;120;70;110;70;80;blaze;;speed_boost;medium_slow;239;45;attack:3;1:ember|1:fire_punch|1:flare_blitz|1:growl|1:high_jump_kick|1:sand_attack|1:scratch|5:ember|10:sand_attack|14:peck|16:double_kick|20:flame_charge|25:quick_attack|31:bulk_up|36:blaze_kick|37:focus_energy|44:slash|50:brave_bird|57:sky_uppercut|63:flare_blitz;acrobatics|aerial_ace|attract|brick_break|bulk_up|bulldoze|confide|cut|dig|double_team|earthquake|echoed_voice|facade|fire_blast|flame_charge|flamethrower|fling|focus_blast|frustration|giga_impact|hidden_power|hone_claws|hyper_beam|incinerate|low_sweep|overheat|poison_jab|power_up_punch|protect|rest|return|roar|rock_slide|rock_smash|rock_tomb|round|secret_power|shadow_claw|sleep_talk|solar_beam|stone_edge|strength|substitute|sunny_day|swagger|swords_dance|toxic|will_o_wisp;blast_burn|bounce|dual_chop|fire_pledge|fire_punch|focus_punch|heat_wave|helping_hand|knock_off|last_resort|low_kick|role_play|snore|superpower|thunder_punch;;ground;;;257;Llameante;1,9;52;rojo;12,5;no;Puede saltar edificios de 30 plantas. Con sus golpes de fuego quema a sus rivales.
mudkip;Mudkip;water;50;70;50;50;50;40;torrent;;damp;medium_slow;62;45;attack:1;1:growl|1:tackle|4:water_gun|9:mud_slap|12:foresight|17:bide|20:mud_sport|25:rock_throw|28:protect|33:whirlpool|36:take_down|41:hydro_pump|44:endeavor;attract|blizzard|confide|dig|dive|double_team|echoed_voice|facade|frustration|hail|hidden_power|ice_beam|protect|rain_dance|rest|return|rock_slide|rock_smash|rock_tomb|round|scald|secret_power|sleep_talk|sludge_wave|strength|substitute|surf|swagger|toxic|waterfall;aqua_tail|earth_power|endeavor|icy_wind|iron_tail|low_kick|snore|superpower|uproar|water_pledge|water_pulse;ancient_power|avalanche|barrier|bite|counter|curse|double_edge|ice_ball|mirror_coat|mud_bomb|refresh|sludge|stomp|uproar|whirlpool|wide_guard|yawn;monster|water1;marshtomp@16;;258;Pez Lodo;0,4;7,6;azul;12,5;no;Tiene una larga cola que le propulsa por el agua con mucha potencia. A pesar de ser pequeño, tiene mucha fuerza.
marshtomp;Marshtomp;water|ground;70;85;70;60;70;50;torrent;;damp;medium_slow;142;45;attack:2;1:growl|1:mud_slap|1:tackle|1:water_gun|4:water_gun|9:mud_slap|12:foresight|16:mud_shot|18:bide|22:mud_bomb|28:rock_slide|32:protect|38:muddy_water|42:take_down|48:earthquake|52:endeavor;attract|blizzard|brick_break|bulldoze|confide|dig|dive|double_team|earthquake|echoed_voice|facade|fling|frustration|hail|hidden_power|ice_beam|power_up_punch|protect|rain_dance|rest|return|rock_slide|rock_smash|rock_tomb|round|scald|secret_power|sleep_talk|sludge_wave|strength|substitute|surf|swagger|toxic|waterfall;aqua_tail|earth_power|endeavor|ice_punch|icy_wind|iron_tail|low_kick|snore|stealth_rock|superpower|uproar|water_pledge|water_pulse;;monster|water1;swampert@36;;259;Pez Lodo;0,7;28;azul;12,5;no;Sus piernas robustas impiden que pierda el equilibrio y caiga, incluso en el barro. Duerme bajo la arena.
swampert;Swampert;water|ground;100;110;90;85;90;60;torrent;;damp;medium_slow;241;45;attack:3;1:growl|1:hammer_arm|1:mud_slap|1:tackle|1:water_gun|4:water_gun|9:mud_slap|12:foresight|16:mud_shot|18:bide|22:mud_bomb|28:rock_slide|32:protect|39:muddy_water|44:take_down|51:earthquake|56:endeavor|63:hammer_arm;attract|blizzard|brick_break|bulldoze|confide|dig|dive|double_team|earthquake|echoed_voice|facade|fling|focus_blast|frustration|giga_impact|hail|hidden_power|hyper_beam|ice_beam|power_up_punch|protect|rain_dance|rest|return|roar|rock_slide|rock_smash|rock_tomb|round|scald|secret_power|sleep_talk|sludge_wave|stone_edge|strength|substitute|surf|swagger|toxic|waterfall;aqua_tail|earth_power|endeavor|focus_punch|hydro_cannon|ice_punch|icy_wind|iron_tail|low_kick|outrage|snore|stealth_rock|superpower|uproar|water_pledge|water_pulse;;monster|water1;;;260;Pez Lodo;1,5;81,9;azul;12,5;no;Con sus brazos duros como el acero puede partir rocas gigantescas en mil pedazos de un solo golpe.
poochyena;Poochyena;dark;35;55;35;30;30;35;run_away;quick_feet;rattled;medium_fast;56;255;attack:1;1:tackle|4:howl|7:sand_attack|10:bite|13:odor_sleuth|16:roar|19:swagger|22:assurance|25:scary_face|28:embargo|31:taunt|34:take_down|37:crunch|40:sucker_punch;attract|confide|dark_pulse|dig|double_team|embargo|facade|frustration|hidden_power|incinerate|payback|protect|rain_dance|rest|retaliate|return|roar|rock_smash|round|secret_power|shadow_ball|sleep_talk|snarl|substitute|sunny_day|swagger|taunt|thief|torment|toxic;covet|foul_play|hyper_voice|iron_tail|snatch|snore|spite|super_fang|uproar;astonish|covet|fire_fang|ice_fang|leer|me_first|play_rough|poison_fang|sleep_talk|snatch|sucker_punch|thunder_fang|yawn;ground;mightyena@18;;261;Mordisco;0,5;13,6;gris;50;no;Es muy persistente. Si se fija en una presa, no la dejará hasta que caiga agotada.
mightyena;Mightyena;dark;70;90;70;60;60;70;intimidate;quick_feet;moxie;medium_fast;147;127;attack:2;1:bite|1:crunch|1:howl|1:sand_attack|1:tackle|1:thief|4:howl|7:sand_attack|10:bite|13:odor_sleuth|16:roar|18:snarl|20:swagger|24:assurance|28:scary_face|32:embargo|36:taunt|40:take_down|44:crunch|48:sucker_punch;attract|confide|dark_pulse|dig|double_team|embargo|facade|frustration|giga_impact|hidden_power|hyper_beam|incinerate|payback|protect|rain_dance|rest|retaliate|return|roar|rock_smash|round|secret_power|shadow_ball|sleep_talk|snarl|strength|substitute|sunny_day|swagger|taunt|thief|torment|toxic;covet|foul_play|hyper_voice|iron_tail|snatch|snore|spite|super_fang|uproar;;ground;;;262;Mordisco;1;37;gris;50;no;Siempre obedece a los buenos Entrenadores. Está acostumbrado a vivir en jaurías en estado salvaje.
zigzagoon;Zigzagoon;normal;38;30;41;30;41;60;pickup;gluttony;quick_feet;medium_fast;56;255;speed:1;1:growl|1:tackle|5:tail_whip|7:sand_attack|11:headbutt|12:baby_doll_eyes|13:odor_sleuth|17:mud_sport|19:pin_missile|23:covet|25:bestow|29:flail|31:take_down|35:rest|37:belly_drum|41:fling;attract|blizzard|charge_beam|confide|cut|dig|double_team|echoed_voice|facade|fling|frustration|grass_knot|hidden_power|hone_claws|ice_beam|protect|rain_dance|rest|retaliate|return|rock_smash|round|secret_power|shadow_ball|sleep_talk|substitute|sunny_day|surf|swagger|thief|thunder|thunder_wave|thunderbolt|toxic;covet|gunk_shot|helping_hand|hyper_voice|icy_wind|iron_tail|last_resort|seed_bomb|shock_wave|snore|super_fang|trick|water_pulse;charm|helping_hand|mud_slap|pursuit|rock_climb|simple_beam|sleep_talk|tickle|trick;ground;linoone@20;;263;Mapachito;0,4;17,5;marrón;50;no;Se mueve en zigzag. Se le da bien encontrar objetos ocultos en la hierba e incluso enterrados.
linoone;Linoone;normal;78;70;61;50;61;100;pickup;gluttony;quick_feet;medium_fast;147;90;speed:2;1:growl|1:play_rough|1:rototiller|1:sand_attack|1:switcheroo|1:tackle|1:tail_whip|5:tail_whip|7:sand_attack|11:headbutt|13:odor_sleuth|17:mud_sport|19:fury_swipes|24:covet|27:bestow|32:slash|35:double_edge|40:rest|43:belly_drum|48:fling;attract|blizzard|charge_beam|confide|cut|dig|double_team|echoed_voice|facade|fling|frustration|giga_impact|grass_knot|hidden_power|hone_claws|hyper_beam|ice_beam|protect|rain_dance|rest|retaliate|return|roar|rock_smash|round|secret_power|shadow_ball|shadow_claw|sleep_talk|strength|substitute|sunny_day|surf|swagger|thief|thunder|thunder_wave|thunderbolt|toxic;covet|gunk_shot|helping_hand|hyper_voice|icy_wind|iron_tail|last_resort|seed_bomb|shock_wave|snore|super_fang|trick|water_pulse;;ground;;;264;Lanzado;0,5;32,5;blanco;50;no;En línea recta corre a algo más de 100 km/h, pero no es tan hábil si hay curvas de por medio.
wurmple;Wurmple;bug;45;45;35;20;30;20;shield_dust;;run_away;medium_fast;56;255;hp:1;1:string_shot|1:tackle|5:poison_sting|15:bug_bite;;bug_bite|electroweb|snore;;bug;silcoon@7+azar:50 | cascoon@7+!azar:50;;265;Gusano;0,3;3,6;rojo;50;no;Le encanta comer hojas. Si le ataca un Starly, se defenderá con sus púas.
silcoon;Silcoon;bug;50;35;55;25;25;15;shed_skin;;;medium_fast;72;120;defense:2;1:harden|7:harden;;bug_bite|electroweb|iron_defense;;bug;beautifly@10;;266;Capullo;0,6;10;blanco;50;no;Se agarra con su seda a las ramas de un árbol y espera su evolución bebiendo agua de lluvia.
beautifly;Beautifly;bug|flying;60;70;50;100;50;65;swarm;;rivalry;medium_fast;178;45;sp_attack:3;1:gust|10:gust|12:absorb|15:stun_spore|17:morning_sun|20:air_cutter|22:mega_drain|25:silver_wind|27:attract|30:whirlwind|32:giga_drain|35:bug_buzz|37:rage|40:quiver_dance;acrobatics|aerial_ace|attract|confide|double_team|energy_ball|facade|flash|frustration|giga_impact|hidden_power|hyper_beam|infestation|protect|psychic|rest|return|roost|round|safeguard|secret_power|shadow_ball|sleep_talk|solar_beam|struggle_bug|substitute|sunny_day|swagger|thief|toxic|u_turn|venoshock;bug_bite|electroweb|giga_drain|signal_beam|snore|tailwind;;bug;;;267;Mariposa;1;28,4;amarillo;50;no;Los dibujos de sus coloridas alas son muy peculiares. Liba el néctar de las flores con su fina trompa.
cascoon;Cascoon;bug;50;35;55;25;25;15;shed_skin;;;medium_fast;72;120;defense:2;1:harden|7:harden;;bug_bite|electroweb|iron_defense;;bug;dustox@10;;268;Capullo;0,7;11,5;morado;50;no;Está formado por seda que se endurece poco a poco. Si se resquebraja el capullo, está a punto de evolucionar.
dustox;Dustox;bug|poison;60;50;70;50;90;65;shield_dust;;compound_eyes;medium_fast;173;45;sp_defense:3;1:gust|10:gust|12:confusion|15:poison_powder|17:moonlight|20:venoshock|22:psybeam|25:silver_wind|27:light_screen|30:whirlwind|32:toxic|35:bug_buzz|37:protect|40:quiver_dance;acrobatics|aerial_ace|attract|confide|double_team|energy_ball|facade|flash|frustration|giga_impact|hidden_power|hyper_beam|infestation|light_screen|protect|psychic|rest|return|roost|round|secret_power|shadow_ball|sleep_talk|sludge_bomb|solar_beam|struggle_bug|substitute|sunny_day|swagger|thief|toxic|u_turn|venoshock;bug_bite|electroweb|giga_drain|signal_beam|snore|tailwind;;bug;;;269;Polilla Ven.;1,2;31,6;verde;50;no;Pokémon nocturno. Atraído por las luces de la ciudad, se come las hojas y arbustos de las avenidas.
lotad;Lotad;water|grass;40;30;30;40;50;30;swift_swim;rain_dish;own_tempo;medium_slow;44;255;sp_defense:1;1:astonish|3:growl|6:absorb|9:bubble|12:natural_gift|15:mist|18:mega_drain|21:bubble_beam|24:nature_power|27:rain_dance|30:giga_drain|33:zen_headbutt|36:energy_ball;attract|blizzard|confide|double_team|echoed_voice|energy_ball|facade|flash|frustration|grass_knot|hail|hidden_power|ice_beam|nature_power|protect|rain_dance|rest|return|round|scald|secret_power|sleep_talk|solar_beam|substitute|sunny_day|surf|swagger|swords_dance|thief|toxic;giga_drain|icy_wind|seed_bomb|snore|synthesis|uproar|water_pulse|zen_headbutt;counter|flail|giga_drain|leech_seed|razor_leaf|sweet_scent|synthesis|teeter_dance|tickle|water_gun;water1|plant;lombre@14;;270;Lenteja Agua;0,5;2,6;verde;50;no;Parece una planta acuática. Hace de ferry para los Pokémon que no saben nadar.
lombre;Lombre;water|grass;60;50;50;60;70;50;swift_swim;rain_dish;own_tempo;medium_slow;119;120;sp_defense:2;1:astonish|3:growl|6:absorb|9:bubble|12:fury_swipes|16:fake_out|20:water_sport|24:bubble_beam|28:nature_power|32:uproar|36:knock_off|40:zen_headbutt|44:hydro_pump;attract|blizzard|brick_break|confide|dive|double_team|echoed_voice|energy_ball|facade|flash|fling|frustration|grass_knot|hail|hidden_power|hone_claws|ice_beam|nature_power|power_up_punch|protect|rain_dance|rest|return|rock_smash|round|scald|secret_power|sleep_talk|solar_beam|strength|substitute|sunny_day|surf|swagger|swords_dance|thief|toxic|waterfall;drain_punch|fire_punch|giga_drain|hyper_voice|ice_punch|icy_wind|knock_off|seed_bomb|snore|synthesis|thunder_punch|uproar|water_pulse|zen_headbutt;;water1|plant;ludicolo@objeto:water_stone;;271;Alegre;1,2;32,5;verde;50;no;Vive en el agua y, cuando hace sol, se queda en la orilla. De día duerme sobre las algas y de noche entra en acción.
ludicolo;Ludicolo;water|grass;80;70;70;90;100;70;swift_swim;rain_dish;own_tempo;medium_slow;216;45;sp_defense:3;1:astonish|1:growl|1:mega_drain|1:nature_power;attract|blizzard|brick_break|confide|dive|double_team|echoed_voice|energy_ball|facade|flash|fling|focus_blast|frustration|giga_impact|grass_knot|hail|hidden_power|hone_claws|hyper_beam|ice_beam|nature_power|power_up_punch|protect|rain_dance|rest|return|rock_smash|round|scald|secret_power|sleep_talk|solar_beam|strength|substitute|sunny_day|surf|swagger|swords_dance|thief|toxic|waterfall;drain_punch|fire_punch|focus_punch|giga_drain|hyper_voice|ice_punch|icy_wind|knock_off|seed_bomb|snore|synthesis|thunder_punch|uproar|water_pulse|zen_headbutt;;water1|plant;;;272;Optimista;1,5;55;verde;50;no;Cuando oye música alegre, sus músculos se llenan de energía, y no puede evitar ponerse a bailar.
seedot;Seedot;grass;40;40;50;30;30;30;chlorophyll;early_bird;pickpocket;medium_slow;44;255;defense:1;1:bide|3:harden|9:growth|15:nature_power|21:synthesis|27:sunny_day|33:explosion;attract|confide|dig|double_team|energy_ball|explosion|facade|false_swipe|flash|frustration|grass_knot|hidden_power|nature_power|protect|rest|retaliate|return|rock_smash|round|secret_power|shadow_ball|sleep_talk|solar_beam|substitute|sunny_day|swagger|swords_dance|toxic;foul_play|giga_drain|seed_bomb|snore|spite|synthesis|worry_seed;amnesia|beat_up|bullet_seed|defog|foul_play|grassy_terrain|leech_seed|nasty_plot|power_swap|quick_attack|razor_wind|take_down|worry_seed;ground|plant;nuzleaf@14;;273;Bellota;0,5;4;marrón;50;no;Se cuelga de las ramas con el extremo de su cabeza. A veces se cae cuando soplan vientos fuertes.
nuzleaf;Nuzleaf;grass|dark;70;70;40;60;40;60;chlorophyll;early_bird;pickpocket;medium_slow;119;120;attack:2;1:pound|3:harden|6:growth|9:nature_power|12:fake_out|14:razor_leaf|16:torment|20:razor_wind|24:feint_attack|28:leaf_blade|32:swagger|36:extrasensory;attract|brick_break|confide|cut|dark_pulse|dig|double_team|embargo|energy_ball|explosion|facade|false_swipe|flash|fling|frustration|grass_knot|hidden_power|hyper_beam|low_sweep|nature_power|payback|power_up_punch|protect|psych_up|rest|retaliate|return|rock_slide|rock_smash|rock_tomb|round|secret_power|shadow_ball|sleep_talk|snarl|solar_beam|strength|substitute|sunny_day|swagger|swords_dance|thief|torment|toxic;foul_play|giga_drain|low_kick|seed_bomb|snore|spite|synthesis|worry_seed;;ground|plant;shiftry@objeto:leaf_stone;;274;Astuto;1;28;marrón;50;no;Cuando usa la hoja de su cabeza como flauta, asusta a la gente. Vive en lo más profundo de los bosques.
shiftry;Shiftry;grass|dark;90;100;60;90;60;80;chlorophyll;early_bird;pickpocket;medium_slow;216;45;attack:3;1:feint_attack|1:nasty_plot|1:razor_leaf|1:whirlwind|20:leaf_tornado|32:hurricane|44:leaf_storm;aerial_ace|attract|brick_break|confide|cut|dark_pulse|dig|double_team|embargo|energy_ball|explosion|facade|false_swipe|flash|fling|focus_blast|frustration|giga_impact|grass_knot|hidden_power|hyper_beam|low_sweep|nature_power|payback|power_up_punch|protect|psych_up|rest|retaliate|return|rock_slide|rock_smash|rock_tomb|round|secret_power|shadow_ball|sleep_talk|snarl|solar_beam|strength|substitute|sunny_day|swagger|swords_dance|thief|torment|toxic|x_scissor;bounce|foul_play|giga_drain|icy_wind|knock_off|low_kick|seed_bomb|snore|spite|synthesis|tailwind|worry_seed;;ground|plant;;;275;Malvado;1,3;59,6;marrón;50;no;Habita los bosques y se le tiene miedo. Es capaz de leer los pensamientos del rival y actuar en consecuencia.
taillow;Taillow;normal|flying;40;55;30;30;30;85;guts;;scrappy;medium_slow;54;200;speed:1;1:growl|1:peck|5:focus_energy|9:quick_attack|13:wing_attack|17:double_team|21:aerial_ace|25:quick_guard|29:agility|33:air_slash|37:endeavor|41:brave_bird;aerial_ace|attract|confide|double_team|echoed_voice|facade|fly|frustration|hidden_power|protect|rain_dance|rest|return|roost|round|secret_power|sleep_talk|steel_wing|substitute|sunny_day|swagger|thief|toxic|u_turn;endeavor|heat_wave|sky_attack|snore|tailwind;boomburst|brave_bird|defog|mirror_move|pursuit|rage|refresh|roost|sky_attack|steel_wing|supersonic|whirlwind;flying;swellow@22;;276;Pequebuche;0,3;2,3;azul;50;no;Es un Pokémon valiente que no teme a los rivales fuertes. Vuela en busca de climas templados.
swellow;Swellow;normal|flying;60;85;60;50;50;125;guts;;scrappy;medium_slow;159;45;speed:2;1:air_slash|1:brave_bird|1:focus_energy|1:growl|1:peck|1:pluck|1:quick_attack|5:focus_energy|9:quick_attack|13:wing_attack|17:double_team|21:aerial_ace|27:quick_guard|33:agility|39:endeavor|45:air_slash|51:brave_bird;aerial_ace|attract|confide|double_team|echoed_voice|facade|fly|frustration|giga_impact|hidden_power|hyper_beam|protect|rain_dance|rest|return|roost|round|secret_power|sleep_talk|steel_wing|substitute|sunny_day|swagger|thief|toxic|u_turn;endeavor|heat_wave|sky_attack|snore|tailwind;;flying;;;277;Buche;0,7;19,8;azul;50;no;Cuando se encuentra bien, pone firmes las plumas de la cola doble que tiene. Remonta el vuelo de forma muy elegante.
wingull;Wingull;water|flying;40;30;30;55;30;85;keen_eye;;rain_dish;medium_fast;54;190;speed:1;1:growl|1:water_gun|5:supersonic|8:wing_attack|12:mist|15:water_pulse|19:quick_attack|22:air_cutter|26:pursuit|29:aerial_ace|33:roost|36:agility|40:air_slash|43:hurricane;aerial_ace|attract|blizzard|confide|double_team|echoed_voice|facade|fly|frustration|hail|hidden_power|ice_beam|protect|rain_dance|rest|return|roost|round|scald|secret_power|sleep_talk|steel_wing|substitute|swagger|thief|toxic|u_turn;icy_wind|knock_off|shock_wave|sky_attack|snore|tailwind|uproar|water_pulse;agility|aqua_ring|brine|gust|knock_off|mist|roost|soak|twister|water_sport|wide_guard;water1|flying;pelipper@25;;278;Gaviota;0,6;9,5;blanco;50;no;Sus largas alas aprovechan los vientos marinos para planear. Cuando descansa, las pliega.
pelipper;Pelipper;water|flying;60;50;100;85;70;65;keen_eye;;rain_dish;medium_fast;154;45;defense:2;1:growl|1:hurricane|1:hydro_pump|1:soak|1:tailwind|1:water_gun|1:water_sport|1:wing_attack|5:supersonic|8:wing_attack|12:mist|15:water_pulse|19:payback|22:roost|25:protect|28:brine|33:spit_up|33:stockpile|33:swallow|39:fling|44:tailwind|50:hydro_pump|55:hurricane;aerial_ace|attract|blizzard|confide|double_team|echoed_voice|facade|fling|fly|frustration|giga_impact|hail|hidden_power|hyper_beam|ice_beam|payback|protect|rain_dance|rest|return|roost|round|scald|secret_power|sky_drop|sleep_talk|steel_wing|substitute|surf|swagger|thief|toxic|u_turn;gunk_shot|icy_wind|knock_off|seed_bomb|shock_wave|sky_attack|snore|tailwind|uproar|water_pulse;;water1|flying;;;279;Ave Agua;1,2;28;amarillo;50;no;Hunde su gran pico en el mar para sacar numerosas presas junto con mucha agua.
ralts;Ralts;psychic|fairy;28;25;25;45;35;40;synchronize;trace;telepathy;slow;40;235;sp_attack:1;1:growl|4:confusion|6:double_team|9:teleport|11:disarming_voice|14:lucky_chant|17:magical_leaf|19:heal_pulse|22:draining_kiss|24:calm_mind|27:psychic|29:imprison|32:future_sight|34:charm|37:hypnosis|39:dream_eater|42:stored_power;attract|calm_mind|charge_beam|confide|dazzling_gleam|double_team|dream_eater|echoed_voice|facade|flash|fling|frustration|grass_knot|hidden_power|light_screen|protect|psych_up|psychic|psyshock|rain_dance|reflect|rest|return|round|safeguard|secret_power|shadow_ball|sleep_talk|substitute|sunny_day|swagger|taunt|thief|thunder_wave|thunderbolt|torment|toxic|trick_room|will_o_wisp;fire_punch|helping_hand|hyper_voice|ice_punch|icy_wind|magic_coat|magic_room|pain_split|recycle|shock_wave|signal_beam|skill_swap|snatch|snore|thunder_punch|trick|wonder_room|zen_headbutt;ally_switch|confuse_ray|destiny_bond|disable|encore|grudge|mean_look|memento|misty_terrain|shadow_sneak|skill_swap|synchronoise;humanshape|indeterminate;kirlia@20;;280;Sensible;0,4;6,6;blanco;50;no;Si sus cuernos perciben emociones positivas de personas o Pokémon, su cuerpo se calienta un poco.
kirlia;Kirlia;psychic|fairy;38;35;35;65;55;50;synchronize;trace;telepathy;slow;97;120;sp_attack:2;1:confusion|1:double_team|1:growl|1:teleport|4:confusion|6:double_team|9:teleport|11:disarming_voice|14:lucky_chant|17:magical_leaf|19:heal_pulse|23:draining_kiss|26:calm_mind|30:psychic|33:imprison|37:future_sight|40:charm|44:hypnosis|47:dream_eater|51:stored_power;attract|calm_mind|charge_beam|confide|dazzling_gleam|double_team|dream_eater|echoed_voice|facade|flash|fling|frustration|grass_knot|hidden_power|light_screen|protect|psych_up|psychic|psyshock|rain_dance|reflect|rest|return|round|safeguard|secret_power|shadow_ball|sleep_talk|substitute|sunny_day|swagger|taunt|thief|thunder_wave|thunderbolt|torment|toxic|trick_room|will_o_wisp;fire_punch|helping_hand|hyper_voice|ice_punch|icy_wind|magic_coat|magic_room|pain_split|recycle|shock_wave|signal_beam|skill_swap|snatch|snore|thunder_punch|trick|wonder_room|zen_headbutt;;humanshape|indeterminate;gardevoir@30 | gallade@objeto:dawn_stone+genero:macho;;281;Sensorio;0,8;20,2;blanco;50;no;Al percibir la alegría de su Entrenador refuerza sus ataques psicoquinéticos. Cuando está contento, da vueltas y baila.
gardevoir;Gardevoir;psychic|fairy;68;65;65;125;115;80;synchronize;trace;telepathy;slow;233;45;sp_attack:3;1:confusion|1:double_team|1:growl|1:healing_wish|1:misty_terrain|1:moonblast|1:stored_power|1:teleport|4:confusion|6:double_team|9:teleport|11:disarming_voice|14:wish|17:magical_leaf|19:heal_pulse|23:draining_kiss|26:calm_mind|31:psychic|35:imprison|40:future_sight|44:captivate|49:hypnosis|53:dream_eater|58:stored_power|62:moonblast;attract|calm_mind|charge_beam|confide|dazzling_gleam|double_team|dream_eater|echoed_voice|energy_ball|facade|flash|fling|focus_blast|frustration|giga_impact|grass_knot|hidden_power|hyper_beam|light_screen|protect|psych_up|psychic|psyshock|rain_dance|reflect|rest|return|round|safeguard|secret_power|shadow_ball|sleep_talk|substitute|sunny_day|swagger|taunt|thief|thunder_wave|thunderbolt|torment|toxic|trick_room|will_o_wisp;fire_punch|heal_bell|helping_hand|hyper_voice|ice_punch|icy_wind|magic_coat|magic_room|pain_split|recycle|shock_wave|signal_beam|skill_swap|snatch|snore|thunder_punch|trick|wonder_room|zen_headbutt;;humanshape|indeterminate;;;282;Envolvente;1,6;48,4;blanco;50;no;Para proteger a su Entrenador, emplea todo su poder psíquico en crear un pequeño agujero negro.
surskit;Surskit;bug|water;40;30;32;50;52;65;swift_swim;;rain_dish;medium_fast;54;200;speed:1;1:bubble|6:quick_attack|9:sweet_scent|14:water_sport|17:bubble_beam|22:agility|25:haze|25:mist|30:aqua_jet|35:baton_pass|38:sticky_web;attract|blizzard|confide|double_team|facade|flash|frustration|hidden_power|ice_beam|infestation|protect|psych_up|rain_dance|rest|return|round|scald|secret_power|shadow_ball|sleep_talk|solar_beam|struggle_bug|substitute|sunny_day|swagger|thief|toxic;bug_bite|giga_drain|icy_wind|signal_beam|snore|water_pulse;aqua_jet|bug_bite|endure|fell_stinger|foresight|hydro_pump|mind_reader|mud_shot|power_split|psybeam|signal_beam;water1|bug;masquerain@22;;283;Zapatero;0,5;1,7;azul;50;no;Vive en estanques, pero cuando se desata una tormenta puede aparecer en los charcos que se forman en las ciudades.
masquerain;Masquerain;bug|flying;70;60;62;80;82;60;intimidate;;unnerve;medium_fast;159;75;sp_attack:1|sp_defense:1;1:bubble|1:bug_buzz|1:ominous_wind|1:quick_attack|1:quiver_dance|1:sweet_scent|1:water_sport|1:whirlwind|6:quick_attack|9:sweet_scent|14:water_sport|17:gust|22:air_cutter|22:scary_face|26:stun_spore|32:silver_wind|38:air_slash|42:bug_buzz|48:whirlwind|52:quiver_dance;aerial_ace|attract|blizzard|confide|double_team|energy_ball|facade|flash|frustration|giga_impact|hidden_power|hyper_beam|ice_beam|infestation|protect|psych_up|rain_dance|rest|return|roost|round|scald|secret_power|shadow_ball|sleep_talk|solar_beam|struggle_bug|substitute|sunny_day|swagger|thief|toxic|u_turn;bug_bite|giga_drain|icy_wind|signal_beam|snore|tailwind|water_pulse;;water1|bug;;;284;Globocular;0,8;3,6;azul;50;no;Sus antenas tienen dibujos de ojos, mientras que sus alas le permiten volar en cualquier dirección.
shroomish;Shroomish;grass;60;40;60;40;60;35;effect_spore;poison_heal;quick_feet;fluctuating;59;255;hp:1;1:absorb|1:tackle|5:stun_spore|8:leech_seed|12:mega_drain|15:headbutt|19:poison_powder|22:worry_seed|26:giga_drain|29:growth|33:toxic|36:seed_bomb|40:spore;attract|confide|double_team|energy_ball|facade|false_swipe|flash|frustration|grass_knot|hidden_power|protect|rest|return|round|safeguard|secret_power|sleep_talk|sludge_bomb|solar_beam|substitute|sunny_day|swagger|swords_dance|toxic|venoshock;drain_punch|focus_punch|giga_drain|helping_hand|seed_bomb|snatch|snore|synthesis|worry_seed;bullet_seed|charm|drain_punch|fake_tears|focus_punch|helping_hand|natural_gift|seed_bomb|wake_up_slap|worry_seed;fairy|plant;breloom@23;;285;Hongo;0,4;4,5;marrón;50;no;Prefiere los sitios húmedos. De día está tranquilamente en el bosque, a la sombra. Expulsa polvo tóxico por la cabeza.
breloom;Breloom;grass|fighting;60;130;80;60;60;70;effect_spore;poison_heal;technician;fluctuating;161;90;attack:2;1:absorb|1:leech_seed|1:stun_spore|1:tackle|5:stun_spore|8:leech_seed|12:mega_drain|15:headbutt|19:feint|22:counter|23:mach_punch|28:force_palm|33:mind_reader|39:sky_uppercut|44:seed_bomb|50:dynamic_punch;attract|brick_break|bulk_up|confide|cut|double_team|energy_ball|facade|false_swipe|flash|fling|focus_blast|frustration|giga_impact|grass_knot|hidden_power|hyper_beam|low_sweep|power_up_punch|protect|rest|retaliate|return|rock_slide|rock_smash|rock_tomb|round|safeguard|secret_power|sleep_talk|sludge_bomb|solar_beam|stone_edge|strength|substitute|sunny_day|swagger|swords_dance|toxic|venoshock;drain_punch|focus_punch|giga_drain|helping_hand|iron_tail|seed_bomb|snatch|snore|superpower|synthesis|thunder_punch|worry_seed;;fairy|plant;;;286;Hongo;1,2;39,2;verde;50;no;Sus cortos brazos se expanden cuando da puñetazos. Tiene una técnica pugilística muy depurada.
slakoth;Slakoth;normal;60;60;60;35;35;30;truant;;;slow;56;255;hp:1;1:scratch|1:yawn|6:encore|9:slack_off|14:feint_attack|17:amnesia|22:covet|25:chip_away|30:counter|33:flail|38:play_rough;aerial_ace|attract|blizzard|brick_break|bulk_up|confide|cut|double_team|facade|fire_blast|flamethrower|fling|frustration|hidden_power|hone_claws|ice_beam|incinerate|power_up_punch|protect|rain_dance|rest|retaliate|return|rock_slide|rock_smash|rock_tomb|round|secret_power|shadow_ball|shadow_claw|sleep_talk|solar_beam|strength|substitute|sunny_day|swagger|thunder|thunderbolt|toxic;after_you|covet|fire_punch|focus_punch|gunk_shot|ice_punch|icy_wind|shock_wave|snore|thunder_punch|water_pulse;after_you|body_slam|crush_claw|curse|hammer_arm|night_slash|pursuit|slash|sleep_talk|snore|tickle;ground;vigoroth@18;;287;Gandul;0,8;24;marrón;50;no;Slakoth se pasa todo el día holgazaneando y solo con verlo a uno le entra mucha pereza.
vigoroth;Vigoroth;normal;80;80;80;55;55;90;vital_spirit;;;slow;154;120;speed:2;1:encore|1:focus_energy|1:reversal|1:scratch|1:uproar|6:encore|9:uproar|14:fury_swipes|17:endure|23:slash|27:chip_away|33:counter|37:focus_punch|43:reversal;aerial_ace|attract|blizzard|brick_break|bulk_up|bulldoze|confide|cut|double_team|earthquake|facade|fire_blast|flamethrower|fling|focus_blast|frustration|hidden_power|hone_claws|ice_beam|incinerate|low_sweep|power_up_punch|protect|rain_dance|rest|retaliate|return|roar|rock_slide|rock_smash|rock_tomb|round|secret_power|shadow_ball|shadow_claw|sleep_talk|solar_beam|strength|substitute|sunny_day|swagger|taunt|thunder|thunderbolt|toxic;after_you|covet|fire_punch|focus_punch|gunk_shot|ice_punch|icy_wind|low_kick|shock_wave|snore|thunder_punch|uproar|water_pulse;;ground;slaking@36;;288;Mono Feroz;1,4;46,5;blanco;50;no;Su corazón palpita a un ritmo frenético, haciendo que su sangre bulla, así que no puede estarse quieto ni un segundo.
slaking;Slaking;normal;150;160;100;95;65;100;truant;;;slow;252;45;hp:3;1:encore|1:fling|1:hammer_arm|1:punishment|1:scratch|1:slack_off|1:yawn|6:encore|9:slack_off|14:feint_attack|17:amnesia|23:covet|27:chip_away|33:counter|36:swagger|39:flail|47:fling|53:punishment|61:hammer_arm;aerial_ace|attract|blizzard|brick_break|bulk_up|bulldoze|confide|cut|double_team|earthquake|facade|fire_blast|flamethrower|fling|focus_blast|frustration|giga_impact|hidden_power|hone_claws|hyper_beam|ice_beam|incinerate|low_sweep|power_up_punch|protect|quash|rain_dance|rest|retaliate|return|roar|rock_slide|rock_smash|rock_tomb|round|secret_power|shadow_ball|shadow_claw|sleep_talk|smack_down|solar_beam|strength|substitute|sunny_day|swagger|taunt|thunder|thunderbolt|toxic;after_you|block|covet|fire_punch|focus_punch|gunk_shot|ice_punch|icy_wind|low_kick|shock_wave|snore|thunder_punch|water_pulse;;ground;;;289;Holgazán;2;130,5;marrón;50;no;El Pokémon más perezoso del mundo. Cambia de lugar para coger la comida al alcance de su mano.
nincada;Nincada;bug|ground;31;45;90;30;30;40;compound_eyes;;run_away;erratic;53;255;defense:1;1:harden|1:scratch|5:leech_life|9:sand_attack|13:fury_swipes|17:mud_slap|21:metal_claw|25:mind_reader|29:bide|33:false_swipe|37:dig;aerial_ace|confide|cut|dig|double_team|facade|false_swipe|flash|frustration|hidden_power|hone_claws|protect|rest|return|round|sandstorm|secret_power|shadow_ball|sleep_talk|solar_beam|struggle_bug|substitute|sunny_day|swagger|toxic|x_scissor;bug_bite|giga_drain|snore|spite;bug_bite|bug_buzz|endure|feint_attack|final_gambit|gust|night_slash|silver_wind;bug;ninjask@20;;290;Aprendiz;0,5;5,5;gris;50;no;Como se ha pasado casi toda la vida viviendo bajo tierra, no ve bien. Las antenas que tiene le ayudan a orientarse.
ninjask;Ninjask;bug|flying;61;90;45;50;50;160;speed_boost;;infiltrator;erratic;160;120;speed:2;1:bug_bite|1:harden|1:leech_life|1:sand_attack|1:scratch|5:leech_life|9:sand_attack|13:fury_swipes|17:agility|20:double_team|20:fury_cutter|20:screech|23:slash|29:mind_reader|35:baton_pass|41:swords_dance|47:x_scissor;aerial_ace|attract|confide|cut|dig|double_team|facade|false_swipe|flash|frustration|giga_impact|hidden_power|hone_claws|hyper_beam|protect|rest|return|roost|round|sandstorm|secret_power|shadow_ball|sleep_talk|solar_beam|struggle_bug|substitute|sunny_day|swagger|swords_dance|thief|toxic|u_turn|x_scissor;bug_bite|giga_drain|snore|spite|uproar;;bug;;;291;Ninja;0,8;12;amarillo;50;no;Escuchar su zumbido de forma continuada provoca jaquecas. Casi no se le ve de lo rápido que es.
shedinja;Shedinja;bug|ghost;1;90;45;30;30;40;wonder_guard;;;erratic;83;45;hp:2;1:harden|1:scratch|5:leech_life|9:sand_attack|13:fury_swipes|17:spite|21:shadow_sneak|25:mind_reader|29:confuse_ray|33:shadow_ball|37:grudge|41:heal_block|45:phantom_force;aerial_ace|confide|cut|dig|double_team|dream_eater|facade|false_swipe|flash|frustration|giga_impact|hidden_power|hone_claws|hyper_beam|protect|rest|return|round|sandstorm|secret_power|shadow_ball|shadow_claw|sleep_talk|solar_beam|struggle_bug|substitute|sunny_day|swagger|thief|toxic|will_o_wisp|x_scissor;bug_bite|giga_drain|snore|spite|trick;;mineral;;;292;Muda;0,8;1,2;marrón;sin_genero;no;Es el caparazón de un bicho que cobró vida. Si alguien lo mira por la espalda, le robará el alma.
whismur;Whismur;normal;64;51;23;51;23;28;soundproof;;rattled;medium_slow;48;190;hp:1;1:pound|4:echoed_voice|8:astonish|11:howl|15:screech|18:supersonic|22:stomp|25:uproar|29:roar|32:rest|36:sleep_talk|39:hyper_voice|43:synchronoise;attract|blizzard|confide|double_team|echoed_voice|facade|fire_blast|flamethrower|fling|frustration|hidden_power|ice_beam|incinerate|protect|rain_dance|rest|retaliate|return|roar|round|secret_power|shadow_ball|sleep_talk|solar_beam|substitute|sunny_day|swagger|toxic;endeavor|fire_punch|hyper_voice|ice_punch|icy_wind|shock_wave|snore|thunder_punch|uproar|water_pulse|zen_headbutt;circle_throw|disarming_voice|endeavor|extrasensory|fake_tears|hammer_arm|smelling_salts|smokescreen|snore|take_down;monster|ground;loudred@20;;293;Susurro;0,6;16,3;rosa;50;no;Normalmente murmulla, pero cuando siente que hay peligro se pone a chillar. Solo para cuando se le cierran las orejas.
loudred;Loudred;normal;84;71;43;71;43;48;soundproof;;scrappy;medium_slow;126;120;hp:2;1:astonish|1:echoed_voice|1:howl|1:pound|4:echoed_voice|9:astonish|11:howl|15:screech|18:supersonic|20:bite|23:stomp|27:uproar|32:roar|36:rest|41:sleep_talk|45:hyper_voice|50:synchronoise;attract|blizzard|brick_break|bulldoze|confide|double_team|earthquake|echoed_voice|facade|fire_blast|flamethrower|fling|frustration|hidden_power|ice_beam|incinerate|overheat|power_up_punch|protect|rain_dance|rest|retaliate|return|roar|rock_slide|rock_smash|rock_tomb|round|secret_power|shadow_ball|sleep_talk|smack_down|solar_beam|strength|substitute|sunny_day|swagger|taunt|torment|toxic;endeavor|fire_punch|hyper_voice|ice_punch|icy_wind|low_kick|shock_wave|snore|thunder_punch|uproar|water_pulse|zen_headbutt;;monster|ground;exploud@40;;294;Chillón;1;40,5;azul;50;no;Aspira profundamente y luego, usando sus fuertes abdominales, suelta un potente vozarrón.
exploud;Exploud;normal;104;91;63;91;73;68;soundproof;;scrappy;medium_slow;221;45;hp:3;1:astonish|1:boomburst|1:echoed_voice|1:fire_fang|1:howl|1:ice_fang|1:pound|1:thunder_fang|4:echoed_voice|9:astonish|11:howl|15:screech|18:supersonic|20:bite|23:stomp|27:uproar|32:roar|36:rest|40:crunch|42:sleep_talk|47:hyper_voice|53:synchronoise|58:boomburst|64:hyper_beam;attract|blizzard|brick_break|bulldoze|confide|double_team|earthquake|echoed_voice|facade|fire_blast|flamethrower|fling|focus_blast|frustration|giga_impact|hidden_power|hyper_beam|ice_beam|incinerate|overheat|power_up_punch|protect|rain_dance|rest|retaliate|return|roar|rock_slide|rock_smash|rock_tomb|round|secret_power|shadow_ball|sleep_talk|smack_down|solar_beam|strength|substitute|sunny_day|surf|swagger|taunt|torment|toxic;endeavor|fire_punch|hyper_voice|ice_punch|icy_wind|low_kick|outrage|shock_wave|snore|thunder_punch|uproar|water_pulse|zen_headbutt;;monster|ground;;;295;Escandaloso;1,5;84;azul;50;no;Su aullido se puede oír a 10 km. Emite todo tipo de sonidos desde los tubos de su cuerpo.
makuhita;Makuhita;fighting;72;60;30;20;30;25;thick_fat;guts;sheer_force;fluctuating;47;180;hp:1;1:focus_energy|1:tackle|4:sand_attack|7:arm_thrust|10:fake_out|13:force_palm|16:whirlwind|19:knock_off|22:vital_throw|25:belly_drum|28:smelling_salts|31:seismic_toss|34:wake_up_slap|37:endure|40:close_combat|43:reversal|46:heavy_slam;attract|brick_break|bulk_up|bulldoze|confide|dig|double_team|earthquake|facade|fling|focus_blast|frustration|hidden_power|low_sweep|poison_jab|power_up_punch|protect|rain_dance|rest|retaliate|return|rock_slide|rock_smash|rock_tomb|round|secret_power|sleep_talk|smack_down|strength|substitute|sunny_day|surf|swagger|toxic;fire_punch|focus_punch|helping_hand|ice_punch|knock_off|low_kick|role_play|snore|superpower|thunder_punch;bullet_punch|chip_away|counter|cross_chop|detect|dynamic_punch|feint|feint_attack|focus_punch|foresight|helping_hand|revenge|wake_up_slap|wide_guard;humanshape;hariyama@24;;296;Valiente;1;86,4;amarillo;25;no;Endurece su cuerpo golpeando grandes árboles sin perder jamás el ánimo.
hariyama;Hariyama;fighting;144;120;60;40;60;50;thick_fat;guts;sheer_force;fluctuating;166;200;hp:2;1:arm_thrust|1:brine|1:focus_energy|1:sand_attack|1:tackle|4:sand_attack|7:arm_thrust|10:fake_out|13:force_palm|16:whirlwind|19:knock_off|22:vital_throw|26:belly_drum|30:smelling_salts|34:seismic_toss|38:wake_up_slap|42:endure|46:close_combat|50:reversal|54:heavy_slam;attract|brick_break|bulk_up|bulldoze|confide|dig|double_team|earthquake|facade|fling|focus_blast|frustration|giga_impact|hidden_power|hyper_beam|low_sweep|payback|poison_jab|power_up_punch|protect|rain_dance|rest|retaliate|return|rock_slide|rock_smash|rock_tomb|round|secret_power|sleep_talk|smack_down|stone_edge|strength|substitute|sunny_day|surf|swagger|toxic;fire_punch|focus_punch|helping_hand|ice_punch|iron_head|knock_off|low_kick|role_play|snore|superpower|thunder_punch;;humanshape;;;297;Empuje;2,3;253,8;marrón;25;no;Para aumentar su fuerza, da un pisotón en el suelo. Puede lanzar un camión de 10 toneladas por los aires de un puñetazo.
azurill;Azurill;normal|fairy;50;20;40;20;40;20;thick_fat;huge_power;sap_sipper;fast;38;150;hp:1;1:splash|1:water_gun|2:tail_whip|5:water_sport|7:bubble|10:charm|13:bubble_beam|16:helping_hand|20:slam|23:bounce;attract|blizzard|confide|double_team|facade|frustration|hail|hidden_power|ice_beam|light_screen|protect|rain_dance|rest|return|round|scald|secret_power|sleep_talk|substitute|surf|swagger|toxic|waterfall;bounce|covet|helping_hand|hyper_voice|icy_wind|iron_tail|knock_off|snore|uproar|water_pulse;body_slam|camouflage|copycat|encore|fake_tears|muddy_water|refresh|sing|slam|soak|tickle|water_sport;no_eggs;marill@amistad;;298;A Topos;0,2;2;azul;75;no;Vive cerca del agua. En la tierra se mueve muy rápido botando sobre su gran cola.
nosepass;Nosepass;rock;30;45;135;45;90;30;sturdy;magnet_pull;sand_force;medium_fast;75;255;defense:1;1:tackle|4:harden|7:block|10:rock_throw|13:thunder_wave|16:rest|19:spark|22:rock_slide|25:power_gem|28:rock_blast|31:discharge|34:sandstorm|37:earth_power|40:stone_edge|43:lock_on|43:zap_cannon;attract|bulldoze|confide|dazzling_gleam|double_team|earthquake|explosion|facade|frustration|hidden_power|protect|rest|return|rock_polish|rock_slide|rock_smash|rock_tomb|round|sandstorm|secret_power|sleep_talk|smack_down|stone_edge|strength|substitute|sunny_day|swagger|taunt|thunder|thunder_wave|thunderbolt|torment|toxic|volt_switch;block|earth_power|fire_punch|gravity|ice_punch|iron_defense|magic_coat|magnet_rise|pain_split|shock_wave|snore|stealth_rock|thunder_punch;block|double_edge|endure|magnitude|rollout|stealth_rock|wide_guard;mineral;probopass@subir+lugar:mt_coronet;;299;Brújula;1;97;gris;50;no;Siempre apunta al norte con su nariz imantada. Con ella reviste su cuerpo de objetos metálicos para protegerse.
skitty;Skitty;normal;50;45;45;35;35;50;cute_charm;normalize;wonder_skin;fast;52;255;speed:1;1:fake_out|1:growl|1:tackle|1:tail_whip|4:foresight|7:sing|10:attract|13:disarming_voice|16:double_slap|19:copycat|22:feint_attack|25:charm|28:wake_up_slap|31:assist|34:covet|37:heal_bell|40:double_edge|43:captivate|46:play_rough;attract|blizzard|calm_mind|charge_beam|confide|dig|double_team|dream_eater|echoed_voice|facade|flash|frustration|grass_knot|hidden_power|ice_beam|payback|protect|psych_up|rain_dance|rest|retaliate|return|round|safeguard|secret_power|shadow_ball|sleep_talk|solar_beam|substitute|sunny_day|swagger|thunder|thunder_wave|thunderbolt|toxic|wild_charge;covet|heal_bell|helping_hand|hyper_voice|icy_wind|iron_tail|last_resort|shock_wave|snore|uproar|water_pulse|zen_headbutt;baton_pass|captivate|cosmic_power|fake_out|fake_tears|helping_hand|last_resort|mud_bomb|simple_beam|sucker_punch|tickle|uproar|wish|zen_headbutt;ground|fairy;delcatty@objeto:moon_stone;;300;Gatito;0,6;11;rosa;75;no;No puede evitar ir tras las cosas que se mueven. Hasta corre en círculos persiguiéndose la cola.
delcatty;Delcatty;normal;70;65;65;55;55;70;cute_charm;normalize;wonder_skin;fast;140;60;hp:1|speed:1;1:attract|1:double_slap|1:fake_out|1:sing;attract|blizzard|calm_mind|charge_beam|confide|dig|double_team|dream_eater|echoed_voice|facade|flash|frustration|giga_impact|grass_knot|hidden_power|hyper_beam|ice_beam|payback|protect|psych_up|rain_dance|rest|retaliate|return|rock_smash|round|safeguard|secret_power|shadow_ball|sleep_talk|solar_beam|strength|substitute|sunny_day|swagger|thunder|thunder_wave|thunderbolt|toxic|wild_charge;covet|heal_bell|helping_hand|hyper_voice|icy_wind|iron_tail|last_resort|shock_wave|snore|uproar|water_pulse|zen_headbutt;;ground|fairy;;;301;Cursi;1,1;32,6;morado;75;no;No soporta los lugares sucios. Le encanta acicalarse el pelaje cuando está a gusto en un sitio.
sableye;Sableye;dark|ghost;50;75;75;65;65;50;keen_eye;stall;prankster;medium_slow;133;45;attack:1|defense:1;1:leer|1:scratch|4:foresight|6:night_shade|9:astonish|11:fury_swipes|14:detect|16:shadow_sneak|19:feint_attack|21:fake_out|24:punishment|26:knock_off|29:shadow_claw|31:confuse_ray|34:zen_headbutt|36:power_gem|39:shadow_ball|41:foul_play|44:quash|46:mean_look;aerial_ace|attract|brick_break|calm_mind|confide|cut|dark_pulse|dazzling_gleam|dig|double_team|dream_eater|embargo|facade|flash|fling|frustration|hidden_power|hone_claws|incinerate|low_sweep|payback|poison_jab|power_up_punch|protect|psych_up|psychic|quash|rain_dance|rest|retaliate|return|rock_smash|rock_tomb|round|secret_power|shadow_ball|shadow_claw|sleep_talk|snarl|substitute|sunny_day|swagger|taunt|thief|torment|toxic|will_o_wisp;fire_punch|focus_punch|foul_play|gravity|ice_punch|icy_wind|knock_off|low_kick|magic_coat|pain_split|role_play|shock_wave|signal_beam|snatch|snore|spite|thunder_punch|trick|water_pulse|wonder_room|zen_headbutt;captivate|feint|flatter|imprison|mean_look|metal_burst|moonlight|nasty_plot|recover|sucker_punch|trick;humanshape;;;302;Oscuridad;0,5;11;morado;50;no;Se oculta en cavernas oscuras. De tanto comer gemas, sus ojos son piedras preciosas.
mawile;Mawile;steel|fairy;50;85;85;55;55;50;hyper_cutter;intimidate;sheer_force;fast;133;45;attack:1|defense:1;1:astonish|1:fairy_wind|1:growl|1:iron_head|1:play_rough|1:taunt|5:fake_tears|9:bite|13:sweet_scent|17:vice_grip|21:feint_attack|25:baton_pass|29:crunch|33:iron_defense|37:sucker_punch|41:spit_up|41:stockpile|41:swallow|45:iron_head|49:play_rough;attract|brick_break|charge_beam|confide|dark_pulse|double_team|embargo|facade|false_swipe|fire_blast|flamethrower|flash_cannon|fling|focus_blast|frustration|giga_impact|grass_knot|hidden_power|hyper_beam|ice_beam|incinerate|payback|power_up_punch|protect|psych_up|rain_dance|rest|return|rock_slide|rock_smash|rock_tomb|round|sandstorm|secret_power|shadow_ball|sleep_talk|sludge_bomb|solar_beam|stone_edge|strength|substitute|sunny_day|swagger|swords_dance|taunt|torment|toxic;focus_punch|foul_play|ice_punch|icy_wind|iron_defense|iron_head|knock_off|last_resort|magnet_rise|pain_split|snatch|snore|stealth_rock|super_fang|thunder_punch;ancient_power|captivate|fire_fang|guard_swap|ice_fang|metal_burst|misty_terrain|poison_fang|punishment|seismic_toss|slam|sucker_punch|thunder_fang|tickle;ground|fairy;;;303;Tramposo;0,6;11,5;negro;50;no;"Engaña con su aspecto dócil; hace que el rival se confíe y le da un mordisco con sus enormes e implacables mandíbulas."
aron;Aron;steel|rock;50;70;100;40;40;30;sturdy;rock_head;heavy_metal;slow;66;180;defense:1;1:harden|1:tackle|4:mud_slap|7:headbutt|10:metal_claw|13:rock_tomb|16:protect|19:roar|22:iron_head|25:rock_slide|28:take_down|31:metal_sound|34:iron_tail|37:iron_defense|40:double_edge|43:autotomize|46:heavy_slam|49:metal_burst;aerial_ace|attract|bulldoze|confide|cut|dig|double_team|earthquake|facade|frustration|hidden_power|hone_claws|protect|rain_dance|rest|return|roar|rock_polish|rock_slide|rock_smash|rock_tomb|round|sandstorm|secret_power|shadow_claw|sleep_talk|strength|substitute|sunny_day|swagger|toxic;earth_power|endeavor|iron_defense|iron_head|iron_tail|magnet_rise|shock_wave|snore|spite|stealth_rock|superpower|uproar|water_pulse;body_slam|curse|dragon_rush|endeavor|head_smash|iron_head|reversal|screech|smelling_salts|stealth_rock|stomp|superpower;monster;lairon@32;;304;Coraza Férrea;0,4;60;gris;50;no;Suele vivir en lugares inaccesibles de las montañas, pero el hambre lo empuja a comer raíles y coches.
lairon;Lairon;steel|rock;60;90;140;50;50;40;sturdy;rock_head;heavy_metal;slow;151;90;defense:2;1:harden|1:headbutt|1:mud_slap|1:tackle|4:mud_slap|7:headbutt|10:metal_claw|13:rock_tomb|16:protect|19:roar|22:iron_head|25:rock_slide|28:take_down|31:metal_sound|35:iron_tail|39:iron_defense|43:double_edge|47:autotomize|51:heavy_slam|55:metal_burst;aerial_ace|attract|bulldoze|confide|cut|dig|double_team|earthquake|facade|frustration|hidden_power|hone_claws|protect|rain_dance|rest|return|roar|rock_polish|rock_slide|rock_smash|rock_tomb|round|sandstorm|secret_power|shadow_claw|sleep_talk|stone_edge|strength|substitute|sunny_day|swagger|toxic;earth_power|endeavor|iron_defense|iron_head|iron_tail|magnet_rise|shock_wave|snore|spite|stealth_rock|superpower|uproar|water_pulse;;monster;aggron@42;;305;Coraza Férrea;0,9;120;gris;50;no;Le encanta comer hierro. Lucha por su territorio embistiendo a sus rivales con su cuerpo de acero.
aggron;Aggron;steel|rock;70;110;180;60;60;50;sturdy;rock_head;heavy_metal;slow;239;45;defense:3;1:harden|1:headbutt|1:mud_slap|1:tackle|4:mud_slap|7:headbutt|10:metal_claw|13:rock_tomb|16:protect|19:roar|22:iron_head|25:rock_slide|28:take_down|31:metal_sound|35:iron_tail|39:iron_defense|45:double_edge|51:autotomize|57:heavy_slam|63:metal_burst;aerial_ace|attract|blizzard|brick_break|bulldoze|confide|cut|dark_pulse|dig|double_team|dragon_claw|dragon_tail|earthquake|facade|fire_blast|flamethrower|flash_cannon|fling|focus_blast|frustration|giga_impact|hidden_power|hone_claws|hyper_beam|ice_beam|incinerate|payback|power_up_punch|protect|rain_dance|rest|return|roar|rock_polish|rock_slide|rock_smash|rock_tomb|round|sandstorm|secret_power|shadow_claw|sleep_talk|smack_down|solar_beam|stone_edge|strength|substitute|sunny_day|surf|swagger|taunt|thunder|thunder_wave|thunderbolt|toxic;aqua_tail|block|dragon_pulse|earth_power|endeavor|fire_punch|focus_punch|ice_punch|icy_wind|iron_defense|iron_head|iron_tail|low_kick|magnet_rise|outrage|shock_wave|snore|spite|stealth_rock|superpower|thunder_punch|uproar|water_pulse;;monster;;;306;Coraza Férrea;2,1;360;gris;50;no;Hacen de toda una montaña su territorio. Cuantas más cicatrices tienen, más curtidos en disputas. ¡Mucha atención!
meditite;Meditite;fighting|psychic;30;40;55;40;55;60;pure_power;;telepathy;medium_fast;56;180;speed:1;1:bide|4:meditate|7:confusion|9:detect|12:endure|15:feint|17:force_palm|20:hidden_power|23:calm_mind|25:mind_reader|28:high_jump_kick|31:psych_up|33:acupressure|36:power_trick|39:reversal|41:recover|44:counter;attract|brick_break|bulk_up|calm_mind|confide|double_team|dream_eater|facade|flash|fling|focus_blast|frustration|grass_knot|hidden_power|light_screen|low_sweep|poison_jab|power_up_punch|protect|psych_up|psychic|psyshock|rain_dance|reflect|rest|retaliate|return|rock_slide|rock_smash|rock_tomb|round|secret_power|shadow_ball|sleep_talk|strength|substitute|sunny_day|swagger|toxic;drain_punch|fire_punch|focus_punch|gravity|helping_hand|ice_punch|low_kick|magic_coat|pain_split|recycle|role_play|signal_beam|snore|thunder_punch|trick|zen_headbutt;baton_pass|bullet_punch|drain_punch|dynamic_punch|fake_out|fire_punch|foresight|guard_swap|ice_punch|power_swap|psycho_cut|quick_guard|secret_power|thunder_punch;humanshape;medicham@37;;307;Meditador;0,6;11,2;azul;50;no;Se entrena en la profundidad de las montañas. Cuando aumenta su poder espiritual con meditación, levita.
medicham;Medicham;fighting|psychic;60;60;75;60;75;80;pure_power;;telepathy;medium_fast;144;90;speed:2;1:bide|1:confusion|1:detect|1:fire_punch|1:ice_punch|1:meditate|1:thunder_punch|1:zen_headbutt|4:meditate|7:confusion|9:detect|12:endure|15:feint|17:force_palm|20:hidden_power|23:calm_mind|25:mind_reader|28:high_jump_kick|31:psych_up|33:acupressure|36:power_trick|42:reversal|47:recover|53:counter;attract|brick_break|bulk_up|calm_mind|confide|double_team|dream_eater|energy_ball|facade|flash|fling|focus_blast|frustration|giga_impact|grass_knot|hidden_power|hyper_beam|light_screen|low_sweep|poison_jab|power_up_punch|protect|psych_up|psychic|psyshock|rain_dance|reflect|rest|retaliate|return|rock_slide|rock_smash|rock_tomb|round|secret_power|shadow_ball|sleep_talk|strength|substitute|sunny_day|swagger|toxic;drain_punch|fire_punch|focus_punch|gravity|helping_hand|ice_punch|low_kick|magic_coat|pain_split|recycle|role_play|signal_beam|snore|thunder_punch|trick|zen_headbutt;;humanshape;;;308;Meditador;1,3;31,5;rojo;50;no;Evita los ataques moviéndose de forma elegante, como si bailara. Ataca dando un golpe devastador y moviéndose igual.
electrike;Electrike;electric;40;45;40;65;40;65;static;lightning_rod;minus;slow;59;120;speed:1;1:tackle|1:thunder_wave|4:leer|7:howl|10:quick_attack|13:spark|16:odor_sleuth|19:thunder_fang|24:bite|29:discharge|34:roar|39:wild_charge|44:charge|49:thunder;attract|charge_beam|confide|double_team|facade|flamethrower|flash|frustration|hidden_power|light_screen|protect|rain_dance|rest|return|roar|round|secret_power|sleep_talk|snarl|strength|substitute|swagger|thief|thunder|thunder_wave|thunderbolt|toxic|volt_switch|wild_charge;iron_tail|magnet_rise|shock_wave|signal_beam|snore|uproar;crunch|curse|discharge|eerie_impulse|electro_ball|fire_fang|flame_burst|headbutt|ice_fang|shock_wave|swift|switcheroo|thunder_fang|uproar;ground;manectric@26;;309;Calambre;0,6;15,2;verde;50;no;Estimula sus músculos y aumenta sus reflejos con la electricidad que almacena su pelaje.
manectric;Manectric;electric;70;75;60;105;60;105;static;lightning_rod;minus;slow;166;45;speed:2;1:electric_terrain|1:fire_fang|1:howl|1:leer|1:tackle|1:thunder_wave|4:leer|7:howl|10:quick_attack|13:spark|16:odor_sleuth|19:thunder_fang|24:bite|30:discharge|36:roar|42:wild_charge|48:charge|54:thunder|60:electric_terrain;attract|charge_beam|confide|double_team|facade|flamethrower|flash|frustration|giga_impact|hidden_power|hyper_beam|light_screen|overheat|protect|rain_dance|rest|return|roar|round|secret_power|sleep_talk|snarl|strength|substitute|swagger|thief|thunder|thunder_wave|thunderbolt|toxic|volt_switch|wild_charge;iron_tail|magnet_rise|shock_wave|signal_beam|snore|uproar;;ground;;;310;Descarga;1,5;40,2;amarillo;50;no;No suele aparecer ante la gente. Dicen que suele colocar su nido donde caen los rayos.
plusle;Plusle;electric;60;50;40;85;75;95;plus;;lightning_rod;medium_fast;142;200;speed:1;1:growl|1:nuzzle|1:play_nice|1:quick_attack|1:thunder_wave|4:helping_hand|7:spark|10:encore|13:bestow|16:swift|19:electro_ball|22:copycat|25:charm|28:charge|31:discharge|34:baton_pass|37:agility|40:last_resort|43:thunder|46:nasty_plot|49:entrainment;attract|charge_beam|confide|double_team|echoed_voice|facade|flash|fling|frustration|grass_knot|hidden_power|light_screen|protect|rain_dance|rest|return|round|secret_power|sleep_talk|substitute|swagger|thunder|thunder_wave|thunderbolt|toxic|volt_switch|wild_charge;electroweb|helping_hand|iron_tail|last_resort|magnet_rise|shock_wave|signal_beam|snore|thunder_punch|uproar;charm|discharge|fake_tears|lucky_chant|sing|sweet_kiss|wish;fairy;;;311;Ánimo;0,4;4,2;amarillo;50;no;Anima a sus compañeros con pompones de chispas. Roba energía de los postes telefónicos.
minun;Minun;electric;60;40;50;75;85;95;minus;;volt_absorb;medium_fast;142;200;speed:1;1:growl|1:nuzzle|1:play_nice|1:quick_attack|1:thunder_wave|4:helping_hand|7:spark|10:encore|13:switcheroo|16:swift|19:electro_ball|22:copycat|25:fake_tears|28:charge|31:discharge|34:baton_pass|37:agility|40:trump_card|43:thunder|46:nasty_plot|49:entrainment;attract|charge_beam|confide|double_team|echoed_voice|facade|flash|fling|frustration|grass_knot|hidden_power|light_screen|protect|rain_dance|rest|return|round|secret_power|sleep_talk|substitute|swagger|thunder|thunder_wave|thunderbolt|toxic|volt_switch|wild_charge;electroweb|helping_hand|iron_tail|last_resort|magnet_rise|shock_wave|signal_beam|snore|thunder_punch|uproar;charm|discharge|fake_tears|lucky_chant|sing|sweet_kiss|wish;fairy;;;312;Ánimo;0,4;4,2;amarillo;50;no;La electricidad de Minun y Plusle es buena para la circulación y para desentumecer músculos.
volbeat;Volbeat;bug;65;73;55;47;75;85;illuminate;swarm;prankster;erratic;151;150;speed:1;1:flash|1:tackle|5:double_team|8:confuse_ray|12:quick_attack|15:struggle_bug|19:moonlight|22:tail_glow|26:signal_beam|29:protect|33:zen_headbutt|36:helping_hand|40:bug_buzz|43:play_rough|47:double_edge;acrobatics|aerial_ace|attract|brick_break|charge_beam|confide|dazzling_gleam|double_team|facade|flash|fling|frustration|hidden_power|light_screen|power_up_punch|protect|psych_up|rain_dance|rest|return|roost|round|secret_power|shadow_ball|sleep_talk|solar_beam|struggle_bug|substitute|sunny_day|swagger|thief|thunder|thunder_wave|thunderbolt|toxic|u_turn;bug_bite|focus_punch|giga_drain|helping_hand|ice_punch|shock_wave|signal_beam|snore|tailwind|thunder_punch|trick|water_pulse|zen_headbutt;baton_pass|bug_buzz|dizzy_punch|encore|seismic_toss|silver_wind|trick;bug|humanshape;;;313;Luciérnaga;0,7;17,7;gris;0;no;Se comunica con otros iluminando su cola por la noche. Le encanta el suave aroma de Illumise.
illumise;Illumise;bug;65;47;55;73;75;85;oblivious;tinted_lens;prankster;fluctuating;151;150;speed:1;1:play_nice|1:tackle|5:sweet_scent|9:charm|12:quick_attack|15:struggle_bug|19:moonlight|22:wish|26:encore|29:flatter|33:zen_headbutt|36:helping_hand|40:bug_buzz|43:play_rough|47:covet;acrobatics|aerial_ace|attract|brick_break|charge_beam|confide|dazzling_gleam|double_team|facade|flash|fling|frustration|hidden_power|light_screen|power_up_punch|protect|psych_up|rain_dance|rest|return|roost|round|secret_power|shadow_ball|sleep_talk|solar_beam|struggle_bug|substitute|sunny_day|swagger|thief|thunder|thunder_wave|thunderbolt|toxic|u_turn;bug_bite|covet|focus_punch|giga_drain|helping_hand|ice_punch|shock_wave|snore|tailwind|thunder_punch|water_pulse|zen_headbutt;baton_pass|bug_buzz|captivate|confuse_ray|encore|fake_tears|growth|silver_wind;bug|humanshape;;;314;Luciérnaga;0,6;17,7;morado;100;no;Con su dulce aroma guía a grupos de Volbeat para que tracen hasta 200 dibujos distintos en el cielo nocturno.
roselia;Roselia;grass|poison;50;60;45;100;80;65;natural_cure;poison_point;leaf_guard;medium_slow;140;150;sp_attack:2;1:absorb|4:growth|7:poison_sting|10:stun_spore|13:mega_drain|16:leech_seed|19:magical_leaf|22:grass_whistle|25:giga_drain|28:toxic_spikes|31:sweet_scent|34:ingrain|37:petal_blizzard|40:toxic|43:aromatherapy|46:synthesis|50:petal_dance;attract|confide|cut|dazzling_gleam|double_team|energy_ball|facade|flash|frustration|grass_knot|hidden_power|nature_power|poison_jab|protect|psych_up|rain_dance|rest|return|round|secret_power|shadow_ball|sleep_talk|sludge_bomb|solar_beam|substitute|sunny_day|swagger|swords_dance|toxic|venoshock;covet|giga_drain|seed_bomb|snore|synthesis|worry_seed;bullet_seed|cotton_spore|giga_drain|grass_whistle|leaf_storm|mind_reader|natural_gift|pin_missile|razor_leaf|seed_bomb|sleep_powder|spikes|synthesis;fairy|plant;roserade@objeto:shiny_stone;;315;Espina;0,3;2;verde;50;no;Ataca con sus manos, en las que tiene un tipo de veneno diferente en cada una. Cuanto más aroma, mejor salud tiene.
gulpin;Gulpin;poison;70;43;53;43;53;40;liquid_ooze;sticky_hold;gluttony;fluctuating;60;225;hp:1;1:pound|5:yawn|8:poison_gas|10:sludge|12:amnesia|17:acid_spray|20:encore|25:toxic|28:spit_up|28:stockpile|28:swallow|33:sludge_bomb|36:gastro_acid|41:belch|44:wring_out|49:gunk_shot;attract|confide|double_team|dream_eater|explosion|facade|frustration|hidden_power|ice_beam|infestation|power_up_punch|protect|rain_dance|rest|return|rock_smash|round|secret_power|shadow_ball|sleep_talk|sludge_bomb|sludge_wave|solar_beam|strength|substitute|sunny_day|swagger|toxic|venoshock;fire_punch|gastro_acid|giga_drain|gunk_shot|ice_punch|pain_split|seed_bomb|shock_wave|snatch|snore|thunder_punch|water_pulse;acid_armor|curse|destiny_bond|gunk_shot|mud_slap|pain_split|smog|venom_drench;indeterminate;swalot@26;;316;Estómago;0,4;10,3;verde;50;no;"Sus sesos y corazón son diminutos; es casi todo estómago. Sus jugos gástricos disuelven lo que sea."
swalot;Swalot;poison;100;73;83;73;83;55;liquid_ooze;sticky_hold;gluttony;fluctuating;163;75;hp:2;1:gunk_shot|1:poison_gas|1:pound|1:sludge|1:wring_out|1:yawn|5:yawn|8:poison_gas|10:sludge|12:amnesia|17:acid_spray|20:encore|25:toxic|26:body_slam|30:spit_up|30:stockpile|30:swallow|37:sludge_bomb|42:gastro_acid|49:belch|54:wring_out|61:gunk_shot;attract|bulldoze|confide|double_team|dream_eater|earthquake|explosion|facade|frustration|giga_impact|hidden_power|hyper_beam|ice_beam|infestation|power_up_punch|protect|rain_dance|rest|return|rock_smash|round|secret_power|shadow_ball|sleep_talk|sludge_bomb|sludge_wave|solar_beam|strength|substitute|sunny_day|swagger|toxic|venoshock;block|fire_punch|gastro_acid|giga_drain|gunk_shot|ice_punch|pain_split|seed_bomb|shock_wave|snatch|snore|thunder_punch|water_pulse;;indeterminate;;;317;Bolsa Veneno;1,7;80;morado;50;no;Se traga cualquier cosa de una pieza. Sus poros segregan fluidos tóxicos que dañan a sus enemigos.
carvanha;Carvanha;water|dark;45;90;20;65;20;65;rough_skin;;speed_boost;slow;61;225;attack:1;1:bite|1:leer|4:rage|8:focus_energy|11:aqua_jet|15:assurance|18:screech|22:swagger|25:ice_fang|29:scary_face|32:poison_fang|36:crunch|39:agility|43:take_down;attract|blizzard|confide|dark_pulse|dive|double_team|facade|frustration|hail|hidden_power|ice_beam|payback|protect|rain_dance|rest|retaliate|return|round|scald|secret_power|sleep_talk|snarl|substitute|surf|swagger|taunt|thief|torment|toxic|waterfall;bounce|icy_wind|snore|spite|super_fang|uproar|water_pulse|zen_headbutt;ancient_power|brine|destiny_bond|double_edge|hydro_pump|swift|thrash;water2;sharpedo@30;;318;Feroz;0,8;20,8;rojo;50;no;Atacan en grupo a los barcos y los hunden a base de bocados. Habitan en los ríos de la jungla.
sharpedo;Sharpedo;water|dark;70;120;40;95;40;95;rough_skin;;speed_boost;slow;161;60;attack:2;1:bite|1:feint|1:focus_energy|1:leer|1:night_slash|1:rage|4:rage|8:focus_energy|11:aqua_jet|15:assurance|18:screech|22:swagger|25:ice_fang|29:scary_face|30:slash|34:poison_fang|40:crunch|45:agility|51:skull_bash|56:taunt|62:night_slash;attract|blizzard|bulldoze|confide|dark_pulse|dive|double_team|earthquake|facade|frustration|giga_impact|hail|hidden_power|hyper_beam|ice_beam|payback|poison_jab|protect|rain_dance|rest|retaliate|return|roar|rock_smash|rock_tomb|round|scald|secret_power|sleep_talk|snarl|strength|substitute|surf|swagger|taunt|thief|torment|toxic|waterfall;bounce|icy_wind|snore|spite|super_fang|uproar|water_pulse|zen_headbutt;;water2;;;319;Voraz;1,8;88,8;azul;50;no;Con sus colmillos puede atravesar el acero. Nada a 120 km/h. Le llaman el Terror de los Mares.
wailmer;Wailmer;water;130;70;35;70;35;60;water_veil;oblivious;pressure;fluctuating;80;125;hp:1;1:splash|4:growl|7:water_gun|10:rollout|13:whirlpool|16:astonish|19:water_pulse|22:mist|25:brine|29:rest|33:dive|37:amnesia|41:water_spout|45:bounce|49:hydro_pump|53:heavy_slam;attract|blizzard|bulldoze|confide|dive|double_team|earthquake|echoed_voice|facade|frustration|hail|hidden_power|ice_beam|protect|rain_dance|rest|return|roar|rock_smash|rock_tomb|round|scald|secret_power|sleep_talk|strength|substitute|surf|swagger|toxic|waterfall;bounce|hyper_voice|icy_wind|snore|water_pulse|zen_headbutt;aqua_ring|body_slam|clear_smog|curse|defense_curl|double_edge|fissure|sleep_talk|snore|soak|thrash|tickle|zen_headbutt;ground|water2;wailord@40;;320;Ballenabola;2;130;azul;50;no;Le gusta botar como una pelota de playa. Cuanta más agua de mar traga, más alto puede llegar.
wailord;Wailord;water;170;90;45;90;45;60;water_veil;oblivious;pressure;fluctuating;175;60;hp:2;1:growl|1:heavy_slam|1:rollout|1:splash|1:water_gun|4:growl|7:water_gun|10:rollout|13:whirlpool|16:astonish|19:water_pulse|22:mist|25:rest|29:brine|33:water_spout|37:amnesia|44:dive|51:bounce|58:hydro_pump|65:heavy_slam;attract|blizzard|bulldoze|confide|dive|double_team|earthquake|echoed_voice|facade|frustration|giga_impact|hail|hidden_power|hyper_beam|ice_beam|protect|rain_dance|rest|return|roar|rock_smash|rock_tomb|round|scald|secret_power|sleep_talk|strength|substitute|surf|swagger|toxic|waterfall;block|bounce|hyper_voice|icy_wind|iron_head|snore|water_pulse|zen_headbutt;;ground|water2;;;321;Ballenaflot;14,5;398;azul;50;no;Puede dejar fuera de combate a sus oponentes con el impacto de su enorme cuerpo al caer en el agua tras un salto.
numel;Numel;fire|ground;60;60;40;65;45;35;oblivious;simple;own_tempo;medium_fast;61;255;sp_attack:1;1:growl|1:tackle|5:ember|8:focus_energy|12:magnitude|15:flame_burst|19:amnesia|22:lava_plume|26:earth_power|29:curse|31:take_down|36:yawn|40:earthquake|43:flamethrower|47:double_edge;attract|bulldoze|confide|dig|double_team|earthquake|echoed_voice|facade|fire_blast|flame_charge|flamethrower|frustration|hidden_power|incinerate|nature_power|overheat|protect|rest|return|rock_slide|rock_smash|rock_tomb|round|sandstorm|secret_power|sleep_talk|strength|substitute|sunny_day|swagger|toxic|will_o_wisp;after_you|earth_power|heat_wave|iron_head|snore|stealth_rock;ancient_power|body_slam|defense_curl|endure|growth|heat_wave|howl|iron_head|mud_bomb|rollout|scary_face|spit_up|stockpile|stomp|swallow|yawn;ground;camerupt@33;;322;Torpe;0,7;24;amarillo;50;no;En su joroba almacena magma ardiente que se enfría cuando llueve y lo ralentiza.
camerupt;Camerupt;fire|ground;70;100;70;105;75;40;magma_armor;solid_rock;anger_point;medium_fast;161;150;attack:1|sp_attack:1;1:ember|1:eruption|1:fissure|1:focus_energy|1:growl|1:tackle|5:ember|8:focus_energy|12:magnitude|15:flame_burst|19:amnesia|22:lava_plume|26:earth_power|29:curse|31:take_down|33:rock_slide|39:yawn|46:earthquake|52:eruption|59:fissure;attract|bulldoze|confide|dig|double_team|earthquake|echoed_voice|explosion|facade|fire_blast|flame_charge|flamethrower|flash_cannon|frustration|giga_impact|hidden_power|hyper_beam|incinerate|nature_power|overheat|protect|rest|return|roar|rock_polish|rock_slide|rock_smash|rock_tomb|round|sandstorm|secret_power|sleep_talk|solar_beam|stone_edge|strength|substitute|sunny_day|swagger|toxic|will_o_wisp;after_you|earth_power|heat_wave|iron_head|snore|stealth_rock;;ground;;;323;Erupción;1,9;220;rojo;50;no;Los volcanes de su joroba entran en erupción cada 10 años o cuando Camerupt se enfada mucho.
torkoal;Torkoal;fire;70;85;140;85;70;20;white_smoke;;shell_armor;medium_fast;165;90;defense:2;1:ember|4:smog|7:withdraw|10:rapid_spin|13:fire_spin|15:smokescreen|18:flame_wheel|22:curse|25:lava_plume|27:body_slam|30:protect|34:flamethrower|38:iron_defense|40:amnesia|42:flail|45:heat_wave|47:shell_smash|50:inferno;attract|bulldoze|confide|double_team|earthquake|explosion|facade|fire_blast|flame_charge|flamethrower|frustration|giga_impact|gyro_ball|hidden_power|hyper_beam|incinerate|nature_power|overheat|protect|rest|return|rock_slide|rock_smash|rock_tomb|round|secret_power|sleep_talk|sludge_bomb|solar_beam|stone_edge|strength|substitute|sunny_day|swagger|toxic|will_o_wisp;after_you|earth_power|heat_wave|iron_defense|iron_tail|snore|stealth_rock|superpower;clear_smog|endure|eruption|fissure|flame_burst|skull_bash|sleep_talk|superpower|yawn;ground;;;324;Carbón;0,5;80,4;marrón;50;no;Trabaja sin descanso en minas en desuso localizando y extrayendo carbón.
spoink;Spoink;psychic;60;25;35;70;80;60;thick_fat;own_tempo;gluttony;fast;66;255;sp_defense:1;1:splash|7:psywave|10:odor_sleuth|14:psybeam|15:psych_up|18:confuse_ray|21:magic_coat|26:zen_headbutt|29:power_gem|29:rest|33:snore|38:psyshock|40:payback|44:psychic|50:bounce;attract|calm_mind|charge_beam|confide|double_team|dream_eater|facade|flash|frustration|grass_knot|hidden_power|light_screen|payback|protect|psych_up|psychic|psyshock|rain_dance|reflect|rest|return|round|secret_power|shadow_ball|sleep_talk|substitute|sunny_day|swagger|taunt|thief|thunder_wave|torment|toxic|trick_room;bounce|covet|heal_bell|icy_wind|iron_tail|magic_coat|recycle|role_play|shock_wave|signal_beam|skill_swap|snatch|snore|trick|zen_headbutt;amnesia|endure|extrasensory|future_sight|lucky_chant|mirror_coat|simple_beam|skill_swap|trick|whirlwind|zen_headbutt;ground;grumpig@32;;325;Saltarín;0,7;30,6;negro;50;no;Bota continuamente usando su cola como muelle. Salta para mantener el latido de su corazón.
grumpig;Grumpig;psychic;80;45;65;90;110;80;thick_fat;own_tempo;gluttony;fast;165;60;sp_defense:2;1:odor_sleuth|1:psybeam|1:psywave|1:splash|7:psywave|10:odor_sleuth|14:psybeam|15:psych_up|18:confuse_ray|21:magic_coat|26:zen_headbutt|29:power_gem|32:teeter_dance|35:rest|35:snore|42:psyshock|46:payback|52:psychic|60:bounce;attract|brick_break|bulldoze|calm_mind|charge_beam|confide|double_team|dream_eater|energy_ball|facade|flash|fling|focus_blast|frustration|giga_impact|grass_knot|hidden_power|hyper_beam|light_screen|payback|power_up_punch|protect|psych_up|psychic|psyshock|rain_dance|reflect|rest|return|round|secret_power|shadow_ball|sleep_talk|substitute|sunny_day|swagger|taunt|thief|thunder_wave|torment|toxic|trick_room;bounce|covet|drain_punch|fire_punch|focus_punch|heal_bell|ice_punch|icy_wind|iron_tail|magic_coat|recycle|role_play|shock_wave|signal_beam|skill_swap|snatch|snore|thunder_punch|trick|zen_headbutt;;ground;;;326;Manipulador;0,9;71,5;morado;50;no;Las perlas negras aumentan sus poderes psíquicos. Controla las mentes de sus rivales con un extraño baile.
spinda;Spinda;normal;60;60;60;60;60;60;own_tempo;tangled_feet;contrary;fast;126;255;sp_attack:1;1:tackle|5:copycat|10:feint_attack|14:psybeam|19:hypnosis|23:dizzy_punch|28:sucker_punch|32:teeter_dance|37:uproar|41:psych_up|46:double_edge|50:flail|55:thrash;attract|brick_break|calm_mind|confide|dig|double_team|dream_eater|facade|flash|fling|frustration|hidden_power|power_up_punch|protect|psych_up|psychic|rain_dance|rest|retaliate|return|rock_slide|rock_smash|rock_tomb|round|safeguard|secret_power|shadow_ball|sleep_talk|strength|substitute|sunny_day|swagger|thief|toxic|trick_room|wild_charge;covet|drain_punch|fire_punch|focus_punch|helping_hand|hyper_voice|ice_punch|icy_wind|last_resort|low_kick|recycle|role_play|shock_wave|skill_swap|snatch|snore|thunder_punch|trick|uproar|water_pulse|zen_headbutt;assist|baton_pass|disable|encore|fake_out|fake_tears|guard_split|icy_wind|psycho_cut|psycho_shift|rapid_spin|role_play|smelling_salts|trick|water_pulse|wish;ground|humanshape;;;327;Panda Topos;1,1;5;marrón;50;no;No hay dos Spinda que tengan idénticos pelajes. Su tambaleo al bailar confunde a los rivales.
trapinch;Trapinch;ground;45;100;45;45;45;10;hyper_cutter;arena_trap;sheer_force;medium_slow;58;255;attack:1;1:bide|1:bite|1:feint_attack|1:sand_attack|5:mud_slap|8:bulldoze|12:sand_tomb|15:rock_slide|19:dig|22:crunch|26:earth_power|29:feint|33:earthquake|36:sandstorm|40:superpower|43:hyper_beam|47:fissure;attract|bulldoze|confide|dig|double_team|earthquake|facade|frustration|hidden_power|hyper_beam|protect|rest|return|rock_slide|rock_smash|rock_tomb|round|sandstorm|secret_power|sleep_talk|solar_beam|strength|struggle_bug|substitute|sunny_day|swagger|toxic;bug_bite|earth_power|giga_drain|signal_beam|snore|superpower;bug_bite|earth_power|endure|flail|focus_energy|fury_cutter|gust|mud_shot|quick_attack|signal_beam;bug|dragon;vibrava@35;;328;Hormiga León;0,7;15;marrón;50;no;Habita desiertos áridos. Cava fosas profundas, en las que espera que caiga su presa.
vibrava;Vibrava;ground|dragon;50;70;50;50;50;70;levitate;;;medium_slow;119;120;attack:1|speed:1;1:bide|1:feint_attack|1:sand_attack|1:sonic_boom|5:mud_slap|8:bulldoze|12:sand_tomb|15:rock_slide|19:supersonic|22:screech|26:earth_power|29:bug_buzz|33:earthquake|35:dragon_breath|36:sandstorm|40:uproar|43:hyper_beam|47:boomburst;attract|bulldoze|confide|dig|double_team|earthquake|facade|fly|frustration|hidden_power|hyper_beam|protect|rest|return|rock_slide|rock_smash|rock_tomb|roost|round|sandstorm|secret_power|sleep_talk|solar_beam|steel_wing|strength|struggle_bug|substitute|sunny_day|swagger|toxic|u_turn;bug_bite|draco_meteor|dragon_pulse|earth_power|giga_drain|heat_wave|outrage|signal_beam|snore|superpower|tailwind|uproar;;bug|dragon;flygon@45;;329;Vibrante;1,1;15,3;verde;50;no;Al agitar a gran velocidad ambas alas, emite ondas ultrasónicas que provocan fuertes dolores de cabeza.
flygon;Flygon;ground|dragon;80;100;80;80;80;100;levitate;;;medium_slow;234;45;attack:1|speed:2;1:bide|1:feint_attack|1:sand_attack|1:sonic_boom|5:mud_slap|8:bulldoze|12:sand_tomb|15:rock_slide|19:supersonic|22:screech|26:earth_power|29:dragon_tail|33:earthquake|35:dragon_breath|36:sandstorm|40:uproar|43:hyper_beam|45:dragon_claw|47:dragon_rush;aerial_ace|attract|bulldoze|confide|dig|double_team|dragon_claw|dragon_tail|earthquake|facade|fire_blast|flamethrower|fly|frustration|giga_impact|hidden_power|hone_claws|hyper_beam|incinerate|power_up_punch|protect|rest|return|rock_slide|rock_smash|rock_tomb|roost|round|sandstorm|secret_power|sleep_talk|solar_beam|steel_wing|stone_edge|strength|struggle_bug|substitute|sunny_day|swagger|toxic|u_turn;bug_bite|draco_meteor|dragon_pulse|earth_power|fire_punch|giga_drain|heat_wave|iron_tail|outrage|signal_beam|snore|superpower|tailwind|thunder_punch|uproar;;bug|dragon;;;330;Místico;2;82;verde;50;no;Su medio es el desierto. Para esconderse, levanta arena con las patas. Tiene los ojos protegidos con mallas rojas.
cacnea;Cacnea;grass;50;85;40;85;40;35;sand_veil;;water_absorb;medium_slow;67;190;sp_attack:1;1:leer|1:poison_sting|4:absorb|7:growth|10:leech_seed|13:sand_attack|16:needle_arm|19:feint_attack|22:ingrain|26:payback|30:spikes|34:sucker_punch|38:pin_missile|42:energy_ball|46:cotton_spore|50:sandstorm|54:destiny_bond;attract|brick_break|confide|cut|dark_pulse|double_team|energy_ball|facade|flash|fling|frustration|grass_knot|hidden_power|nature_power|payback|poison_jab|power_up_punch|protect|rest|return|round|sandstorm|secret_power|sleep_talk|solar_beam|substitute|sunny_day|swagger|swords_dance|toxic|venoshock;block|drain_punch|focus_punch|giga_drain|low_kick|role_play|seed_bomb|snore|spite|synthesis|thunder_punch|worry_seed;acid|belch|block|counter|disable|dynamic_punch|fell_stinger|grass_whistle|low_kick|magical_leaf|nasty_plot|rototiller|seed_bomb|smelling_salts|switcheroo|teeter_dance|worry_seed;plant|humanshape;cacturne@32;;331;Cactus;0,4;51,3;verde;50;no;Vive en regiones secas y con pocas lluvias. Una vez al año, le brota una flor amarilla.
cacturne;Cacturne;grass|dark;70;115;60;115;60;55;sand_veil;;water_absorb;medium_slow;166;60;attack:1|sp_attack:1;1:absorb|1:destiny_bond|1:growth|1:leer|1:poison_sting|1:revenge|4:absorb|7:growth|10:leech_seed|13:sand_attack|16:needle_arm|19:feint_attack|22:ingrain|26:payback|30:spikes|32:spiky_shield|35:sucker_punch|38:pin_missile|44:energy_ball|49:cotton_spore|54:sandstorm|59:destiny_bond;attract|brick_break|confide|cut|dark_pulse|double_team|embargo|energy_ball|facade|flash|fling|focus_blast|frustration|giga_impact|grass_knot|hidden_power|hyper_beam|nature_power|payback|poison_jab|power_up_punch|protect|rest|retaliate|return|round|sandstorm|secret_power|sleep_talk|solar_beam|strength|substitute|sunny_day|swagger|swords_dance|toxic|venoshock;block|drain_punch|focus_punch|foul_play|giga_drain|low_kick|role_play|seed_bomb|snore|spite|superpower|synthesis|thunder_punch|worry_seed;;plant|humanshape;;;332;Espantajo;1,3;77,4;verde;50;no;Es un Pokémon nocturno. Busca presas agotadas por el calor diurno del desierto.
swablu;Swablu;normal|flying;45;40;60;40;75;50;natural_cure;;cloud_nine;erratic;62;255;sp_defense:1;1:growl|1:peck|3:astonish|5:sing|7:fury_attack|9:safeguard|11:disarming_voice|14:mist|17:round|20:natural_gift|23:take_down|26:refresh|30:mirror_move|34:cotton_guard|38:dragon_pulse|42:perish_song|46:moonblast;aerial_ace|attract|confide|dazzling_gleam|double_team|dream_eater|echoed_voice|facade|fly|frustration|hidden_power|ice_beam|protect|psych_up|rain_dance|rest|return|roost|round|safeguard|secret_power|sleep_talk|solar_beam|steel_wing|substitute|sunny_day|swagger|thief|toxic;dragon_pulse|heal_bell|heat_wave|hyper_voice|outrage|sky_attack|snore|tailwind|uproar;agility|dragon_rush|feather_dance|haze|hyper_voice|power_swap|pursuit|rage|roost|steel_wing;flying|dragon;altaria@35;;333;Ave Algodón;0,4;1,2;azul;50;no;Se desconoce el porqué, pero le encanta posarse sobre la cabeza de los humanos y fingir que es un gorro.
altaria;Altaria;dragon|flying;75;70;90;70;105;80;natural_cure;;cloud_nine;erratic;172;45;sp_defense:2;1:astonish|1:growl|1:peck|1:pluck|1:sing|1:sky_attack|3:astonish|5:sing|7:fury_attack|9:safeguard|11:disarming_voice|14:mist|17:round|20:natural_gift|23:take_down|26:refresh|30:dragon_dance|34:cotton_guard|35:dragon_breath|40:dragon_pulse|46:perish_song|52:moonblast|59:sky_attack;aerial_ace|attract|bulldoze|confide|dazzling_gleam|double_team|dragon_claw|dream_eater|earthquake|echoed_voice|facade|fire_blast|flamethrower|fly|frustration|giga_impact|hidden_power|hone_claws|hyper_beam|ice_beam|incinerate|protect|psych_up|rain_dance|rest|return|roar|rock_smash|roost|round|safeguard|secret_power|sleep_talk|solar_beam|steel_wing|substitute|sunny_day|swagger|thief|toxic;draco_meteor|dragon_pulse|heal_bell|heat_wave|hyper_voice|iron_tail|outrage|sky_attack|snore|tailwind|uproar|wonder_room;;flying|dragon;;;334;Cantor;1,1;20,6;azul;50;no;Vuela pausadamente por el cielo azul. Su hermoso trino cautiva a todo aquel que lo escucha.
zangoose;Zangoose;normal;73;115;60;60;60;90;immunity;;toxic_boost;erratic;160;90;attack:2;1:leer|1:scratch|5:quick_attack|8:fury_cutter|12:pursuit|15:hone_claws|19:slash|22:revenge|26:crush_claw|29:false_swipe|33:embargo|36:detect|40:x_scissor|43:taunt|47:swords_dance|50:close_combat;aerial_ace|attract|blizzard|brick_break|confide|dig|double_team|embargo|facade|false_swipe|fire_blast|flamethrower|fling|focus_blast|frustration|hidden_power|hone_claws|ice_beam|incinerate|payback|poison_jab|power_up_punch|protect|rain_dance|rest|retaliate|return|roar|rock_slide|rock_smash|rock_tomb|round|secret_power|shadow_ball|shadow_claw|sleep_talk|solar_beam|strength|substitute|sunny_day|swagger|swords_dance|taunt|thief|thunder|thunderbolt|toxic|x_scissor;endeavor|fire_punch|focus_punch|giga_drain|ice_punch|icy_wind|iron_tail|knock_off|last_resort|low_kick|shock_wave|snore|thunder_punch|water_pulse;counter|curse|disable|double_hit|double_kick|feint|final_gambit|flail|fury_swipes|iron_tail|metal_claw|night_slash|quick_guard|razor_wind;ground;;;335;Gato Hurón;1,3;40,3;blanco;50;no;Hace muchos años que se enfrenta a Seviper. Su arma más eficaz son sus zarpas afiladas.
seviper;Seviper;poison;73;100;60;100;60;65;shed_skin;;infiltrator;fluctuating;160;90;attack:1|sp_attack:1;1:swagger|1:wrap|4:bite|7:lick|10:poison_tail|13:screech|16:venoshock|19:glare|22:poison_fang|25:venom_drench|28:night_slash|31:gastro_acid|34:poison_jab|37:haze|40:crunch|43:belch|46:coil|49:wring_out;attract|bulldoze|confide|dark_pulse|dig|double_team|dragon_tail|earthquake|facade|flamethrower|frustration|hidden_power|infestation|payback|poison_jab|protect|rain_dance|rest|retaliate|return|rock_smash|round|secret_power|sleep_talk|sludge_bomb|sludge_wave|strength|substitute|sunny_day|swagger|taunt|thief|toxic|venoshock|x_scissor;aqua_tail|bind|gastro_acid|giga_drain|iron_tail|knock_off|snatch|snore;assurance|body_slam|final_gambit|iron_tail|night_slash|punishment|scary_face|spit_up|stockpile|swallow|switcheroo|wring_out;ground|dragon;;;336;Colmillos;2,7;52,5;negro;50;no;Hace frente a Zangoose con su agilidad y su afilada cola, que está cargada con un veneno letal.
lunatone;Lunatone;rock|psychic;70;55;65;95;85;70;levitate;;;fast;161;45;sp_attack:2;1:confusion|1:harden|1:moonblast|1:rock_throw|1:tackle|5:hypnosis|9:rock_polish|13:psywave|17:embargo|21:rock_slide|25:cosmic_power|29:psychic|33:heal_block|37:stone_edge|41:future_sight|45:explosion|49:magic_room;acrobatics|blizzard|bulldoze|calm_mind|charge_beam|confide|double_team|dream_eater|earthquake|embargo|explosion|facade|flash|frustration|giga_impact|grass_knot|gyro_ball|hidden_power|hyper_beam|ice_beam|light_screen|protect|psych_up|psychic|psyshock|rain_dance|reflect|rest|return|rock_polish|rock_slide|rock_tomb|round|safeguard|sandstorm|secret_power|shadow_ball|sleep_talk|smack_down|stone_edge|substitute|swagger|toxic|trick_room;earth_power|gravity|helping_hand|icy_wind|iron_head|magic_coat|magic_room|pain_split|recycle|signal_beam|skill_swap|snore|stealth_rock|zen_headbutt;;mineral;;;337;Meteorito;1;168;amarillo;sin_genero;no;Se piensa que está muy influido por las fases lunares, ya que solo actúa en noches de luna llena.
solrock;Solrock;rock|psychic;70;95;85;55;65;70;levitate;;;fast;161;45;attack:2;1:confusion|1:harden|1:rock_throw|1:tackle|5:fire_spin|9:rock_polish|13:psywave|17:embargo|21:rock_slide|25:cosmic_power|29:psychic|33:heal_block|37:stone_edge|41:solar_beam|45:explosion|49:wonder_room;acrobatics|bulldoze|calm_mind|charge_beam|confide|double_team|dream_eater|earthquake|embargo|explosion|facade|fire_blast|flamethrower|flash|frustration|giga_impact|grass_knot|gyro_ball|hidden_power|hyper_beam|incinerate|light_screen|overheat|protect|psych_up|psychic|psyshock|reflect|rest|return|rock_polish|rock_slide|rock_tomb|round|safeguard|sandstorm|secret_power|shadow_ball|sleep_talk|smack_down|solar_beam|stone_edge|substitute|sunny_day|swagger|toxic|trick_room|will_o_wisp;earth_power|gravity|heat_wave|helping_hand|iron_defense|iron_head|magic_coat|pain_split|recycle|signal_beam|skill_swap|snore|stealth_rock|wonder_room|zen_headbutt;;mineral;;;338;Meteorito;1,2;154;rojo;sin_genero;no;Usa el sol como fuente de energía, por lo que es más poderoso de día. Brilla al rotar.
barboach;Barboach;water|ground;50;48;43;46;41;60;oblivious;anticipation;hydration;medium_fast;58;190;hp:1;1:mud_slap|6:mud_sport|6:water_sport|9:water_gun|13:mud_bomb|15:amnesia|17:water_pulse|20:magnitude|25:rest|25:snore|28:aqua_tail|32:earthquake|35:muddy_water|39:future_sight|44:fissure;attract|blizzard|bulldoze|confide|dive|double_team|earthquake|facade|frustration|hail|hidden_power|ice_beam|protect|rain_dance|rest|return|rock_tomb|round|sandstorm|scald|secret_power|sleep_talk|substitute|surf|swagger|toxic|waterfall;aqua_tail|bounce|earth_power|icy_wind|snore|water_pulse;dragon_dance|earth_power|flail|hydro_pump|mud_shot|muddy_water|spark|take_down|thrash|whirlpool;water2;whiscash@30;;339;Bigotudo;0,4;1,9;gris;50;no;Recubre su cuerpo de una película viscosa que le permite escapar si alguien lo agarra.
whiscash;Whiscash;water|ground;110;78;73;76;71;60;oblivious;anticipation;hydration;medium_fast;164;75;hp:2;1:mud_slap|1:mud_sport|1:tickle|1:water_gun|1:water_sport|6:mud_sport|6:water_sport|9:water_gun|13:mud_bomb|15:amnesia|17:water_pulse|20:magnitude|25:rest|25:snore|28:aqua_tail|30:zen_headbutt|34:earthquake|39:muddy_water|45:future_sight|52:fissure;attract|blizzard|bulldoze|confide|dive|double_team|earthquake|facade|frustration|giga_impact|hail|hidden_power|hyper_beam|ice_beam|protect|rain_dance|rest|return|rock_slide|rock_smash|rock_tomb|round|sandstorm|scald|secret_power|sleep_talk|stone_edge|strength|substitute|surf|swagger|toxic|waterfall;aqua_tail|bounce|earth_power|icy_wind|snore|water_pulse|zen_headbutt;;water2;;;340;Bigotudo;0,9;23,6;azul;50;no;Habita en grandes pantanos. Si se acerca un enemigo, se alborota y causa temblores monumentales.
corphish;Corphish;water;43;80;65;50;35;35;hyper_cutter;shell_armor;adaptability;fluctuating;62;205;attack:1;1:bubble|5:harden|7:vice_grip|10:leer|14:bubble_beam|17:protect|20:double_hit|23:knock_off|26:night_slash|31:razor_shell|34:taunt|37:swords_dance|39:crunch|43:crabhammer|48:guillotine;aerial_ace|attract|blizzard|brick_break|confide|cut|dig|double_team|facade|false_swipe|fling|frustration|hail|hidden_power|hone_claws|ice_beam|payback|protect|rain_dance|rest|return|rock_slide|rock_smash|rock_tomb|round|scald|secret_power|sleep_talk|sludge_bomb|strength|substitute|surf|swagger|swords_dance|taunt|toxic|waterfall|x_scissor;endeavor|icy_wind|iron_defense|knock_off|snore|spite|superpower|water_pulse;ancient_power|aqua_jet|body_slam|chip_away|double_edge|dragon_dance|endeavor|knock_off|metal_claw|mud_sport|superpower|switcheroo|trump_card;water1|water3;crawdaunt@30;;341;Rufián;0,6;11,5;rojo;50;no;Por sucio o contaminado que esté el río, se adaptan rápido y se multiplican. Poseen una gran fuerza vital.
crawdaunt;Crawdaunt;water|dark;63;120;85;90;55;55;hyper_cutter;shell_armor;adaptability;fluctuating;164;155;attack:2;1:bubble|1:harden|1:leer|1:vice_grip|5:harden|7:vice_grip|10:leer|14:bubble_beam|17:protect|20:double_hit|23:knock_off|26:night_slash|30:swift|32:razor_shell|36:taunt|40:swords_dance|43:crunch|48:crabhammer|54:guillotine;aerial_ace|attract|blizzard|brick_break|confide|cut|dark_pulse|dig|dive|double_team|facade|false_swipe|fling|frustration|giga_impact|hail|hidden_power|hone_claws|hyper_beam|ice_beam|nature_power|payback|protect|rain_dance|rest|retaliate|return|rock_slide|rock_smash|rock_tomb|round|scald|secret_power|sleep_talk|sludge_bomb|sludge_wave|snarl|strength|substitute|surf|swagger|swords_dance|taunt|toxic|waterfall|x_scissor;endeavor|icy_wind|iron_defense|knock_off|snore|spite|superpower|water_pulse;;water1|water3;;;342;Granuja;1,1;32,8;rojo;50;no;Este malandrín usa sus pinzas para atosigar y expulsar a los otros Pokémon que viven en su estanque.
baltoy;Baltoy;ground|psychic;40;40;55;40;70;55;levitate;;;medium_fast;60;255;sp_defense:1;1:confusion|1:harden|4:rapid_spin|7:mud_slap|10:heal_block|13:rock_tomb|16:psybeam|19:ancient_power|22:cosmic_power|25:power_trick|28:self_destruct|31:extrasensory|34:guard_split|34:power_split|37:earth_power|40:sandstorm|43:imprison|46:explosion;bulldoze|calm_mind|charge_beam|confide|dazzling_gleam|dig|double_team|dream_eater|earthquake|explosion|facade|flash|frustration|grass_knot|gyro_ball|hidden_power|ice_beam|light_screen|protect|psych_up|psychic|psyshock|rain_dance|reflect|rest|return|rock_polish|rock_slide|rock_tomb|round|safeguard|sandstorm|secret_power|shadow_ball|sleep_talk|smack_down|solar_beam|substitute|sunny_day|swagger|toxic|trick_room;drill_run|earth_power|gravity|magic_coat|recycle|signal_beam|skill_swap|snore|stealth_rock|trick|wonder_room|zen_headbutt;;mineral;claydol@36;;343;Muñeca Barro;0,5;21,5;marrón;sin_genero;no;Se mueve girando sobre su eje. También se le puede ver girando cabeza abajo.
claydol;Claydol;ground|psychic;60;70;105;70;120;75;levitate;;;medium_fast;175;90;sp_defense:2;1:confusion|1:harden|1:rapid_spin|1:teleport|4:rapid_spin|7:mud_slap|10:heal_block|13:rock_tomb|16:psybeam|19:ancient_power|22:cosmic_power|25:power_trick|28:self_destruct|31:extrasensory|34:guard_split|34:power_split|36:hyper_beam|40:earth_power|46:sandstorm|52:imprison|58:explosion;bulldoze|calm_mind|charge_beam|confide|dazzling_gleam|dig|double_team|dream_eater|earthquake|explosion|facade|flash|frustration|giga_impact|grass_knot|gyro_ball|hidden_power|hyper_beam|ice_beam|light_screen|protect|psych_up|psychic|psyshock|rain_dance|reflect|rest|return|rock_polish|rock_slide|rock_smash|rock_tomb|round|safeguard|sandstorm|secret_power|shadow_ball|sleep_talk|smack_down|solar_beam|stone_edge|strength|substitute|sunny_day|swagger|toxic|trick_room;drill_run|earth_power|gravity|magic_coat|recycle|signal_beam|skill_swap|snore|stealth_rock|trick|wonder_room|zen_headbutt;;mineral;;;344;Muñeca Barro;1,5;108;negro;sin_genero;no;Este Pokémon es una vieja figurilla de barro que cobró vida mediante la exposición a extraños rayos de luz.
lileep;Lileep;rock|grass;66;41;77;61;87;23;suction_cups;;storm_drain;erratic;71;45;sp_defense:1;1:astonish|1:constrict|5:acid|9:ingrain|13:confuse_ray|17:ancient_power|21:brine|26:giga_drain|31:gastro_acid|36:amnesia|41:energy_ball|46:spit_up|46:stockpile|46:swallow|52:wring_out;attract|confide|double_team|energy_ball|facade|flash|frustration|grass_knot|hidden_power|infestation|protect|rest|return|rock_polish|rock_slide|rock_tomb|round|sandstorm|secret_power|sleep_talk|sludge_bomb|smack_down|solar_beam|substitute|sunny_day|swagger|swords_dance|toxic;bind|earth_power|gastro_acid|giga_drain|pain_split|seed_bomb|snore|stealth_rock|synthesis|worry_seed;barrier|curse|endure|mega_drain|mirror_coat|recover|stealth_rock|tickle|wring_out;water3;cradily@40;;345;Lirio de Mar;1;23,8;morado;12,5;no;Se extinguió hace 100 millones de años. Sus tentáculos parecen pétalos para atraer a sus presas.
cradily;Cradily;rock|grass;86;81;97;81;107;43;suction_cups;;storm_drain;erratic;173;45;sp_defense:2;1:acid|1:astonish|1:constrict|1:ingrain|1:wring_out|5:acid|9:ingrain|13:confuse_ray|17:ancient_power|21:brine|26:giga_drain|31:gastro_acid|36:amnesia|44:energy_ball|52:spit_up|52:stockpile|52:swallow|61:wring_out;attract|bulldoze|confide|double_team|earthquake|energy_ball|facade|flash|frustration|giga_impact|grass_knot|hidden_power|hyper_beam|infestation|protect|rest|return|rock_polish|rock_slide|rock_smash|rock_tomb|round|sandstorm|secret_power|sleep_talk|sludge_bomb|sludge_wave|smack_down|solar_beam|stone_edge|strength|substitute|sunny_day|swagger|swords_dance|toxic;bind|block|earth_power|gastro_acid|giga_drain|pain_split|seed_bomb|snore|stealth_rock|synthesis|worry_seed;;water3;;;346;Percebe;1,5;60,4;verde;12,5;no;Vive en el fondo de los mares de aguas templadas. Emerge para cazar cuando baja la marea.
anorith;Anorith;rock|bug;45;95;50;40;50;75;battle_armor;;swift_swim;erratic;71;45;attack:1;1:harden|1:scratch|4:mud_sport|7:water_gun|10:fury_cutter|13:smack_down|17:metal_claw|21:ancient_power|25:bug_bite|29:brine|34:slash|39:crush_claw|44:x_scissor|49:protect|55:rock_blast;aerial_ace|attract|brick_break|confide|cut|dig|double_team|facade|false_swipe|frustration|hidden_power|hone_claws|protect|rest|return|rock_polish|rock_slide|rock_smash|rock_tomb|round|sandstorm|secret_power|sleep_talk|smack_down|struggle_bug|substitute|sunny_day|swagger|swords_dance|toxic|x_scissor;bug_bite|earth_power|iron_defense|knock_off|snore|stealth_rock|water_pulse;aqua_jet|cross_poison|curse|iron_defense|knock_off|rapid_spin|sand_attack|screech|water_pulse;water3;armaldo@40;;347;Camarón;0,7;12,5;gris;12,5;no;Es una especie de Pokémon predecesor. Estira las pinzas para cazar a sus presas, que se esconden en las rocas del mar.
armaldo;Armaldo;rock|bug;75;125;100;70;80;45;battle_armor;;swift_swim;erratic;173;45;attack:2;1:harden|1:mud_sport|1:scratch|1:water_gun|4:mud_sport|7:water_gun|10:fury_cutter|13:smack_down|17:metal_claw|21:ancient_power|25:slash|29:brine|34:slash|39:crush_claw|46:x_scissor|53:protect|61:rock_blast;aerial_ace|attract|brick_break|bulldoze|confide|cut|dig|double_team|earthquake|facade|false_swipe|flash_cannon|frustration|giga_impact|hidden_power|hone_claws|hyper_beam|protect|rest|return|rock_polish|rock_slide|rock_smash|rock_tomb|round|sandstorm|secret_power|sleep_talk|smack_down|stone_edge|strength|struggle_bug|substitute|sunny_day|swagger|swords_dance|toxic|x_scissor;aqua_tail|block|bug_bite|earth_power|iron_defense|iron_tail|knock_off|low_kick|snore|stealth_rock|superpower|water_pulse;;water3;;;348;Armadura;1,5;68,2;gris;12,5;no;Ensarta a sus presas con sus gigantescas garras elásticas. Una fuerte coraza cubre su cuerpo.
feebas;Feebas;water;20;15;20;10;55;80;swift_swim;oblivious;adaptability;erratic;40;255;speed:1;1:splash|15:tackle|30:flail;attract|blizzard|confide|dive|double_team|facade|frustration|hail|hidden_power|ice_beam|light_screen|protect|rain_dance|rest|return|round|scald|secret_power|sleep_talk|substitute|surf|swagger|toxic|waterfall;dragon_pulse|icy_wind|iron_tail|snore|water_pulse;brine|captivate|confuse_ray|dragon_breath|dragon_pulse|haze|hypnosis|iron_tail|mirror_coat|mist|mud_sport|tickle;water1|dragon;milotic@intercambio:prism_scale;;349;Pez;0,6;7,4;marrón;50;no;Come de todo, por lo que puede vivir en aguas contaminadas. Nadie le presta atención.
milotic;Milotic;water;95;60;79;100;125;81;marvel_scale;competitive;cute_charm;erratic;189;60;sp_defense:2;1:water_gun|1:wrap|4:water_sport|7:refresh|11:disarming_voice|14:twister|17:water_pulse|21:aqua_ring|24:captivate|27:dragon_tail|31:recover|34:aqua_tail|37:attract|41:safeguard|44:coil|47:hydro_pump|51:rain_dance;attract|blizzard|bulldoze|confide|dive|double_team|dragon_tail|facade|frustration|giga_impact|hail|hidden_power|hyper_beam|ice_beam|light_screen|protect|psych_up|rain_dance|rest|return|round|safeguard|scald|secret_power|sleep_talk|substitute|surf|swagger|toxic|waterfall;aqua_tail|bind|dragon_pulse|icy_wind|iron_head|iron_tail|magic_coat|snore|water_pulse;;water1|dragon;;;350;Tierno;6,2;162;rosa;50;no;Milotic es impresionantemente bello. Quienes lo ven, temen perder las ganas de luchar contra él.
castform;Castform;normal;70;70;70;70;70;70;forecast;;;medium_fast;147;45;hp:1;1:tackle|10:ember|10:powder_snow|10:water_gun|15:headbutt|20:hail|20:rain_dance|20:sunny_day|25:weather_ball|35:blizzard|35:fire_blast|35:hydro_pump|45:hurricane;attract|blizzard|confide|double_team|energy_ball|facade|fire_blast|flamethrower|flash|frustration|hail|hidden_power|ice_beam|incinerate|protect|psych_up|rain_dance|rest|retaliate|return|round|sandstorm|scald|secret_power|shadow_ball|sleep_talk|solar_beam|substitute|sunny_day|swagger|thief|thunder|thunder_wave|thunderbolt|toxic;icy_wind|last_resort|shock_wave|snore|tailwind|water_pulse;amnesia|clear_smog|cosmic_power|disable|future_sight|guard_swap|hex|lucky_chant|ominous_wind|reflect_type;fairy|indeterminate;;;351;Clima;0,3;0,8;gris;50;no;Sus células son muy sensibles a los cambios de temperatura y humedad y se adapta sin problema.
kecleon;Kecleon;normal;60;90;70;60;120;40;color_change;;protean;medium_slow;154;200;sp_defense:1;1:astonish|1:lick|1:scratch|1:tail_whip|1:thief|4:bind|7:shadow_sneak|10:feint|13:fury_swipes|16:feint_attack|18:psybeam|21:ancient_power|25:slash|30:camouflage|33:shadow_claw|38:screech|42:substitute|46:sucker_punch|50:synchronoise;aerial_ace|attract|blizzard|brick_break|charge_beam|confide|cut|dig|double_team|facade|fire_blast|flamethrower|flash|fling|frustration|grass_knot|hidden_power|hone_claws|ice_beam|incinerate|power_up_punch|protect|psych_up|rain_dance|rest|retaliate|return|rock_slide|rock_smash|rock_tomb|round|secret_power|shadow_ball|shadow_claw|sleep_talk|solar_beam|strength|substitute|sunny_day|swagger|thief|thunder|thunder_wave|thunderbolt|toxic|trick_room;after_you|aqua_tail|bind|drain_punch|fire_punch|focus_punch|foul_play|ice_punch|icy_wind|iron_tail|knock_off|last_resort|low_kick|magic_coat|recycle|role_play|shock_wave|skill_swap|snatch|snore|stealth_rock|thunder_punch|trick|water_pulse|wonder_room;camouflage|disable|dizzy_punch|fake_out|foul_play|magic_coat|nasty_plot|recover|skill_swap|snatch|trick;ground;;;352;Camaleónico;1;22;verde;50;no;Puede mudar el color de su cuerpo a voluntad, pero el dibujo en zigzag de su panza nunca desaparece.
shuppet;Shuppet;ghost;44;75;35;63;33;45;insomnia;frisk;cursed_body;fast;59;225;attack:1;1:knock_off|4:screech|7:night_shade|10:spite|13:shadow_sneak|16:will_o_wisp|19:feint_attack|22:hex|26:curse|30:shadow_ball|34:embargo|38:sucker_punch|42:snatch|46:grudge|50:trick|54:phantom_force;attract|calm_mind|charge_beam|confide|dark_pulse|dazzling_gleam|double_team|dream_eater|embargo|facade|flash|frustration|hidden_power|payback|protect|psych_up|psychic|rain_dance|rest|return|round|secret_power|shadow_ball|sleep_talk|substitute|sunny_day|swagger|taunt|thief|thunder|thunder_wave|thunderbolt|torment|toxic|trick_room|will_o_wisp;foul_play|icy_wind|knock_off|magic_coat|magic_room|pain_split|role_play|shock_wave|skill_swap|snatch|snore|spite|trick;astonish|confuse_ray|destiny_bond|disable|foresight|gunk_shot|imprison|ominous_wind|phantom_force|pursuit|shadow_sneak;indeterminate;banette@37;;353;Títere;0,6;2,3;negro;50;no;Dicen que con su cuerno se alimenta de sentimientos de celos y envidia. Es muy activo a medianoche.
banette;Banette;ghost;64;115;65;83;63;65;insomnia;frisk;cursed_body;fast;159;45;attack:2;1:knock_off|1:night_shade|1:phantom_force|1:screech|1:spite|4:screech|7:night_shade|10:spite|13:shadow_sneak|16:will_o_wisp|19:feint_attack|22:hex|26:curse|30:shadow_ball|34:embargo|40:sucker_punch|46:snatch|52:grudge|58:trick|64:phantom_force;attract|calm_mind|charge_beam|confide|dark_pulse|dazzling_gleam|double_team|dream_eater|embargo|facade|flash|fling|frustration|giga_impact|hidden_power|hyper_beam|infestation|payback|protect|psych_up|psychic|rain_dance|rest|return|round|secret_power|shadow_ball|shadow_claw|sleep_talk|substitute|sunny_day|swagger|taunt|thief|thunder|thunder_wave|thunderbolt|torment|toxic|trick_room|will_o_wisp;foul_play|icy_wind|knock_off|magic_coat|magic_room|pain_split|role_play|shock_wave|skill_swap|snatch|snore|spite|trick;;indeterminate;;;354;Marioneta;1,1;12,5;negro;50;no;Este muñeco se convirtió en un Pokémon cuando lo tiraron a la basura. Busca a su antiguo dueño.
duskull;Duskull;ghost;20;40;90;30;90;25;levitate;;frisk;fast;59;190;sp_defense:1;1:leer|1:night_shade|6:disable|9:astonish|14:foresight|17:shadow_sneak|22:pursuit|25:will_o_wisp|30:confuse_ray|33:curse|38:hex|41:shadow_ball|46:mean_look|49:payback|54:future_sight;attract|blizzard|calm_mind|charge_beam|confide|dark_pulse|double_team|dream_eater|embargo|facade|flash|fling|frustration|hidden_power|ice_beam|infestation|payback|protect|psych_up|psychic|rain_dance|rest|return|round|secret_power|shadow_ball|sleep_talk|substitute|sunny_day|swagger|taunt|thief|torment|toxic|trick_room|will_o_wisp;gravity|icy_wind|pain_split|skill_swap|snatch|snore|spite|trick|wonder_room;dark_pulse|destiny_bond|feint_attack|grudge|haze|imprison|memento|ominous_wind|pain_split|skill_swap;indeterminate;dusclops@37;;355;Réquiem;0,8;15;negro;50;no;Persigue a su presa sin descanso allá donde vaya. No obstante, abandona la caza al amanecer.
dusclops;Dusclops;ghost;40;70;130;60;130;25;pressure;;frisk;fast;159;90;defense:1|sp_defense:1;1:astonish|1:bind|1:disable|1:fire_punch|1:future_sight|1:gravity|1:ice_punch|1:leer|1:night_shade|1:thunder_punch|6:disable|9:astonish|14:foresight|17:shadow_sneak|22:pursuit|25:will_o_wisp|30:confuse_ray|33:curse|37:shadow_punch|40:hex|45:shadow_ball|52:mean_look|57:payback|64:future_sight;attract|blizzard|brick_break|bulldoze|calm_mind|charge_beam|confide|dark_pulse|double_team|dream_eater|earthquake|embargo|facade|flash|fling|frustration|giga_impact|hidden_power|hyper_beam|ice_beam|infestation|payback|power_up_punch|protect|psych_up|psychic|rain_dance|rest|return|rock_slide|rock_smash|rock_tomb|round|secret_power|shadow_ball|sleep_talk|strength|substitute|sunny_day|swagger|taunt|thief|torment|toxic|trick_room|will_o_wisp;bind|fire_punch|focus_punch|gravity|ice_punch|icy_wind|pain_split|skill_swap|snatch|snore|spite|thunder_punch|trick|wonder_room;;indeterminate;dusknoir@intercambio:reaper_cloth;;356;Atrayente;1,6;30,6;negro;50;no;Si alguien mira los fuegos fatuos del interior de Dusclops, perderá su alma irremediablemente.
tropius;Tropius;grass|flying;99;68;83;72;87;51;chlorophyll;solar_power;harvest;slow;161;200;hp:2;1:growth|1:gust|1:leaf_storm|1:leer|1:razor_leaf|6:sweet_scent|10:stomp|16:magical_leaf|21:whirlwind|26:leaf_tornado|30:natural_gift|36:air_slash|41:body_slam|46:bestow|50:synthesis|56:solar_beam|61:leaf_storm;aerial_ace|attract|bulldoze|confide|cut|double_team|earthquake|energy_ball|facade|flash|fly|frustration|giga_impact|grass_knot|hidden_power|hyper_beam|nature_power|protect|rest|return|roar|rock_smash|roost|round|safeguard|secret_power|sleep_talk|solar_beam|steel_wing|strength|substitute|sunny_day|swagger|swords_dance|toxic;dragon_pulse|giga_drain|outrage|seed_bomb|snore|synthesis|tailwind|worry_seed;bullet_seed|curse|dragon_dance|headbutt|leaf_blade|leaf_storm|leech_seed|natural_gift|nature_power|razor_wind|slam|synthesis;monster|plant;;;357;Fruto;2;100;verde;50;no;Puede volar al agitar sus grandes hojas. Reparte entre los niños la codiciada fruta dulce que crece de su cuello.
chimecho;Chimecho;psychic;65;50;70;95;80;65;levitate;;;fast;159;45;sp_attack:1|sp_defense:1;1:astonish|1:confusion|1:growl|1:healing_wish|1:synchronoise|1:wrap|4:growl|7:astonish|10:confusion|13:yawn|16:psywave|19:take_down|22:extrasensory|27:heal_bell|32:uproar|37:safeguard|42:double_edge|47:heal_pulse|52:synchronoise|57:healing_wish;attract|calm_mind|charge_beam|confide|dazzling_gleam|double_team|dream_eater|echoed_voice|energy_ball|facade|flash|frustration|grass_knot|hidden_power|light_screen|protect|psych_up|psychic|psyshock|rain_dance|reflect|rest|return|round|safeguard|secret_power|shadow_ball|sleep_talk|substitute|sunny_day|swagger|taunt|thunder_wave|torment|toxic|trick_room;bind|gravity|heal_bell|helping_hand|hyper_voice|icy_wind|knock_off|last_resort|magic_coat|recycle|shock_wave|signal_beam|skill_swap|snatch|snore|trick|uproar|zen_headbutt;cosmic_power|curse|disable|future_sight|hypnosis|recover|skill_swap|stored_power|wish;indeterminate;;;358;Sonido Aire;0,6;1;azul;50;no;Se cuelga de ramas y aleros con la ventosa de su cabeza. Tiene siete tipos de gritos diferentes.
absol;Absol;dark;65;130;60;75;60;75;pressure;super_luck;justified;medium_slow;163;30;attack:2;1:feint|1:future_sight|1:leer|1:perish_song|1:quick_attack|1:scratch|4:leer|7:quick_attack|10:pursuit|13:taunt|16:bite|19:double_team|22:slash|25:swords_dance|29:night_slash|33:detect|37:psycho_cut|41:me_first|45:sucker_punch|49:razor_wind|53:future_sight|57:perish_song;aerial_ace|attract|blizzard|calm_mind|charge_beam|confide|cut|dark_pulse|double_team|dream_eater|echoed_voice|facade|false_swipe|fire_blast|flamethrower|flash|frustration|giga_impact|hail|hidden_power|hone_claws|hyper_beam|ice_beam|incinerate|payback|protect|psych_up|rain_dance|rest|retaliate|return|rock_slide|rock_smash|rock_tomb|round|sandstorm|secret_power|shadow_ball|shadow_claw|sleep_talk|snarl|stone_edge|strength|substitute|sunny_day|swagger|swords_dance|taunt|thief|thunder|thunder_wave|thunderbolt|torment|toxic|will_o_wisp|x_scissor;bounce|foul_play|icy_wind|iron_tail|knock_off|magic_coat|role_play|shock_wave|snatch|snore|spite|superpower|water_pulse|zen_headbutt;assurance|baton_pass|curse|double_edge|feint_attack|hex|magic_coat|me_first|mean_look|megahorn|perish_song|play_rough|punishment|sucker_punch|zen_headbutt;ground;;;359;Catástrofe;1,2;47;blanco;50;no;Presiente desastres inminentes y se aparece a la gente para advertir del peligro.
wynaut;Wynaut;psychic;95;23;48;23;48;23;shadow_tag;;telepathy;medium_fast;52;125;hp:1;1:charm|1:encore|1:splash|15:counter|15:destiny_bond|15:mirror_coat|15:safeguard;safeguard;;;no_eggs;wobbuffet@15;;360;Radiante;0,6;14;azul;50;no;Suelen ir en grupo y a la hora de dormir se resguardan en una cueva.
snorunt;Snorunt;ice;50;50;50;50;50;50;inner_focus;ice_body;moody;medium_fast;60;190;hp:1;1:leer|1:powder_snow|5:double_team|10:ice_shard|14:icy_wind|19:bite|23:ice_fang|28:headbutt|32:protect|37:frost_breath|41:crunch|46:blizzard|50:hail;attract|blizzard|confide|double_team|facade|flash|frost_breath|frustration|hail|hidden_power|ice_beam|light_screen|protect|rain_dance|rest|return|round|safeguard|secret_power|shadow_ball|sleep_talk|substitute|swagger|toxic;block|icy_wind|snore|spite|water_pulse;avalanche|bide|block|disable|fake_tears|hex|rollout|spikes|switcheroo|weather_ball;fairy|mineral;glalie@42 | froslass@objeto:dawn_stone+genero:hembra;;361;Gorro Nieve;0,7;16,8;gris;50;no;Se dice que se reúnen en grupos bajo hojas gigantescas y viven allí en total armonía.
glalie;Glalie;ice;80;80;80;80;80;80;inner_focus;ice_body;moody;medium_fast;168;75;hp:2;1:double_team|1:ice_shard|1:leer|1:powder_snow|1:sheer_cold|5:double_team|10:ice_shard|14:icy_wind|19:bite|23:ice_fang|28:headbutt|32:protect|37:frost_breath|41:crunch|42:freeze_dry|48:blizzard|54:hail|61:sheer_cold;attract|blizzard|bulldoze|confide|dark_pulse|double_team|earthquake|explosion|facade|flash|frost_breath|frustration|giga_impact|gyro_ball|hail|hidden_power|hyper_beam|ice_beam|light_screen|payback|protect|rain_dance|rest|return|round|safeguard|secret_power|shadow_ball|sleep_talk|substitute|swagger|taunt|torment|toxic;block|icy_wind|iron_head|signal_beam|snore|spite|super_fang|water_pulse;;fairy|mineral;;;362;Cara;1,5;256,5;gris;50;no;Se protege con una armadura de hielo creada por congelación de la humedad del aire.
spheal;Spheal;ice|water;70;40;50;55;50;25;thick_fat;ice_body;oblivious;medium_slow;58;255;hp:1;1:defense_curl|1:growl|1:powder_snow|1:water_gun|5:rollout|9:encore|13:ice_ball|17:brine|21:aurora_beam|26:body_slam|31:rest|31:snore|36:hail|41:blizzard|46:sheer_cold;attract|blizzard|bulldoze|confide|dive|double_team|earthquake|echoed_voice|facade|frost_breath|frustration|hail|hidden_power|ice_beam|protect|rain_dance|rest|return|rock_slide|rock_smash|rock_tomb|round|secret_power|sleep_talk|strength|substitute|surf|swagger|toxic|waterfall;aqua_tail|icy_wind|iron_tail|signal_beam|snore|super_fang|water_pulse;aqua_ring|belly_drum|curse|fissure|rollout|signal_beam|sleep_talk|spit_up|stockpile|swallow|water_pulse|water_sport|yawn;water1|ground;sealeo@32;;363;Aplauso;0,8;39,5;azul;50;no;Como no saben nadar muy bien, se mueven rápidamente rodando. Cuando están alegres, dan palmadas con las aletas.
sealeo;Sealeo;ice|water;90;60;70;75;70;45;thick_fat;ice_body;oblivious;medium_slow;144;120;hp:2;1:defense_curl|1:growl|1:powder_snow|1:water_gun|5:rollout|9:encore|13:ice_ball|17:brine|21:aurora_beam|26:body_slam|31:rest|31:snore|32:swagger|38:hail|45:blizzard|52:sheer_cold;attract|blizzard|bulldoze|confide|dive|double_team|earthquake|echoed_voice|facade|frost_breath|frustration|hail|hidden_power|ice_beam|protect|rain_dance|rest|return|roar|rock_slide|rock_smash|rock_tomb|round|secret_power|sleep_talk|strength|substitute|surf|swagger|toxic|waterfall;aqua_tail|icy_wind|iron_tail|signal_beam|snore|super_fang|water_pulse;;water1|ground;walrein@44;;364;Rodabola;1,1;87,6;azul;50;no;Su nariz es muy sensible. Cuando ve algo por primera vez, lo toca con ella para recordarlo después.
walrein;Walrein;ice|water;110;80;90;95;90;65;thick_fat;ice_body;oblivious;medium_slow;239;45;hp:3;1:crunch|1:defense_curl|1:growl|1:powder_snow|1:water_gun|7:encore|7:rollout|13:ice_ball|19:aurora_beam|19:brine|25:body_slam|31:rest|31:snore|32:swagger|38:hail|44:ice_fang|49:blizzard|60:sheer_cold;attract|blizzard|bulldoze|confide|dive|double_team|earthquake|echoed_voice|facade|frost_breath|frustration|giga_impact|hail|hidden_power|hyper_beam|ice_beam|protect|rain_dance|rest|return|roar|rock_slide|rock_smash|rock_tomb|round|secret_power|sleep_talk|strength|substitute|surf|swagger|toxic|waterfall;aqua_tail|block|icy_wind|iron_head|iron_tail|signal_beam|snore|super_fang|water_pulse;;water1|ground;;;365;Rompehielo;1,4;150,6;azul;50;no;Rompe el hielo con sus colmillos. Su gruesa capa de grasa le protege del frío y de los enemigos.
clamperl;Clamperl;water;35;64;85;74;55;32;shell_armor;;rattled;erratic;69;255;defense:1;1:clamp|1:iron_defense|1:water_gun|1:whirlpool|50:shell_smash;attract|blizzard|confide|dive|double_team|facade|frustration|hail|hidden_power|ice_beam|protect|rain_dance|rest|return|round|scald|secret_power|sleep_talk|substitute|surf|swagger|toxic|waterfall;icy_wind|iron_defense|snore|water_pulse;aqua_ring|barrier|body_slam|brine|confuse_ray|endure|mud_sport|muddy_water|refresh|supersonic|water_pulse;water1;huntail@intercambio:deep_sea_tooth | gorebyss@intercambio:deep_sea_scale;;366;Bivalvo;0,4;52,5;azul;50;no;Produce durante su vida una sola perla que aumenta los poderes psíquicos al evolucionar.
huntail;Huntail;water;55;104;105;94;75;52;swift_swim;;water_veil;erratic;170;60;attack:1|defense:1;1:bite|1:whirlpool|5:screech|9:scary_face|11:feint_attack|14:water_pulse|16:ice_fang|19:brine|23:sucker_punch|26:dive|29:baton_pass|34:crunch|39:aqua_tail|45:coil|50:hydro_pump;attract|blizzard|confide|dive|double_team|facade|frustration|giga_impact|hail|hidden_power|hyper_beam|ice_beam|infestation|protect|rain_dance|rest|return|rock_tomb|round|scald|secret_power|sleep_talk|substitute|surf|swagger|toxic|waterfall;aqua_tail|bind|bounce|icy_wind|snatch|snore|super_fang|water_pulse;;water1;;;367;Abisal;1,7;27;azul;50;no;Vive en los abismos marinos, donde no se filtra la luz. Tiene una cola en forma de pez, que enciende para atraer a su presa.
gorebyss;Gorebyss;water;55;84;105;114;75;52;swift_swim;;hydration;erratic;170;60;sp_attack:2;1:confusion|1:whirlpool|5:water_sport|9:agility|11:draining_kiss|14:water_pulse|16:amnesia|19:aqua_ring|23:captivate|26:dive|29:baton_pass|34:psychic|39:aqua_tail|45:coil|50:hydro_pump;attract|blizzard|confide|dive|double_team|facade|frustration|giga_impact|hail|hidden_power|hyper_beam|ice_beam|infestation|protect|psych_up|psychic|rain_dance|rest|return|round|safeguard|scald|secret_power|shadow_ball|sleep_talk|substitute|surf|swagger|toxic|waterfall;aqua_tail|bind|bounce|icy_wind|signal_beam|snore|water_pulse;;water1;;;368;Mar del Sur;1,8;22,6;rosa;50;no;Vive en el fondo del mar. En primavera, su cuerpo rosado adquiere colores más vivos.
relicanth;Relicanth;water|rock;100;90;130;45;65;55;swift_swim;rock_head;sturdy;slow;170;25;hp:1|defense:1;1:harden|1:head_smash|1:mud_sport|1:tackle|1:water_gun|6:mud_sport|10:water_gun|15:rock_tomb|21:ancient_power|26:dive|31:take_down|35:yawn|41:rest|46:hydro_pump|50:double_edge|56:head_smash;attract|blizzard|bulldoze|calm_mind|confide|dive|double_team|earthquake|facade|frustration|giga_impact|hail|hidden_power|hyper_beam|ice_beam|protect|psych_up|rain_dance|rest|return|rock_polish|rock_slide|rock_smash|rock_tomb|round|safeguard|sandstorm|scald|secret_power|sleep_talk|smack_down|stone_edge|substitute|surf|swagger|toxic|waterfall;aqua_tail|bounce|earth_power|icy_wind|snore|stealth_rock|water_pulse|zen_headbutt;amnesia|aqua_tail|brine|magnitude|mud_shot|mud_slap|muddy_water|skull_bash|sleep_talk|snore|water_sport|zen_headbutt;water1|water2;;;369;Longevo;1;23,4;gris;12,5;no;No ha sufrido ningún cambio desde hace 100 millones de años. Fue descubierto durante una expedición marina.
luvdisc;Luvdisc;water;43;30;55;40;65;97;swift_swim;;hydration;fast;116;225;speed:1;1:charm|1:tackle|4:water_gun|7:agility|9:draining_kiss|14:lucky_chant|17:water_pulse|22:attract|27:flail|31:sweet_kiss|37:take_down|40:aqua_ring|46:captivate|50:hydro_pump|55:safeguard;attract|blizzard|confide|dive|double_team|facade|frustration|hail|hidden_power|ice_beam|protect|psych_up|rain_dance|rest|return|round|safeguard|scald|secret_power|sleep_talk|substitute|surf|swagger|toxic|waterfall;bounce|icy_wind|snore|water_pulse;aqua_jet|aqua_ring|brine|captivate|entrainment|heal_pulse|mud_sport|splash|supersonic|water_sport;water2;;;370;Cita;0,6;8,7;rosa;75;no;Vive en mares cálidos. Se dice que, si una pareja lo encuentra, será bendecida con amor eterno.
bagon;Bagon;dragon;45;75;60;40;30;50;rock_head;;sheer_force;slow;60;45;attack:1;1:rage|4:ember|7:leer|10:bite|13:dragon_breath|17:headbutt|21:focus_energy|25:crunch|29:dragon_claw|34:zen_headbutt|39:scary_face|44:flamethrower|49:double_edge;aerial_ace|attract|brick_break|confide|cut|double_team|dragon_claw|facade|fire_blast|flamethrower|frustration|hidden_power|hone_claws|incinerate|protect|rain_dance|rest|return|roar|rock_slide|rock_smash|rock_tomb|round|secret_power|shadow_claw|sleep_talk|strength|substitute|sunny_day|swagger|toxic;draco_meteor|dragon_pulse|hyper_voice|outrage|snore|zen_headbutt;defense_curl|dragon_dance|dragon_pulse|dragon_rage|dragon_rush|endure|fire_fang|hydro_pump|thrash|twister;dragon;shelgon@30;;371;Cabeza Roca;0,6;42,1;azul;50;no;Su desarrollado cuello y su cabeza dura como el acero le permiten reducir a añicos rocas enormes.
shelgon;Shelgon;dragon;65;95;100;60;50;50;rock_head;;overcoat;slow;147;45;defense:2;1:bite|1:ember|1:leer|1:rage|4:ember|7:leer|10:bite|13:dragon_breath|17:headbutt|21:focus_energy|25:crunch|29:dragon_claw|30:protect|35:zen_headbutt|42:scary_face|49:flamethrower|56:double_edge;aerial_ace|attract|brick_break|confide|cut|double_team|dragon_claw|facade|fire_blast|flamethrower|frustration|hidden_power|hone_claws|incinerate|protect|rain_dance|rest|return|roar|rock_slide|rock_smash|rock_tomb|round|secret_power|shadow_claw|sleep_talk|strength|substitute|sunny_day|swagger|toxic;draco_meteor|dragon_pulse|hyper_voice|iron_defense|outrage|snore|zen_headbutt;;dragon;salamence@50;;372;Resistencia;1,1;110,5;blanco;50;no;Las células han empezado a cambiar dentro de su dura concha, que se separa cuando evoluciona.
salamence;Salamence;dragon|flying;95;135;80;110;80;100;intimidate;;moxie;slow;270;45;attack:3;1:bite|1:dragon_tail|1:ember|1:fire_fang|1:leer|1:rage|1:thunder_fang|4:ember|7:leer|10:bite|13:dragon_breath|17:headbutt|21:focus_energy|25:crunch|29:dragon_claw|30:protect|35:zen_headbutt|42:scary_face|49:flamethrower|50:fly|63:double_edge;aerial_ace|attract|brick_break|bulldoze|confide|cut|double_team|dragon_claw|dragon_tail|earthquake|facade|fire_blast|flamethrower|fly|frustration|giga_impact|hidden_power|hone_claws|hyper_beam|incinerate|protect|rain_dance|rest|return|roar|rock_slide|rock_smash|rock_tomb|roost|round|secret_power|shadow_claw|sleep_talk|steel_wing|stone_edge|strength|substitute|sunny_day|swagger|toxic;aqua_tail|draco_meteor|dragon_pulse|heat_wave|hyper_voice|iron_tail|outrage|snore|tailwind|zen_headbutt;;dragon;;;373;Dragón;1,5;102,6;azul;50;no;"Si se enfada, no hay forma de calmarlo; lo destruye todo lanzando arañazos y llamas."
beldum;Beldum;steel|psychic;40;55;80;35;60;30;clear_body;;light_metal;slow;60;3;defense:1;1:take_down;;iron_defense|iron_head|zen_headbutt;;mineral;metang@20;;374;Bola Hierro;0,6;95,2;azul;sin_genero;no;Los pulsos magnéticos de su cuerpo repelen la gravedad, lo que le permite flotar en el aire.
metang;Metang;steel|psychic;60;75;100;55;80;50;clear_body;;light_metal;slow;147;3;defense:2;1:confusion|1:magnet_rise|1:metal_claw|1:take_down|20:confusion|20:metal_claw|23:pursuit|26:bullet_punch|29:miracle_eye|32:zen_headbutt|35:scary_face|38:psychic|41:agility|44:meteor_mash|47:iron_defense|50:hyper_beam;aerial_ace|brick_break|bulldoze|confide|cut|double_team|earthquake|explosion|facade|flash|flash_cannon|frustration|grass_knot|gyro_ball|hidden_power|hone_claws|hyper_beam|light_screen|power_up_punch|protect|psych_up|psychic|psyshock|rain_dance|reflect|rest|return|rock_polish|rock_slide|rock_smash|rock_tomb|round|sandstorm|secret_power|shadow_ball|sleep_talk|sludge_bomb|strength|substitute|sunny_day|swagger|toxic;gravity|ice_punch|icy_wind|iron_defense|iron_head|magnet_rise|signal_beam|snore|stealth_rock|thunder_punch|trick|zen_headbutt;;mineral;metagross@45;;375;Garra Hierro;1,2;202,5;azul;sin_genero;no;Lo forman dos Beldum unidos. Puede chocarse con un avión sin que su cuerpo de acero sufra ni un rasguño.
metagross;Metagross;steel|psychic;80;135;130;95;90;70;clear_body;;light_metal;slow;270;3;defense:3;1:confusion|1:magnet_rise|1:metal_claw|1:take_down|20:confusion|20:metal_claw|23:pursuit|26:bullet_punch|29:miracle_eye|32:zen_headbutt|35:scary_face|38:psychic|41:agility|44:meteor_mash|45:hammer_arm|52:iron_defense|60:hyper_beam;aerial_ace|brick_break|bulldoze|confide|cut|double_team|earthquake|explosion|facade|flash|flash_cannon|frustration|giga_impact|grass_knot|gyro_ball|hidden_power|hone_claws|hyper_beam|light_screen|power_up_punch|protect|psych_up|psychic|psyshock|rain_dance|reflect|rest|return|rock_polish|rock_slide|rock_smash|rock_tomb|round|sandstorm|secret_power|shadow_ball|sleep_talk|sludge_bomb|strength|substitute|sunny_day|swagger|toxic;block|gravity|ice_punch|icy_wind|iron_defense|iron_head|magnet_rise|signal_beam|snore|stealth_rock|thunder_punch|trick|zen_headbutt;;mineral;;;376;Pata Hierro;1,6;550;azul;sin_genero;no;Gracias a sus cuatro cerebros, es más inteligente que un superordenador y analiza con precisión al enemigo.
regirock;Regirock;rock;80;100;200;50;100;50;clear_body;;sturdy;slow;261;3;defense:3;1:bulldoze|1:charge_beam|1:explosion|1:rock_throw|1:stomp|7:rock_throw|13:charge_beam|19:bulldoze|25:curse|31:ancient_power|37:iron_defense|43:stone_edge|49:hammer_arm|55:lock_on|55:zap_cannon|61:superpower|67:hyper_beam;brick_break|bulldoze|charge_beam|confide|dig|double_team|earthquake|explosion|facade|fling|focus_blast|frustration|giga_impact|hidden_power|hyper_beam|power_up_punch|protect|psych_up|rest|return|rock_polish|rock_slide|rock_smash|rock_tomb|round|safeguard|sandstorm|secret_power|sleep_talk|smack_down|stone_edge|strength|substitute|sunny_day|swagger|thunder|thunder_wave|thunderbolt|toxic;block|drain_punch|earth_power|fire_punch|focus_punch|gravity|ice_punch|iron_defense|iron_head|shock_wave|snore|stealth_rock|superpower|thunder_punch;;no_eggs;;;377;Pico Roca;1,7;230;marrón;sin_genero;si;Su cuerpo está hecho de roca. Si se astilla durante el combate, emplea piedras para repararlo.
regice;Regice;ice;80;50;100;100;200;50;clear_body;;ice_body;slow;261;3;sp_defense:3;1:bulldoze|1:charge_beam|1:explosion|1:icy_wind|1:stomp|7:icy_wind|13:charge_beam|19:bulldoze|25:curse|31:ancient_power|37:amnesia|43:ice_beam|49:hammer_arm|55:lock_on|55:zap_cannon|61:superpower|67:hyper_beam;blizzard|brick_break|bulldoze|charge_beam|confide|double_team|earthquake|explosion|facade|flash_cannon|fling|focus_blast|frost_breath|frustration|giga_impact|hail|hidden_power|hyper_beam|ice_beam|power_up_punch|protect|psych_up|rain_dance|rest|return|rock_polish|rock_slide|rock_smash|rock_tomb|round|safeguard|secret_power|sleep_talk|strength|substitute|swagger|thunder|thunder_wave|thunderbolt|toxic;block|focus_punch|gravity|ice_punch|icy_wind|iron_head|shock_wave|signal_beam|snore|superpower|thunder_punch;;no_eggs;;;378;Iceberg;1,8;175;azul;sin_genero;si;Dicen que ha yacido durmiendo en un glaciar durante milenios. Ni el magma puede derretir su cuerpo.
registeel;Registeel;steel;80;75;150;75;150;50;clear_body;;light_metal;slow;261;3;defense:2|sp_defense:1;1:bulldoze|1:charge_beam|1:explosion|1:metal_claw|1:stomp|7:metal_claw|13:charge_beam|19:bulldoze|25:curse|31:ancient_power|37:amnesia|37:iron_defense|43:flash_cannon|43:iron_head|49:hammer_arm|55:lock_on|55:zap_cannon|61:superpower|67:hyper_beam;aerial_ace|brick_break|bulldoze|charge_beam|confide|double_team|earthquake|explosion|facade|flash_cannon|fling|focus_blast|frustration|giga_impact|hidden_power|hone_claws|hyper_beam|power_up_punch|protect|psych_up|rain_dance|rest|return|rock_polish|rock_slide|rock_smash|rock_tomb|round|safeguard|sandstorm|secret_power|shadow_claw|sleep_talk|strength|substitute|sunny_day|swagger|thunder|thunder_wave|thunderbolt|toxic;block|focus_punch|gravity|ice_punch|iron_defense|iron_head|magnet_rise|shock_wave|snore|stealth_rock|superpower|thunder_punch;;no_eggs;;;379;Hierro;1,9;205;gris;sin_genero;si;Su cuerpo ha estado sometido a la presión subterránea durante miles de años y no puede arañarse.
latias;Latias;dragon|psychic;80;80;90;110;130;110;levitate;;;slow;270;3;sp_defense:3;1:healing_wish|1:helping_hand|1:psywave|1:safeguard|1:wish|4:water_sport|7:charm|10:stored_power|13:refresh|16:heal_pulse|20:dragon_breath|24:mist_ball|28:psycho_shift|32:recover|36:reflect_type|41:zen_headbutt|46:guard_split|51:psychic|56:dragon_pulse|61:healing_wish;aerial_ace|attract|bulldoze|calm_mind|charge_beam|confide|cut|dive|double_team|dragon_claw|dream_eater|earthquake|energy_ball|facade|flash|fly|frustration|giga_impact|grass_knot|hidden_power|hone_claws|hyper_beam|ice_beam|light_screen|protect|psych_up|psychic|psyshock|rain_dance|reflect|rest|retaliate|return|roar|roost|round|safeguard|sandstorm|secret_power|shadow_ball|shadow_claw|sleep_talk|solar_beam|steel_wing|substitute|sunny_day|surf|swagger|thunder|thunder_wave|thunderbolt|toxic|waterfall;covet|draco_meteor|dragon_pulse|helping_hand|icy_wind|last_resort|magic_coat|magic_room|outrage|role_play|shock_wave|snore|tailwind|trick|water_pulse|zen_headbutt;;no_eggs;;;380;Eón;1,4;40;rojo;100;si;Se comunica por telepatía. Su plumaje refleja la luz, lo que le permite hacerse invisible.
latios;Latios;dragon|psychic;80;90;80;130;110;110;levitate;;;slow;270;3;sp_attack:3;1:heal_block|1:helping_hand|1:memento|1:psywave|1:safeguard|4:protect|7:dragon_dance|10:stored_power|13:refresh|16:heal_pulse|20:dragon_breath|24:luster_purge|28:psycho_shift|32:recover|36:telekinesis|41:zen_headbutt|46:power_split|51:psychic|56:dragon_pulse|61:memento;aerial_ace|attract|bulldoze|calm_mind|charge_beam|confide|cut|dive|double_team|dragon_claw|dream_eater|earthquake|energy_ball|facade|flash|fly|frustration|giga_impact|grass_knot|hidden_power|hone_claws|hyper_beam|ice_beam|light_screen|protect|psych_up|psychic|psyshock|rain_dance|reflect|rest|retaliate|return|roar|roost|round|safeguard|sandstorm|secret_power|shadow_ball|shadow_claw|sleep_talk|solar_beam|steel_wing|substitute|sunny_day|surf|swagger|thunder|thunder_wave|thunderbolt|toxic|waterfall;draco_meteor|dragon_pulse|helping_hand|icy_wind|last_resort|magic_coat|outrage|shock_wave|snore|tailwind|trick|water_pulse|wonder_room|zen_headbutt;;no_eggs;;;381;Eón;2;60;azul;0;si;Es un Pokémon muy inteligente. Puede adelantar a aviones a reacción plegando las alas.
kyogre;Kyogre;water;100;100;90;150;140;90;drizzle;;;slow;302;3;sp_attack:3;1:ancient_power|1:water_pulse|5:scary_face|15:aqua_tail|20:body_slam|30:aqua_ring|35:ice_beam|45:origin_pulse|50:calm_mind|60:muddy_water|65:sheer_cold|75:hydro_pump|80:double_edge|90:water_spout;blizzard|brick_break|bulldoze|calm_mind|confide|dive|double_team|earthquake|facade|frustration|giga_impact|hail|hidden_power|hyper_beam|ice_beam|protect|psych_up|rain_dance|rest|return|roar|rock_slide|rock_smash|rock_tomb|round|safeguard|scald|secret_power|sleep_talk|strength|substitute|surf|swagger|thunder|thunder_wave|thunderbolt|toxic|waterfall;aqua_tail|block|icy_wind|iron_head|shock_wave|signal_beam|snore|uproar|water_pulse;;no_eggs;;;382;Cuenca Mar;4,5;352;azul;sin_genero;si;Pokémon legendario que aumentó los mares con diluvios y maremotos. Fue un enemigo acérrimo de Groudon.
groudon;Groudon;ground;100;150;140;100;90;90;drought;;;slow;302;3;attack:3;1:ancient_power|1:mud_shot|5:scary_face|15:earth_power|20:lava_plume|30:rest|35:earthquake|45:precipice_blades|50:bulk_up|60:solar_beam|65:fissure|75:fire_blast|80:hammer_arm|90:eruption;aerial_ace|brick_break|bulk_up|bulldoze|confide|cut|dig|double_team|dragon_claw|dragon_tail|earthquake|facade|fire_blast|flamethrower|fling|focus_blast|frustration|giga_impact|hidden_power|hone_claws|hyper_beam|incinerate|overheat|power_up_punch|protect|psych_up|rest|return|roar|rock_polish|rock_slide|rock_smash|rock_tomb|round|safeguard|sandstorm|secret_power|shadow_claw|sleep_talk|smack_down|solar_beam|stone_edge|strength|substitute|sunny_day|swagger|swords_dance|thunder|thunder_wave|thunderbolt|toxic;block|dragon_pulse|earth_power|fire_punch|iron_head|iron_tail|shock_wave|snore|stealth_rock|thunder_punch|uproar;;no_eggs;;;383;Continente;3,5;950;rojo;sin_genero;si;Dicen que aumentó la superficie terrestre evaporando el agua. Fue un enemigo acérrimo de Kyogre.
rayquaza;Rayquaza;dragon|flying;105;150;90;150;90;95;air_lock;;;slow;306;45;attack:2|sp_attack:1;1:twister|5:scary_face|15:ancient_power|20:crunch|30:air_slash|35:rest|45:extreme_speed|50:dragon_pulse|60:dragon_dance|65:fly|75:hyper_voice|80:outrage|90:hyper_beam;aerial_ace|blizzard|brick_break|bulk_up|bulldoze|confide|dive|double_team|dragon_claw|dragon_tail|earthquake|echoed_voice|energy_ball|facade|fire_blast|flamethrower|fling|fly|focus_blast|frustration|giga_impact|gyro_ball|hidden_power|hone_claws|hyper_beam|ice_beam|incinerate|overheat|protect|psych_up|rain_dance|rest|return|roar|rock_slide|rock_smash|rock_tomb|round|sandstorm|secret_power|shadow_claw|sky_drop|sleep_talk|solar_beam|stone_edge|strength|substitute|sunny_day|surf|swagger|swords_dance|thunder|thunder_wave|thunderbolt|toxic|waterfall;aqua_tail|bind|draco_meteor|dragon_ascent|dragon_pulse|earth_power|hyper_voice|icy_wind|iron_head|iron_tail|outrage|shock_wave|snore|tailwind|uproar|water_pulse;;no_eggs;;;384;Cielo;7;206,5;verde;sin_genero;si;Vive en la capa de ozono sobre las nubes y no puede ser visto desde el suelo.
jirachi;Jirachi;steel|psychic;100;100;100;100;100;100;serene_grace;;;slow;270;3;hp:3;1:confusion|1:wish|5:rest|10:swift|15:helping_hand|20:psychic|25:refresh|30:rest|35:zen_headbutt|40:double_edge|45:gravity|50:healing_wish|55:future_sight|60:cosmic_power|65:last_resort|70:doom_desire;aerial_ace|calm_mind|charge_beam|confide|dazzling_gleam|double_team|dream_eater|energy_ball|facade|flash|flash_cannon|fling|frustration|giga_impact|grass_knot|hidden_power|hyper_beam|light_screen|power_up_punch|protect|psych_up|psychic|psyshock|rain_dance|reflect|rest|return|round|safeguard|sandstorm|secret_power|shadow_ball|sleep_talk|substitute|sunny_day|swagger|thunder|thunder_wave|thunderbolt|toxic|trick_room|u_turn;drain_punch|fire_punch|gravity|helping_hand|ice_punch|icy_wind|iron_defense|iron_head|last_resort|magic_coat|magic_room|recycle|shock_wave|signal_beam|skill_swap|snore|stealth_rock|thunder_punch|trick|uproar|water_pulse|zen_headbutt;;no_eggs;;;385;Deseo;0,3;1,1;amarillo;sin_genero;si;Desde antaño se dice que concederá los deseos escritos en las notas de su cabeza cuando se despierte.
deoxys;Deoxys;psychic;50;150;50;150;50;150;pressure;;;slow;270;3;attack:1|sp_attack:1|speed:1;1:leer|1:wrap|7:night_shade|13:teleport|19:knock_off|25:pursuit|31:psychic|37:snatch|43:psycho_shift|49:zen_headbutt|55:cosmic_power|61:recover|67:psycho_boost|73:hyper_beam;aerial_ace|brick_break|calm_mind|charge_beam|confide|cut|dark_pulse|double_team|dream_eater|energy_ball|facade|flash|flash_cannon|fling|focus_blast|frustration|giga_impact|grass_knot|hidden_power|hyper_beam|ice_beam|light_screen|low_sweep|poison_jab|power_up_punch|protect|psych_up|psychic|psyshock|rain_dance|reflect|rest|return|rock_slide|rock_smash|rock_tomb|round|safeguard|secret_power|shadow_ball|sleep_talk|solar_beam|strength|substitute|sunny_day|swagger|taunt|thunder|thunder_wave|thunderbolt|torment|toxic|trick_room;bind|drain_punch|fire_punch|focus_punch|gravity|ice_punch|icy_wind|knock_off|low_kick|magic_coat|recycle|role_play|shock_wave|signal_beam|skill_swap|snatch|snore|stealth_rock|thunder_punch|trick|water_pulse|wonder_room|zen_headbutt;;no_eggs;;;386;ADN;1,7;60,8;rojo;sin_genero;si;Surgió a raíz de la mutación de ADN de un virus alienígena que cayó a la Tierra en un meteorito.
turtwig;Turtwig;grass;55;68;64;45;55;31;overgrow;;shell_armor;medium_slow;64;45;attack:1;1:tackle|5:withdraw|9:absorb|13:razor_leaf|17:curse|21:bite|25:mega_drain|29:leech_seed|33:synthesis|37:crunch|41:giga_drain|45:leaf_storm;attract|confide|cut|double_team|energy_ball|facade|flash|frustration|grass_knot|hidden_power|light_screen|nature_power|protect|reflect|rest|return|rock_smash|round|safeguard|secret_power|sleep_talk|solar_beam|strength|substitute|sunny_day|swagger|swords_dance|toxic;earth_power|giga_drain|grass_pledge|iron_tail|seed_bomb|snore|stealth_rock|superpower|synthesis|worry_seed;amnesia|body_slam|double_edge|earth_power|grassy_terrain|growth|sand_tomb|seed_bomb|spit_up|stockpile|superpower|swallow|thrash|tickle|wide_guard|worry_seed;monster|plant;grotle@18;;387;Hojita;0,4;10,2;verde;12,5;no;Realiza la fotosíntesis al bañarle los rayos de sol. Su concha está formada por tierra endurecida.
grotle;Grotle;grass;75;89;85;55;65;36;overgrow;;shell_armor;medium_slow;142;45;attack:1|defense:1;1:tackle|1:withdraw|5:withdraw|9:absorb|13:razor_leaf|17:curse|22:bite|27:mega_drain|32:leech_seed|37:synthesis|42:crunch|47:giga_drain|52:leaf_storm;attract|confide|cut|double_team|energy_ball|facade|flash|frustration|grass_knot|hidden_power|light_screen|nature_power|protect|reflect|rest|return|rock_smash|round|safeguard|secret_power|sleep_talk|solar_beam|strength|substitute|sunny_day|swagger|swords_dance|toxic;earth_power|giga_drain|grass_pledge|iron_tail|seed_bomb|snore|stealth_rock|superpower|synthesis|worry_seed;;monster|plant;torterra@32;;388;Arboleda;1,1;97;verde;12,5;no;Vive en los bosques cerca del agua. Por el día, sale a que les dé el sol a las plantas de su espalda.
torterra;Torterra;grass|ground;95;109;105;75;85;56;overgrow;;shell_armor;medium_slow;236;45;attack:2|defense:1;1:absorb|1:razor_leaf|1:tackle|1:withdraw|1:wood_hammer|5:withdraw|9:absorb|13:razor_leaf|17:curse|22:bite|27:mega_drain|32:earthquake|33:leech_seed|39:synthesis|45:crunch|51:giga_drain|57:leaf_storm;attract|bulldoze|confide|cut|double_team|earthquake|energy_ball|facade|flash|frustration|giga_impact|grass_knot|hidden_power|hyper_beam|light_screen|nature_power|protect|reflect|rest|return|roar|rock_polish|rock_slide|rock_smash|rock_tomb|round|safeguard|sandstorm|secret_power|sleep_talk|solar_beam|stone_edge|strength|substitute|sunny_day|swagger|swords_dance|toxic;block|earth_power|frenzy_plant|giga_drain|grass_pledge|iron_head|iron_tail|outrage|seed_bomb|snore|stealth_rock|superpower|synthesis|worry_seed;;monster|plant;;;389;Continente;2,2;310;verde;12,5;no;Las gentes de antaño creían que el planeta se sustentaba en la espalda de un gran Torterra.
chimchar;Chimchar;fire;44;58;44;58;44;61;blaze;;iron_fist;medium_slow;62;45;speed:1;1:leer|1:scratch|7:ember|9:taunt|15:fury_swipes|17:flame_wheel|23:nasty_plot|25:torment|31:facade|33:fire_spin|39:acrobatics|41:slack_off|47:flamethrower;acrobatics|aerial_ace|attract|brick_break|bulk_up|confide|cut|dig|double_team|facade|fire_blast|flame_charge|flamethrower|fling|frustration|grass_knot|hidden_power|hone_claws|incinerate|low_sweep|overheat|power_up_punch|protect|rest|return|rock_smash|round|secret_power|shadow_claw|sleep_talk|strength|substitute|sunny_day|swagger|swords_dance|taunt|torment|toxic|u_turn|will_o_wisp;covet|endeavor|fire_pledge|fire_punch|focus_punch|gunk_shot|heat_wave|helping_hand|iron_tail|low_kick|role_play|snore|stealth_rock|thunder_punch|uproar;assist|blaze_kick|counter|double_kick|encore|fake_out|fire_punch|focus_energy|focus_punch|heat_wave|helping_hand|quick_guard|submission|thunder_punch;ground|humanshape;monferno@14;;390;Chimpancé;0,5;6,2;marrón;12,5;no;El gas de su panza alimenta el fuego de su parte trasera, que ni la lluvia puede extinguir.
monferno;Monferno;fire|fighting;64;78;52;78;52;81;blaze;;iron_fist;medium_slow;142;45;sp_attack:1|speed:1;1:ember|1:leer|1:scratch|7:ember|9:taunt|14:mach_punch|16:fury_swipes|19:flame_wheel|26:feint|29:torment|36:close_combat|39:fire_spin|46:acrobatics|49:slack_off|56:flare_blitz;acrobatics|aerial_ace|attract|brick_break|bulk_up|confide|cut|dig|double_team|facade|fire_blast|flame_charge|flamethrower|fling|focus_blast|frustration|grass_knot|hidden_power|hone_claws|incinerate|low_sweep|overheat|poison_jab|power_up_punch|protect|rest|retaliate|return|rock_slide|rock_smash|rock_tomb|round|secret_power|shadow_claw|sleep_talk|strength|substitute|sunny_day|swagger|swords_dance|taunt|torment|toxic|u_turn|will_o_wisp;covet|dual_chop|endeavor|fire_pledge|fire_punch|focus_punch|gunk_shot|heat_wave|helping_hand|iron_tail|low_kick|role_play|snore|stealth_rock|thunder_punch;;ground|humanshape;infernape@36;;391;Juguetón;0,9;22;marrón;12,5;no;Controla hábilmente la intensidad del fuego de su cola para mantener al enemigo a una distancia ideal.
infernape;Infernape;fire|fighting;76;104;71;104;71;108;blaze;;iron_fist;medium_slow;240;45;attack:1|sp_attack:1|speed:1;1:ember|1:flare_blitz|1:leer|1:scratch|1:taunt|7:ember|9:taunt|14:mach_punch|16:fury_swipes|19:flame_wheel|26:feint|29:punishment|36:close_combat|42:fire_spin|52:acrobatics|58:calm_mind|68:flare_blitz;acrobatics|aerial_ace|attract|brick_break|bulk_up|bulldoze|calm_mind|confide|cut|dig|double_team|earthquake|facade|fire_blast|flame_charge|flamethrower|fling|focus_blast|frustration|giga_impact|grass_knot|hidden_power|hone_claws|hyper_beam|incinerate|low_sweep|overheat|poison_jab|power_up_punch|protect|rest|retaliate|return|roar|rock_slide|rock_smash|rock_tomb|round|secret_power|shadow_claw|sleep_talk|solar_beam|stone_edge|strength|substitute|sunny_day|swagger|swords_dance|taunt|torment|toxic|u_turn|will_o_wisp;blast_burn|covet|dual_chop|endeavor|fire_pledge|fire_punch|focus_punch|gunk_shot|heat_wave|helping_hand|iron_tail|low_kick|role_play|snore|stealth_rock|thunder_punch;;ground|humanshape;;;392;Llama;1,2;55;marrón;12,5;no;Su corona de fuego demuestra su naturaleza ígnea. Nadie le gana en velocidad.
piplup;Piplup;water;53;51;53;61;56;40;torrent;;defiant;medium_slow;63;45;sp_attack:1;1:pound|4:growl|8:bubble|11:water_sport|15:peck|18:bubble_beam|22:bide|25:fury_attack|29:brine|32:whirlpool|36:mist|39:drill_peck|43:hydro_pump;aerial_ace|attract|blizzard|brick_break|confide|cut|dig|dive|double_team|echoed_voice|facade|fling|frustration|grass_knot|hail|hidden_power|ice_beam|protect|quash|rain_dance|rest|return|rock_tomb|round|scald|secret_power|sleep_talk|substitute|surf|swagger|toxic|waterfall;covet|icy_wind|signal_beam|snore|stealth_rock|water_pledge|water_pulse;agility|aqua_ring|bide|double_hit|feather_dance|flail|hydro_pump|icy_wind|mud_slap|mud_sport|snore|supersonic|yawn;water1|ground;prinplup@16;;393;Pingüino;0,4;5,2;azul;12,5;no;No le gusta que lo cuiden. Como no aprecia el apoyo de su Entrenador, le cuesta coger confianza con él.
prinplup;Prinplup;water;64;66;68;81;76;50;torrent;;defiant;medium_slow;142;45;sp_attack:2;1:growl|1:tackle|4:growl|8:bubble|11:water_sport|15:peck|16:metal_claw|19:bubble_beam|24:bide|28:fury_attack|33:brine|37:whirlpool|42:mist|46:drill_peck|50:hydro_pump;aerial_ace|attract|blizzard|brick_break|confide|cut|dig|dive|double_team|echoed_voice|facade|fling|frustration|grass_knot|hail|hidden_power|hone_claws|ice_beam|protect|quash|rain_dance|rest|return|rock_smash|rock_tomb|round|scald|secret_power|shadow_claw|sleep_talk|strength|substitute|surf|swagger|toxic|waterfall;covet|icy_wind|signal_beam|snore|stealth_rock|water_pledge|water_pulse;;water1|ground;empoleon@36;;394;Pingüino;0,8;23;azul;12,5;no;Vive solo, alejado de los demás. Cada uno piensa que es el más importante.
empoleon;Empoleon;water|steel;84;86;88;111;101;60;torrent;;defiant;medium_slow;239;45;sp_attack:3;1:bubble|1:growl|1:tackle|4:growl|8:bubble|11:swords_dance|15:peck|16:metal_claw|19:bubble_beam|24:swagger|28:fury_attack|33:brine|36:aqua_jet|39:whirlpool|46:mist|52:drill_peck|59:hydro_pump;aerial_ace|attract|blizzard|brick_break|bulldoze|confide|cut|dig|dive|double_team|earthquake|echoed_voice|facade|flash_cannon|fling|frustration|giga_impact|grass_knot|hail|hidden_power|hone_claws|hyper_beam|ice_beam|protect|quash|rain_dance|rest|return|roar|rock_slide|rock_smash|rock_tomb|round|scald|secret_power|shadow_claw|sleep_talk|steel_wing|strength|substitute|surf|swagger|swords_dance|toxic|waterfall;covet|hydro_cannon|icy_wind|iron_defense|knock_off|signal_beam|snore|stealth_rock|water_pledge|water_pulse;;water1|ground;;;395;Emperador;1,7;84,5;azul;12,5;no;Nada tan rápido como un fueraborda. Con los afilados bordes de sus alas puede cortar el hielo.
starly;Starly;normal|flying;40;55;30;30;30;60;keen_eye;;reckless;medium_slow;49;255;speed:1;1:growl|1:tackle|5:quick_attack|9:wing_attack|13:double_team|17:endeavor|21:whirlwind|25:aerial_ace|29:take_down|33:agility|37:brave_bird|41:final_gambit;aerial_ace|attract|confide|double_team|echoed_voice|facade|fly|frustration|hidden_power|protect|rain_dance|rest|return|roost|round|secret_power|sleep_talk|steel_wing|substitute|sunny_day|swagger|thief|toxic|u_turn;endeavor|heat_wave|snore|tailwind|uproar;astonish|detect|double_edge|feather_dance|foresight|fury_attack|mirror_move|pursuit|revenge|roost|sand_attack|steel_wing|uproar;flying;staravia@14;;396;Estornino;0,3;2;marrón;50;no;Viaja en grandes bandadas. Aunque es pequeño, agita las alas con gran fuerza.
staravia;Staravia;normal|flying;55;75;50;40;40;80;intimidate;;reckless;medium_slow;119;120;speed:2;1:growl|1:quick_attack|1:tackle|5:quick_attack|9:wing_attack|13:double_team|18:endeavor|23:whirlwind|28:aerial_ace|33:take_down|38:agility|43:brave_bird|48:final_gambit;aerial_ace|attract|confide|double_team|echoed_voice|facade|fly|frustration|hidden_power|protect|rain_dance|rest|retaliate|return|roost|round|secret_power|sleep_talk|steel_wing|substitute|sunny_day|swagger|thief|toxic|u_turn;endeavor|heat_wave|snore|tailwind|uproar;;flying;staraptor@34;;397;Estornino;0,6;15,5;marrón;50;no;Vive siempre en grandes grupos y las disputas dentro de ellos son muy intensas.
staraptor;Staraptor;normal|flying;85;120;70;50;60;100;intimidate;;reckless;medium_slow;218;45;attack:3;1:growl|1:quick_attack|1:tackle|1:wing_attack|5:quick_attack|9:wing_attack|13:double_team|18:endeavor|23:whirlwind|28:aerial_ace|33:take_down|34:close_combat|41:agility|49:brave_bird|57:final_gambit;aerial_ace|attract|confide|double_team|echoed_voice|facade|fly|frustration|giga_impact|hidden_power|hyper_beam|protect|rain_dance|rest|retaliate|return|roost|round|secret_power|sleep_talk|steel_wing|substitute|sunny_day|swagger|thief|toxic|u_turn;endeavor|heat_wave|sky_attack|snore|tailwind|uproar;;flying;;;398;Depredador;1,2;24,9;marrón;50;no;Sus alas y sus patas son muy fuertes. Puede llevarse volando Pokémon pequeños.
bidoof;Bidoof;normal;59;45;40;35;40;31;simple;unaware;moody;medium_fast;50;255;hp:1;1:tackle|5:growl|9:defense_curl|13:rollout|17:headbutt|21:hyper_fang|25:yawn|29:amnesia|33:take_down|37:super_fang|41:superpower|45:curse;attract|blizzard|charge_beam|confide|cut|dig|double_team|echoed_voice|facade|frustration|grass_knot|hidden_power|ice_beam|protect|rain_dance|rest|retaliate|return|rock_smash|round|secret_power|shadow_ball|sleep_talk|substitute|sunny_day|swagger|taunt|thief|thunder|thunder_wave|thunderbolt|toxic;aqua_tail|covet|icy_wind|iron_tail|last_resort|shock_wave|snore|stealth_rock|super_fang|superpower;aqua_tail|defense_curl|double_edge|endure|fury_swipes|odor_sleuth|quick_attack|rock_climb|rollout|skull_bash|sleep_talk|water_sport;water1|ground;bibarel@15;;399;Gran Ratón;0,5;20;marrón;50;no;Tiene nervios de acero y nada puede perturbarlo. Es más ágil y activo de lo que aparenta.
bibarel;Bibarel;normal|water;79;85;60;55;60;71;simple;unaware;moody;medium_fast;144;127;attack:2;1:growl|1:rototiller|1:tackle|5:growl|9:defense_curl|13:rollout|15:water_gun|18:headbutt|23:hyper_fang|28:yawn|33:amnesia|38:take_down|43:super_fang|48:superpower|53:curse;attract|blizzard|bulldoze|charge_beam|confide|cut|dig|dive|double_team|echoed_voice|facade|fling|frustration|giga_impact|grass_knot|hidden_power|hyper_beam|ice_beam|protect|rain_dance|rest|retaliate|return|rock_smash|round|scald|secret_power|shadow_ball|sleep_talk|strength|substitute|sunny_day|surf|swagger|taunt|thief|thunder|thunder_wave|thunderbolt|toxic|waterfall;aqua_tail|covet|focus_punch|icy_wind|iron_tail|last_resort|shock_wave|snore|stealth_rock|super_fang|superpower|water_pulse;;water1|ground;;;400;Castor;1;31,5;marrón;50;no;Con sus incisivos roe ramas y raíces y las apila para construir sus madrigueras junto al río.
kricketot;Kricketot;bug;37;25;41;25;41;25;shed_skin;;run_away;medium_slow;39;255;defense:1;1:bide|1:growl|6:struggle_bug|16:bug_bite;struggle_bug;bug_bite|endeavor|snore|uproar;;bug;kricketune@10;;401;Grillo;0,3;2,2;rojo;50;no;Hablan entre sí chocando las antenas. Los sonidos producidos son muy característicos.
kricketune;Kricketune;bug;77;85;51;55;51;65;swarm;;technician;medium_slow;134;45;attack:2;1:bide|1:growl|10:fury_cutter|14:leech_life|18:sing|22:focus_energy|26:slash|30:x_scissor|34:screech|36:fell_stinger|38:taunt|42:night_slash|44:sticky_web|46:bug_buzz|50:perish_song;aerial_ace|attract|brick_break|confide|cut|double_team|echoed_voice|facade|false_swipe|flash|frustration|giga_impact|hidden_power|hone_claws|hyper_beam|infestation|power_up_punch|protect|rain_dance|rest|return|rock_smash|round|secret_power|sleep_talk|strength|struggle_bug|substitute|sunny_day|swagger|swords_dance|taunt|toxic|x_scissor;bug_bite|endeavor|heal_bell|hyper_voice|knock_off|snore|uproar;;bug;;;402;Grillo;1;25,5;rojo;50;no;Cuando llora, cruza sus brazos con forma de cuchillo. Puede improvisar melodías.
shinx;Shinx;electric;45;65;34;40;34;45;rivalry;intimidate;guts;medium_slow;53;235;attack:1;1:tackle|5:leer|9:charge|11:baby_doll_eyes|13:spark|17:bite|21:roar|25:swagger|29:thunder_fang|33:crunch|37:scary_face|41:discharge|45:wild_charge;attract|charge_beam|confide|double_team|facade|flash|frustration|hidden_power|light_screen|protect|rain_dance|rest|return|roar|round|secret_power|sleep_talk|snarl|strength|substitute|swagger|thief|thunder|thunder_wave|thunderbolt|toxic|volt_switch|wild_charge;helping_hand|iron_tail|magnet_rise|shock_wave|signal_beam|snore;double_kick|eerie_impulse|fake_tears|fire_fang|helping_hand|howl|ice_fang|night_slash|quick_attack|shock_wave|signal_beam|swift|take_down|thunder_fang;ground;luxio@15;;403;Flash;0,5;9,5;azul;50;no;La extensión y contracción de sus músculos genera electricidad. Brilla cuando está en peligro.
luxio;Luxio;electric;60;85;49;60;49;60;rivalry;intimidate;guts;medium_slow;127;120;attack:2;1:leer|1:tackle|5:leer|9:charge|13:spark|18:bite|23:roar|28:swagger|33:thunder_fang|38:crunch|43:scary_face|48:discharge|53:wild_charge;attract|charge_beam|confide|double_team|facade|flash|frustration|hidden_power|light_screen|protect|rain_dance|rest|return|roar|round|secret_power|sleep_talk|snarl|strength|substitute|swagger|thief|thunder|thunder_wave|thunderbolt|toxic|volt_switch|wild_charge;helping_hand|iron_tail|magnet_rise|shock_wave|signal_beam|snore;;ground;luxray@30;;404;Chispa;0,9;30,5;azul;50;no;Sus garras emiten electricidad que puede debilitar a sus rivales. Viven en grupos pequeños.
luxray;Luxray;electric;80;120;79;95;79;70;rivalry;intimidate;guts;medium_slow;235;45;attack:3;1:charge|1:electric_terrain|1:leer|1:tackle|5:leer|9:charge|13:spark|18:bite|23:roar|28:swagger|35:thunder_fang|42:crunch|49:scary_face|56:discharge|63:wild_charge|67:electric_terrain;attract|charge_beam|confide|double_team|facade|flash|frustration|giga_impact|hidden_power|hyper_beam|light_screen|protect|rain_dance|rest|return|roar|round|secret_power|sleep_talk|snarl|strength|substitute|swagger|thief|thunder|thunder_wave|thunderbolt|toxic|volt_switch|wild_charge;helping_hand|iron_tail|magnet_rise|shock_wave|signal_beam|snore|superpower;;ground;;;405;Chispa Ojos;1,4;42;azul;50;no;Cuando sus ojos brillan como el oro, puede ver presas escondidas, incluso detrás de un muro.
budew;Budew;grass|poison;40;30;35;50;70;55;natural_cure;poison_point;leaf_guard;medium_slow;56;255;sp_attack:1;1:absorb|4:growth|7:water_sport|10:stun_spore|13:mega_drain|16:worry_seed;attract|confide|cut|dazzling_gleam|double_team|energy_ball|facade|flash|frustration|grass_knot|hidden_power|nature_power|protect|psych_up|rain_dance|rest|return|round|secret_power|shadow_ball|sleep_talk|sludge_bomb|solar_beam|substitute|sunny_day|swagger|swords_dance|toxic|venoshock;covet|giga_drain|seed_bomb|snore|synthesis|uproar|worry_seed;cotton_spore|extrasensory|giga_drain|grass_whistle|leaf_storm|mind_reader|natural_gift|pin_missile|razor_leaf|seed_bomb|sleep_powder|spikes|synthesis;no_eggs;roselia@amistad+hora:dia;;406;Brote;0,2;1,2;verde;50;no;Vive cerca de aguas cristalinas. Su cabello se abre y esparce polen cuando le bañan los rayos del sol.
roserade;Roserade;grass|poison;60;70;65;125;105;90;natural_cure;poison_point;technician;medium_slow;232;75;sp_attack:3;1:grassy_terrain|1:magical_leaf|1:mega_drain|1:poison_sting|1:sweet_scent|1:venom_drench|1:weather_ball;attract|confide|cut|dazzling_gleam|double_team|energy_ball|facade|flash|frustration|giga_impact|grass_knot|hidden_power|hyper_beam|nature_power|poison_jab|protect|psych_up|rain_dance|rest|return|round|secret_power|shadow_ball|sleep_talk|sludge_bomb|solar_beam|substitute|sunny_day|swagger|swords_dance|toxic|venoshock;covet|giga_drain|seed_bomb|snore|synthesis|worry_seed;;fairy|plant;;;407;Ramillete;0,9;14,5;verde;50;no;Atrae a sus presas con una dulce fragancia y usa sus cepas venenosas para atenazarlas y acabar con ellas.
cranidos;Cranidos;rock;67;125;40;30;30;58;mold_breaker;;sheer_force;erratic;70;45;attack:1;1:headbutt|1:leer|6:focus_energy|10:pursuit|15:take_down|19:scary_face|24:assurance|28:chip_away|33:ancient_power|37:zen_headbutt|42:screech|46:head_smash;attract|blizzard|bulldoze|confide|dig|double_team|earthquake|facade|fire_blast|flamethrower|fling|frustration|hidden_power|ice_beam|incinerate|payback|power_up_punch|protect|rain_dance|rest|return|roar|rock_polish|rock_slide|rock_smash|rock_tomb|round|sandstorm|secret_power|sleep_talk|smack_down|stone_edge|strength|substitute|sunny_day|swagger|swords_dance|thief|thunder|thunderbolt|toxic;dragon_pulse|earth_power|endeavor|fire_punch|iron_head|iron_tail|shock_wave|snore|spite|stealth_rock|superpower|thunder_punch|uproar|zen_headbutt;crunch|curse|double_edge|hammer_arm|iron_head|iron_tail|leer|slam|stomp|thrash|whirlwind;monster;rampardos@30;;408;Cabezazo;0,9;31,5;azul;12,5;no;Fue recreado a partir de un fósil con forma esférica. Derriba a las presas a cabezazos.
rampardos;Rampardos;rock;97;165;60;65;50;58;mold_breaker;;sheer_force;erratic;173;45;attack:2;1:headbutt|1:leer|6:focus_energy|10:pursuit|15:take_down|19:scary_face|24:assurance|28:chip_away|30:endeavor|36:ancient_power|43:zen_headbutt|51:screech|58:head_smash;attract|blizzard|brick_break|bulldoze|confide|cut|dig|double_team|dragon_tail|earthquake|facade|fire_blast|flamethrower|fling|focus_blast|frustration|giga_impact|hidden_power|hyper_beam|ice_beam|incinerate|payback|power_up_punch|protect|rain_dance|rest|return|roar|rock_polish|rock_slide|rock_smash|rock_tomb|round|sandstorm|secret_power|sleep_talk|smack_down|stone_edge|strength|substitute|sunny_day|surf|swagger|swords_dance|thief|thunder|thunderbolt|toxic;dragon_pulse|earth_power|endeavor|fire_punch|focus_punch|iron_head|iron_tail|outrage|pain_split|shock_wave|snore|spite|stealth_rock|superpower|thunder_punch|uproar|zen_headbutt;;monster;;;409;Cabezazo;1,6;102,5;azul;12,5;no;Tiene sesos pequeños porque su duro cráneo, que soporta cualquier golpe, les impide desarrollarse.
shieldon;Shieldon;rock|steel;30;42;118;42;88;30;sturdy;;soundproof;erratic;70;45;defense:1;1:protect|1:tackle|6:taunt|10:metal_sound|15:take_down|19:iron_defense|24:swagger|28:ancient_power|33:endure|37:metal_burst|42:iron_head|46:heavy_slam;attract|blizzard|bulldoze|confide|dig|double_team|earthquake|facade|fire_blast|flamethrower|flash_cannon|frustration|hidden_power|ice_beam|incinerate|protect|rain_dance|rest|return|roar|rock_polish|rock_slide|rock_smash|rock_tomb|round|sandstorm|secret_power|sleep_talk|smack_down|stone_edge|strength|substitute|sunny_day|swagger|taunt|thunder|thunderbolt|torment|toxic;earth_power|iron_defense|iron_head|iron_tail|magnet_rise|shock_wave|snore|stealth_rock;body_slam|counter|curse|double_edge|fissure|focus_energy|guard_split|headbutt|rock_blast|scary_face|screech|stealth_rock|wide_guard;monster;bastiodon@30;;410;Escudo;0,5;57;gris;12,5;no;Se abrillanta la cara frotándola contra los árboles. Es vulnerable a los ataques por la espalda.
bastiodon;Bastiodon;rock|steel;60;52;168;47;138;30;sturdy;;soundproof;erratic;173;45;defense:2;1:metal_sound|1:protect|1:tackle|1:taunt|6:taunt|10:metal_sound|15:take_down|19:iron_defense|24:swagger|28:ancient_power|30:block|36:endure|43:metal_burst|51:iron_head|58:heavy_slam;attract|blizzard|bulldoze|confide|dig|double_team|earthquake|facade|fire_blast|flamethrower|flash_cannon|frustration|giga_impact|hidden_power|hyper_beam|ice_beam|incinerate|protect|rain_dance|rest|return|roar|rock_polish|rock_slide|rock_smash|rock_tomb|round|sandstorm|secret_power|sleep_talk|smack_down|stone_edge|strength|substitute|sunny_day|swagger|taunt|thunder|thunderbolt|torment|toxic;block|earth_power|iron_defense|iron_head|iron_tail|magic_coat|magnet_rise|outrage|shock_wave|snore|stealth_rock;;monster;;;411;Escudo;1,3;149,5;gris;12,5;no;Se alineaban y creaban una barrera que ningún enemigo podía cruzar. Así protegían a sus crías.
burmy;Burmy;bug;40;29;45;29;45;36;shed_skin;;overcoat;medium_fast;45;120;sp_defense:1;1:protect|10:tackle|15:bug_bite|20:hidden_power;hidden_power|protect;bug_bite|electroweb|snore;;bug;wormadam@20+genero:hembra | mothim@20+genero:macho;;412;Larva;0,2;3,4;verde;50;no;Para protegerse de los vientos fríos invernales, se cubre con un caparazón de ramas y hojas.
wormadam;Wormadam;bug|grass;60;59;85;79;105;36;anticipation;;overcoat;medium_fast;148;45;sp_defense:2;1:tackle|10:protect|15:bug_bite|20:hidden_power|23:confusion|26:razor_leaf|29:growth|32:psybeam|35:captivate|38:flail|41:attract|44:psychic|47:leaf_storm;attract|confide|double_team|dream_eater|energy_ball|facade|flash|frustration|giga_impact|grass_knot|hidden_power|hyper_beam|infestation|protect|psych_up|psychic|rain_dance|rest|return|round|safeguard|secret_power|shadow_ball|sleep_talk|solar_beam|struggle_bug|substitute|sunny_day|swagger|thief|toxic|venoshock;bug_bite|electroweb|endeavor|giga_drain|seed_bomb|signal_beam|skill_swap|snore|synthesis|uproar|worry_seed;;bug;;;413;Larva;0,5;6,5;verde;100;no;Su apariencia varía según dónde evolucione. Los materiales que haya pasan a formar parte de su cuerpo.
mothim;Mothim;bug|flying;70;94;50;94;50;66;swarm;;tinted_lens;medium_fast;148;45;attack:1|sp_attack:1;1:tackle|10:protect|15:bug_bite|20:hidden_power|23:confusion|26:gust|29:poison_powder|32:psybeam|35:camouflage|38:silver_wind|41:air_slash|44:psychic|47:bug_buzz|50:quiver_dance;acrobatics|aerial_ace|attract|confide|double_team|dream_eater|energy_ball|facade|flash|frustration|giga_impact|hidden_power|hyper_beam|infestation|protect|psych_up|psychic|rain_dance|rest|return|roost|round|safeguard|secret_power|shadow_ball|sleep_talk|solar_beam|struggle_bug|substitute|sunny_day|swagger|thief|toxic|u_turn|venoshock;bug_bite|electroweb|giga_drain|signal_beam|skill_swap|snore|tailwind;;bug;;;414;Polilla;0,9;23,3;amarillo;0;no;Le encanta la miel de las flores y roba la que recoge Combee.
combee;Combee;bug|flying;30;30;42;30;42;70;honey_gather;;hustle;medium_slow;49;120;speed:1;1:gust|1:sweet_scent|13:bug_bite|29:bug_buzz;;bug_bite|endeavor|snore|tailwind;;bug;vespiquen@21+genero:hembra;;415;Abejita;0,3;5,5;amarillo;12,5;no;El trío se forma al nacer y se pasa la vida recogiendo miel de las flores para satisfacer a Vespiquen.
vespiquen;Vespiquen;bug|flying;70;80;102;80;102;40;pressure;;unnerve;medium_slow;166;45;defense:1|sp_defense:1;1:confuse_ray|1:destiny_bond|1:fell_stinger|1:gust|1:poison_sting|1:sweet_scent|5:fury_cutter|9:pursuit|13:fury_swipes|17:defend_order|21:slash|25:power_gem|29:heal_order|33:toxic|37:air_slash|41:captivate|45:attack_order|49:swagger|53:destiny_bond|57:fell_stinger;acrobatics|aerial_ace|attract|confide|cut|double_team|facade|flash|fling|frustration|giga_impact|hidden_power|hone_claws|hyper_beam|infestation|protect|quash|rain_dance|rest|return|roost|round|secret_power|sleep_talk|sludge_bomb|struggle_bug|substitute|sunny_day|swagger|thief|toxic|u_turn|venoshock|x_scissor;bug_bite|endeavor|signal_beam|snore|tailwind;;bug;;;416;Colmena;1,2;38,5;amarillo;100;no;Cría larvas en los panales de su cuerpo. Segrega diversas feromonas de su cuerpo con las cuales controla a sus crías.
pachirisu;Pachirisu;electric;60;45;70;45;90;95;run_away;pickup;volt_absorb;medium_fast;142;200;speed:1;1:bide|1:growl|5:quick_attack|9:charm|13:spark|17:endure|19:nuzzle|21:swift|25:electro_ball|29:sweet_kiss|33:thunder_wave|37:super_fang|41:discharge|45:last_resort|49:hyper_fang;attract|charge_beam|confide|cut|dig|double_team|echoed_voice|facade|flash|fling|frustration|grass_knot|hidden_power|light_screen|protect|rain_dance|rest|return|round|secret_power|sleep_talk|substitute|swagger|thunder|thunder_wave|thunderbolt|toxic|u_turn|volt_switch;covet|electroweb|gunk_shot|helping_hand|iron_tail|last_resort|magnet_rise|seed_bomb|shock_wave|snore|super_fang|thunder_punch|uproar;bestow|bite|charge|covet|defense_curl|fake_tears|flail|flatter|follow_me|ion_deluge|iron_tail|rollout|tail_whip;ground|fairy;;;417;Ardillalec;0,4;3,9;blanco;50;no;Crea bolas de pelo que crepitan con electricidad estática. Las almacena en agujeros de árboles.
buizel;Buizel;water;55;65;35;60;30;85;swift_swim;;water_veil;medium_fast;66;190;speed:1;1:sonic_boom|4:growl|7:water_sport|11:quick_attack|15:water_gun|18:pursuit|21:swift|24:aqua_jet|27:double_hit|31:whirlpool|35:razor_wind|38:aqua_tail|41:agility|45:hydro_pump;attract|blizzard|brick_break|bulk_up|confide|dig|dive|double_team|echoed_voice|facade|frustration|hail|hidden_power|ice_beam|power_up_punch|protect|rain_dance|rest|return|rock_smash|rock_tomb|round|scald|secret_power|sleep_talk|strength|substitute|surf|swagger|toxic|waterfall;aqua_tail|focus_punch|ice_punch|icy_wind|iron_tail|snore|water_pulse;aqua_ring|aqua_tail|baton_pass|double_slap|fury_cutter|fury_swipes|headbutt|me_first|mud_slap|odor_sleuth|slash|soak|switcheroo|tail_slap;water1|ground;floatzel@26;;418;Nutria Mar.;0,7;29,5;marrón;50;no;Nada rotando sus dos colas a modo de tornillo. Cuando bucea, el flotador se pliega.
floatzel;Floatzel;water;85;105;55;85;50;115;swift_swim;;water_veil;medium_fast;173;75;speed:2;1:crunch|1:growl|1:ice_fang|1:quick_attack|1:sonic_boom|1:water_sport|4:growl|7:water_sport|11:quick_attack|15:water_gun|18:pursuit|21:swift|24:aqua_jet|29:double_hit|35:whirlpool|41:razor_wind|46:aqua_tail|51:agility|57:hydro_pump;attract|blizzard|brick_break|bulk_up|confide|dig|dive|double_team|echoed_voice|facade|focus_blast|frustration|giga_impact|hail|hidden_power|hyper_beam|ice_beam|payback|power_up_punch|protect|rain_dance|rest|return|roar|rock_smash|rock_tomb|round|scald|secret_power|sleep_talk|strength|substitute|surf|swagger|taunt|torment|toxic|waterfall;aqua_tail|focus_punch|ice_punch|icy_wind|iron_tail|low_kick|snore|water_pulse;;water1|ground;;;419;Nutria Mar.;1,1;33,5;marrón;50;no;Nada gracias a su flotador. Ayuda en los rescates de gente que se está ahogando.
cherubi;Cherubi;grass;45;35;45;62;53;35;chlorophyll;;;medium_fast;55;190;sp_attack:1;1:morning_sun|1:tackle|7:growth|10:leech_seed|13:helping_hand|19:magical_leaf|22:sunny_day|28:worry_seed|31:take_down|37:solar_beam|40:lucky_chant|47:petal_blizzard;attract|confide|dazzling_gleam|double_team|energy_ball|facade|flash|frustration|grass_knot|hidden_power|nature_power|protect|rest|return|round|safeguard|secret_power|sleep_talk|solar_beam|substitute|sunny_day|swagger|swords_dance|toxic;giga_drain|helping_hand|seed_bomb|snore|synthesis|worry_seed;aromatherapy|defense_curl|flower_shield|grass_whistle|heal_pulse|healing_wish|natural_gift|nature_power|razor_leaf|rollout|seed_bomb|sweet_scent|tickle|weather_ball;fairy|plant;cherrim@25;;420;Cereza;0,4;3,3;rosa;50;no;Bajo la luz solar es rojo. La esfera pequeña pierde sus nutrientes y se seca para anunciar la evolución.
cherrim;Cherrim;grass;70;60;70;87;78;85;flower_gift;;;medium_fast;158;75;sp_attack:2;1:growth|1:morning_sun|1:tackle|7:growth|10:leech_seed|13:helping_hand|19:magical_leaf|22:sunny_day|25:petal_dance|30:worry_seed|35:take_down|43:solar_beam|48:lucky_chant|50:petal_blizzard;attract|confide|dazzling_gleam|double_team|energy_ball|facade|flash|frustration|giga_impact|grass_knot|hidden_power|hyper_beam|nature_power|protect|rest|return|round|safeguard|secret_power|sleep_talk|solar_beam|substitute|sunny_day|swagger|swords_dance|toxic;giga_drain|helping_hand|seed_bomb|snore|synthesis|worry_seed;;fairy|plant;;;421;Floración;0,5;9,3;morado;50;no;Cuando los rayos de sol inundan su capullo, abre de par en par sus pétalos y se vuelve muy dinámico.
shellos;Shellos;water;76;48;48;57;62;34;sticky_hold;storm_drain;sand_force;medium_fast;65;190;hp:1;1:mud_slap|2:mud_sport|4:harden|7:water_pulse|11:mud_bomb|16:hidden_power|22:rain_dance|29:body_slam|37:muddy_water|46:recover;attract|blizzard|confide|dive|double_team|facade|frustration|hail|hidden_power|ice_beam|infestation|protect|rain_dance|rest|return|round|scald|secret_power|sleep_talk|substitute|surf|swagger|toxic;earth_power|icy_wind|pain_split|snore|water_pulse;acid_armor|amnesia|brine|clear_smog|counter|curse|fissure|memento|mirror_coat|mist|sludge|spit_up|stockpile|swallow|trump_card|yawn;water1|indeterminate;gastrodon@30;;422;Babosa Marina;0,3;6,3;morado;50;no;No hay que apretarle muy fuerte, ya que, si lo haces, secreta un misterioso fluido morado.
gastrodon;Gastrodon;water|ground;111;83;68;92;82;39;sticky_hold;storm_drain;sand_force;medium_fast;166;75;hp:2;1:harden|1:mud_slap|1:mud_sport|1:water_pulse|2:mud_sport|4:harden|7:water_pulse|11:mud_bomb|16:hidden_power|22:rain_dance|29:body_slam|41:muddy_water|54:recover;attract|blizzard|bulldoze|confide|dig|dive|double_team|earthquake|facade|flash|frustration|giga_impact|hail|hidden_power|hyper_beam|ice_beam|infestation|protect|rain_dance|rest|return|rock_slide|rock_smash|rock_tomb|round|sandstorm|scald|secret_power|sleep_talk|sludge_bomb|sludge_wave|stone_edge|strength|substitute|surf|swagger|toxic|waterfall;block|earth_power|icy_wind|pain_split|snore|water_pulse;;water1|indeterminate;;;423;Babosa Marina;0,9;29,9;morado;50;no;Si se ve amenazado por sus enemigos naturales, segrega un líquido morado y huye rápidamente.
ambipom;Ambipom;normal;75;100;66;60;66;115;technician;pickup;skill_link;fast;169;45;speed:2;1:astonish|1:sand_attack|1:scratch|1:tail_whip|4:sand_attack|8:astonish|11:baton_pass|15:tickle|18:fury_swipes|22:swift|25:screech|29:agility|32:double_hit|36:fling|39:nasty_plot|43:last_resort;acrobatics|aerial_ace|attract|brick_break|confide|cut|dig|double_team|dream_eater|facade|fling|frustration|giga_impact|grass_knot|hidden_power|hone_claws|hyper_beam|low_sweep|payback|power_up_punch|protect|rain_dance|rest|retaliate|return|rock_smash|round|secret_power|shadow_ball|shadow_claw|sleep_talk|solar_beam|strength|substitute|sunny_day|swagger|taunt|thief|thunder|thunder_wave|thunderbolt|toxic|u_turn;bounce|covet|fire_punch|focus_punch|foul_play|gunk_shot|ice_punch|iron_tail|knock_off|last_resort|low_kick|role_play|seed_bomb|shock_wave|snatch|snore|spite|thunder_punch|uproar|water_pulse;;ground;;;424;Cola Larga;1,2;20,3;morado;50;no;Habitan en grandes colonias y forman anillos uniendo sus colas, aparentemente en signo de amistad.
drifloon;Drifloon;ghost|flying;90;50;34;60;44;70;aftermath;unburden;flare_boost;fluctuating;70;125;hp:1;1:constrict|1:minimize|4:astonish|8:gust|13:focus_energy|16:payback|20:ominous_wind|25:stockpile|27:hex|32:spit_up|32:swallow|36:shadow_ball|40:amnesia|44:baton_pass|50:explosion;acrobatics|attract|calm_mind|charge_beam|confide|cut|double_team|dream_eater|embargo|explosion|facade|flash|frustration|gyro_ball|hidden_power|payback|protect|psych_up|psychic|rain_dance|rest|return|round|secret_power|shadow_ball|sleep_talk|substitute|sunny_day|swagger|thief|thunder|thunder_wave|thunderbolt|toxic|will_o_wisp;bind|icy_wind|knock_off|magic_coat|pain_split|recycle|shock_wave|skill_swap|snore|spite|tailwind|trick;body_slam|clear_smog|defog|destiny_bond|disable|haze|hypnosis|memento|tailwind|weather_ball;indeterminate;drifblim@28;;425;Globo;0,4;1,2;morado;50;no;Está formado por los espíritus de personas y Pokémon. Le encantan las estaciones húmedas.
drifblim;Drifblim;ghost|flying;150;80;44;90;54;80;aftermath;unburden;flare_boost;fluctuating;174;60;hp:2;1:astonish|1:constrict|1:gust|1:minimize|1:phantom_force|4:astonish|8:gust|13:focus_energy|16:payback|20:ominous_wind|25:stockpile|27:hex|34:spit_up|34:swallow|40:shadow_ball|46:amnesia|52:baton_pass|60:explosion|65:phantom_force;acrobatics|attract|calm_mind|charge_beam|confide|cut|double_team|dream_eater|embargo|explosion|facade|flash|fly|frustration|giga_impact|gyro_ball|hidden_power|hyper_beam|payback|protect|psych_up|psychic|rain_dance|rest|return|round|secret_power|shadow_ball|sleep_talk|substitute|sunny_day|swagger|thief|thunder|thunder_wave|thunderbolt|toxic|will_o_wisp;bind|icy_wind|knock_off|magic_coat|pain_split|recycle|shock_wave|skill_swap|snore|spite|tailwind|trick;;indeterminate;;;426;Dirigible;1,2;15;morado;50;no;Transporta a gente y a Pokémon volando, pero, como se deja llevar, puede acabar en cualquier sitio.
buneary;Buneary;normal;55;66;44;44;56;85;run_away;klutz;limber;medium_fast;70;190;speed:1;1:defense_curl|1:foresight|1:pound|1:splash|6:endure|10:baby_doll_eyes|13:frustration|16:quick_attack|23:jump_kick|26:baton_pass|33:agility|36:dizzy_punch|43:after_you|46:charm|50:entrainment|56:bounce|63:healing_wish;attract|charge_beam|confide|cut|dig|double_team|facade|fling|frustration|grass_knot|hidden_power|ice_beam|power_up_punch|protect|rain_dance|rest|retaliate|return|rock_smash|round|secret_power|shadow_ball|sleep_talk|solar_beam|substitute|sunny_day|swagger|thunder_wave|thunderbolt|toxic;after_you|bounce|covet|drain_punch|endeavor|fire_punch|focus_punch|heal_bell|helping_hand|hyper_voice|ice_punch|iron_tail|last_resort|low_kick|magic_coat|shock_wave|snore|thunder_punch|uproar|water_pulse;circle_throw|copycat|cosmic_power|double_hit|encore|fake_out|fake_tears|fire_punch|flail|focus_punch|ice_punch|low_kick|mud_sport|sky_uppercut|sweet_kiss|switcheroo|teeter_dance|thunder_punch;ground|humanshape;lopunny@amistad;;427;Conejo;0,4;5,5;marrón;50;no;Lleva las orejas enrolladas. Cuando las extiende, golpea con tal fuerza que incluso puede romper rocas.
lopunny;Lopunny;normal;65;76;84;54;96;105;cute_charm;klutz;limber;medium_fast;168;60;speed:2;1:bounce|1:defense_curl|1:foresight|1:healing_wish|1:magic_coat|1:mirror_coat|1:pound|1:rototiller|1:splash|6:endure|13:return|16:quick_attack|23:jump_kick|26:baton_pass|33:agility|36:dizzy_punch|43:after_you|46:charm|53:entrainment|56:bounce|63:healing_wish|66:high_jump_kick;attract|blizzard|charge_beam|confide|cut|dig|double_team|facade|fling|focus_blast|frustration|giga_impact|grass_knot|hidden_power|hyper_beam|ice_beam|low_sweep|power_up_punch|protect|rain_dance|rest|retaliate|return|rock_smash|round|secret_power|shadow_ball|sleep_talk|solar_beam|strength|substitute|sunny_day|swagger|thunder|thunder_wave|thunderbolt|toxic;after_you|bounce|covet|drain_punch|endeavor|fire_punch|focus_punch|heal_bell|helping_hand|hyper_voice|ice_punch|iron_tail|last_resort|low_kick|magic_coat|shock_wave|snore|thunder_punch|uproar|water_pulse;;ground|humanshape;;;428;Conejo;1,2;33,3;marrón;50;no;Este Pokémon resulta muy precavido. Si siente peligro, escapa corriendo a grandes saltos.
mismagius;Mismagius;ghost;60;60;60;105;105;105;levitate;;;fast;173;45;sp_attack:1|sp_defense:1;1:astonish|1:growl|1:lucky_chant|1:magical_leaf|1:mystical_fire|1:phantom_force|1:power_gem|1:psywave|1:spite;aerial_ace|attract|calm_mind|charge_beam|confide|dark_pulse|dazzling_gleam|double_team|dream_eater|echoed_voice|embargo|energy_ball|facade|flash|frustration|giga_impact|hidden_power|hyper_beam|payback|protect|psych_up|psychic|rain_dance|rest|return|round|secret_power|shadow_ball|sleep_talk|substitute|sunny_day|swagger|taunt|thief|thunder|thunder_wave|thunderbolt|torment|toxic|trick_room|will_o_wisp;foul_play|heal_bell|hyper_voice|icy_wind|magic_coat|magic_room|pain_split|shock_wave|skill_swap|snatch|snore|spite|trick|uproar|wonder_room;;indeterminate;;;429;Mágico;0,9;4,4;morado;50;no;Recita cánticos. Algunos de ellos atormentan a sus rivales, mientras que otros producen felicidad.
honchkrow;Honchkrow;dark|flying;100;125;52;105;52;71;insomnia;super_luck;moxie;medium_slow;177;30;attack:2;1:astonish|1:haze|1:night_slash|1:pursuit|1:sucker_punch|1:wing_attack|25:swagger|35:nasty_plot|45:foul_play|55:night_slash|65:quash|75:dark_pulse;aerial_ace|attract|calm_mind|confide|dark_pulse|double_team|dream_eater|embargo|facade|fly|frustration|giga_impact|hidden_power|hyper_beam|incinerate|payback|protect|psych_up|psychic|quash|rain_dance|rest|retaliate|return|roost|round|secret_power|shadow_ball|sleep_talk|snarl|steel_wing|substitute|sunny_day|swagger|taunt|thief|thunder_wave|torment|toxic;foul_play|heat_wave|icy_wind|sky_attack|snatch|snore|spite|superpower|tailwind|uproar;;flying;;;430;Gran Jefe;0,9;27,3;negro;50;no;Si uno lanza un grito profundo, los demás acuden. Por eso se le llama también Invocador de la Noche.
glameow;Glameow;normal;49;55;42;42;37;85;limber;own_tempo;keen_eye;fast;62;190;speed:1;1:fake_out|5:scratch|8:growl|13:hypnosis|17:feint_attack|20:fury_swipes|25:charm|29:assist|32:captivate|37:slash|41:sucker_punch|44:attract|48:hone_claws|50:play_rough;aerial_ace|attract|confide|cut|dig|double_team|dream_eater|echoed_voice|facade|flash|frustration|hidden_power|hone_claws|payback|protect|psych_up|rain_dance|rest|retaliate|return|round|secret_power|shadow_ball|shadow_claw|sleep_talk|substitute|sunny_day|swagger|taunt|thief|thunder|thunderbolt|torment|toxic|u_turn;covet|foul_play|hyper_voice|iron_tail|knock_off|last_resort|shock_wave|snatch|snore|super_fang|water_pulse;assurance|bite|fake_tears|flail|last_resort|quick_attack|sand_attack|snatch|tail_whip|wake_up_slap;ground;purugly@38;;431;Gastuto;0,5;3,9;gris;75;no;Araña cuando está enfadado y ronronea cuando está cariñoso. Su imprevisibilidad es famosa.
purugly;Purugly;normal;71;82;64;64;59;112;thick_fat;own_tempo;defiant;fast;158;75;speed:2;1:fake_out|1:growl|1:scratch|5:scratch|8:growl|13:hypnosis|17:feint_attack|20:fury_swipes|25:charm|29:assist|32:captivate|37:slash|38:swagger|45:body_slam|52:attract|60:hone_claws;aerial_ace|attract|bulldoze|confide|cut|dig|double_team|dream_eater|echoed_voice|facade|flash|frustration|giga_impact|hidden_power|hone_claws|hyper_beam|payback|protect|psych_up|rain_dance|rest|retaliate|return|roar|round|secret_power|shadow_ball|shadow_claw|sleep_talk|substitute|sunny_day|swagger|taunt|thief|thunder|thunderbolt|torment|toxic|u_turn;covet|foul_play|hyper_voice|iron_tail|knock_off|last_resort|shock_wave|snatch|snore|super_fang|water_pulse;;ground;;;432;Tigre Gato;1;43,8;gris;75;no;Si se siente a gusto, no tiene ningún reparo en apropiarse de las moradas de otros Pokémon.
chingling;Chingling;psychic;45;30;50;65;50;45;levitate;;;fast;57;120;sp_attack:1;1:wrap|4:growl|7:astonish|10:confusion|13:yawn|16:last_resort|19:entrainment|32:uproar;attract|calm_mind|charge_beam|confide|dazzling_gleam|double_team|dream_eater|echoed_voice|facade|flash|frustration|grass_knot|hidden_power|light_screen|protect|psych_up|psychic|psyshock|rain_dance|reflect|rest|return|round|safeguard|secret_power|shadow_ball|sleep_talk|substitute|sunny_day|swagger|taunt|thunder_wave|torment|toxic|trick_room;bind|gravity|heal_bell|helping_hand|hyper_voice|icy_wind|knock_off|last_resort|magic_coat|recycle|shock_wave|signal_beam|skill_swap|snatch|snore|trick|uproar|zen_headbutt;cosmic_power|curse|disable|future_sight|hypnosis|recover|skill_swap|stored_power|wish;no_eggs;chimecho@amistad+hora:noche;;433;Campana;0,2;0,6;amarillo;50;no;Emite un tintineo cada vez que salta. Ensordece a sus rivales con sonidos de alta frecuencia.
stunky;Stunky;poison|dark;63;63;47;41;41;74;stench;aftermath;keen_eye;medium_fast;66;225;speed:1;1:focus_energy|1:scratch|4:poison_gas|7:screech|10:fury_swipes|14:smokescreen|18:feint|22:slash|27:toxic|32:acid_spray|37:night_slash|43:memento|46:belch|49:explosion;attract|confide|cut|dark_pulse|dig|double_team|explosion|facade|fire_blast|flamethrower|frustration|hidden_power|hone_claws|incinerate|payback|protect|rain_dance|rest|return|roar|rock_smash|round|secret_power|shadow_ball|shadow_claw|sleep_talk|sludge_bomb|snarl|substitute|sunny_day|swagger|taunt|thief|torment|toxic|venoshock;foul_play|iron_tail|snatch|snore;astonish|crunch|double_edge|flame_burst|foul_play|haze|iron_tail|leer|play_rough|punishment|pursuit|scary_face|smog;ground;skuntank@34;;434;Mofeta;0,4;19,2;morado;50;no;Expulsa un fluido maloliente por sus cuartos traseros. El hedor repele Pokémon en un radio de 2 km.
skuntank;Skuntank;poison|dark;103;93;67;71;61;84;stench;aftermath;keen_eye;medium_fast;168;60;hp:2;1:focus_energy|1:poison_gas|1:scratch|4:poison_gas|7:screech|10:fury_swipes|14:smokescreen|18:feint|22:slash|27:toxic|32:acid_spray|34:flamethrower|41:night_slash|51:memento|56:belch|61:explosion;attract|confide|cut|dark_pulse|dig|double_team|explosion|facade|fire_blast|flamethrower|frustration|giga_impact|hidden_power|hone_claws|hyper_beam|incinerate|payback|poison_jab|protect|rain_dance|rest|return|roar|rock_smash|round|secret_power|shadow_ball|shadow_claw|sleep_talk|sludge_bomb|snarl|strength|substitute|sunny_day|swagger|taunt|thief|torment|toxic|venoshock;foul_play|iron_tail|snatch|snore;;ground;;;435;Mofeta;1;38;morado;50;no;Para atacar, emite un fluido maloliente por la punta de su cola que puede llegar a más de 50 m.
bronzor;Bronzor;steel|psychic;57;24;86;24;86;23;levitate;heatproof;heavy_metal;medium_fast;60;255;defense:1;1:confusion|1:tackle|5:hypnosis|9:imprison|11:confuse_ray|15:psywave|19:iron_defense|21:feint_attack|25:safeguard|29:future_sight|31:metal_sound|35:gyro_ball|39:extrasensory|41:payback|45:heal_block|49:heavy_slam;bulldoze|calm_mind|charge_beam|confide|double_team|dream_eater|earthquake|facade|flash|flash_cannon|frustration|grass_knot|gyro_ball|hidden_power|light_screen|payback|protect|psych_up|psychic|psyshock|rain_dance|reflect|rest|return|rock_polish|rock_slide|rock_tomb|round|safeguard|sandstorm|secret_power|shadow_ball|sleep_talk|solar_beam|substitute|sunny_day|swagger|toxic|trick_room;gravity|iron_defense|recycle|signal_beam|skill_swap|snore|stealth_rock|trick|wonder_room;;mineral;bronzong@33;;436;Bronce;0,5;60,5;verde;sin_genero;no;Antaño se creía que en los dibujos de su parte posterior residía una fuerza misteriosa.
bronzong;Bronzong;steel|psychic;67;89;116;79;116;33;levitate;heatproof;heavy_metal;medium_fast;175;90;defense:1|sp_defense:1;1:confusion|1:hypnosis|1:imprison|1:rain_dance|1:sunny_day|1:tackle|5:hypnosis|9:imprison|11:confuse_ray|15:psywave|19:iron_defense|21:feint_attack|25:safeguard|29:future_sight|31:metal_sound|33:block|36:gyro_ball|42:extrasensory|46:payback|52:heal_block|58:heavy_slam;bulldoze|calm_mind|charge_beam|confide|double_team|dream_eater|earthquake|explosion|facade|flash|flash_cannon|frustration|giga_impact|grass_knot|gyro_ball|hidden_power|hyper_beam|light_screen|payback|protect|psych_up|psychic|psyshock|rain_dance|reflect|rest|return|rock_polish|rock_slide|rock_smash|rock_tomb|round|safeguard|sandstorm|secret_power|shadow_ball|sleep_talk|solar_beam|strength|substitute|sunny_day|swagger|toxic|trick_room;block|gravity|iron_defense|iron_head|recycle|signal_beam|skill_swap|snore|stealth_rock|trick|wonder_room|zen_headbutt;;mineral;;;437;Campana Bronce;1,3;187;verde;sin_genero;no;Desde antaño se adora a este Pokémon para que propicie lluvias abundantes. A veces se esconde bajo tierra.
bonsly;Bonsly;rock;50;80;95;10;45;10;sturdy;rock_head;rattled;medium_fast;58;255;defense:1;1:copycat|1:fake_tears|5:flail|8:low_kick|12:rock_throw|15:mimic|19:feint_attack|22:rock_tomb|26:block|29:rock_slide|33:counter|36:sucker_punch|40:double_edge;attract|brick_break|calm_mind|confide|dig|double_team|explosion|facade|frustration|hidden_power|nature_power|protect|psych_up|rest|return|rock_polish|rock_slide|rock_tomb|round|sandstorm|secret_power|sleep_talk|smack_down|substitute|sunny_day|swagger|thief|toxic;after_you|block|covet|earth_power|foul_play|helping_hand|low_kick|role_play|snore|stealth_rock|uproar;curse|defense_curl|endure|harden|headbutt|rollout|sand_tomb|self_destruct|stealth_rock;no_eggs;sudowoodo@subir+sabe:mimic;;438;Bonsái;0,5;15;marrón;50;no;Prefiere entornos áridos. Sus ojos expulsan agua para ajustar los niveles de fluido corporal.
mime_jr;Mime Jr.;psychic|fairy;20;25;45;70;90;60;soundproof;filter;technician;medium_fast;62;145;sp_defense:1;1:barrier|1:confusion|1:tickle|4:copycat|8:meditate|11:double_slap|15:mimic|18:encore|22:light_screen|22:reflect|25:psybeam|29:substitute|32:recycle|36:trick|39:psychic|43:role_play|46:baton_pass|50:safeguard;attract|brick_break|calm_mind|charge_beam|confide|double_team|dream_eater|facade|flash|fling|frustration|grass_knot|hidden_power|infestation|light_screen|protect|psych_up|psychic|psyshock|rain_dance|reflect|rest|return|round|safeguard|secret_power|shadow_ball|sleep_talk|solar_beam|substitute|sunny_day|swagger|taunt|thief|thunder|thunder_wave|thunderbolt|torment|toxic|trick_room;covet|drain_punch|focus_punch|helping_hand|icy_wind|magic_coat|magic_room|recycle|role_play|shock_wave|signal_beam|skill_swap|snatch|snore|trick|uproar|wonder_room;charm|confuse_ray|fake_out|future_sight|healing_wish|hypnosis|icy_wind|magic_room|mimic|nasty_plot|power_split|teeter_dance|trick|wake_up_slap;no_eggs;mr_mime@subir+sabe:mimic;;439;Mimo;0,6;13;rosa;50;no;Desconcierta a sus rivales imitando sus movimientos a la perfección y aprovecha para darse a la fuga.
happiny;Happiny;normal;100;5;5;15;65;30;natural_cure;serene_grace;friend_guard;fast;110;130;hp:1;1:charm|1:pound|5:copycat|9:refresh|12:sweet_kiss;attract|confide|double_team|dream_eater|echoed_voice|facade|fire_blast|flamethrower|flash|fling|frustration|grass_knot|hail|hidden_power|incinerate|light_screen|protect|psych_up|psychic|rain_dance|rest|return|round|safeguard|secret_power|shadow_ball|sleep_talk|solar_beam|substitute|sunny_day|swagger|thunder_wave|toxic;covet|drain_punch|endeavor|gravity|heal_bell|helping_hand|hyper_voice|icy_wind|last_resort|recycle|shock_wave|snore|uproar|water_pulse|zen_headbutt;aromatherapy|counter|endure|gravity|heal_bell|helping_hand|last_resort|metronome|mud_bomb|natural_gift|present;no_eggs;chansey@subir+hora:dia+lleva:oval_stone;;440;Casita;0,6;24,4;rosa;100;no;Les da a sus amigos una roca con forma de huevo que transporta en la bolsa de su panza.
chatot;Chatot;normal|flying;76;65;45;92;42;91;keen_eye;tangled_feet;big_pecks;medium_slow;144;30;attack:1;1:chatter|1:confide|1:hyper_voice|1:peck|1:taunt|5:growl|9:mirror_move|13:sing|17:fury_attack|21:chatter|25:taunt|29:round|33:mimic|37:echoed_voice|41:roost|45:uproar|49:synchronoise|50:feather_dance|57:hyper_voice;aerial_ace|attract|confide|double_team|echoed_voice|facade|fly|frustration|hidden_power|protect|rain_dance|rest|return|roost|round|secret_power|sleep_talk|steel_wing|substitute|sunny_day|swagger|taunt|thief|torment|toxic|u_turn;heat_wave|hyper_voice|role_play|sky_attack|snore|tailwind|uproar;agility|air_cutter|boomburst|defog|encore|nasty_plot|night_shade|sleep_talk|steel_wing|supersonic;flying;;;441;Corchea;0,5;1,9;negro;50;no;Imita los sonidos de sus rivales, haciéndoles creer que son amigos e impidiendo que le ataquen.
spiritomb;Spiritomb;ghost|dark;50;92;108;92;108;35;pressure;;infiltrator;medium_fast;170;100;defense:1|sp_defense:1;1:confuse_ray|1:curse|1:pursuit|1:shadow_sneak|1:spite|7:feint_attack|13:hypnosis|19:dream_eater|25:ominous_wind|31:sucker_punch|37:nasty_plot|43:memento|49:dark_pulse;attract|calm_mind|confide|dark_pulse|double_team|dream_eater|embargo|facade|flash|frustration|giga_impact|hidden_power|hyper_beam|infestation|protect|psych_up|psychic|quash|rain_dance|rest|retaliate|return|rock_tomb|round|secret_power|shadow_ball|sleep_talk|snarl|substitute|sunny_day|swagger|taunt|thief|torment|toxic|will_o_wisp;foul_play|icy_wind|pain_split|shock_wave|snatch|snore|spite|trick|uproar|water_pulse|wonder_room;captivate|destiny_bond|foul_play|grudge|imprison|nightmare|pain_split|shadow_sneak|smokescreen;indeterminate;;;442;Prohibido;1;108;morado;50;no;Se formó a partir de 108 espíritus. Está unido a la fisura de una piedra angular mística.
gible;Gible;dragon|ground;58;70;45;40;45;42;sand_veil;;rough_skin;slow;60;45;attack:1;1:tackle|3:sand_attack|7:dragon_rage|13:sandstorm|15:take_down|19:sand_tomb|25:slash|27:dragon_claw|31:dig|37:dragon_rush;aerial_ace|attract|bulldoze|confide|cut|dig|double_team|dragon_claw|earthquake|facade|fire_blast|flamethrower|frustration|hidden_power|hone_claws|incinerate|protect|rain_dance|rest|return|roar|rock_slide|rock_smash|rock_tomb|round|sandstorm|secret_power|shadow_claw|sleep_talk|stone_edge|strength|substitute|sunny_day|swagger|toxic;draco_meteor|dragon_pulse|earth_power|iron_head|iron_tail|outrage|snore|stealth_rock;body_slam|double_edge|dragon_breath|iron_head|iron_tail|metal_claw|mud_shot|outrage|rock_climb|sand_tomb|scary_face|thrash|twister;monster|dragon;gabite@24;;443;Terrascualo;0,7;20,5;azul;50;no;Vive en agujeros en las cuevas, al amparo del calor geotérmico. Si se acerca un enemigo, le muerde.
gabite;Gabite;dragon|ground;68;90;65;50;55;82;sand_veil;;rough_skin;slow;144;45;attack:2;1:sand_attack|1:tackle|3:sand_attack|7:dragon_rage|13:sandstorm|15:take_down|19:sand_tomb|24:dual_chop|28:slash|33:dragon_claw|40:dig|49:dragon_rush;aerial_ace|attract|bulldoze|confide|cut|dig|double_team|dragon_claw|earthquake|facade|fire_blast|flamethrower|frustration|hidden_power|hone_claws|incinerate|protect|rain_dance|rest|return|roar|rock_slide|rock_smash|rock_tomb|round|sandstorm|secret_power|shadow_claw|sleep_talk|stone_edge|strength|substitute|sunny_day|swagger|toxic;draco_meteor|dragon_pulse|dual_chop|earth_power|iron_head|iron_tail|outrage|snore|stealth_rock;;monster|dragon;garchomp@48;;444;Cueva;1,4;56;azul;50;no;Le gustan las cosas brillantes. Busca tesoros en cuevas y se lleva el botín a su nido.
garchomp;Garchomp;dragon|ground;108;130;95;80;85;102;sand_veil;;rough_skin;slow;270;45;attack:3;1:dragon_rage|1:fire_fang|1:sand_attack|1:sandstorm|1:tackle|3:sand_attack|7:dragon_rage|13:sandstorm|15:take_down|19:sand_tomb|24:dual_chop|28:slash|33:dragon_claw|40:dig|48:crunch|55:dragon_rush;aerial_ace|attract|brick_break|bulldoze|confide|cut|dig|double_team|dragon_claw|dragon_tail|earthquake|facade|false_swipe|fire_blast|flamethrower|fling|frustration|giga_impact|hidden_power|hone_claws|hyper_beam|incinerate|poison_jab|protect|rain_dance|rest|return|roar|rock_slide|rock_smash|rock_tomb|round|sandstorm|secret_power|shadow_claw|sleep_talk|stone_edge|strength|substitute|sunny_day|surf|swagger|swords_dance|toxic;aqua_tail|draco_meteor|dragon_pulse|dual_chop|earth_power|iron_head|iron_tail|outrage|snore|stealth_rock;;monster|dragon;;;445;Mach;1,9;95;azul;50;no;Cuando despliega su cuerpo y sus alas, parece un avión a reacción. Vuela a velocidad sónica.
munchlax;Munchlax;normal;135;85;40;40;85;5;pickup;thick_fat;gluttony;slow;78;50;hp:1;1:last_resort|1:lick|1:metronome|1:odor_sleuth|1:recycle|1:tackle|4:defense_curl|9:amnesia|12:lick|17:chip_away|20:screech|25:body_slam|28:stockpile|33:swallow|36:rollout|41:fling|44:belly_drum|49:natural_gift|50:snatch|57:last_resort;attract|blizzard|brick_break|bulldoze|confide|double_team|earthquake|facade|fire_blast|flamethrower|fling|frustration|hidden_power|ice_beam|incinerate|power_up_punch|protect|psychic|rain_dance|rest|retaliate|return|rock_slide|rock_smash|rock_tomb|round|sandstorm|secret_power|shadow_ball|sleep_talk|solar_beam|strength|substitute|sunny_day|surf|swagger|thunder|thunderbolt|toxic;after_you|covet|fire_punch|focus_punch|gunk_shot|hyper_voice|ice_punch|icy_wind|last_resort|recycle|seed_bomb|shock_wave|snatch|snore|superpower|thunder_punch|uproar|water_pulse|zen_headbutt;after_you|belch|charm|counter|curse|double_edge|lick|natural_gift|pursuit|self_destruct|whirlwind|zen_headbutt;no_eggs;snorlax@amistad;;446;Comilón;0,6;105;negro;12,5;no;Esconde comida bajo el largo pelo de su cuerpo, pero más tarde lo olvida.
riolu;Riolu;fighting;40;70;40;35;40;60;steadfast;inner_focus;prankster;medium_slow;57;75;attack:1;1:endure|1:foresight|1:quick_attack|6:counter|11:feint|15:force_palm|19:copycat|24:screech|29:reversal|47:nasty_plot|50:final_gambit;attract|brick_break|bulk_up|bulldoze|confide|dig|double_team|earthquake|facade|fling|focus_blast|frustration|hidden_power|low_sweep|payback|poison_jab|power_up_punch|protect|rain_dance|rest|retaliate|return|roar|rock_slide|rock_smash|rock_tomb|round|secret_power|shadow_claw|sleep_talk|strength|substitute|sunny_day|swagger|swords_dance|toxic;drain_punch|dual_chop|focus_punch|helping_hand|ice_punch|iron_defense|iron_tail|low_kick|magnet_rise|role_play|snore|thunder_punch|zen_headbutt;agility|bite|blaze_kick|bullet_punch|circle_throw|cross_chop|crunch|detect|follow_me|high_jump_kick|iron_defense|low_kick|mind_reader|sky_uppercut|vacuum_wave;no_eggs;lucario@amistad+hora:dia;;447;Emanación;0,7;20,2;azul;12,5;no;Se comunica con los suyos mediante la emisión de unas ondas que cambian de forma en función de los sentimientos.
lucario;Lucario;fighting|steel;70;110;70;115;70;90;steadfast;inner_focus;justified;medium_slow;184;45;attack:1|sp_attack:1;1:aura_sphere|1:close_combat|1:detect|1:dragon_pulse|1:extreme_speed|1:foresight|1:metal_claw|1:quick_attack|6:counter|11:feint|15:power_up_punch|19:swords_dance|24:metal_sound|29:bone_rush|33:quick_guard|37:me_first|42:aura_sphere|47:calm_mind|51:heal_pulse|55:close_combat|60:dragon_pulse|65:extreme_speed;attract|brick_break|bulk_up|bulldoze|calm_mind|confide|dark_pulse|dig|double_team|earthquake|facade|flash_cannon|fling|focus_blast|frustration|giga_impact|hidden_power|hone_claws|hyper_beam|low_sweep|payback|poison_jab|power_up_punch|protect|psychic|rain_dance|rest|retaliate|return|roar|rock_slide|rock_smash|rock_tomb|round|secret_power|shadow_ball|shadow_claw|sleep_talk|stone_edge|strength|substitute|sunny_day|swagger|swords_dance|toxic;dragon_pulse|drain_punch|dual_chop|focus_punch|helping_hand|ice_punch|iron_defense|iron_tail|low_kick|magnet_rise|role_play|snore|thunder_punch|water_pulse|zen_headbutt;;ground|humanshape;;;448;Aura;1,2;54;azul;12,5;no;Puede leer los pensamientos y movimientos de su adversario a través de su aura.
hippopotas;Hippopotas;ground;68;72;78;38;42;32;sand_stream;;sand_force;slow;66;140;defense:1;1:sand_attack|1:tackle|7:bite|13:yawn|19:dig|19:take_down|25:sand_tomb|31:crunch|37:earthquake|44:double_edge|50:fissure;attract|bulldoze|confide|dig|double_team|earthquake|facade|frustration|hidden_power|protect|rest|return|roar|rock_slide|rock_smash|rock_tomb|round|sandstorm|secret_power|sleep_talk|strength|substitute|sunny_day|swagger|toxic;earth_power|iron_tail|snore|stealth_rock|superpower|water_pulse;body_slam|curse|revenge|sand_tomb|slack_off|sleep_talk|spit_up|stockpile|swallow|whirlwind;ground;hippowdon@34;;449;Hipo;0,8;49,5;marrón;50;no;Vive en zonas áridas. En lugar de sudar, su cuerpo expulsa granos de arena.
hippowdon;Hippowdon;ground;108;112;118;68;72;47;sand_stream;;sand_force;slow;184;60;defense:2;1:bite|1:fire_fang|1:ice_fang|1:sand_attack|1:tackle|1:thunder_fang|1:yawn|7:bite|13:yawn|19:dig|19:take_down|25:sand_tomb|31:crunch|40:earthquake|50:double_edge|60:fissure;attract|bulldoze|confide|dig|double_team|earthquake|facade|frustration|giga_impact|hidden_power|hyper_beam|protect|rest|return|roar|rock_slide|rock_smash|rock_tomb|round|sandstorm|secret_power|sleep_talk|stone_edge|strength|substitute|sunny_day|swagger|toxic;earth_power|iron_head|iron_tail|snore|stealth_rock|superpower|water_pulse;;ground;;;450;Peso Pesado;2;300;marrón;50;no;Hace gala de su fuerza abriendo su enorme boca. Para atacar levanta gran cantidad de arena.
skorupi;Skorupi;poison|bug;40;50;90;30;55;65;battle_armor;sniper;keen_eye;slow;66;120;defense:1;1:bite|1:leer|1:poison_sting|5:knock_off|9:pin_missile|13:acupressure|16:pursuit|20:bug_bite|23:poison_fang|27:venoshock|30:hone_claws|34:toxic_spikes|38:night_slash|41:scary_face|45:crunch|47:fell_stinger|49:cross_poison;aerial_ace|attract|brick_break|confide|cut|dark_pulse|dig|double_team|facade|false_swipe|flash|fling|frustration|hidden_power|hone_claws|infestation|payback|poison_jab|protect|rain_dance|rest|return|rock_smash|rock_tomb|round|secret_power|shadow_ball|sleep_talk|sludge_bomb|strength|struggle_bug|substitute|sunny_day|swagger|swords_dance|taunt|thief|torment|toxic|venoshock|x_scissor;aqua_tail|bug_bite|iron_tail|knock_off|snore;agility|confuse_ray|feint_attack|iron_tail|night_slash|poison_tail|pursuit|sand_attack|screech|slash|twineedle|whirlwind;bug|water3;drapion@40;;451;Escorpión;0,8;12;morado;50;no;Agarra a sus presas con las pinzas de la cola y les inyecta veneno. Espera hasta que hace efecto.
drapion;Drapion;poison|dark;70;90;110;60;75;95;battle_armor;sniper;keen_eye;slow;175;45;defense:2;1:bite|1:fire_fang|1:ice_fang|1:knock_off|1:leer|1:poison_sting|1:thunder_fang|5:knock_off|9:pin_missile|13:acupressure|16:pursuit|20:bug_bite|23:poison_fang|27:venoshock|30:hone_claws|34:toxic_spikes|38:night_slash|43:scary_face|49:crunch|53:fell_stinger|57:cross_poison;aerial_ace|attract|brick_break|bulldoze|confide|cut|dark_pulse|dig|double_team|earthquake|facade|false_swipe|flash|fling|frustration|giga_impact|hidden_power|hone_claws|hyper_beam|infestation|payback|poison_jab|protect|rain_dance|rest|retaliate|return|roar|rock_slide|rock_smash|rock_tomb|round|secret_power|shadow_ball|sleep_talk|sludge_bomb|snarl|strength|struggle_bug|substitute|sunny_day|swagger|swords_dance|taunt|thief|torment|toxic|venoshock|x_scissor;aqua_tail|bug_bite|iron_tail|knock_off|snore;;bug|water3;;;452;Escorpiogro;1,3;61,5;morado;50;no;Aunque sabe que puede aplastar al rival con su gran fuerza, le gusta dar el golpe de gracia con su virulento veneno.
croagunk;Croagunk;poison|fighting;48;61;40;61;40;50;anticipation;dry_skin;poison_touch;medium_fast;60;140;attack:1;1:astonish|3:mud_slap|8:poison_sting|10:taunt|15:pursuit|17:feint_attack|22:revenge|24:swagger|29:mud_bomb|31:sucker_punch|36:venoshock|38:nasty_plot|43:poison_jab|45:sludge_bomb|47:belch|50:flatter;attract|brick_break|bulk_up|bulldoze|confide|dark_pulse|dig|double_team|earthquake|embargo|facade|fling|focus_blast|frustration|hidden_power|low_sweep|payback|poison_jab|power_up_punch|protect|rain_dance|rest|retaliate|return|rock_slide|rock_smash|rock_tomb|round|secret_power|shadow_ball|sleep_talk|sludge_bomb|sludge_wave|strength|substitute|sunny_day|swagger|taunt|thief|torment|toxic|venoshock|x_scissor;bounce|drain_punch|dual_chop|focus_punch|foul_play|gunk_shot|helping_hand|ice_punch|icy_wind|knock_off|low_kick|role_play|snatch|snore|spite|super_fang|thunder_punch;acupressure|bullet_punch|counter|cross_chop|drain_punch|dynamic_punch|fake_out|feint|headbutt|me_first|meditate|quick_guard|smelling_salts|vacuum_wave|wake_up_slap;humanshape;toxicroak@37;;453;Boca Tóxica;0,7;23;azul;50;no;Tiene bolsas venenosas en las mejillas. Pilla desprevenidos a sus rivales para pincharles.
toxicroak;Toxicroak;poison|fighting;83;106;65;86;65;85;anticipation;dry_skin;poison_touch;medium_fast;172;75;attack:2;1:astonish|1:mud_slap|1:poison_sting|3:mud_slap|8:poison_sting|10:taunt|15:pursuit|17:feint_attack|22:revenge|24:swagger|29:mud_bomb|31:sucker_punch|36:venoshock|41:nasty_plot|49:poison_jab|54:sludge_bomb|58:belch|62:flatter;attract|brick_break|bulk_up|bulldoze|confide|cut|dark_pulse|dig|double_team|earthquake|embargo|facade|fling|focus_blast|frustration|giga_impact|hidden_power|hyper_beam|low_sweep|payback|poison_jab|power_up_punch|protect|rain_dance|rest|retaliate|return|rock_slide|rock_smash|rock_tomb|round|secret_power|shadow_ball|sleep_talk|sludge_bomb|sludge_wave|stone_edge|strength|substitute|sunny_day|swagger|swords_dance|taunt|thief|torment|toxic|venoshock|x_scissor;bounce|drain_punch|dual_chop|focus_punch|foul_play|gunk_shot|helping_hand|ice_punch|icy_wind|knock_off|low_kick|role_play|snatch|snore|spite|super_fang|thunder_punch;;humanshape;;;454;Boca Tóxica;1,3;44,4;azul;50;no;Almacena veneno en una bolsa de la garganta. Cuando croa, este se agita para lograr mayor potencia.
carnivine;Carnivine;grass;74;100;72;90;72;46;levitate;;;slow;159;200;attack:2;1:bind|1:growth|7:bite|11:vine_whip|17:sweet_scent|21:ingrain|27:feint_attack|31:leaf_tornado|37:spit_up|37:stockpile|37:swallow|41:crunch|47:wring_out|50:power_whip;attract|confide|cut|double_team|energy_ball|facade|flash|fling|frustration|giga_impact|grass_knot|hidden_power|hyper_beam|infestation|nature_power|payback|protect|rest|return|round|secret_power|sleep_talk|sludge_bomb|solar_beam|substitute|sunny_day|swagger|swords_dance|thief|toxic;bind|bug_bite|gastro_acid|giga_drain|knock_off|seed_bomb|snore|synthesis|worry_seed;giga_drain|grass_whistle|leech_seed|magical_leaf|rage_powder|razor_leaf|slam|sleep_powder|stun_spore|synthesis|worry_seed;plant;;;455;Caza Bichos;1,4;27;verde;50;no;Atrae a sus presas con saliva de olor dulce y las mastica. Tarda todo un día en comérselas.
finneon;Finneon;water;49;49;56;49;61;66;swift_swim;storm_drain;water_veil;erratic;66;190;speed:1;1:pound|6:water_gun|10:attract|13:rain_dance|17:gust|22:water_pulse|26:captivate|29:safeguard|33:aqua_ring|38:whirlpool|42:u_turn|45:bounce|49:silver_wind|54:soak;attract|blizzard|confide|dive|double_team|facade|flash|frustration|hail|hidden_power|ice_beam|nature_power|payback|protect|psych_up|rain_dance|rest|return|round|safeguard|scald|secret_power|sleep_talk|substitute|surf|swagger|toxic|u_turn|waterfall;aqua_tail|bounce|icy_wind|signal_beam|snore|tailwind|water_pulse;agility|aqua_tail|aurora_beam|brine|charm|flail|psybeam|signal_beam|splash|sweet_kiss|tickle;water2;lumineon@31;;456;Pez Ala;0,4;7;azul;50;no;La línea que le recorre el costado puede almacenar luz solar. Brilla con mucha fuerza por la noche.
lumineon;Lumineon;water;69;69;76;69;86;91;swift_swim;storm_drain;water_veil;erratic;161;75;speed:2;1:attract|1:gust|1:pound|1:soak|1:water_gun|6:water_gun|10:attract|13:rain_dance|17:gust|22:water_pulse|26:captivate|29:safeguard|35:aqua_ring|42:whirlpool|48:u_turn|53:bounce|59:silver_wind|66:soak;attract|blizzard|confide|dive|double_team|facade|flash|frustration|giga_impact|hail|hidden_power|hyper_beam|ice_beam|payback|protect|psych_up|rain_dance|rest|return|round|safeguard|scald|secret_power|sleep_talk|substitute|surf|swagger|toxic|u_turn|waterfall;aqua_tail|bounce|icy_wind|signal_beam|snore|tailwind|water_pulse;;water2;;;457;Neón;1,2;24;azul;50;no;Vive en las profundidades marinas. Atrae a sus presas con parpadeos del dibujo de sus cuatro aletas.
mantyke;Mantyke;water|flying;45;20;50;60;120;50;swift_swim;water_absorb;water_veil;slow;69;25;sp_defense:1;1:bubble|1:tackle|3:supersonic|7:bubble_beam|11:confuse_ray|14:wing_attack|16:headbutt|19:water_pulse|23:wide_guard|27:take_down|32:agility|36:air_slash|39:aqua_ring|46:bounce|49:hydro_pump;acrobatics|aerial_ace|attract|blizzard|bulldoze|confide|dive|double_team|earthquake|facade|frustration|hail|hidden_power|ice_beam|protect|rain_dance|rest|return|rock_slide|round|scald|secret_power|sleep_talk|substitute|surf|swagger|toxic|waterfall;bounce|helping_hand|icy_wind|signal_beam|snore|water_pulse;amnesia|haze|hydro_pump|mirror_coat|mud_sport|signal_beam|slam|splash|tailwind|twister|water_sport|wide_guard;no_eggs;mantine@subir+equipo_especie:remoraid;;458;Milano;1;65;azul;50;no;Los símbolos de su espalda cambian según la región. A veces se mezcla con bancos de Remoraid y nada junto a ellos.
snover;Snover;grass|ice;60;62;50;62;60;40;snow_warning;;soundproof;slow;67;120;attack:1;1:leer|1:powder_snow|5:razor_leaf|9:icy_wind|13:grass_whistle|17:swagger|21:mist|26:ice_shard|31:ingrain|36:wood_hammer|41:blizzard|46:sheer_cold;attract|blizzard|confide|double_team|energy_ball|facade|flash|frost_breath|frustration|grass_knot|hail|hidden_power|ice_beam|light_screen|protect|rain_dance|rest|return|round|safeguard|secret_power|shadow_ball|sleep_talk|solar_beam|substitute|swagger|swords_dance|toxic;giga_drain|ice_punch|icy_wind|iron_tail|role_play|seed_bomb|snore|synthesis|water_pulse|worry_seed;avalanche|bullet_seed|double_edge|growth|leech_seed|magical_leaf|mist|natural_gift|seed_bomb|skull_bash|stomp;monster|plant;abomasnow@40;;459;Árbol Nieve;1;50,5;blanco;50;no;En las estaciones frías baja al pie de la montaña, pero regresa a las cimas nevadas en primavera.
abomasnow;Abomasnow;grass|ice;90;92;75;92;85;60;snow_warning;;soundproof;slow;173;60;attack:1|sp_attack:1;1:ice_punch|1:icy_wind|1:leer|1:powder_snow|1:razor_leaf|5:razor_leaf|9:icy_wind|13:grass_whistle|17:swagger|21:mist|26:ice_shard|31:ingrain|36:wood_hammer|47:blizzard|58:sheer_cold;attract|blizzard|brick_break|bulldoze|confide|double_team|earthquake|energy_ball|facade|flash|fling|focus_blast|frost_breath|frustration|giga_impact|grass_knot|hail|hidden_power|hyper_beam|ice_beam|light_screen|protect|rain_dance|rest|return|rock_slide|rock_smash|rock_tomb|round|safeguard|secret_power|shadow_ball|sleep_talk|solar_beam|strength|substitute|swagger|swords_dance|toxic;block|focus_punch|giga_drain|ice_punch|icy_wind|iron_tail|outrage|role_play|seed_bomb|snore|synthesis|water_pulse|worry_seed;;monster|plant;;;460;Árbol Nieve;2,2;135,5;blanco;50;no;Genera ventiscas con las que cubre de nieve grandes áreas. Se le llama el Monstruo de Hielo.
weavile;Weavile;dark|ice;70;120;65;45;85;125;pressure;;pickpocket;medium_slow;179;45;attack:1|speed:1;1:assurance|1:embargo|1:leer|1:quick_attack|1:revenge|1:scratch|1:taunt|8:quick_attack|10:feint_attack|14:icy_wind|16:fury_swipes|20:nasty_plot|22:metal_claw|25:hone_claws|28:fling|32:screech|35:night_slash|40:snatch|44:punishment|47:dark_pulse;aerial_ace|attract|blizzard|brick_break|calm_mind|confide|cut|dark_pulse|dig|double_team|dream_eater|embargo|facade|false_swipe|fling|focus_blast|frustration|giga_impact|hail|hidden_power|hone_claws|hyper_beam|ice_beam|low_sweep|payback|poison_jab|power_up_punch|protect|psych_up|rain_dance|reflect|rest|retaliate|return|rock_smash|round|secret_power|shadow_ball|shadow_claw|sleep_talk|snarl|strength|substitute|sunny_day|surf|swagger|swords_dance|taunt|thief|torment|toxic|x_scissor;focus_punch|foul_play|ice_punch|icy_wind|iron_tail|knock_off|low_kick|snatch|snore|spite;;ground;;;461;Garra Filo;1,1;34;negro;50;no;Vive en zonas nevadas. Deja marcas en los árboles con sus garras para comunicarse con sus compañeros.
magnezone;Magnezone;electric|steel;70;70;115;130;90;60;magnet_pull;sturdy;analytic;medium_fast;241;30;sp_attack:3;1:barrier|1:electric_terrain|1:magnetic_flux|1:mirror_coat|1:sonic_boom|1:supersonic|1:tackle|1:thunder_shock|1:zap_cannon|5:supersonic|7:thunder_shock|11:sonic_boom|13:thunder_wave|17:magnet_bomb|19:spark|23:mirror_shot|25:metal_sound|29:electro_ball|33:flash_cannon|39:screech|43:discharge|49:lock_on|53:magnet_rise|59:gyro_ball|63:zap_cannon;charge_beam|confide|double_team|explosion|facade|flash|flash_cannon|frustration|giga_impact|gyro_ball|hidden_power|hyper_beam|light_screen|protect|psych_up|rain_dance|reflect|rest|return|round|secret_power|sleep_talk|substitute|sunny_day|swagger|thunder|thunder_wave|thunderbolt|toxic|volt_switch|wild_charge;electroweb|gravity|iron_defense|iron_head|magic_coat|magnet_rise|recycle|shock_wave|signal_beam|snore;;mineral;;;462;Magnético;1,2;180;gris;sin_genero;no;Emiten campos magnéticos tan potentes que se atraen entre sí e incluso pueden llegar a inmovilizarse.
lickilicky;Lickilicky;normal;110;85;95;80;95;50;own_tempo;oblivious;cloud_nine;medium_fast;180;30;hp:3;1:lick|1:power_whip|1:wring_out|5:supersonic|9:defense_curl|13:knock_off|17:wrap|21:stomp|25:disable|29:slam|33:rollout|37:chip_away|41:me_first|45:refresh|49:screech|53:power_whip|57:wring_out|61:gyro_ball;attract|blizzard|brick_break|bulldoze|confide|cut|dig|double_team|dragon_tail|dream_eater|earthquake|explosion|facade|fire_blast|flamethrower|fling|focus_blast|frustration|giga_impact|gyro_ball|hidden_power|hyper_beam|ice_beam|incinerate|power_up_punch|protect|psych_up|rain_dance|rest|retaliate|return|rock_slide|rock_smash|rock_tomb|round|sandstorm|secret_power|shadow_ball|sleep_talk|solar_beam|strength|substitute|sunny_day|surf|swagger|swords_dance|thief|thunder|thunderbolt|toxic;aqua_tail|bind|block|fire_punch|focus_punch|ice_punch|icy_wind|iron_tail|knock_off|shock_wave|snore|thunder_punch|water_pulse|zen_headbutt;;monster;;;463;Lametazo;1,7;140;rosa;50;no;Agarra cosas con su lengua extensible. Si te acercas mucho, te deja lleno de babas.
rhyperior;Rhyperior;ground|rock;115;140;130;55;55;40;lightning_rod;solid_rock;reckless;slow;241;30;attack:3;1:fury_attack|1:horn_attack|1:horn_drill|1:poison_jab|1:rock_wrecker|1:scary_face|1:tail_whip|5:fury_attack|9:scary_face|13:smack_down|17:stomp|21:bulldoze|25:chip_away|29:rock_blast|33:drill_run|37:take_down|41:stone_edge|42:hammer_arm|48:earthquake|55:megahorn|62:horn_drill|69:rock_wrecker;attract|blizzard|brick_break|bulldoze|confide|cut|dig|double_team|dragon_tail|earthquake|facade|fire_blast|flamethrower|flash_cannon|fling|focus_blast|frustration|giga_impact|hidden_power|hyper_beam|ice_beam|incinerate|payback|poison_jab|power_up_punch|protect|rain_dance|rest|return|roar|rock_polish|rock_slide|rock_smash|rock_tomb|round|sandstorm|secret_power|shadow_claw|sleep_talk|smack_down|stone_edge|strength|substitute|sunny_day|surf|swagger|swords_dance|thief|thunder|thunderbolt|toxic;aqua_tail|block|dragon_pulse|drill_run|earth_power|endeavor|fire_punch|focus_punch|ice_punch|icy_wind|iron_head|iron_tail|outrage|shock_wave|snore|spite|stealth_rock|superpower|thunder_punch|uproar;;monster|ground;;;464;Taladro;2,4;282,8;gris;50;no;Lanza Geodude por los agujeros de las manos. Gracias a Protector resiste erupciones volcánicas.
tangrowth;Tangrowth;grass;100;100;125;110;50;50;chlorophyll;leaf_guard;regenerator;medium_fast;187;30;defense:2;1:block|1:constrict|1:ingrain|4:sleep_powder|7:vine_whip|10:absorb|14:poison_powder|17:bind|20:growth|23:mega_drain|27:knock_off|30:stun_spore|33:natural_gift|36:giga_drain|40:ancient_power|43:slam|46:tickle|49:wring_out|50:grassy_terrain|53:power_whip|56:block;aerial_ace|attract|brick_break|bulldoze|confide|cut|double_team|earthquake|energy_ball|facade|flash|fling|focus_blast|frustration|giga_impact|grass_knot|hidden_power|hyper_beam|infestation|nature_power|payback|poison_jab|protect|psych_up|reflect|rest|return|rock_slide|rock_smash|rock_tomb|round|secret_power|sleep_talk|sludge_bomb|solar_beam|strength|substitute|sunny_day|swagger|swords_dance|thief|toxic;bind|block|endeavor|giga_drain|knock_off|pain_split|seed_bomb|shock_wave|snore|synthesis|worry_seed;;plant;;;465;Enredadera;2;128,6;azul;50;no;Atrapa a su presa desplegando las ramas de sus brazos, que no le importa perder ante depredadores.
electivire;Electivire;electric;75;123;67;95;85;95;motor_drive;;vital_spirit;medium_fast;243;30;attack:3;1:electric_terrain|1:fire_punch|1:ion_deluge|1:leer|1:low_kick|1:quick_attack|1:thunder_shock|5:thunder_shock|8:low_kick|12:swift|15:shock_wave|19:thunder_wave|22:electro_ball|26:light_screen|29:thunder_punch|36:discharge|42:screech|49:thunderbolt|55:thunder|62:giga_impact|65:electric_terrain;attract|brick_break|bulldoze|charge_beam|confide|dig|double_team|earthquake|facade|flamethrower|flash|fling|focus_blast|frustration|giga_impact|hidden_power|hyper_beam|light_screen|low_sweep|power_up_punch|protect|psychic|rain_dance|rest|return|rock_slide|rock_smash|rock_tomb|round|secret_power|sleep_talk|strength|substitute|swagger|taunt|thief|thunder|thunder_wave|thunderbolt|torment|toxic|volt_switch|wild_charge;covet|dual_chop|electroweb|fire_punch|focus_punch|helping_hand|ice_punch|iron_tail|low_kick|magnet_rise|shock_wave|signal_beam|snore|thunder_punch;;humanshape;;;466;Rayo;1,8;138,6;amarillo;25;no;Al almacenar mucha electricidad, desprende chispas de una claridad increíble entre sus dos cuernos.
magmortar;Magmortar;fire;75;95;67;125;95;83;flame_body;;vital_spirit;medium_fast;243;30;sp_attack:3;1:ember|1:leer|1:smog|1:smokescreen|1:thunder_punch|5:ember|8:smokescreen|12:feint_attack|15:fire_spin|19:clear_smog|22:flame_burst|26:confuse_ray|29:fire_punch|36:lava_plume|42:sunny_day|49:flamethrower|55:fire_blast|62:hyper_beam;attract|brick_break|bulldoze|confide|double_team|earthquake|facade|fire_blast|flame_charge|flamethrower|fling|focus_blast|frustration|giga_impact|hidden_power|hyper_beam|incinerate|low_sweep|overheat|power_up_punch|protect|psychic|rest|return|rock_slide|rock_smash|rock_tomb|round|secret_power|sleep_talk|solar_beam|strength|substitute|sunny_day|swagger|taunt|thief|thunderbolt|torment|toxic|will_o_wisp;covet|dual_chop|fire_punch|focus_punch|heat_wave|helping_hand|iron_tail|low_kick|snore|thunder_punch;;humanshape;;;467;Explosión;1,6;68;rojo;25;no;Sus brazos disparan bolas de fuego de más de 2000 °C. Vive en cráteres volcánicos.
togekiss;Togekiss;fairy|flying;85;50;95;120;115;80;hustle;serene_grace;super_luck;fast;245;30;sp_attack:2|sp_defense:1;1:after_you|1:air_slash|1:aura_sphere|1:extreme_speed|1:sky_attack;aerial_ace|attract|brick_break|confide|dazzling_gleam|double_team|dream_eater|echoed_voice|facade|fire_blast|flamethrower|flash|fling|fly|frustration|giga_impact|grass_knot|hidden_power|hyper_beam|incinerate|light_screen|protect|psych_up|psychic|psyshock|rain_dance|reflect|rest|retaliate|return|rock_smash|roost|round|safeguard|secret_power|shadow_ball|sleep_talk|solar_beam|steel_wing|substitute|sunny_day|swagger|thunder_wave|toxic;after_you|covet|drain_punch|endeavor|focus_punch|heal_bell|heat_wave|hyper_voice|last_resort|magic_coat|shock_wave|signal_beam|sky_attack|snore|tailwind|trick|water_pulse|zen_headbutt;;flying|fairy;;;468;Festejo;1,5;38;blanco;12,5;no;Se dice que aparece en zonas pacíficas y las bendice con sus dones.
yanmega;Yanmega;bug|flying;86;76;86;116;56;95;speed_boost;tinted_lens;frisk;medium_fast;180;30;attack:2;1:air_slash|1:bug_bite|1:bug_buzz|1:double_team|1:foresight|1:night_slash|1:quick_attack|1:tackle|6:quick_attack|11:double_team|14:sonic_boom|17:detect|22:supersonic|27:uproar|30:pursuit|33:ancient_power|38:feint|43:slash|46:screech|49:u_turn|54:air_slash|57:bug_buzz;aerial_ace|attract|confide|double_team|dream_eater|facade|flash|frustration|giga_impact|hidden_power|hyper_beam|protect|psych_up|psychic|rest|return|roost|round|secret_power|shadow_ball|sleep_talk|solar_beam|steel_wing|struggle_bug|substitute|sunny_day|swagger|thief|toxic|u_turn;bug_bite|giga_drain|signal_beam|snore|tailwind|uproar;;bug;;;469;Libélula;1,9;51,5;verde;50;no;Su técnica favorita consiste en volar a gran velocidad y despedazar con su mandíbula a su oponente en un instante.
leafeon;Leafeon;grass;65;110;130;60;65;95;leaf_guard;;chlorophyll;medium_fast;184;45;defense:2;1:helping_hand|1:tackle|1:tail_whip|5:sand_attack|9:razor_leaf|13:quick_attack|17:grass_whistle|20:magical_leaf|25:giga_drain|29:swords_dance|33:synthesis|37:sunny_day|41:last_resort|45:leaf_blade;aerial_ace|attract|confide|dig|double_team|echoed_voice|energy_ball|facade|flash|frustration|giga_impact|grass_knot|hidden_power|hyper_beam|nature_power|protect|rain_dance|rest|retaliate|return|roar|rock_smash|round|secret_power|shadow_ball|sleep_talk|solar_beam|strength|substitute|sunny_day|swagger|swords_dance|toxic|x_scissor;covet|giga_drain|heal_bell|helping_hand|hyper_voice|iron_tail|knock_off|last_resort|seed_bomb|snore|synthesis|worry_seed;;ground;;;470;Verdor;1;25,5;verde;12,5;no;En días soleados duerme y hace la fotosíntesis, emitiendo aire puro a su alrededor.
glaceon;Glaceon;ice;65;60;110;130;95;65;snow_cloak;;ice_body;medium_fast;184;45;sp_attack:2;1:helping_hand|1:tackle|1:tail_whip|5:sand_attack|9:icy_wind|13:quick_attack|17:bite|20:ice_fang|25:ice_shard|29:barrier|33:mirror_coat|37:hail|41:last_resort|45:blizzard;attract|blizzard|confide|dig|double_team|echoed_voice|facade|frost_breath|frustration|giga_impact|hail|hidden_power|hyper_beam|ice_beam|protect|rain_dance|rest|retaliate|return|roar|rock_smash|round|secret_power|shadow_ball|sleep_talk|strength|substitute|sunny_day|swagger|toxic;aqua_tail|covet|heal_bell|helping_hand|hyper_voice|icy_wind|iron_tail|last_resort|signal_beam|snore|water_pulse;;ground;;;471;Nieve Fresca;0,8;25,9;azul;12,5;no;Controla su temperatura corporal para congelar el ambiente y causar ráfagas de nieve en polvo.
gliscor;Gliscor;ground|flying;75;95;125;45;75;95;hyper_cutter;sand_veil;poison_heal;medium_slow;179;30;defense:2;1:fire_fang|1:guillotine|1:harden|1:ice_fang|1:knock_off|1:poison_jab|1:sand_attack|1:thunder_fang|4:sand_attack|7:harden|10:knock_off|13:quick_attack|16:fury_cutter|19:feint_attack|22:acrobatics|27:night_slash|30:u_turn|35:screech|40:x_scissor|45:sky_uppercut|50:swords_dance|55:guillotine;acrobatics|aerial_ace|attract|brick_break|bulldoze|confide|cut|dark_pulse|dig|double_team|earthquake|facade|false_swipe|fling|frustration|giga_impact|hidden_power|hone_claws|hyper_beam|payback|poison_jab|protect|rain_dance|rest|return|rock_polish|rock_slide|rock_smash|rock_tomb|roost|round|sandstorm|secret_power|sleep_talk|sludge_bomb|steel_wing|stone_edge|strength|struggle_bug|substitute|sunny_day|swagger|swords_dance|taunt|thief|torment|toxic|u_turn|venoshock|x_scissor;aqua_tail|bug_bite|earth_power|iron_tail|knock_off|sky_attack|snore|stealth_rock|tailwind;;bug;;;472;Colmicorpio;2;42,5;morado;50;no;Espera a sus presas colgado de una rama bocabajo. Cuando llega su oportunidad, se lanza en picado.
mamoswine;Mamoswine;ice|ground;110;130;80;70;60;80;oblivious;snow_cloak;thick_fat;slow;239;50;attack:3;1:ancient_power|1:mud_sport|1:odor_sleuth|1:peck|1:powder_snow|1:scary_face|5:mud_sport|8:powder_snow|11:mud_slap|14:endure|18:mud_bomb|21:hail|24:ice_fang|28:take_down|33:double_hit|37:mist|41:thrash|46:earthquake|52:blizzard|58:scary_face;attract|blizzard|bulldoze|confide|dig|double_team|earthquake|facade|frustration|giga_impact|hail|hidden_power|hyper_beam|ice_beam|light_screen|protect|rain_dance|reflect|rest|return|roar|rock_slide|rock_smash|rock_tomb|round|sandstorm|secret_power|sleep_talk|stone_edge|strength|substitute|swagger|toxic;block|earth_power|endeavor|icy_wind|iron_head|knock_off|snore|stealth_rock|superpower;;ground;;;473;Doscolmillos;2,5;291;marrón;50;no;Ya existía en la antigüedad. Se encontró uno bajo hielo de hace más de 10 000 años.
porygon_z;Porygon-Z;normal;85;80;70;135;75;90;adaptability;download;analytic;medium_fast;241;30;sp_attack:3;1:conversion|1:conversion_2|1:magic_coat|1:nasty_plot|1:tackle|1:trick_room|1:zap_cannon|7:psybeam|12:agility|18:recover|23:magnet_rise|29:signal_beam|34:embargo|40:discharge|45:lock_on|50:tri_attack|56:magic_coat|62:zap_cannon|67:hyper_beam;aerial_ace|blizzard|charge_beam|confide|dark_pulse|double_team|dream_eater|embargo|facade|flash|frustration|giga_impact|hidden_power|hyper_beam|ice_beam|protect|psych_up|psychic|psyshock|rain_dance|rest|return|round|secret_power|shadow_ball|sleep_talk|solar_beam|substitute|sunny_day|swagger|thief|thunder|thunder_wave|thunderbolt|toxic|trick_room;electroweb|foul_play|gravity|icy_wind|iron_tail|last_resort|magic_coat|magnet_rise|pain_split|recycle|shock_wave|signal_beam|snore|trick|uproar|zen_headbutt;;mineral;;;474;Virtual;0,9;34;rojo;sin_genero;no;Se le instaló un software para mejorarlo. Sin embargo, comenzó a comportarse de manera extraña.
gallade;Gallade;psychic|fighting;68;125;65;65;115;80;steadfast;;justified;slow;233;45;attack:3;1:close_combat|1:confusion|1:double_team|1:leaf_blade|1:leer|1:night_slash|1:stored_power|1:teleport|4:confusion|6:double_team|9:teleport|11:quick_guard|14:fury_cutter|17:slash|19:heal_pulse|23:wide_guard|26:swords_dance|31:psycho_cut|35:helping_hand|40:feint|44:false_swipe|49:protect|53:close_combat|58:stored_power;aerial_ace|attract|brick_break|bulk_up|bulldoze|calm_mind|charge_beam|confide|cut|dazzling_gleam|double_team|dream_eater|earthquake|echoed_voice|facade|false_swipe|flash|fling|focus_blast|frustration|giga_impact|grass_knot|hidden_power|hyper_beam|light_screen|low_sweep|poison_jab|power_up_punch|protect|psych_up|psychic|psyshock|rain_dance|reflect|rest|retaliate|return|rock_slide|rock_smash|rock_tomb|round|safeguard|secret_power|shadow_ball|sleep_talk|stone_edge|strength|substitute|sunny_day|swagger|swords_dance|taunt|thief|thunder_wave|thunderbolt|torment|toxic|trick_room|will_o_wisp|x_scissor;drain_punch|dual_chop|fire_punch|focus_punch|helping_hand|hyper_voice|ice_punch|knock_off|low_kick|magic_coat|magic_room|pain_split|recycle|shock_wave|signal_beam|skill_swap|snatch|snore|thunder_punch|trick|wonder_room|zen_headbutt;;humanshape|indeterminate;;;475;Cuchilla;1,6;52;blanco;0;no;Puede presentir los movimientos de sus rivales y por eso ataca siempre antes que ellos.
probopass;Probopass;rock|steel;60;55;145;75;150;40;sturdy;magnet_pull;sand_force;medium_fast;184;60;defense:1|sp_defense:2;1:block|1:gravity|1:iron_defense|1:magnet_bomb|1:magnet_rise|1:tackle|1:wide_guard|4:iron_defense|7:block|10:magnet_bomb|13:thunder_wave|16:rest|19:spark|22:rock_slide|25:power_gem|28:rock_blast|31:discharge|34:sandstorm|37:earth_power|40:stone_edge|43:lock_on|43:zap_cannon;attract|bulldoze|confide|dazzling_gleam|double_team|earthquake|explosion|facade|flash_cannon|frustration|giga_impact|hidden_power|hyper_beam|protect|rest|return|rock_polish|rock_slide|rock_smash|rock_tomb|round|sandstorm|secret_power|sleep_talk|smack_down|stone_edge|strength|substitute|sunny_day|swagger|taunt|thunder|thunder_wave|thunderbolt|torment|toxic|volt_switch;block|earth_power|fire_punch|gravity|ice_punch|iron_defense|iron_head|magic_coat|magnet_rise|pain_split|shock_wave|snore|stealth_rock|thunder_punch;;mineral;;;476;Brújula;1,4;340;gris;50;no;Emana un fuerte magnetismo. Controla tres pequeñas unidades llamadas mininarices.
dusknoir;Dusknoir;ghost;45;100;135;65;135;45;pressure;;frisk;fast;236;45;defense:1|sp_defense:2;1:astonish|1:bind|1:disable|1:fire_punch|1:future_sight|1:gravity|1:ice_punch|1:leer|1:night_shade|1:thunder_punch|6:disable|9:astonish|14:foresight|17:shadow_sneak|22:pursuit|25:will_o_wisp|30:confuse_ray|33:curse|37:shadow_punch|40:hex|45:shadow_ball|52:mean_look|57:payback|64:future_sight;attract|blizzard|brick_break|bulldoze|calm_mind|charge_beam|confide|dark_pulse|double_team|dream_eater|earthquake|embargo|facade|flash|fling|focus_blast|frustration|giga_impact|hidden_power|hyper_beam|ice_beam|infestation|payback|power_up_punch|protect|psych_up|psychic|rain_dance|rest|return|rock_slide|rock_smash|rock_tomb|round|secret_power|shadow_ball|sleep_talk|strength|substitute|sunny_day|swagger|taunt|thief|torment|toxic|trick_room|will_o_wisp;bind|fire_punch|focus_punch|gravity|ice_punch|icy_wind|pain_split|skill_swap|snatch|snore|spite|thunder_punch|trick|wonder_room;;indeterminate;;;477;Grilletes;2,2;106,6;negro;50;no;Se dice que recoge en su cuerpo flexible a los espíritus extraviados y los guía hasta casa.
froslass;Froslass;ice|ghost;70;80;70;80;70;110;snow_cloak;;cursed_body;medium_fast;168;75;speed:2;1:destiny_bond|1:double_team|1:ice_shard|1:leer|1:powder_snow|5:double_team|10:ice_shard|14:icy_wind|19:astonish|23:draining_kiss|28:ominous_wind|32:confuse_ray|37:wake_up_slap|41:captivate|42:shadow_ball|48:blizzard|54:hail|61:destiny_bond;attract|blizzard|confide|double_team|dream_eater|embargo|facade|flash|fling|frost_breath|frustration|giga_impact|hail|hidden_power|hyper_beam|ice_beam|light_screen|payback|protect|psych_up|psychic|rain_dance|rest|return|round|safeguard|secret_power|shadow_ball|sleep_talk|substitute|swagger|taunt|thunder|thunder_wave|thunderbolt|torment|toxic;block|ice_punch|icy_wind|pain_split|shock_wave|signal_beam|snatch|snore|spite|trick|water_pulse;;fairy|mineral;;;478;Tierra Fría;1,3;26,6;blanco;100;no;Congela a sus enemigos con un aliento gélido de -50 °C. Su cuerpo está hueco.
rotom;Rotom;electric|ghost;50;50;77;95;77;91;levitate;;;medium_fast;154;45;sp_attack:1|speed:1;1:astonish|1:charge|1:confuse_ray|1:discharge|1:thunder_shock|1:thunder_wave|1:trick|8:uproar|15:double_team|22:shock_wave|29:ominous_wind|36:substitute|43:electro_ball|50:hex|57:charge|64:discharge;charge_beam|confide|dark_pulse|double_team|dream_eater|facade|flash|frustration|hidden_power|light_screen|protect|psych_up|rain_dance|reflect|rest|return|round|secret_power|shadow_ball|sleep_talk|substitute|sunny_day|swagger|thief|thunder|thunder_wave|thunderbolt|toxic|volt_switch|will_o_wisp;electroweb|foul_play|pain_split|shock_wave|signal_beam|snatch|snore|spite|trick|uproar;;indeterminate;;;479;Plasma;0,3;0,3;rojo;sin_genero;no;Desde hace mucho tiempo se estudia su singular motor como fuente de energía motriz.
uxie;Uxie;psychic;75;75;130;75;130;95;levitate;;;slow;261;3;defense:2|sp_defense:1;1:confusion|1:flail|1:memento|1:natural_gift|1:rest|6:imprison|16:endure|21:swift|31:yawn|36:future_sight|46:amnesia|50:extrasensory|61:flail|66:natural_gift|76:memento;acrobatics|calm_mind|charge_beam|confide|dazzling_gleam|double_team|dream_eater|energy_ball|facade|flash|fling|frustration|giga_impact|grass_knot|hidden_power|hyper_beam|light_screen|power_up_punch|protect|psych_up|psychic|psyshock|rain_dance|reflect|rest|return|round|safeguard|sandstorm|secret_power|shadow_ball|sleep_talk|solar_beam|substitute|sunny_day|swagger|thunder|thunder_wave|thunderbolt|toxic|trick_room|u_turn;fire_punch|foul_play|giga_drain|heal_bell|helping_hand|ice_punch|iron_tail|knock_off|magic_coat|magic_room|recycle|role_play|shock_wave|signal_beam|skill_swap|snore|stealth_rock|thunder_punch|trick|water_pulse|wonder_room|zen_headbutt;;no_eggs;;;480;Sabiduría;0,3;0,3;amarillo;sin_genero;si;Se le conoce como el Ser de la Sabiduría. Se dice que puede borrar la memoria con una mirada.
mesprit;Mesprit;psychic;80;105;105;105;105;80;levitate;;;slow;261;3;attack:1|sp_attack:1|sp_defense:1;1:confusion|1:copycat|1:healing_wish|1:natural_gift|1:rest|6:imprison|16:protect|21:swift|31:lucky_chant|36:future_sight|46:charm|50:extrasensory|61:copycat|66:natural_gift|76:healing_wish;acrobatics|blizzard|calm_mind|charge_beam|confide|dazzling_gleam|double_team|dream_eater|energy_ball|facade|flash|fling|frustration|giga_impact|grass_knot|hidden_power|hyper_beam|ice_beam|light_screen|power_up_punch|protect|psych_up|psychic|psyshock|rain_dance|reflect|rest|return|round|safeguard|sandstorm|secret_power|shadow_ball|sleep_talk|substitute|sunny_day|swagger|thunder|thunder_wave|thunderbolt|toxic|trick_room|u_turn;fire_punch|helping_hand|ice_punch|iron_tail|knock_off|magic_coat|magic_room|recycle|role_play|shock_wave|signal_beam|skill_swap|snore|stealth_rock|thunder_punch|trick|water_pulse|wonder_room|zen_headbutt;;no_eggs;;;481;Sensorio;0,3;0,3;rosa;sin_genero;si;Se le conoce como el Ser de la Emoción. Enseñó a los humanos la nobleza del dolor y la alegría.
azelf;Azelf;psychic;75;125;70;125;70;115;levitate;;;slow;261;3;attack:2|sp_attack:1;1:confusion|1:last_resort|1:natural_gift|1:rest|6:imprison|16:detect|21:swift|31:uproar|36:future_sight|46:nasty_plot|50:extrasensory|61:last_resort|66:natural_gift|76:explosion;acrobatics|calm_mind|charge_beam|confide|dazzling_gleam|double_team|dream_eater|energy_ball|explosion|facade|fire_blast|flamethrower|flash|fling|frustration|giga_impact|grass_knot|hidden_power|hyper_beam|incinerate|light_screen|payback|power_up_punch|protect|psych_up|psychic|psyshock|rain_dance|reflect|rest|return|round|safeguard|sandstorm|secret_power|shadow_ball|sleep_talk|substitute|sunny_day|swagger|taunt|thunder|thunder_wave|thunderbolt|torment|toxic|trick_room|u_turn;fire_punch|helping_hand|ice_punch|iron_tail|knock_off|last_resort|magic_coat|magic_room|recycle|role_play|shock_wave|signal_beam|skill_swap|snore|stealth_rock|thunder_punch|trick|uproar|water_pulse|wonder_room|zen_headbutt;;no_eggs;;;482;Voluntad;0,3;0,3;azul;sin_genero;si;Se le conoce como el Ser de la Voluntad. Duerme en el fondo de un lago para equilibrar el mundo.
dialga;Dialga;steel|dragon;100;120;120;150;100;90;pressure;;telepathy;slow;306;3;sp_attack:3;1:dragon_breath|1:scary_face|6:metal_claw|10:ancient_power|15:slash|19:power_gem|24:metal_burst|28:dragon_claw|33:earth_power|37:aura_sphere|42:iron_tail|46:roar_of_time|50:flash_cannon;aerial_ace|blizzard|brick_break|bulk_up|bulldoze|confide|cut|double_team|dragon_claw|dragon_tail|earthquake|echoed_voice|facade|fire_blast|flamethrower|flash|flash_cannon|frustration|giga_impact|hidden_power|hone_claws|hyper_beam|ice_beam|incinerate|overheat|protect|psych_up|rain_dance|rest|return|roar|rock_slide|rock_smash|rock_tomb|round|safeguard|sandstorm|secret_power|shadow_claw|sleep_talk|stone_edge|strength|substitute|sunny_day|swagger|thunder|thunder_wave|thunderbolt|toxic|trick_room;draco_meteor|dragon_pulse|earth_power|gravity|hyper_voice|iron_defense|iron_head|iron_tail|magnet_rise|outrage|shock_wave|snore|stealth_rock;;no_eggs;;;483;Temporal;5,4;683;blanco;sin_genero;si;Un Pokémon de leyenda. Se dice que el tiempo comenzó a avanzar cuando Dialga nació.
palkia;Palkia;water|dragon;90;120;100;150;120;100;pressure;;telepathy;slow;306;3;sp_attack:3;1:dragon_breath|1:scary_face|6:water_pulse|10:ancient_power|15:slash|19:power_gem|24:aqua_tail|28:dragon_claw|33:earth_power|37:aura_sphere|42:aqua_tail|46:spacial_rend|50:hydro_pump;aerial_ace|blizzard|brick_break|bulk_up|bulldoze|confide|cut|dive|double_team|dragon_claw|dragon_tail|earthquake|echoed_voice|facade|fire_blast|flamethrower|fling|focus_blast|frustration|giga_impact|hail|hidden_power|hone_claws|hyper_beam|ice_beam|incinerate|protect|psych_up|rain_dance|rest|return|roar|rock_slide|rock_smash|rock_tomb|round|safeguard|sandstorm|secret_power|shadow_claw|sleep_talk|stone_edge|strength|substitute|sunny_day|surf|swagger|thunder|thunder_wave|thunderbolt|toxic|trick_room;aqua_tail|draco_meteor|dragon_pulse|earth_power|focus_punch|gravity|hyper_voice|outrage|shock_wave|snore|water_pulse;;no_eggs;;;484;Espacial;4,2;336;morado;sin_genero;si;Se dice que vive en una dimensión espacial paralela. Aparece en la mitología.
heatran;Heatran;fire|steel;91;90;106;130;106;77;flash_fire;;flame_body;slow;270;3;sp_attack:3;1:ancient_power|1:earth_power|1:fire_spin|1:heat_wave|1:iron_head|1:magma_storm|9:leer|17:fire_fang|25:metal_sound|33:crunch|41:scary_face|49:lava_plume|57:fire_spin|65:iron_head|73:earth_power|81:heat_wave|88:stone_edge|96:magma_storm;attract|bulldoze|confide|dark_pulse|dig|double_team|earthquake|explosion|facade|fire_blast|flame_charge|flamethrower|flash_cannon|frustration|giga_impact|hidden_power|hyper_beam|incinerate|nature_power|overheat|payback|protect|rest|return|roar|rock_slide|rock_smash|rock_tomb|round|secret_power|sleep_talk|solar_beam|stone_edge|strength|substitute|sunny_day|swagger|taunt|torment|toxic|will_o_wisp;bug_bite|dragon_pulse|earth_power|heat_wave|iron_defense|iron_head|snore|stealth_rock|uproar;;no_eggs;;;485;Domo Lava;1,7;430;marrón;50;si;Habita cuevas volcánicas. Cava con sus pies en forma de cruz para trepar por techos y paredes.
regigigas;Regigigas;normal;110;160;110;80;110;100;slow_start;;;slow;302;3;attack:3;1:confuse_ray|1:crush_grip|1:dizzy_punch|1:fire_punch|1:foresight|1:heavy_slam|1:ice_punch|1:knock_off|1:thunder_punch|25:revenge|40:wide_guard|50:zen_headbutt|65:payback|75:crush_grip|90:heavy_slam|100:giga_impact;aerial_ace|brick_break|bulldoze|confide|double_team|earthquake|facade|fling|focus_blast|frustration|giga_impact|hidden_power|hyper_beam|nature_power|payback|power_up_punch|psych_up|rain_dance|retaliate|return|rock_polish|rock_slide|rock_smash|rock_tomb|round|safeguard|secret_power|sleep_talk|smack_down|stone_edge|strength|substitute|sunny_day|swagger|thunder|thunder_wave|thunderbolt|toxic;block|drain_punch|earth_power|fire_punch|focus_punch|gravity|ice_punch|icy_wind|iron_head|knock_off|shock_wave|snore|superpower|thunder_punch|zen_headbutt;;no_eggs;;;486;Colosal;3,7;420;blanco;sin_genero;si;Se dice que usó rocas, magma y un hielo especial de montaña para crear Pokémon con su aspecto.
giratina;Giratina;ghost|dragon;150;100;120;100;120;90;pressure;;telepathy;slow;306;3;hp:3;1:dragon_breath|1:scary_face|6:ominous_wind|10:ancient_power|15:slash|19:shadow_sneak|24:destiny_bond|28:dragon_claw|33:earth_power|37:aura_sphere|42:shadow_claw|46:shadow_force|50:hex;aerial_ace|bulldoze|calm_mind|charge_beam|confide|cut|dark_pulse|double_team|dragon_claw|dragon_tail|dream_eater|earthquake|echoed_voice|energy_ball|facade|fly|frustration|giga_impact|hidden_power|hone_claws|hyper_beam|payback|protect|psych_up|psychic|rain_dance|rest|return|roar|rock_smash|round|safeguard|secret_power|shadow_ball|shadow_claw|sleep_talk|steel_wing|stone_edge|strength|substitute|sunny_day|swagger|thunder|thunder_wave|thunderbolt|toxic|will_o_wisp;aqua_tail|draco_meteor|dragon_pulse|earth_power|gravity|hyper_voice|icy_wind|iron_head|iron_tail|outrage|pain_split|shock_wave|snore|spite;;no_eggs;;;487;Renegado;4,5;750;negro;sin_genero;si;Vive en el Mundo Distorsión, un mundo opuesto al nuestro y cuyas leyes desafían el sentido común.
cresselia;Cresselia;psychic;120;70;120;75;130;85;levitate;;;slow;270;3;sp_defense:3;1:confusion|1:double_team|1:lunar_dance|1:moonlight|1:psycho_cut|1:psycho_shift|11:safeguard|20:mist|29:aurora_beam|38:future_sight|47:slash|57:moonlight|66:psycho_cut|75:psycho_shift|84:lunar_dance|93:psychic|99:moonblast;attract|calm_mind|charge_beam|confide|double_team|dream_eater|energy_ball|facade|flash|frustration|giga_impact|grass_knot|hidden_power|hyper_beam|ice_beam|light_screen|protect|psych_up|psychic|psyshock|rain_dance|reflect|rest|return|round|safeguard|secret_power|shadow_ball|sleep_talk|solar_beam|substitute|sunny_day|swagger|thunder_wave|toxic|trick_room;gravity|helping_hand|icy_wind|magic_coat|magic_room|recycle|signal_beam|skill_swap|snore|trick|zen_headbutt;;no_eggs;;;488;Lunar;1,5;85,6;amarillo;100;si;Sus alas emiten un velo de partículas brillantes. Se dice que representa un cuarto lunar.
phione;Phione;water;80;80;80;80;80;80;hydration;;;slow;216;30;hp:1;1:bubble|1:water_sport|9:charm|16:supersonic|24:bubble_beam|31:acid_armor|39:whirlpool|46:water_pulse|54:aqua_ring|61:dive|69:rain_dance;blizzard|confide|dazzling_gleam|dive|double_team|facade|fling|frustration|grass_knot|hail|hidden_power|ice_beam|protect|psych_up|rain_dance|rest|return|round|safeguard|scald|secret_power|sleep_talk|substitute|surf|swagger|toxic|u_turn|waterfall;bounce|covet|heal_bell|helping_hand|icy_wind|knock_off|last_resort|signal_beam|snore|uproar|water_pulse;;water1|fairy;;;489;Marino;0,4;3,1;azul;sin_genero;si;Si sube la temperatura del mar, infla el flotador de su cabeza y flota en grupo en la superficie.
manaphy;Manaphy;water;100;100;100;100;100;100;hydration;;;slow;270;3;hp:3;1:bubble|1:tail_glow|1:water_sport|9:charm|16:supersonic|24:bubble_beam|31:acid_armor|39:whirlpool|46:water_pulse|54:aqua_ring|61:dive|69:rain_dance|76:heart_swap;blizzard|calm_mind|confide|dazzling_gleam|dive|double_team|energy_ball|facade|flash|fling|frustration|giga_impact|grass_knot|hail|hidden_power|hyper_beam|ice_beam|light_screen|protect|psych_up|psychic|rain_dance|reflect|rest|return|round|safeguard|scald|secret_power|shadow_ball|sleep_talk|substitute|surf|swagger|toxic|u_turn|waterfall;bounce|covet|heal_bell|helping_hand|icy_wind|knock_off|last_resort|signal_beam|skill_swap|snore|uproar|water_pulse;;water1|fairy;;;490;Náutico;0,3;1,4;azul;sin_genero;si;Nace con un maravilloso poder que le permite establecer vínculos con cualquier tipo de Pokémon.
darkrai;Darkrai;dark;70;90;90;135;90;125;bad_dreams;;;slow;270;3;sp_attack:2|speed:1;1:disable|1:ominous_wind|11:quick_attack|20:hypnosis|29:feint_attack|38:nightmare|47:double_team|57:haze|66:dark_void|75:nasty_plot|84:dream_eater|93:dark_pulse;aerial_ace|blizzard|brick_break|calm_mind|charge_beam|confide|cut|dark_pulse|double_team|dream_eater|embargo|facade|flash|fling|focus_blast|frustration|giga_impact|hidden_power|hyper_beam|ice_beam|incinerate|payback|poison_jab|power_up_punch|protect|psych_up|psychic|rain_dance|rest|retaliate|return|rock_slide|rock_smash|rock_tomb|round|secret_power|shadow_ball|shadow_claw|sleep_talk|sludge_bomb|snarl|strength|substitute|sunny_day|swagger|swords_dance|taunt|thief|thunder|thunder_wave|thunderbolt|torment|toxic|will_o_wisp|x_scissor;drain_punch|focus_punch|foul_play|icy_wind|knock_off|last_resort|shock_wave|snatch|snore|spite|trick|wonder_room;;no_eggs;;;491;Oscuridad;1,5;50,5;negro;sin_genero;si;Defiende su territorio de personas y Pokémon haciéndoles dormir y provocándoles pesadillas.
shaymin;Shaymin;grass;100;100;100;100;100;100;natural_cure;;;medium_slow;270;45;hp:3;1:growth|10:magical_leaf|19:leech_seed|28:synthesis|37:sweet_scent|46:natural_gift|55:worry_seed|64:aromatherapy|73:energy_ball|82:sweet_kiss|91:healing_wish|100:seed_flare;confide|dazzling_gleam|double_team|energy_ball|facade|flash|frustration|giga_impact|grass_knot|hidden_power|hyper_beam|nature_power|protect|psych_up|psychic|rest|return|round|safeguard|secret_power|sleep_talk|solar_beam|substitute|sunny_day|swagger|swords_dance|toxic;covet|earth_power|endeavor|giga_drain|last_resort|seed_bomb|snore|synthesis|worry_seed|zen_headbutt;;no_eggs;;;492;Gratitud;0,2;2,1;verde;sin_genero;si;Puede disolver las toxinas del aire para transformar tierra yerma en campos de flores.
arceus;Arceus;normal;120;120;120;120;120;120;multitype;;;slow;324;3;hp:3;1:cosmic_power|1:natural_gift|1:punishment|1:seismic_toss|10:gravity|20:earth_power|30:hyper_voice|40:extreme_speed|50:refresh|60:future_sight|70:recover|80:hyper_beam|90:perish_song|100:judgment;aerial_ace|blizzard|brick_break|bulldoze|calm_mind|charge_beam|confide|cut|dark_pulse|dive|double_team|dragon_claw|dream_eater|earthquake|echoed_voice|energy_ball|facade|fire_blast|flamethrower|flash|flash_cannon|fly|focus_blast|frustration|giga_impact|grass_knot|hail|hidden_power|hone_claws|hyper_beam|ice_beam|incinerate|light_screen|overheat|payback|poison_jab|protect|psych_up|psychic|psyshock|quash|rain_dance|reflect|rest|retaliate|return|roar|rock_slide|rock_smash|rock_tomb|round|safeguard|sandstorm|secret_power|shadow_ball|shadow_claw|sleep_talk|sludge_bomb|snarl|solar_beam|stone_edge|strength|substitute|sunny_day|surf|swagger|swords_dance|thunder|thunder_wave|thunderbolt|toxic|trick_room|waterfall|will_o_wisp|x_scissor;aqua_tail|draco_meteor|dragon_pulse|earth_power|giga_drain|gravity|heat_wave|hyper_voice|icy_wind|iron_defense|iron_head|iron_tail|last_resort|magic_coat|outrage|recycle|shock_wave|signal_beam|snore|stealth_rock|tailwind|trick|water_pulse|zen_headbutt;;no_eggs;;;493;Alfa;3,2;320;blanco;sin_genero;si;Según la mitología de Sinnoh, Arceus surgió de un huevo y después creó todo el mundo.
victini;Victini;psychic|fire;100;100;100;100;100;100;victory_star;;;slow;270;3;hp:3;1:confusion|1:focus_energy|1:incinerate|1:quick_attack|1:searing_shot|9:endure|17:headbutt|25:flame_charge|33:reversal|41:flame_burst|49:zen_headbutt|57:inferno|65:double_edge|73:flare_blitz|81:final_gambit|89:stored_power|97:overheat;brick_break|charge_beam|confide|dazzling_gleam|double_team|embargo|energy_ball|facade|fire_blast|flame_charge|flamethrower|flash|fling|focus_blast|frustration|giga_impact|grass_knot|hidden_power|hyper_beam|incinerate|light_screen|overheat|power_up_punch|protect|psych_up|psychic|psyshock|rest|return|rock_smash|round|safeguard|secret_power|shadow_ball|sleep_talk|solar_beam|substitute|sunny_day|swagger|taunt|thunder|thunder_wave|thunderbolt|toxic|trick_room|u_turn|wild_charge|will_o_wisp;bounce|fire_punch|heat_wave|helping_hand|last_resort|magic_coat|role_play|shock_wave|signal_beam|skill_swap|snore|thunder_punch|trick|uproar|zen_headbutt;;no_eggs;;;494;Victoria;0,4;4;amarillo;sin_genero;si;Pokémon que atrae la victoria. Dicen que el Entrenador que lo lleve saldrá vencedor de cualquier batalla.
snivy;Snivy;grass;45;45;55;45;55;63;overgrow;;contrary;medium_slow;62;45;speed:1;1:tackle|4:leer|7:vine_whip|10:wrap|13:growth|16:leaf_tornado|19:leech_seed|22:mega_drain|25:slam|28:leaf_blade|31:coil|34:giga_drain|37:wring_out|40:gastro_acid|43:leaf_storm;aerial_ace|attract|calm_mind|confide|cut|double_team|energy_ball|facade|flash|frustration|grass_knot|hidden_power|light_screen|nature_power|protect|reflect|rest|return|round|safeguard|secret_power|sleep_talk|solar_beam|substitute|sunny_day|swagger|swords_dance|taunt|torment|toxic;aqua_tail|bind|gastro_acid|giga_drain|grass_pledge|iron_tail|knock_off|seed_bomb|snatch|snore|synthesis|worry_seed;captivate|glare|grassy_terrain|iron_tail|magical_leaf|mean_look|mirror_coat|natural_gift|pursuit|sweet_scent|twister;ground|plant;servine@17;;495;Serp. Hierba;0,6;8,1;verde;12,5;no;Cuando recibe los rayos de sol, se mueve mucho más rápido que de costumbre. Usa mejor sus lianas que sus manos.
servine;Servine;grass;60;60;75;60;75;83;overgrow;;contrary;medium_slow;145;45;speed:2;1:leer|1:tackle|1:vine_whip|1:wrap|4:leer|7:vine_whip|10:wrap|13:growth|16:leaf_tornado|20:leech_seed|24:mega_drain|28:slam|32:leaf_blade|36:coil|40:giga_drain|44:wring_out|48:gastro_acid|52:leaf_storm;aerial_ace|attract|calm_mind|confide|cut|double_team|energy_ball|facade|flash|frustration|grass_knot|hidden_power|light_screen|nature_power|protect|reflect|rest|return|round|safeguard|secret_power|sleep_talk|solar_beam|substitute|sunny_day|swagger|swords_dance|taunt|torment|toxic;aqua_tail|bind|gastro_acid|giga_drain|grass_pledge|iron_tail|knock_off|seed_bomb|snatch|snore|synthesis|worry_seed;;ground|plant;serperior@36;;496;Serp. Hierba;0,8;16;verde;12,5;no;Parece que se desliza al correr. Engaña a sus rivales con su velocidad y los fustiga con su látigo.
serperior;Serperior;grass;75;75;95;75;95;113;overgrow;;contrary;medium_slow;238;45;speed:3;1:leer|1:tackle|1:vine_whip|1:wrap|4:leer|7:vine_whip|10:wrap|13:growth|16:leaf_tornado|20:leech_seed|24:mega_drain|28:slam|32:leaf_blade|38:coil|44:giga_drain|50:wring_out|56:gastro_acid|62:leaf_storm;aerial_ace|attract|calm_mind|confide|cut|double_team|dragon_tail|energy_ball|facade|flash|frustration|giga_impact|grass_knot|hidden_power|hyper_beam|light_screen|nature_power|protect|reflect|rest|return|rock_smash|round|safeguard|secret_power|sleep_talk|solar_beam|strength|substitute|sunny_day|swagger|swords_dance|taunt|torment|toxic;aqua_tail|bind|dragon_pulse|frenzy_plant|gastro_acid|giga_drain|grass_pledge|iron_tail|knock_off|outrage|seed_bomb|snatch|snore|synthesis|worry_seed;;ground|plant;;;497;Realeza;3,3;63;verde;12,5;no;Tan solo muestra su verdadero poder a quienes no se amedrentan ante su noble pero inquisitoria mirada.
tepig;Tepig;fire;65;63;45;45;45;45;blaze;;thick_fat;medium_slow;62;45;hp:1;1:tackle|3:tail_whip|7:ember|9:odor_sleuth|13:defense_curl|15:flame_charge|19:smog|21:rollout|25:take_down|27:heat_crash|31:assurance|33:flamethrower|37:head_smash|39:roar|43:flare_blitz;attract|confide|double_team|echoed_voice|facade|fire_blast|flame_charge|flamethrower|frustration|grass_knot|gyro_ball|hidden_power|incinerate|overheat|protect|rest|return|roar|rock_smash|rock_tomb|round|secret_power|sleep_talk|solar_beam|strength|substitute|sunny_day|swagger|taunt|toxic|wild_charge|will_o_wisp;covet|endeavor|fire_pledge|heat_wave|helping_hand|iron_tail|snore|superpower|zen_headbutt;body_slam|covet|curse|endeavor|heavy_slam|magnitude|sleep_talk|sucker_punch|superpower|thrash|yawn;ground;pignite@17;;498;Cerdo Fuego;0,5;9,9;rojo;12,5;no;Evita con agilidad los ataques enemigos. Lanza bolas de fuego por su hocico y tuesta bayas del bosque para comer.
pignite;Pignite;fire|fighting;90;93;55;70;55;55;blaze;;thick_fat;medium_slow;146;45;attack:2;1:ember|1:odor_sleuth|1:tackle|1:tail_whip|3:tail_whip|7:ember|9:odor_sleuth|13:defense_curl|15:flame_charge|17:arm_thrust|20:smog|23:rollout|28:take_down|31:heat_crash|36:assurance|39:flamethrower|44:head_smash|47:roar|52:flare_blitz;attract|brick_break|bulldoze|confide|double_team|echoed_voice|facade|fire_blast|flame_charge|flamethrower|fling|focus_blast|frustration|grass_knot|gyro_ball|hidden_power|incinerate|low_sweep|overheat|poison_jab|power_up_punch|protect|rest|return|roar|rock_slide|rock_smash|rock_tomb|round|secret_power|sleep_talk|solar_beam|stone_edge|strength|substitute|sunny_day|swagger|taunt|toxic|wild_charge|will_o_wisp;covet|endeavor|fire_pledge|fire_punch|focus_punch|heat_wave|helping_hand|iron_tail|low_kick|snore|superpower|thunder_punch|zen_headbutt;;ground;emboar@36;;499;Cerdo Fuego;1;55,5;rojo;12,5;no;Cuanto más come, más combustible tiene en su interior para avivar sus llamas, con lo que también aumenta su poder.
emboar;Emboar;fire|fighting;110;123;65;100;65;65;blaze;;reckless;medium_slow;238;45;attack:3;1:ember|1:hammer_arm|1:odor_sleuth|1:tackle|1:tail_whip|3:tail_whip|7:ember|9:odor_sleuth|13:defense_curl|15:flame_charge|17:arm_thrust|20:smog|23:rollout|28:take_down|31:heat_crash|38:assurance|43:flamethrower|50:head_smash|55:roar|62:flare_blitz;attract|brick_break|bulk_up|bulldoze|confide|double_team|earthquake|echoed_voice|facade|fire_blast|flame_charge|flamethrower|fling|focus_blast|frustration|giga_impact|grass_knot|gyro_ball|hidden_power|hyper_beam|incinerate|low_sweep|overheat|poison_jab|power_up_punch|protect|rest|return|roar|rock_slide|rock_smash|rock_tomb|round|scald|secret_power|sleep_talk|smack_down|solar_beam|stone_edge|strength|substitute|sunny_day|swagger|taunt|toxic|wild_charge|will_o_wisp;blast_burn|block|covet|endeavor|fire_pledge|fire_punch|focus_punch|heat_wave|helping_hand|iron_head|iron_tail|low_kick|snore|superpower|thunder_punch|zen_headbutt;;ground;;;500;Cerdo Ígneo;1,6;150;rojo;12,5;no;Calienta sus puños con las llamas de su barbilla para propinar puñetazos ardientes. Es muy fiel a sus compañeros.
oshawott;Oshawott;water;55;55;45;63;45;45;torrent;;shell_armor;medium_slow;62;45;sp_attack:1;1:tackle|5:tail_whip|7:water_gun|11:water_sport|13:focus_energy|17:razor_shell|19:fury_cutter|23:water_pulse|25:revenge|29:aqua_jet|31:encore|35:aqua_tail|37:retaliate|41:swords_dance|43:hydro_pump;aerial_ace|attract|blizzard|confide|cut|dig|dive|double_team|facade|false_swipe|fling|frustration|grass_knot|hail|hidden_power|ice_beam|protect|rain_dance|rest|retaliate|return|rock_smash|round|scald|secret_power|sleep_talk|substitute|surf|swagger|swords_dance|taunt|toxic|waterfall|x_scissor;aqua_tail|covet|helping_hand|icy_wind|iron_tail|snore|water_pledge|water_pulse;air_slash|assurance|brine|copycat|detect|night_slash|screech|trump_card;ground;dewott@17;;501;Nutria;0,5;5,9;azul;12,5;no;La vieira de su ombligo no solo sirve como arma, sino también como instrumento para cortar las bayas que estén duras.
dewott;Dewott;water;75;75;60;83;60;60;torrent;;shell_armor;medium_slow;145;45;sp_attack:2;1:tackle|1:tail_whip|1:water_gun|1:water_sport|5:tail_whip|7:water_gun|11:water_sport|13:focus_energy|17:razor_shell|20:fury_cutter|25:water_pulse|28:revenge|33:aqua_jet|36:encore|41:aqua_tail|44:retaliate|49:swords_dance|52:hydro_pump;aerial_ace|attract|blizzard|confide|cut|dig|dive|double_team|facade|false_swipe|fling|frustration|grass_knot|hail|hidden_power|ice_beam|protect|rain_dance|rest|retaliate|return|rock_smash|round|scald|secret_power|sleep_talk|substitute|surf|swagger|swords_dance|taunt|toxic|waterfall|x_scissor;aqua_tail|covet|helping_hand|icy_wind|iron_tail|snore|water_pledge|water_pulse;;ground;samurott@36;;502;Superación;0,8;24,5;azul;12,5;no;Gran espadachín. Utiliza sus dos vieiras con soltura al ejecutar las técnicas que aprende con una disciplina espartana.
samurott;Samurott;water;95;100;85;108;70;70;torrent;;shell_armor;medium_slow;238;45;sp_attack:3;1:megahorn|1:tackle|1:tail_whip|1:water_gun|1:water_sport|5:tail_whip|7:water_gun|11:water_sport|13:focus_energy|17:razor_shell|20:fury_cutter|25:water_pulse|28:revenge|33:aqua_jet|36:slash|38:encore|45:aqua_tail|50:retaliate|57:swords_dance|62:hydro_pump;aerial_ace|attract|blizzard|confide|cut|dig|dive|double_team|dragon_tail|facade|false_swipe|fling|frustration|giga_impact|grass_knot|hail|hidden_power|hyper_beam|ice_beam|protect|rain_dance|rest|retaliate|return|rock_smash|round|scald|secret_power|sleep_talk|strength|substitute|surf|swagger|swords_dance|taunt|toxic|waterfall|x_scissor;aqua_tail|block|covet|helping_hand|hydro_cannon|icy_wind|iron_tail|knock_off|snore|superpower|water_pledge|water_pulse;;ground;;;503;Majestuoso;1,5;94,6;azul;12,5;no;En un abrir y cerrar de ojos, puede desenvainar y envainar los sables que hay en sus patas delanteras.
patrat;Patrat;normal;45;55;39;35;39;42;run_away;keen_eye;analytic;medium_fast;51;255;attack:1;1:tackle|3:leer|6:bite|8:bide|11:detect|13:sand_attack|16:crunch|18:hypnosis|21:super_fang|23:after_you|26:work_up|28:hyper_fang|31:mean_look|33:baton_pass|36:slam;attract|confide|cut|dig|double_team|facade|fling|frustration|grass_knot|hidden_power|protect|rain_dance|rest|retaliate|return|round|secret_power|shadow_ball|sleep_talk|substitute|sunny_day|swagger|swords_dance|thunderbolt|toxic;after_you|aqua_tail|covet|endeavor|gunk_shot|helping_hand|iron_tail|last_resort|low_kick|seed_bomb|shock_wave|snore|super_fang|zen_headbutt;assurance|flail|foresight|iron_tail|pursuit|revenge|screech;ground;watchog@20;;504;Explorador;0,5;11,6;marrón;50;no;Almacena víveres en unas bolsas en sus mofletes y vigila durante días. Hace señales con la cola a sus compañeros.
watchog;Watchog;normal;60;85;69;60;69;77;illuminate;keen_eye;analytic;medium_fast;147;255;attack:2;1:bite|1:leer|1:low_kick|1:rototiller|1:tackle|3:leer|6:bite|8:bide|11:detect|13:sand_attack|16:crunch|18:hypnosis|20:confuse_ray|22:super_fang|25:after_you|29:psych_up|32:hyper_fang|36:mean_look|39:baton_pass|43:slam;attract|confide|cut|dig|double_team|dream_eater|facade|flamethrower|flash|fling|focus_blast|frustration|giga_impact|grass_knot|hidden_power|hyper_beam|light_screen|power_up_punch|protect|psych_up|rain_dance|rest|retaliate|return|rock_smash|round|secret_power|shadow_ball|sleep_talk|strength|substitute|sunny_day|swagger|swords_dance|thunder|thunder_wave|thunderbolt|toxic;after_you|aqua_tail|covet|endeavor|fire_punch|focus_punch|gunk_shot|helping_hand|ice_punch|iron_tail|knock_off|last_resort|low_kick|seed_bomb|shock_wave|signal_beam|snore|super_fang|thunder_punch|zen_headbutt;;ground;;;505;Alerta;1,1;27;marrón;50;no;Los componentes luminiscentes de su interior hacen que sus ojos y su cuerpo brillen, y así intimida a sus rivales.
lillipup;Lillipup;normal;45;60;45;25;45;55;vital_spirit;pickup;run_away;medium_slow;55;255;attack:1;1:leer|1:tackle|5:odor_sleuth|8:bite|10:baby_doll_eyes|12:helping_hand|15:take_down|19:work_up|22:crunch|26:roar|29:retaliate|33:reversal|36:last_resort|40:giga_impact|45:play_rough;aerial_ace|attract|confide|dig|double_team|facade|frustration|giga_impact|hidden_power|protect|rain_dance|rest|retaliate|return|roar|rock_smash|rock_tomb|round|secret_power|shadow_ball|sleep_talk|snarl|substitute|sunny_day|swagger|thunder_wave|thunderbolt|toxic|wild_charge;after_you|covet|helping_hand|hyper_voice|last_resort|shock_wave|snore|uproar;after_you|charm|endure|fire_fang|howl|ice_fang|lick|mud_slap|pursuit|sand_attack|thunder_fang|yawn;ground;herdier@16;;506;Perrito;0,4;4,1;marrón;50;no;Los mechones que cubren su cara actúan como un magnífico radar para detectar con precisión lo que hay a su alrededor.
herdier;Herdier;normal;65;80;65;35;65;60;intimidate;sand_rush;scrappy;medium_slow;130;120;attack:2;1:bite|1:leer|1:odor_sleuth|1:tackle|5:odor_sleuth|8:bite|12:helping_hand|15:take_down|20:work_up|24:crunch|29:roar|33:retaliate|38:reversal|42:last_resort|47:giga_impact|52:play_rough;aerial_ace|attract|confide|dig|double_team|facade|frustration|giga_impact|hidden_power|payback|protect|rain_dance|rest|retaliate|return|roar|rock_smash|rock_tomb|round|secret_power|shadow_ball|sleep_talk|snarl|strength|substitute|sunny_day|surf|swagger|thunder_wave|thunderbolt|toxic|wild_charge;after_you|covet|helping_hand|hyper_voice|last_resort|shock_wave|snore|uproar;;ground;stoutland@32;;507;Leal;0,9;14,7;gris;50;no;Este Pokémon es muy leal. No solo ayuda a Entrenadores, sino que también se preocupa por otros Pokémon.
stoutland;Stoutland;normal;85;110;90;45;90;80;intimidate;sand_rush;scrappy;medium_slow;225;45;attack:3;1:bite|1:fire_fang|1:ice_fang|1:leer|1:odor_sleuth|1:tackle|1:thunder_fang|5:odor_sleuth|8:bite|12:helping_hand|15:take_down|20:work_up|24:crunch|29:roar|36:retaliate|42:reversal|51:last_resort|59:giga_impact|63:play_rough;aerial_ace|attract|confide|dig|double_team|facade|frustration|giga_impact|hidden_power|hyper_beam|payback|protect|rain_dance|rest|retaliate|return|roar|rock_smash|rock_tomb|round|secret_power|shadow_ball|sleep_talk|snarl|strength|substitute|sunny_day|surf|swagger|thunder|thunder_wave|thunderbolt|toxic|wild_charge;after_you|covet|helping_hand|hyper_voice|iron_head|last_resort|shock_wave|snore|superpower|uproar;;ground;;;508;Magnánimo;1,2;61;gris;50;no;Socorre a humanos perdidos en montañas azotadas por ventiscas. Su largo pelaje le protege del frío.
purrloin;Purrloin;dark;41;50;37;50;37;66;limber;unburden;prankster;medium_fast;56;255;speed:1;1:scratch|3:growl|6:assist|10:sand_attack|12:fury_swipes|15:pursuit|19:torment|21:fake_out|24:hone_claws|28:assurance|30:slash|33:captivate|37:night_slash|39:snatch|42:nasty_plot|46:sucker_punch|49:play_rough;aerial_ace|attract|confide|cut|dark_pulse|double_team|dream_eater|echoed_voice|embargo|facade|frustration|grass_knot|hidden_power|hone_claws|payback|protect|psych_up|rain_dance|rest|return|round|secret_power|shadow_ball|shadow_claw|sleep_talk|snarl|substitute|sunny_day|swagger|taunt|thief|thunder_wave|torment|toxic|u_turn;covet|foul_play|gunk_shot|hyper_voice|iron_tail|knock_off|role_play|seed_bomb|snatch|snore|spite|trick;charm|copycat|covet|encore|fake_tears|feint_attack|foul_play|pay_day|yawn;ground;liepard@20;;509;Malicioso;0,4;10,1;morado;50;no;Distrae a su oponente con movimientos gráciles y sustrae sus pertenencias. Cuando se enfada, ataca con las garras.
liepard;Liepard;dark;64;88;50;88;50;106;limber;unburden;prankster;medium_fast;156;90;speed:2;1:assist|1:growl|1:sand_attack|1:scratch|3:growl|6:assist|10:sand_attack|12:fury_swipes|15:pursuit|19:torment|22:fake_out|26:hone_claws|31:assurance|34:slash|38:taunt|43:night_slash|47:snatch|50:nasty_plot|55:sucker_punch|58:play_rough;aerial_ace|attract|confide|cut|dark_pulse|double_team|dream_eater|echoed_voice|embargo|facade|frustration|giga_impact|grass_knot|hidden_power|hone_claws|hyper_beam|payback|protect|psych_up|rain_dance|rest|return|rock_smash|round|secret_power|shadow_ball|shadow_claw|sleep_talk|snarl|substitute|sunny_day|swagger|taunt|thief|thunder_wave|torment|toxic|u_turn;covet|foul_play|gunk_shot|hyper_voice|iron_tail|knock_off|role_play|seed_bomb|snatch|snore|spite|trick;;ground;;;510;Calculador;1,1;37,5;morado;50;no;Su bella y grácil silueta le viene dada por su desarrollada musculatura, que le permite andar de noche sin hacer ruido.
pansage;Pansage;grass;50;53;48;53;48;64;gluttony;;overgrow;medium_fast;63;190;speed:1;1:play_nice|1:scratch|4:leer|7:lick|10:vine_whip|13:fury_swipes|16:leech_seed|19:bite|22:seed_bomb|25:torment|28:fling|31:acrobatics|34:grass_knot|37:recycle|40:natural_gift|43:crunch;acrobatics|attract|confide|cut|dig|double_team|energy_ball|facade|flash|fling|frustration|grass_knot|hidden_power|hone_claws|low_sweep|nature_power|payback|protect|rest|return|rock_smash|rock_tomb|round|secret_power|shadow_claw|sleep_talk|solar_beam|substitute|sunny_day|swagger|taunt|thief|torment|toxic;covet|endeavor|focus_punch|gastro_acid|giga_drain|gunk_shot|helping_hand|iron_tail|knock_off|low_kick|recycle|role_play|seed_bomb|snore|synthesis|uproar|worry_seed;astonish|bullet_seed|covet|disarming_voice|grass_whistle|leaf_storm|low_kick|magical_leaf|nasty_plot|role_play|tickle;ground;simisage@objeto:leaf_stone;;511;Mono Hierba;0,6;10,5;verde;12,5;no;Comparte las hojas de su cabeza con Pokémon agotados. Posee la facultad de aliviar el cansancio.
simisage;Simisage;grass;75;98;63;98;63;101;gluttony;;overgrow;medium_fast;174;75;speed:2;1:fury_swipes|1:leer|1:lick|1:seed_bomb;acrobatics|attract|brick_break|confide|cut|dig|double_team|energy_ball|facade|flash|fling|focus_blast|frustration|giga_impact|grass_knot|hidden_power|hone_claws|hyper_beam|low_sweep|nature_power|payback|power_up_punch|protect|rest|return|rock_slide|rock_smash|rock_tomb|round|secret_power|shadow_claw|sleep_talk|solar_beam|substitute|sunny_day|swagger|taunt|thief|torment|toxic;covet|endeavor|focus_punch|gastro_acid|giga_drain|gunk_shot|helping_hand|iron_tail|knock_off|low_kick|recycle|role_play|seed_bomb|snore|superpower|synthesis|uproar|worry_seed;;ground;;;512;Mono Pincho;1,1;30,5;verde;12,5;no;Ataca estampando las espinas de su cola en el enemigo. Es un Pokémon con mucho temperamento.
pansear;Pansear;fire;50;53;48;53;48;64;gluttony;;blaze;medium_fast;63;190;speed:1;1:play_nice|1:scratch|4:leer|7:lick|10:incinerate|13:fury_swipes|16:yawn|19:bite|22:flame_burst|25:amnesia|28:fling|31:acrobatics|34:fire_blast|37:recycle|40:natural_gift|43:crunch;acrobatics|attract|confide|cut|dig|double_team|facade|fire_blast|flame_charge|flamethrower|fling|frustration|grass_knot|hidden_power|hone_claws|incinerate|low_sweep|overheat|payback|protect|rest|return|rock_smash|rock_tomb|round|secret_power|shadow_claw|sleep_talk|solar_beam|substitute|sunny_day|swagger|taunt|thief|torment|toxic|will_o_wisp;covet|endeavor|fire_punch|focus_punch|gastro_acid|gunk_shot|heat_wave|helping_hand|iron_tail|knock_off|low_kick|recycle|role_play|snore|uproar;astonish|covet|disarming_voice|fire_punch|fire_spin|heat_wave|low_kick|nasty_plot|role_play|sleep_talk|tickle;ground;simisear@objeto:fire_stone;;513;Ardiente;0,6;11;rojo;12,5;no;Pokémon muy inteligente que tiene la costumbre de tostar las bayas antes de comérselas. Ayuda mucho a los humanos.
simisear;Simisear;fire;75;98;63;98;63;101;gluttony;;blaze;medium_fast;174;75;speed:2;1:flame_burst|1:fury_swipes|1:leer|1:lick;acrobatics|attract|brick_break|confide|cut|dig|double_team|facade|fire_blast|flame_charge|flamethrower|fling|focus_blast|frustration|giga_impact|grass_knot|hidden_power|hone_claws|hyper_beam|incinerate|low_sweep|overheat|payback|power_up_punch|protect|rest|return|rock_slide|rock_smash|rock_tomb|round|secret_power|shadow_claw|sleep_talk|solar_beam|substitute|sunny_day|swagger|taunt|thief|torment|toxic|will_o_wisp;covet|endeavor|fire_punch|focus_punch|gastro_acid|gunk_shot|heat_wave|helping_hand|iron_tail|knock_off|low_kick|recycle|role_play|snore|superpower|uproar;;ground;;;514;Lumbre;1;28;rojo;12,5;no;Achicharra a sus enemigos desprendiendo llamas por la cola y la cabeza, fruto de su desmesurado calor interno.
panpour;Panpour;water;50;53;48;53;48;64;gluttony;;torrent;medium_fast;63;190;speed:1;1:play_nice|1:scratch|4:leer|7:lick|10:water_gun|13:fury_swipes|16:water_sport|19:bite|22:scald|25:taunt|28:fling|31:acrobatics|34:brine|37:recycle|40:natural_gift|43:crunch;acrobatics|attract|blizzard|confide|cut|dig|dive|double_team|facade|fling|frustration|grass_knot|hail|hidden_power|hone_claws|ice_beam|low_sweep|payback|protect|rain_dance|rest|return|rock_smash|rock_tomb|round|scald|secret_power|shadow_claw|sleep_talk|substitute|surf|swagger|taunt|thief|torment|toxic|waterfall;aqua_tail|covet|endeavor|focus_punch|gastro_acid|gunk_shot|helping_hand|ice_punch|icy_wind|iron_tail|knock_off|low_kick|recycle|role_play|snore|uproar|water_pulse;aqua_ring|aqua_tail|astonish|covet|disarming_voice|hydro_pump|low_kick|mud_sport|nasty_plot|role_play|tickle;ground;simipour@objeto:water_stone;;515;Salpicadura;0,6;13,5;azul;12,5;no;El agua acumulada en su mata de pelo es rica en nutrientes. Usa su cola para regar plantas con esa misma agua.
simipour;Simipour;water;75;98;63;98;63;101;gluttony;;torrent;medium_fast;174;75;speed:2;1:fury_swipes|1:leer|1:lick|1:scald;acrobatics|attract|blizzard|brick_break|confide|cut|dig|dive|double_team|facade|fling|focus_blast|frustration|giga_impact|grass_knot|hail|hidden_power|hone_claws|hyper_beam|ice_beam|low_sweep|payback|power_up_punch|protect|rain_dance|rest|return|rock_slide|rock_smash|rock_tomb|round|scald|secret_power|shadow_claw|sleep_talk|substitute|surf|swagger|taunt|thief|torment|toxic|waterfall;aqua_tail|covet|endeavor|focus_punch|gastro_acid|gunk_shot|helping_hand|ice_punch|icy_wind|iron_tail|knock_off|low_kick|recycle|role_play|snore|superpower|uproar|water_pulse;;ground;;;516;Drenaje;1;29;azul;12,5;no;Cuando lanza agua a alta presión con su cola, puede incluso resquebrajar una pared de cemento.
munna;Munna;psychic;76;25;45;67;55;24;forewarn;synchronize;telepathy;fast;58;190;hp:1;1:defense_curl|1:psywave|5:lucky_chant|7:yawn|11:psybeam|13:imprison|17:moonlight|19:hypnosis|23:zen_headbutt|25:synchronoise|29:nightmare|31:future_sight|35:calm_mind|37:psychic|41:dream_eater|43:telekinesis|47:stored_power;attract|calm_mind|charge_beam|confide|dazzling_gleam|double_team|dream_eater|energy_ball|facade|flash|frustration|gyro_ball|hidden_power|light_screen|protect|psych_up|psychic|psyshock|rain_dance|reflect|rest|return|rock_slide|rock_tomb|round|safeguard|secret_power|shadow_ball|sleep_talk|substitute|swagger|thunder_wave|torment|toxic|trick_room;after_you|gravity|heal_bell|helping_hand|magic_coat|pain_split|shock_wave|signal_beam|skill_swap|snore|trick|wonder_room|worry_seed|zen_headbutt;barrier|baton_pass|curse|healing_wish|helping_hand|magic_coat|secret_power|sleep_talk|sonic_boom|swift;ground;musharna@objeto:moon_stone;;517;Comesueños;0,6;23,3;rosa;50;no;Cuando un humano o un Pokémon sufre una pesadilla, Munna se aparece ante ellos y la engulle.
musharna;Musharna;psychic;116;55;85;107;95;29;forewarn;synchronize;telepathy;fast;170;75;hp:2;1:defense_curl|1:hypnosis|1:lucky_chant|1:psybeam;attract|calm_mind|charge_beam|confide|dazzling_gleam|double_team|dream_eater|energy_ball|facade|flash|frustration|giga_impact|gyro_ball|hidden_power|hyper_beam|light_screen|protect|psych_up|psychic|psyshock|rain_dance|reflect|rest|return|rock_slide|rock_tomb|round|safeguard|secret_power|shadow_ball|sleep_talk|substitute|swagger|thunder_wave|torment|toxic|trick_room;after_you|gravity|heal_bell|helping_hand|magic_coat|pain_split|shock_wave|signal_beam|skill_swap|snore|trick|wonder_room|worry_seed|zen_headbutt;;ground;;;518;Duermevela;1,1;60,5;rosa;50;no;Multitud de sueños de humanos y Pokémon se encuentran atrapados en el humo que despide por su frente.
pidove;Pidove;normal|flying;50;55;50;36;30;43;big_pecks;super_luck;rivalry;medium_slow;53;255;attack:1;1:gust|4:growl|8:leer|11:quick_attack|15:air_cutter|18:roost|22:detect|25:taunt|29:air_slash|32:razor_wind|36:feather_dance|39:swagger|43:facade|46:tailwind|50:sky_attack;aerial_ace|attract|confide|double_team|echoed_voice|facade|fly|frustration|hidden_power|protect|rain_dance|rest|return|roost|round|secret_power|sleep_talk|steel_wing|substitute|sunny_day|swagger|taunt|toxic|u_turn;heat_wave|sky_attack|snore|tailwind|uproar;bestow|hypnosis|lucky_chant|morning_sun|night_slash|steel_wing|uproar|wish;flying;tranquill@21;;519;Pichón;0,3;2,1;gris;50;no;Es un Pokémon muy despistado. Aunque reciba órdenes de su Entrenador, se le olvidan, y se queda esperando.
tranquill;Tranquill;normal|flying;62;77;62;50;42;65;big_pecks;super_luck;rivalry;medium_slow;125;120;attack:2;1:growl|1:gust|1:leer|1:quick_attack|4:growl|8:leer|11:quick_attack|15:air_cutter|18:roost|23:detect|27:taunt|32:air_slash|36:razor_wind|41:feather_dance|45:swagger|50:facade|54:tailwind|59:sky_attack;aerial_ace|attract|confide|double_team|echoed_voice|facade|fly|frustration|hidden_power|protect|rain_dance|rest|return|roost|round|secret_power|sleep_talk|steel_wing|substitute|sunny_day|swagger|taunt|toxic|u_turn;heat_wave|sky_attack|snore|tailwind|uproar;;flying;unfezant@32;;520;Torcaz;0,6;15;gris;50;no;Según los rumores, en lo más profundo del bosque donde mora Tranquill, hay un mundo pacífico y exento de luchas.
unfezant;Unfezant;normal|flying;80;115;80;65;55;93;big_pecks;super_luck;rivalry;medium_slow;220;45;attack:3;1:growl|1:gust|1:leer|1:quick_attack|4:growl|8:leer|11:quick_attack|15:air_cutter|18:roost|23:detect|27:taunt|33:air_slash|38:razor_wind|44:feather_dance|49:swagger|55:facade|60:tailwind|66:sky_attack;aerial_ace|attract|confide|double_team|echoed_voice|facade|fly|frustration|giga_impact|hidden_power|hyper_beam|protect|psych_up|rain_dance|rest|return|roost|round|secret_power|sleep_talk|steel_wing|substitute|sunny_day|swagger|taunt|toxic|u_turn;heat_wave|sky_attack|snore|tailwind|uproar;;flying;;;521;Altanero;1,2;29;gris;50;no;El macho amenaza al enemigo meciendo el adorno de su cabeza. Al volar, la hembra es mucho más diestra que el macho.
blitzle;Blitzle;electric;45;60;32;50;32;76;lightning_rod;motor_drive;sap_sipper;medium_fast;59;190;speed:1;1:quick_attack|4:tail_whip|8:charge|11:shock_wave|15:thunder_wave|18:flame_charge|22:pursuit|25:spark|29:stomp|32:discharge|36:agility|39:wild_charge|43:thrash;attract|charge_beam|confide|double_team|facade|flame_charge|flash|frustration|hidden_power|light_screen|protect|rain_dance|rest|return|round|secret_power|sleep_talk|substitute|swagger|thunder|thunder_wave|thunderbolt|toxic|volt_switch|wild_charge;bounce|magnet_rise|shock_wave|signal_beam|snatch|snore;double_edge|double_kick|endure|me_first|rage|sand_attack|screech|shock_wave|snatch|take_down;ground;zebstrika@27;;522;Electrizado;0,8;29,8;negro;50;no;Aparece cuando nubes envueltas en rayos encapotan el cielo. Atrapa rayos con su crin y almacena electricidad.
zebstrika;Zebstrika;electric;75;100;63;80;63;116;lightning_rod;motor_drive;sap_sipper;medium_fast;174;75;speed:2;1:charge|1:ion_deluge|1:quick_attack|1:tail_whip|1:thunder_wave|4:tail_whip|8:charge|11:shock_wave|15:thunder_wave|18:flame_charge|22:pursuit|25:spark|31:stomp|36:discharge|42:agility|47:wild_charge|53:thrash|58:ion_deluge;attract|charge_beam|confide|double_team|facade|flame_charge|flash|frustration|giga_impact|hidden_power|hyper_beam|light_screen|overheat|protect|rain_dance|rest|return|rock_smash|round|secret_power|sleep_talk|substitute|swagger|thunder|thunder_wave|thunderbolt|toxic|volt_switch|wild_charge;bounce|magnet_rise|shock_wave|signal_beam|snatch|snore;;ground;;;523;Rayo;1,6;79,5;negro;50;no;Es un Pokémon con mucho temperamento. Cuando se enoja, lanza rayos desde su crin en todas direcciones.
roggenrola;Roggenrola;rock;55;75;85;25;25;15;sturdy;;sand_force;medium_slow;56;255;defense:1;1:tackle|4:harden|7:sand_attack|10:headbutt|14:rock_blast|17:mud_slap|20:iron_defense|23:smack_down|27:rock_slide|30:stealth_rock|33:sandstorm|36:stone_edge|40:explosion;attract|bulldoze|confide|double_team|earthquake|explosion|facade|flash_cannon|frustration|hidden_power|nature_power|protect|rest|return|rock_polish|rock_slide|rock_smash|rock_tomb|round|sandstorm|secret_power|sleep_talk|smack_down|stone_edge|strength|substitute|swagger|toxic;block|earth_power|gravity|iron_defense|snore|stealth_rock;autotomize|curse|gravity|heavy_slam|lock_on|magnitude|rock_tomb|take_down|wide_guard;mineral;boldore@25;;524;Manto;0,4;18;azul;50;no;Su oreja tiene forma hexagonal. Su cuerpo fue comprimido bajo tierra. Por eso, es duro como el acero.
boldore;Boldore;rock;70;105;105;50;40;20;sturdy;;sand_force;medium_slow;137;120;attack:1|defense:1;1:harden|1:headbutt|1:sand_attack|1:tackle|4:harden|7:sand_attack|10:headbutt|14:rock_blast|17:mud_slap|20:iron_defense|23:smack_down|25:power_gem|30:rock_slide|36:stealth_rock|42:sandstorm|48:stone_edge|55:explosion;attract|bulldoze|confide|double_team|earthquake|explosion|facade|flash_cannon|frustration|hidden_power|nature_power|protect|rest|return|rock_polish|rock_slide|rock_smash|rock_tomb|round|sandstorm|secret_power|sleep_talk|smack_down|stone_edge|strength|substitute|swagger|toxic;block|earth_power|gravity|iron_defense|snore|stealth_rock;;mineral;gigalith@intercambio;;525;Mineral;0,9;102;azul;50;no;La energía que no puede contener en el interior de su cuerpo se escapa formando cristales naranjas.
gigalith;Gigalith;rock;85;135;130;60;80;25;sturdy;;sand_force;medium_slow;232;45;attack:3;1:harden|1:headbutt|1:sand_attack|1:tackle|4:harden|7:sand_attack|10:headbutt|14:rock_blast|17:mud_slap|20:iron_defense|23:smack_down|25:power_gem|30:rock_slide|36:stealth_rock|42:sandstorm|48:stone_edge|55:explosion;attract|bulldoze|confide|double_team|earthquake|explosion|facade|flash_cannon|frustration|giga_impact|hidden_power|hyper_beam|nature_power|protect|rest|return|rock_polish|rock_slide|rock_smash|rock_tomb|round|sandstorm|secret_power|sleep_talk|smack_down|solar_beam|stone_edge|strength|substitute|swagger|toxic;block|earth_power|gravity|iron_defense|iron_head|snore|stealth_rock|superpower;;mineral;;;526;Presurizado;1,7;260;azul;50;no;Absorbe los rayos solares, procesa esa energía en su núcleo y lanza poderosas bolas de luz a sus enemigos.
woobat;Woobat;psychic|flying;55;45;43;55;43;72;unaware;klutz;simple;medium_fast;65;190;speed:1;1:confusion|4:odor_sleuth|8:gust|12:assurance|15:heart_stamp|19:imprison|21:air_cutter|25:attract|29:amnesia|29:calm_mind|32:air_slash|36:future_sight|41:psychic|47:endeavor;acrobatics|aerial_ace|attract|calm_mind|charge_beam|confide|double_team|dream_eater|embargo|energy_ball|facade|flash|fly|frustration|gyro_ball|hidden_power|light_screen|protect|psych_up|psychic|psyshock|rain_dance|reflect|rest|return|roost|round|safeguard|secret_power|shadow_ball|sleep_talk|steel_wing|substitute|swagger|taunt|thief|thunder_wave|torment|toxic|trick_room|u_turn;after_you|endeavor|giga_drain|heat_wave|helping_hand|knock_off|magic_coat|shock_wave|signal_beam|skill_swap|snore|super_fang|tailwind|trick|uproar|zen_headbutt;captivate|charm|fake_tears|flatter|helping_hand|knock_off|psycho_shift|roost|stored_power|supersonic|synchronoise|venom_drench;ground|flying;swoobat@amistad;;527;Murciélago;0,4;2,1;azul;50;no;Vive en bosques oscuros y cavernas. Emite ultrasonidos por la nariz para saber todo lo que pasa a su alrededor.
swoobat;Swoobat;psychic|flying;67;57;55;77;55;114;unaware;klutz;simple;medium_fast;149;45;speed:2;1:assurance|1:confusion|1:gust|1:odor_sleuth|4:odor_sleuth|8:gust|12:assurance|15:heart_stamp|19:imprison|21:air_cutter|25:attract|29:amnesia|29:calm_mind|32:air_slash|36:future_sight|41:psychic|47:endeavor;acrobatics|aerial_ace|attract|calm_mind|charge_beam|confide|double_team|dream_eater|embargo|energy_ball|facade|flash|fly|frustration|giga_impact|gyro_ball|hidden_power|hyper_beam|light_screen|protect|psych_up|psychic|psyshock|rain_dance|reflect|rest|return|roost|round|safeguard|secret_power|shadow_ball|sleep_talk|steel_wing|substitute|swagger|taunt|thief|thunder_wave|torment|toxic|trick_room|u_turn;after_you|endeavor|giga_drain|heat_wave|helping_hand|knock_off|magic_coat|shock_wave|signal_beam|skill_swap|sky_attack|snore|super_fang|tailwind|trick|uproar|zen_headbutt;;ground|flying;;;528;Galante;0,9;10,5;azul;50;no;Cuando emite ondas ultrasónicas, que incluso pueden reventar el cemento, agita su cola con vehemencia.
drilbur;Drilbur;ground;60;85;40;30;45;68;sand_rush;sand_force;mold_breaker;medium_fast;66;120;attack:1;1:mud_sport|1:scratch|5:rapid_spin|8:mud_slap|12:fury_swipes|15:metal_claw|19:dig|22:hone_claws|26:slash|29:rock_slide|33:earthquake|36:swords_dance|40:sandstorm|43:drill_run|47:fissure;aerial_ace|attract|brick_break|bulldoze|confide|cut|dig|double_team|earthquake|facade|fling|frustration|hidden_power|hone_claws|poison_jab|protect|rest|return|rock_slide|rock_smash|rock_tomb|round|sandstorm|secret_power|shadow_claw|sleep_talk|sludge_bomb|strength|substitute|swagger|swords_dance|toxic|x_scissor;drill_run|earth_power|iron_defense|snore|stealth_rock;crush_claw|earth_power|iron_defense|metal_sound|rapid_spin|rock_climb|skull_bash|submission;ground;excadrill@31;;529;Topo;0,3;8,5;gris;50;no;Cuando junta las garras y comienza a dar vueltas frenéticas, avanza bajo tierra a gran velocidad.
excadrill;Excadrill;ground|steel;110;135;60;50;65;88;sand_rush;sand_force;mold_breaker;medium_fast;178;60;attack:2;1:mud_slap|1:mud_sport|1:rapid_spin|1:rototiller|1:scratch|5:rapid_spin|8:mud_slap|12:fury_swipes|15:metal_claw|19:dig|22:hone_claws|26:slash|29:rock_slide|31:horn_drill|36:earthquake|42:swords_dance|49:sandstorm|55:drill_run|62:fissure;aerial_ace|attract|brick_break|bulldoze|confide|cut|dig|double_team|earthquake|facade|fling|focus_blast|frustration|giga_impact|hidden_power|hone_claws|hyper_beam|poison_jab|protect|rest|return|rock_slide|rock_smash|rock_tomb|round|sandstorm|secret_power|shadow_claw|sleep_talk|sludge_bomb|strength|substitute|swagger|swords_dance|toxic|x_scissor;drill_run|earth_power|iron_defense|iron_head|magnet_rise|snore|stealth_rock;;ground;;;530;Subterráneo;0,7;40,4;gris;50;no;Su taladro ha evolucionado y es capaz de atravesar una lámina de hierro. Es muy útil para construir túneles.
audino;Audino;normal;103;60;86;60;86;50;healer;regenerator;klutz;fast;390;255;hp:2;1:growl|1:helping_hand|1:last_resort|1:misty_terrain|1:play_nice|1:pound|5:baby_doll_eyes|9:refresh|13:disarming_voice|17:double_slap|21:attract|25:secret_power|29:entrainment|33:take_down|37:heal_pulse|41:after_you|45:simple_beam|49:double_edge|53:last_resort;attract|blizzard|calm_mind|charge_beam|confide|dazzling_gleam|dig|double_team|dream_eater|echoed_voice|facade|fire_blast|flamethrower|flash|fling|frustration|grass_knot|hidden_power|hyper_beam|ice_beam|incinerate|light_screen|power_up_punch|protect|psych_up|psychic|psyshock|rain_dance|reflect|rest|retaliate|return|round|safeguard|secret_power|shadow_ball|sleep_talk|solar_beam|substitute|sunny_day|surf|swagger|thunder|thunder_wave|thunderbolt|toxic|trick_room|wild_charge;after_you|covet|drain_punch|fire_punch|focus_punch|gravity|heal_bell|helping_hand|hyper_voice|ice_punch|icy_wind|iron_tail|knock_off|last_resort|low_kick|magic_coat|pain_split|role_play|signal_beam|skill_swap|snatch|snore|thunder_punch|uproar|zen_headbutt;amnesia|bestow|draining_kiss|encore|heal_bell|healing_wish|lucky_chant|sleep_talk|sweet_kiss|wish|yawn;fairy;;;531;Escucha;1,1;31;rosa;50;no;Con las antenas de sus oídos, perciben el estado de un rival o predicen cuándo va a eclosionar un Huevo Pokémon.
timburr;Timburr;fighting;75;80;55;25;35;35;guts;sheer_force;iron_fist;medium_slow;61;180;attack:1;1:leer|1:pound|4:focus_energy|8:bide|12:low_kick|16:rock_throw|20:wake_up_slap|24:chip_away|28:bulk_up|31:rock_slide|34:dynamic_punch|37:scary_face|40:hammer_arm|43:stone_edge|46:focus_punch|49:superpower;attract|brick_break|bulk_up|confide|dig|double_team|facade|fling|focus_blast|frustration|grass_knot|hidden_power|low_sweep|payback|poison_jab|power_up_punch|protect|rain_dance|rest|retaliate|return|rock_slide|rock_smash|rock_tomb|round|secret_power|sleep_talk|smack_down|stone_edge|strength|substitute|sunny_day|swagger|taunt|toxic;block|drain_punch|fire_punch|focus_punch|helping_hand|ice_punch|knock_off|low_kick|snore|superpower|thunder_punch;comet_punch|counter|detect|drain_punch|endure|force_palm|foresight|mach_punch|reversal|smelling_salts|wide_guard;humanshape;gurdurr@25;;532;Musculoso;0,6;12,5;gris;25;no;Siempre lleva vigas de madera. Normalmente ayuda en obras de construcción.
gurdurr;Gurdurr;fighting;85;105;85;40;50;40;guts;sheer_force;iron_fist;medium_slow;142;90;attack:2;1:bide|1:focus_energy|1:leer|1:pound|4:focus_energy|8:bide|12:low_kick|16:rock_throw|20:wake_up_slap|24:chip_away|29:bulk_up|33:rock_slide|37:dynamic_punch|41:scary_face|45:hammer_arm|49:stone_edge|53:focus_punch|57:superpower;attract|brick_break|bulk_up|confide|dig|double_team|facade|fling|focus_blast|frustration|grass_knot|hidden_power|low_sweep|payback|poison_jab|power_up_punch|protect|rain_dance|rest|retaliate|return|rock_slide|rock_smash|rock_tomb|round|secret_power|sleep_talk|smack_down|stone_edge|strength|substitute|sunny_day|swagger|taunt|toxic;block|drain_punch|fire_punch|focus_punch|helping_hand|ice_punch|knock_off|low_kick|snore|superpower|thunder_punch;;humanshape;conkeldurr@intercambio;;533;Musculoso;1,2;40;gris;25;no;Gracias a su entrenada musculatura, puede blandir vigas de acero sin problema para así derribar edificios enteros.
conkeldurr;Conkeldurr;fighting;105;140;95;55;65;45;guts;sheer_force;iron_fist;medium_slow;227;45;attack:3;1:bide|1:focus_energy|1:leer|1:pound|4:focus_energy|8:bide|12:low_kick|16:rock_throw|20:wake_up_slap|24:chip_away|29:bulk_up|33:rock_slide|37:dynamic_punch|41:scary_face|45:hammer_arm|49:stone_edge|53:focus_punch|57:superpower;attract|brick_break|bulk_up|bulldoze|confide|dig|double_team|earthquake|facade|fling|focus_blast|frustration|giga_impact|grass_knot|hidden_power|hyper_beam|low_sweep|payback|poison_jab|power_up_punch|protect|rain_dance|rest|retaliate|return|rock_slide|rock_smash|rock_tomb|round|secret_power|sleep_talk|smack_down|stone_edge|strength|substitute|sunny_day|swagger|taunt|toxic;block|drain_punch|fire_punch|focus_punch|helping_hand|ice_punch|knock_off|low_kick|snore|superpower|thunder_punch;;humanshape;;;534;Musculoso;1,4;87;marrón;25;no;Se cree que Conkeldurr enseñó a los humanos la técnica para elaborar cemento hace más de 2000 años.
tympole;Tympole;water;50;50;40;50;40;64;swift_swim;hydration;water_absorb;medium_slow;59;255;speed:1;1:bubble|1:growl|5:supersonic|9:round|12:bubble_beam|16:mud_shot|20:aqua_ring|23:uproar|27:muddy_water|31:rain_dance|34:flail|38:echoed_voice|42:hydro_pump|45:hyper_voice;attract|confide|double_team|echoed_voice|facade|frustration|hail|hidden_power|infestation|protect|rain_dance|rest|return|round|scald|secret_power|sleep_talk|sludge_bomb|sludge_wave|substitute|surf|swagger|toxic;after_you|bounce|earth_power|endeavor|hyper_voice|icy_wind|snore|uproar|water_pulse;after_you|earth_power|mist|mud_bomb|mud_sport|refresh|sleep_talk|snore|water_pulse;water1;palpitoad@25;;535;Renacuajo;0,5;4,5;azul;50;no;Emite sonidos imperceptibles para los humanos con la vibración de sus mejillas y advierte de algún peligro a los suyos.
palpitoad;Palpitoad;water|ground;75;65;55;65;55;69;swift_swim;hydration;water_absorb;medium_slow;134;120;hp:2;1:bubble|1:growl|1:round|1:supersonic|5:supersonic|9:round|12:bubble_beam|16:mud_shot|20:aqua_ring|23:uproar|28:muddy_water|33:rain_dance|37:flail|42:echoed_voice|47:hydro_pump|51:hyper_voice;attract|bulldoze|confide|double_team|echoed_voice|facade|frustration|hail|hidden_power|infestation|protect|rain_dance|rest|return|rock_smash|round|scald|secret_power|sleep_talk|sludge_bomb|sludge_wave|substitute|surf|swagger|toxic;after_you|bounce|earth_power|endeavor|focus_punch|gastro_acid|hyper_voice|icy_wind|snore|stealth_rock|uproar|water_pulse;;water1;seismitoad@36;;536;Vibrante;0,8;17;azul;50;no;Cuando hace vibrar el bulto de su cabeza, no solo se embravece el mar, sino que la tierra también tiembla.
seismitoad;Seismitoad;water|ground;105;95;75;85;75;74;swift_swim;poison_touch;water_absorb;medium_slow;229;45;hp:3;1:bubble|1:growl|1:round|1:supersonic|5:supersonic|9:round|12:bubble_beam|16:mud_shot|20:aqua_ring|23:uproar|28:muddy_water|33:rain_dance|36:acid|39:flail|44:drain_punch|49:echoed_voice|53:hydro_pump|59:hyper_voice;attract|brick_break|bulldoze|confide|dig|double_team|earthquake|echoed_voice|facade|fling|focus_blast|frustration|giga_impact|grass_knot|hail|hidden_power|hyper_beam|infestation|payback|poison_jab|power_up_punch|protect|rain_dance|rest|return|rock_slide|rock_smash|rock_tomb|round|scald|secret_power|sleep_talk|sludge_bomb|sludge_wave|strength|substitute|surf|swagger|toxic|venoshock;after_you|bounce|drain_punch|earth_power|endeavor|focus_punch|gastro_acid|hyper_voice|ice_punch|icy_wind|knock_off|low_kick|snore|stealth_rock|uproar|water_pulse;;water1;;;537;Vibrante;1,5;62;azul;50;no;Aumenta la potencia de sus puñetazos haciendo vibrar sus puños. Es capaz de quebrar una roca de un solo golpe.
throh;Throh;fighting;120;100;85;30;85;45;guts;inner_focus;mold_breaker;medium_fast;163;45;hp:2;1:bind|1:leer|5:bide|9:focus_energy|13:seismic_toss|17:vital_throw|21:revenge|25:storm_throw|29:body_slam|33:bulk_up|37:circle_throw|41:endure|45:wide_guard|48:superpower|50:reversal;attract|brick_break|bulk_up|bulldoze|confide|dig|double_team|earthquake|facade|fling|focus_blast|frustration|giga_impact|grass_knot|hidden_power|low_sweep|payback|poison_jab|power_up_punch|protect|rain_dance|rest|retaliate|return|rock_slide|rock_smash|rock_tomb|round|secret_power|sleep_talk|stone_edge|strength|substitute|sunny_day|swagger|taunt|toxic;bind|block|fire_punch|focus_punch|helping_hand|ice_punch|knock_off|low_kick|pain_split|snore|superpower|thunder_punch|zen_headbutt;;humanshape;;;538;Judo;1,3;55,5;rojo;0;no;Aumenta su potencia si se aprieta el cinturón. Un Throh salvaje teje su propio cinturón usando lianas.
sawk;Sawk;fighting;75;125;75;30;75;85;sturdy;inner_focus;mold_breaker;medium_fast;163;45;attack:2;1:leer|1:rock_smash|5:bide|9:focus_energy|13:double_kick|17:low_sweep|21:counter|25:karate_chop|29:brick_break|33:bulk_up|37:retaliate|41:endure|45:quick_guard|48:close_combat|50:reversal;attract|brick_break|bulk_up|bulldoze|confide|dig|double_team|earthquake|facade|fling|focus_blast|frustration|giga_impact|grass_knot|hidden_power|low_sweep|payback|poison_jab|power_up_punch|protect|rain_dance|rest|retaliate|return|rock_slide|rock_smash|rock_tomb|round|secret_power|sleep_talk|stone_edge|strength|substitute|sunny_day|swagger|taunt|toxic;block|dual_chop|fire_punch|focus_punch|helping_hand|ice_punch|knock_off|low_kick|pain_split|snore|superpower|thunder_punch|zen_headbutt;;humanshape;;;539;Kárate;1,4;51;azul;0;no;Para lograr dominar las técnicas de kárate más letales, se retiran a las montañas y entrenan día y noche.
sewaddle;Sewaddle;bug|grass;45;53;70;40;60;42;swarm;chlorophyll;overcoat;medium_slow;62;255;defense:1;1:string_shot|1:tackle|8:bug_bite|15:razor_leaf|22:struggle_bug|29:endure|31:sticky_web|36:bug_buzz|43:flail;attract|calm_mind|confide|cut|double_team|dream_eater|energy_ball|facade|flash|frustration|grass_knot|hidden_power|light_screen|nature_power|payback|protect|rest|return|round|safeguard|secret_power|sleep_talk|solar_beam|struggle_bug|substitute|sunny_day|swagger|toxic;bug_bite|electroweb|giga_drain|iron_defense|magic_coat|seed_bomb|signal_beam|snore|synthesis|worry_seed;agility|air_slash|baton_pass|camouflage|me_first|mind_reader|razor_wind|screech|silver_wind;bug;swadloon@20;;540;Sastre;0,3;2,5;amarillo;50;no;Recorta hojas y las teje con el líquido viscoso que segrega por la boca para hacerse su propia ropa.
swadloon;Swadloon;bug|grass;55;63;90;50;80;42;leaf_guard;chlorophyll;overcoat;medium_slow;133;120;defense:2;1:bug_bite|1:grass_whistle|1:razor_leaf|1:string_shot|1:tackle|20:protect;attract|calm_mind|confide|cut|double_team|dream_eater|energy_ball|facade|flash|frustration|grass_knot|hidden_power|light_screen|nature_power|payback|protect|rest|return|round|safeguard|secret_power|sleep_talk|solar_beam|struggle_bug|substitute|sunny_day|swagger|toxic;bug_bite|electroweb|giga_drain|iron_defense|magic_coat|seed_bomb|signal_beam|snore|synthesis|worry_seed;;bug;leavanny@amistad;;541;Arropado;0,5;7,3;verde;50;no;La vegetación abunda en los bosques que habita. Este Pokémon transforma las hojas caídas en nutrientes.
leavanny;Leavanny;bug|grass;75;103;80;70;80;92;swarm;chlorophyll;overcoat;medium_slow;225;45;attack:3;1:bug_bite|1:false_swipe|1:razor_leaf|1:string_shot|1:tackle|8:bug_bite|15:razor_leaf|22:struggle_bug|29:slash|32:helping_hand|34:fell_stinger|36:leaf_blade|39:x_scissor|43:entrainment|46:swords_dance|50:leaf_storm;aerial_ace|attract|calm_mind|confide|cut|double_team|dream_eater|energy_ball|facade|false_swipe|flash|frustration|giga_impact|grass_knot|hidden_power|hone_claws|hyper_beam|light_screen|nature_power|payback|poison_jab|protect|reflect|rest|retaliate|return|round|safeguard|secret_power|shadow_claw|sleep_talk|solar_beam|steel_wing|struggle_bug|substitute|sunny_day|swagger|swords_dance|toxic|x_scissor;bug_bite|electroweb|giga_drain|heal_bell|helping_hand|iron_defense|knock_off|magic_coat|seed_bomb|signal_beam|snore|synthesis|worry_seed;;bug;;;542;Cuidador;1,2;20,5;amarillo;50;no;Si se encuentra con un Pokémon joven, segrega por la boca hilos pegadizos con los que le teje una prenda de ropa.
venipede;Venipede;bug|poison;30;45;59;30;39;57;poison_point;swarm;speed_boost;medium_slow;52;255;defense:1;1:defense_curl|1:rollout|5:poison_sting|8:screech|12:pursuit|15:protect|19:poison_tail|22:bug_bite|26:venoshock|29:agility|33:steamroller|36:toxic|38:venoshock|40:rock_climb|43:double_edge;attract|confide|double_team|facade|frustration|gyro_ball|hidden_power|infestation|payback|poison_jab|protect|rest|return|rock_smash|round|secret_power|sleep_talk|sludge_bomb|solar_beam|struggle_bug|substitute|sunny_day|swagger|toxic|venoshock;bug_bite|endeavor|iron_defense|signal_beam|snore;pin_missile|rock_climb|spikes|take_down|toxic_spikes|twineedle;bug;whirlipede@22;;543;Ciempiés;0,4;5,3;rojo;50;no;Percibe su entorno con su sentido del tacto, residente en su cabeza y cola. Su carácter es violento por naturaleza.
whirlipede;Whirlipede;bug|poison;40;55;99;40;79;47;poison_point;swarm;speed_boost;medium_slow;126;120;defense:2;1:defense_curl|1:poison_sting|1:rollout|1:screech|5:poison_sting|8:screech|12:pursuit|15:protect|19:poison_tail|22:iron_defense|23:bug_bite|28:venoshock|32:agility|37:steamroller|41:toxic|43:venom_drench|46:rock_climb|50:double_edge;attract|confide|double_team|facade|frustration|gyro_ball|hidden_power|infestation|payback|poison_jab|protect|rest|return|rock_smash|round|secret_power|sleep_talk|sludge_bomb|solar_beam|struggle_bug|substitute|sunny_day|swagger|toxic|venoshock;bug_bite|endeavor|iron_defense|signal_beam|snore;;bug;scolipede@30;;544;Pupaciempiés;1,2;58,5;gris;50;no;Lo protege un duro caparazón. Gira como una rueda y realiza brutales placajes contra sus enemigos.
scolipede;Scolipede;bug|poison;60;100;89;55;69;112;poison_point;swarm;speed_boost;medium_slow;218;45;speed:3;1:defense_curl|1:megahorn|1:poison_sting|1:rollout|1:screech|5:poison_sting|8:screech|12:pursuit|15:protect|19:poison_tail|23:bug_bite|28:venoshock|30:baton_pass|33:agility|39:steamroller|44:toxic|47:venom_drench|50:rock_climb|55:double_edge|65:megahorn;attract|bulldoze|confide|cut|dig|double_team|earthquake|facade|frustration|giga_impact|gyro_ball|hidden_power|hyper_beam|infestation|payback|poison_jab|protect|rest|return|rock_slide|rock_smash|rock_tomb|round|secret_power|sleep_talk|sludge_bomb|solar_beam|strength|struggle_bug|substitute|sunny_day|swagger|swords_dance|toxic|venoshock|x_scissor;aqua_tail|bug_bite|endeavor|iron_defense|iron_tail|signal_beam|snatch|snore|superpower;;bug;;;545;Megaciempiés;2,5;200,5;rojo;50;no;Atenaza a sus presas con las garras que sobresalen de su cuello hasta que no se pueden mover y las remata con veneno.
cottonee;Cottonee;grass|fairy;40;27;60;37;50;66;prankster;infiltrator;chlorophyll;medium_fast;56;190;speed:1;1:absorb|1:fairy_wind|4:growth|8:leech_seed|10:stun_spore|13:mega_drain|17:cotton_spore|19:razor_leaf|22:poison_powder|26:giga_drain|28:charm|31:helping_hand|35:energy_ball|37:cotton_guard|40:sunny_day|44:endeavor|46:solar_beam;attract|confide|dazzling_gleam|double_team|dream_eater|energy_ball|facade|flash|frustration|grass_knot|hidden_power|nature_power|protect|rest|return|round|safeguard|secret_power|sleep_talk|solar_beam|substitute|sunny_day|swagger|taunt|toxic;covet|endeavor|giga_drain|helping_hand|knock_off|seed_bomb|snore|tailwind|worry_seed;beat_up|captivate|encore|fake_tears|grass_whistle|memento|natural_gift|switcheroo|tickle|worry_seed;plant|fairy;whimsicott@objeto:sun_stone;;546;Bolalgodón;0,3;0,6;verde;50;no;Despide motas de algodón cuando lo atacan para confundir a los enemigos y poner pies en polvorosa.
whimsicott;Whimsicott;grass|fairy;60;67;85;77;75;116;prankster;infiltrator;chlorophyll;medium_fast;168;75;speed:2;1:cotton_spore|1:growth|1:leech_seed|1:mega_drain|10:gust|28:tailwind|46:hurricane|50:moonblast;attract|confide|dazzling_gleam|double_team|dream_eater|energy_ball|facade|flash|fling|frustration|giga_impact|grass_knot|hidden_power|hyper_beam|light_screen|nature_power|protect|psychic|rest|return|round|safeguard|secret_power|shadow_ball|sleep_talk|solar_beam|substitute|sunny_day|swagger|taunt|thief|toxic|trick_room|u_turn;covet|endeavor|giga_drain|helping_hand|knock_off|seed_bomb|snore|tailwind|worry_seed;;plant|fairy;;;547;Vuelalviento;0,7;6,6;verde;50;no;Aparecen en medio de un torbellino y entran en las casas para descolocar los muebles o esparcir algodón por doquier.
petilil;Petilil;grass;45;35;50;70;50;30;chlorophyll;own_tempo;leaf_guard;medium_fast;56;190;sp_attack:1;1:absorb|4:growth|8:leech_seed|10:sleep_powder|13:mega_drain|17:synthesis|19:magical_leaf|22:stun_spore|26:giga_drain|28:aromatherapy|31:helping_hand|35:energy_ball|37:entrainment|40:sunny_day|44:after_you|46:leaf_storm;attract|confide|cut|double_team|dream_eater|energy_ball|facade|flash|frustration|grass_knot|hidden_power|nature_power|protect|rest|return|round|safeguard|secret_power|sleep_talk|solar_beam|substitute|sunny_day|swagger|toxic;after_you|covet|giga_drain|heal_bell|helping_hand|seed_bomb|snore|synthesis|worry_seed;bide|charm|endure|grass_whistle|healing_wish|ingrain|natural_gift|sweet_scent|worry_seed;plant;lilligant@objeto:sun_stone;;548;Bulbo;0,5;6,6;verde;100;no;Mordisquear las hojas de su cabeza permite recuperar toda la vitalidad, a pesar de que están muy amargas.
lilligant;Lilligant;grass;70;60;75;110;75;90;chlorophyll;own_tempo;leaf_guard;medium_fast;168;75;sp_attack:2;1:growth|1:leech_seed|1:mega_drain|1:synthesis|10:teeter_dance|28:quiver_dance|46:petal_dance|50:petal_blizzard;attract|confide|cut|double_team|dream_eater|energy_ball|facade|flash|frustration|giga_impact|grass_knot|hidden_power|hyper_beam|light_screen|nature_power|protect|rest|return|round|safeguard|secret_power|sleep_talk|solar_beam|substitute|sunny_day|swagger|swords_dance|toxic;after_you|covet|giga_drain|heal_bell|helping_hand|role_play|seed_bomb|snore|synthesis|worry_seed;;plant;;;549;Adornofloral;1,1;16,3;verde;100;no;El aroma de la flor de su tocado relaja a cualquiera a su alrededor. Hay que cuidarle mucho para que no se marchite.
basculin;Basculin;water;70;92;65;80;55;98;reckless;adaptability;mold_breaker;medium_fast;161;25;speed:2;1:flail|1:tackle|1:tail_whip|1:thrash|1:water_gun|4:uproar|7:headbutt|10:bite|13:aqua_jet|16:chip_away|20:take_down|24:crunch|28:aqua_tail|32:soak|36:double_edge|41:scary_face|46:flail|50:final_gambit|56:thrash;attract|confide|cut|dive|double_team|facade|frustration|hail|hidden_power|ice_beam|protect|rain_dance|rest|return|round|scald|secret_power|sleep_talk|substitute|surf|swagger|taunt|toxic|waterfall;aqua_tail|bounce|endeavor|icy_wind|snore|superpower|uproar|zen_headbutt;agility|brine|bubble_beam|mud_shot|muddy_water|rage|revenge|swift|whirlpool;water2;;;550;Violento;1;18;verde;50;no;Los de color azul y los de color rojo siempre se pelean. Son muy violentos, pero su sabor es excepcional.
sandile;Sandile;ground|dark;50;72;35;35;35;65;intimidate;moxie;anger_point;medium_slow;58;180;attack:1;1:leer|1:rage|4:bite|7:sand_attack|10:torment|13:sand_tomb|16:assurance|19:mud_slap|22:embargo|25:swagger|28:crunch|31:dig|34:scary_face|37:foul_play|40:sandstorm|43:earthquake|46:thrash;attract|bulldoze|confide|cut|dark_pulse|dig|double_team|earthquake|embargo|facade|frustration|hidden_power|hone_claws|incinerate|payback|protect|rest|retaliate|return|roar|rock_slide|rock_tomb|round|sandstorm|secret_power|sleep_talk|sludge_bomb|snarl|stone_edge|substitute|swagger|taunt|thief|torment|toxic;aqua_tail|earth_power|foul_play|iron_tail|snatch|snore|spite|stealth_rock|uproar;beat_up|counter|double_edge|fire_fang|focus_energy|me_first|mean_look|pursuit|rock_climb|thunder_fang|uproar;ground;krokorok@29;;551;Desierdrilo;0,7;15,2;marrón;50;no;Se desplaza hundido en la arena, dejando al descubierto solo los ojos y la nariz. Una membrana negra le protege los ojos.
krokorok;Krokorok;ground|dark;60;82;45;45;45;74;intimidate;moxie;anger_point;medium_slow;123;90;attack:2;1:bite|1:leer|1:rage|1:sand_attack|4:bite|7:sand_attack|10:torment|13:sand_tomb|16:assurance|19:mud_slap|22:embargo|25:swagger|28:crunch|32:dig|36:scary_face|40:foul_play|44:sandstorm|48:earthquake|52:thrash;attract|brick_break|bulldoze|confide|cut|dark_pulse|dig|double_team|earthquake|embargo|facade|fling|frustration|grass_knot|hidden_power|hone_claws|incinerate|low_sweep|payback|power_up_punch|protect|rest|retaliate|return|roar|rock_slide|rock_smash|rock_tomb|round|sandstorm|secret_power|shadow_claw|sleep_talk|sludge_bomb|snarl|stone_edge|strength|substitute|swagger|taunt|thief|torment|toxic;aqua_tail|earth_power|focus_punch|foul_play|iron_tail|knock_off|low_kick|snatch|snore|spite|stealth_rock|uproar;;ground;krookodile@40;;552;Desierdrilo;1;33,4;marrón;50;no;Viven en manadas. La membrana que cubre sus ojos los protege de la arena.
krookodile;Krookodile;ground|dark;95;117;80;65;70;92;intimidate;moxie;anger_point;medium_slow;234;45;attack:3;1:bite|1:leer|1:outrage|1:rage|1:sand_attack|4:bite|7:sand_attack|10:torment|13:sand_tomb|16:assurance|19:mud_slap|22:embargo|25:swagger|28:crunch|32:dig|36:scary_face|42:foul_play|48:sandstorm|54:earthquake|60:outrage;aerial_ace|attract|brick_break|bulk_up|bulldoze|confide|cut|dark_pulse|dig|double_team|dragon_claw|dragon_tail|earthquake|embargo|facade|fling|focus_blast|frustration|giga_impact|grass_knot|hidden_power|hone_claws|hyper_beam|incinerate|low_sweep|payback|power_up_punch|protect|rest|retaliate|return|roar|rock_slide|rock_smash|rock_tomb|round|sandstorm|secret_power|shadow_claw|sleep_talk|sludge_bomb|smack_down|snarl|stone_edge|strength|substitute|swagger|taunt|thief|torment|toxic;aqua_tail|block|dragon_pulse|earth_power|focus_punch|foul_play|iron_tail|knock_off|low_kick|outrage|snatch|snore|spite|stealth_rock|superpower|uproar;;ground;;;553;Amenazador;1,5;96,3;rojo;50;no;Un Pokémon bastante violento. Ataca todo lo que se mueva delante de él con sus mortíferas mandíbulas.
darumaka;Darumaka;fire;70;90;45;15;45;50;hustle;;inner_focus;medium_slow;63;120;attack:1;1:tackle|3:rollout|6:incinerate|9:rage|11:fire_fang|14:headbutt|17:uproar|19:facade|22:fire_punch|25:work_up|27:thrash|30:belly_drum|33:flare_blitz|35:taunt|39:superpower|42:overheat;attract|brick_break|confide|dig|double_team|facade|fire_blast|flame_charge|flamethrower|fling|frustration|grass_knot|gyro_ball|hidden_power|incinerate|overheat|power_up_punch|protect|rest|return|roar|rock_slide|rock_smash|rock_tomb|round|secret_power|sleep_talk|solar_beam|strength|substitute|sunny_day|swagger|taunt|thief|toxic|u_turn|will_o_wisp;endeavor|fire_punch|focus_punch|heat_wave|snatch|snore|superpower|uproar|zen_headbutt;encore|endure|flame_wheel|focus_energy|focus_punch|hammer_arm|sleep_talk|snatch|take_down|yawn;ground;darmanitan@35;;554;Daruma;0,6;37,5;rojo;50;no;Como sus excrementos están muy calientes, la gente de antaño se los metía en los bolsillos para calentarse.
darmanitan;Darmanitan;fire;105;140;55;30;55;95;sheer_force;;zen_mode;medium_slow;168;60;attack:2;1:incinerate|1:rage|1:rollout|1:tackle|3:rollout|6:incinerate|9:rage|11:fire_fang|14:headbutt|17:swagger|19:facade|22:fire_punch|25:work_up|27:thrash|30:belly_drum|33:flare_blitz|35:hammer_arm|39:taunt|47:superpower|54:overheat;attract|brick_break|bulk_up|bulldoze|confide|dig|double_team|earthquake|facade|fire_blast|flame_charge|flamethrower|fling|focus_blast|frustration|giga_impact|grass_knot|gyro_ball|hidden_power|hyper_beam|incinerate|overheat|payback|power_up_punch|protect|psychic|rest|return|roar|rock_slide|rock_smash|rock_tomb|round|secret_power|sleep_talk|smack_down|solar_beam|stone_edge|strength|substitute|sunny_day|swagger|taunt|thief|torment|toxic|u_turn|will_o_wisp;endeavor|fire_punch|focus_punch|heat_wave|snatch|snore|superpower|uproar|zen_headbutt;;ground;;;555;Candente;1,3;92,9;rojo;50;no;Cuando resulta gravemente herido, se endurece como una piedra y medita para agudizar la mente.
maractus;Maractus;grass;75;86;67;106;67;60;water_absorb;chlorophyll;storm_drain;medium_fast;161;255;sp_attack:2;1:absorb|1:after_you|1:cotton_guard|1:peck|1:spiky_shield|3:sweet_scent|6:growth|10:pin_missile|13:mega_drain|15:synthesis|18:cotton_spore|22:needle_arm|26:giga_drain|29:acupressure|33:ingrain|38:petal_dance|42:sucker_punch|45:sunny_day|48:petal_blizzard|50:solar_beam|55:cotton_guard|57:after_you;aerial_ace|attract|confide|double_team|energy_ball|facade|frustration|grass_knot|hidden_power|nature_power|poison_jab|protect|rest|return|round|safeguard|secret_power|sleep_talk|solar_beam|substitute|sunny_day|swagger|toxic;after_you|bounce|drain_punch|endeavor|giga_drain|helping_hand|hyper_voice|knock_off|seed_bomb|snore|synthesis|uproar|worry_seed;bounce|bullet_seed|grass_whistle|grassy_terrain|leech_seed|seed_bomb|spikes|wood_hammer|worry_seed;plant;;;556;Cactus;1;28;verde;50;no;Espanta a los Pokémon pájaro con un baile rápido y haciendo ruido para evitar que picoteen las semillas de sus flores.
dwebble;Dwebble;bug|rock;50;65;85;35;35;55;sturdy;shell_armor;weak_armor;medium_fast;65;190;defense:1;1:fury_cutter|5:rock_blast|7:withdraw|11:sand_attack|13:feint_attack|17:smack_down|19:rock_polish|23:bug_bite|24:stealth_rock|29:rock_slide|31:slash|35:x_scissor|37:shell_smash|41:flail|43:rock_wrecker;aerial_ace|attract|bulldoze|confide|cut|dig|double_team|earthquake|facade|frustration|hidden_power|hone_claws|nature_power|poison_jab|protect|rest|return|rock_polish|rock_slide|rock_smash|rock_tomb|round|sandstorm|secret_power|shadow_claw|sleep_talk|smack_down|solar_beam|stone_edge|strength|struggle_bug|substitute|swagger|swords_dance|toxic|x_scissor;block|bug_bite|iron_defense|knock_off|snore|stealth_rock;block|counter|curse|endure|iron_defense|night_slash|rototiller|sand_tomb|spikes|wide_guard;bug|mineral;crustle@34;;557;Casapiedra;0,3;14,5;rojo;50;no;Abre un agujero en la roca y vive en él. Si la roca se resquebraja, no se queda tranquilo hasta que no encuentra otra.
crustle;Crustle;bug|rock;70;95;125;65;75;45;sturdy;shell_armor;weak_armor;medium_fast;170;75;defense:2;1:rock_blast|1:sand_attack|1:shell_smash|1:withdraw|5:rock_blast|7:withdraw|11:sand_attack|13:feint_attack|17:smack_down|19:rock_polish|23:bug_bite|24:stealth_rock|29:rock_slide|31:slash|38:x_scissor|43:shell_smash|50:flail|55:rock_wrecker;aerial_ace|attract|bulldoze|confide|cut|dig|double_team|earthquake|facade|frustration|giga_impact|hidden_power|hone_claws|hyper_beam|nature_power|poison_jab|protect|rest|return|rock_polish|rock_slide|rock_smash|rock_tomb|round|sandstorm|secret_power|shadow_claw|sleep_talk|smack_down|solar_beam|stone_edge|strength|struggle_bug|substitute|swagger|swords_dance|toxic|x_scissor;block|bug_bite|iron_defense|knock_off|snore|stealth_rock;;bug|mineral;;;558;Casarroca;1,4;200;rojo;50;no;Su inmensa capacidad motriz le permite desplazarse cargando a sus espaldas rocas enormes durante días.
scraggy;Scraggy;dark|fighting;50;75;70;35;70;48;shed_skin;moxie;intimidate;medium_fast;70;180;attack:1;1:leer|1:low_kick|5:sand_attack|9:feint_attack|12:headbutt|16:swagger|20:brick_break|23:payback|27:chip_away|31:high_jump_kick|34:scary_face|38:crunch|42:facade|45:rock_climb|48:focus_punch|50:head_smash;attract|brick_break|bulk_up|confide|dark_pulse|dig|double_team|dragon_claw|dragon_tail|facade|fling|focus_blast|frustration|grass_knot|hidden_power|incinerate|low_sweep|payback|poison_jab|power_up_punch|protect|rain_dance|rest|retaliate|return|roar|rock_slide|rock_smash|rock_tomb|round|secret_power|sleep_talk|sludge_bomb|smack_down|snarl|stone_edge|strength|substitute|sunny_day|swagger|taunt|torment|toxic;dragon_pulse|drain_punch|dual_chop|fire_punch|focus_punch|foul_play|ice_punch|iron_defense|iron_head|iron_tail|knock_off|low_kick|snatch|snore|spite|super_fang|thunder_punch|zen_headbutt;amnesia|counter|detect|dragon_dance|drain_punch|fake_out|feint_attack|fire_punch|ice_punch|quick_guard|thunder_punch|zen_headbutt;ground|dragon;scrafty@39;;559;Mudapiel;0,6;11,8;amarillo;50;no;Se sube la piel hasta el cuello para defenderse. Su elasticidad, similar a la de una goma, reduce el daño recibido.
scrafty;Scrafty;dark|fighting;65;90;115;45;115;58;shed_skin;moxie;intimidate;medium_fast;171;90;defense:1|sp_defense:1;1:feint_attack|1:leer|1:low_kick|1:sand_attack|5:sand_attack|9:feint_attack|12:headbutt|16:swagger|20:brick_break|23:payback|27:chip_away|31:high_jump_kick|34:scary_face|38:crunch|45:facade|51:rock_climb|58:focus_punch|65:head_smash;attract|brick_break|bulk_up|confide|dark_pulse|dig|double_team|dragon_claw|dragon_tail|facade|fling|focus_blast|frustration|giga_impact|grass_knot|hidden_power|hyper_beam|incinerate|low_sweep|payback|poison_jab|power_up_punch|protect|rain_dance|rest|retaliate|return|roar|rock_slide|rock_smash|rock_tomb|round|secret_power|sleep_talk|sludge_bomb|smack_down|snarl|stone_edge|strength|substitute|sunny_day|swagger|taunt|thief|torment|toxic;dragon_pulse|drain_punch|dual_chop|fire_punch|focus_punch|foul_play|ice_punch|iron_defense|iron_head|iron_tail|knock_off|low_kick|outrage|snatch|snore|spite|super_fang|thunder_punch|zen_headbutt;;ground|dragon;;;560;Gamberro;1,1;30;rojo;50;no;Se protege de los ataques con la muda de su piel mientras reparte patadas. Cuanto mayor es su cresta, más se le respeta.
sigilyph;Sigilyph;psychic|flying;72;58;80;103;80;97;wonder_skin;magic_guard;tinted_lens;medium_fast;172;45;sp_attack:2;1:gust|1:miracle_eye|4:hypnosis|8:psywave|11:tailwind|14:whirlwind|18:psybeam|21:air_cutter|24:light_screen|28:reflect|31:synchronoise|34:mirror_move|38:gravity|41:air_slash|44:psychic|48:cosmic_power|50:sky_attack;aerial_ace|attract|calm_mind|charge_beam|confide|dark_pulse|dazzling_gleam|double_team|dream_eater|energy_ball|facade|flash|flash_cannon|fly|frustration|hidden_power|hyper_beam|ice_beam|light_screen|protect|psych_up|psychic|psyshock|rain_dance|reflect|rest|return|roost|round|safeguard|secret_power|shadow_ball|sleep_talk|smack_down|solar_beam|steel_wing|substitute|swagger|thief|thunder_wave|toxic|trick_room;gravity|heat_wave|icy_wind|magic_coat|magic_room|shock_wave|signal_beam|skill_swap|sky_attack|snore|tailwind|trick|zen_headbutt;ancient_power|future_sight|psycho_shift|roost|skill_swap|steel_wing|stored_power;flying;;;561;Pseudopájaro;1,4;14;negro;50;no;Fue la deidad protectora de una ciudad milenaria. Ataca con su poder psíquico a los enemigos que invaden su territorio.
yamask;Yamask;ghost;38;30;85;55;65;30;mummy;;;medium_fast;61;190;defense:1;1:astonish|1:protect|5:disable|9:haze|13:night_shade|17:hex|21:will_o_wisp|25:ominous_wind|29:curse|33:guard_split|33:power_split|37:shadow_ball|41:grudge|45:mean_look|49:destiny_bond;attract|calm_mind|confide|dark_pulse|double_team|dream_eater|embargo|energy_ball|facade|flash|frustration|hidden_power|infestation|payback|protect|psych_up|psychic|rain_dance|rest|return|round|safeguard|secret_power|shadow_ball|sleep_talk|substitute|swagger|thief|toxic|trick_room|will_o_wisp;after_you|block|iron_defense|knock_off|magic_coat|pain_split|role_play|shock_wave|skill_swap|snatch|snore|spite|trick|wonder_room|zen_headbutt;ally_switch|disable|endure|fake_tears|heal_block|imprison|memento|nasty_plot|nightmare|toxic_spikes;mineral|indeterminate;cofagrigus@34;;562;Espíritu;0,5;1,5;negro;50;no;Almas de humanos sepultados en tumbas que han adquirido forma de Pokémon. Recuerdan su vida antes de la muerte.
cofagrigus;Cofagrigus;ghost;58;50;145;95;105;30;mummy;;;medium_fast;169;90;defense:2;1:astonish|1:disable|1:haze|1:protect|5:disable|9:haze|13:night_shade|17:hex|21:will_o_wisp|25:ominous_wind|29:curse|33:guard_split|33:power_split|34:scary_face|39:shadow_ball|45:grudge|51:mean_look|57:destiny_bond;attract|calm_mind|confide|dark_pulse|double_team|dream_eater|embargo|energy_ball|facade|flash|frustration|giga_impact|grass_knot|hidden_power|hyper_beam|infestation|payback|protect|psych_up|psychic|rain_dance|rest|return|round|safeguard|secret_power|shadow_ball|sleep_talk|substitute|swagger|thief|toxic|trick_room|will_o_wisp;after_you|block|iron_defense|knock_off|magic_coat|pain_split|role_play|shock_wave|skill_swap|snatch|snore|spite|trick|wonder_room|zen_headbutt;;mineral|indeterminate;;;563;Sepultura;1,7;76,5;amarillo;50;no;Se comenta que engulle a todo humano que se le acerca y lo momifica. Su comida favorita son las pepitas de oro.
tirtouga;Tirtouga;water|rock;54;78;103;53;45;22;solid_rock;sturdy;swift_swim;medium_fast;71;45;defense:1;1:bide|1:water_gun|1:withdraw|5:rollout|8:bite|11:protect|15:aqua_jet|18:ancient_power|21:crunch|25:wide_guard|28:brine|31:smack_down|35:curse|38:shell_smash|41:aqua_tail|45:rock_slide|48:rain_dance|50:hydro_pump;attract|blizzard|bulldoze|confide|dig|dive|double_team|earthquake|facade|frustration|hidden_power|ice_beam|protect|rain_dance|rest|return|rock_polish|rock_slide|rock_smash|rock_tomb|round|sandstorm|scald|secret_power|sleep_talk|smack_down|stone_edge|strength|substitute|surf|swagger|toxic|waterfall;aqua_tail|block|earth_power|icy_wind|iron_defense|iron_tail|knock_off|snore|stealth_rock|water_pulse|zen_headbutt;bide|body_slam|flail|guard_swap|iron_defense|knock_off|rock_throw|slam|water_pulse|whirlpool;water1|water3;carracosta@37;;564;Pretortuga;0,7;16,5;azul;12,5;no;Ya pululaba por las aguas hace 100 millones de años. También va a tierra a veces en busca de alimento.
carracosta;Carracosta;water|rock;74;108;133;83;65;32;solid_rock;sturdy;swift_swim;medium_fast;173;45;defense:2;1:bide|1:rollout|1:water_gun|1:withdraw|5:rollout|8:bite|11:protect|15:aqua_jet|18:ancient_power|21:crunch|25:wide_guard|28:brine|31:smack_down|35:curse|40:shell_smash|45:aqua_tail|51:rock_slide|56:rain_dance|61:hydro_pump;attract|blizzard|bulldoze|confide|dig|dive|double_team|earthquake|facade|focus_blast|frustration|giga_impact|hidden_power|hyper_beam|ice_beam|protect|rain_dance|rest|return|rock_polish|rock_slide|rock_smash|rock_tomb|round|sandstorm|scald|secret_power|sleep_talk|smack_down|stone_edge|strength|substitute|surf|swagger|toxic|waterfall;aqua_tail|block|earth_power|icy_wind|iron_defense|iron_head|iron_tail|knock_off|low_kick|snore|stealth_rock|superpower|water_pulse|zen_headbutt;;water1|water3;;;565;Pretortuga;1,2;81;azul;12,5;no;Vive en el mar y en la superficie. Sus garras pueden abrir un agujero en el fondo de un petrolero.
archen;Archen;rock|flying;55;112;45;74;45;70;defeatist;;;medium_fast;71;45;attack:1;1:leer|1:quick_attack|1:wing_attack|5:rock_throw|8:double_team|11:scary_face|15:pluck|18:ancient_power|21:agility|25:quick_guard|28:acrobatics|31:dragon_breath|35:crunch|38:endeavor|41:u_turn|45:rock_slide|48:dragon_claw|50:thrash;acrobatics|aerial_ace|attract|bulldoze|confide|cut|dig|double_team|dragon_claw|earthquake|facade|frustration|hidden_power|hone_claws|protect|rest|return|roar|rock_polish|rock_slide|rock_smash|rock_tomb|roost|round|sandstorm|secret_power|shadow_claw|sleep_talk|smack_down|steel_wing|stone_edge|substitute|swagger|taunt|torment|toxic|u_turn;aqua_tail|bounce|dragon_pulse|earth_power|endeavor|heat_wave|iron_defense|iron_tail|knock_off|snore|stealth_rock|tailwind|uproar|zen_headbutt;ally_switch|bite|defog|dragon_pulse|earth_power|head_smash|knock_off|steel_wing|switcheroo;flying|water3;archeops@37;;566;Protopájaro;0,5;9,5;amarillo;12,5;no;Pokémon que renació de un fósil. Dicen que es el antepasado de todos los Pokémon pájaro.
archeops;Archeops;rock|flying;75;140;65;112;65;110;defeatist;;;medium_fast;177;45;attack:2;1:leer|1:quick_attack|1:rock_throw|1:wing_attack|5:rock_throw|8:double_team|11:scary_face|15:pluck|18:ancient_power|21:agility|25:quick_guard|28:acrobatics|31:dragon_breath|35:crunch|40:endeavor|45:u_turn|51:rock_slide|56:dragon_claw|61:thrash;acrobatics|aerial_ace|attract|bulldoze|confide|cut|dig|double_team|dragon_claw|dragon_tail|earthquake|facade|fly|focus_blast|frustration|giga_impact|hidden_power|hone_claws|hyper_beam|protect|rest|return|roar|rock_polish|rock_slide|rock_smash|rock_tomb|roost|round|sandstorm|secret_power|shadow_claw|sleep_talk|smack_down|steel_wing|stone_edge|substitute|swagger|taunt|torment|toxic|u_turn;aqua_tail|bounce|dragon_pulse|earth_power|endeavor|heat_wave|iron_defense|iron_tail|knock_off|outrage|sky_attack|snore|stealth_rock|tailwind|uproar|zen_headbutt;;flying|water3;;;567;Protopájaro;1,4;32;amarillo;12,5;no;Levanta el vuelo tras coger carrerilla. Coopera con sus compañeros de bandada para atrapar a sus presas.
trubbish;Trubbish;poison;50;50;62;40;62;65;stench;sticky_hold;aftermath;medium_fast;66;190;speed:1;1:poison_gas|1:pound|3:recycle|7:toxic_spikes|12:acid_spray|14:double_slap|18:sludge|23:stockpile|23:swallow|25:take_down|29:sludge_bomb|34:clear_smog|36:toxic|40:amnesia|42:belch|45:gunk_shot|47:explosion;attract|confide|dark_pulse|double_team|explosion|facade|frustration|hidden_power|infestation|payback|protect|rain_dance|rest|return|round|secret_power|sleep_talk|sludge_bomb|sludge_wave|substitute|sunny_day|swagger|thief|toxic|venoshock;drain_punch|giga_drain|gunk_shot|pain_split|recycle|seed_bomb|snore|spite;curse|haze|mud_sport|rock_blast|rollout|sand_attack|self_destruct|spikes;mineral;garbodor@36;;568;Bolsa Basura;0,6;31;verde;50;no;Pokémon nacido de la reacción química entre una bolsa de basura y residuos industriales.
garbodor;Garbodor;poison;80;95;82;60;82;75;stench;weak_armor;aftermath;medium_fast;166;60;attack:2;1:poison_gas|1:pound|1:recycle|1:toxic_spikes|3:recycle|7:toxic_spikes|12:acid_spray|14:double_slap|18:sludge|23:stockpile|23:swallow|25:body_slam|29:sludge_bomb|34:clear_smog|39:toxic|46:amnesia|49:belch|54:gunk_shot|59:explosion;attract|confide|dark_pulse|double_team|explosion|facade|fling|focus_blast|frustration|giga_impact|hidden_power|hyper_beam|infestation|payback|protect|psychic|rain_dance|rest|return|rock_polish|round|secret_power|sleep_talk|sludge_bomb|sludge_wave|smack_down|solar_beam|substitute|sunny_day|swagger|thief|thunderbolt|toxic|venoshock;drain_punch|giga_drain|gunk_shot|pain_split|recycle|seed_bomb|snore|spite;;mineral;;;569;Vertedero;1,9;107,3;verde;50;no;Apresa a su rival con el brazo izquierdo y le da el golpe de gracia exhalando por la boca un apestoso gas venenoso.
zorua;Zorua;dark;40;65;40;80;40;65;illusion;;;medium_slow;66;75;sp_attack:1;1:leer|1:scratch|5:pursuit|9:fake_tears|13:fury_swipes|17:feint_attack|21:scary_face|25:taunt|29:foul_play|33:torment|37:agility|41:embargo|45:punishment|49:nasty_plot|53:imprison|57:night_daze;aerial_ace|attract|calm_mind|confide|cut|dark_pulse|dig|double_team|embargo|facade|fling|frustration|grass_knot|hidden_power|hone_claws|incinerate|payback|protect|psych_up|rain_dance|rest|retaliate|return|roar|round|secret_power|shadow_ball|sleep_talk|snarl|substitute|sunny_day|swagger|swords_dance|taunt|thief|torment|toxic|u_turn;bounce|covet|foul_play|hyper_voice|knock_off|snatch|snore|spite|trick|uproar;captivate|copycat|counter|dark_pulse|detect|extrasensory|memento|snatch|sucker_punch;ground;zoroark@30;;570;Zorro Pillo;0,7;12,5;gris;12,5;no;Adopta la apariencia de su enemigo para engañarlo vilmente y aprovecha su estupor para poner tierra por medio.
zoroark;Zoroark;dark;60;105;60;120;60;105;illusion;;;medium_slow;179;45;sp_attack:2;1:hone_claws|1:imprison|1:leer|1:night_daze|1:pursuit|1:scratch|1:u_turn|5:pursuit|9:hone_claws|13:fury_swipes|17:feint_attack|21:scary_face|25:taunt|29:foul_play|30:night_slash|34:torment|39:agility|44:embargo|49:punishment|54:nasty_plot|59:imprison|64:night_daze;aerial_ace|attract|calm_mind|confide|cut|dark_pulse|dig|double_team|embargo|facade|flamethrower|fling|focus_blast|frustration|giga_impact|grass_knot|hidden_power|hone_claws|hyper_beam|incinerate|low_sweep|payback|protect|psych_up|rain_dance|rest|retaliate|return|roar|rock_smash|round|secret_power|shadow_ball|shadow_claw|sleep_talk|snarl|substitute|sunny_day|swagger|swords_dance|taunt|thief|torment|toxic|u_turn;bounce|covet|foul_play|hyper_voice|knock_off|low_kick|snatch|snore|spite|trick|uproar;;ground;;;571;Disfrazorro;1,6;81,1;gris;12,5;no;Tiene la facultad de confundir a muchos humanos a la vez. Protege su guarida creando un paisaje ilusorio.
minccino;Minccino;normal;55;50;40;40;40;75;cute_charm;technician;skill_link;fast;60;255;speed:1;1:pound|3:baby_doll_eyes|7:helping_hand|9:tickle|13:double_slap|15:encore|19:swift|21:sing|25:tail_slap|27:charm|31:wake_up_slap|33:echoed_voice|37:slam|39:captivate|43:hyper_voice|45:last_resort|49:after_you;attract|calm_mind|confide|dazzling_gleam|dig|double_team|echoed_voice|facade|fling|frustration|grass_knot|hidden_power|protect|rain_dance|rest|retaliate|return|round|safeguard|secret_power|sleep_talk|substitute|sunny_day|swagger|thief|thunder_wave|thunderbolt|toxic|u_turn;after_you|aqua_tail|covet|gunk_shot|helping_hand|hyper_voice|iron_tail|knock_off|last_resort|seed_bomb|shock_wave|snore|uproar;aqua_tail|endure|fake_tears|flail|iron_tail|knock_off|mud_slap|sleep_talk|tail_whip;ground;cinccino@objeto:shiny_stone;;572;Chinchilla;0,4;5,8;gris;75;no;Se saludan entre sí frotándose con la cola y limpiándose a conciencia.
cinccino;Cinccino;normal;75;95;60;65;60;115;cute_charm;technician;skill_link;fast;165;60;speed:2;1:bullet_seed|1:helping_hand|1:rock_blast|1:sing|1:tail_slap|1:tickle;attract|calm_mind|confide|dazzling_gleam|dig|double_team|echoed_voice|facade|fling|focus_blast|frustration|giga_impact|grass_knot|hidden_power|hyper_beam|light_screen|protect|rain_dance|rest|retaliate|return|round|safeguard|secret_power|sleep_talk|substitute|sunny_day|swagger|thief|thunder|thunder_wave|thunderbolt|toxic|u_turn;after_you|aqua_tail|covet|gunk_shot|helping_hand|hyper_voice|iron_tail|knock_off|last_resort|seed_bomb|shock_wave|snore|uproar;;ground;;;573;Estola;0,5;7,5;gris;75;no;El pelo que cubre su cuerpo proporciona una agradable sensación al tocarlo. No acumula ni polvo ni electricidad estática.
gothita;Gothita;psychic;45;30;50;55;65;45;frisk;competitive;shadow_tag;medium_slow;58;200;sp_defense:1;1:pound|3:confusion|7:tickle|8:play_nice|10:fake_tears|14:double_slap|16:psybeam|19:embargo|24:feint_attack|25:psyshock|28:flatter|31:future_sight|33:heal_block|37:psychic|40:telekinesis|46:charm|48:magic_room;attract|calm_mind|charge_beam|confide|dark_pulse|double_team|dream_eater|embargo|energy_ball|facade|flash|fling|frustration|grass_knot|hidden_power|light_screen|payback|protect|psych_up|psychic|psyshock|rain_dance|reflect|rest|return|rock_slide|rock_tomb|round|safeguard|secret_power|shadow_ball|sleep_talk|substitute|swagger|taunt|thief|thunder_wave|thunderbolt|torment|toxic|trick_room;covet|foul_play|gravity|heal_bell|helping_hand|magic_coat|magic_room|recycle|role_play|shock_wave|signal_beam|skill_swap|snatch|snore|trick|uproar|zen_headbutt;captivate|dark_pulse|heal_pulse|mean_look|miracle_eye|mirror_coat|uproar;humanshape;gothorita@32;;574;Inquisitivo;0,4;5,8;morado;75;no;Amplifica su poder psíquico con sus antenitas en forma de lazo. Siempre está mirando algo fijamente.
gothorita;Gothorita;psychic;60;45;70;75;85;55;frisk;competitive;shadow_tag;medium_slow;137;100;sp_defense:2;1:confusion|1:play_nice|1:pound|1:tickle|3:confusion|7:tickle|10:fake_tears|14:double_slap|16:psybeam|19:embargo|24:feint_attack|25:psyshock|28:flatter|31:future_sight|34:heal_block|39:psychic|43:telekinesis|50:charm|53:magic_room;attract|calm_mind|charge_beam|confide|dark_pulse|double_team|dream_eater|embargo|energy_ball|facade|flash|fling|frustration|grass_knot|hidden_power|light_screen|payback|protect|psych_up|psychic|psyshock|rain_dance|reflect|rest|return|rock_slide|rock_tomb|round|safeguard|secret_power|shadow_ball|sleep_talk|substitute|swagger|taunt|thief|thunder_wave|thunderbolt|torment|toxic|trick_room;covet|foul_play|gravity|heal_bell|helping_hand|magic_coat|magic_room|recycle|role_play|shock_wave|signal_beam|skill_swap|snatch|snore|trick|uproar|zen_headbutt;;humanshape;gothitelle@41;;575;Manipulador;0,7;18;morado;75;no;La luz de las estrellas origina su poder. De noche, marca su posición haciendo levitar piedras con su poder psíquico.
gothitelle;Gothitelle;psychic;70;55;95;95;110;65;frisk;competitive;shadow_tag;medium_slow;221;50;sp_defense:3;1:confusion|1:play_nice|1:pound|1:tickle|3:confusion|7:tickle|10:fake_tears|14:double_slap|16:psybeam|19:embargo|24:feint_attack|25:psyshock|28:flatter|31:future_sight|34:heal_block|39:psychic|45:telekinesis|54:charm|59:magic_room;attract|brick_break|calm_mind|charge_beam|confide|dark_pulse|double_team|dream_eater|embargo|energy_ball|facade|flash|fling|frustration|giga_impact|grass_knot|hidden_power|hyper_beam|light_screen|low_sweep|payback|power_up_punch|protect|psych_up|psychic|psyshock|rain_dance|reflect|rest|return|rock_slide|rock_tomb|round|safeguard|secret_power|shadow_ball|sleep_talk|substitute|swagger|taunt|thief|thunder_wave|thunderbolt|torment|toxic|trick_room;covet|foul_play|gravity|heal_bell|helping_hand|magic_coat|magic_room|recycle|role_play|shock_wave|signal_beam|skill_swap|snatch|snore|trick|uproar|zen_headbutt;;humanshape;;;576;Astro;1,5;44;morado;75;no;Su inmenso poder psíquico distorsiona el espacio y le permite reflejar incluso estrellas a años luz de distancia.
solosis;Solosis;psychic;45;30;40;105;50;20;overcoat;magic_guard;regenerator;medium_slow;58;200;sp_attack:1;1:psywave|3:reflect|7:rollout|10:snatch|14:hidden_power|16:light_screen|19:charm|24:recover|25:psyshock|28:endeavor|31:future_sight|33:pain_split|37:psychic|40:skill_swap|46:heal_block|48:wonder_room;attract|calm_mind|confide|double_team|dream_eater|embargo|energy_ball|explosion|facade|flash|flash_cannon|frustration|gyro_ball|hidden_power|infestation|light_screen|protect|psych_up|psychic|psyshock|rain_dance|reflect|rest|return|rock_slide|rock_tomb|round|safeguard|secret_power|shadow_ball|sleep_talk|substitute|swagger|thunder|thunder_wave|toxic|trick_room;after_you|endeavor|gravity|helping_hand|iron_defense|magic_coat|pain_split|role_play|shock_wave|signal_beam|skill_swap|snatch|snore|trick|wonder_room|zen_headbutt;acid_armor|astonish|confuse_ray|helping_hand|imprison|night_shade|secret_power|trick;indeterminate;duosion@32;;577;Célula;0,3;1;verde;50;no;Gracias a la sustancia viscosa que envuelve su cuerpo, permanece tranquilo por dura o rigurosa que sea la situación.
duosion;Duosion;psychic;65;40;50;125;60;30;overcoat;magic_guard;regenerator;medium_slow;130;100;sp_attack:2;1:psywave|1:reflect|1:rollout|1:snatch|3:reflect|7:rollout|10:snatch|14:hidden_power|16:light_screen|19:charm|24:recover|25:psyshock|28:endeavor|31:future_sight|34:pain_split|39:psychic|43:skill_swap|50:heal_block|53:wonder_room;attract|calm_mind|confide|double_team|dream_eater|embargo|energy_ball|explosion|facade|flash|flash_cannon|frustration|gyro_ball|hidden_power|infestation|light_screen|protect|psych_up|psychic|psyshock|rain_dance|reflect|rest|return|rock_slide|rock_tomb|round|safeguard|secret_power|shadow_ball|sleep_talk|substitute|swagger|thunder|thunder_wave|toxic|trick_room;after_you|endeavor|gravity|helping_hand|iron_defense|magic_coat|pain_split|role_play|shock_wave|signal_beam|skill_swap|snatch|snore|trick|wonder_room|zen_headbutt;;indeterminate;reuniclus@41;;578;Mitosis;0,6;8;verde;50;no;Dado que su cerebro está dividido en dos, a veces tiene conflictos a la hora de decidir qué hacer.
reuniclus;Reuniclus;psychic;110;65;75;125;85;30;overcoat;magic_guard;regenerator;medium_slow;221;50;sp_attack:3;1:psywave|1:reflect|1:rollout|1:snatch|3:reflect|7:rollout|10:snatch|14:hidden_power|16:light_screen|19:charm|24:recover|25:psyshock|28:endeavor|31:future_sight|34:pain_split|39:psychic|41:dizzy_punch|45:skill_swap|54:heal_block|59:wonder_room;attract|calm_mind|confide|double_team|dream_eater|embargo|energy_ball|explosion|facade|flash|flash_cannon|fling|focus_blast|frustration|giga_impact|grass_knot|gyro_ball|hidden_power|hyper_beam|infestation|light_screen|power_up_punch|protect|psych_up|psychic|psyshock|rain_dance|reflect|rest|return|rock_slide|rock_smash|rock_tomb|round|safeguard|secret_power|shadow_ball|sleep_talk|strength|substitute|swagger|thunder|thunder_wave|toxic|trick_room;after_you|drain_punch|endeavor|fire_punch|focus_punch|gravity|helping_hand|ice_punch|iron_defense|knock_off|magic_coat|pain_split|role_play|shock_wave|signal_beam|skill_swap|snatch|snore|superpower|thunder_punch|trick|wonder_room|zen_headbutt;;indeterminate;;;579;Ampliación;1;20,1;verde;50;no;Hacen gala de su poder psíquico y mueven sus brazos compuestos de líquido para controlar rocas y hacerlas añicos.
ducklett;Ducklett;water|flying;62;44;50;44;50;55;keen_eye;big_pecks;hydration;medium_fast;61;190;hp:1;1:water_gun|3:water_sport|6:defog|9:wing_attack|13:water_pulse|15:aerial_ace|19:bubble_beam|21:feather_dance|24:aqua_ring|27:air_slash|30:roost|34:rain_dance|37:tailwind|41:brave_bird|46:hurricane;aerial_ace|attract|confide|dive|double_team|facade|fly|frustration|hail|hidden_power|ice_beam|protect|rain_dance|rest|return|roost|round|scald|secret_power|sleep_talk|steel_wing|substitute|surf|swagger|toxic;endeavor|icy_wind|snore|tailwind|uproar|water_pulse;air_cutter|brine|gust|lucky_chant|me_first|mirror_move|mud_sport|steel_wing;water1|flying;swanna@35;;580;Ave Agua;0,5;5,5;azul;50;no;Cuando se ve atacado, las plumas que lo recubren despiden ráfagas de agua que lo ayudan a escapar.
swanna;Swanna;water|flying;75;87;63;87;63;98;keen_eye;big_pecks;hydration;medium_fast;166;45;speed:2;1:defog|1:water_gun|1:water_sport|1:wing_attack|3:water_sport|6:defog|9:wing_attack|13:water_pulse|15:aerial_ace|19:bubble_beam|21:feather_dance|24:aqua_ring|27:air_slash|30:roost|34:rain_dance|40:tailwind|47:brave_bird|55:hurricane;aerial_ace|attract|confide|dive|double_team|facade|fly|frustration|giga_impact|hail|hidden_power|hyper_beam|ice_beam|protect|rain_dance|rest|return|roost|round|scald|secret_power|sleep_talk|steel_wing|substitute|surf|swagger|toxic;endeavor|icy_wind|sky_attack|snore|tailwind|uproar|water_pulse;;water1|flying;;;581;Cisne;1,3;24,2;blanco;50;no;Aunque no lo parezca por su grácil elegancia, puede batir con fuerza las alas y volar durante miles de kilómetros.
vanillite;Vanillite;ice;36;50;50;65;60;44;ice_body;;weak_armor;slow;61;255;sp_attack:1;1:icicle_spear|4:harden|7:astonish|10:uproar|13:icy_wind|16:mist|19:avalanche|22:taunt|26:mirror_shot|31:acid_armor|35:ice_beam|40:hail|44:mirror_coat|49:blizzard|53:sheer_cold;attract|blizzard|confide|double_team|explosion|facade|flash_cannon|frost_breath|frustration|hail|hidden_power|ice_beam|light_screen|protect|rain_dance|rest|return|round|secret_power|sleep_talk|substitute|swagger|taunt|toxic;icy_wind|iron_defense|magic_coat|magnet_rise|signal_beam|snore|uproar|water_pulse;autotomize|ice_shard|imprison|iron_defense|magnet_rise|natural_gift|powder_snow|water_pulse;mineral;vanillish@35;;582;Nieve Fresca;0,4;5,7;blanco;50;no;Lanza un aliento de -50 °C. Crea bloques de nieve y es capaz de lograr que nieve a su alrededor.
vanillish;Vanillish;ice;51;65;65;80;75;59;ice_body;;weak_armor;slow;138;120;sp_attack:2;1:astonish|1:harden|1:icicle_spear|1:uproar|4:harden|7:astonish|10:uproar|13:icy_wind|16:mist|19:avalanche|22:taunt|26:mirror_shot|31:acid_armor|36:ice_beam|42:hail|47:mirror_coat|53:blizzard|58:sheer_cold;attract|blizzard|confide|double_team|explosion|facade|flash_cannon|frost_breath|frustration|hail|hidden_power|ice_beam|light_screen|protect|rain_dance|rest|return|round|secret_power|sleep_talk|substitute|swagger|taunt|toxic;icy_wind|iron_defense|magic_coat|magnet_rise|signal_beam|snore|uproar|water_pulse;;mineral;vanilluxe@47;;583;Nieve Helada;1,1;41;blanco;50;no;Enfrían el aire a su alrededor y crean partículas de hielo mediante las cuales congelan a sus oponentes.
vanilluxe;Vanilluxe;ice;71;95;85;110;95;79;ice_body;;weak_armor;slow;241;45;sp_attack:3;1:astonish|1:freeze_dry|1:harden|1:icicle_spear|1:sheer_cold|1:uproar|1:weather_ball|4:harden|7:astonish|10:uproar|13:icy_wind|16:mist|19:avalanche|22:taunt|26:mirror_shot|31:acid_armor|36:ice_beam|42:hail|50:mirror_coat|59:blizzard|67:sheer_cold;attract|blizzard|confide|double_team|explosion|facade|flash_cannon|frost_breath|frustration|giga_impact|hail|hidden_power|hyper_beam|ice_beam|light_screen|protect|rain_dance|rest|return|round|secret_power|sleep_talk|substitute|swagger|taunt|toxic;icy_wind|iron_defense|magic_coat|magnet_rise|signal_beam|snore|uproar|water_pulse;;mineral;;;584;Nieve Gélida;1,3;57,5;blanco;50;no;Si sus dos cabezas se irritan al mismo tiempo, genera una ventisca desde su cuerno cubriendo su entorno con nieve.
deerling;Deerling;normal|grass;60;60;50;40;50;75;chlorophyll;sap_sipper;serene_grace;medium_fast;67;190;speed:1;1:camouflage|1:tackle|4:growl|7:sand_attack|10:double_kick|13:leech_seed|16:feint_attack|20:take_down|24:jump_kick|28:aromatherapy|32:energy_ball|36:charm|41:nature_power|46:double_edge|51:solar_beam;attract|confide|double_team|echoed_voice|energy_ball|facade|flash|frustration|grass_knot|hidden_power|light_screen|nature_power|protect|rain_dance|rest|retaliate|return|round|safeguard|secret_power|shadow_ball|sleep_talk|solar_beam|substitute|sunny_day|swagger|thunder_wave|toxic|wild_charge;bounce|giga_drain|last_resort|seed_bomb|snore|synthesis|worry_seed;agility|baton_pass|fake_tears|grass_whistle|natural_gift|odor_sleuth|sleep_talk|synthesis|worry_seed;ground;sawsbuck@34;;585;Estacional;0,6;19,5;rosa;50;no;El color de su cuerpo cambia no solo con las estaciones, sino también con los cambios de humedad y temperatura.
sawsbuck;Sawsbuck;normal|grass;80;100;70;60;70;95;chlorophyll;sap_sipper;serene_grace;medium_fast;166;75;attack:2;1:camouflage|1:growl|1:megahorn|1:sand_attack|1:tackle|4:growl|7:sand_attack|10:double_kick|13:leech_seed|16:feint_attack|20:take_down|24:jump_kick|28:aromatherapy|32:energy_ball|36:charm|37:horn_leech|44:nature_power|52:double_edge|60:solar_beam;attract|confide|cut|double_team|echoed_voice|energy_ball|facade|flash|frustration|giga_impact|grass_knot|hidden_power|hyper_beam|light_screen|nature_power|protect|rain_dance|rest|retaliate|return|rock_smash|round|safeguard|secret_power|shadow_ball|sleep_talk|solar_beam|substitute|sunny_day|swagger|swords_dance|thunder_wave|toxic|wild_charge;bounce|giga_drain|last_resort|seed_bomb|snore|synthesis|worry_seed;;ground;;;586;Estacional;1,9;92,5;marrón;50;no;Cambia de morada dependiendo de las estaciones. Observando sus cuernos, la gente sabe cuándo estas van a cambiar.
emolga;Emolga;electric|flying;55;75;60;75;60;103;static;;motor_drive;medium_fast;150;200;speed:2;1:thunder_shock|4:quick_attack|7:tail_whip|10:charge|13:spark|15:nuzzle|16:pursuit|19:double_team|22:shock_wave|26:electro_ball|30:acrobatics|34:light_screen|38:encore|42:volt_switch|46:agility|50:discharge;acrobatics|aerial_ace|attract|charge_beam|confide|cut|double_team|facade|flash|fling|frustration|hidden_power|light_screen|protect|rain_dance|rest|return|roost|round|secret_power|sleep_talk|substitute|swagger|taunt|thunder|thunder_wave|thunderbolt|toxic|u_turn|volt_switch|wild_charge;covet|electroweb|helping_hand|iron_tail|knock_off|last_resort|shock_wave|signal_beam|snore|tailwind;air_slash|astonish|baton_pass|charm|covet|ion_deluge|iron_tail|roost|shock_wave|tickle;ground;;;587;Vuelardilla;0,4;5;blanco;50;no;Vive en la copa de los árboles. Produce descargas mientras vuela con el interior de la membrana que hace de capa.
karrablast;Karrablast;bug;50;75;45;40;45;60;swarm;shed_skin;no_guard;medium_fast;63;200;attack:1;1:peck|4:leer|8:endure|13:fury_cutter|16:fury_attack|20:headbutt|25:false_swipe|28:bug_buzz|32:slash|37:take_down|40:scary_face|44:x_scissor|49:flail|52:swords_dance|56:double_edge;aerial_ace|attract|confide|cut|double_team|energy_ball|facade|false_swipe|frustration|hidden_power|infestation|poison_jab|protect|rain_dance|rest|return|round|secret_power|sleep_talk|struggle_bug|substitute|swagger|swords_dance|toxic|x_scissor;bug_bite|drill_run|giga_drain|iron_defense|knock_off|signal_beam|snore;bug_bite|counter|drill_run|feint_attack|horn_attack|knock_off|megahorn|pursuit|screech;bug;escavalier@intercambio;;588;Bocado;0,5;5,9;azul;50;no;Si recibe un estímulo eléctrico al estar en contacto con un Shelmet, evoluciona.
escavalier;Escavalier;bug|steel;70;135;105;60;105;20;swarm;shell_armor;overcoat;medium_fast;173;75;attack:2;1:double_edge|1:fell_stinger|1:leer|1:peck|1:quick_guard|1:twineedle|4:leer|8:quick_guard|13:twineedle|16:fury_attack|20:headbutt|25:false_swipe|28:bug_buzz|32:slash|37:iron_head|40:iron_defense|44:x_scissor|49:reversal|52:swords_dance|56:giga_impact|60:fell_stinger;aerial_ace|attract|confide|cut|double_team|energy_ball|facade|false_swipe|focus_blast|frustration|giga_impact|hidden_power|hyper_beam|infestation|poison_jab|protect|rain_dance|rest|return|rock_smash|round|secret_power|sleep_talk|struggle_bug|substitute|swagger|swords_dance|toxic|x_scissor;bug_bite|drill_run|giga_drain|iron_defense|iron_head|knock_off|signal_beam|snore;;bug;;;589;Soldado;1;33;gris;50;no;Se defienden de los ataques con el caparazón que roban a los Shelmet. Atacan con sus dos mortíferas lanzas.
foongus;Foongus;grass|poison;69;55;45;55;55;15;effect_spore;;regenerator;medium_fast;59;190;hp:1;1:absorb|6:growth|8:astonish|12:bide|15:mega_drain|18:ingrain|20:feint_attack|24:sweet_scent|28:giga_drain|32:toxic|35:synthesis|39:clear_smog|43:solar_beam|45:rage_powder|50:spore;attract|confide|double_team|energy_ball|facade|flash|frustration|grass_knot|hidden_power|nature_power|payback|protect|rain_dance|rest|return|round|secret_power|sleep_talk|sludge_bomb|solar_beam|substitute|sunny_day|swagger|toxic|venoshock;after_you|foul_play|gastro_acid|giga_drain|seed_bomb|snore|synthesis|worry_seed;body_slam|defense_curl|endure|gastro_acid|growth|poison_powder|rollout|stun_spore;plant;amoonguss@39;;590;Hongo;0,2;1;blanco;50;no;Gracias a su misterioso parecido a una Poké Ball, atrae a sus presas y lanza rápidamente esporas de veneno.
amoonguss;Amoonguss;grass|poison;114;85;70;85;80;30;effect_spore;;regenerator;medium_fast;162;75;hp:2;1:absorb|1:astonish|1:bide|1:growth|6:growth|8:astonish|12:bide|15:mega_drain|18:ingrain|20:feint_attack|24:sweet_scent|28:giga_drain|32:toxic|35:synthesis|43:clear_smog|49:solar_beam|54:rage_powder|62:spore;attract|confide|double_team|energy_ball|facade|flash|frustration|giga_impact|grass_knot|hidden_power|hyper_beam|nature_power|payback|protect|rain_dance|rest|return|round|secret_power|sleep_talk|sludge_bomb|solar_beam|substitute|sunny_day|swagger|toxic|venoshock;after_you|foul_play|gastro_acid|giga_drain|seed_bomb|snore|synthesis|worry_seed;;plant;;;591;Hongo;0,6;10,5;blanco;50;no;Aunque intenta pasar por parte superior de una Poké Ball para atraer a sus presas, consigue engañar a pocos.
frillish;Frillish;water|ghost;55;40;50;65;85;40;water_absorb;cursed_body;damp;medium_fast;67;190;sp_defense:1;1:bubble|1:water_sport|5:absorb|9:night_shade|13:bubble_beam|17:recover|22:water_pulse|27:ominous_wind|32:brine|37:rain_dance|43:hex|49:hydro_pump|55:wring_out|61:water_spout;attract|blizzard|confide|dark_pulse|dazzling_gleam|dive|double_team|dream_eater|energy_ball|facade|flash|frustration|hail|hidden_power|ice_beam|protect|psych_up|psychic|rain_dance|rest|return|round|safeguard|scald|secret_power|shadow_ball|sleep_talk|sludge_bomb|sludge_wave|substitute|surf|swagger|taunt|toxic|trick_room|waterfall|will_o_wisp;bind|giga_drain|icy_wind|magic_coat|pain_split|shock_wave|snore|spite|trick|water_pulse;acid_armor|confuse_ray|constrict|mist|pain_split|recover;indeterminate;jellicent@40;;592;Ingrávido;1,2;33;blanco;50;no;Paraliza a sus presas con veneno y las lleva a su morada, que se encuentra a 8000 m en el fondo del mar.
jellicent;Jellicent;water|ghost;100;60;70;85;105;60;water_absorb;cursed_body;damp;medium_fast;168;60;sp_defense:2;1:absorb|1:bubble|1:night_shade|1:water_sport|1:water_spout|1:wring_out|5:absorb|9:night_shade|13:bubble_beam|17:recover|22:water_pulse|27:ominous_wind|32:brine|37:rain_dance|45:hex|53:hydro_pump|61:wring_out|69:water_spout;attract|blizzard|confide|dark_pulse|dazzling_gleam|dive|double_team|dream_eater|energy_ball|facade|flash|frustration|giga_impact|hail|hidden_power|hyper_beam|ice_beam|protect|psych_up|psychic|rain_dance|rest|return|round|safeguard|scald|secret_power|shadow_ball|sleep_talk|sludge_bomb|sludge_wave|substitute|surf|swagger|taunt|toxic|trick_room|waterfall|will_o_wisp;bind|giga_drain|icy_wind|magic_coat|pain_split|shock_wave|snore|spite|trick|water_pulse;;indeterminate;;;593;Ingrávido;2,2;135;blanco;50;no;Su cuerpo se compone de agua salada. Dicen que ha construido un palacio en el fondo del mar con restos de barcos.
alomomola;Alomomola;water;165;75;80;40;45;65;healer;hydration;regenerator;fast;165;75;hp:2;1:healing_wish|1:hydro_pump|1:pound|1:water_sport|1:wide_guard|5:aqua_ring|9:aqua_jet|13:double_slap|17:heal_pulse|21:protect|25:water_pulse|29:wake_up_slap|33:soak|37:wish|41:brine|45:safeguard|49:helping_hand|53:wide_guard|57:healing_wish|61:hydro_pump;attract|blizzard|calm_mind|confide|dive|double_team|facade|frustration|hail|hidden_power|ice_beam|light_screen|protect|psych_up|psychic|rain_dance|rest|return|round|safeguard|scald|secret_power|shadow_ball|sleep_talk|substitute|surf|swagger|toxic|waterfall;bounce|helping_hand|icy_wind|knock_off|magic_coat|pain_split|snore|water_pulse;endure|mirror_coat|mist|pain_split|refresh|tickle;water1|water2;;;594;Socorrista;1,2;31,6;rosa;50;no;Vive flotando a la deriva en mar abierto. Siempre que encuentra un Pokémon herido, lo abraza y lo lleva a la costa.
joltik;Joltik;bug|electric;50;47;50;57;50;65;compound_eyes;unnerve;swarm;medium_fast;64;190;speed:1;1:leech_life|1:spider_web|1:string_shot|4:thunder_wave|7:screech|12:fury_cutter|15:electroweb|18:bug_bite|23:gastro_acid|26:slash|29:electro_ball|34:signal_beam|37:agility|40:sucker_punch|45:discharge|48:bug_buzz;attract|charge_beam|confide|cut|double_team|energy_ball|facade|flash|frustration|hidden_power|infestation|light_screen|poison_jab|protect|rain_dance|rest|return|round|secret_power|sleep_talk|struggle_bug|substitute|swagger|thief|thunder_wave|thunderbolt|toxic|volt_switch|wild_charge|x_scissor;bounce|bug_bite|electroweb|gastro_acid|giga_drain|magnet_rise|shock_wave|signal_beam|snore;camouflage|cross_poison|disable|feint_attack|pin_missile|poison_sting|pursuit|rock_climb;bug;galvantula@36;;595;Lapa;0,1;0,6;amarillo;50;no;No puede generar electricidad por sí mismo, así que se encarama a Pokémon grandes y absorbe su energía estática.
galvantula;Galvantula;bug|electric;70;77;60;97;60;108;compound_eyes;unnerve;swarm;medium_fast;165;75;speed:2;1:leech_life|1:spider_web|1:sticky_web|1:string_shot|1:thunder_wave|4:thunder_wave|7:screech|12:fury_cutter|15:electroweb|18:bug_bite|23:gastro_acid|26:slash|29:electro_ball|34:signal_beam|40:agility|46:sucker_punch|54:discharge|60:bug_buzz|65:sticky_web;attract|charge_beam|confide|cut|double_team|energy_ball|facade|flash|frustration|giga_impact|hidden_power|hyper_beam|infestation|light_screen|poison_jab|protect|rain_dance|rest|return|round|secret_power|sleep_talk|struggle_bug|substitute|swagger|thief|thunder|thunder_wave|thunderbolt|toxic|volt_switch|wild_charge|x_scissor;bounce|bug_bite|electroweb|gastro_acid|giga_drain|magnet_rise|shock_wave|signal_beam|snore;;bug;;;596;Electroaraña;0,8;14,3;amarillo;50;no;Pone trampas con hilos electrificados. De este modo, electrocuta a sus enemigos y los inmoviliza por completo.
ferroseed;Ferroseed;grass|steel;44;50;91;24;86;10;iron_barbs;;;medium_fast;61;255;defense:1;1:harden|1:tackle|6:rollout|9:curse|14:metal_claw|18:pin_missile|21:gyro_ball|26:iron_defense|30:mirror_shot|35:ingrain|38:self_destruct|43:iron_head|47:payback|52:flash_cannon|55:explosion;confide|double_team|energy_ball|explosion|facade|flash|flash_cannon|frustration|gyro_ball|hidden_power|hone_claws|nature_power|payback|poison_jab|protect|rest|return|rock_polish|rock_smash|round|secret_power|sleep_talk|solar_beam|substitute|sunny_day|swagger|thunder_wave|thunderbolt|toxic;endeavor|giga_drain|gravity|iron_defense|iron_head|knock_off|magnet_rise|seed_bomb|snore|stealth_rock|worry_seed;acid_spray|bullet_seed|gravity|leech_seed|rock_climb|seed_bomb|spikes|stealth_rock|worry_seed;plant|mineral;ferrothorn@40;;597;Fruto Espina;0,6;18,8;gris;50;no;Lanza numerosas púas al detectar peligro. En cuanto tiene ocasión, echa a rodar y se escapa.
ferrothorn;Ferrothorn;grass|steel;74;94;131;54;116;20;iron_barbs;;anticipation;medium_fast;171;90;defense:2;1:curse|1:harden|1:rock_climb|1:rollout|1:tackle|6:rollout|9:curse|14:metal_claw|18:pin_missile|21:gyro_ball|26:iron_defense|30:mirror_shot|35:ingrain|38:self_destruct|40:power_whip|46:iron_head|53:payback|61:flash_cannon|67:explosion;aerial_ace|bulldoze|confide|cut|double_team|energy_ball|explosion|facade|flash|flash_cannon|frustration|giga_impact|grass_knot|gyro_ball|hidden_power|hone_claws|hyper_beam|nature_power|payback|poison_jab|protect|rest|return|rock_polish|rock_smash|round|sandstorm|secret_power|shadow_claw|sleep_talk|solar_beam|strength|substitute|sunny_day|swagger|swords_dance|thunder|thunder_wave|thunderbolt|toxic;block|endeavor|giga_drain|gravity|iron_defense|iron_head|knock_off|magnet_rise|seed_bomb|snore|stealth_rock|worry_seed;;plant|mineral;;;598;Bola Espina;1;110;gris;50;no;Azota al enemigo con sus tres tentáculos y después dispara púas hasta que no deja ni rastro del rival.
klink;Klink;steel;40;55;70;45;60;30;plus;minus;clear_body;medium_slow;60;130;defense:1;1:vice_grip|6:charge|11:thunder_shock|16:gear_grind|21:bind|26:charge_beam|31:autotomize|36:mirror_shot|39:screech|42:discharge|45:metal_sound|48:shift_gear|50:lock_on|54:zap_cannon|57:hyper_beam;charge_beam|confide|double_team|facade|flash_cannon|frustration|hidden_power|hyper_beam|protect|rest|return|rock_polish|rock_smash|round|sandstorm|secret_power|sleep_talk|substitute|swagger|thunder_wave|thunderbolt|toxic|volt_switch|wild_charge;bind|gravity|iron_defense|magic_coat|magnet_rise|recycle|shock_wave|signal_beam|snore|uproar;;mineral;klang@38;;599;Engranaje;0,3;21;gris;sin_genero;no;Genera la energía vital que necesita haciendo girar sus dos cuerpos.
klang;Klang;steel;60;80;95;70;85;50;plus;minus;clear_body;medium_slow;154;60;defense:2;1:charge|1:gear_grind|1:thunder_shock|1:vice_grip|6:charge|11:thunder_shock|16:gear_grind|21:bind|26:charge_beam|31:autotomize|36:mirror_shot|40:screech|44:discharge|48:metal_sound|52:shift_gear|56:lock_on|60:zap_cannon|64:hyper_beam;charge_beam|confide|double_team|facade|flash_cannon|frustration|hidden_power|hyper_beam|protect|rest|return|rock_polish|rock_smash|round|sandstorm|secret_power|sleep_talk|substitute|swagger|thunder_wave|thunderbolt|toxic|volt_switch|wild_charge;bind|gravity|iron_defense|magic_coat|magnet_rise|recycle|shock_wave|signal_beam|snore|uproar;;mineral;klinklang@49;;600;Engranaje;0,6;51;gris;sin_genero;no;Muestra sus sentimientos cambiando la dirección de su giro. Cuanto más se enfade, más rápido girará.
klinklang;Klinklang;steel;60;100;115;70;85;90;plus;minus;clear_body;medium_slow;234;30;defense:3;1:charge|1:gear_grind|1:magnetic_flux|1:thunder_shock|1:vice_grip|1:zap_cannon|6:charge|11:thunder_shock|16:gear_grind|21:bind|25:charge_beam|31:autotomize|36:mirror_shot|40:screech|44:discharge|48:metal_sound|54:shift_gear|60:lock_on|66:zap_cannon|72:hyper_beam|76:magnetic_flux;charge_beam|confide|double_team|facade|flash_cannon|frustration|giga_impact|hidden_power|hyper_beam|protect|rest|return|rock_polish|rock_smash|round|sandstorm|secret_power|sleep_talk|substitute|swagger|thunder|thunder_wave|thunderbolt|toxic|trick_room|volt_switch|wild_charge;bind|gravity|iron_defense|magic_coat|magnet_rise|recycle|shock_wave|signal_beam|snore|uproar;;mineral;;;601;Engranaje;0,6;81;gris;sin_genero;no;Recarga su energía rápidamente haciendo girar con gran celeridad el engranaje equipado con un núcleo rojo.
tynamo;Tynamo;electric;35;55;40;45;40;60;levitate;;;slow;55;190;speed:1;1:charge_beam|1:spark|1:tackle|1:thunder_wave;charge_beam|thunder_wave;magnet_rise;;indeterminate;eelektrik@39;;602;Electropez;0,2;0,3;blanco;50;no;La electricidad de uno solo es diminuta, pero, si multitud de Tynamo se conectan, consiguen la potencia de un rayo.
eelektrik;Eelektrik;electric;65;85;70;75;70;40;levitate;;;slow;142;60;attack:2;1:charge_beam|1:headbutt|1:spark|1:thunder_wave|9:bind|19:acid|29:discharge|39:crunch|44:thunderbolt|49:acid_spray|54:coil|59:wild_charge|64:gastro_acid|69:zap_cannon|74:thrash;acrobatics|attract|charge_beam|confide|double_team|facade|flash|flash_cannon|frustration|hidden_power|light_screen|protect|rain_dance|rest|return|round|secret_power|sleep_talk|substitute|swagger|thunder|thunder_wave|thunderbolt|toxic|u_turn|volt_switch|wild_charge;aqua_tail|bind|bounce|gastro_acid|giga_drain|iron_tail|knock_off|magnet_rise|shock_wave|signal_beam|snore|super_fang;;indeterminate;eelektross@objeto:thunder_stone;;603;Electropez;1,2;22;azul;50;no;Se enrolla alrededor de su presa, la paraliza con la electricidad de sus marcas circulares y le asesta mordiscos.
eelektross;Eelektross;electric;85;115;80;105;80;50;levitate;;;slow;232;30;attack:3;1:acid|1:coil|1:crunch|1:crush_claw|1:discharge|1:gastro_acid|1:headbutt|1:ion_deluge|1:thrash|1:zap_cannon;acrobatics|attract|brick_break|charge_beam|confide|cut|double_team|dragon_claw|dragon_tail|facade|flamethrower|flash|flash_cannon|frustration|giga_impact|grass_knot|hidden_power|hone_claws|hyper_beam|light_screen|power_up_punch|protect|rain_dance|rest|return|roar|rock_slide|rock_smash|rock_tomb|round|secret_power|sleep_talk|strength|substitute|swagger|thunder|thunder_wave|thunderbolt|toxic|u_turn|volt_switch|wild_charge;aqua_tail|bind|bounce|dragon_pulse|drain_punch|fire_punch|focus_punch|gastro_acid|giga_drain|iron_tail|knock_off|magnet_rise|outrage|shock_wave|signal_beam|snore|super_fang|superpower|thunder_punch;;indeterminate;;;604;Electropez;2,1;80,5;azul;50;no;Pega la ventosa de su boca en su presa y la electrocuta con sus colmillos.
elgyem;Elgyem;psychic;55;55;55;85;55;30;telepathy;synchronize;analytic;medium_fast;67;255;sp_attack:1;1:confusion|4:growl|8:heal_block|11:miracle_eye|15:psybeam|18:headbutt|22:hidden_power|25:imprison|29:simple_beam|32:zen_headbutt|36:psych_up|39:psychic|43:calm_mind|46:recover|50:guard_split|50:power_split|53:synchronoise|56:wonder_room;attract|calm_mind|charge_beam|confide|dark_pulse|double_team|dream_eater|echoed_voice|embargo|energy_ball|facade|flash|frustration|hidden_power|light_screen|protect|psych_up|psychic|psyshock|rain_dance|reflect|rest|return|rock_slide|rock_tomb|round|safeguard|secret_power|shadow_ball|sleep_talk|steel_wing|substitute|swagger|thief|thunder_wave|thunderbolt|toxic|trick_room;after_you|gravity|magic_coat|pain_split|recycle|role_play|shock_wave|signal_beam|skill_swap|snatch|snore|trick|uproar|wonder_room|zen_headbutt;ally_switch|astonish|barrier|cosmic_power|disable|guard_swap|nasty_plot|power_swap|skill_swap|teleport;humanshape;beheeyem@42;;605;Cerebro;0,5;9;azul;50;no;Posee un gran poder psíquico. Lo usa para comprimir el cerebro del enemigo y ocasionarle dolores de cabeza.
beheeyem;Beheeyem;psychic;75;75;75;125;95;40;telepathy;synchronize;analytic;medium_fast;170;90;sp_attack:2;1:confusion|1:growl|1:heal_block|1:miracle_eye|1:synchronoise|1:wonder_room|4:growl|8:heal_block|11:miracle_eye|15:psybeam|18:headbutt|22:hidden_power|25:imprison|29:simple_beam|32:zen_headbutt|36:psych_up|39:psychic|45:calm_mind|50:recover|56:guard_split|58:power_split|63:synchronoise|68:wonder_room;attract|calm_mind|charge_beam|confide|dark_pulse|double_team|dream_eater|echoed_voice|embargo|energy_ball|facade|flash|frustration|giga_impact|hidden_power|hyper_beam|light_screen|protect|psych_up|psychic|psyshock|rain_dance|reflect|rest|return|rock_slide|rock_tomb|round|safeguard|secret_power|shadow_ball|sleep_talk|steel_wing|substitute|swagger|thief|thunder_wave|thunderbolt|toxic|trick_room;after_you|gravity|magic_coat|pain_split|recycle|role_play|shock_wave|signal_beam|skill_swap|snatch|snore|trick|uproar|wonder_room|zen_headbutt;;humanshape;;;606;Cerebro;1;34,5;marrón;50;no;Parece que se comunica haciendo brillar sus dedos tricolores, pero nadie ha conseguido descifrar aún su patrón.
litwick;Litwick;ghost|fire;50;30;55;65;55;20;flash_fire;flame_body;infiltrator;medium_slow;55;190;sp_attack:1;1:astonish|1:ember|3:minimize|5:smog|7:fire_spin|10:confuse_ray|13:night_shade|16:will_o_wisp|20:flame_burst|24:imprison|28:hex|33:memento|38:inferno|43:curse|49:shadow_ball|55:pain_split|61:overheat;attract|calm_mind|confide|dark_pulse|double_team|dream_eater|embargo|energy_ball|facade|fire_blast|flame_charge|flamethrower|flash|frustration|hidden_power|incinerate|overheat|payback|protect|psych_up|psychic|rest|return|round|safeguard|secret_power|shadow_ball|sleep_talk|solar_beam|substitute|sunny_day|swagger|taunt|thief|toxic|trick_room|will_o_wisp;heat_wave|pain_split|shock_wave|snore|spite|trick;acid|acid_armor|captivate|clear_smog|endure|haze|heat_wave|power_split;indeterminate;lampent@41;;607;Vela;0,3;3,1;blanco;50;no;Finge ser una luz guía en el camino, pero en realidad solo quiere absorber la energía vital de quien lo sigue.
lampent;Lampent;ghost|fire;60;40;60;95;60;55;flash_fire;flame_body;infiltrator;medium_slow;130;90;sp_attack:2;1:astonish|1:ember|1:minimize|1:smog|3:minimize|5:smog|7:fire_spin|10:confuse_ray|13:night_shade|16:will_o_wisp|20:flame_burst|24:imprison|28:hex|33:memento|38:inferno|45:curse|53:shadow_ball|61:pain_split|69:overheat;attract|calm_mind|confide|dark_pulse|double_team|dream_eater|embargo|energy_ball|facade|fire_blast|flame_charge|flamethrower|flash|frustration|hidden_power|incinerate|overheat|payback|protect|psych_up|psychic|rest|return|round|safeguard|secret_power|shadow_ball|sleep_talk|solar_beam|substitute|sunny_day|swagger|taunt|thief|toxic|trick_room|will_o_wisp;heat_wave|pain_split|shock_wave|snore|spite|trick;;indeterminate;chandelure@objeto:dusk_stone;;608;Farolillo;0,6;13;negro;50;no;Al absorber almas, su llama se enciende. Espera a que la gente fallezca, así que suele deambular por los hospitales.
chandelure;Chandelure;ghost|fire;60;55;90;145;90;80;flash_fire;flame_body;infiltrator;medium_slow;234;45;sp_attack:3;1:confuse_ray|1:flame_burst|1:hex|1:pain_split|1:smog;attract|calm_mind|confide|dark_pulse|double_team|dream_eater|embargo|energy_ball|facade|fire_blast|flame_charge|flamethrower|flash|frustration|giga_impact|hidden_power|hyper_beam|incinerate|overheat|payback|protect|psych_up|psychic|rest|return|round|safeguard|secret_power|shadow_ball|sleep_talk|solar_beam|substitute|sunny_day|swagger|taunt|thief|toxic|trick_room|will_o_wisp;heat_wave|pain_split|shock_wave|snore|spite|trick;;indeterminate;;;609;Señuelo;1;34,3;negro;50;no;Sus llamas absorben el alma del enemigo y la abrasan, dejando solo su cuerpo inerte.
axew;Axew;dragon;46;87;60;30;40;57;rivalry;mold_breaker;unnerve;slow;64;75;attack:1;1:scratch|4:leer|7:assurance|10:dragon_rage|13:dual_chop|16:scary_face|20:slash|24:false_swipe|28:dragon_claw|32:dragon_dance|36:taunt|41:dragon_pulse|46:swords_dance|50:guillotine|56:outrage|61:giga_impact;aerial_ace|attract|confide|cut|dig|double_team|dragon_claw|facade|false_swipe|fling|frustration|giga_impact|hidden_power|hone_claws|incinerate|payback|poison_jab|protect|rain_dance|rest|return|roar|rock_smash|rock_tomb|round|secret_power|sleep_talk|strength|substitute|sunny_day|swagger|swords_dance|taunt|toxic|x_scissor;aqua_tail|draco_meteor|dragon_pulse|dual_chop|endeavor|iron_tail|outrage|shock_wave|snore|superpower;counter|dragon_pulse|endeavor|endure|focus_energy|harden|iron_tail|night_slash|razor_wind|reversal;monster|dragon;fraxure@38;;610;Colmillo;0,6;18;verde;50;no;Usa sus colmillos para romper las bayas que come. Estos se regeneran una y otra vez, por eso son tan fuertes y afilados.
fraxure;Fraxure;dragon;66;117;70;40;50;67;rivalry;mold_breaker;unnerve;slow;144;60;attack:2;1:assurance|1:dragon_rage|1:leer|1:scratch|4:leer|7:assurance|10:dragon_rage|13:dual_chop|16:scary_face|20:slash|24:false_swipe|28:dragon_claw|32:dragon_dance|36:taunt|42:dragon_pulse|48:swords_dance|54:guillotine|60:outrage|66:giga_impact;aerial_ace|attract|confide|cut|dig|double_team|dragon_claw|dragon_tail|facade|false_swipe|fling|frustration|giga_impact|hidden_power|hone_claws|incinerate|payback|poison_jab|protect|rain_dance|rest|return|roar|rock_smash|rock_tomb|round|secret_power|shadow_claw|sleep_talk|strength|substitute|sunny_day|swagger|swords_dance|taunt|toxic|x_scissor;aqua_tail|draco_meteor|dragon_pulse|dual_chop|endeavor|iron_tail|low_kick|outrage|shock_wave|snore|superpower;;monster|dragon;haxorus@48;;611;Boca Hacha;1;36;verde;50;no;Sus colmillos pueden hacer añicos rocas inmensas. Las luchas territoriales de los Fraxure son encarnizadas.
haxorus;Haxorus;dragon;76;147;90;60;70;97;rivalry;mold_breaker;unnerve;slow;243;45;attack:3;1:assurance|1:dragon_rage|1:leer|1:outrage|1:scratch|4:leer|7:assurance|10:dragon_rage|13:dual_chop|16:scary_face|20:slash|24:false_swipe|28:dragon_claw|32:dragon_dance|36:taunt|42:dragon_pulse|50:swords_dance|58:guillotine|66:outrage|74:giga_impact;aerial_ace|attract|brick_break|bulldoze|confide|cut|dig|double_team|dragon_claw|dragon_tail|earthquake|facade|false_swipe|fling|focus_blast|frustration|giga_impact|grass_knot|hidden_power|hone_claws|hyper_beam|incinerate|payback|poison_jab|protect|rain_dance|rest|return|roar|rock_slide|rock_smash|rock_tomb|round|secret_power|shadow_claw|sleep_talk|strength|substitute|sunny_day|surf|swagger|swords_dance|taunt|toxic|x_scissor;aqua_tail|draco_meteor|dragon_pulse|dual_chop|endeavor|iron_tail|low_kick|outrage|shock_wave|snore|superpower;;monster|dragon;;;612;Boca Hacha;1,8;105,5;amarillo;50;no;Es gentil, pero no perdona a todo el que ose invadir su territorio. Su mayor baza son sus colmillos, que cortan el acero.
cubchoo;Cubchoo;ice;55;70;40;60;40;40;snow_cloak;;rattled;medium_fast;61;120;attack:1;1:growl|5:powder_snow|9:bide|13:icy_wind|15:play_nice|17:fury_swipes|21:brine|25:endure|29:charm|33:slash|36:flail|41:rest|45:blizzard|49:hail|53:thrash|57:sheer_cold;aerial_ace|attract|blizzard|confide|cut|dig|double_team|echoed_voice|facade|fling|frost_breath|frustration|grass_knot|hail|hidden_power|hone_claws|ice_beam|power_up_punch|protect|rain_dance|rest|return|rock_smash|rock_tomb|round|secret_power|shadow_claw|sleep_talk|strength|substitute|surf|swagger|toxic;covet|focus_punch|ice_punch|icy_wind|low_kick|snore|superpower|water_pulse;assurance|avalanche|encore|focus_punch|ice_punch|night_slash|play_rough|sleep_talk|yawn;ground;beartic@37;;613;Congelación;0,5;8,5;blanco;50;no;Siempre está con mucosidades colgando. Las aspira para hacer un movimiento, ya que son su materia prima para esto.
beartic;Beartic;ice;95;110;80;70;80;50;snow_cloak;;swift_swim;medium_fast;177;60;attack:2;1:aqua_jet|1:bide|1:growl|1:icy_wind|1:powder_snow|1:sheer_cold|1:superpower|1:thrash|9:play_nice|13:icy_wind|17:fury_swipes|21:brine|25:endure|29:swagger|33:slash|36:flail|37:icicle_crash|41:rest|45:blizzard|53:hail|59:thrash|66:sheer_cold;aerial_ace|attract|blizzard|brick_break|bulk_up|bulldoze|confide|cut|dig|dive|double_team|echoed_voice|facade|fling|focus_blast|frost_breath|frustration|giga_impact|grass_knot|hail|hidden_power|hone_claws|hyper_beam|ice_beam|power_up_punch|protect|rain_dance|rest|return|roar|rock_slide|rock_smash|rock_tomb|round|secret_power|shadow_claw|sleep_talk|stone_edge|strength|substitute|surf|swagger|swords_dance|taunt|toxic;covet|focus_punch|ice_punch|icy_wind|low_kick|snore|superpower|water_pulse;;ground;;;614;Glaciación;2,6;260;blanco;50;no;Adoran los mares gélidos del norte. Congelan su aliento para crear sendas por las que caminar sobre las aguas.
cryogonal;Cryogonal;ice;70;30;50;95;135;105;levitate;;;medium_fast;180;25;sp_defense:2;1:bind|1:haze|1:ice_shard|1:mist|1:night_slash|1:sheer_cold|5:ice_shard|9:sharpen|13:rapid_spin|17:icy_wind|21:haze|21:mist|25:aurora_beam|29:acid_armor|33:ice_beam|37:light_screen|37:reflect|41:slash|45:confuse_ray|49:recover|50:freeze_dry|53:solar_beam|57:night_slash|61:sheer_cold;acrobatics|attract|blizzard|confide|double_team|explosion|facade|flash_cannon|frost_breath|frustration|hail|hidden_power|hyper_beam|ice_beam|light_screen|poison_jab|protect|rain_dance|reflect|rest|return|round|secret_power|sleep_talk|solar_beam|substitute|swagger|toxic;bind|icy_wind|iron_defense|knock_off|magic_coat|signal_beam|snore|water_pulse;;mineral;;;615;Cristal;1,1;148;azul;sin_genero;no;Nació entre nubes de nieve. Atrapa a sus presas con una cadena hecha de hielo cristalizado.
shelmet;Shelmet;bug;50;40;85;40;65;25;hydration;shell_armor;overcoat;medium_fast;61;200;defense:1;1:leech_life|4:acid|8:bide|13:curse|16:struggle_bug|20:mega_drain|25:yawn|28:protect|32:acid_armor|37:giga_drain|40:body_slam|44:bug_buzz|49:recover|50:guard_swap|56:final_gambit;attract|confide|double_team|energy_ball|facade|frustration|hidden_power|infestation|protect|rain_dance|rest|return|round|secret_power|sleep_talk|sludge_bomb|struggle_bug|substitute|swagger|toxic|venoshock;bug_bite|gastro_acid|giga_drain|signal_beam|snore;baton_pass|double_edge|encore|endure|feint|guard_split|mind_reader|mud_slap|pursuit|spikes;bug;accelgor@intercambio;;616;Caracol;0,4;7,7;rojo;50;no;Si está junto a Karrablast, y ambos reciben una descarga eléctrica, evolucionan los dos a la vez.
accelgor;Accelgor;bug;80;70;40;100;60;145;hydration;sticky_hold;unburden;medium_fast;173;75;speed:2;1:acid_spray|1:double_team|1:final_gambit|1:leech_life|1:power_swap|1:quick_attack|1:water_shuriken|4:acid_spray|8:double_team|13:quick_attack|16:struggle_bug|20:mega_drain|25:swift|28:me_first|32:agility|37:giga_drain|40:u_turn|44:bug_buzz|49:recover|52:power_swap|56:final_gambit;attract|confide|double_team|energy_ball|facade|focus_blast|frustration|giga_impact|hidden_power|hyper_beam|infestation|protect|rain_dance|rest|return|round|sandstorm|secret_power|sleep_talk|sludge_bomb|struggle_bug|substitute|swagger|toxic|u_turn|venoshock;bug_bite|gastro_acid|giga_drain|knock_off|signal_beam|snore;;bug;;;617;Sincaparazón;0,8;25,3;rojo;50;no;Se siente ligero una vez liberado de su caparazón. Lucha y se mueve como un ninja.
stunfisk;Stunfisk;ground|electric;109;66;84;81;99;32;static;limber;sand_veil;medium_fast;165;75;hp:2;1:fissure|1:flail|1:mud_slap|1:mud_sport|1:tackle|1:water_gun|5:bide|9:thunder_shock|13:mud_shot|17:camouflage|21:mud_bomb|25:discharge|30:endure|35:bounce|40:muddy_water|45:thunderbolt|50:revenge|55:flail|61:fissure;attract|bulldoze|confide|dig|double_team|earthquake|facade|flash|frustration|hidden_power|infestation|payback|protect|rain_dance|rest|return|rock_slide|rock_tomb|round|sandstorm|scald|secret_power|sleep_talk|sludge_bomb|sludge_wave|stone_edge|substitute|surf|swagger|thunder|thunder_wave|thunderbolt|toxic;aqua_tail|bounce|earth_power|electroweb|endeavor|foul_play|magnet_rise|pain_split|shock_wave|snore|spite|stealth_rock|uproar|water_pulse;astonish|curse|earth_power|eerie_impulse|me_first|pain_split|reflect_type|shock_wave|sleep_talk|spark|spite|yawn;water1|indeterminate;;;618;Trampa;0,7;11;marrón;50;no;Ni un pisotón de un luchador de sumo lo aplastaría gracias a su piel sólida. Sonríe al soltar descargas eléctricas.
mienfoo;Mienfoo;fighting;45;85;50;55;50;65;inner_focus;regenerator;reckless;medium_slow;70;180;attack:1;1:pound|5:meditate|9:detect|13:fake_out|17:double_slap|21:swift|25:calm_mind|29:force_palm|33:drain_punch|37:jump_kick|41:u_turn|45:quick_guard|49:bounce|50:high_jump_kick|57:reversal|61:aura_sphere;acrobatics|aerial_ace|attract|brick_break|bulk_up|calm_mind|confide|dig|double_team|facade|fling|focus_blast|frustration|grass_knot|hidden_power|low_sweep|payback|poison_jab|power_up_punch|protect|psych_up|rain_dance|reflect|rest|retaliate|return|rock_slide|rock_smash|rock_tomb|round|secret_power|sleep_talk|stone_edge|strength|substitute|sunny_day|swagger|swords_dance|taunt|toxic|u_turn;bounce|drain_punch|dual_chop|focus_punch|helping_hand|knock_off|low_kick|role_play|snore;ally_switch|baton_pass|endure|feint|knock_off|low_kick|me_first|smelling_salts|vital_throw;ground|humanshape;mienshao@50;;619;Arte Marcial;0,9;20;amarillo;50;no;La velocidad de sus ataques es su gran orgullo. Lo que le falta de fuerza bruta lo compensa en cantidad de golpes.
mienshao;Mienshao;fighting;65;125;60;95;60;105;inner_focus;regenerator;reckless;medium_slow;179;45;attack:2;1:aura_sphere|1:detect|1:fake_out|1:meditate|1:pound|1:reversal|5:meditate|9:detect|13:fake_out|17:double_slap|21:swift|25:calm_mind|29:force_palm|33:drain_punch|37:jump_kick|41:u_turn|45:wide_guard|49:bounce|56:high_jump_kick|63:reversal|70:aura_sphere;acrobatics|aerial_ace|attract|brick_break|bulk_up|calm_mind|confide|dig|double_team|facade|fling|focus_blast|frustration|giga_impact|grass_knot|hidden_power|hyper_beam|low_sweep|payback|poison_jab|power_up_punch|protect|psych_up|rain_dance|reflect|rest|retaliate|return|rock_slide|rock_smash|rock_tomb|round|secret_power|sleep_talk|stone_edge|strength|substitute|sunny_day|swagger|swords_dance|taunt|toxic|u_turn;bounce|drain_punch|dual_chop|focus_punch|helping_hand|knock_off|low_kick|role_play|snore;;ground|humanshape;;;620;Arte Marcial;1,4;35,5;morado;50;no;Usa el pelaje de sus brazos a manera de látigos. Sus ataques alcanzan velocidades de vértigo.
druddigon;Druddigon;dragon;77;120;90;60;90;48;rough_skin;sheer_force;mold_breaker;medium_fast;170;45;attack:2;1:leer|1:scratch|5:hone_claws|9:bite|13:scary_face|18:dragon_rage|21:slash|25:crunch|27:dragon_claw|31:chip_away|35:revenge|40:night_slash|45:dragon_tail|49:rock_climb|55:superpower|62:outrage;aerial_ace|attract|bulldoze|charge_beam|confide|cut|dark_pulse|dig|double_team|dragon_claw|dragon_tail|earthquake|facade|flamethrower|flash_cannon|fling|focus_blast|frustration|giga_impact|hidden_power|hone_claws|hyper_beam|incinerate|payback|power_up_punch|protect|rain_dance|rest|retaliate|return|roar|rock_slide|rock_smash|rock_tomb|round|secret_power|shadow_claw|sleep_talk|sludge_bomb|smack_down|snarl|strength|substitute|sunny_day|surf|swagger|taunt|torment|toxic;aqua_tail|draco_meteor|dragon_pulse|fire_punch|gunk_shot|heat_wave|iron_head|iron_tail|outrage|shock_wave|snatch|snore|stealth_rock|superpower|thunder_punch;crush_claw|feint_attack|fire_fang|glare|iron_tail|metal_claw|poison_tail|pursuit|snatch|sucker_punch|thunder_fang;dragon|monster;;;621;Cueva;1,6;139;rojo;50;no;Corre por estrechas cavernas y atrapa a sus presas con sus afiladas garras. La piel de la cara es más dura que una roca.
golett;Golett;ground|ghost;59;74;50;35;50;35;iron_fist;klutz;no_guard;medium_fast;61;190;attack:1;1:astonish|1:defense_curl|1:pound|5:mud_slap|9:rollout|13:shadow_punch|17:iron_defense|21:mega_punch|25:magnitude|30:dynamic_punch|35:night_shade|40:curse|45:earthquake|50:hammer_arm|55:focus_punch;brick_break|bulldoze|confide|double_team|earthquake|facade|flash|fling|focus_blast|frustration|grass_knot|gyro_ball|hidden_power|ice_beam|low_sweep|power_up_punch|protect|psychic|rain_dance|rest|return|rock_polish|rock_slide|rock_smash|rock_tomb|round|safeguard|secret_power|shadow_ball|sleep_talk|strength|substitute|swagger|thief|toxic;block|drain_punch|earth_power|fire_punch|focus_punch|gravity|ice_punch|icy_wind|iron_defense|low_kick|magic_coat|shock_wave|signal_beam|snore|stealth_rock|superpower|thunder_punch;;mineral;golurk@43;;622;Autómata;1;92;verde;sin_genero;no;Se mueve gracias a la energía que quema dentro de su cuerpo, pero el origen de esta energía es incierto.
golurk;Golurk;ground|ghost;89;124;80;55;80;55;iron_fist;klutz;no_guard;medium_fast;169;90;attack:2;1:astonish|1:defense_curl|1:focus_punch|1:mud_slap|1:phantom_force|1:pound|5:mud_slap|9:rollout|13:shadow_punch|17:iron_defense|21:mega_punch|25:magnitude|30:dynamic_punch|35:night_shade|40:curse|43:heavy_slam|50:earthquake|60:hammer_arm|70:focus_punch|75:phantom_force;brick_break|bulldoze|charge_beam|confide|double_team|earthquake|facade|flash|flash_cannon|fling|fly|focus_blast|frustration|giga_impact|grass_knot|gyro_ball|hidden_power|hyper_beam|ice_beam|low_sweep|power_up_punch|protect|psychic|rain_dance|rest|return|rock_polish|rock_slide|rock_smash|rock_tomb|round|safeguard|secret_power|shadow_ball|sleep_talk|solar_beam|stone_edge|strength|substitute|swagger|thief|thunderbolt|toxic;block|drain_punch|earth_power|fire_punch|focus_punch|gravity|ice_punch|icy_wind|iron_defense|low_kick|magic_coat|shock_wave|signal_beam|snore|stealth_rock|superpower|thunder_punch|zen_headbutt;;mineral;;;623;Autómata;2,8;330;verde;sin_genero;no;Al parecer, aquel que antaño lo creó le ordenó proteger a los Pokémon y a los humanos.
pawniard;Pawniard;dark|steel;45;85;70;40;40;60;defiant;inner_focus;pressure;medium_fast;68;120;attack:1;1:scratch|6:leer|9:fury_cutter|14:torment|17:feint_attack|22:scary_face|25:metal_claw|30:slash|33:assurance|38:metal_sound|41:embargo|46:iron_defense|49:night_slash|54:iron_head|57:swords_dance|62:guillotine;aerial_ace|attract|brick_break|confide|cut|dark_pulse|dig|double_team|embargo|facade|false_swipe|fling|frustration|grass_knot|hidden_power|hone_claws|low_sweep|payback|poison_jab|power_up_punch|protect|rain_dance|rest|retaliate|return|rock_polish|rock_smash|rock_tomb|round|sandstorm|secret_power|shadow_claw|sleep_talk|snarl|substitute|swagger|swords_dance|taunt|thief|thunder_wave|torment|toxic|x_scissor;dual_chop|foul_play|iron_defense|iron_head|knock_off|low_kick|magnet_rise|role_play|snatch|snore|spite|stealth_rock;headbutt|mean_look|psycho_cut|pursuit|quick_guard|revenge|stealth_rock|sucker_punch;humanshape;bisharp@52;;624;Tajo;0,5;10,2;rojo;50;no;Su cuerpo está provisto de hojas afiladas. Cuando se desgastan, las afila con cantos rodados a la orilla del río.
bisharp;Bisharp;dark|steel;65;125;100;60;70;70;defiant;inner_focus;pressure;medium_fast;172;45;attack:2;1:fury_cutter|1:guillotine|1:iron_head|1:leer|1:metal_burst|1:scratch|1:torment|6:leer|9:fury_cutter|14:torment|17:feint_attack|22:scary_face|25:metal_claw|30:slash|33:assurance|38:metal_sound|41:embargo|46:iron_defense|49:night_slash|57:iron_head|63:swords_dance|71:guillotine;aerial_ace|attract|brick_break|confide|cut|dark_pulse|dig|double_team|embargo|facade|false_swipe|fling|focus_blast|frustration|giga_impact|grass_knot|hidden_power|hone_claws|hyper_beam|low_sweep|payback|poison_jab|power_up_punch|protect|rain_dance|rest|retaliate|return|rock_polish|rock_smash|rock_tomb|round|sandstorm|secret_power|shadow_claw|sleep_talk|snarl|stone_edge|substitute|swagger|swords_dance|taunt|thief|thunder_wave|torment|toxic|x_scissor;dual_chop|foul_play|iron_defense|iron_head|knock_off|low_kick|magnet_rise|role_play|snatch|snore|spite|stealth_rock;;humanshape;;;625;Filo;1,6;70;rojo;50;no;Un Pokémon temible que remata a su presa una vez que su séquito de Pawniard la ha debilitado e inmovilizado.
bouffalant;Bouffalant;normal;95;110;95;40;95;55;reckless;sap_sipper;soundproof;medium_fast;172;45;attack:2;1:leer|1:pursuit|6:rage|11:fury_attack|16:horn_attack|21:scary_face|26:revenge|31:head_charge|36:focus_energy|41:megahorn|46:reversal|50:thrash|56:swords_dance|61:giga_impact;aerial_ace|attract|bulldoze|confide|cut|double_team|earthquake|facade|frustration|giga_impact|hidden_power|payback|poison_jab|protect|rain_dance|rest|retaliate|return|rock_slide|rock_smash|rock_tomb|round|secret_power|sleep_talk|stone_edge|strength|substitute|sunny_day|surf|swagger|swords_dance|taunt|toxic|wild_charge;endeavor|iron_head|outrage|snore|superpower|uproar|zen_headbutt;amnesia|belch|headbutt|iron_head|mud_shot|mud_slap|rock_climb|skull_bash|stomp;ground;;;626;Torocabezazo;1,6;94,6;marrón;50;no;Embiste con la cabeza sin distinción. Su potencia es capaz de hacer descarrilar un tren en marcha.
rufflet;Rufflet;normal|flying;70;83;50;37;50;60;keen_eye;sheer_force;hustle;slow;70;190;attack:1;1:leer|1:peck|5:fury_attack|10:wing_attack|14:hone_claws|19:scary_face|23:aerial_ace|28:slash|32:defog|37:tailwind|41:air_slash|46:crush_claw|50:sky_drop|55:whirlwind|59:brave_bird|64:thrash;aerial_ace|attract|bulk_up|confide|cut|double_team|facade|fly|frustration|hidden_power|hone_claws|protect|rain_dance|rest|retaliate|return|rock_slide|rock_smash|rock_tomb|roost|round|secret_power|shadow_claw|sky_drop|sleep_talk|steel_wing|strength|substitute|sunny_day|swagger|toxic|u_turn;heat_wave|snore|superpower|tailwind;;flying;braviary@54;;627;Aguilucho;0,5;10,5;blanco;0;no;Quiebra bayas con sus extremidades. Se enfrenta con valentía a todo enemigo por fuerte que este sea.
braviary;Braviary;normal|flying;100;123;75;57;75;80;keen_eye;sheer_force;defiant;slow;179;60;attack:2;1:brave_bird|1:fury_attack|1:leer|1:peck|1:superpower|1:thrash|1:whirlwind|1:wing_attack|5:fury_attack|10:wing_attack|14:hone_claws|19:scary_face|23:aerial_ace|28:slash|32:defog|37:tailwind|41:air_slash|46:crush_claw|50:sky_drop|51:superpower|57:whirlwind|63:brave_bird|70:thrash;aerial_ace|attract|bulk_up|confide|cut|double_team|facade|fly|frustration|giga_impact|hidden_power|hone_claws|hyper_beam|protect|rain_dance|rest|retaliate|return|rock_slide|rock_smash|rock_tomb|roost|round|secret_power|shadow_claw|sky_drop|sleep_talk|steel_wing|strength|substitute|sunny_day|swagger|toxic|u_turn;heat_wave|sky_attack|snore|superpower|tailwind|zen_headbutt;;flying;;;628;Aguerrido;1,5;41;rojo;0;no;Un valiente guerrero del cielo que no duda en luchar por sus compañeros por graves que sean sus heridas.
vullaby;Vullaby;dark|flying;70;55;75;45;65;60;big_pecks;overcoat;weak_armor;slow;74;190;defense:1;1:gust|1:leer|5:fury_attack|10:pluck|14:nasty_plot|19:flatter|23:feint_attack|28:punishment|32:defog|37:tailwind|41:air_slash|46:dark_pulse|50:embargo|55:whirlwind|59:brave_bird|64:mirror_move;aerial_ace|attract|confide|cut|dark_pulse|double_team|embargo|facade|fly|frustration|hidden_power|incinerate|payback|protect|psych_up|rain_dance|rest|retaliate|return|rock_smash|rock_tomb|roost|round|secret_power|shadow_ball|sleep_talk|snarl|steel_wing|substitute|sunny_day|swagger|taunt|thief|torment|toxic|u_turn;block|foul_play|heat_wave|knock_off|snatch|snore|tailwind;fake_tears|foul_play|knock_off|mean_look|roost|scary_face|steel_wing;flying;mandibuzz@54;;629;Pañal;0,5;9;marrón;100;no;No puede volar porque sus alas son muy pequeñas. Cuando va a evolucionar, se deshace de su calavera.
mandibuzz;Mandibuzz;dark|flying;110;65;105;55;95;80;big_pecks;overcoat;weak_armor;slow;179;60;sp_attack:2;1:bone_rush|1:brave_bird|1:fury_attack|1:gust|1:leer|1:mirror_move|1:pluck|1:whirlwind|5:fury_attack|10:pluck|14:nasty_plot|19:flatter|23:feint_attack|28:punishment|32:defog|37:tailwind|41:air_slash|46:dark_pulse|50:embargo|51:bone_rush|57:whirlwind|63:brave_bird|70:mirror_move;aerial_ace|attract|confide|cut|dark_pulse|double_team|embargo|facade|fly|frustration|giga_impact|hidden_power|hyper_beam|incinerate|payback|protect|psych_up|rain_dance|rest|retaliate|return|rock_smash|rock_tomb|roost|round|secret_power|shadow_ball|sleep_talk|snarl|steel_wing|substitute|sunny_day|swagger|taunt|thief|torment|toxic|u_turn;block|foul_play|heat_wave|knock_off|sky_attack|snatch|snore|tailwind;;flying;;;630;Buitre Hueso;1,2;39,5;marrón;100;no;Vuela en círculos. Cuando avista una presa, la ataca y la transporta a su nido con suma facilidad.
heatmor;Heatmor;fire;85;97;66;105;66;65;gluttony;flash_fire;white_smoke;medium_fast;169;90;sp_attack:2;1:hone_claws|1:incinerate|1:inferno|1:lick|1:tackle|6:odor_sleuth|11:bind|16:fire_spin|21:fury_swipes|26:snatch|31:flame_burst|36:bug_bite|41:slash|44:amnesia|47:flamethrower|50:spit_up|50:stockpile|50:swallow|61:inferno;aerial_ace|attract|confide|cut|dig|double_team|facade|fire_blast|flamethrower|fling|focus_blast|frustration|giga_impact|hidden_power|hone_claws|incinerate|power_up_punch|protect|rain_dance|rest|return|rock_smash|rock_tomb|round|secret_power|shadow_claw|sleep_talk|solar_beam|substitute|sunny_day|swagger|taunt|thief|toxic|will_o_wisp;bind|bug_bite|fire_punch|focus_punch|gastro_acid|giga_drain|heat_wave|knock_off|low_kick|recycle|snatch|snore|superpower|thunder_punch;belch|body_slam|curse|feint_attack|heat_wave|night_slash|pursuit|sleep_talk|sucker_punch|tickle|wrap;ground;;;631;Hormiguero;1,4;58;rojo;50;no;Usa su lengua de fuego para derretir la armadura de acero de los Durant y llegar así hasta su interior.
durant;Durant;bug|steel;58;109;112;48;48;109;swarm;hustle;truant;medium_fast;169;90;defense:2;1:guillotine|1:iron_defense|1:metal_sound|1:sand_attack|1:vice_grip|6:fury_cutter|11:bite|16:agility|21:metal_claw|26:bug_bite|31:crunch|36:iron_head|41:dig|46:entrainment|51:x_scissor|56:iron_defense|61:guillotine|66:metal_sound;aerial_ace|attract|confide|cut|dig|double_team|energy_ball|facade|flash_cannon|frustration|giga_impact|hidden_power|hone_claws|protect|rest|retaliate|return|rock_polish|rock_slide|rock_smash|rock_tomb|round|sandstorm|secret_power|shadow_claw|sleep_talk|stone_edge|strength|struggle_bug|substitute|swagger|thunder_wave|toxic|x_scissor;bug_bite|endeavor|iron_defense|iron_head|snore|superpower;baton_pass|endure|feint_attack|rock_climb|screech|thunder_fang;bug;;;632;Hormigacero;0,3;33;gris;50;no;Actúan en grupo para expulsar de sus colonias a los Heatmor, sus depredadores naturales.
deino;Deino;dark|dragon;52;65;50;45;50;38;hustle;;;slow;60;45;attack:1;1:dragon_rage|1:tackle|4:focus_energy|9:bite|12:headbutt|17:dragon_breath|20:roar|25:crunch|28:slam|32:dragon_pulse|38:work_up|42:dragon_rush|48:body_slam|50:scary_face|58:hyper_voice|62:outrage;attract|confide|dark_pulse|double_team|dragon_tail|facade|frustration|hidden_power|incinerate|protect|psych_up|rain_dance|rest|return|roar|rock_smash|round|secret_power|sleep_talk|strength|substitute|sunny_day|swagger|taunt|thief|thunder_wave|torment|toxic;aqua_tail|draco_meteor|dragon_pulse|earth_power|hyper_voice|outrage|shock_wave|snore|spite|superpower|uproar|zen_headbutt;assurance|astonish|dark_pulse|double_hit|earth_power|fire_fang|head_smash|ice_fang|screech|thunder_fang;dragon;zweilous@50;;633;Tosco;0,8;17,3;azul;50;no;No ve, por eso va haciendo placajes y dando mordiscos a diestro y siniestro. Su cuerpo está plagado de heridas.
zweilous;Zweilous;dark|dragon;72;85;70;65;70;58;hustle;;;slow;147;45;attack:2;1:bite|1:double_hit|1:dragon_rage|1:focus_energy|4:focus_energy|9:bite|12:headbutt|17:dragon_breath|20:roar|25:crunch|28:slam|32:dragon_pulse|38:work_up|42:dragon_rush|48:body_slam|55:scary_face|64:hyper_voice|71:outrage;attract|confide|dark_pulse|double_team|dragon_tail|facade|frustration|hidden_power|incinerate|protect|psych_up|rain_dance|rest|return|roar|rock_smash|round|secret_power|sleep_talk|strength|substitute|sunny_day|swagger|taunt|thief|thunder_wave|torment|toxic;aqua_tail|draco_meteor|dragon_pulse|earth_power|hyper_voice|outrage|shock_wave|snore|spite|superpower|uproar|zen_headbutt;;dragon;hydreigon@64;;634;Violento;1,4;50;azul;50;no;Sus dos cabezas se llevan fatal, y la que consigue comer más que la otra es la que lleva la voz cantante.
hydreigon;Hydreigon;dark|dragon;92;105;90;125;90;98;levitate;;;slow;270;45;sp_attack:3;1:bite|1:dragon_rage|1:focus_energy|1:hyper_voice|1:outrage|1:tri_attack|4:focus_energy|9:bite|12:headbutt|17:dragon_breath|20:roar|25:crunch|28:slam|32:dragon_pulse|38:work_up|42:dragon_rush|48:body_slam|55:scary_face|68:hyper_voice|79:outrage;acrobatics|attract|bulldoze|charge_beam|confide|dark_pulse|double_team|dragon_tail|earthquake|echoed_voice|facade|fire_blast|flamethrower|flash_cannon|fly|focus_blast|frustration|giga_impact|hidden_power|hyper_beam|incinerate|payback|protect|psych_up|rain_dance|reflect|rest|return|roar|rock_slide|rock_smash|rock_tomb|roost|round|secret_power|sleep_talk|steel_wing|stone_edge|strength|substitute|sunny_day|surf|swagger|taunt|thief|thunder_wave|torment|toxic|u_turn;aqua_tail|draco_meteor|dragon_pulse|earth_power|heat_wave|hyper_voice|iron_tail|outrage|shock_wave|signal_beam|snore|spite|superpower|tailwind|uproar|zen_headbutt;;dragon;;;635;Voraz;1,8;160;azul;50;no;Las cabezas de sus dos brazos no tienen cerebro. Con sus tres cabezas destruye y devora todo a su paso.
larvesta;Larvesta;bug|fire;55;85;55;50;55;60;flame_body;;swarm;slow;72;45;attack:1;1:ember|1:string_shot|10:leech_life|20:take_down|30:flame_charge|40:bug_bite|50:double_edge|60:flame_wheel|70:bug_buzz|80:amnesia|90:thrash|100:flare_blitz;acrobatics|calm_mind|confide|double_team|facade|fire_blast|flame_charge|flamethrower|frustration|hidden_power|incinerate|light_screen|overheat|protect|psychic|rest|return|round|safeguard|secret_power|sleep_talk|solar_beam|struggle_bug|substitute|sunny_day|swagger|toxic|u_turn|wild_charge|will_o_wisp;bug_bite|giga_drain|heat_wave|magnet_rise|signal_beam|snore|zen_headbutt;endure|foresight|harden|magnet_rise|morning_sun|string_shot|zen_headbutt;bug;volcarona@59;;636;Antorcha;1,1;28,8;blanco;50;no;Se dice que nació del sol. Al evolucionar, cubre su cuerpo con llamas que brotan de sus cuernos.
volcarona;Volcarona;bug|fire;85;60;65;135;105;100;flame_body;;swarm;slow;248;15;sp_attack:3;1:amnesia|1:bug_buzz|1:ember|1:fiery_dance|1:flame_wheel|1:flare_blitz|1:gust|1:heat_wave|1:hurricane|1:leech_life|1:quiver_dance|1:rage_powder|1:string_shot|1:thrash|10:leech_life|20:gust|30:fire_spin|40:whirlwind|50:silver_wind|59:quiver_dance|60:heat_wave|70:bug_buzz|80:rage_powder|90:hurricane|100:fiery_dance;acrobatics|aerial_ace|calm_mind|confide|double_team|facade|fire_blast|flame_charge|flamethrower|fly|frustration|giga_impact|hidden_power|hyper_beam|incinerate|light_screen|overheat|poison_jab|protect|psychic|rest|return|roost|round|safeguard|secret_power|sleep_talk|solar_beam|struggle_bug|substitute|sunny_day|swagger|toxic|u_turn|wild_charge|will_o_wisp;bug_bite|giga_drain|heat_wave|magnet_rise|signal_beam|snore|tailwind|zen_headbutt;;bug;;;637;Sol;1,6;46;blanco;50;no;Cuando combate, despide escamas ardientes de sus seis alas y genera un mar ígneo a su alrededor.
cobalion;Cobalion;steel|fighting;91;90;129;90;72;108;justified;;;slow;261;3;defense:3;1:close_combat|1:leer|1:metal_burst|1:quick_attack|1:quick_guard|1:work_up|7:double_kick|13:metal_claw|19:take_down|25:helping_hand|31:retaliate|37:iron_head|42:sacred_sword|49:swords_dance|55:quick_guard|61:work_up|67:metal_burst|73:close_combat;aerial_ace|calm_mind|confide|cut|double_team|facade|false_swipe|flash_cannon|focus_blast|frustration|giga_impact|hidden_power|hone_claws|hyper_beam|poison_jab|protect|psych_up|reflect|rest|retaliate|return|roar|rock_polish|rock_smash|round|safeguard|sandstorm|secret_power|sleep_talk|stone_edge|strength|substitute|swagger|swords_dance|taunt|thunder_wave|toxic|volt_switch|x_scissor;block|bounce|helping_hand|iron_defense|iron_head|magnet_rise|snore|stealth_rock|superpower|zen_headbutt;;no_eggs;;;638;Tesón Acero;2,1;250;azul;sin_genero;si;Posee un cuerpo y un corazón de acero. Basta una mirada suya para que Pokémon violentos le obedezcan.
terrakion;Terrakion;rock|fighting;91;129;90;72;90;108;justified;;;slow;261;3;attack:3;1:close_combat|1:leer|1:quick_attack|1:quick_guard|1:work_up|7:double_kick|13:smack_down|19:take_down|25:helping_hand|31:retaliate|37:rock_slide|42:sacred_sword|49:swords_dance|55:quick_guard|61:work_up|67:stone_edge|73:close_combat;aerial_ace|bulldoze|calm_mind|confide|cut|double_team|earthquake|facade|false_swipe|focus_blast|frustration|giga_impact|hidden_power|hyper_beam|poison_jab|protect|psych_up|reflect|rest|retaliate|return|roar|rock_polish|rock_slide|rock_smash|rock_tomb|round|safeguard|sandstorm|secret_power|sleep_talk|smack_down|stone_edge|strength|substitute|swagger|swords_dance|taunt|toxic|x_scissor;block|earth_power|helping_hand|iron_head|snore|stealth_rock|superpower|zen_headbutt;;no_eggs;;;639;Gruta;1,9;260;gris;sin_genero;si;Su potencia al embestir es capaz de derribar las murallas de un castillo. Las leyendas hablan de sus proezas.
virizion;Virizion;grass|fighting;91;90;72;90;129;108;justified;;;slow;261;3;sp_defense:3;1:close_combat|1:leaf_blade|1:leer|1:quick_attack|1:quick_guard|1:work_up|7:double_kick|13:magical_leaf|19:take_down|25:helping_hand|31:retaliate|37:giga_drain|42:sacred_sword|49:swords_dance|55:quick_guard|61:work_up|67:leaf_blade|73:close_combat;aerial_ace|calm_mind|confide|cut|double_team|energy_ball|facade|false_swipe|flash|focus_blast|frustration|giga_impact|grass_knot|hidden_power|hyper_beam|light_screen|nature_power|protect|psych_up|reflect|rest|retaliate|return|roar|rock_smash|round|safeguard|secret_power|sleep_talk|solar_beam|stone_edge|strength|substitute|sunny_day|swagger|swords_dance|taunt|toxic|x_scissor;block|bounce|giga_drain|helping_hand|seed_bomb|snore|superpower|synthesis|worry_seed|zen_headbutt;;no_eggs;;;640;Prado;2;200;verde;sin_genero;si;Sus cuernos son hojas afiladas. Sacude a sus enemigos con sus relampagueantes movimientos y los reduce.
tornadus;Tornadus;flying;79;115;70;125;80;111;prankster;;defiant;slow;261;3;attack:3;1:astonish|1:gust|1:hammer_arm|1:hurricane|1:tailwind|1:thrash|1:uproar|7:swagger|13:bite|19:revenge|25:air_cutter|31:extrasensory|37:agility|43:air_slash|49:crunch|55:tailwind|61:rain_dance|67:hurricane|73:dark_pulse|79:hammer_arm|85:thrash;acrobatics|aerial_ace|attract|brick_break|bulk_up|confide|dark_pulse|double_team|embargo|facade|fling|fly|focus_blast|frustration|giga_impact|grass_knot|hidden_power|hyper_beam|incinerate|payback|protect|psychic|rain_dance|rest|return|rock_smash|round|secret_power|sky_drop|sleep_talk|sludge_bomb|sludge_wave|smack_down|strength|substitute|swagger|taunt|thief|torment|toxic|u_turn;foul_play|heat_wave|icy_wind|iron_tail|knock_off|role_play|snore|superpower|tailwind|uproar;;no_eggs;;;641;Torbellino;1,5;63;verde;0;si;La parte inferior de su cuerpo, similar a una nube, está recubierta de un campo de energía. Vuela a 300 km/h.
thundurus;Thundurus;electric|flying;79;115;70;125;80;111;prankster;;defiant;slow;261;3;attack:3;1:astonish|1:charge|1:hammer_arm|1:nasty_plot|1:thrash|1:thunder_shock|1:uproar|7:swagger|13:bite|19:revenge|25:shock_wave|31:heal_block|37:agility|43:discharge|49:crunch|55:charge|61:nasty_plot|67:thunder|73:dark_pulse|79:hammer_arm|85:thrash;attract|brick_break|bulk_up|charge_beam|confide|dark_pulse|double_team|embargo|facade|flash_cannon|fling|fly|focus_blast|frustration|giga_impact|grass_knot|hidden_power|hyper_beam|incinerate|payback|protect|psychic|rain_dance|rest|return|rock_smash|round|secret_power|sky_drop|sleep_talk|sludge_bomb|sludge_wave|smack_down|strength|substitute|swagger|taunt|thief|thunder|thunder_wave|thunderbolt|torment|toxic|u_turn|volt_switch|wild_charge;electroweb|foul_play|iron_tail|knock_off|role_play|shock_wave|snore|superpower|thunder_punch|uproar;;no_eggs;;;642;Centella;1,5;61;azul;0;si;Lanza descargas eléctricas por las púas de su cola. Sobrevuela Teselia dejando caer rayos.
reshiram;Reshiram;dragon|fire;100;120;100;150;120;90;turboblaze;;;slow;306;3;sp_attack:3;1:dragon_rage|1:fire_fang|8:imprison|15:ancient_power|22:flamethrower|29:dragon_breath|36:slash|43:extrasensory|50:fusion_flare|54:dragon_pulse|64:imprison|71:crunch|78:fire_blast|85:outrage|92:hyper_voice|100:blue_flare;confide|cut|double_team|dragon_claw|dragon_tail|echoed_voice|facade|fire_blast|flame_charge|flamethrower|fling|fly|focus_blast|frustration|giga_impact|hidden_power|hone_claws|hyper_beam|incinerate|light_screen|overheat|payback|protect|psychic|reflect|rest|return|rock_slide|rock_smash|rock_tomb|roost|round|safeguard|secret_power|shadow_ball|shadow_claw|sleep_talk|solar_beam|steel_wing|stone_edge|strength|substitute|sunny_day|swagger|toxic|will_o_wisp;draco_meteor|dragon_pulse|earth_power|heat_wave|hyper_voice|outrage|snore|tailwind|zen_headbutt;;no_eggs;;;643;Blanco Veraz;3,2;330;blanco;sin_genero;si;Pokémon legendario capaz de abrasar el mundo con sus llamas. Ayuda a quienes persiguen un mundo veraz.
zekrom;Zekrom;dragon|electric;100;150;120;120;100;90;teravolt;;;slow;306;3;attack:3;1:dragon_rage|1:thunder_fang|8:imprison|15:ancient_power|22:thunderbolt|29:dragon_breath|36:slash|43:zen_headbutt|50:fusion_bolt|54:dragon_claw|64:imprison|71:crunch|78:thunder|85:outrage|92:hyper_voice|100:bolt_strike;charge_beam|confide|cut|double_team|dragon_claw|dragon_tail|echoed_voice|facade|flash|flash_cannon|fling|fly|focus_blast|frustration|giga_impact|hidden_power|hone_claws|hyper_beam|light_screen|payback|protect|psychic|rain_dance|reflect|rest|return|rock_slide|rock_smash|rock_tomb|roost|round|safeguard|secret_power|shadow_ball|shadow_claw|sleep_talk|steel_wing|stone_edge|strength|substitute|swagger|thunder|thunder_wave|thunderbolt|toxic|volt_switch|wild_charge;draco_meteor|dragon_pulse|earth_power|hyper_voice|magnet_rise|outrage|shock_wave|signal_beam|snore|tailwind|thunder_punch|zen_headbutt;;no_eggs;;;644;Negro Puro;2,9;345;negro;sin_genero;si;Pokémon legendario capaz de chamuscar el mundo con sus rayos. Ayuda a quienes persiguen un mundo de ideales.
landorus;Landorus;ground|flying;89;125;90;115;80;101;sand_force;;sheer_force;slow;270;3;sp_attack:3;1:block|1:fissure|1:hammer_arm|1:mud_shot|1:outrage|1:rock_tomb|7:imprison|13:punishment|19:bulldoze|25:rock_throw|31:extrasensory|37:swords_dance|43:earth_power|49:rock_slide|55:earthquake|61:sandstorm|67:fissure|73:stone_edge|79:hammer_arm|85:outrage;attract|brick_break|bulk_up|bulldoze|calm_mind|confide|dig|double_team|earthquake|explosion|facade|fling|fly|focus_blast|frustration|giga_impact|grass_knot|hidden_power|hyper_beam|payback|protect|psychic|rest|return|rock_polish|rock_slide|rock_smash|rock_tomb|round|sandstorm|secret_power|sleep_talk|sludge_bomb|sludge_wave|smack_down|stone_edge|strength|substitute|swagger|swords_dance|toxic|u_turn;block|earth_power|gravity|iron_tail|knock_off|outrage|role_play|snore|stealth_rock|superpower;;no_eggs;;;645;Fertilidad;1,5;68;marrón;0;si;Lo consideran una deidad de las cosechas porque los cultivos crecen en abundancia en las tierras por las que pasa.
kyurem;Kyurem;dragon|ice;125;130;90;130;90;95;pressure;;;slow;297;3;hp:1|attack:1|sp_attack:1;1:dragon_rage|1:icy_wind|8:imprison|15:ancient_power|22:ice_beam|29:dragon_breath|36:slash|43:scary_face|50:glaciate|57:dragon_pulse|64:imprison|71:endeavor|78:blizzard|85:outrage|92:hyper_voice;blizzard|confide|cut|double_team|dragon_claw|dragon_tail|echoed_voice|facade|flash_cannon|fling|fly|focus_blast|frustration|giga_impact|hail|hidden_power|hone_claws|hyper_beam|ice_beam|light_screen|payback|protect|psychic|rain_dance|reflect|rest|return|rock_slide|rock_smash|rock_tomb|roost|round|safeguard|secret_power|shadow_ball|shadow_claw|sleep_talk|steel_wing|stone_edge|strength|substitute|sunny_day|swagger|toxic;draco_meteor|dragon_pulse|earth_power|endeavor|hyper_voice|icy_wind|iron_head|outrage|signal_beam|snore|zen_headbutt;;no_eggs;;;646;Frontera;3;325;gris;sin_genero;si;Pokémon legendario que aguarda al héroe que compense el vacío de su cuerpo de hielo con verdad e ideales.
keldeo;Keldeo;water|fighting;91;72;90;129;90;108;justified;;;slow;261;3;sp_attack:3;1:aqua_jet|1:leer|7:double_kick|13:bubble_beam|19:take_down|25:helping_hand|31:retaliate|37:aqua_tail|43:sacred_sword|49:swords_dance|55:quick_guard|61:work_up|67:hydro_pump|73:close_combat;aerial_ace|calm_mind|confide|cut|double_team|facade|false_swipe|focus_blast|frustration|giga_impact|hail|hidden_power|hyper_beam|poison_jab|protect|psych_up|rain_dance|reflect|rest|retaliate|return|roar|rock_smash|round|safeguard|scald|secret_power|sleep_talk|stone_edge|strength|substitute|surf|swagger|swords_dance|taunt|toxic|x_scissor;aqua_tail|bounce|covet|endeavor|helping_hand|icy_wind|last_resort|secret_sword|snore|superpower|water_pulse;;no_eggs;;;647;Potro;1,4;48,5;amarillo;sin_genero;si;Corre por mares, ríos o cualquier superficie acuática de todo el mundo. Aparece en aguas límpidas.
meloetta;Meloetta;normal|psychic;100;77;77;128;128;90;serene_grace;;;slow;270;3;sp_attack:1|sp_defense:1|speed:1;1:round|6:quick_attack|11:confusion|16:sing|21:teeter_dance|26:acrobatics|31:psybeam|36:echoed_voice|43:u_turn|50:wake_up_slap|57:psychic|64:hyper_voice|71:role_play|78:close_combat|85:perish_song;acrobatics|brick_break|calm_mind|charge_beam|confide|dazzling_gleam|double_team|dream_eater|echoed_voice|embargo|energy_ball|facade|flash|fling|focus_blast|frustration|giga_impact|grass_knot|hidden_power|hone_claws|hyper_beam|light_screen|low_sweep|payback|power_up_punch|protect|psych_up|psychic|psyshock|rain_dance|rest|retaliate|return|rock_smash|round|safeguard|secret_power|shadow_ball|shadow_claw|sleep_talk|stone_edge|strength|substitute|sunny_day|swagger|thunder|thunder_wave|thunderbolt|toxic|trick_room|u_turn;covet|drain_punch|dual_chop|fire_punch|focus_punch|gravity|heal_bell|helping_hand|hyper_voice|ice_punch|knock_off|last_resort|low_kick|magic_coat|magic_room|recycle|relic_song|role_play|shock_wave|signal_beam|skill_swap|snatch|snore|thunder_punch|trick|uproar|wonder_room|zen_headbutt;;no_eggs;;;648;Melodía;0,6;6,5;blanco;sin_genero;si;Las melodías que canta Meloetta tienen el poder de hacer sentir felicidad a los Pokémon que hay a su alrededor.
genesect;Genesect;bug|steel;71;120;95;120;95;99;download;;;slow;270;3;attack:1|sp_attack:1|speed:1;1:fell_stinger|1:magnet_rise|1:metal_claw|1:quick_attack|1:screech|1:techno_blast|7:fury_cutter|11:lock_on|18:flame_charge|22:magnet_bomb|29:slash|33:metal_sound|40:signal_beam|44:tri_attack|51:x_scissor|55:bug_buzz|62:simple_beam|66:zap_cannon|73:hyper_beam|77:self_destruct;aerial_ace|blizzard|charge_beam|confide|dark_pulse|double_team|energy_ball|explosion|facade|flame_charge|flamethrower|flash|flash_cannon|fly|frustration|giga_impact|hidden_power|hone_claws|hyper_beam|ice_beam|infestation|light_screen|protect|psychic|reflect|rest|return|rock_polish|round|secret_power|shadow_claw|sleep_talk|solar_beam|struggle_bug|substitute|swagger|thunder|thunder_wave|thunderbolt|toxic|u_turn|x_scissor;bug_bite|electroweb|giga_drain|gravity|gunk_shot|iron_defense|iron_head|last_resort|magic_coat|magnet_rise|recycle|shock_wave|signal_beam|snore|zen_headbutt;;no_eggs;;;649;Paleozoico;1,5;82,5;morado;sin_genero;si;Pokémon de tipo Bicho de la antigüedad, modificado por el Equipo Plasma. El cañón de su lomo ha sido mejorado.
chespin;Chespin;grass;56;61;65;48;45;38;overgrow;;bulletproof;medium_slow;63;45;defense:1;1:growl|1:tackle|5:vine_whip|8:rollout|11:bite|15:leech_seed|18:pin_missile|27:take_down|32:seed_bomb|35:mud_shot|39:bulk_up|42:body_slam|45:pain_split|48:wood_hammer;aerial_ace|attract|brick_break|bulk_up|bulldoze|confide|cut|dig|double_team|energy_ball|facade|flash|fling|frustration|grass_knot|gyro_ball|hidden_power|low_sweep|nature_power|payback|poison_jab|power_up_punch|protect|reflect|rest|retaliate|return|roar|rock_slide|rock_smash|rock_tomb|round|secret_power|shadow_claw|sleep_talk|sludge_bomb|smack_down|solar_beam|stone_edge|strength|substitute|sunny_day|swagger|swords_dance|taunt|toxic;drain_punch|dual_chop|endeavor|focus_punch|giga_drain|grass_pledge|helping_hand|iron_defense|iron_head|iron_tail|low_kick|pain_split|seed_bomb|snore|super_fang|superpower|synthesis|thunder_punch|worry_seed|zen_headbutt;belly_drum|curse|defense_curl|quick_guard|rollout|spikes|synthesis;ground;quilladin@16;;650;Erizo;0,4;9;verde;12,5;no;Cuando acumula energía, las suaves púas de su cabeza se vuelven tan duras y afiladas que hasta pueden atravesar rocas.
quilladin;Quilladin;grass;61;78;95;56;58;57;overgrow;;bulletproof;medium_slow;142;45;defense:2;1:growl|1:tackle|5:vine_whip|8:rollout|11:bite|15:leech_seed|20:pin_missile|26:needle_arm|30:take_down|35:seed_bomb|39:mud_shot|44:bulk_up|48:body_slam|52:pain_split|55:wood_hammer;aerial_ace|attract|brick_break|bulk_up|bulldoze|confide|cut|dig|double_team|energy_ball|facade|flash|fling|frustration|grass_knot|gyro_ball|hidden_power|hone_claws|low_sweep|nature_power|payback|poison_jab|power_up_punch|protect|reflect|rest|retaliate|return|roar|rock_slide|rock_smash|rock_tomb|round|secret_power|shadow_claw|sleep_talk|sludge_bomb|smack_down|solar_beam|stone_edge|strength|substitute|sunny_day|swagger|swords_dance|taunt|toxic;drain_punch|dual_chop|endeavor|focus_punch|giga_drain|grass_pledge|helping_hand|iron_defense|iron_head|iron_tail|low_kick|pain_split|seed_bomb|snore|super_fang|superpower|synthesis|thunder_punch|worry_seed|zen_headbutt;;ground;chesnaught@36;;651;Corazaespín;0,7;29;verde;12,5;no;Desvía los ataques de los enemigos con la robusta coraza que cubre su cuerpo y contraataca con sus dos afilados cuernos.
chesnaught;Chesnaught;grass|fighting;88;107;122;74;75;64;overgrow;;bulletproof;medium_slow;239;45;defense:3;1:belly_drum|1:feint|1:growl|1:hammer_arm|1:tackle|5:vine_whip|8:rollout|11:bite|15:leech_seed|20:pin_missile|26:needle_arm|30:take_down|35:seed_bomb|36:spiky_shield|41:mud_shot|44:bulk_up|48:body_slam|52:pain_split|55:wood_hammer|60:hammer_arm|70:giga_impact|75:spiky_shield;aerial_ace|attract|brick_break|bulk_up|bulldoze|confide|cut|dig|double_team|dragon_claw|earthquake|energy_ball|facade|flash|fling|focus_blast|frustration|giga_impact|grass_knot|gyro_ball|hidden_power|hone_claws|hyper_beam|low_sweep|nature_power|payback|poison_jab|power_up_punch|protect|reflect|rest|retaliate|return|roar|rock_slide|rock_smash|rock_tomb|round|secret_power|shadow_claw|sleep_talk|sludge_bomb|smack_down|solar_beam|stone_edge|strength|substitute|sunny_day|swagger|swords_dance|taunt|toxic;block|drain_punch|dual_chop|endeavor|focus_punch|frenzy_plant|giga_drain|grass_pledge|helping_hand|iron_defense|iron_head|iron_tail|low_kick|pain_split|seed_bomb|snore|super_fang|superpower|synthesis|thunder_punch|worry_seed|zen_headbutt;;ground;;;652;Corazaespín;1,6;90;verde;12,5;no;Su fuerza es tal que, de un empellón, puede hacer volcar un tanque de 50 toneladas. Protege a sus aliados cuando hace de escudo.
fennekin;Fennekin;fire;40;45;40;62;60;60;blaze;;magician;medium_slow;61;45;sp_attack:1;1:scratch|1:tail_whip|5:ember|11:howl|14:flame_charge|17:psybeam|20:fire_spin|25:lucky_chant|27:light_screen|31:psyshock|35:flamethrower|38:will_o_wisp|41:psychic|43:sunny_day|46:magic_room|48:fire_blast;attract|confide|cut|double_team|dream_eater|echoed_voice|embargo|facade|fire_blast|flame_charge|flamethrower|frustration|grass_knot|hidden_power|incinerate|light_screen|overheat|power_up_punch|protect|psych_up|psychic|psyshock|rain_dance|rest|return|round|safeguard|secret_power|sleep_talk|solar_beam|substitute|sunny_day|swagger|thief|toxic|will_o_wisp;covet|fire_pledge|foul_play|heat_wave|iron_tail|magic_coat|magic_room|snore;heat_wave|hypnosis|magic_coat|wish;ground;braixen@16;;653;Zorro;0,4;9,4;rojo;12,5;no;Tras masticar e ingerir pequeñas ramas se siente pletórico y expulsa aire caliente por sus grandes orejas a temperaturas superiores a los 200 ºC.
braixen;Braixen;fire;59;59;58;90;70;73;blaze;;magician;medium_slow;143;45;sp_attack:2;1:scratch|1:tail_whip|5:ember|11:howl|14:flame_charge|18:psybeam|22:fire_spin|27:lucky_chant|30:light_screen|34:psyshock|41:flamethrower|45:will_o_wisp|48:psychic|51:sunny_day|53:magic_room|55:fire_blast;attract|confide|cut|double_team|dream_eater|echoed_voice|embargo|facade|fire_blast|flame_charge|flamethrower|frustration|grass_knot|hidden_power|incinerate|light_screen|overheat|power_up_punch|protect|psych_up|psychic|psyshock|rain_dance|rest|return|round|safeguard|secret_power|sleep_talk|solar_beam|substitute|sunny_day|swagger|thief|toxic|will_o_wisp;covet|fire_pledge|fire_punch|foul_play|heat_wave|iron_tail|low_kick|magic_coat|magic_room|recycle|shock_wave|skill_swap|snatch|snore|thunder_punch|trick|wonder_room|zen_headbutt;;ground;delphox@36;;654;Zorro;1;14,5;rojo;12,5;no;Tiene una rama enredada en la cola. Cuando la saca, la rama prende fuego al hacer fricción con su pelaje y se lanza al ataque con ella.
delphox;Delphox;fire|psychic;75;69;72;114;100;104;blaze;;magician;medium_slow;240;45;sp_attack:3;1:future_sight|1:role_play|1:scratch|1:shadow_ball|1:switcheroo|1:tail_whip|5:ember|11:howl|14:flame_charge|18:psybeam|22:fire_spin|27:lucky_chant|30:light_screen|34:psyshock|36:mystical_fire|42:flamethrower|47:will_o_wisp|51:psychic|55:sunny_day|58:magic_room|61:fire_blast|69:future_sight|75:mystical_fire;attract|calm_mind|confide|cut|dazzling_gleam|double_team|dream_eater|echoed_voice|embargo|facade|fire_blast|flame_charge|flamethrower|frustration|giga_impact|grass_knot|hidden_power|hyper_beam|incinerate|light_screen|overheat|power_up_punch|protect|psych_up|psychic|psyshock|rain_dance|rest|return|round|safeguard|secret_power|shadow_ball|sleep_talk|solar_beam|substitute|sunny_day|swagger|thief|toxic|trick_room|will_o_wisp;blast_burn|covet|fire_pledge|fire_punch|foul_play|heat_wave|iron_tail|low_kick|magic_coat|magic_room|recycle|role_play|shock_wave|signal_beam|skill_swap|snatch|snore|thunder_punch|trick|wonder_room|zen_headbutt;;ground;;;655;Zorro;1,5;39;rojo;12,5;no;Fija la mirada en la llama que arde en la punta de su bastón para concentrarse y prever sucesos que tienen lugar en el futuro.
froakie;Froakie;water;41;56;40;62;44;71;torrent;;protean;medium_slow;63;45;speed:1;1:growl|1:pound|5:bubble|8:quick_attack|10:lick|14:water_pulse|18:smokescreen|21:round|25:fling|29:smack_down|35:substitute|39:bounce|43:double_team|48:hydro_pump;acrobatics|aerial_ace|attract|blizzard|confide|cut|dig|dive|double_team|echoed_voice|facade|fling|frustration|grass_knot|hidden_power|ice_beam|power_up_punch|protect|rain_dance|rest|return|rock_slide|rock_smash|rock_tomb|round|scald|secret_power|sleep_talk|smack_down|strength|substitute|surf|swagger|taunt|thief|toxic|u_turn|waterfall;bounce|icy_wind|role_play|snatch|snore|spite|water_pledge|water_pulse;bestow|camouflage|mind_reader|mud_sport|toxic_spikes|water_sport;water1;frogadier@16;;656;Burburrana;0,3;7;azul;12,5;no;Secreta burbujas tanto por la espalda como por el pecho. Gracias a la elasticidad de estas, puede parar ataques y reducir el daño recibido.
frogadier;Frogadier;water;54;63;52;83;56;97;torrent;;protean;medium_slow;142;45;speed:2;1:growl|1:pound|5:bubble|8:quick_attack|10:lick|14:water_pulse|20:smokescreen|23:round|28:fling|33:smack_down|38:substitute|44:bounce|48:double_team|55:hydro_pump;acrobatics|aerial_ace|attract|blizzard|confide|cut|dark_pulse|dig|dive|double_team|echoed_voice|facade|fling|frustration|grass_knot|hidden_power|ice_beam|power_up_punch|protect|rain_dance|rest|return|rock_slide|rock_smash|rock_tomb|round|scald|secret_power|sleep_talk|smack_down|strength|substitute|surf|swagger|taunt|thief|toxic|u_turn|waterfall;bounce|gunk_shot|ice_punch|icy_wind|low_kick|role_play|snatch|snore|spite|water_pledge|water_pulse;;water1;greninja@36;;657;Burburrana;0,6;10,9;azul;12,5;no;Puede lanzar piedras envueltas en burbujas con tal puntería, que acierta latas vacías a 30 metros de distancia.
greninja;Greninja;water|dark;72;95;67;103;71;122;torrent;;protean;medium_slow;239;45;speed:3;1:growl|1:mat_block|1:night_slash|1:pound|1:role_play|5:bubble|8:quick_attack|10:lick|14:water_pulse|20:smokescreen|23:shadow_sneak|28:spikes|33:feint_attack|36:water_shuriken|43:substitute|49:extrasensory|52:double_team|56:haze|60:hydro_pump|70:night_slash|75:water_shuriken;acrobatics|aerial_ace|attract|blizzard|confide|cut|dark_pulse|dig|dive|double_team|echoed_voice|facade|fling|frustration|giga_impact|grass_knot|hidden_power|hyper_beam|ice_beam|power_up_punch|protect|rain_dance|rest|return|rock_slide|rock_smash|rock_tomb|round|scald|secret_power|sleep_talk|smack_down|strength|substitute|surf|swagger|taunt|thief|toxic|u_turn|waterfall;bounce|gunk_shot|hydro_cannon|ice_punch|icy_wind|low_kick|role_play|snatch|snore|spite|water_pledge|water_pulse;;water1;;;658;Ninja;1,5;40;azul;12,5;no;Comprime el agua y crea estrellas ninja con las que ataca al enemigo. Cuando las hace girar a gran velocidad cortan en dos hasta el metal.
bunnelby;Bunnelby;normal;38;36;38;32;36;57;pickup;cheek_pouch;huge_power;medium_fast;47;255;speed:1;1:agility|1:leer|1:tackle|7:quick_attack|10:double_slap|13:mud_slap|15:take_down|18:mud_shot|20:double_kick|25:odor_sleuth|29:flail|33:dig|38:bounce|42:super_fang|47:facade|49:earthquake;attract|brick_break|bulk_up|bulldoze|confide|cut|dig|double_team|earthquake|facade|fling|frustration|grass_knot|hidden_power|nature_power|payback|power_up_punch|protect|rest|return|rock_slide|rock_smash|rock_tomb|round|sandstorm|secret_power|sleep_talk|sludge_bomb|smack_down|stone_edge|strength|substitute|surf|swagger|thief|torment|toxic|u_turn|wild_charge;bounce|endeavor|iron_head|iron_tail|last_resort|recycle|snore|super_fang;defense_curl|rollout|spikes;ground;diggersby@20;;659;Excavador;0,4;5;marrón;50;no;Usa sus grandes orejas para excavar en la tierra y así crear madrigueras. Puede pasarse una noche entera cavando sin parar.
diggersby;Diggersby;normal|ground;85;56;77;50;77;78;pickup;cheek_pouch;huge_power;medium_fast;148;127;hp:2;1:agility|1:bulldoze|1:hammer_arm|1:leer|1:rototiller|1:swords_dance|1:tackle|7:quick_attack|13:mud_slap|15:take_down|18:mud_shot|20:double_kick|26:odor_sleuth|31:flail|37:dig|42:bounce|48:super_fang|53:facade|57:earthquake|60:hammer_arm;attract|brick_break|bulk_up|bulldoze|confide|cut|dig|double_team|earthquake|facade|fling|frustration|giga_impact|grass_knot|hidden_power|hyper_beam|nature_power|payback|power_up_punch|protect|rest|return|rock_slide|rock_smash|rock_tomb|round|sandstorm|secret_power|sleep_talk|sludge_bomb|smack_down|stone_edge|strength|substitute|surf|swagger|swords_dance|thief|torment|toxic|u_turn|wild_charge;bounce|earth_power|endeavor|fire_punch|focus_punch|foul_play|gastro_acid|gunk_shot|ice_punch|iron_head|iron_tail|knock_off|last_resort|low_kick|recycle|snatch|snore|super_fang|superpower|thunder_punch|uproar;;ground;;;660;Excavador;1;42,4;marrón;50;no;Sus grandes orejas tienen tal fuerza que con ellas puede levantar con facilidad rocas de más de una tonelada. Es de una ayuda inestimable en las obras.
fletchling;Fletchling;normal|flying;45;50;43;40;38;62;big_pecks;;gale_wings;medium_slow;56;255;speed:1;1:growl|1:tackle|6:quick_attack|10:peck|13:agility|16:flail|21:roost|25:razor_wind|29:natural_gift|34:flame_charge|39:acrobatics|41:me_first|45:tailwind|48:steel_wing;acrobatics|aerial_ace|attract|confide|double_team|facade|flame_charge|fly|frustration|hidden_power|overheat|protect|rest|return|roost|round|secret_power|sleep_talk|steel_wing|substitute|sunny_day|swagger|swords_dance|taunt|thief|toxic|u_turn;heat_wave|snatch|snore|tailwind;quick_guard|snatch|tailwind;flying;fletchinder@17;;661;Petirrojo;0,3;1,7;rojo;50;no;Es muy amigable y se comunica con sus aliados mediante melodiosos gorjeos y el movimiento de su cola y sus gráciles alas.
fletchinder;Fletchinder;fire|flying;62;73;55;56;52;84;flame_body;;gale_wings;medium_slow;134;120;speed:2;1:growl|1:tackle|6:quick_attack|10:peck|13:agility|16:flail|17:ember|25:roost|27:razor_wind|31:natural_gift|38:flame_charge|42:acrobatics|46:me_first|51:tailwind|55:steel_wing;acrobatics|aerial_ace|attract|confide|double_team|facade|fire_blast|flame_charge|flamethrower|fly|frustration|hidden_power|incinerate|overheat|protect|rest|return|roost|round|secret_power|sleep_talk|steel_wing|substitute|sunny_day|swagger|swords_dance|taunt|thief|toxic|u_turn|will_o_wisp;heat_wave|snatch|snore|tailwind;;flying;talonflame@35;;662;Lumbre;0,7;16;rojo;50;no;Lanza chispas por su pico y prende fuego a la hierba alta para así sorprender a sus presas y atraparlas cuando intentan escapar.
talonflame;Talonflame;fire|flying;78;81;71;74;69;126;flame_body;;gale_wings;medium_slow;175;45;speed:3;1:brave_bird|1:flare_blitz|1:growl|1:tackle|6:quick_attack|10:peck|13:agility|16:flail|17:ember|25:roost|27:razor_wind|31:natural_gift|39:flame_charge|44:acrobatics|49:me_first|55:tailwind|60:steel_wing|64:brave_bird;acrobatics|aerial_ace|attract|bulk_up|confide|double_team|facade|fire_blast|flame_charge|flamethrower|fly|frustration|giga_impact|hidden_power|hone_claws|hyper_beam|incinerate|overheat|protect|rest|return|roost|round|secret_power|sleep_talk|solar_beam|steel_wing|substitute|sunny_day|swagger|swords_dance|taunt|thief|toxic|u_turn|will_o_wisp;heat_wave|snatch|snore|tailwind;;flying;;;663;Flamígero;1,2;24,5;rojo;50;no;Si se exalta durante un combate reñido, arroja chispas y ascuas de los intersticios entre su plumaje mientras vuela.
scatterbug;Scatterbug;bug;38;35;40;27;25;35;shield_dust;compound_eyes;friend_guard;medium_fast;40;255;defense:1;1:string_shot|1:tackle|6:stun_spore|15:bug_bite;;bug_bite;poison_powder|rage_powder|stun_spore;bug;spewpa@9;;664;Tiraescamas;0,3;2,5;negro;50;no;Cuando recibe el ataque de un Pokémon pájaro, expulsa unas escamas negras que provocan parálisis si se entra en contacto con ellas.
spewpa;Spewpa;bug;45;22;60;27;30;29;shed_skin;;friend_guard;medium_fast;75;120;defense:2;1:harden|9:protect;protect;bug_bite|electroweb|iron_defense;;bug;vivillon@12;;665;Tiraescamas;0,3;8,4;negro;50;no;Habita en la sombra de la espesura. Si percibe alguna amenaza, su pelaje se eriza y se vuelve muy afilado para así intimidar al enemigo.
vivillon;Vivillon;bug|flying;80;52;50;90;50;89;shield_dust;compound_eyes;friend_guard;medium_fast;185;45;hp:1|sp_attack:1|speed:1;1:gust|1:light_screen|1:poison_powder|1:powder|1:sleep_powder|1:stun_spore|12:struggle_bug|17:psybeam|21:supersonic|25:draining_kiss|31:aromatherapy|35:bug_buzz|41:safeguard|45:quiver_dance|50:hurricane|55:powder;acrobatics|aerial_ace|attract|calm_mind|confide|double_team|dream_eater|energy_ball|facade|flash|frustration|giga_impact|hidden_power|hyper_beam|infestation|light_screen|protect|psych_up|psychic|rain_dance|rest|return|roost|round|safeguard|secret_power|sleep_talk|solar_beam|struggle_bug|substitute|sunny_day|swagger|thief|toxic|u_turn;bug_bite|electroweb|endeavor|giga_drain|signal_beam|snore|tailwind;;bug;;;666;Escamaposa;1,2;17;blanco;50;no;En el mundo existen Vivillon con diferentes motivos en sus alas. El clima de cada región influye en sus rasgos.
litleo;Litleo;fire|normal;62;50;58;73;54;72;rivalry;unnerve;moxie;medium_slow;74;220;sp_attack:1;1:leer|1:tackle|5:ember|8:work_up|11:headbutt|15:noble_roar|20:take_down|23:fire_fang|28:endeavor|33:echoed_voice|36:flamethrower|39:crunch|43:hyper_voice|46:incinerate|50:overheat;attract|bulldoze|confide|dark_pulse|dig|double_team|echoed_voice|facade|fire_blast|flame_charge|flamethrower|frustration|hidden_power|incinerate|overheat|payback|protect|rain_dance|rest|retaliate|return|roar|rock_smash|round|secret_power|sleep_talk|snarl|solar_beam|strength|substitute|sunny_day|swagger|taunt|thief|toxic|wild_charge|will_o_wisp;endeavor|heat_wave|helping_hand|hyper_voice|iron_tail|snatch|snore;entrainment|fire_spin|snatch|yawn;ground;pyroar@35;;667;Leoncito;0,6;13,5;marrón;87,5;no;Cuanto más poderoso es el enemigo al que se enfrenta, más calor desprende su mechón y más energía recorre todo su cuerpo.
pyroar;Pyroar;fire|normal;86;68;72;109;66;106;rivalry;unnerve;moxie;medium_slow;177;65;sp_attack:2;1:hyper_beam|1:leer|1:tackle|5:ember|8:work_up|11:headbutt|15:noble_roar|20:take_down|23:fire_fang|28:endeavor|33:echoed_voice|38:flamethrower|42:crunch|48:hyper_voice|51:incinerate|57:overheat;attract|bulldoze|confide|dark_pulse|dig|double_team|echoed_voice|facade|fire_blast|flame_charge|flamethrower|frustration|giga_impact|hidden_power|hyper_beam|incinerate|overheat|payback|protect|rain_dance|rest|retaliate|return|roar|rock_smash|round|secret_power|sleep_talk|snarl|solar_beam|strength|substitute|sunny_day|swagger|taunt|thief|toxic|wild_charge|will_o_wisp;bounce|endeavor|heat_wave|helping_hand|hyper_voice|iron_tail|snatch|snore;;ground;;;668;Regio;1,5;81,5;marrón;87,5;no;El macho con la melena de fuego más grande de toda la manada es el líder de sus compañeros.
flabebe;Flabébé;fairy;44;38;39;61;79;42;flower_veil;;symbiosis;medium_fast;61;225;sp_defense:1;1:tackle|1:vine_whip|6:fairy_wind|10:lucky_chant|15:razor_leaf|20:wish|22:magical_leaf|24:grassy_terrain|28:petal_blizzard|33:aromatherapy|37:misty_terrain|41:moonblast|45:petal_dance|48:solar_beam;attract|calm_mind|confide|dazzling_gleam|double_team|echoed_voice|energy_ball|facade|flash|frustration|grass_knot|hidden_power|nature_power|protect|psychic|rain_dance|rest|return|round|safeguard|secret_power|sleep_talk|solar_beam|substitute|sunny_day|swagger|toxic;after_you|covet|endeavor|giga_drain|heal_bell|helping_hand|magic_coat|seed_bomb|snore|synthesis|worry_seed;camouflage|captivate|copycat;fairy;floette@19;;669;Monoflor;0,1;0,1;blanco;100;no;Puede controlar el poder oculto de las flores. La flor que lleva consigo es como si formara parte de su cuerpo.
floette;Floette;fairy;54;45;47;75;98;52;flower_veil;;symbiosis;medium_fast;130;120;sp_defense:2;1:tackle|1:vine_whip|6:fairy_wind|10:lucky_chant|15:razor_leaf|20:wish|25:magical_leaf|27:grassy_terrain|33:petal_blizzard|38:aromatherapy|43:misty_terrain|46:moonblast|51:petal_dance|58:solar_beam;attract|calm_mind|confide|dazzling_gleam|double_team|echoed_voice|energy_ball|facade|flash|frustration|grass_knot|hidden_power|nature_power|protect|psychic|rain_dance|rest|return|round|safeguard|secret_power|sleep_talk|solar_beam|substitute|sunny_day|swagger|toxic;after_you|covet|endeavor|giga_drain|heal_bell|helping_hand|magic_coat|seed_bomb|snore|synthesis|worry_seed;;fairy;florges@objeto:shiny_stone;;670;Monoflor;0,2;0,9;blanco;100;no;Revolotea alrededor de campos de flores y cuida de aquellas que empiezan a marchitarse. Usa en combate el poder oculto de las flores.
florges;Florges;fairy;78;65;68;112;154;75;flower_veil;;symbiosis;medium_fast;248;45;sp_defense:3;1:aromatherapy|1:disarming_voice|1:flower_shield|1:grass_knot|1:grassy_terrain|1:lucky_chant|1:magical_leaf|1:misty_terrain|1:moonblast|1:petal_blizzard|1:petal_dance|1:wish;attract|calm_mind|confide|dazzling_gleam|double_team|echoed_voice|energy_ball|facade|flash|frustration|giga_impact|grass_knot|hidden_power|hyper_beam|light_screen|nature_power|protect|psychic|rain_dance|rest|return|round|safeguard|secret_power|sleep_talk|solar_beam|substitute|sunny_day|swagger|toxic;after_you|covet|endeavor|giga_drain|heal_bell|helping_hand|magic_coat|seed_bomb|snore|synthesis|worry_seed;;fairy;;;671;Jardín;1,1;10;blanco;100;no;Habita en preciosos jardines floridos. Absorbe la energía que emiten las plantas y la convierte en su fuente de poder.
skiddo;Skiddo;grass;66;65;48;62;57;52;sap_sipper;;grass_pelt;medium_fast;70;200;hp:1;1:growth|1:tackle|7:vine_whip|9:tail_whip|12:leech_seed|13:razor_leaf|16:worry_seed|20:synthesis|22:take_down|26:bulldoze|30:seed_bomb|34:bulk_up|38:double_edge|42:horn_leech|45:leaf_blade|50:milk_drink;attract|brick_break|bulk_up|bulldoze|confide|dig|double_team|energy_ball|facade|frustration|grass_knot|hidden_power|nature_power|payback|protect|rain_dance|rest|retaliate|return|roar|rock_slide|rock_smash|round|secret_power|sleep_talk|solar_beam|strength|substitute|sunny_day|surf|swagger|toxic|wild_charge;giga_drain|iron_tail|seed_bomb|snore|synthesis|worry_seed|zen_headbutt;defense_curl|milk_drink|rollout;ground;gogoat@32;;672;Montura;0,9;31;marrón;50;no;Se dice que fue la primera especie de Pokémon que se acostumbró a vivir con los seres humanos. Tiene una naturaleza muy afable.
gogoat;Gogoat;grass;123;100;62;97;81;68;sap_sipper;;grass_pelt;medium_fast;186;45;hp:2;1:aerial_ace|1:growth|1:tackle|7:vine_whip|9:tail_whip|12:leech_seed|13:razor_leaf|16:worry_seed|20:synthesis|22:take_down|26:bulldoze|30:seed_bomb|34:bulk_up|40:double_edge|47:horn_leech|55:leaf_blade|58:milk_drink|60:earthquake|65:aerial_ace;aerial_ace|attract|brick_break|bulk_up|bulldoze|confide|dig|double_team|earthquake|energy_ball|facade|frustration|giga_impact|grass_knot|hidden_power|hyper_beam|nature_power|payback|protect|rain_dance|rest|retaliate|return|roar|rock_slide|rock_smash|round|secret_power|sleep_talk|solar_beam|strength|substitute|sunny_day|surf|swagger|toxic|wild_charge;bounce|giga_drain|iron_tail|seed_bomb|snore|superpower|synthesis|worry_seed|zen_headbutt;;ground;;;673;Montura;1,7;91;marrón;50;no;Percibe los sentimientos del Entrenador por la forma en la que agarra sus cuernos, aunque sean variaciones sutiles, y así avanzan como si fueran un solo ente.
pancham;Pancham;fighting;67;82;62;46;48;43;iron_fist;mold_breaker;scrappy;medium_fast;70;220;attack:1;1:leer|1:tackle|7:arm_thrust|10:work_up|12:karate_chop|15:comet_punch|20:slash|25:circle_throw|27:vital_throw|33:body_slam|39:crunch|42:entrainment|45:parting_shot|48:sky_uppercut;aerial_ace|attract|brick_break|bulk_up|bulldoze|confide|cut|dark_pulse|dig|double_team|echoed_voice|facade|false_swipe|fling|frustration|grass_knot|hidden_power|low_sweep|payback|power_up_punch|protect|rain_dance|rest|retaliate|return|roar|rock_slide|rock_smash|rock_tomb|round|secret_power|shadow_claw|sleep_talk|sludge_bomb|stone_edge|strength|substitute|sunny_day|surf|swagger|swords_dance|torment|toxic;block|covet|drain_punch|dual_chop|endeavor|fire_punch|focus_punch|foul_play|gunk_shot|helping_hand|hyper_voice|ice_punch|iron_head|knock_off|low_kick|snatch|snore|spite|superpower|thunder_punch|uproar|zen_headbutt;foul_play|me_first|quash|quick_guard|storm_throw;ground|humanshape;pangoro@32+equipo_tipo:dark;;674;Juguetón;0,6;8;blanco;50;no;Se esfuerza mucho para que el enemigo no lo menosprecie, pero su mirada no intimida demasiado. Se caracteriza por mascar siempre una hoja.
pangoro;Pangoro;fighting|dark;95;124;78;69;71;58;iron_fist;mold_breaker;scrappy;medium_fast;173;65;attack:2;1:entrainment|1:hammer_arm|1:leer|1:tackle|7:arm_thrust|10:work_up|12:karate_chop|15:comet_punch|20:slash|25:circle_throw|27:vital_throw|35:body_slam|42:crunch|45:entrainment|48:parting_shot|52:sky_uppercut|57:hammer_arm|65:taunt|70:low_sweep;aerial_ace|attract|brick_break|bulk_up|bulldoze|confide|cut|dark_pulse|dig|double_team|dragon_claw|earthquake|echoed_voice|embargo|facade|false_swipe|fling|focus_blast|frustration|giga_impact|grass_knot|hidden_power|hone_claws|hyper_beam|infestation|low_sweep|payback|poison_jab|power_up_punch|protect|quash|rain_dance|rest|retaliate|return|roar|rock_slide|rock_smash|rock_tomb|round|secret_power|shadow_claw|sleep_talk|sludge_bomb|snarl|stone_edge|strength|substitute|sunny_day|surf|swagger|swords_dance|taunt|thief|torment|toxic|x_scissor;block|covet|drain_punch|dual_chop|endeavor|fire_punch|focus_punch|foul_play|gunk_shot|helping_hand|hyper_voice|ice_punch|iron_head|knock_off|low_kick|outrage|snatch|snore|spite|superpower|thunder_punch|uproar|zen_headbutt;;ground|humanshape;;;675;Rostro Fiero;2,1;136;blanco;50;no;Es muy temperamental, pero no permite que nadie se meta con los débiles. Mediante su hoja, predice los movimientos del enemigo.
furfrou;Furfrou;normal;75;80;60;65;90;102;fur_coat;;;medium_fast;165;160;speed:1;1:growl|1:tackle|5:sand_attack|9:baby_doll_eyes|12:headbutt|15:tail_whip|22:bite|27:odor_sleuth|33:retaliate|35:take_down|38:charm|42:sucker_punch|48:cotton_guard;attract|charge_beam|confide|dark_pulse|dig|double_team|echoed_voice|facade|flash|frustration|giga_impact|grass_knot|hidden_power|protect|rain_dance|rest|retaliate|return|roar|rock_smash|round|secret_power|sleep_talk|snarl|substitute|sunny_day|surf|swagger|thunder_wave|toxic|u_turn|wild_charge;endeavor|helping_hand|hyper_voice|iron_tail|last_resort|role_play|snore|uproar|zen_headbutt;captivate|mimic|refresh|role_play|work_up;ground;;;676;Caniche;1,2;28;blanco;50;no;Cuando le esquilan su mullido pelaje, no solo mejora su apariencia, sino que aumenta su agilidad.
espurr;Espurr;psychic;62;48;54;63;60;68;keen_eye;infiltrator;own_tempo;medium_fast;71;190;speed:1;1:leer|1:scratch|5:covet|9:confusion|13:light_screen|17:psybeam|19:fake_out|22:disarming_voice|25:psyshock;attract|calm_mind|charge_beam|confide|cut|dark_pulse|double_team|dream_eater|echoed_voice|energy_ball|facade|flash|frustration|hidden_power|light_screen|payback|protect|psych_up|psychic|psyshock|rain_dance|reflect|rest|return|round|safeguard|secret_power|sleep_talk|substitute|sunny_day|swagger|thunder_wave|thunderbolt|torment|toxic|trick_room;covet|gravity|heal_bell|helping_hand|iron_tail|magic_coat|magic_room|recycle|role_play|shock_wave|signal_beam|snatch|snore|trick|wonder_room|zen_headbutt;assist|barrier|trick|yawn;ground;meowstic@25;;677;Moderación;0,3;3,5;gris;50;no;Protege con las orejas el órgano con el que irradia su intenso poder psíquico para evitar que este se escape al exterior.
meowstic;Meowstic;psychic;74;48;76;83;81;104;keen_eye;infiltrator;prankster;medium_fast;163;75;speed:2;1:helping_hand|1:leer|1:mean_look|1:quick_guard|1:scratch|5:covet|9:confusion|13:light_screen|17:psybeam|19:fake_out|22:disarming_voice|25:psyshock|28:charm|31:miracle_eye|35:reflect|40:psychic|43:role_play|45:imprison|48:sucker_punch|50:misty_terrain|53:quick_guard;attract|calm_mind|charge_beam|confide|cut|dark_pulse|dig|double_team|dream_eater|echoed_voice|energy_ball|facade|flash|frustration|giga_impact|hidden_power|hyper_beam|light_screen|payback|power_up_punch|protect|psych_up|psychic|psyshock|rain_dance|reflect|rest|return|round|safeguard|secret_power|shadow_ball|sleep_talk|substitute|sunny_day|swagger|thunder_wave|thunderbolt|torment|toxic|trick_room;covet|gravity|heal_bell|helping_hand|iron_tail|magic_coat|magic_room|recycle|role_play|shock_wave|signal_beam|snatch|snore|trick|wonder_room|zen_headbutt;;ground;;;678;Autocontrol;0,6;8,5;azul;50;no;Cuando percibe peligro, yergue sus orejas y desata un poder psíquico capaz de levantar un camión de unas 10 toneladas.
honedge;Honedge;steel|ghost;45;80;100;35;37;28;no_guard;;;medium_fast;65;180;defense:1;1:swords_dance|1:tackle|5:fury_cutter|8:metal_sound|13:pursuit|18:autotomize|20:shadow_sneak|22:aerial_ace|26:retaliate|29:slash|32:iron_defense|35:night_slash|39:power_trick|42:iron_head|47:sacred_sword;aerial_ace|attract|brick_break|confide|cut|double_team|facade|false_swipe|flash_cannon|frustration|gyro_ball|hidden_power|protect|rain_dance|reflect|rest|retaliate|return|rock_slide|rock_smash|secret_power|shadow_claw|sleep_talk|substitute|swagger|swords_dance|toxic;after_you|iron_defense|iron_head|magnet_rise|shock_wave|snore|spite;destiny_bond|metal_sound|shadow_sneak|wide_guard;mineral;doublade@35;;679;Tizona;0,8;2;marrón;50;no;Cuentan que este Pokémon nace cuando el espíritu de un difunto toma posesión de una espada antigua. Se aferra a las personas y absorbe su energía.
doublade;Doublade;steel|ghost;59;110;150;45;49;35;no_guard;;;medium_fast;157;90;defense:2;1:swords_dance|1:tackle|5:fury_cutter|8:metal_sound|13:pursuit|18:autotomize|20:shadow_sneak|22:aerial_ace|26:retaliate|29:slash|32:iron_defense|36:night_slash|41:power_trick|45:iron_head|51:sacred_sword;aerial_ace|attract|brick_break|confide|cut|double_team|facade|false_swipe|flash_cannon|frustration|gyro_ball|hidden_power|protect|rain_dance|reflect|rest|retaliate|return|rock_slide|rock_smash|secret_power|shadow_claw|sleep_talk|substitute|swagger|swords_dance|toxic;after_you|iron_defense|iron_head|magnet_rise|shock_wave|snore|spite;;mineral;aegislash@objeto:dusk_stone;;680;Tizona;0,8;4,5;marrón;50;no;Al evolucionar se divide en dos espadas. Se comunican entre sí mediante telepatía y coordinan los ataques para rebanar al enemigo.
aegislash;Aegislash;steel|ghost;60;50;150;50;150;60;stance_change;;;medium_fast;234;45;defense:2|sp_defense:1;1:aerial_ace|1:autotomize|1:fury_cutter|1:head_smash|1:iron_defense|1:iron_head|1:kings_shield|1:night_slash|1:power_trick|1:pursuit|1:sacred_sword|1:shadow_sneak|1:slash|1:swords_dance;aerial_ace|attract|brick_break|confide|cut|double_team|facade|false_swipe|flash_cannon|frustration|giga_impact|gyro_ball|hidden_power|hyper_beam|protect|rain_dance|reflect|rest|retaliate|return|rock_slide|rock_smash|round|secret_power|shadow_ball|shadow_claw|sleep_talk|substitute|sunny_day|swagger|swords_dance|toxic;after_you|block|iron_defense|iron_head|magnet_rise|shock_wave|snore|spite;;mineral;;;681;Espada Real;1,7;53;marrón;50;no;Han permanecido junto a estirpes de reyes durante generaciones. Mediante su poder espectral pueden controlar a humanos y a Pokémon.
spritzee;Spritzee;fairy;78;52;60;63;65;23;healer;;aroma_veil;medium_fast;68;200;hp:1;1:fairy_wind|1:sweet_scent|6:sweet_kiss|8:odor_sleuth|13:echoed_voice|17:calm_mind|21:draining_kiss|25:aromatherapy|29:attract|31:moonblast|35:charm|38:flail|42:misty_terrain|44:skill_swap|48:psychic|50:disarming_voice;attract|calm_mind|charge_beam|confide|dazzling_gleam|double_team|dream_eater|echoed_voice|energy_ball|facade|flash|flash_cannon|frustration|gyro_ball|hidden_power|light_screen|protect|psych_up|psychic|rain_dance|reflect|rest|return|round|secret_power|sleep_talk|substitute|sunny_day|swagger|thunderbolt|torment|toxic|trick_room;after_you|covet|endeavor|heal_bell|helping_hand|magic_coat|skill_swap|snore;captivate|disable|refresh|wish;fairy;aromatisse@intercambio:sachet;;682;Aroma;0,2;0,5;rosa;50;no;Su cuerpo emana una fragancia que embelesa a quien la huele. La fragancia es diferente según los alimentos que ingiere.
aromatisse;Aromatisse;fairy;101;72;72;99;89;29;healer;;aroma_veil;medium_fast;162;140;hp:2;1:aromatic_mist|1:fairy_wind|1:heal_pulse|1:sweet_scent|6:sweet_kiss|8:odor_sleuth|13:echoed_voice|17:calm_mind|21:draining_kiss|25:aromatherapy|29:attract|31:moonblast|35:charm|38:flail|42:misty_terrain|44:skill_swap|48:psychic|53:disarming_voice|57:reflect|64:psych_up;attract|calm_mind|charge_beam|confide|dazzling_gleam|double_team|dream_eater|echoed_voice|energy_ball|facade|flash|flash_cannon|frustration|giga_impact|gyro_ball|hidden_power|hyper_beam|light_screen|protect|psych_up|psychic|psyshock|rain_dance|reflect|rest|return|round|secret_power|sleep_talk|substitute|sunny_day|swagger|thunder|thunderbolt|torment|toxic|trick_room;after_you|covet|drain_punch|endeavor|heal_bell|helping_hand|magic_coat|skill_swap|snore;;fairy;;;683;Fragancia;0,8;15,5;rosa;50;no;Puede producir multitud de olores diferentes y, en combate, secreta los que le resultan molestos al enemigo para así contar con cierta ventaja.
swirlix;Swirlix;fairy;62;48;66;59;57;49;sweet_veil;;unburden;medium_fast;68;200;defense:1;1:sweet_scent|1:tackle|5:fairy_wind|8:play_nice|10:fake_tears|13:round|17:cotton_spore|21:endeavor|26:aromatherapy|31:draining_kiss|36:energy_ball|41:cotton_guard|45:wish|49:play_rough|58:light_screen|67:safeguard;attract|calm_mind|confide|dazzling_gleam|double_team|dream_eater|energy_ball|facade|flamethrower|flash|frustration|hidden_power|light_screen|protect|psych_up|psychic|rain_dance|rest|return|round|safeguard|secret_power|sleep_talk|substitute|sunny_day|surf|swagger|thief|thunderbolt|toxic;after_you|covet|endeavor|gastro_acid|heal_bell|helping_hand|magic_coat|snore;after_you|belly_drum|copycat|yawn;fairy;slurpuff@intercambio:whipped_dream;;684;Chuchería;0,4;3,5;blanco;50;no;Escupe hebras pegajosas de color blanco y textura parecida a la del algodón de azúcar, con las que envuelve al enemigo y le impide que se mueva.
slurpuff;Slurpuff;fairy;82;80;86;85;75;72;sweet_veil;;unburden;medium_fast;168;140;defense:2;1:sweet_scent|1:tackle|5:fairy_wind|8:play_nice|10:fake_tears|13:round|17:cotton_spore|21:endeavor|26:aromatherapy|31:draining_kiss|36:energy_ball|41:cotton_guard|45:wish|49:play_rough|58:light_screen|67:safeguard;attract|calm_mind|confide|dazzling_gleam|double_team|dream_eater|energy_ball|facade|flamethrower|flash|frustration|giga_impact|hidden_power|hyper_beam|light_screen|protect|psych_up|psychic|rain_dance|rest|return|round|safeguard|secret_power|sleep_talk|substitute|sunny_day|surf|swagger|thief|thunderbolt|toxic;after_you|covet|drain_punch|endeavor|gastro_acid|heal_bell|helping_hand|magic_coat|snore;;fairy;;;685;Nata;0,8;5;blanco;50;no;Puede rastrear hasta el más débil de los olores. Hace uso de su fino olfato para ayudar a los pasteleros más exquisitos.
inkay;Inkay;dark|psychic;53;54;53;37;46;45;contrary;suction_cups;infiltrator;medium_fast;58;190;attack:1;1:constrict|1:peck|1:tackle|4:reflect|8:foul_play|12:swagger|13:psywave|15:topsy_turvy|18:hypnosis|21:psybeam|23:switcheroo|27:payback|31:light_screen|35:pluck|39:psycho_cut|43:slash|46:night_slash|48:superpower;aerial_ace|attract|calm_mind|confide|cut|dark_pulse|double_team|embargo|facade|flamethrower|flash|fling|frustration|hidden_power|light_screen|payback|protect|psych_up|psychic|rain_dance|reflect|rest|retaliate|return|rock_slide|round|secret_power|sleep_talk|substitute|sunny_day|swagger|taunt|thief|thunderbolt|torment|toxic|trick_room;bind|foul_play|knock_off|role_play|snatch|snore|spite|superpower;camouflage|destiny_bond|flatter|power_split|simple_beam;water1|water2;malamar@30;;686;Rotación;0,4;3,5;azul;50;no;Los enemigos que contemplan el titilante fulgor de su brillante cuerpo terminan mareándose y pierden las ganas de continuar combatiendo.
malamar;Malamar;dark|psychic;86;92;88;68;75;73;contrary;suction_cups;infiltrator;medium_fast;169;80;attack:2;1:constrict|1:peck|1:reversal|1:superpower|1:tackle|4:reflect|8:foul_play|12:swagger|13:psywave|15:topsy_turvy|18:hypnosis|21:psybeam|23:switcheroo|27:payback|31:light_screen|35:pluck|39:psycho_cut|43:slash|46:night_slash|48:superpower;aerial_ace|attract|calm_mind|confide|cut|dark_pulse|double_team|embargo|facade|flamethrower|flash|fling|frustration|giga_impact|hidden_power|hyper_beam|light_screen|payback|protect|psych_up|psychic|psyshock|rain_dance|reflect|rest|retaliate|return|rock_slide|round|secret_power|sleep_talk|substitute|sunny_day|swagger|taunt|thief|thunderbolt|torment|toxic|trick_room;bind|block|foul_play|knock_off|role_play|signal_beam|snatch|snore|spite|superpower;;water1|water2;;;687;Revolución;1,5;47;azul;50;no;Tiene a su disposición los poderes hipnóticos más poderosos de entre todos los Pokémon. Controla al enemigo a su voluntad.
binacle;Binacle;rock|water;42;52;67;39;56;50;tough_claws;sniper;pickpocket;medium_fast;61;120;attack:1;1:sand_attack|1:scratch|1:shell_smash|4:water_gun|7:withdraw|10:fury_swipes|13:slash|18:mud_slap|20:clamp|24:rock_polish|28:ancient_power|32:hone_claws|37:fury_cutter|41:night_slash|45:razor_shell|49:cross_chop;aerial_ace|attract|blizzard|brick_break|bulldoze|confide|cut|dig|double_team|earthquake|embargo|facade|false_swipe|fling|frustration|grass_knot|hidden_power|hone_claws|ice_beam|infestation|nature_power|payback|poison_jab|power_up_punch|protect|rain_dance|rest|return|rock_polish|rock_slide|rock_smash|rock_tomb|round|safeguard|sandstorm|scald|secret_power|shadow_claw|sleep_talk|sludge_bomb|sludge_wave|smack_down|stone_edge|strength|substitute|surf|swagger|swords_dance|taunt|thief|torment|toxic|x_scissor;dual_chop|endeavor|helping_hand|icy_wind|iron_defense|snore|stealth_rock|water_pulse;helping_hand|switcheroo|tickle|water_sport;water3;barbaracle@39;;688;Dos Manos;0,5;31;marrón;50;no;Dos Binacle conviven en la misma roca, pero cuando se produce un altercado entre ambos, uno de ellos se muda a otra.
barbaracle;Barbaracle;rock|water;72;105;115;54;86;68;tough_claws;sniper;pickpocket;medium_fast;175;45;attack:2;1:sand_attack|1:scratch|1:shell_smash|1:skull_bash|1:stone_edge|4:water_gun|7:withdraw|10:fury_swipes|13:slash|18:mud_slap|20:clamp|24:rock_polish|28:ancient_power|32:hone_claws|37:fury_cutter|44:night_slash|48:razor_shell|55:cross_chop|60:stone_edge|65:skull_bash;aerial_ace|attract|blizzard|brick_break|bulk_up|bulldoze|confide|cut|dig|double_team|dragon_claw|earthquake|embargo|facade|false_swipe|fling|focus_blast|frustration|giga_impact|grass_knot|hidden_power|hone_claws|hyper_beam|ice_beam|infestation|nature_power|payback|poison_jab|power_up_punch|protect|rain_dance|rest|return|rock_polish|rock_slide|rock_smash|rock_tomb|round|safeguard|sandstorm|scald|secret_power|shadow_claw|sleep_talk|sludge_bomb|sludge_wave|smack_down|stone_edge|strength|substitute|surf|swagger|swords_dance|taunt|thief|torment|toxic|x_scissor;dual_chop|earth_power|endeavor|helping_hand|icy_wind|iron_defense|low_kick|snore|stealth_rock|superpower|water_pulse;;water3;;;689;Combinación;1,3;96;marrón;50;no;Al evolucionar, los dos Binacle se dividen y dan lugar a siete criaturas que se aglomeran formando un Barbaracle y suman su poder al combatir.
skrelp;Skrelp;poison|water;50;60;60;60;60;30;poison_point;poison_touch;adaptability;medium_fast;64;225;sp_defense:1;1:smokescreen|1:tackle|1:water_gun|5:feint_attack|9:tail_whip|12:bubble|15:acid|19:camouflage|23:poison_tail|25:water_pulse|28:double_team|32:toxic|35:aqua_tail|38:sludge_bomb|42:hydro_pump|49:dragon_pulse;attract|confide|dive|double_team|facade|frustration|hail|hidden_power|protect|rain_dance|rest|return|round|scald|secret_power|shadow_ball|sleep_talk|sludge_bomb|sludge_wave|substitute|surf|swagger|thunderbolt|toxic|venoshock|waterfall;aqua_tail|bounce|dragon_pulse|gunk_shot|icy_wind|iron_tail|outrage|shock_wave|snore|water_pulse;acid_armor|haze|play_rough|toxic_spikes|venom_drench;water1|dragon;dragalge@48;;690;Pseudoalga;0,5;7,3;marrón;50;no;Adopta la apariencia de algas podridas y lanza un líquido venenoso a las presas desprevenidas que pasan cerca.
dragalge;Dragalge;poison|dragon;65;75;90;97;123;44;poison_point;poison_touch;adaptability;medium_fast;173;55;sp_defense:2;1:dragon_tail|1:smokescreen|1:tackle|1:twister|1:water_gun|5:feint_attack|9:tail_whip|12:bubble|15:acid|19:camouflage|23:poison_tail|25:water_pulse|28:double_team|32:toxic|35:aqua_tail|38:sludge_bomb|42:hydro_pump|53:dragon_pulse|59:dragon_tail|67:twister;attract|confide|dive|double_team|dragon_tail|facade|focus_blast|frustration|giga_impact|hail|hidden_power|hyper_beam|protect|rain_dance|rest|return|round|scald|secret_power|shadow_ball|sleep_talk|sludge_bomb|sludge_wave|substitute|surf|swagger|thunder|thunderbolt|toxic|venoshock|waterfall;aqua_tail|bounce|draco_meteor|dragon_pulse|gunk_shot|icy_wind|iron_tail|outrage|shock_wave|snore|water_pulse;;water1|dragon;;;691;Pseudoalga;1,8;81,5;marrón;50;no;Ataca de manera indiscriminada a quien ose adentrarse en su territorio, escupiéndole un virulento veneno que puede corroer hasta el casco de un petrolero.
clauncher;Clauncher;water;50;53;62;58;63;44;mega_launcher;;;slow;66;225;sp_attack:1;1:splash|1:water_gun|7:water_sport|9:vice_grip|12:bubble|16:flail|20:bubble_beam|25:swords_dance|30:crabhammer|34:water_pulse|39:smack_down|43:aqua_jet|48:muddy_water;attract|confide|cut|dive|double_team|facade|flash_cannon|frustration|hidden_power|ice_beam|protect|rain_dance|rest|return|rock_slide|round|scald|secret_power|sleep_talk|sludge_bomb|sludge_wave|smack_down|substitute|surf|swagger|swords_dance|toxic|u_turn|venoshock|waterfall;aqua_tail|bounce|dragon_pulse|helping_hand|icy_wind|iron_tail|snore|water_pulse;aqua_jet|crabhammer|endure|entrainment|helping_hand;water1|water3;clawitzer@37;;692;Proyectagua;0,5;8,3;azul;50;no;Abate a enemigos voladores disparando agua a presión con su enorme pinza como si de una pistola se tratara.
clawitzer;Clawitzer;water;71;73;88;120;89;59;mega_launcher;;;slow;100;55;sp_attack:2;1:aura_sphere|1:dark_pulse|1:dragon_pulse|1:heal_pulse|1:splash|1:water_gun|7:water_sport|9:vice_grip|12:bubble|16:flail|20:bubble_beam|25:swords_dance|30:crabhammer|34:water_pulse|42:smack_down|47:aqua_jet|53:muddy_water|57:dark_pulse|63:dragon_pulse|67:aura_sphere;attract|confide|cut|dark_pulse|dive|double_team|facade|flash_cannon|focus_blast|frustration|giga_impact|hidden_power|hyper_beam|ice_beam|protect|rain_dance|rest|return|rock_slide|round|scald|secret_power|shadow_ball|sleep_talk|sludge_bomb|sludge_wave|smack_down|substitute|surf|swagger|swords_dance|toxic|u_turn|venoshock|waterfall;aqua_tail|bounce|dragon_pulse|helping_hand|icy_wind|iron_tail|snore|water_pulse;;water1|water3;;;693;Lanzachorro;1,3;35,3;azul;50;no;Posee una enorme pinza que dispara bolas de agua que podrían atravesar incluso el casco de un petrolero.
helioptile;Helioptile;electric|normal;44;38;33;61;43;70;dry_skin;sand_veil;solar_power;medium_fast;58;190;speed:1;1:pound|1:tail_whip|6:thunder_shock|11:charge|13:mud_slap|17:quick_attack|22:razor_wind|25:parabolic_charge|31:thunder_wave|35:bulldoze|40:volt_switch|45:electrify|49:thunderbolt;attract|bulldoze|charge_beam|confide|cut|dark_pulse|dig|double_team|dragon_tail|facade|flash|frustration|grass_knot|hidden_power|light_screen|low_sweep|protect|psych_up|rain_dance|rest|return|rock_slide|rock_tomb|round|sandstorm|secret_power|sleep_talk|substitute|surf|swagger|thunder|thunder_wave|thunderbolt|toxic|u_turn|volt_switch|wild_charge;electroweb|iron_tail|magnet_rise|shock_wave|signal_beam|snore;agility|camouflage|electric_terrain|glare;monster|dragon;heliolisk@objeto:sun_stone;;694;Generador;0,5;6;amarillo;50;no;Habita en los desiertos y, cuando toma el sol, acumula energía, lo que le permite vivir sin la necesidad de ingerir alimentos.
heliolisk;Heliolisk;electric|normal;62;55;52;109;94;109;dry_skin;sand_veil;solar_power;medium_fast;168;75;sp_attack:1|speed:1;1:charge|1:eerie_impulse|1:electrify|1:parabolic_charge|1:quick_attack|1:razor_wind|1:thunder;attract|bulldoze|charge_beam|confide|cut|dark_pulse|dig|double_team|dragon_tail|facade|flash|focus_blast|frustration|giga_impact|grass_knot|hidden_power|hyper_beam|light_screen|low_sweep|protect|psych_up|rain_dance|rest|return|rock_slide|rock_tomb|round|sandstorm|secret_power|sleep_talk|substitute|surf|swagger|thunder|thunder_wave|thunderbolt|toxic|u_turn|volt_switch|wild_charge;dragon_pulse|electroweb|fire_punch|hyper_voice|iron_tail|low_kick|magnet_rise|shock_wave|signal_beam|snore|thunder_punch;;monster|dragon;;;695;Generador;1;21;amarillo;50;no;Extiende su gorguera y genera energía eléctrica suficiente para cubrir el consumo de electricidad de un rascacielos entero.
tyrunt;Tyrunt;rock|dragon;58;89;77;45;45;48;strong_jaw;;sturdy;medium_fast;72;45;attack:1;1:tackle|1:tail_whip|6:roar|10:stomp|12:bide|15:stealth_rock|17:bite|20:charm|26:ancient_power|30:dragon_tail|34:crunch|37:dragon_claw|40:thrash|44:earthquake|49:horn_drill;aerial_ace|attract|brick_break|bulldoze|confide|dark_pulse|dig|double_team|dragon_claw|dragon_tail|earthquake|facade|frustration|hidden_power|hone_claws|protect|rest|return|roar|rock_polish|rock_slide|rock_smash|rock_tomb|round|sandstorm|secret_power|sleep_talk|stone_edge|strength|substitute|sunny_day|swagger|toxic;block|draco_meteor|dragon_pulse|earth_power|hyper_voice|iron_defense|iron_head|iron_tail|outrage|snore|stealth_rock|superpower|zen_headbutt;curse|dragon_dance|fire_fang|ice_fang|poison_fang|rock_polish|thunder_fang;monster|dragon;tyrantrum@39+hora:dia;;696;Heredero;0,8;26;marrón;12,5;no;Pokémon recreado a partir de fósiles. Cuando sucede algo que no es de su agrado, se enfurece y se vuelve violento.
tyrantrum;Tyrantrum;rock|dragon;82;121;119;69;59;71;strong_jaw;;rock_head;medium_fast;182;45;attack:2;1:head_smash|1:tackle|1:tail_whip|6:roar|10:stomp|12:bide|15:stealth_rock|17:bite|20:charm|26:ancient_power|30:dragon_tail|34:crunch|37:dragon_claw|42:thrash|47:earthquake|53:horn_drill|58:head_smash|68:rock_slide|75:giga_impact;aerial_ace|attract|brick_break|bulldoze|confide|dark_pulse|dig|double_team|dragon_claw|dragon_tail|earthquake|facade|frustration|giga_impact|hidden_power|hone_claws|hyper_beam|protect|rest|return|roar|rock_polish|rock_slide|rock_smash|rock_tomb|round|sandstorm|secret_power|sleep_talk|stone_edge|strength|substitute|sunny_day|swagger|toxic;block|draco_meteor|dragon_pulse|earth_power|hyper_voice|iron_defense|iron_head|iron_tail|outrage|snore|stealth_rock|superpower|zen_headbutt;;monster|dragon;;;697;Tirano;2,5;270;rojo;12,5;no;En el mundo antiguo en el que habitaba no tenía rivales gracias a sus mandíbulas, con las que podría despedazar con facilidad gruesas placas de acero.
amaura;Amaura;rock|ice;77;59;50;67;63;46;refrigerate;;snow_warning;medium_fast;72;45;hp:1;1:growl|1:powder_snow|5:thunder_wave|10:rock_throw|13:icy_wind|15:take_down|18:mist|20:aurora_beam|26:ancient_power|30:round|34:avalanche|38:hail|41:nature_power|44:encore|47:light_screen|50:ice_beam|57:hyper_beam|65:blizzard;attract|blizzard|bulldoze|calm_mind|charge_beam|confide|dark_pulse|double_team|dragon_tail|dream_eater|echoed_voice|facade|flash|flash_cannon|frost_breath|frustration|hail|hidden_power|hyper_beam|ice_beam|light_screen|nature_power|protect|psych_up|rain_dance|reflect|rest|return|roar|rock_polish|rock_slide|rock_smash|rock_tomb|round|safeguard|sandstorm|secret_power|sleep_talk|stone_edge|substitute|swagger|thunder_wave|thunderbolt|toxic;aqua_tail|earth_power|hyper_voice|icy_wind|iron_defense|iron_head|iron_tail|magnet_rise|outrage|snore|stealth_rock|water_pulse|zen_headbutt;barrier|discharge|haze|magnet_rise|mirror_coat;monster;aurorus@39+hora:noche;;698;Tundra;1,3;25,2;azul;12,5;no;Pokémon que ha sido regenerado a partir de un trozo de su antiguo cuerpo, que quedó congelado hace unos 100 millones de años.
aurorus;Aurorus;rock|ice;123;77;72;99;92;58;refrigerate;;snow_warning;medium_fast;104;45;hp:2;1:freeze_dry|1:growl|1:powder_snow|5:thunder_wave|10:rock_throw|13:icy_wind|15:take_down|18:mist|20:aurora_beam|26:ancient_power|30:round|34:avalanche|38:hail|43:nature_power|46:encore|50:light_screen|56:ice_beam|63:hyper_beam|74:blizzard|77:freeze_dry;attract|blizzard|bulldoze|calm_mind|charge_beam|confide|dark_pulse|double_team|dragon_tail|dream_eater|earthquake|echoed_voice|facade|flash|flash_cannon|frost_breath|frustration|giga_impact|hail|hidden_power|hyper_beam|ice_beam|light_screen|nature_power|protect|psych_up|psychic|rain_dance|reflect|rest|return|roar|rock_polish|rock_slide|rock_smash|rock_tomb|round|safeguard|sandstorm|secret_power|sleep_talk|stone_edge|substitute|swagger|thunder|thunder_wave|thunderbolt|toxic;aqua_tail|earth_power|hyper_voice|icy_wind|iron_defense|iron_head|iron_tail|magnet_rise|outrage|snore|stealth_rock|water_pulse|zen_headbutt;;monster;;;699;Tundra;2,7;225;azul;12,5;no;Expulsa un gas gélido a temperaturas inferiores a los -150 ºC a través de sus cristales romboides y congela así a su enemigo.
sylveon;Sylveon;fairy;95;65;65;110;130;60;cute_charm;;pixilate;medium_fast;184;45;sp_defense:2;1:disarming_voice|1:helping_hand|1:tackle|1:tail_whip|5:sand_attack|9:fairy_wind|13:quick_attack|17:swift|20:draining_kiss|25:skill_swap|29:misty_terrain|33:light_screen|37:moonblast|41:last_resort|45:psych_up;attract|calm_mind|confide|cut|dazzling_gleam|dig|double_team|echoed_voice|facade|flash|frustration|giga_impact|hidden_power|hyper_beam|light_screen|protect|psych_up|psyshock|rain_dance|reflect|rest|retaliate|return|round|safeguard|secret_power|shadow_ball|sleep_talk|substitute|sunny_day|swagger|toxic;covet|heal_bell|helping_hand|hyper_voice|iron_tail|last_resort|magic_coat|skill_swap|snore;;ground;;;700;Vínculo;1;23,5;rosa;12,5;no;A través de sus apéndices sensitivos con forma de cinta, emite unas ondas tranquilizadoras mediante las cuales detiene los combates.
hawlucha;Hawlucha;fighting|flying;78;92;75;74;63;118;limber;unburden;mold_breaker;medium_fast;175;100;attack:2;1:detect|1:hone_claws|1:tackle|4:karate_chop|8:wing_attack|12:roost|16:aerial_ace|20:encore|24:fling|28:flying_press|32:bounce|36:endeavor|40:feather_dance|44:high_jump_kick|48:sky_attack|55:sky_drop|60:swords_dance;acrobatics|aerial_ace|attract|brick_break|bulk_up|confide|cut|dig|double_team|facade|false_swipe|fling|fly|focus_blast|frustration|giga_impact|grass_knot|hidden_power|hone_claws|low_sweep|payback|poison_jab|power_up_punch|protect|rain_dance|rest|retaliate|return|rock_slide|rock_smash|rock_tomb|roost|round|secret_power|sky_drop|sleep_talk|steel_wing|stone_edge|strength|substitute|sunny_day|swagger|swords_dance|taunt|torment|toxic|u_turn|x_scissor;bounce|drain_punch|dual_chop|endeavor|fire_punch|focus_punch|helping_hand|iron_head|last_resort|low_kick|sky_attack|snore|superpower|tailwind|thunder_punch|zen_headbutt;agility|ally_switch|baton_pass|entrainment|me_first|mud_sport|quick_guard;flying|humanshape;;;701;Lucha Libre;0,8;21,5;verde;50;no;A pesar de ser un Pokémon de pequeña estatura, su pericia en el combate le permite plantar cara a Pokémon como Machamp o Hariyama.
dedenne;Dedenne;electric|fairy;67;58;57;81;67;101;cheek_pouch;pickup;plus;medium_fast;151;180;speed:2;1:tackle|1:tail_whip|7:thunder_shock|11:charge|14:charm|17:parabolic_charge|20:nuzzle|23:thunder_wave|26:volt_switch|30:rest|31:snore|34:charge_beam|39:entrainment|42:play_rough|45:thunder|50:discharge;aerial_ace|attract|charge_beam|confide|cut|dig|double_team|facade|flash|fling|frustration|giga_impact|grass_knot|hidden_power|protect|rain_dance|rest|retaliate|return|round|secret_power|sleep_talk|substitute|sunny_day|swagger|thief|thunder|thunder_wave|thunderbolt|toxic|u_turn|volt_switch|wild_charge;covet|electroweb|helping_hand|iron_tail|last_resort|magnet_rise|recycle|shock_wave|signal_beam|snore|super_fang|thunder_punch;covet|eerie_impulse|helping_hand|natural_gift;ground|fairy;;;702;Antenas;0,2;2,2;amarillo;50;no;Sus bigotes hacen la función de antenas, por lo que puede enviar y recibir ondas eléctricas para comunicarse a grandes distancias.
carbink;Carbink;rock|fairy;50;50;150;50;150;50;clear_body;;sturdy;slow;100;60;defense:1|sp_defense:1;1:harden|1:tackle|5:rock_throw|8:sharpen|12:smack_down|18:reflect|21:stealth_rock|27:guard_split|31:ancient_power|35:flail|40:skill_swap|46:power_gem|49:stone_edge|50:moonblast|60:light_screen|70:safeguard;calm_mind|confide|dazzling_gleam|double_team|explosion|facade|flash|frustration|gyro_ball|hail|hidden_power|light_screen|nature_power|protect|psych_up|psychic|reflect|rest|return|rock_polish|rock_slide|rock_tomb|round|safeguard|sandstorm|secret_power|sleep_talk|smack_down|stone_edge|substitute|sunny_day|swagger|toxic|trick_room;after_you|covet|earth_power|gravity|iron_defense|magic_coat|magnet_rise|skill_swap|snore|stealth_rock|wonder_room;;fairy|mineral;;;703;Joya;0,3;5,7;gris;sin_genero;no;Nace en las profundidades subterráneas, a altas temperaturas y a gran presión. Irradia energía por la roca que tiene en la cabeza.
goomy;Goomy;dragon;45;50;35;55;75;40;sap_sipper;hydration;gooey;slow;60;45;sp_defense:1;1:bubble|1:tackle|5:absorb|9:protect|13:bide|18:dragon_breath|25:rain_dance|28:flail|32:body_slam|38:muddy_water|42:dragon_pulse;attract|confide|double_team|facade|frustration|hidden_power|infestation|protect|rain_dance|rest|return|rock_slide|round|secret_power|sleep_talk|sludge_bomb|sludge_wave|substitute|sunny_day|swagger|thunderbolt|toxic;draco_meteor|dragon_pulse|iron_tail|outrage|shock_wave|snore|water_pulse;acid_armor|counter|curse|endure|iron_tail|poison_tail;dragon;sliggoo@40;;704;Molusco;0,3;2,8;morado;50;no;Es el Pokémon de tipo Dragón más débil. Habita en zonas oscuras y húmedas para evitar que su viscoso cuerpo se seque.
sliggoo;Sliggoo;dragon;68;75;53;83;113;60;sap_sipper;hydration;gooey;slow;158;45;sp_defense:2;1:bubble|1:tackle|5:absorb|9:protect|13:bide|18:dragon_breath|25:rain_dance|28:flail|32:body_slam|38:muddy_water|47:dragon_pulse;attract|blizzard|confide|double_team|facade|frustration|hidden_power|ice_beam|infestation|protect|rain_dance|rest|return|rock_slide|round|secret_power|sleep_talk|sludge_bomb|sludge_wave|substitute|sunny_day|swagger|thunderbolt|toxic;draco_meteor|dragon_pulse|iron_tail|outrage|shock_wave|snore|water_pulse;;dragon;goodra@50+clima:rain;;705;Molusco;0,8;17,5;morado;50;no;Segrega una mucosidad que corroe todo lo que toca y consigue así ahuyentar al enemigo. Sus ojos han involucionado, por lo que no puede ver.
goodra;Goodra;dragon;90;100;70;110;150;80;sap_sipper;hydration;gooey;slow;270;45;sp_defense:3;1:bubble|1:feint|1:outrage|1:tackle|5:absorb|9:protect|13:bide|18:dragon_breath|25:rain_dance|28:flail|32:body_slam|38:muddy_water|47:dragon_pulse|50:aqua_tail|55:power_whip|63:outrage;attract|blizzard|bulldoze|confide|double_team|dragon_tail|earthquake|facade|fire_blast|flamethrower|focus_blast|frustration|giga_impact|hail|hidden_power|hyper_beam|ice_beam|incinerate|infestation|protect|rain_dance|rest|return|rock_slide|rock_smash|round|secret_power|sleep_talk|sludge_bomb|sludge_wave|strength|substitute|sunny_day|swagger|thunder|thunderbolt|toxic;aqua_tail|draco_meteor|dragon_pulse|fire_punch|focus_punch|iron_tail|outrage|shock_wave|snore|superpower|thunder_punch|water_pulse;;dragon;;;706;Dragón;2;150,5;morado;50;no;Pokémon de tipo Dragón muy afable al que le gusta abrazar con efusión a su Entrenador, aunque después lo deja totalmente pringado.
klefki;Klefki;steel|fairy;57;80;91;80;87;75;prankster;;magician;fast;165;75;defense:1;1:fairy_lock|1:tackle|5:fairy_wind|8:astonish|12:metal_sound|15:spikes|18:draining_kiss|23:crafty_shield|27:foul_play|32:torment|34:mirror_shot|36:imprison|40:recycle|43:play_rough|44:magic_room|50:heal_block;attract|calm_mind|confide|cut|dazzling_gleam|double_team|facade|flash_cannon|frustration|giga_impact|hidden_power|hyper_beam|light_screen|protect|psych_up|psychic|psyshock|rain_dance|reflect|rest|return|round|safeguard|secret_power|sleep_talk|substitute|sunny_day|swagger|thief|thunder_wave|torment|toxic;covet|foul_play|iron_defense|last_resort|magic_coat|magic_room|magnet_rise|recycle|snore;iron_defense|lock_on|switcheroo|thief;mineral;;;707;Llavero;0,2;3;gris;50;no;Tiene el hábito de coleccionar llaves. Cuando un enemigo lo ataca, las hace tintinear como método de intimidación.
phantump;Phantump;ghost|grass;43;70;48;50;60;38;natural_cure;frisk;harvest;medium_fast;62;120;attack:1;1:confuse_ray|1:tackle|5:astonish|8:growth|13:ingrain|19:feint_attack|23:leech_seed|28:curse|31:will_o_wisp|35:forests_curse|39:destiny_bond|45:phantom_force|49:wood_hammer|54:horn_leech;attract|bulldoze|confide|cut|dark_pulse|dig|double_team|dream_eater|energy_ball|facade|frustration|grass_knot|hidden_power|nature_power|poison_jab|protect|psychic|reflect|rest|return|rock_slide|rock_smash|round|safeguard|secret_power|shadow_ball|shadow_claw|sleep_talk|solar_beam|strength|substitute|sunny_day|swagger|thief|toxic|trick_room|will_o_wisp;foul_play|giga_drain|magic_coat|pain_split|role_play|seed_bomb|skill_swap|snore|spite|trick|worry_seed;bestow|grudge|imprison|venom_drench;plant|indeterminate;trevenant@intercambio;;708;Tocón;0,4;7;marrón;50;no;Pokémon que nace cuando un espíritu se adentra en un tocón podrido. Habita en bosques que son poco frecuentados por humanos.
trevenant;Trevenant;ghost|grass;85;110;76;65;82;56;natural_cure;frisk;harvest;medium_fast;166;60;attack:2;1:confuse_ray|1:horn_leech|1:tackle|5:astonish|8:growth|13:ingrain|19:feint_attack|23:leech_seed|28:curse|31:will_o_wisp|35:forests_curse|39:destiny_bond|45:phantom_force|49:wood_hammer|55:shadow_claw|62:horn_leech;attract|bulldoze|calm_mind|confide|cut|dark_pulse|dig|double_team|dream_eater|earthquake|energy_ball|facade|focus_blast|frustration|giga_impact|grass_knot|hidden_power|hone_claws|hyper_beam|nature_power|poison_jab|power_up_punch|protect|psychic|reflect|rest|return|rock_slide|rock_smash|round|safeguard|secret_power|shadow_ball|shadow_claw|sleep_talk|solar_beam|strength|substitute|sunny_day|swagger|thief|toxic|trick_room|will_o_wisp|x_scissor;block|drain_punch|foul_play|giga_drain|magic_coat|pain_split|role_play|seed_bomb|skill_swap|snore|spite|trick|worry_seed;;plant|indeterminate;;;709;Árbol Viejo;1,5;71;marrón;50;no;Puede controlar los árboles a su voluntad. Retiene hasta el fin de sus días a los humanos que se adentran en el bosque y lo mancillan.
pumpkaboo;Pumpkaboo;ghost|grass;49;66;70;44;55;51;pickup;frisk;insomnia;medium_fast;67;120;defense:1;1:astonish|1:confuse_ray|1:trick|4:scary_face|6:trick_or_treat|11:worry_seed|16:razor_leaf|20:leech_seed|23:trick_or_treat|26:bullet_seed|30:shadow_sneak|36:shadow_ball|40:trick_or_treat|42:pain_split|48:seed_bomb;attract|charge_beam|confide|dark_pulse|double_team|dream_eater|energy_ball|explosion|facade|fire_blast|flame_charge|flamethrower|flash|frustration|grass_knot|gyro_ball|hidden_power|incinerate|light_screen|nature_power|protect|psychic|rest|return|rock_slide|rock_smash|round|safeguard|secret_power|shadow_ball|sleep_talk|sludge_bomb|solar_beam|substitute|sunny_day|swagger|thief|toxic|trick_room|will_o_wisp;foul_play|giga_drain|magic_coat|pain_split|role_play|seed_bomb|skill_swap|spite|synthesis|trick|worry_seed;bestow|destiny_bond|disable;indeterminate;gourgeist@intercambio;;710;Calabaza;0,4;5;marrón;50;no;En el interior de la calabaza reside un espíritu que ha permanecido atrapado en este mundo. Entra en acción al caer la noche.
gourgeist;Gourgeist;ghost|grass;65;90;122;58;75;84;pickup;frisk;insomnia;medium_fast;173;60;defense:2;1:astonish|1:confuse_ray|1:explosion|1:phantom_force|1:trick|4:scary_face|6:trick_or_treat|11:worry_seed|16:razor_leaf|20:leech_seed|23:trick_or_treat|26:bullet_seed|30:shadow_sneak|36:shadow_ball|40:trick_or_treat|42:pain_split|48:seed_bomb|57:phantom_force|63:trick_or_treat|70:shadow_ball|75:explosion;attract|charge_beam|confide|dark_pulse|double_team|dream_eater|energy_ball|explosion|facade|fire_blast|flame_charge|flamethrower|flash|focus_blast|frustration|giga_impact|grass_knot|gyro_ball|hidden_power|hyper_beam|incinerate|light_screen|nature_power|protect|psychic|rest|return|rock_slide|rock_smash|round|safeguard|secret_power|shadow_ball|sleep_talk|sludge_bomb|solar_beam|substitute|sunny_day|swagger|thief|toxic|trick_room|will_o_wisp;foul_play|giga_drain|magic_coat|pain_split|role_play|seed_bomb|skill_swap|spite|synthesis|trick|worry_seed;;indeterminate;;;711;Calabaza;0,9;12,5;marrón;50;no;En las noches de luna nueva deambula por las calles de las ciudades y emite espeluznantes alaridos que maldicen a quienes los oyen.
bergmite;Bergmite;ice;55;69;85;32;35;28;own_tempo;ice_body;sturdy;medium_fast;61;190;defense:1;1:bite|1:harden|1:tackle|5:powder_snow|10:icy_wind|15:take_down|20:sharpen|22:curse|26:ice_fang|30:ice_ball|35:rapid_spin|39:avalanche|43:blizzard|47:recover|49:double_edge;attract|blizzard|confide|double_team|facade|flash|flash_cannon|frost_breath|frustration|gyro_ball|hail|hidden_power|ice_beam|protect|rain_dance|rest|return|rock_polish|rock_slide|rock_smash|rock_tomb|round|safeguard|secret_power|sleep_talk|stone_edge|strength|substitute|surf|swagger|toxic;after_you|icy_wind|iron_defense|snore|water_pulse;barrier|mirror_coat|mist|recover;monster|mineral;avalugg@37;;712;Témpano;1;99,5;azul;50;no;Envuelve su cuerpo en una capa de hielo que le permite evitar los ataques del enemigo. Si se resquebraja, la recompone con aire gélido.
avalugg;Avalugg;ice;95;117;184;44;46;28;own_tempo;ice_body;sturdy;medium_fast;180;55;defense:2;1:bite|1:crunch|1:harden|1:iron_defense|1:skull_bash|1:tackle|5:powder_snow|10:icy_wind|15:take_down|20:sharpen|22:curse|26:ice_fang|30:ice_ball|35:rapid_spin|42:avalanche|46:blizzard|51:recover|56:double_edge|60:skull_bash|65:crunch;attract|blizzard|bulldoze|confide|double_team|earthquake|facade|flash|flash_cannon|frost_breath|frustration|giga_impact|gyro_ball|hail|hidden_power|hyper_beam|ice_beam|protect|rain_dance|rest|return|roar|rock_polish|rock_slide|rock_smash|rock_tomb|round|safeguard|secret_power|sleep_talk|stone_edge|strength|substitute|surf|swagger|toxic;after_you|block|icy_wind|iron_defense|iron_head|snore|superpower|water_pulse;;monster|mineral;;;713;Iceberg;2;505;azul;50;no;Su cuerpo, cubierto de hielo, es tan duro como el propio acero. Su abultada figura le permite arramblar con todo lo que se encuentra a su paso.
noibat;Noibat;flying|dragon;40;30;35;45;40;55;frisk;infiltrator;telepathy;medium_fast;49;190;speed:1;1:screech|1:supersonic|1:tackle|5:leech_life|11:gust|13:bite|16:wing_attack|18:agility|23:air_cutter|27:roost|31:razor_wind|35:tailwind|40:whirlwind|43:super_fang|48:air_slash|58:hurricane;acrobatics|aerial_ace|attract|brick_break|confide|cut|dark_pulse|double_team|dream_eater|echoed_voice|facade|fly|frustration|hidden_power|protect|psychic|rest|return|roost|round|secret_power|shadow_ball|shadow_claw|sleep_talk|solar_beam|steel_wing|substitute|sunny_day|swagger|taunt|thief|torment|toxic|u_turn|wild_charge|x_scissor;draco_meteor|dragon_pulse|heat_wave|hyper_voice|iron_tail|outrage|sky_attack|snatch|snore|super_fang|tailwind|uproar|water_pulse;outrage|snatch|switcheroo|tailwind;flying|dragon;noivern@48;;714;Onda Sónica;0,5;8;morado;50;no;Habita en cuevas donde reina la más absoluta oscuridad y emite ondas ultrasónicas de 200 000 Hz a través de sus enormes orejas.
noivern;Noivern;flying|dragon;85;70;80;97;80;123;frisk;infiltrator;telepathy;medium_fast;187;45;speed:2;1:boomburst|1:dragon_pulse|1:hurricane|1:moonlight|1:screech|1:supersonic|1:tackle|5:leech_life|11:gust|13:bite|16:wing_attack|18:agility|23:air_cutter|27:roost|31:razor_wind|35:tailwind|40:whirlwind|43:super_fang|53:air_slash|62:hurricane|70:dragon_pulse|75:boomburst;acrobatics|aerial_ace|attract|brick_break|confide|cut|dark_pulse|double_team|dragon_claw|dream_eater|echoed_voice|facade|flamethrower|fly|focus_blast|frustration|giga_impact|hidden_power|hone_claws|hyper_beam|protect|psychic|rest|return|roost|round|secret_power|shadow_ball|shadow_claw|sleep_talk|solar_beam|steel_wing|substitute|sunny_day|swagger|taunt|thief|torment|toxic|u_turn|wild_charge|x_scissor;draco_meteor|dragon_pulse|heat_wave|hyper_voice|iron_tail|outrage|sky_attack|snatch|snore|super_fang|tailwind|uproar|water_pulse;;flying|dragon;;;715;Onda Sónica;1,5;85;morado;50;no;Surca el cielo nocturno cuando ni siquiera la luna brilla y ataca a presas incautas. Es imbatible en combates que tienen lugar a oscuras.
xerneas;Xerneas;fairy;126;131;95;131;98;99;fairy_aura;;;slow;306;45;hp:3;1:aromatherapy|1:heal_pulse|1:ingrain|1:take_down|5:light_screen|10:aurora_beam|18:gravity|26:geomancy|35:moonblast|44:megahorn|51:night_slash|55:horn_leech|59:psych_up|63:misty_terrain|72:nature_power|80:close_combat|88:giga_impact|93:outrage;calm_mind|confide|cut|dazzling_gleam|double_team|echoed_voice|facade|flash|flash_cannon|focus_blast|frustration|giga_impact|grass_knot|hail|hidden_power|hyper_beam|light_screen|nature_power|protect|psych_up|psychic|psyshock|rain_dance|reflect|rest|return|roar|rock_slide|round|secret_power|sleep_talk|substitute|sunny_day|swagger|thunder|thunder_wave|thunderbolt|toxic;block|endeavor|gravity|hyper_voice|outrage|snore|wonder_room|zen_headbutt;;no_eggs;;;716;Creación;3;215;azul;sin_genero;si;Según las leyendas, puede compartir el secreto de la vida eterna. Ha despertado tras dormir durante mil años bajo la apariencia de un árbol.
yveltal;Yveltal;dark|flying;126;131;95;131;98;99;dark_aura;;;slow;306;45;hp:3;1:hurricane|1:razor_wind|1:roost|1:taunt|5:double_team|10:air_slash|18:snarl|26:oblivion_wing|35:disable|44:dark_pulse|51:foul_play|55:phantom_force|59:psychic|63:dragon_rush|72:focus_blast|80:sucker_punch|88:hyper_beam|93:sky_attack;acrobatics|aerial_ace|confide|cut|dark_pulse|double_team|dragon_claw|dream_eater|embargo|facade|fly|focus_blast|frustration|giga_impact|hidden_power|hone_claws|hyper_beam|protect|psychic|rain_dance|rest|return|rock_slide|roost|round|secret_power|shadow_ball|shadow_claw|sky_drop|sleep_talk|snarl|steel_wing|substitute|sunny_day|swagger|taunt|thief|torment|toxic|u_turn;block|foul_play|heat_wave|hyper_voice|knock_off|sky_attack|snore|tailwind|zen_headbutt;;no_eggs;;;717;Destrucción;5,8;203;rojo;sin_genero;si;Pokémon legendario que, al extender sus alas y las plumas de la cola, emite un brillo carmesí que absorbe la energía vital de su enemigo.
zygarde;Zygarde;dragon|ground;108;100;121;81;95;95;aura_break;;;slow;270;3;hp:3;1:bite|1:bulldoze|1:dragon_breath|1:glare|5:safeguard|10:dig|18:bind|26:lands_wrath|35:sandstorm|44:haze|51:crunch|55:earthquake|59:camouflage|63:dragon_pulse|72:dragon_dance|80:coil|88:extreme_speed|93:outrage;brick_break|bulldoze|confide|dig|double_team|dragon_tail|earthquake|facade|focus_blast|frustration|giga_impact|grass_knot|hidden_power|hyper_beam|protect|rest|return|rock_slide|rock_smash|round|safeguard|sandstorm|secret_power|sleep_talk|sludge_wave|stone_edge|strength|substitute|sunny_day|swagger|toxic;bind|block|draco_meteor|dragon_pulse|earth_power|hyper_voice|iron_tail|outrage|pain_split|shock_wave|snore|spite|superpower|zen_headbutt;;no_eggs;;;718;Equilibrio;5;305;verde;sin_genero;si;Cuando el ecosistema de Kalos se encuentra en peligro, aparece y revela su poder secreto.
diancie;Diancie;rock|fairy;50;100;150;100;150;50;clear_body;;;slow;270;3;defense:1|sp_defense:2;1:harden|1:tackle|5:rock_throw|8:sharpen|12:smack_down|18:reflect|21:stealth_rock|27:guard_split|31:ancient_power|35:flail|40:skill_swap|46:trick_room|49:stone_edge|50:diamond_storm|50:moonblast|60:light_screen|70:safeguard;calm_mind|confide|dazzling_gleam|double_team|explosion|facade|flash|frustration|giga_impact|gyro_ball|hail|hidden_power|hyper_beam|light_screen|nature_power|protect|psych_up|psychic|psyshock|reflect|rest|return|rock_polish|rock_slide|rock_tomb|round|safeguard|sandstorm|secret_power|sleep_talk|smack_down|stone_edge|substitute|sunny_day|swagger|toxic|trick_room;after_you|covet|earth_power|endeavor|gravity|heal_bell|helping_hand|iron_defense|last_resort|magnet_rise|skill_swap|snore|stealth_rock|wonder_room;;no_eggs;;;719;Joya;0,7;8,8;rosa;sin_genero;si;Es una transformación súbita de Carbink. Se dice que su cuerpo, que irradia destellos rosados, es lo más bonito de este mundo.
hoopa;Hoopa;psychic|ghost;80;110;60;150;130;70;magician;;;slow;270;3;sp_attack:3;1:ally_switch|1:confusion|1:destiny_bond|1:hyperspace_hole|1:trick|6:astonish|10:magic_coat|15:light_screen|19:psybeam|25:skill_swap|29:guard_split|29:power_split|35:phantom_force|46:zen_headbutt|50:trick_room|50:wonder_room|55:shadow_ball|68:nasty_plot|75:psychic|85:hyperspace_hole;brick_break|calm_mind|charge_beam|confide|dark_pulse|double_team|dream_eater|embargo|energy_ball|facade|flash|fling|focus_blast|frustration|giga_impact|grass_knot|hidden_power|hyper_beam|light_screen|power_up_punch|protect|psych_up|psychic|psyshock|quash|rain_dance|reflect|rest|return|round|safeguard|secret_power|shadow_ball|sleep_talk|substitute|sunny_day|swagger|taunt|thief|thunder_wave|thunderbolt|torment|toxic|trick_room;block|covet|drain_punch|dual_chop|fire_punch|focus_punch|foul_play|gravity|gunk_shot|ice_punch|knock_off|last_resort|magic_coat|magic_room|recycle|role_play|shock_wave|signal_beam|skill_swap|snatch|snore|thunder_punch|trick|uproar|wonder_room|zen_headbutt;;no_eggs;;;720;Travesura;0,5;9;morado;sin_genero;si;Este problemático Pokémon envía cualquier objeto a lugares remotos mediante unos anillos que deforman el espacio.
volcanion;Volcanion;fire|water;80;110;120;130;90;70;water_absorb;;;slow;270;3;sp_attack:3;1:flare_blitz|1:steam_eruption|1:take_down|8:mist|11:haze|15:flame_charge|21:water_pulse|28:stomp|32:scald|40:weather_ball|46:body_slam|50:hydro_pump|58:flare_blitz|65:overheat|76:explosion|85:steam_eruption;brick_break|bulldoze|confide|cut|double_team|earthquake|explosion|facade|fire_blast|flame_charge|flamethrower|flash_cannon|fling|focus_blast|frustration|giga_impact|gyro_ball|hidden_power|hyper_beam|incinerate|overheat|protect|rest|return|roar|rock_slide|rock_smash|round|sandstorm|scald|secret_power|sleep_talk|sludge_bomb|sludge_wave|smack_down|solar_beam|stone_edge|strength|substitute|sunny_day|swagger|toxic|will_o_wisp;earth_power|heat_wave|snore|superpower|water_pulse;;no_eggs;;;721;Vapor;1,7;195;marrón;sin_genero;si;Expulsa vapor y desaparece entre la densa niebla. Dicen que habita en montañas solitarias.
