id;nombre;tipos;ps;ataque;defensa;atq_esp;def_esp;velocidad;habilidad;habilidad_2;habilidad_oculta;curva;exp_base;ratio_captura;evs;aprende;mt;tutor;huevo;grupos_huevo;evoluciona;stats_extra;numero;categoria;altura;peso;color;hembras;legendario;descripcion;forma_de;objeto_variante;formas;cambios_forma
bulbasaur;Bulbasaur;grass|poison;45;49;49;65;65;45;overgrow;;;medium_slow;64;45;sp_attack:1;1:tackle|3:growl|7:leech_seed|9:vine_whip|13:poison_powder|13:sleep_powder|15:take_down|19:razor_leaf|21:sweet_scent|25:growth|27:double_edge|31:worry_seed|33:synthesis|37:seed_bomb;attract|bullet_seed|captivate|cut|double_team|endure|energy_ball|facade|flash|frustration|giga_drain|grass_knot|hidden_power|natural_gift|protect|rest|return|rock_smash|secret_power|sleep_talk|sludge_bomb|solar_beam|strength|substitute|sunny_day|swagger|swords_dance|toxic;fury_cutter|headbutt|knock_off|mud_slap|seed_bomb|snore|string_shot|synthesis|worry_seed;amnesia|charm|curse|grass_whistle|ingrain|leaf_storm|light_screen|magical_leaf|nature_power|petal_dance|power_whip|safeguard|skull_bash|sludge;monster|plant;ivysaur@16;;1;Semilla;0,7;6,9;verde;12,5;no;Una rara semilla le fue plantada en el lomo al nacer. La planta brota y crece con este Pokémon.;;;;
ivysaur;Ivysaur;grass|poison;60;62;63;80;80;60;overgrow;;;medium_slow;142;45;sp_attack:1|sp_defense:1;1:growl|1:leech_seed|1:tackle|3:growl|7:leech_seed|9:vine_whip|13:poison_powder|13:sleep_powder|15:take_down|20:razor_leaf|23:sweet_scent|28:growth|31:double_edge|36:worry_seed|39:synthesis|44:solar_beam;attract|bullet_seed|captivate|cut|double_team|endure|energy_ball|facade|flash|frustration|giga_drain|grass_knot|hidden_power|natural_gift|protect|rest|return|rock_smash|secret_power|sleep_talk|sludge_bomb|solar_beam|strength|substitute|sunny_day|swagger|swords_dance|toxic;fury_cutter|headbutt|knock_off|mud_slap|seed_bomb|snore|string_shot|synthesis|worry_seed;;monster|plant;venusaur@32;;2;Semilla;1;13;verde;12,5;no;Este Pokémon tiene un bulbo en el lomo. Dicen que, al absorber nutrientes, el bulbo se transforma en una flor grande.;;;;
venusaur;Venusaur;grass|poison;80;82;83;100;100;80;overgrow;;;medium_slow;236;45;sp_attack:2|sp_defense:1;1:growl|1:leech_seed|1:tackle|1:vine_whip|3:growl|7:leech_seed|9:vine_whip|13:poison_powder|13:sleep_powder|15:take_down|20:razor_leaf|23:sweet_scent|28:growth|31:double_edge|32:petal_dance|39:worry_seed|45:synthesis|53:solar_beam;attract|bullet_seed|captivate|cut|double_team|earthquake|endure|energy_ball|facade|flash|frustration|giga_drain|giga_impact|grass_knot|hidden_power|hyper_beam|natural_gift|protect|rest|return|roar|rock_climb|rock_smash|secret_power|sleep_talk|sludge_bomb|solar_beam|strength|substitute|sunny_day|swagger|swords_dance|toxic;block|frenzy_plant|fury_cutter|headbutt|knock_off|mud_slap|outrage|seed_bomb|snore|string_shot|synthesis|worry_seed;;monster|plant;;;3;Semilla;2;100;verde;12,5;no;Llena su cuerpo de energía con los rayos solares que captan los anchos pétalos de su flor.;;;;
charmander;Charmander;fire;39;52;43;60;50;65;blaze;;;medium_slow;62;45;speed:1;1:growl|1:scratch|7:ember|10:smokescreen|16:dragon_rage|19:scary_face|25:fire_fang|28:slash|34:flamethrower|37:fire_spin;aerial_ace|attract|brick_break|captivate|cut|dig|double_team|dragon_claw|endure|facade|fire_blast|flamethrower|fling|focus_punch|frustration|hidden_power|iron_tail|natural_gift|overheat|protect|rest|return|rock_slide|rock_smash|rock_tomb|secret_power|shadow_claw|sleep_talk|strength|substitute|sunny_day|swagger|swords_dance|toxic|will_o_wisp;fire_punch|fury_cutter|headbutt|heat_wave|mud_slap|snore|swift|thunder_punch;ancient_power|beat_up|belly_drum|bite|counter|crunch|dragon_dance|dragon_rush|flare_blitz|metal_claw|outrage|rock_slide|swords_dance;monster|dragon;charmeleon@16;;4;Lagartija;0,6;8,5;rojo;12,5;no;La llama de su cola indica la fuerza vital de Charmander. Será brillante si está sano.;;;;
charmeleon;Charmeleon;fire;58;64;58;80;65;80;blaze;;;medium_slow;142;45;sp_attack:1|speed:1;1:ember|1:growl|1:scratch|7:ember|10:smokescreen|17:dragon_rage|21:scary_face|28:fire_fang|32:slash|39:flamethrower|43:fire_spin;aerial_ace|attract|brick_break|captivate|cut|dig|double_team|dragon_claw|endure|facade|fire_blast|flamethrower|fling|focus_punch|frustration|hidden_power|iron_tail|natural_gift|overheat|protect|rest|return|rock_slide|rock_smash|rock_tomb|secret_power|shadow_claw|sleep_talk|strength|substitute|sunny_day|swagger|swords_dance|toxic|will_o_wisp;fire_punch|fury_cutter|headbutt|heat_wave|mud_slap|snore|swift|thunder_punch;;monster|dragon;charizard@36;;5;Llama;1,1;19;rojo;12,5;no;Suele usar la cola para derribar a su rival. Cuando lo tira, se vale de sus afiladas garras para acabar con él.;;;;
charizard;Charizard;fire|flying;78;84;78;109;85;100;blaze;;;medium_slow;240;45;sp_attack:3;1:air_slash|1:dragon_claw|1:ember|1:growl|1:scratch|1:shadow_claw|1:smokescreen|7:ember|10:smokescreen|17:dragon_rage|21:scary_face|28:fire_fang|32:slash|36:wing_attack|42:flamethrower|49:fire_spin|59:heat_wave|66:flare_blitz;aerial_ace|attract|brick_break|captivate|cut|defog|dig|double_team|dragon_claw|dragon_pulse|earthquake|endure|facade|fire_blast|flamethrower|fling|fly|focus_blast|focus_punch|frustration|giga_impact|hidden_power|hyper_beam|iron_tail|natural_gift|overheat|protect|rest|return|roar|rock_slide|rock_smash|rock_tomb|roost|secret_power|shadow_claw|sleep_talk|solar_beam|steel_wing|strength|substitute|sunny_day|swagger|swords_dance|toxic|will_o_wisp;air_cutter|blast_burn|fire_punch|fury_cutter|headbutt|heat_wave|mud_slap|ominous_wind|outrage|snore|swift|tailwind|thunder_punch|twister;;monster|dragon;;;6;Llama;1,7;90,5;rojo;12,5;no;Cuando lanza una descarga de fuego supercaliente, la roja llama de su cola brilla más intensamente.;;;;
squirtle;Squirtle;water;44;48;65;50;64;43;torrent;;;medium_slow;63;45;defense:1;1:tackle|4:tail_whip|7:bubble|10:withdraw|13:water_gun|16:bite|19:rapid_spin|22:protect|25:water_pulse|28:aqua_tail|31:skull_bash|34:iron_defense|37:rain_dance|40:hydro_pump;attract|blizzard|brick_break|brine|captivate|dig|double_team|endure|facade|fling|focus_punch|frustration|gyro_ball|hail|hidden_power|ice_beam|iron_tail|natural_gift|protect|rain_dance|rest|return|rock_smash|rock_tomb|secret_power|sleep_talk|strength|substitute|surf|swagger|toxic|water_pulse|waterfall|whirlpool;aqua_tail|dive|headbutt|ice_punch|icy_wind|iron_defense|mud_slap|rollout|snore|zen_headbutt;aqua_jet|aqua_ring|fake_out|flail|foresight|haze|mirror_coat|mist|mud_sport|muddy_water|refresh|water_spout|yawn;monster|water1;wartortle@16;;7;Tortuguita;0,5;9;azul;12,5;no;Se protege con su caparazón y luego contraataca lanzando agua a presión cuando tiene oportunidad.;;;;
wartortle;Wartortle;water;59;63;80;65;80;58;torrent;;;medium_slow;142;45;defense:1|sp_defense:1;1:bubble|1:tackle|1:tail_whip|4:tail_whip|7:bubble|10:withdraw|13:water_gun|16:bite|20:rapid_spin|24:protect|28:water_pulse|32:aqua_tail|36:skull_bash|40:iron_defense|44:rain_dance|48:hydro_pump;attract|blizzard|brick_break|brine|captivate|dig|double_team|endure|facade|fling|focus_punch|frustration|gyro_ball|hail|hidden_power|ice_beam|iron_tail|natural_gift|protect|rain_dance|rest|return|rock_smash|rock_tomb|secret_power|sleep_talk|strength|substitute|surf|swagger|toxic|water_pulse|waterfall|whirlpool;aqua_tail|dive|headbutt|ice_punch|icy_wind|iron_defense|mud_slap|rollout|snore|zen_headbutt;;monster|water1;blastoise@36;;8;Tortuga;1;22,5;azul;12,5;no;Si es golpeado, esconderá su cabeza. Aun así, su cola puede seguir golpeando.;;;;
blastoise;Blastoise;water;79;83;100;85;105;78;torrent;;;medium_slow;239;45;sp_defense:3;1:bubble|1:flash_cannon|1:tackle|1:tail_whip|1:withdraw|4:tail_whip|7:bubble|10:withdraw|13:water_gun|16:bite|20:rapid_spin|24:protect|28:water_pulse|32:aqua_tail|39:skull_bash|46:iron_defense|53:rain_dance|60:hydro_pump;attract|avalanche|blizzard|brick_break|brine|captivate|dig|double_team|earthquake|endure|facade|flash_cannon|fling|focus_blast|focus_punch|frustration|giga_impact|gyro_ball|hail|hidden_power|hyper_beam|ice_beam|iron_tail|natural_gift|protect|rain_dance|rest|return|roar|rock_climb|rock_slide|rock_smash|rock_tomb|secret_power|sleep_talk|strength|substitute|surf|swagger|toxic|water_pulse|waterfall|whirlpool;aqua_tail|dive|headbutt|hydro_cannon|ice_punch|icy_wind|iron_defense|mud_slap|outrage|rollout|signal_beam|snore|zen_headbutt;;monster|water1;;;9;Armazón;1,6;85,5;azul;12,5;no;Para acabar con su enemigo, lo aplasta con el peso de su cuerpo. En momentos de apuro, se esconde en el caparazón.;;;;
caterpie;Caterpie;bug;45;30;35;20;20;45;shield_dust;;;medium_fast;39;255;hp:1;1:string_shot|1:tackle|15:bug_bite;;bug_bite|snore|string_shot;;bug;metapod@7;;10;Gusano;0,3;2,9;verde;50;no;Para protegerse despide un hedor horrible de sus antenas, con el que repele a sus enemigos.;;;;
metapod;Metapod;bug;50;20;55;25;25;30;shed_skin;;;medium_fast;72;120;defense:2;1:harden|7:harden;;bug_bite|iron_defense|string_shot;;bug;butterfree@10;;11;Capullo;0,7;9,9;verde;50;no;Su frágil cuerpo está recubierto de una coraza dura como el acero. Permanece quieto en su desarrollo.;;;;
butterfree;Butterfree;bug|flying;60;45;50;80;80;70;compound_eyes;;;medium_fast;178;45;sp_attack:2|sp_defense:1;1:confusion|10:confusion|12:poison_powder|12:sleep_powder|12:stun_spore|16:gust|18:supersonic|22:whirlwind|24:psybeam|28:silver_wind|30:tailwind|34:safeguard|36:captivate|40:bug_buzz;aerial_ace|attract|captivate|defog|double_team|dream_eater|endure|energy_ball|facade|flash|frustration|giga_drain|giga_impact|hidden_power|hyper_beam|natural_gift|protect|psych_up|psychic|rain_dance|rest|return|roost|safeguard|secret_power|shadow_ball|silver_wind|skill_swap|sleep_talk|solar_beam|substitute|sunny_day|swagger|thief|toxic|u_turn;air_cutter|bug_bite|ominous_wind|signal_beam|snore|string_shot|swift|tailwind|twister;;bug;;;12;Mariposa;1,1;32;blanco;50;no;Adora el néctar de las flores. Puede localizar hasta las más pequeñas cantidades de polen.;;;;
weedle;Weedle;bug|poison;40;35;30;20;20;50;shield_dust;;;medium_fast;39;255;speed:1;1:poison_sting|1:string_shot|15:bug_bite;;bug_bite|string_shot;;bug;kakuna@7;;13;Oruga;0,3;3,2;marrón;50;no;Suele habitar bosques y praderas. Tiene un afilado y venenoso aguijón de unos 5 cm encima de la cabeza.;;;;
kakuna;Kakuna;bug|poison;45;25;50;25;25;35;shed_skin;;;medium_fast;72;120;defense:2;1:harden|7:harden;;bug_bite|iron_defense|string_shot;;bug;beedrill@10;;14;Capullo;0,6;10;amarillo;50;no;Casi incapaz de moverse, este Pokémon solo puede endurecer su caparazón para protegerse.;;;;
beedrill;Beedrill;bug|poison;65;80;40;45;80;75;swarm;;;medium_fast;178;45;attack:2|sp_defense:1;1:fury_attack|10:fury_attack|13:focus_energy|16:twineedle|19:rage|22:pursuit|25:toxic_spikes|28:pin_missile|31:agility|34:assurance|37:poison_jab|40:endeavor;aerial_ace|attract|brick_break|captivate|cut|defog|double_team|endure|facade|false_swipe|flash|frustration|giga_drain|giga_impact|hidden_power|hyper_beam|natural_gift|payback|poison_jab|protect|rest|return|rock_smash|roost|secret_power|silver_wind|sleep_talk|sludge_bomb|solar_beam|substitute|sunny_day|swagger|swords_dance|thief|toxic|u_turn|x_scissor;air_cutter|bug_bite|endeavor|fury_cutter|knock_off|ominous_wind|snore|string_shot|swift|tailwind;;bug;;;15;Abeja Veneno;1;29,5;amarillo;50;no;Tiene 3 aguijones venenosos en sus patas y cola. Suelen pinchar a sus enemigos repetidas veces.;;;;
pidgey;Pidgey;normal|flying;40;45;40;35;35;56;keen_eye;tangled_feet;;medium_slow;50;255;speed:1;1:tackle|5:sand_attack|9:gust|13:quick_attack|17:whirlwind|21:twister|25:feather_dance|29:agility|33:wing_attack|37:roost|41:tailwind|45:mirror_move|49:air_slash;aerial_ace|attract|captivate|defog|double_team|endure|facade|fly|frustration|hidden_power|natural_gift|pluck|protect|rain_dance|rest|return|roost|secret_power|sleep_talk|steel_wing|substitute|sunny_day|swagger|thief|toxic|u_turn;air_cutter|heat_wave|mud_slap|ominous_wind|snore|swift|tailwind|twister|uproar;air_cutter|air_slash|brave_bird|feint_attack|foresight|pursuit|steel_wing|uproar;flying;pidgeotto@18;;16;Pajarito;0,3;1,8;marrón;50;no;Muy común en bosques y selvas. Aletea al nivel del suelo para levantar la gravilla.;;;;
pidgeotto;Pidgeotto;normal|flying;63;60;55;50;50;71;keen_eye;tangled_feet;;medium_slow;122;120;speed:2;1:gust|1:sand_attack|1:tackle|5:sand_attack|9:gust|13:quick_attack|17:whirlwind|22:twister|27:feather_dance|32:agility|37:wing_attack|42:roost|47:tailwind|52:mirror_move|57:air_slash;aerial_ace|attract|captivate|defog|double_team|endure|facade|fly|frustration|hidden_power|natural_gift|pluck|protect|rain_dance|rest|return|roost|secret_power|sleep_talk|steel_wing|substitute|sunny_day|swagger|thief|toxic|u_turn;air_cutter|heat_wave|mud_slap|ominous_wind|snore|swift|tailwind|twister|uproar;;flying;pidgeot@36;;17;Pájaro;1,1;30;marrón;50;no;Tiene unas garras desarrolladas. Puede atrapar un Exeggcute y transportarlo desde una distancia de casi 100 km.;;;;
pidgeot;Pidgeot;normal|flying;83;80;75;70;70;91;keen_eye;tangled_feet;;medium_slow;216;45;speed:3;1:gust|1:quick_attack|1:sand_attack|1:tackle|5:sand_attack|9:gust|13:quick_attack|17:whirlwind|22:twister|27:feather_dance|32:agility|38:wing_attack|44:roost|50:tailwind|56:mirror_move|62:air_slash;aerial_ace|attract|captivate|defog|double_team|endure|facade|fly|frustration|giga_impact|hidden_power|hyper_beam|natural_gift|pluck|protect|rain_dance|rest|return|roost|secret_power|sleep_talk|steel_wing|substitute|sunny_day|swagger|thief|toxic|u_turn;air_cutter|heat_wave|mud_slap|ominous_wind|sky_attack|snore|swift|tailwind|twister|uproar;;flying;;;18;Pájaro;1,5;39,5;marrón;50;no;Cuando caza, vuela muy deprisa a ras del agua y sorprende a inocentes presas como Magikarp.;;;;
rattata;Rattata;normal;30;56;35;25;35;72;run_away;guts;;medium_fast;51;255;speed:1;1:tackle|1:tail_whip|4:quick_attack|7:focus_energy|10:bite|13:pursuit|16:hyper_fang|19:sucker_punch|22:crunch|25:assurance|28:super_fang|31:double_edge|34:endeavor;attract|blizzard|captivate|charge_beam|cut|dig|double_team|endure|facade|frustration|grass_knot|hidden_power|ice_beam|iron_tail|natural_gift|pluck|protect|rain_dance|rest|return|rock_smash|secret_power|shadow_ball|shock_wave|sleep_talk|substitute|sunny_day|swagger|taunt|thief|thunder|thunder_wave|thunderbolt|toxic|u_turn;endeavor|headbutt|icy_wind|last_resort|mud_slap|snore|sucker_punch|super_fang|swift|zen_headbutt;bite|counter|flame_wheel|fury_swipes|last_resort|me_first|reversal|screech|swagger|uproar;ground;raticate@20;;19;Ratón;0,3;3,5;morado;50;no;Vive allí donde haya comida disponible. Busca todo el día, sin descanso, algo comestible.;;;;
raticate;Raticate;normal;55;81;60;50;70;97;run_away;guts;;medium_fast;145;127;speed:2;1:focus_energy|1:quick_attack|1:swords_dance|1:tackle|1:tail_whip|4:quick_attack|7:focus_energy|10:bite|13:pursuit|16:hyper_fang|19:sucker_punch|20:scary_face|24:crunch|29:assurance|34:super_fang|39:double_edge|44:endeavor;attract|blizzard|captivate|charge_beam|cut|dig|double_team|endure|facade|frustration|giga_impact|grass_knot|hidden_power|hyper_beam|ice_beam|iron_tail|natural_gift|pluck|protect|rain_dance|rest|return|roar|rock_smash|secret_power|shadow_ball|shock_wave|sleep_talk|strength|substitute|sunny_day|swagger|swords_dance|taunt|thief|thunder|thunder_wave|thunderbolt|toxic|u_turn;endeavor|headbutt|icy_wind|last_resort|mud_slap|snore|sucker_punch|super_fang|swift|zen_headbutt;;ground;;;20;Ratón;0,7;18,5;marrón;50;no;Lima sus colmillos royendo objetos duros. Con ellos puede destruir incluso paredes de hormigón.;;;;
spearow;Spearow;normal|flying;40;60;30;31;31;70;keen_eye;;;medium_fast;52;255;speed:1;1:growl|1:peck|5:leer|9:fury_attack|13:pursuit|17:aerial_ace|21:mirror_move|25:agility|29:assurance|33:roost|37:drill_peck;aerial_ace|attract|captivate|defog|double_team|endure|facade|fly|frustration|hidden_power|natural_gift|pluck|protect|rain_dance|rest|return|roost|secret_power|sleep_talk|steel_wing|substitute|sunny_day|swagger|thief|toxic|u_turn;air_cutter|heat_wave|mud_slap|ominous_wind|snore|swift|tailwind|twister;astonish|false_swipe|feather_dance|feint_attack|quick_attack|scary_face|sky_attack|tri_attack|uproar|whirlwind;flying;fearow@20;;21;Pajarito;0,3;2;marrón;50;no;Muy protector de su territorio, mueve sus cortas alas sin descanso para lanzarse a toda velocidad.;;;;
fearow;Fearow;normal|flying;65;90;65;61;61;100;keen_eye;;;medium_fast;155;90;speed:2;1:fury_attack|1:growl|1:leer|1:peck|1:pluck|5:leer|9:fury_attack|13:pursuit|17:aerial_ace|23:mirror_move|29:agility|35:assurance|41:roost|47:drill_peck;aerial_ace|attract|captivate|defog|double_team|endure|facade|fly|frustration|giga_impact|hidden_power|hyper_beam|natural_gift|pluck|protect|rain_dance|rest|return|roost|secret_power|sleep_talk|steel_wing|substitute|sunny_day|swagger|thief|toxic|u_turn;air_cutter|heat_wave|mud_slap|ominous_wind|sky_attack|snore|swift|tailwind|twister;;flying;;;22;Pico;1,2;38;marrón;50;no;Con sus enormes y magníficas alas, puede seguir volando sin tener que aterrizar para descansar.;;;;
ekans;Ekans;poison;35;60;44;40;54;55;intimidate;shed_skin;;medium_fast;58;255;attack:1;1:leer|1:wrap|4:poison_sting|9:bite|12:glare|17:screech|20:acid|25:spit_up|25:stockpile|25:swallow|28:mud_bomb|33:gastro_acid|36:haze|41:gunk_shot;attract|captivate|dark_pulse|dig|double_team|earthquake|endure|facade|frustration|giga_drain|hidden_power|iron_tail|natural_gift|payback|poison_jab|protect|rain_dance|rest|return|rock_slide|rock_tomb|secret_power|sleep_talk|sludge_bomb|snatch|strength|substitute|sunny_day|swagger|thief|torment|toxic;aqua_tail|gastro_acid|gunk_shot|headbutt|seed_bomb|snore|spite;beat_up|disable|poison_fang|poison_tail|pursuit|scary_face|slam|spite|switcheroo;ground|dragon;arbok@22;;23;Serpiente;2;6,9;morado;50;no;Cuanto más viejo, más crece este Pokémon. Por la noche, descansa en las ramas de los árboles.;;;;
arbok;Arbok;poison;60;85;69;65;79;80;intimidate;shed_skin;;medium_fast;157;90;attack:2;1:bite|1:fire_fang|1:ice_fang|1:leer|1:poison_sting|1:thunder_fang|1:wrap|4:poison_sting|9:bite|12:glare|17:screech|20:acid|22:crunch|28:spit_up|28:stockpile|28:swallow|34:mud_bomb|42:gastro_acid|48:haze|56:gunk_shot;attract|captivate|dark_pulse|dig|double_team|earthquake|endure|facade|frustration|giga_drain|giga_impact|hidden_power|hyper_beam|iron_tail|natural_gift|payback|poison_jab|protect|rain_dance|rest|return|rock_slide|rock_tomb|secret_power|sleep_talk|sludge_bomb|snatch|strength|substitute|sunny_day|swagger|thief|torment|toxic;aqua_tail|gastro_acid|gunk_shot|headbutt|seed_bomb|snore|spite;;ground|dragon;;;24;Cobra;3,5;65;morado;50;no;El dibujo que tiene en la panza aterroriza. Los rivales más débiles salen huyendo al verlo.;;;;
pikachu;Pikachu;electric;35;55;30;50;40;90;static;;;medium_fast;112;190;speed:2;1:growl|1:thunder_shock|5:tail_whip|10:thunder_wave|13:quick_attack|18:double_team|21:slam|26:thunderbolt|29:feint|34:agility|37:discharge|42:light_screen|45:thunder;attract|brick_break|captivate|charge_beam|dig|double_team|endure|facade|flash|fling|focus_punch|frustration|grass_knot|hidden_power|iron_tail|light_screen|natural_gift|protect|rain_dance|rest|return|rock_smash|secret_power|shock_wave|sleep_talk|strength|substitute|swagger|thunder|thunder_wave|thunderbolt|toxic;headbutt|helping_hand|knock_off|magnet_rise|mud_slap|rollout|signal_beam|snore|swift|thunder_punch;;ground|fairy;raichu@objeto:thunder_stone;;25;Ratón;0,4;6;amarillo;50;no;Levanta su cola para vigilar los alrededores. A veces, puede ser alcanzado por un rayo en esa pose.;;;;
raichu;Raichu;electric;60;90;55;90;80;100;static;;;medium_fast;218;75;speed:3;1:quick_attack|1:tail_whip|1:thunder_shock|1:thunderbolt;attract|brick_break|captivate|charge_beam|dig|double_team|endure|facade|flash|fling|focus_blast|focus_punch|frustration|giga_impact|grass_knot|hidden_power|hyper_beam|iron_tail|light_screen|natural_gift|protect|rain_dance|rest|return|rock_smash|secret_power|shock_wave|sleep_talk|strength|substitute|swagger|thief|thunder|thunder_wave|thunderbolt|toxic;headbutt|helping_hand|knock_off|magnet_rise|mud_slap|rollout|signal_beam|snore|swift|thunder_punch;;ground|fairy;;;26;Ratón;0,8;30;amarillo;50;no;Cuando se carga de electricidad, sus músculos se tensan y se vuelve más agresivo de lo normal.;;;;
sandshrew;Sandshrew;ground;50;75;85;20;30;40;sand_veil;;;medium_fast;60;255;defense:1;1:scratch|3:defense_curl|7:sand_attack|9:poison_sting|13:rapid_spin|15:swift|19:fury_swipes|21:rollout|25:fury_cutter|27:sand_tomb|31:slash|33:gyro_ball|37:sandstorm;aerial_ace|attract|brick_break|captivate|cut|dig|double_team|earthquake|endure|facade|fling|focus_punch|frustration|gyro_ball|hidden_power|iron_tail|natural_gift|poison_jab|protect|rest|return|rock_climb|rock_slide|rock_smash|rock_tomb|sandstorm|secret_power|shadow_claw|sleep_talk|stealth_rock|strength|substitute|sunny_day|swagger|swords_dance|thief|toxic|x_scissor;earth_power|fury_cutter|headbutt|knock_off|mud_slap|rollout|snore|super_fang|swift;counter|crush_claw|flail|metal_claw|mud_shot|night_slash|rapid_spin|rock_slide|safeguard|swords_dance;ground;sandslash@22;;27;Ratón;0,6;12;amarillo;50;no;Este Pokémon permanece bajo tierra. Si se siente amenazado, se enrosca para defenderse.;;;;
sandslash;Sandslash;ground;75;100;110;45;55;65;sand_veil;;;medium_fast;158;90;defense:2;1:defense_curl|1:sand_attack|1:scratch|3:defense_curl|7:sand_attack|9:poison_sting|13:rapid_spin|15:swift|19:fury_swipes|21:rollout|22:crush_claw|28:fury_cutter|33:sand_tomb|40:slash|45:gyro_ball|52:sandstorm;aerial_ace|attract|brick_break|captivate|cut|dig|double_team|earthquake|endure|facade|fling|focus_blast|focus_punch|frustration|giga_impact|gyro_ball|hidden_power|hyper_beam|iron_tail|natural_gift|poison_jab|protect|rest|return|rock_climb|rock_slide|rock_smash|rock_tomb|sandstorm|secret_power|shadow_claw|sleep_talk|stealth_rock|stone_edge|strength|substitute|sunny_day|swagger|swords_dance|thief|toxic|x_scissor;earth_power|fury_cutter|headbutt|knock_off|mud_slap|rollout|snore|super_fang|swift;;ground;;;28;Ratón;1;29,5;amarillo;50;no;Si cava a gran velocidad, puede que se le caigan las garras y púas. Vuelven a crecerle en un día.;;;;
nidoran_f;Nidoran♀;poison;55;47;52;40;40;41;poison_point;rivalry;;medium_slow;55;235;hp:1;1:growl|1:scratch|7:tail_whip|9:double_kick|13:poison_sting|19:fury_swipes|21:bite|25:helping_hand|31:toxic_spikes|33:flatter|37:crunch|43:captivate|45:poison_fang;aerial_ace|attract|blizzard|captivate|cut|dig|double_team|endure|facade|frustration|hidden_power|ice_beam|iron_tail|natural_gift|poison_jab|protect|rain_dance|rest|return|rock_smash|secret_power|shadow_claw|shock_wave|sleep_talk|sludge_bomb|strength|substitute|sunny_day|swagger|thief|thunder|thunderbolt|toxic|water_pulse;headbutt|helping_hand|mud_slap|snore|super_fang;beat_up|charm|counter|disable|focus_energy|pursuit|skull_bash|supersonic|take_down;monster|ground;nidorina@16;;29;Pin Veneno;0,4;7;azul;100;no;Aunque pequeñas, sus venenosas púas son muy peligrosas. Tienen un cuerno más pequeño que los machos.;;;;
nidorina;Nidorina;poison;70;62;67;55;55;56;poison_point;rivalry;;medium_slow;128;120;hp:2;1:growl|1:scratch|7:tail_whip|9:double_kick|13:poison_sting|20:fury_swipes|23:bite|28:helping_hand|35:toxic_spikes|38:flatter|43:crunch|50:captivate|58:poison_fang;aerial_ace|attract|blizzard|captivate|cut|dig|double_team|endure|facade|frustration|hidden_power|ice_beam|iron_tail|natural_gift|poison_jab|protect|rain_dance|rest|return|rock_smash|secret_power|shadow_claw|shock_wave|sleep_talk|sludge_bomb|strength|substitute|sunny_day|swagger|thief|thunder|thunderbolt|toxic|water_pulse;headbutt|helping_hand|mud_slap|snore|super_fang;;no_eggs;nidoqueen@objeto:moon_stone;;30;Pin Veneno;0,8;20;azul;100;no;Tiene un carácter afable. Emite ondas ultrasónicas para confundir al enemigo.;;;;
nidoqueen;Nidoqueen;poison|ground;90;82;87;75;85;76;poison_point;rivalry;;medium_slow;227;45;hp:3;1:double_kick|1:poison_sting|1:scratch|1:tail_whip|23:body_slam|43:earth_power|58:superpower;aerial_ace|attract|avalanche|blizzard|brick_break|captivate|cut|dig|double_team|dragon_pulse|earthquake|endure|facade|fire_blast|flamethrower|fling|focus_blast|focus_punch|frustration|giga_impact|hidden_power|hyper_beam|ice_beam|iron_tail|natural_gift|poison_jab|protect|rain_dance|rest|return|roar|rock_climb|rock_slide|rock_smash|rock_tomb|sandstorm|secret_power|shadow_ball|shadow_claw|shock_wave|sleep_talk|sludge_bomb|stealth_rock|stone_edge|strength|substitute|sunny_day|surf|swagger|taunt|thief|thunder|thunderbolt|torment|toxic|water_pulse|whirlpool;aqua_tail|earth_power|fire_punch|fury_cutter|headbutt|helping_hand|ice_punch|icy_wind|mud_slap|outrage|snore|super_fang|superpower|thunder_punch|uproar;;no_eggs;;;31;Taladro;1,3;60;azul;100;no;Usa su cuerpo duro y escamoso para sellar la entrada a su madriguera y protegerse de los depredadores.;;;;
nidoran_m;Nidoran♂;poison;46;57;40;40;40;50;poison_point;rivalry;;medium_slow;55;235;attack:1;1:leer|1:peck|7:focus_energy|9:double_kick|13:poison_sting|19:fury_attack|21:horn_attack|25:helping_hand|31:toxic_spikes|33:flatter|37:poison_jab|43:captivate|45:horn_drill;attract|blizzard|captivate|cut|dig|double_team|endure|facade|frustration|hidden_power|ice_beam|iron_tail|natural_gift|poison_jab|protect|rain_dance|rest|return|rock_smash|secret_power|shadow_claw|shock_wave|sleep_talk|sludge_bomb|strength|substitute|sunny_day|swagger|thief|thunder|thunderbolt|toxic|water_pulse;headbutt|helping_hand|mud_slap|snore|sucker_punch|super_fang;amnesia|beat_up|confusion|counter|disable|head_smash|sucker_punch|supersonic|take_down;monster|ground;nidorino@16;;32;Pin Veneno;0,5;9;morado;0;no;Saca las orejas por encima de la hierba para explorar el territorio. Le protege su cuerno venenoso.;;;;
nidorino;Nidorino;poison;61;72;57;55;55;65;poison_point;rivalry;;medium_slow;128;120;attack:2;1:leer|1:peck|7:focus_energy|9:double_kick|13:poison_sting|20:fury_attack|23:horn_attack|28:helping_hand|35:toxic_spikes|38:flatter|43:poison_jab|50:captivate|58:horn_drill;attract|blizzard|captivate|cut|dig|double_team|endure|facade|frustration|hidden_power|ice_beam|iron_tail|natural_gift|poison_jab|protect|rain_dance|rest|return|rock_smash|secret_power|shadow_claw|shock_wave|sleep_talk|sludge_bomb|strength|substitute|sunny_day|swagger|thief|thunder|thunderbolt|toxic|water_pulse;headbutt|helping_hand|mud_slap|snore|sucker_punch|super_fang;;monster|ground;nidoking@objeto:moon_stone;;33;Pin Veneno;0,9;19,5;morado;0;no;Levanta sus grandes orejas para vigilar. Si detecta algo, atacará de inmediato.;;;;
nidoking;Nidoking;poison|ground;81;92;77;85;75;85;poison_point;rivalry;;medium_slow;227;45;attack:3;1:double_kick|1:focus_energy|1:peck|1:poison_sting|23:thrash|43:earth_power|58:megahorn;attract|avalanche|blizzard|brick_break|captivate|cut|dig|double_team|dragon_pulse|earthquake|endure|facade|fire_blast|flamethrower|fling|focus_blast|focus_punch|frustration|giga_impact|hidden_power|hyper_beam|ice_beam|iron_tail|natural_gift|poison_jab|protect|rain_dance|rest|return|roar|rock_climb|rock_slide|rock_smash|rock_tomb|sandstorm|secret_power|shadow_ball|shadow_claw|shock_wave|sleep_talk|sludge_bomb|stealth_rock|stone_edge|strength|substitute|sunny_day|surf|swagger|taunt|thief|thunder|thunderbolt|torment|toxic|water_pulse|whirlpool;aqua_tail|earth_power|fire_punch|fury_cutter|headbutt|helping_hand|ice_punch|icy_wind|mud_slap|outrage|snore|sucker_punch|super_fang|superpower|thunder_punch|uproar;;monster|ground;;;34;Taladro;1,4;62;morado;0;no;Es fácil reconocerlo por tener una dura piel y un gran cuerno lleno de peligrosísimo veneno.;;;;
clefairy;Clefairy;normal;70;45;48;60;65;35;cute_charm;magic_guard;;fast;113;150;hp:2;1:growl|1:pound|4:encore|7:sing|10:double_slap|13:defense_curl|16:follow_me|19:minimize|22:wake_up_slap|25:cosmic_power|28:lucky_chant|31:metronome|34:gravity|37:moonlight|40:light_screen|43:meteor_mash|46:healing_wish;attract|blizzard|brick_break|calm_mind|captivate|charge_beam|dig|double_team|drain_punch|dream_eater|endure|facade|fire_blast|flamethrower|flash|fling|focus_punch|frustration|grass_knot|hidden_power|ice_beam|iron_tail|light_screen|natural_gift|protect|psych_up|psychic|rain_dance|recycle|reflect|rest|return|rock_smash|safeguard|secret_power|shadow_ball|shock_wave|sleep_talk|snatch|solar_beam|stealth_rock|strength|substitute|sunny_day|swagger|thunder|thunder_wave|thunderbolt|toxic|water_pulse;bounce|endeavor|fire_punch|gravity|headbutt|heal_bell|helping_hand|ice_punch|icy_wind|knock_off|last_resort|magic_coat|mud_slap|role_play|rollout|signal_beam|snore|thunder_punch|trick|zen_headbutt;;fairy;clefable@objeto:moon_stone;;35;Hada;0,6;7,5;rosa;75;no;Se dice que la felicidad llegará a quien vea a un grupo de Clefairy bailando a la luz de la luna llena.;;;;
clefable;Clefable;normal;95;70;73;85;90;60;cute_charm;magic_guard;;fast;217;25;hp:3;1:double_slap|1:metronome|1:minimize|1:sing;attract|blizzard|brick_break|calm_mind|captivate|charge_beam|dig|double_team|drain_punch|dream_eater|endure|facade|fire_blast|flamethrower|flash|fling|focus_blast|focus_punch|frustration|giga_impact|grass_knot|hidden_power|hyper_beam|ice_beam|iron_tail|light_screen|natural_gift|protect|psych_up|psychic|rain_dance|recycle|reflect|rest|return|rock_smash|safeguard|secret_power|shadow_ball|shock_wave|sleep_talk|snatch|solar_beam|stealth_rock|strength|substitute|sunny_day|swagger|thunder|thunder_wave|thunderbolt|toxic|water_pulse;bounce|endeavor|fire_punch|gravity|headbutt|heal_bell|helping_hand|ice_punch|icy_wind|knock_off|last_resort|magic_coat|mud_slap|role_play|rollout|signal_beam|snore|thunder_punch|trick|zen_headbutt;;fairy;;;36;Hada;1,3;40;rosa;75;no;Su oído es tan agudo que puede oír una aguja caer a 1 km. Vive en montañas solitarias.;;;;
vulpix;Vulpix;fire;38;41;40;50;65;65;flash_fire;;;medium_fast;60;190;speed:1;1:ember|4:tail_whip|7:roar|11:quick_attack|14:will_o_wisp|17:confuse_ray|21:imprison|24:flamethrower|27:safeguard|31:payback|34:fire_spin|37:captivate|41:grudge|44:extrasensory|47:fire_blast;attract|captivate|dark_pulse|dig|double_team|endure|facade|fire_blast|flamethrower|frustration|hidden_power|iron_tail|natural_gift|overheat|payback|protect|psych_up|rest|return|roar|safeguard|secret_power|sleep_talk|substitute|sunny_day|swagger|toxic|will_o_wisp;headbutt|heat_wave|ominous_wind|pain_split|role_play|snore|spite|swift|zen_headbutt;disable|energy_ball|extrasensory|feint_attack|flail|flare_blitz|heat_wave|howl|hypnosis|power_swap|psych_up|spite;ground;ninetales@objeto:fire_stone;;37;Zorro;0,6;9,9;marrón;75;no;Cuando nace solo tiene una cola, pero a medida que crece, esta se va dividiendo desde la punta.;;;;
ninetales;Ninetales;fire;73;76;75;81;100;100;flash_fire;;;medium_fast;177;75;sp_defense:1|speed:1;1:confuse_ray|1:ember|1:nasty_plot|1:quick_attack|1:safeguard;attract|calm_mind|captivate|dark_pulse|dig|double_team|dream_eater|endure|facade|fire_blast|flamethrower|frustration|giga_impact|hidden_power|hyper_beam|iron_tail|natural_gift|overheat|payback|protect|psych_up|rest|return|roar|safeguard|secret_power|sleep_talk|solar_beam|substitute|sunny_day|swagger|toxic|will_o_wisp;headbutt|heat_wave|ominous_wind|pain_split|role_play|snore|spite|swift|zen_headbutt;;ground;;;38;Zorro;1,1;19,9;amarillo;75;no;Tiene nueve colas y un pelaje de color dorado. Dicen que este Pokémon llega a vivir 1000 años.;;;;
jigglypuff;Jigglypuff;normal;115;45;20;45;25;20;cute_charm;;;fast;95;170;hp:2;1:sing|5:defense_curl|9:pound|13:disable|17:rollout|21:double_slap|25:rest|29:body_slam|33:gyro_ball|37:wake_up_slap|41:mimic|45:hyper_voice|49:double_edge;attract|blizzard|brick_break|captivate|charge_beam|dig|double_team|drain_punch|dream_eater|endure|facade|fire_blast|flamethrower|flash|fling|focus_punch|frustration|grass_knot|gyro_ball|hidden_power|ice_beam|light_screen|natural_gift|protect|psych_up|psychic|rain_dance|recycle|reflect|rest|return|safeguard|secret_power|shadow_ball|shock_wave|sleep_talk|snatch|solar_beam|stealth_rock|strength|substitute|sunny_day|swagger|thunder|thunder_wave|thunderbolt|toxic|water_pulse;bounce|endeavor|fire_punch|gravity|headbutt|heal_bell|helping_hand|ice_punch|icy_wind|knock_off|last_resort|magic_coat|mud_slap|pain_split|role_play|rollout|snore|thunder_punch;;fairy;wigglytuff@objeto:moon_stone;;39;Globo;0,5;5,5;rosa;75;no;Cautiva con la mirada a su enemigo y hace que se quede profundamente dormido mientras entona una dulce melodía.;;;;
wigglytuff;Wigglytuff;normal;140;70;45;75;50;45;cute_charm;;;fast;196;50;hp:3;1:defense_curl|1:disable|1:double_slap|1:sing;attract|blizzard|brick_break|captivate|charge_beam|dig|double_team|drain_punch|dream_eater|endure|facade|fire_blast|flamethrower|flash|fling|focus_blast|focus_punch|frustration|giga_impact|grass_knot|gyro_ball|hidden_power|hyper_beam|ice_beam|light_screen|natural_gift|protect|psych_up|psychic|rain_dance|recycle|reflect|rest|return|safeguard|secret_power|shadow_ball|shock_wave|sleep_talk|snatch|solar_beam|stealth_rock|strength|substitute|sunny_day|swagger|thunder|thunder_wave|thunderbolt|toxic|water_pulse;bounce|endeavor|fire_punch|gravity|headbutt|heal_bell|helping_hand|ice_punch|icy_wind|knock_off|last_resort|magic_coat|mud_slap|pain_split|role_play|rollout|snore|thunder_punch;;fairy;;;40;Globo;1;12;rosa;75;no;Su piel es tan suave que si dos de ellos se acurrucan juntos, no querrán separarse nunca.;;;;
zubat;Zubat;poison|flying;40;45;35;30;40;55;inner_focus;;;medium_fast;49;255;speed:1;1:leech_life|5:supersonic|9:astonish|13:bite|17:wing_attack|21:confuse_ray|25:air_cutter|29:mean_look|33:poison_fang|37:haze|41:air_slash;aerial_ace|attract|captivate|defog|double_team|endure|facade|fly|frustration|giga_drain|hidden_power|natural_gift|payback|pluck|protect|rain_dance|rest|return|roost|secret_power|shadow_ball|sleep_talk|sludge_bomb|snatch|steel_wing|substitute|sunny_day|swagger|taunt|thief|torment|toxic|u_turn;air_cutter|heat_wave|ominous_wind|snore|super_fang|swift|tailwind|twister|uproar|zen_headbutt;brave_bird|curse|feint_attack|gust|hypnosis|nasty_plot|pursuit|quick_attack|whirlwind|zen_headbutt;flying;golbat@22;;41;Murciélago;0,8;7,5;morado;50;no;Aunque carezca de ojos, puede detectar obstáculos con las ondas ultrasónicas que emite su boca.;;;;
golbat;Golbat;poison|flying;75;80;70;65;75;90;inner_focus;;;medium_fast;159;90;speed:2;1:astonish|1:leech_life|1:screech|1:supersonic|5:supersonic|9:astonish|13:bite|17:wing_attack|21:confuse_ray|27:air_cutter|33:mean_look|39:poison_fang|45:haze|51:air_slash;aerial_ace|attract|captivate|defog|double_team|endure|facade|fly|frustration|giga_drain|giga_impact|hidden_power|hyper_beam|natural_gift|payback|pluck|protect|rain_dance|rest|return|roost|secret_power|shadow_ball|sleep_talk|sludge_bomb|snatch|steel_wing|substitute|sunny_day|swagger|taunt|thief|torment|toxic|u_turn;air_cutter|heat_wave|ominous_wind|snore|super_fang|swift|tailwind|twister|uproar|zen_headbutt;;flying;crobat@amistad;;42;Murciélago;1,6;55;morado;50;no;Cuando ataque, seguirá chupando energía de su víctima, aunque pese tanto que ya no pueda volar.;;;;
oddish;Oddish;grass|poison;45;50;55;75;65;30;chlorophyll;;;medium_slow;64;255;sp_attack:1;1:absorb|5:sweet_scent|9:acid|13:poison_powder|15:stun_spore|17:sleep_powder|21:mega_drain|25:lucky_chant|29:natural_gift|33:moonlight|37:giga_drain|41:petal_dance;attract|bullet_seed|captivate|cut|double_team|endure|energy_ball|facade|flash|frustration|giga_drain|grass_knot|hidden_power|natural_gift|protect|rest|return|secret_power|sleep_talk|sludge_bomb|solar_beam|substitute|sunny_day|swagger|swords_dance|toxic;gastro_acid|seed_bomb|snore|synthesis|worry_seed;charm|flail|ingrain|razor_leaf|swords_dance|synthesis|teeter_dance|tickle;plant;gloom@21;;43;Hierbajo;0,5;5,4;azul;50;no;Durante el día, se agazapa en el frío subsuelo huyendo del sol. La luz de la luna le hace crecer mucho.;;;;
gloom;Gloom;grass|poison;60;65;70;85;75;40;chlorophyll;;;medium_slow;138;120;sp_attack:2;1:absorb|1:acid|1:sweet_scent|5:sweet_scent|9:acid|13:poison_powder|15:stun_spore|17:sleep_powder|23:mega_drain|29:lucky_chant|35:natural_gift|41:moonlight|47:giga_drain|53:petal_dance;attract|bullet_seed|captivate|cut|double_team|drain_punch|endure|energy_ball|facade|flash|fling|frustration|giga_drain|grass_knot|hidden_power|natural_gift|protect|rest|return|secret_power|sleep_talk|sludge_bomb|solar_beam|substitute|sunny_day|swagger|swords_dance|toxic;gastro_acid|seed_bomb|snore|synthesis|worry_seed;;plant;vileplume@objeto:leaf_stone | bellossom@objeto:sun_stone;;44;Hierbajo;0,8;8,6;azul;50;no;¡Huele bastante mal! De todas formas, una de cada mil personas aprecian su fétido olor.;;;;
vileplume;Vileplume;grass|poison;75;80;85;100;90;50;chlorophyll;;;medium_slow;221;45;sp_attack:3;1:aromatherapy|1:mega_drain|1:poison_powder|1:stun_spore|53:petal_dance|65:solar_beam;attract|bullet_seed|captivate|cut|double_team|drain_punch|endure|energy_ball|facade|flash|fling|frustration|giga_drain|giga_impact|grass_knot|hidden_power|hyper_beam|natural_gift|protect|rest|return|secret_power|sleep_talk|sludge_bomb|solar_beam|substitute|sunny_day|swagger|swords_dance|toxic;gastro_acid|seed_bomb|snore|synthesis|worry_seed;;plant;;;45;Flor;1,2;18,6;rojo;50;no;Cuanto mayores son sus pétalos, más tóxico es su polen. Le pesa la cabeza y le cuesta mantenerla erguida.;;;;
paras;Paras;bug|grass;35;70;55;45;55;25;effect_spore;dry_skin;;medium_fast;57;190;attack:1;1:scratch|6:poison_powder|6:stun_spore|11:leech_life|17:spore|22:slash|27:growth|33:giga_drain|38:aromatherapy|43:x_scissor;aerial_ace|attract|brick_break|bullet_seed|captivate|cut|dig|double_team|endure|energy_ball|facade|false_swipe|flash|frustration|giga_drain|grass_knot|hidden_power|natural_gift|protect|rest|return|rock_smash|secret_power|sleep_talk|sludge_bomb|solar_beam|substitute|sunny_day|swagger|swords_dance|thief|toxic|x_scissor;bug_bite|fury_cutter|knock_off|seed_bomb|snore|string_shot|synthesis|worry_seed;agility|bug_bite|counter|cross_poison|false_swipe|flail|light_screen|metal_claw|psybeam|pursuit|screech|sweet_scent;bug|plant;parasect@24;;46;Hongo;0,3;5,4;rojo;50;no;Lleva en el lomo dos setas parásitas llamadas tochukaso, que crecen con él.;;;;
parasect;Parasect;bug|grass;60;95;80;60;80;30;effect_spore;dry_skin;;medium_fast;142;75;attack:2|defense:1;1:cross_poison|1:leech_life|1:poison_powder|1:scratch|1:stun_spore|6:poison_powder|6:stun_spore|11:leech_life|17:spore|22:slash|30:growth|39:giga_drain|47:aromatherapy|55:x_scissor;aerial_ace|attract|brick_break|bullet_seed|captivate|cut|dig|double_team|endure|energy_ball|facade|false_swipe|flash|frustration|giga_drain|giga_impact|grass_knot|hidden_power|hyper_beam|natural_gift|protect|rest|return|rock_smash|secret_power|sleep_talk|sludge_bomb|solar_beam|substitute|sunny_day|swagger|swords_dance|thief|toxic|x_scissor;bug_bite|fury_cutter|knock_off|seed_bomb|snore|string_shot|synthesis|worry_seed;;bug|plant;;;47;Hongo;1;29,5;rojo;50;no;Parasect está dominado por una seta parásita mayor que él. Dispersa esporas venenosas.;;;;
venonat;Venonat;bug|poison;60;55;50;40;55;45;compound_eyes;tinted_lens;;medium_fast;61;190;sp_defense:1;1:disable|1:foresight|1:tackle|5:supersonic|11:confusion|13:poison_powder|17:leech_life|23:stun_spore|25:psybeam|29:sleep_powder|35:signal_beam|37:zen_headbutt|41:poison_fang|47:psychic;attract|captivate|double_team|endure|facade|flash|frustration|giga_drain|hidden_power|natural_gift|protect|psychic|rest|return|secret_power|skill_swap|sleep_talk|sludge_bomb|solar_beam|substitute|sunny_day|swagger|thief|toxic;bug_bite|signal_beam|snore|string_shot|swift|zen_headbutt;agility|baton_pass|bug_bite|giga_drain|morning_sun|screech|signal_beam|toxic_spikes;bug;venomoth@31;;48;Insecto;1;30;morado;50;no;Sus grandes ojos son en realidad grupos de ojos diminutos. Por la noche se siente atraído por la luz.;;;;
venomoth;Venomoth;bug|poison;70;65;60;90;75;90;shield_dust;tinted_lens;;medium_fast;158;75;sp_attack:1|speed:1;1:disable|1:foresight|1:silver_wind|1:supersonic|1:tackle|5:supersonic|11:confusion|13:poison_powder|17:leech_life|23:stun_spore|25:psybeam|29:sleep_powder|31:gust|37:signal_beam|41:zen_headbutt|47:poison_fang|55:psychic|59:bug_buzz;aerial_ace|attract|captivate|defog|double_team|endure|energy_ball|facade|flash|frustration|giga_drain|giga_impact|hidden_power|hyper_beam|natural_gift|protect|psychic|rest|return|roost|secret_power|silver_wind|skill_swap|sleep_talk|sludge_bomb|solar_beam|substitute|sunny_day|swagger|thief|toxic|u_turn;air_cutter|bug_bite|ominous_wind|signal_beam|snore|string_shot|swift|tailwind|twister|zen_headbutt;;bug;;;49;Polilla Ven.;1,5;12,5;morado;50;no;Lanza unas escamas que paralizan a cualquiera. Quien las toque, no podrá ni ponerse de pie.;;;;
diglett;Diglett;ground;10;55;25;35;45;95;sand_veil;arena_trap;;medium_fast;53;255;speed:1;1:sand_attack|1:scratch|4:growl|7:astonish|12:magnitude|15:mud_slap|18:dig|23:sucker_punch|26:earth_power|29:mud_bomb|34:slash|37:earthquake|40:fissure;aerial_ace|attract|captivate|cut|dig|double_team|earthquake|endure|facade|frustration|hidden_power|natural_gift|protect|rest|return|rock_slide|rock_smash|rock_tomb|sandstorm|secret_power|shadow_claw|sleep_talk|sludge_bomb|stealth_rock|substitute|sunny_day|swagger|thief|toxic;earth_power|mud_slap|snore|sucker_punch;ancient_power|astonish|beat_up|feint_attack|mud_bomb|pursuit|reversal|rock_slide|screech|uproar;ground;dugtrio@26;;50;Topo;0,2;0,8;marrón;50;no;Vive un metro por debajo del suelo, donde se alimenta de raíces. También aparece en la superficie.;;;;
dugtrio;Dugtrio;ground;35;80;50;50;70;120;sand_veil;arena_trap;;medium_fast;149;50;speed:2;1:growl|1:night_slash|1:sand_attack|1:scratch|1:tri_attack|4:growl|7:astonish|12:magnitude|15:mud_slap|18:dig|23:sucker_punch|26:sand_tomb|28:earth_power|33:mud_bomb|40:slash|45:earthquake|50:fissure;aerial_ace|attract|captivate|cut|dig|double_team|earthquake|endure|facade|frustration|giga_impact|hidden_power|hyper_beam|natural_gift|protect|rest|return|rock_slide|rock_smash|rock_tomb|sandstorm|secret_power|shadow_claw|sleep_talk|sludge_bomb|stealth_rock|stone_edge|substitute|sunny_day|swagger|thief|toxic;earth_power|mud_slap|snore|sucker_punch;;ground;;;51;Topo;0,7;33,3;marrón;50;no;En combate, cava la tierra, se esconde y sale de repente para golpear a su rival. Nunca se sabe por dónde puede aparecer.;;;;
meowth;Meowth;normal;40;45;35;40;40;90;pickup;technician;;medium_fast;58;255;speed:1;1:growl|1:scratch|6:bite|9:fake_out|14:fury_swipes|17:screech|22:feint_attack|25:taunt|30:pay_day|33:slash|38:nasty_plot|41:assurance|46:captivate|49:night_slash|54:feint;aerial_ace|attract|captivate|cut|dark_pulse|dig|double_team|dream_eater|endure|facade|flash|frustration|hidden_power|iron_tail|natural_gift|payback|protect|psych_up|rain_dance|rest|return|secret_power|shadow_ball|shadow_claw|shock_wave|sleep_talk|snatch|substitute|sunny_day|swagger|taunt|thief|thunder|thunderbolt|torment|toxic|u_turn|water_pulse;gunk_shot|headbutt|icy_wind|knock_off|last_resort|mud_slap|seed_bomb|snore|spite|swift|uproar;amnesia|assist|charm|flail|hypnosis|last_resort|odor_sleuth|psych_up|punishment|spite|tail_whip;ground;persian@28;;52;Gato Araña;0,4;4,2;amarillo;50;no;Es de naturaleza nocturna. Le atraen los objetos brillantes.;;;;
persian;Persian;normal;65;70;60;65;65;115;limber;technician;;medium_fast;154;90;speed:2;1:bite|1:fake_out|1:growl|1:scratch|1:switcheroo|6:bite|9:fake_out|14:fury_swipes|17:screech|22:feint_attack|25:taunt|32:power_gem|37:slash|44:nasty_plot|49:assurance|56:captivate|61:night_slash|68:feint;aerial_ace|attract|captivate|cut|dark_pulse|dig|double_team|dream_eater|embargo|endure|facade|flash|frustration|giga_impact|hidden_power|hyper_beam|iron_tail|natural_gift|payback|protect|psych_up|rain_dance|rest|return|roar|secret_power|shadow_ball|shadow_claw|shock_wave|sleep_talk|snatch|substitute|sunny_day|swagger|taunt|thief|thunder|thunderbolt|torment|toxic|u_turn|water_pulse;gunk_shot|headbutt|icy_wind|knock_off|last_resort|mud_slap|seed_bomb|snore|spite|swift|uproar;;ground;;;53;Gato Fino;1;32;amarillo;50;no;Aunque es muy admirado por el pelo, es difícil de entrenar como mascota, porque es un poco travieso.;;;;
psyduck;Psyduck;water;50;52;48;65;50;55;damp;cloud_nine;;medium_fast;64;190;sp_attack:1;1:scratch|1:water_sport|5:tail_whip|9:water_gun|14:disable|18:confusion|22:water_pulse|27:fury_swipes|31:screech|35:psych_up|40:zen_headbutt|44:amnesia|48:hydro_pump;aerial_ace|attract|blizzard|brick_break|brine|calm_mind|captivate|dig|double_team|endure|facade|flash|fling|focus_punch|frustration|hail|hidden_power|ice_beam|iron_tail|natural_gift|protect|psych_up|psychic|rain_dance|rest|return|rock_smash|secret_power|shadow_claw|sleep_talk|strength|substitute|surf|swagger|toxic|water_pulse|waterfall|whirlpool;aqua_tail|dive|headbutt|ice_punch|icy_wind|mud_slap|role_play|signal_beam|snore|swift|worry_seed|zen_headbutt;confuse_ray|cross_chop|encore|foresight|future_sight|hypnosis|light_screen|mud_bomb|psybeam|psychic|refresh|yawn;water1|ground;golduck@33;;54;Pato;0,8;19,6;amarillo;50;no;Padece continuamente dolores de cabeza. Cuando son muy fuertes, empieza a usar misteriosos poderes.;;;;
golduck;Golduck;water;80;82;78;95;80;85;damp;cloud_nine;;medium_fast;175;75;sp_attack:2;1:aqua_jet|1:scratch|1:tail_whip|1:water_gun|1:water_sport|5:tail_whip|9:water_gun|14:disable|18:confusion|22:water_pulse|27:fury_swipes|31:screech|37:psych_up|44:zen_headbutt|50:amnesia|56:hydro_pump;aerial_ace|attract|blizzard|brick_break|brine|calm_mind|captivate|dig|double_team|endure|facade|flash|fling|focus_blast|focus_punch|frustration|giga_impact|hail|hidden_power|hyper_beam|ice_beam|iron_tail|natural_gift|protect|psych_up|psychic|rain_dance|rest|return|rock_climb|rock_smash|secret_power|shadow_claw|sleep_talk|strength|substitute|surf|swagger|toxic|water_pulse|waterfall|whirlpool;aqua_tail|dive|fury_cutter|headbutt|ice_punch|icy_wind|low_kick|mud_slap|role_play|signal_beam|snore|swift|worry_seed|zen_headbutt;;water1|ground;;;55;Pato;1,7;76,6;azul;50;no;Aparece en ríos al anochecer. Puede usar poderes telequinéticos si su frente brilla misteriosamente.;;;;
mankey;Mankey;fighting;40;80;35;35;45;70;vital_spirit;anger_point;;medium_fast;61;190;attack:1;1:covet|1:focus_energy|1:leer|1:low_kick|1:scratch|9:fury_swipes|13:karate_chop|17:seismic_toss|21:screech|25:assurance|33:swagger|37:cross_chop|41:thrash|45:punishment|49:close_combat;aerial_ace|attract|brick_break|bulk_up|captivate|dig|double_team|earthquake|endure|facade|fling|focus_blast|focus_punch|frustration|hidden_power|iron_tail|natural_gift|overheat|payback|poison_jab|protect|rain_dance|rest|return|rock_climb|rock_slide|rock_smash|rock_tomb|secret_power|sleep_talk|strength|substitute|sunny_day|swagger|taunt|thief|thunder|thunderbolt|toxic|u_turn;endeavor|fire_punch|gunk_shot|headbutt|helping_hand|ice_punch|low_kick|mud_slap|outrage|role_play|seed_bomb|spite|swift|thunder_punch|uproar|vacuum_wave;beat_up|close_combat|counter|encore|foresight|meditate|revenge|reversal|rock_slide|smelling_salts;ground;primeape@28;;56;Mono Cerdo;0,5;28;marrón;50;no;Es peligroso acercarse si se enfada sin razón aparente, ya que no distingue entre amigos y enemigos.;;;;
primeape;Primeape;fighting;65;105;60;60;70;95;vital_spirit;anger_point;;medium_fast;159;75;attack:2;1:fling|1:focus_energy|1:leer|1:low_kick|1:scratch|9:fury_swipes|13:karate_chop|17:seismic_toss|21:screech|25:assurance|28:rage|35:swagger|41:cross_chop|47:thrash|53:punishment|59:close_combat;aerial_ace|attract|brick_break|bulk_up|captivate|dig|double_team|earthquake|endure|facade|fling|focus_blast|focus_punch|frustration|giga_impact|hidden_power|hyper_beam|iron_tail|natural_gift|overheat|payback|poison_jab|protect|rain_dance|rest|return|rock_climb|rock_slide|rock_smash|rock_tomb|secret_power|sleep_talk|stone_edge|strength|substitute|sunny_day|swagger|taunt|thief|thunder|thunderbolt|toxic|u_turn;endeavor|fire_punch|gunk_shot|headbutt|helping_hand|ice_punch|low_kick|mud_slap|outrage|role_play|seed_bomb|spite|swift|thunder_punch|uproar|vacuum_wave;;ground;;;57;Mono Cerdo;1;32;marrón;50;no;Solo se calma cuando nadie está cerca. Llegar a ver ese momento es realmente difícil.;;;;
growlithe;Growlithe;fire;55;70;45;70;50;60;intimidate;flash_fire;;slow;70;190;attack:1;1:bite|1:roar|6:ember|9:leer|14:odor_sleuth|17:helping_hand|20:flame_wheel|25:reversal|28:fire_fang|31:take_down|34:flamethrower|39:agility|42:crunch|45:heat_wave|48:flare_blitz;aerial_ace|attract|captivate|dig|double_team|endure|facade|fire_blast|flamethrower|frustration|hidden_power|iron_tail|natural_gift|overheat|protect|rest|return|roar|rock_smash|secret_power|sleep_talk|strength|substitute|sunny_day|swagger|thief|toxic|will_o_wisp;headbutt|heat_wave|helping_hand|mud_slap|snore|swift;body_slam|crunch|double_edge|fire_spin|flare_blitz|heat_wave|howl|morning_sun|safeguard|thrash;ground;arcanine@objeto:fire_stone;;58;Perrito;0,7;19;marrón;25;no;Es muy agradable y leal. Para ahuyentar al enemigo, se pone a ladrar y a dar bocados.;;;;
arcanine;Arcanine;fire;90;110;80;100;80;95;intimidate;flash_fire;;slow;194;75;attack:2;1:bite|1:fire_fang|1:odor_sleuth|1:roar|1:thunder_fang|39:extreme_speed;aerial_ace|attract|captivate|dig|double_team|dragon_pulse|endure|facade|fire_blast|flamethrower|frustration|giga_impact|hidden_power|hyper_beam|iron_tail|natural_gift|overheat|protect|rest|return|roar|rock_climb|rock_smash|secret_power|sleep_talk|solar_beam|strength|substitute|sunny_day|swagger|thief|toxic|will_o_wisp;headbutt|heat_wave|helping_hand|iron_head|mud_slap|snore|swift;;ground;;;59;Leyenda;1,9;155;marrón;25;no;Un Pokémon muy admirado desde la antigüedad por su belleza. Corre ágilmente como si tuviera alas.;;;;
poliwag;Poliwag;water;40;50;40;40;40;90;water_absorb;damp;;medium_slow;60;255;speed:1;1:water_sport|5:bubble|8:hypnosis|11:water_gun|15:double_slap|18:rain_dance|21:body_slam|25:bubble_beam|28:mud_shot|31:belly_drum|35:wake_up_slap|38:hydro_pump|41:mud_bomb;attract|blizzard|captivate|dig|double_team|endure|facade|frustration|hail|hidden_power|ice_beam|natural_gift|protect|psychic|rain_dance|rest|return|secret_power|sleep_talk|substitute|surf|swagger|thief|toxic|water_pulse|waterfall|whirlpool;dive|headbutt|helping_hand|icy_wind|snore;bubble_beam|encore|endeavor|haze|ice_ball|mind_reader|mist|mud_shot|refresh|splash|water_sport;water1;poliwhirl@25;;60;Renacuajo;0,6;12,4;azul;50;no;Tiene una piel extraordinaria, fina y húmeda, que deja entrever las vísceras que tiene dispuestas en espiral.;;;;
poliwhirl;Poliwhirl;water;65;65;65;50;50;90;water_absorb;damp;;medium_slow;135;120;speed:2;1:bubble|1:hypnosis|1:water_sport|5:bubble|8:hypnosis|11:water_gun|15:double_slap|18:rain_dance|21:body_slam|27:bubble_beam|32:mud_shot|37:belly_drum|43:wake_up_slap|48:hydro_pump|53:mud_bomb;attract|blizzard|brick_break|captivate|dig|double_team|earthquake|endure|facade|fling|focus_punch|frustration|hail|hidden_power|ice_beam|natural_gift|protect|psychic|rain_dance|rest|return|rock_smash|secret_power|sleep_talk|strength|substitute|surf|swagger|thief|toxic|water_pulse|waterfall|whirlpool;dive|headbutt|helping_hand|ice_punch|icy_wind|mud_slap|snore;;water1;poliwrath@objeto:water_stone | politoed@intercambio:kings_rock;;61;Renacuajo;1;20;azul;50;no;Capaz de vivir dentro o fuera del agua. Fuera del agua suda para mantener baboso su cuerpo.;;;;
poliwrath;Poliwrath;water|fighting;90;85;95;70;90;70;water_absorb;damp;;medium_slow;230;45;defense:3;1:bubble_beam|1:double_slap|1:hypnosis|1:submission|43:dynamic_punch|53:mind_reader;attract|blizzard|brick_break|bulk_up|captivate|dig|double_team|earthquake|endure|facade|fling|focus_blast|focus_punch|frustration|giga_impact|hail|hidden_power|hyper_beam|ice_beam|natural_gift|payback|poison_jab|protect|psychic|rain_dance|rest|return|rock_climb|rock_slide|rock_smash|rock_tomb|secret_power|sleep_talk|strength|substitute|surf|swagger|thief|toxic|water_pulse|waterfall|whirlpool;dive|headbutt|helping_hand|ice_punch|icy_wind|mud_slap|snore|vacuum_wave;;water1;;;62;Renacuajo;1,3;54;azul;50;no;Tiene músculos muy desarrollados. Es capaz de nadar en el océano sin descanso.;;;;
abra;Abra;psychic;25;20;15;105;55;90;synchronize;inner_focus;;medium_slow;62;200;sp_attack:1;1:teleport;attract|calm_mind|captivate|charge_beam|double_team|drain_punch|dream_eater|embargo|endure|energy_ball|facade|flash|fling|focus_punch|frustration|grass_knot|hidden_power|iron_tail|light_screen|natural_gift|protect|psych_up|psychic|rain_dance|recycle|reflect|rest|return|safeguard|secret_power|shadow_ball|shock_wave|skill_swap|sleep_talk|snatch|substitute|sunny_day|swagger|taunt|thief|thunder_wave|torment|toxic|trick_room;fire_punch|gravity|headbutt|ice_punch|knock_off|magic_coat|role_play|signal_beam|snore|thunder_punch|trick|zen_headbutt;barrier|encore|fire_punch|guard_swap|ice_punch|knock_off|power_trick|thunder_punch;humanshape;kadabra@16;;63;Psi;0,9;19,5;marrón;25;no;Duerme 18 horas al día y mientras lo hace es capaz de usar una serie de poderes extrasensoriales.;;;;
kadabra;Kadabra;psychic;40;35;30;120;70;105;synchronize;inner_focus;;medium_slow;140;100;sp_attack:2;1:confusion|1:kinesis|1:teleport|16:confusion|18:disable|22:miracle_eye|24:psybeam|28:reflect|30:recover|34:psycho_cut|36:role_play|40:psychic|42:future_sight|46:trick;attract|calm_mind|captivate|charge_beam|double_team|drain_punch|dream_eater|embargo|endure|energy_ball|facade|flash|fling|focus_punch|frustration|grass_knot|hidden_power|iron_tail|light_screen|natural_gift|protect|psych_up|psychic|rain_dance|recycle|reflect|rest|return|safeguard|secret_power|shadow_ball|shock_wave|skill_swap|sleep_talk|snatch|substitute|sunny_day|swagger|taunt|thief|thunder_wave|torment|toxic|trick_room;fire_punch|gravity|headbutt|ice_punch|knock_off|magic_coat|role_play|signal_beam|snore|thunder_punch|trick|zen_headbutt;;humanshape;alakazam@intercambio;;64;Psi;1,3;56,5;marrón;25;no;Cuando utiliza su poder psíquico, emite poderosas ondas alfa que pueden destruir dispositivos.;;;;
alakazam;Alakazam;psychic;55;50;45;135;85;120;synchronize;inner_focus;;medium_slow;225;50;sp_attack:3;1:confusion|1:kinesis|1:teleport|16:confusion|18:disable|22:miracle_eye|24:psybeam|28:reflect|30:recover|34:psycho_cut|36:calm_mind|40:psychic|42:future_sight|46:trick;attract|calm_mind|captivate|charge_beam|double_team|drain_punch|dream_eater|embargo|endure|energy_ball|facade|flash|fling|focus_blast|focus_punch|frustration|giga_impact|grass_knot|hidden_power|hyper_beam|iron_tail|light_screen|natural_gift|protect|psych_up|psychic|rain_dance|recycle|reflect|rest|return|safeguard|secret_power|shadow_ball|shock_wave|skill_swap|sleep_talk|snatch|substitute|sunny_day|swagger|taunt|thief|thunder_wave|torment|toxic|trick_room;fire_punch|gravity|headbutt|ice_punch|knock_off|magic_coat|role_play|signal_beam|snore|thunder_punch|trick|zen_headbutt;;humanshape;;;65;Psi;1,5;48;marrón;25;no;Sus neuronas se multiplican continuamente durante su vida. Por eso, siempre lo recuerda todo.;;;;
machop;Machop;fighting;70;80;50;35;35;35;guts;no_guard;;medium_slow;61;180;attack:1;1:leer|1:low_kick|7:focus_energy|10:karate_chop|13:foresight|19:seismic_toss|22:revenge|25:vital_throw|31:submission|34:wake_up_slap|37:cross_chop|43:scary_face|46:dynamic_punch;attract|brick_break|bulk_up|captivate|dig|double_team|earthquake|endure|facade|fire_blast|flamethrower|fling|focus_blast|focus_punch|frustration|hidden_power|natural_gift|payback|poison_jab|protect|rain_dance|rest|return|rock_climb|rock_slide|rock_smash|rock_tomb|secret_power|sleep_talk|strength|substitute|sunny_day|swagger|thief|toxic;fire_punch|headbutt|helping_hand|ice_punch|low_kick|mud_slap|role_play|snore|superpower|thunder_punch|vacuum_wave;bullet_punch|close_combat|counter|encore|fire_punch|ice_punch|light_screen|meditate|power_trick|rock_slide|rolling_kick|smelling_salts|thunder_punch;humanshape;machoke@28;;66;Superpoder;0,8;19,5;gris;25;no;Levanta un Graveler para mantener sus músculos en forma. Domina todas las artes marciales.;;;;
machoke;Machoke;fighting;80;100;70;50;60;45;guts;no_guard;;medium_slow;142;90;attack:2;1:focus_energy|1:leer|1:low_kick|7:focus_energy|10:karate_chop|13:foresight|19:seismic_toss|22:revenge|25:vital_throw|32:submission|36:wake_up_slap|40:cross_chop|44:scary_face|51:dynamic_punch;attract|brick_break|bulk_up|captivate|dig|double_team|earthquake|endure|facade|fire_blast|flamethrower|fling|focus_blast|focus_punch|frustration|hidden_power|natural_gift|payback|poison_jab|protect|rain_dance|rest|return|rock_climb|rock_slide|rock_smash|rock_tomb|secret_power|sleep_talk|strength|substitute|sunny_day|swagger|thief|toxic;fire_punch|headbutt|helping_hand|ice_punch|low_kick|mud_slap|role_play|snore|superpower|thunder_punch|vacuum_wave;;humanshape;machamp@intercambio;;67;Superpoder;1,5;70,5;gris;25;no;Su musculoso cuerpo es tan fuerte que usa un cinto antifuerza para controlar sus movimientos.;;;;
machamp;Machamp;fighting;90;130;80;65;85;55;guts;no_guard;;medium_slow;227;45;attack:3;1:focus_energy|1:leer|1:low_kick|7:focus_energy|10:karate_chop|13:foresight|19:seismic_toss|22:revenge|25:vital_throw|32:submission|36:wake_up_slap|40:cross_chop|44:scary_face|51:dynamic_punch;attract|brick_break|bulk_up|captivate|dig|double_team|earthquake|endure|facade|fire_blast|flamethrower|fling|focus_blast|focus_punch|frustration|giga_impact|hidden_power|hyper_beam|natural_gift|payback|poison_jab|protect|rain_dance|rest|return|rock_climb|rock_slide|rock_smash|rock_tomb|secret_power|sleep_talk|stone_edge|strength|substitute|sunny_day|swagger|thief|toxic;fire_punch|headbutt|helping_hand|ice_punch|low_kick|mud_slap|role_play|snore|superpower|thunder_punch|vacuum_wave;;humanshape;;;68;Superpoder;1,6;130;gris;25;no;Tiene cuatro brazos tan bien desarrollados que puede dar una serie de 1000 puñetazos en cuestión de dos segundos.;;;;
bellsprout;Bellsprout;grass|poison;50;75;35;70;30;40;chlorophyll;;;medium_slow;60;255;attack:1;1:vine_whip|7:growth|11:wrap|13:sleep_powder|15:poison_powder|17:stun_spore|23:acid|27:knock_off|29:sweet_scent|35:gastro_acid|39:razor_leaf|41:slam|47:wring_out;attract|bullet_seed|captivate|cut|double_team|endure|energy_ball|facade|flash|frustration|giga_drain|grass_knot|hidden_power|natural_gift|protect|rest|return|secret_power|sleep_talk|sludge_bomb|solar_beam|substitute|sunny_day|swagger|swords_dance|thief|toxic;gastro_acid|knock_off|seed_bomb|snore|sucker_punch|synthesis|worry_seed;encore|ingrain|leech_life|magical_leaf|reflect|swords_dance|synthesis|tickle|weather_ball|worry_seed;plant;weepinbell@21;;69;Flor;0,7;4;verde;50;no;Aunque su cuerpo es extremadamente delgado, es muy rápido a la hora de capturar sus presas.;;;;
weepinbell;Weepinbell;grass|poison;65;90;50;85;45;55;chlorophyll;;;medium_slow;137;120;attack:2;1:growth|1:vine_whip|1:wrap|7:growth|11:wrap|13:sleep_powder|15:poison_powder|17:stun_spore|23:acid|27:knock_off|29:sweet_scent|35:gastro_acid|39:razor_leaf|41:slam|47:wring_out;attract|bullet_seed|captivate|cut|double_team|endure|energy_ball|facade|flash|frustration|giga_drain|grass_knot|hidden_power|natural_gift|protect|rest|return|secret_power|sleep_talk|sludge_bomb|solar_beam|substitute|sunny_day|swagger|swords_dance|thief|toxic;gastro_acid|knock_off|seed_bomb|snore|sucker_punch|synthesis|worry_seed;;plant;victreebel@objeto:leaf_stone;;70;Matamoscas;1;6,4;verde;50;no;Las hojas que tiene actúan como cuchillas en combate. Otra de sus armas es el corrosivo fluido que expulsa.;;;;
victreebel;Victreebel;grass|poison;80;105;65;100;60;70;chlorophyll;;;medium_slow;221;45;attack:3;1:razor_leaf|1:sleep_powder|1:spit_up|1:stockpile|1:swallow|1:sweet_scent|1:vine_whip|47:leaf_blade|47:leaf_storm;attract|bullet_seed|captivate|cut|double_team|endure|energy_ball|facade|flash|frustration|giga_drain|giga_impact|grass_knot|hidden_power|hyper_beam|natural_gift|protect|rest|return|secret_power|sleep_talk|sludge_bomb|solar_beam|substitute|sunny_day|swagger|swords_dance|thief|toxic;gastro_acid|knock_off|seed_bomb|snore|sucker_punch|synthesis|worry_seed;;plant;;;71;Matamoscas;1,7;15,5;verde;50;no;Dicen que vive en grandes colonias en el interior de las junglas, aunque nadie ha podido verificarlo.;;;;
tentacool;Tentacool;water|poison;40;40;35;50;100;70;clear_body;liquid_ooze;;slow;67;190;sp_defense:1;1:poison_sting|5:supersonic|8:constrict|12:acid|15:toxic_spikes|19:bubble_beam|22:wrap|26:barrier|29:water_pulse|33:poison_jab|36:screech|40:hydro_pump|43:wring_out;attract|blizzard|brine|captivate|cut|double_team|endure|facade|frustration|giga_drain|hail|hidden_power|ice_beam|natural_gift|payback|poison_jab|protect|rain_dance|rest|return|secret_power|sleep_talk|sludge_bomb|substitute|surf|swagger|swords_dance|thief|toxic|water_pulse|waterfall|whirlpool;dive|icy_wind|knock_off|magic_coat|snore;acupressure|aurora_beam|confuse_ray|haze|knock_off|mirror_coat|muddy_water|rapid_spin|safeguard;water3;tentacruel@30;;72;Medusa;0,9;45,5;azul;50;no;Su cuerpo se compone casi en exclusiva de agua. Lanza extraños rayos con sus ojos cristalinos.;;;;
tentacruel;Tentacruel;water|poison;80;70;65;80;120;100;clear_body;liquid_ooze;;slow;180;60;sp_defense:2;1:constrict|1:poison_sting|1:supersonic|5:supersonic|8:constrict|12:acid|15:toxic_spikes|19:bubble_beam|22:wrap|26:barrier|29:water_pulse|36:poison_jab|42:screech|49:hydro_pump|55:wring_out;attract|blizzard|brine|captivate|cut|double_team|endure|facade|frustration|giga_drain|giga_impact|hail|hidden_power|hyper_beam|ice_beam|natural_gift|payback|poison_jab|protect|rain_dance|rest|return|secret_power|sleep_talk|sludge_bomb|substitute|surf|swagger|swords_dance|thief|toxic|water_pulse|waterfall|whirlpool;dive|icy_wind|knock_off|magic_coat|snore;;water3;;;73;Medusa;1,6;55;azul;50;no;Cuando caza, extiende los cortos tentáculos que tiene para atrapar e inmovilizar a su presa.;;;;
geodude;Geodude;rock|ground;40;80;100;30;30;20;rock_head;sturdy;;medium_slow;60;255;defense:1;1:defense_curl|1:tackle|4:mud_sport|8:rock_polish|11:rock_throw|15:magnitude|18:self_destruct|22:rollout|25:rock_blast|29:earthquake|32:explosion|36:double_edge|39:stone_edge;attract|brick_break|captivate|dig|double_team|earthquake|endure|explosion|facade|fire_blast|flamethrower|fling|focus_punch|frustration|gyro_ball|hidden_power|natural_gift|protect|rest|return|rock_climb|rock_polish|rock_slide|rock_smash|rock_tomb|sandstorm|secret_power|sleep_talk|stealth_rock|stone_edge|strength|substitute|sunny_day|swagger|toxic;ancient_power|block|earth_power|fire_punch|headbutt|mud_slap|rollout|snore|sucker_punch|superpower|thunder_punch;block|curse|flail|hammer_arm|mega_punch|rock_slide;mineral;graveler@25;;74;Roca;0,4;20;marrón;50;no;Aparecen en llanos y montañas. Como parecen rocas, la gente se tropieza con ellos o los pisa.;;;;
graveler;Graveler;rock|ground;55;95;115;45;45;35;rock_head;sturdy;;medium_slow;137;120;defense:2;1:defense_curl|1:mud_sport|1:rock_polish|1:tackle|4:mud_sport|8:rock_polish|11:rock_throw|15:magnitude|18:self_destruct|22:rollout|27:rock_blast|33:earthquake|38:explosion|44:double_edge|49:stone_edge;attract|brick_break|captivate|dig|double_team|earthquake|endure|explosion|facade|fire_blast|flamethrower|fling|focus_punch|frustration|gyro_ball|hidden_power|natural_gift|protect|rest|return|rock_climb|rock_polish|rock_slide|rock_smash|rock_tomb|sandstorm|secret_power|sleep_talk|stealth_rock|stone_edge|strength|substitute|sunny_day|swagger|toxic;ancient_power|block|earth_power|fire_punch|headbutt|mud_slap|rollout|snore|sucker_punch|superpower|thunder_punch;;mineral;golem@intercambio;;75;Roca;1;105;marrón;50;no;De naturaleza descuidada y libre, no le importa dañarse cuando baja rodando montañas.;;;;
golem;Golem;rock|ground;80;110;130;55;65;45;rock_head;sturdy;;medium_slow;223;45;defense:3;1:defense_curl|1:mud_sport|1:rock_polish|1:tackle|4:mud_sport|8:rock_polish|11:rock_throw|15:magnitude|18:self_destruct|22:rollout|27:rock_blast|33:earthquake|38:explosion|44:double_edge|49:stone_edge;attract|brick_break|captivate|dig|double_team|earthquake|endure|explosion|facade|fire_blast|flamethrower|fling|focus_blast|focus_punch|frustration|giga_impact|gyro_ball|hidden_power|hyper_beam|natural_gift|protect|rest|return|roar|rock_climb|rock_polish|rock_slide|rock_smash|rock_tomb|sandstorm|secret_power|sleep_talk|stealth_rock|stone_edge|strength|substitute|sunny_day|swagger|toxic;ancient_power|block|earth_power|fire_punch|fury_cutter|headbutt|iron_head|mud_slap|rollout|snore|sucker_punch|superpower|thunder_punch;;mineral;;;76;Megatón;1,4;300;marrón;50;no;Se lanza montaña abajo y deja un surco desde la cima hasta el pie. Es mejor mantenerse alejado.;;;;
ponyta;Ponyta;fire;50;85;55;65;65;90;run_away;flash_fire;;medium_fast;82;190;speed:1;1:growl|1:tackle|6:tail_whip|10:ember|15:flame_wheel|19:stomp|24:fire_spin|28:take_down|33:agility|37:fire_blast|42:bounce|46:flare_blitz;attract|captivate|double_team|endure|facade|fire_blast|flamethrower|frustration|hidden_power|iron_tail|natural_gift|overheat|protect|rest|return|secret_power|sleep_talk|solar_beam|strength|substitute|sunny_day|swagger|toxic|will_o_wisp;bounce|headbutt|heat_wave|snore|swift;charm|double_edge|double_kick|flame_wheel|horn_drill|hypnosis|morning_sun|thrash;ground;rapidash@40;;77;Caballo Fuego;1;30;amarillo;50;no;Cuando nace, apenas puede tenerse en pie. Pero va fortaleciendo las patas en cuanto empieza a galopar.;;;;
rapidash;Rapidash;fire;65;100;70;80;80;105;run_away;flash_fire;;medium_fast;175;60;speed:2;1:ember|1:growl|1:megahorn|1:poison_jab|1:quick_attack|1:tail_whip|6:tail_whip|10:ember|15:flame_wheel|19:stomp|24:fire_spin|28:take_down|33:agility|37:fire_blast|40:fury_attack|47:bounce|56:flare_blitz;attract|captivate|double_team|endure|facade|fire_blast|flamethrower|frustration|giga_impact|hidden_power|hyper_beam|iron_tail|natural_gift|overheat|poison_jab|protect|rest|return|secret_power|sleep_talk|solar_beam|strength|substitute|sunny_day|swagger|toxic|will_o_wisp;bounce|headbutt|heat_wave|snore|swift;;ground;;;78;Caballo Fuego;1,7;95;amarillo;50;no;Muy competitivo, este Pokémon perseguirá a todo lo que se mueva rápido e intentará salir airoso.;;;;
slowpoke;Slowpoke;water|psychic;90;65;65;40;40;15;oblivious;own_tempo;;medium_fast;63;190;hp:1;1:curse|1:tackle|1:yawn|6:growl|11:water_gun|15:confusion|20:disable|25:headbutt|29:water_pulse|34:zen_headbutt|39:slack_off|43:amnesia|48:psychic|53:rain_dance|57:psych_up;attract|blizzard|brine|calm_mind|captivate|dig|double_team|dream_eater|earthquake|endure|facade|fire_blast|flamethrower|flash|frustration|grass_knot|hail|hidden_power|ice_beam|iron_tail|light_screen|natural_gift|protect|psych_up|psychic|rain_dance|recycle|rest|return|safeguard|secret_power|shadow_ball|skill_swap|sleep_talk|strength|substitute|sunny_day|surf|swagger|thunder_wave|toxic|trick_room|water_pulse|whirlpool;aqua_tail|block|dive|headbutt|icy_wind|magic_coat|mud_slap|signal_beam|snore|swift|trick|zen_headbutt;belly_drum|block|future_sight|me_first|mud_sport|safeguard|sleep_talk|snore|stomp|zen_headbutt;monster|water1;slowbro@37 | slowking@intercambio:kings_rock;;79;Atontado;1,2;36;rosa;50;no;Está siempre en su mundo, pero nadie sabe en qué piensa. Suele pescar con la cola.;;;;
slowbro;Slowbro;water|psychic;95;75;110;100;80;30;oblivious;own_tempo;;medium_fast;172;75;defense:2;1:curse|1:growl|1:tackle|1:yawn|6:growl|11:water_gun|15:confusion|20:disable|25:headbutt|29:water_pulse|34:zen_headbutt|37:withdraw|41:slack_off|47:amnesia|54:psychic|61:rain_dance|67:psych_up;attract|avalanche|blizzard|brick_break|brine|calm_mind|captivate|dig|double_team|drain_punch|dream_eater|earthquake|endure|facade|fire_blast|flamethrower|flash|fling|focus_blast|focus_punch|frustration|giga_impact|grass_knot|hail|hidden_power|hyper_beam|ice_beam|iron_tail|light_screen|natural_gift|protect|psych_up|psychic|rain_dance|recycle|rest|return|rock_smash|safeguard|secret_power|shadow_ball|skill_swap|sleep_talk|strength|substitute|sunny_day|surf|swagger|thunder_wave|toxic|trick_room|water_pulse|whirlpool;aqua_tail|block|dive|fury_cutter|headbutt|ice_punch|icy_wind|iron_defense|magic_coat|mud_slap|signal_beam|snore|swift|trick|zen_headbutt;;monster|water1;;;80;Ermitaño;1,6;78,5;rosa;50;no;Tiene una cola tan apetecible, que el Shellder que va enganchado a ella no se soltará por nada del mundo.;;;;
magnemite;Magnemite;electric|steel;25;35;70;95;55;45;magnet_pull;sturdy;;medium_fast;65;190;sp_attack:1;1:metal_sound|1:tackle|6:thunder_shock|11:supersonic|14:sonic_boom|17:thunder_wave|22:spark|27:lock_on|30:magnet_bomb|33:screech|38:discharge|43:mirror_shot|46:magnet_rise|49:gyro_ball|54:zap_cannon;charge_beam|double_team|endure|explosion|facade|flash|flash_cannon|frustration|gyro_ball|hidden_power|light_screen|natural_gift|protect|psych_up|rain_dance|recycle|reflect|rest|return|secret_power|shock_wave|sleep_talk|substitute|sunny_day|swagger|thunder|thunder_wave|thunderbolt|toxic;gravity|iron_defense|magic_coat|magnet_rise|rollout|signal_beam|snore|swift;;mineral;magneton@30;;81;Imán;0,3;6;gris;sin_genero;no;Las unidades a los lados de su cuerpo generan energía antigravitatoria para mantenerlo en el aire.;;;;
magneton;Magneton;electric|steel;50;60;95;120;70;70;magnet_pull;sturdy;;medium_fast;163;60;sp_attack:2;1:metal_sound|1:supersonic|1:tackle|1:thunder_shock|1:tri_attack|6:thunder_shock|11:supersonic|14:sonic_boom|17:thunder_wave|22:spark|27:lock_on|30:magnet_bomb|34:screech|40:discharge|46:mirror_shot|50:magnet_rise|54:gyro_ball|60:zap_cannon;charge_beam|double_team|endure|explosion|facade|flash|flash_cannon|frustration|giga_impact|gyro_ball|hidden_power|hyper_beam|light_screen|natural_gift|protect|psych_up|rain_dance|recycle|reflect|rest|return|secret_power|shock_wave|sleep_talk|substitute|sunny_day|swagger|thunder|thunder_wave|thunderbolt|toxic;gravity|iron_defense|magic_coat|magnet_rise|rollout|signal_beam|snore|swift;;mineral;magnezone@subir+lugar:mt_coronet;;82;Imán;1;60;gris;sin_genero;no;Lo constituye un grupo de Magnemite. Descarga potentes ondas magnéticas de alto voltaje.;;;;
farfetchd;Farfetch’d;normal|flying;52;65;55;58;62;60;keen_eye;inner_focus;;medium_fast;132;45;attack:1;1:fury_cutter|1:leer|1:peck|1:poison_jab|1:sand_attack|7:fury_attack|9:knock_off|13:aerial_ace|19:slash|21:air_cutter|25:swords_dance|31:agility|33:night_slash|37:air_slash|43:feint|45:false_swipe;aerial_ace|attract|captivate|cut|defog|double_team|endure|facade|false_swipe|fly|frustration|hidden_power|iron_tail|natural_gift|pluck|poison_jab|protect|psych_up|rest|return|roost|secret_power|sleep_talk|steel_wing|substitute|sunny_day|swagger|swords_dance|thief|toxic|u_turn;air_cutter|fury_cutter|headbutt|heat_wave|knock_off|last_resort|mud_slap|ominous_wind|snore|swift|twister|uproar;covet|curse|feather_dance|flail|foresight|gust|leaf_blade|mirror_move|mud_slap|night_slash|quick_attack|steel_wing;flying|ground;;;83;Pato Salvaje;0,8;15;marrón;50;no;El puerro que lleva es su mejor arma. Suele usarlo como espada para cortar cosas.;;;;
doduo;Doduo;normal|flying;35;85;45;35;35;75;run_away;early_bird;;medium_fast;62;190;attack:1;1:growl|1:peck|5:quick_attack|10:rage|14:fury_attack|19:pursuit|23:uproar|28:acupressure|32:double_hit|37:agility|41:drill_peck|46:endeavor;aerial_ace|attract|captivate|double_team|endure|facade|fly|frustration|hidden_power|natural_gift|pluck|protect|rest|return|roost|secret_power|sleep_talk|steel_wing|substitute|sunny_day|swagger|thief|toxic;air_cutter|endeavor|knock_off|mud_slap|snore|swift|uproar;brave_bird|endeavor|feint_attack|flail|haze|mirror_move|quick_attack|supersonic;flying;dodrio@31;;84;Ave Gemela;1,4;39,2;marrón;50;no;Este Pokémon de dos cabezas es el resultado de una mutación. Cuando corre, puede alcanzar casi 100 km por hora.;;;;
dodrio;Dodrio;normal|flying;60;110;70;60;60;100;run_away;early_bird;;medium_fast;165;45;attack:2;1:growl|1:peck|1:pluck|1:quick_attack|1:rage|5:quick_attack|10:rage|14:fury_attack|19:pursuit|23:uproar|28:acupressure|34:tri_attack|41:agility|47:drill_peck|54:endeavor;aerial_ace|attract|captivate|double_team|endure|facade|fly|frustration|giga_impact|hidden_power|hyper_beam|natural_gift|payback|pluck|protect|rest|return|roost|secret_power|sleep_talk|steel_wing|substitute|sunny_day|swagger|taunt|thief|torment|toxic;air_cutter|endeavor|knock_off|mud_slap|sky_attack|snore|swift|uproar;;flying;;;85;Ave Triple;1,8;85,2;marrón;50;no;Más vale no perder de vista ninguna de las tres cabezas. De lo contrario, el número de picotazos será enorme.;;;;
seel;Seel;water;65;45;55;45;70;45;thick_fat;hydration;;medium_fast;65;190;sp_defense:1;1:headbutt|3:growl|7:water_sport|11:icy_wind|13:encore|17:ice_shard|21:rest|23:aqua_ring|27:aurora_beam|31:aqua_jet|33:brine|37:take_down|41:dive|43:aqua_tail|47:ice_beam|51:safeguard;attract|blizzard|brine|captivate|double_team|endure|facade|fling|frustration|hail|hidden_power|ice_beam|natural_gift|protect|rain_dance|rest|return|safeguard|secret_power|sleep_talk|substitute|surf|swagger|thief|toxic|water_pulse|waterfall|whirlpool;aqua_tail|dive|headbutt|icy_wind|signal_beam|snore;disable|encore|fake_out|horn_drill|icicle_spear|lick|perish_song|signal_beam|slam|spit_up|stockpile|swallow;water1|ground;dewgong@34;;86;León Marino;1,1;90;blanco;50;no;Este Pokémon vive en icebergs. Nada en el mar y usa el cuerno de su cabeza para romper el hielo.;;;;
dewgong;Dewgong;water|ice;90;70;80;70;95;70;thick_fat;hydration;;medium_fast;166;75;sp_defense:2;1:growl|1:headbutt|1:icy_wind|1:signal_beam|3:growl|7:signal_beam|11:icy_wind|13:encore|17:ice_shard|21:rest|23:aqua_ring|27:aurora_beam|31:aqua_jet|33:brine|34:sheer_cold|37:take_down|41:dive|43:aqua_tail|47:ice_beam|51:safeguard;attract|avalanche|blizzard|brine|captivate|double_team|endure|facade|fling|frustration|giga_impact|hail|hidden_power|hyper_beam|ice_beam|natural_gift|protect|rain_dance|rest|return|safeguard|secret_power|sleep_talk|substitute|surf|swagger|thief|toxic|water_pulse|waterfall|whirlpool;aqua_tail|dive|headbutt|icy_wind|signal_beam|snore;;water1|ground;;;87;León Marino;1,7;120;blanco;50;no;Está recubierto de un luminoso pelaje blanco. Este Pokémon aumenta su actividad cuando bajan las temperaturas.;;;;
grimer;Grimer;poison;80;80;50;40;50;25;stench;sticky_hold;;medium_fast;65;190;hp:1;1:poison_gas|1:pound|4:harden|7:mud_slap|12:disable|17:minimize|20:sludge|23:mud_bomb|28:fling|33:screech|36:sludge_bomb|39:acid_armor|44:gunk_shot|49:memento;attract|captivate|dig|double_team|endure|explosion|facade|fire_blast|flamethrower|fling|frustration|giga_drain|hidden_power|natural_gift|payback|poison_jab|protect|rain_dance|rest|return|rock_slide|rock_tomb|secret_power|shadow_ball|shock_wave|sleep_talk|sludge_bomb|strength|substitute|sunny_day|swagger|taunt|thief|thunder|thunderbolt|torment|toxic;fire_punch|gunk_shot|ice_punch|mud_slap|pain_split|snore|thunder_punch;curse|explosion|haze|imprison|lick|mean_look|shadow_punch|shadow_sneak|spit_up|stockpile|swallow;indeterminate;muk@38;;88;Lodo;0,9;30;morado;50;no;Nace de lodo alterado al filtrarse en el agua los rayos X reflejados por la Luna. Se alimenta de sustancias desagradables.;;;;
muk;Muk;poison;105;105;75;65;100;50;stench;sticky_hold;;medium_fast;175;75;hp:1|attack:1;1:harden|1:mud_slap|1:poison_gas|1:pound|4:harden|7:mud_slap|12:disable|17:minimize|20:sludge|23:mud_bomb|28:fling|33:screech|36:sludge_bomb|44:acid_armor|54:gunk_shot|65:memento;attract|brick_break|captivate|dark_pulse|dig|double_team|endure|explosion|facade|fire_blast|flamethrower|fling|focus_blast|focus_punch|frustration|giga_drain|giga_impact|hidden_power|hyper_beam|natural_gift|payback|poison_jab|protect|rain_dance|rest|return|rock_slide|rock_smash|rock_tomb|secret_power|shadow_ball|shock_wave|sleep_talk|sludge_bomb|strength|substitute|sunny_day|swagger|taunt|thief|thunder|thunderbolt|torment|toxic;block|fire_punch|gunk_shot|ice_punch|mud_slap|pain_split|snore|thunder_punch;;indeterminate;;;89;Lodo;1,2;30;morado;50;no;Les encanta reunirse en zonas apestosas donde se acumula el lodo, haciendo su olor más insoportable.;;;;
shellder;Shellder;water;30;65;100;45;25;40;shell_armor;skill_link;;slow;61;190;defense:1;1:tackle|4:withdraw|8:supersonic|13:icicle_spear|16:protect|20:leer|25:clamp|28:ice_shard|32:aurora_beam|37:whirlpool|40:iron_defense|44:brine|49:ice_beam;attract|blizzard|brine|captivate|double_team|endure|explosion|facade|frustration|hail|hidden_power|ice_beam|natural_gift|payback|protect|rain_dance|rest|return|secret_power|sleep_talk|substitute|surf|swagger|toxic|water_pulse|whirlpool;dive|icy_wind|iron_defense|snore|swift;barrier|bubble_beam|icicle_spear|mud_shot|rapid_spin|rock_blast|screech|take_down;water3;cloyster@objeto:water_stone;;90;Bivalvo;0,3;4;morado;50;no;La concha lo protege de cualquier tipo de ataque. Solo es vulnerable cuando se abre.;;;;
cloyster;Cloyster;water|ice;50;95;180;85;45;70;shell_armor;skill_link;;slow;184;60;defense:2;1:aurora_beam|1:protect|1:supersonic|1:toxic_spikes|1:withdraw|28:spikes|40:spike_cannon;attract|avalanche|blizzard|brine|captivate|double_team|endure|explosion|facade|frustration|giga_impact|hail|hidden_power|hyper_beam|ice_beam|natural_gift|payback|poison_jab|protect|rain_dance|rest|return|secret_power|sleep_talk|substitute|surf|swagger|torment|toxic|water_pulse|whirlpool;dive|icy_wind|iron_defense|signal_beam|snore|swift;;water3;;;91;Bivalvo;1,5;132,5;morado;50;no;A los Cloyster que viven en las fuertes corrientes marinas les crecen largas y afiladas púas en la concha.;;;;
gastly;Gastly;ghost|poison;30;35;30;100;35;80;levitate;;;medium_slow;62;190;sp_attack:1;1:hypnosis|1:lick|5:spite|8:mean_look|12:curse|15:night_shade|19:confuse_ray|22:sucker_punch|26:payback|29:shadow_ball|33:dream_eater|36:dark_pulse|40:destiny_bond|43:nightmare;attract|captivate|dark_pulse|double_team|dream_eater|embargo|endure|energy_ball|explosion|facade|frustration|giga_drain|hidden_power|natural_gift|payback|protect|psych_up|psychic|rain_dance|rest|return|secret_power|shadow_ball|skill_swap|sleep_talk|sludge_bomb|snatch|substitute|sunny_day|swagger|taunt|thief|thunderbolt|torment|toxic|trick_room|will_o_wisp;fire_punch|ice_punch|icy_wind|knock_off|ominous_wind|pain_split|snore|spite|sucker_punch|thunder_punch|trick|uproar;astonish|disable|explosion|fire_punch|grudge|haze|ice_punch|perish_song|psywave|thunder_punch|will_o_wisp;indeterminate;haunter@25;;92;Gas;1,3;0,1;morado;50;no;Su etéreo cuerpo está hecho de gas. Puede envolver a un oponente de cualquier tamaño hasta ahogarlo.;;;;
haunter;Haunter;ghost|poison;45;50;45;115;55;95;levitate;;;medium_slow;142;90;sp_attack:2;1:hypnosis|1:lick|1:spite|5:spite|8:mean_look|12:curse|15:night_shade|19:confuse_ray|22:sucker_punch|25:shadow_punch|28:payback|33:shadow_ball|39:dream_eater|44:dark_pulse|50:destiny_bond|55:nightmare;attract|captivate|dark_pulse|double_team|dream_eater|embargo|endure|energy_ball|explosion|facade|fling|frustration|giga_drain|hidden_power|natural_gift|payback|poison_jab|protect|psych_up|psychic|rain_dance|rest|return|secret_power|shadow_ball|shadow_claw|skill_swap|sleep_talk|sludge_bomb|snatch|substitute|sunny_day|swagger|taunt|thief|thunderbolt|torment|toxic|trick_room|will_o_wisp;fire_punch|ice_punch|icy_wind|knock_off|ominous_wind|pain_split|snore|spite|sucker_punch|thunder_punch|trick|uproar;;indeterminate;gengar@intercambio;;93;Gas;1,6;0,1;morado;50;no;Cuando tienes la sensación de que te están observando, seguro que es porque Haunter está cerca.;;;;
gengar;Gengar;ghost|poison;60;65;60;130;75;110;levitate;;;medium_slow;225;45;sp_attack:3;1:hypnosis|1:lick|1:spite|5:spite|8:mean_look|12:curse|15:night_shade|19:confuse_ray|22:sucker_punch|25:shadow_punch|28:payback|33:shadow_ball|39:dream_eater|44:dark_pulse|50:destiny_bond|55:nightmare;attract|brick_break|captivate|dark_pulse|double_team|drain_punch|dream_eater|embargo|endure|energy_ball|explosion|facade|fling|focus_blast|focus_punch|frustration|giga_drain|giga_impact|hidden_power|hyper_beam|natural_gift|payback|poison_jab|protect|psych_up|psychic|rain_dance|rest|return|rock_smash|secret_power|shadow_ball|shadow_claw|skill_swap|sleep_talk|sludge_bomb|snatch|strength|substitute|sunny_day|swagger|taunt|thief|thunder|thunderbolt|torment|toxic|trick_room|will_o_wisp;fire_punch|headbutt|ice_punch|icy_wind|knock_off|ominous_wind|pain_split|role_play|snore|spite|sucker_punch|thunder_punch|trick|uproar;;indeterminate;;;94;Sombra;1,5;40,5;morado;50;no;Se esconde entre las sombras. Se dice que donde Gengar acecha, la temperatura baja 5 °C.;;;;
onix;Onix;rock|ground;35;45;160;30;45;70;rock_head;sturdy;;medium_fast;77;45;defense:1;1:bind|1:harden|1:mud_sport|1:tackle|6:screech|9:rock_throw|14:rage|17:rock_tomb|22:sandstorm|25:slam|30:rock_polish|33:dragon_breath|38:curse|41:iron_tail|46:sand_tomb|49:double_edge|54:stone_edge;attract|captivate|dig|double_team|dragon_pulse|earthquake|endure|explosion|facade|flash_cannon|frustration|gyro_ball|hidden_power|iron_tail|natural_gift|payback|protect|psych_up|rest|return|roar|rock_climb|rock_polish|rock_slide|rock_smash|rock_tomb|sandstorm|secret_power|sleep_talk|stealth_rock|stone_edge|strength|substitute|sunny_day|swagger|taunt|torment|toxic;ancient_power|block|earth_power|headbutt|iron_head|mud_slap|rollout|snore|twister;block|defense_curl|explosion|flail|rock_blast|rock_slide|rollout;mineral;steelix@intercambio:metal_coat;;95;Serpiente Roca;8,8;210;gris;50;no;Cava a gran velocidad en busca de comida. Los túneles que deja son usados por los Diglett.;;;;
drowzee;Drowzee;psychic;60;48;45;43;90;42;insomnia;forewarn;;medium_fast;66;190;sp_defense:1;1:hypnosis|1:pound|7:disable|9:confusion|15:headbutt|18:poison_gas|21:meditate|26:psybeam|29:psych_up|32:headbutt|37:swagger|40:psychic|43:nasty_plot|50:zen_headbutt|53:future_sight;attract|brick_break|calm_mind|captivate|double_team|drain_punch|dream_eater|endure|facade|flash|fling|focus_punch|frustration|grass_knot|hidden_power|light_screen|natural_gift|protect|psych_up|psychic|rain_dance|recycle|reflect|rest|return|safeguard|secret_power|shadow_ball|skill_swap|sleep_talk|snatch|substitute|sunny_day|swagger|taunt|thief|thunder_wave|torment|toxic|trick_room;fire_punch|headbutt|ice_punch|low_kick|magic_coat|role_play|signal_beam|thunder_punch|trick|zen_headbutt;assist|barrier|fire_punch|flatter|guard_swap|ice_punch|nasty_plot|psycho_cut|role_play|thunder_punch;humanshape;hypno@26;;96;Hipnosis;1;32,4;amarillo;50;no;Adormece a sus enemigos y se come sus sueños. A veces se pone enfermo si come pesadillas.;;;;
hypno;Hypno;psychic;85;73;70;73;115;67;insomnia;forewarn;;medium_fast;169;75;sp_defense:2;1:confusion|1:disable|1:hypnosis|1:nightmare|1:pound|1:switcheroo|7:disable|9:confusion|15:headbutt|18:poison_gas|21:meditate|28:psybeam|33:psych_up|38:headbutt|45:swagger|50:psychic|55:nasty_plot|64:zen_headbutt|69:future_sight;attract|brick_break|calm_mind|captivate|double_team|drain_punch|dream_eater|endure|facade|flash|fling|focus_blast|focus_punch|frustration|giga_impact|grass_knot|hidden_power|hyper_beam|light_screen|natural_gift|protect|psych_up|psychic|rain_dance|recycle|reflect|rest|return|safeguard|secret_power|shadow_ball|skill_swap|sleep_talk|snatch|substitute|sunny_day|swagger|taunt|thief|thunder_wave|torment|toxic|trick_room;fire_punch|headbutt|ice_punch|low_kick|magic_coat|role_play|signal_beam|thunder_punch|trick|zen_headbutt;;humanshape;;;97;Hipnosis;1,6;75,6;amarillo;50;no;Lleva un péndulo en la mano. Una vez, hizo desaparecer a un niño al que había hipnotizado.;;;;
krabby;Krabby;water;30;105;90;25;25;50;hyper_cutter;shell_armor;;medium_fast;65;225;attack:1;1:bubble|1:mud_sport|5:vice_grip|9:leer|11:harden|15:bubble_beam|19:mud_shot|21:metal_claw|25:stomp|29:protect|31:guillotine|35:slam|39:brine|41:crabhammer|45:flail;attract|blizzard|brick_break|brine|captivate|cut|dig|double_team|endure|facade|false_swipe|fling|frustration|hail|hidden_power|ice_beam|natural_gift|protect|rain_dance|rest|return|rock_slide|rock_smash|rock_tomb|secret_power|sleep_talk|strength|substitute|surf|swagger|swords_dance|thief|toxic|water_pulse|whirlpool|x_scissor;ancient_power|dive|fury_cutter|icy_wind|iron_defense|knock_off|mud_slap|snore|superpower;agility|amnesia|ancient_power|dig|flail|haze|knock_off|slam|swords_dance|tickle;water3;kingler@28;;98;Cangrejo;0,4;6,5;rojo;50;no;Ante el peligro, se camufla con las burbujas que desprende su boca, para parecer más grande.;;;;
kingler;Kingler;water;55;130;115;50;50;75;hyper_cutter;shell_armor;;medium_fast;166;60;attack:2;1:bubble|1:mud_sport|1:vice_grip|5:vice_grip|9:leer|11:harden|15:bubble_beam|19:mud_shot|21:metal_claw|25:stomp|32:protect|37:guillotine|44:slam|51:brine|56:crabhammer|63:flail;attract|blizzard|brick_break|brine|captivate|cut|dig|double_team|endure|facade|false_swipe|fling|frustration|giga_impact|hail|hidden_power|hyper_beam|ice_beam|natural_gift|protect|rain_dance|rest|return|rock_slide|rock_smash|rock_tomb|secret_power|sleep_talk|strength|substitute|surf|swagger|swords_dance|thief|toxic|water_pulse|whirlpool|x_scissor;ancient_power|dive|fury_cutter|icy_wind|iron_defense|knock_off|mud_slap|snore|superpower;;water3;;;99;Tenaza;1,3;60;rojo;50;no;La pinza tan grande que tiene posee una fuerza de 10 000 caballos de potencia. Pero, por su gran tamaño, cuesta moverla.;;;;
voltorb;Voltorb;electric;40;30;50;55;55;100;soundproof;static;;medium_fast;66;190;speed:1;1:charge|5:tackle|8:sonic_boom|12:spark|15:rollout|19:screech|22:light_screen|26:charge_beam|29:self_destruct|33:swift|36:magnet_rise|40:gyro_ball|43:explosion|47:mirror_coat;charge_beam|double_team|endure|explosion|facade|flash|frustration|gyro_ball|hidden_power|light_screen|natural_gift|protect|rain_dance|rest|return|secret_power|shock_wave|sleep_talk|substitute|swagger|taunt|thief|thunder|thunder_wave|thunderbolt|torment|toxic;headbutt|magic_coat|magnet_rise|rollout|signal_beam|snore|sucker_punch|swift;;mineral;electrode@30;;100;Bola;0,5;10,4;rojo;sin_genero;no;Fue descubierto cuando se crearon las Poké Balls. Se dice que tiene algo que ver con ellas.;;;;
electrode;Electrode;electric;60;50;70;80;80;140;soundproof;static;;medium_fast;172;60;speed:2;1:charge|1:sonic_boom|1:spark|1:tackle|5:tackle|8:sonic_boom|12:spark|15:rollout|19:screech|22:light_screen|26:charge_beam|29:self_destruct|35:swift|40:magnet_rise|46:gyro_ball|51:explosion|57:mirror_coat;charge_beam|double_team|endure|explosion|facade|flash|frustration|giga_impact|gyro_ball|hidden_power|hyper_beam|light_screen|natural_gift|protect|rain_dance|rest|return|secret_power|shock_wave|sleep_talk|substitute|swagger|taunt|thief|thunder|thunder_wave|thunderbolt|torment|toxic;headbutt|magic_coat|magnet_rise|rollout|signal_beam|snore|sucker_punch|swift;;mineral;;;101;Bola;1,2;66,6;rojo;sin_genero;no;Explotan a la mínima. Por eso se les tiene mucho miedo. Estos Pokémon reciben el mote de Bomba Ball.;;;;
exeggcute;Exeggcute;grass|psychic;60;40;80;60;45;40;chlorophyll;;;slow;65;90;defense:1;1:barrage|1:hypnosis|1:uproar|7:reflect|11:leech_seed|17:bullet_seed|19:stun_spore|21:poison_powder|23:sleep_powder|27:confusion|33:worry_seed|37:natural_gift|43:solar_beam|47:psychic;attract|bullet_seed|captivate|double_team|dream_eater|endure|energy_ball|explosion|facade|flash|frustration|giga_drain|grass_knot|hidden_power|light_screen|natural_gift|protect|psych_up|psychic|reflect|rest|return|secret_power|skill_swap|sleep_talk|sludge_bomb|solar_beam|strength|substitute|sunny_day|swagger|swords_dance|thief|toxic|trick_room;ancient_power|gravity|rollout|seed_bomb|snore|synthesis|uproar|worry_seed;ancient_power|curse|ingrain|leaf_storm|lucky_chant|moonlight|nature_power|power_swap|psych_up|reflect|synthesis;plant;exeggutor@objeto:leaf_stone;;102;Huevo;0,4;2,5;rosa;50;no;Estos seis huevos se comunican por telepatía. Si se separan, se pueden reunir rápidamente.;;;;
exeggutor;Exeggutor;grass|psychic;95;95;85;125;65;55;chlorophyll;;;slow;186;45;sp_attack:2;1:barrage|1:confusion|1:hypnosis|1:seed_bomb|1:stomp|17:stomp|27:egg_bomb|37:wood_hammer|47:leaf_storm;attract|bullet_seed|captivate|double_team|dream_eater|endure|energy_ball|explosion|facade|flash|frustration|giga_drain|giga_impact|grass_knot|hidden_power|hyper_beam|light_screen|natural_gift|protect|psych_up|psychic|reflect|rest|return|secret_power|skill_swap|sleep_talk|sludge_bomb|solar_beam|strength|substitute|sunny_day|swagger|swords_dance|thief|toxic|trick_room;ancient_power|gravity|headbutt|low_kick|rollout|seed_bomb|snore|synthesis|worry_seed|zen_headbutt;;plant;;;103;Coco;2;120;amarillo;50;no;Sus tres cabezas piensan de forma independiente. Sin embargo, son amigas y no suelen discutir nunca.;;;;
cubone;Cubone;ground;50;50;95;40;50;35;rock_head;lightning_rod;;medium_fast;64;190;defense:1;1:growl|3:tail_whip|7:bone_club|11:headbutt|13:leer|17:focus_energy|21:bonemerang|23:rage|27:false_swipe|31:thrash|33:fling|37:bone_rush|41:endeavor|43:double_edge;aerial_ace|attract|blizzard|brick_break|captivate|dig|double_team|earthquake|endure|facade|false_swipe|fire_blast|flamethrower|fling|focus_punch|frustration|hidden_power|ice_beam|iron_tail|natural_gift|protect|rest|return|rock_climb|rock_slide|rock_smash|rock_tomb|sandstorm|secret_power|sleep_talk|stealth_rock|strength|substitute|sunny_day|swagger|swords_dance|thief|toxic;earth_power|endeavor|fire_punch|fury_cutter|headbutt|icy_wind|iron_defense|knock_off|low_kick|mud_slap|snore|thunder_punch|uproar;ancient_power|belly_drum|detect|double_kick|iron_head|perish_song|rock_slide|screech|skull_bash|swords_dance;monster;marowak@28;;104;Solitario;0,4;6,5;marrón;50;no;Lleva puesto el cráneo de su madre. Cuando se siente solo se pone a gritar muy fuerte.;;;;
marowak;Marowak;ground;60;80;110;50;80;45;rock_head;lightning_rod;;medium_fast;149;75;defense:2;1:bone_club|1:growl|1:headbutt|1:tail_whip|3:tail_whip|7:bone_club|11:headbutt|13:leer|17:focus_energy|21:bonemerang|23:rage|27:false_swipe|33:thrash|37:fling|43:bone_rush|49:endeavor|53:double_edge;aerial_ace|attract|blizzard|brick_break|captivate|dig|double_team|earthquake|endure|facade|false_swipe|fire_blast|flamethrower|fling|focus_blast|focus_punch|frustration|giga_impact|hidden_power|hyper_beam|ice_beam|iron_tail|natural_gift|protect|rest|return|rock_climb|rock_slide|rock_smash|rock_tomb|sandstorm|secret_power|sleep_talk|stealth_rock|stone_edge|strength|substitute|sunny_day|swagger|swords_dance|thief|toxic;earth_power|endeavor|fire_punch|fury_cutter|headbutt|icy_wind|iron_defense|knock_off|low_kick|mud_slap|outrage|snore|thunder_punch|uproar;;monster;;;105;Apilahueso;1;45;marrón;50;no;Es pequeño y siempre ha sido muy débil. Cuando empezó a usar huesos, se volvió más violento.;;;;
hitmonlee;Hitmonlee;fighting;50;120;53;35;110;87;limber;reckless;;medium_fast;159;45;attack:2;1:double_kick|1:revenge|5:meditate|9:rolling_kick|13:jump_kick|17:brick_break|21:focus_energy|25:feint|29:high_jump_kick|33:mind_reader|37:foresight|41:blaze_kick|45:endure|49:mega_kick|53:close_combat|57:reversal;attract|brick_break|bulk_up|captivate|double_team|earthquake|endure|facade|fling|focus_blast|focus_punch|frustration|hidden_power|natural_gift|poison_jab|protect|rain_dance|rest|return|rock_climb|rock_slide|rock_smash|rock_tomb|secret_power|sleep_talk|stone_edge|strength|substitute|sunny_day|swagger|thief|toxic;bounce|headbutt|helping_hand|knock_off|low_kick|mud_slap|role_play|snore|sucker_punch|superpower|swift|vacuum_wave;;humanshape;;;106;Patada;1,5;49,8;marrón;0;no;Encoge y estira las patas a su antojo. Cuando las estira, es capaz de propinar una buena patada al enemigo.;;;;
hitmonchan;Hitmonchan;fighting;50;105;79;35;110;76;keen_eye;iron_fist;;medium_fast;159;45;sp_defense:2;1:comet_punch|1:revenge|6:agility|11:pursuit|16:bullet_punch|16:mach_punch|21:feint|26:vacuum_wave|31:fire_punch|31:ice_punch|31:thunder_punch|36:sky_uppercut|41:mega_punch|46:detect|51:counter|56:close_combat;attract|brick_break|bulk_up|captivate|double_team|drain_punch|earthquake|endure|facade|fling|focus_blast|focus_punch|frustration|hidden_power|natural_gift|protect|rain_dance|rest|return|rock_climb|rock_slide|rock_smash|rock_tomb|secret_power|sleep_talk|stone_edge|strength|substitute|sunny_day|swagger|thief|toxic;fire_punch|headbutt|helping_hand|ice_punch|low_kick|mud_slap|role_play|snore|swift|thunder_punch|vacuum_wave;;humanshape;;;107;Puñetazo;1,4;50,2;marrón;0;no;Los potentes golpes de sus brazos pueden pulverizar el hormigón. Descansa tras luchar tres minutos.;;;;
lickitung;Lickitung;normal;90;55;75;60;75;30;own_tempo;oblivious;;medium_fast;77;45;hp:2;1:lick|5:supersonic|9:defense_curl|13:knock_off|17:wrap|21:stomp|25:disable|29:slam|33:rollout|37:me_first|41:refresh|45:screech|49:power_whip|53:wring_out;attract|blizzard|brick_break|captivate|cut|dig|double_team|dream_eater|earthquake|endure|facade|fire_blast|flamethrower|fling|focus_punch|frustration|giga_impact|hidden_power|hyper_beam|ice_beam|iron_tail|natural_gift|protect|psych_up|rain_dance|rest|return|rock_climb|rock_slide|rock_smash|rock_tomb|sandstorm|secret_power|shadow_ball|shock_wave|sleep_talk|solar_beam|strength|substitute|sunny_day|surf|swagger|swords_dance|thief|thunder|thunderbolt|toxic|water_pulse|whirlpool;aqua_tail|fire_punch|headbutt|ice_punch|icy_wind|knock_off|mud_slap|rollout|snore|thunder_punch|zen_headbutt;amnesia|belly_drum|body_slam|curse|hammer_arm|magnitude|muddy_water|sleep_talk|smelling_salts|snore|substitute;monster;lickilicky@subir+sabe:rollout;;108;Lametazo;1,2;65,5;rosa;50;no;Su larga lengua, recubierta de saliva pegajosa, se pega a todo, por lo que es muy útil.;;;;
koffing;Koffing;poison;40;65;95;60;45;35;levitate;;;medium_fast;68;190;defense:1;1:poison_gas|1:tackle|6:smog|10:smokescreen|15:assurance|19:self_destruct|24:sludge|28:haze|33:gyro_ball|37:explosion|42:sludge_bomb|46:destiny_bond|51:memento;attract|captivate|dark_pulse|double_team|endure|explosion|facade|fire_blast|flamethrower|flash|frustration|gyro_ball|hidden_power|natural_gift|payback|protect|rain_dance|rest|return|secret_power|shadow_ball|shock_wave|sleep_talk|sludge_bomb|substitute|sunny_day|swagger|taunt|thief|thunder|thunderbolt|torment|toxic|will_o_wisp;pain_split|rollout|snore|spite|uproar;curse|destiny_bond|grudge|pain_split|psybeam|psywave|screech|spite|will_o_wisp;indeterminate;weezing@35;;109;Gas Venenoso;0,6;1;morado;50;no;Tiene forma de globo y es muy ligero. Está compuesto por gases tóxicos y apesta.;;;;
weezing;Weezing;poison;65;90;120;85;70;60;levitate;;;medium_fast;172;60;defense:2;1:poison_gas|1:smog|1:smokescreen|1:tackle|6:smog|10:smokescreen|15:assurance|19:self_destruct|24:sludge|28:haze|33:double_hit|40:explosion|48:sludge_bomb|55:destiny_bond|63:memento;attract|captivate|dark_pulse|double_team|endure|explosion|facade|fire_blast|flamethrower|flash|frustration|giga_impact|gyro_ball|hidden_power|hyper_beam|natural_gift|payback|protect|rain_dance|rest|return|secret_power|shadow_ball|shock_wave|sleep_talk|sludge_bomb|substitute|sunny_day|swagger|taunt|thief|thunder|thunderbolt|torment|toxic|will_o_wisp;pain_split|rollout|snore|spite|uproar;;indeterminate;;;110;Gas Venenoso;1,2;9,5;morado;50;no;Si uno de los gemelos Koffing se infla, el otro se desinfla. Mezclan constantemente sus venenosos gases.;;;;
rhyhorn;Rhyhorn;ground|rock;80;85;95;30;30;25;lightning_rod;rock_head;;slow;69;120;defense:1;1:horn_attack|1:tail_whip|9:stomp|13:fury_attack|21:scary_face|25:rock_blast|33:take_down|37:horn_drill|45:stone_edge|49:earthquake|57:megahorn;attract|blizzard|captivate|dig|double_team|dragon_pulse|earthquake|endure|facade|fire_blast|flamethrower|frustration|hidden_power|ice_beam|iron_tail|natural_gift|payback|poison_jab|protect|rain_dance|rest|return|roar|rock_climb|rock_polish|rock_slide|rock_smash|rock_tomb|sandstorm|secret_power|shock_wave|sleep_talk|stealth_rock|stone_edge|strength|substitute|sunny_day|swagger|swords_dance|thief|thunder|thunderbolt|toxic;ancient_power|aqua_tail|earth_power|endeavor|headbutt|icy_wind|mud_slap|rollout|snore|spite|superpower|uproar;counter|crunch|crush_claw|curse|dragon_rush|fire_fang|ice_fang|magnitude|reversal|rock_slide|skull_bash|swords_dance|thunder_fang;monster|ground;rhydon@42;;111;Clavos;1;115;gris;50;no;Es muy fuerte, pero no especialmente listo. Es capaz de derribar rascacielos usando Placaje varias veces.;;;;
rhydon;Rhydon;ground|rock;105;130;120;45;45;40;lightning_rod;rock_head;;slow;170;60;attack:2;1:fury_attack|1:horn_attack|1:stomp|1:tail_whip|9:stomp|13:fury_attack|21:scary_face|25:rock_blast|33:take_down|37:horn_drill|42:hammer_arm|45:stone_edge|49:earthquake|57:megahorn;attract|avalanche|blizzard|brick_break|captivate|cut|dig|double_team|dragon_pulse|earthquake|endure|facade|fire_blast|flamethrower|fling|focus_blast|focus_punch|frustration|giga_impact|hidden_power|hyper_beam|ice_beam|iron_tail|natural_gift|payback|poison_jab|protect|rain_dance|rest|return|roar|rock_climb|rock_polish|rock_slide|rock_smash|rock_tomb|sandstorm|secret_power|shadow_claw|shock_wave|sleep_talk|stealth_rock|stone_edge|strength|substitute|sunny_day|surf|swagger|swords_dance|thief|thunder|thunderbolt|toxic|whirlpool;ancient_power|aqua_tail|block|earth_power|endeavor|fire_punch|fury_cutter|headbutt|ice_punch|icy_wind|mud_slap|outrage|rollout|snore|spite|superpower|thunder_punch|uproar;;monster|ground;rhyperior@intercambio:protector;;112;Taladro;1,9;120;gris;50;no;La piel le sirve de escudo protector. Puede vivir en lava líquida a 2000 °C de temperatura.;;;;
chansey;Chansey;normal;250;5;5;35;105;50;natural_cure;serene_grace;;fast;395;30;hp:2;1:growl|1:pound|5:tail_whip|9:refresh|12:soft_boiled|16:double_slap|20:minimize|23:sing|27:fling|31:defense_curl|34:light_screen|38:egg_bomb|42:healing_wish|46:double_edge;attract|blizzard|brick_break|calm_mind|captivate|charge_beam|double_team|drain_punch|dream_eater|earthquake|endure|facade|fire_blast|flamethrower|flash|fling|focus_punch|frustration|giga_impact|grass_knot|hail|hidden_power|hyper_beam|ice_beam|iron_tail|light_screen|natural_gift|protect|psych_up|psychic|rain_dance|recycle|rest|return|rock_climb|rock_slide|rock_smash|rock_tomb|safeguard|sandstorm|secret_power|shadow_ball|shock_wave|skill_swap|sleep_talk|snatch|solar_beam|stealth_rock|strength|substitute|sunny_day|swagger|thunder|thunder_wave|thunderbolt|toxic|water_pulse;endeavor|fire_punch|gravity|headbutt|heal_bell|helping_hand|ice_punch|icy_wind|last_resort|mud_slap|rollout|snore|thunder_punch|zen_headbutt;aromatherapy|counter|gravity|heal_bell|helping_hand|metronome|mud_bomb|present|substitute;fairy;blissey@amistad;;113;Huevo;1,1;34,6;rosa;100;no;Se dice que reparte felicidad. Se caracteriza por su compasión y reparte sus huevos entre la gente herida.;;;;
tangela;Tangela;grass;65;55;115;100;40;60;chlorophyll;leaf_guard;;medium_fast;87;45;defense:1;1:constrict|1:ingrain|5:sleep_powder|8:absorb|12:growth|15:poison_powder|19:vine_whip|22:bind|26:mega_drain|29:stun_spore|33:ancient_power|36:knock_off|40:natural_gift|43:slam|47:tickle|50:wring_out|54:power_whip;attract|bullet_seed|captivate|cut|double_team|endure|energy_ball|facade|flash|frustration|giga_drain|giga_impact|grass_knot|hidden_power|hyper_beam|natural_gift|protect|psych_up|reflect|rest|return|rock_smash|secret_power|shock_wave|sleep_talk|sludge_bomb|solar_beam|substitute|sunny_day|swagger|swords_dance|thief|toxic;ancient_power|headbutt|knock_off|pain_split|seed_bomb|snore|synthesis|worry_seed;amnesia|confusion|endeavor|flail|leaf_storm|leech_seed|mega_drain|nature_power|power_swap|reflect;plant;tangrowth@subir+sabe:ancient_power;;114;Enredadera;1;35;azul;50;no;Se camufla con la multitud de lianas que envuelven su cuerpo y que no dejan de crecer a lo largo de toda su vida.;;;;
kangaskhan;Kangaskhan;normal;105;95;80;40;80;90;early_bird;scrappy;;medium_fast;172;45;hp:2;1:comet_punch|1:leer|7:fake_out|10:tail_whip|13:bite|19:mega_punch|22:rage|25:dizzy_punch|31:crunch|34:endure|37:outrage|43:double_hit|46:sucker_punch|49:reversal;aerial_ace|attract|avalanche|blizzard|brick_break|captivate|cut|dig|double_team|drain_punch|earthquake|endure|facade|fire_blast|flamethrower|fling|focus_blast|focus_punch|frustration|giga_impact|hail|hidden_power|hyper_beam|ice_beam|iron_tail|natural_gift|protect|rain_dance|rest|return|roar|rock_climb|rock_slide|rock_smash|rock_tomb|sandstorm|secret_power|shadow_ball|shadow_claw|shock_wave|sleep_talk|solar_beam|strength|substitute|sunny_day|surf|swagger|thief|thunder|thunderbolt|toxic|water_pulse|whirlpool;aqua_tail|endeavor|fire_punch|fury_cutter|headbutt|helping_hand|ice_punch|icy_wind|low_kick|mud_slap|outrage|snore|spite|sucker_punch|thunder_punch|uproar;counter|crush_claw|disable|double_edge|endeavor|focus_energy|foresight|hammer_arm|safeguard|stomp|substitute;monster;;;115;Maternal;2,2;80;marrón;100;no;Lleva a su cría en la bolsa de su panza. Solo deja que su cría salga a jugar cuando no siente peligro.;;;;
horsea;Horsea;water;30;40;70;70;25;60;swift_swim;sniper;;medium_fast;59;225;sp_attack:1;1:bubble|4:smokescreen|8:leer|11:water_gun|14:focus_energy|18:bubble_beam|23:agility|26:twister|30:brine|35:hydro_pump|38:dragon_dance|42:dragon_pulse;attract|blizzard|brine|captivate|double_team|dragon_pulse|endure|facade|flash_cannon|frustration|hail|hidden_power|ice_beam|natural_gift|protect|rain_dance|rest|return|secret_power|sleep_talk|substitute|surf|swagger|toxic|water_pulse|waterfall|whirlpool;bounce|dive|headbutt|icy_wind|outrage|signal_beam|snore|swift|twister;aurora_beam|disable|dragon_breath|dragon_rage|flail|muddy_water|octazooka|razor_wind|signal_beam|splash;water1|dragon;seadra@32;;116;Dragón;0,4;8;azul;50;no;Es famoso por derribar a bichos voladores lanzando tinta desde la superficie del agua.;;;;
seadra;Seadra;water;55;65;95;95;45;85;poison_point;sniper;;medium_fast;154;75;defense:1|sp_attack:1;1:bubble|1:leer|1:smokescreen|1:water_gun|4:smokescreen|8:leer|11:water_gun|14:focus_energy|18:bubble_beam|23:agility|26:twister|30:brine|40:hydro_pump|48:dragon_dance|57:dragon_pulse;attract|blizzard|brine|captivate|double_team|dragon_pulse|endure|facade|flash_cannon|frustration|giga_impact|hail|hidden_power|hyper_beam|ice_beam|natural_gift|protect|rain_dance|rest|return|secret_power|sleep_talk|substitute|surf|swagger|toxic|water_pulse|waterfall|whirlpool;bounce|dive|headbutt|icy_wind|outrage|signal_beam|snore|swift|twister;;water1|dragon;kingdra@intercambio:dragon_scale;;117;Dragón;1,2;25;azul;50;no;Las afiladas púas que le recubren el cuerpo se le erizan y pueden causar el debilitamiento con solo tocarlo.;;;;
goldeen;Goldeen;water;45;67;60;35;50;63;swift_swim;water_veil;;medium_fast;64;225;attack:1;1:peck|1:tail_whip|1:water_sport|7:supersonic|11:horn_attack|17:water_pulse|21:flail|27:aqua_ring|31:fury_attack|37:waterfall|41:horn_drill|47:agility|51:megahorn;attract|blizzard|captivate|double_team|endure|facade|frustration|hail|hidden_power|ice_beam|natural_gift|poison_jab|protect|rain_dance|rest|return|secret_power|sleep_talk|substitute|surf|swagger|toxic|water_pulse|waterfall|whirlpool;aqua_tail|bounce|dive|fury_cutter|icy_wind|knock_off|mud_slap|snore|swift;aqua_tail|body_slam|haze|hydro_pump|mud_slap|mud_sport|psybeam|sleep_talk;water2;seaking@33;;118;Pez Color;0,6;15;rojo;50;no;Nada a una velocidad de cinco nudos. Si siente peligro, golpea con su afilado cuerno.;;;;
seaking;Seaking;water;80;92;65;65;80;68;swift_swim;water_veil;;medium_fast;158;60;attack:2;1:peck|1:poison_jab|1:supersonic|1:tail_whip|1:water_sport|7:supersonic|11:horn_attack|17:water_pulse|21:flail|27:aqua_ring|31:fury_attack|40:waterfall|47:horn_drill|56:agility|63:megahorn;attract|blizzard|captivate|double_team|endure|facade|frustration|giga_impact|hail|hidden_power|hyper_beam|ice_beam|natural_gift|poison_jab|protect|rain_dance|rest|return|secret_power|sleep_talk|substitute|surf|swagger|toxic|water_pulse|waterfall|whirlpool;aqua_tail|bounce|dive|fury_cutter|icy_wind|knock_off|mud_slap|snore|swift;;water2;;;119;Pez Color;1,3;39;rojo;50;no;En otoño, cuando se reproducen, se les puede ver nadando con energía por ríos y arroyos.;;;;
staryu;Staryu;water;30;45;55;70;55;85;illuminate;natural_cure;;slow;68;225;speed:1;1:harden|1:tackle|6:water_gun|10:rapid_spin|15:recover|19:camouflage|24:swift|28:bubble_beam|33:minimize|37:gyro_ball|42:light_screen|46:power_gem|51:cosmic_power|55:hydro_pump;blizzard|brine|double_team|endure|facade|flash|flash_cannon|frustration|gyro_ball|hail|hidden_power|ice_beam|light_screen|natural_gift|protect|psych_up|psychic|rain_dance|recycle|reflect|rest|return|secret_power|sleep_talk|substitute|surf|swagger|thunder|thunder_wave|thunderbolt|toxic|water_pulse|waterfall|whirlpool;dive|gravity|icy_wind|magic_coat|pain_split|rollout|signal_beam|snore|swift|twister;;water3;starmie@objeto:water_stone;;120;Estrella;0,8;34,5;marrón;sin_genero;no;Aunque sus brazos se rompan podrán regenerarse, siempre y cuando su núcleo siga intacto.;;;;
starmie;Starmie;water|psychic;60;75;85;100;85;115;illuminate;natural_cure;;slow;182;60;speed:2;1:rapid_spin|1:recover|1:swift|1:water_gun|28:confuse_ray;avalanche|blizzard|brine|double_team|dream_eater|endure|facade|flash|flash_cannon|frustration|giga_impact|grass_knot|gyro_ball|hail|hidden_power|hyper_beam|ice_beam|light_screen|natural_gift|protect|psych_up|psychic|rain_dance|recycle|reflect|rest|return|secret_power|skill_swap|sleep_talk|substitute|surf|swagger|thunder|thunder_wave|thunderbolt|toxic|trick_room|water_pulse|waterfall|whirlpool;dive|gravity|icy_wind|magic_coat|pain_split|rollout|signal_beam|snore|swift|trick|twister;;water3;;;121;Misterioso;1,1;80;morado;sin_genero;no;Su núcleo central brilla con los colores del arcoíris. Para algunos tiene el valor de una gema.;;;;
mr_mime;Mr. Mime;psychic;40;45;65;100;120;90;soundproof;filter;;medium_fast;161;45;sp_defense:2;1:barrier|1:confusion|1:guard_swap|1:magical_leaf|1:power_swap|4:copycat|8:meditate|11:encore|15:double_slap|18:mimic|22:light_screen|22:reflect|25:psybeam|29:substitute|32:recycle|36:trick|39:psychic|43:role_play|46:baton_pass|50:safeguard;aerial_ace|attract|brick_break|calm_mind|captivate|charge_beam|double_team|drain_punch|dream_eater|endure|energy_ball|facade|flash|fling|focus_blast|focus_punch|frustration|giga_impact|grass_knot|hidden_power|hyper_beam|light_screen|natural_gift|payback|protect|psych_up|psychic|rain_dance|recycle|reflect|rest|return|safeguard|secret_power|shadow_ball|shock_wave|skill_swap|sleep_talk|snatch|solar_beam|substitute|sunny_day|swagger|taunt|thief|thunder|thunder_wave|thunderbolt|torment|toxic|trick_room;fire_punch|headbutt|helping_hand|ice_punch|iron_defense|magic_coat|mud_slap|role_play|signal_beam|snore|thunder_punch|trick|zen_headbutt;confuse_ray|fake_out|future_sight|hypnosis|mimic|nasty_plot|psych_up|teeter_dance|trick|wake_up_slap;humanshape;;;122;Barrera;1,3;54,5;rosa;50;no;Para repeler ataques, solidifica el aire y crea muros invisibles con emanaciones de sus dedos.;;;;
scyther;Scyther;bug|flying;70;110;80;55;80;105;swarm;technician;;medium_fast;100;45;attack:1;1:leer|1:quick_attack|1:vacuum_wave|5:focus_energy|9:pursuit|13:false_swipe|17:agility|21:wing_attack|25:fury_cutter|29:slash|33:razor_wind|37:double_team|41:x_scissor|45:night_slash|49:double_hit|53:air_slash|57:swords_dance|61:feint;aerial_ace|attract|brick_break|captivate|cut|defog|double_team|endure|facade|false_swipe|frustration|giga_impact|hidden_power|hyper_beam|natural_gift|protect|rain_dance|rest|return|rock_smash|roost|secret_power|silver_wind|sleep_talk|steel_wing|substitute|sunny_day|swagger|swords_dance|thief|toxic|u_turn|x_scissor;bug_bite|fury_cutter|headbutt|knock_off|ominous_wind|snore|swift|tailwind;baton_pass|bug_buzz|counter|endure|light_screen|night_slash|razor_wind|reversal|safeguard|silver_wind;bug;scizor@intercambio:metal_coat;;123;Mantis;1,5;56;verde;50;no;Destroza a su presa con las guadañas que tiene. No es común que use las alas para volar.;;;;
jynx;Jynx;ice|psychic;65;50;35;115;95;95;oblivious;forewarn;;medium_fast;159;45;sp_attack:2;1:lick|1:lovely_kiss|1:pound|1:powder_snow|5:lick|8:lovely_kiss|11:powder_snow|15:double_slap|18:ice_punch|21:mean_look|25:fake_tears|28:wake_up_slap|33:avalanche|39:body_slam|44:wring_out|49:perish_song|55:blizzard;attract|avalanche|blizzard|brick_break|calm_mind|captivate|double_team|drain_punch|dream_eater|endure|energy_ball|facade|flash|fling|focus_blast|focus_punch|frustration|giga_impact|grass_knot|hail|hidden_power|hyper_beam|ice_beam|light_screen|natural_gift|payback|protect|psych_up|psychic|rain_dance|recycle|reflect|rest|return|secret_power|shadow_ball|skill_swap|sleep_talk|substitute|swagger|taunt|thief|torment|toxic|trick_room|water_pulse;headbutt|heal_bell|helping_hand|ice_punch|icy_wind|magic_coat|mud_slap|role_play|signal_beam|snore|trick|zen_headbutt;;humanshape;;;124;Forma Humana;1,4;40,6;rojo;100;no;Camina moviendo las caderas de forma llamativa. Puede hacer que la gente baile a su ritmo.;;;;
electabuzz;Electabuzz;electric;65;83;57;95;85;105;static;;;medium_fast;172;45;speed:2;1:leer|1:quick_attack|1:thunder_shock|7:thunder_shock|10:low_kick|16:swift|19:shock_wave|25:light_screen|28:thunder_punch|37:discharge|43:thunderbolt|52:screech|58:thunder;attract|brick_break|captivate|charge_beam|double_team|endure|facade|flash|fling|focus_blast|focus_punch|frustration|giga_impact|hidden_power|hyper_beam|iron_tail|light_screen|natural_gift|protect|psychic|rain_dance|rest|return|rock_climb|rock_smash|secret_power|shock_wave|sleep_talk|strength|substitute|swagger|thief|thunder|thunder_wave|thunderbolt|toxic;fire_punch|headbutt|helping_hand|ice_punch|low_kick|magnet_rise|mud_slap|signal_beam|snore|swift|thunder_punch;;humanshape;electivire@intercambio:electirizer;;125;Eléctrico;1,1;30;amarillo;25;no;Por la superficie de su piel corre la electricidad. En la oscuridad, su cuerpo se torna blanquecino.;;;;
magmar;Magmar;fire;65;95;57;100;85;93;flame_body;;;medium_fast;173;45;sp_attack:2;1:ember|1:leer|1:smog|7:ember|10:smokescreen|16:feint_attack|19:fire_spin|25:confuse_ray|28:fire_punch|36:lava_plume|41:flamethrower|49:sunny_day|54:fire_blast;attract|brick_break|captivate|double_team|endure|facade|fire_blast|flamethrower|fling|focus_blast|focus_punch|frustration|giga_impact|hidden_power|hyper_beam|iron_tail|natural_gift|overheat|protect|psychic|rest|return|rock_climb|rock_smash|secret_power|sleep_talk|strength|substitute|sunny_day|swagger|thief|toxic|will_o_wisp;fire_punch|headbutt|heat_wave|helping_hand|low_kick|mud_slap|snore|thunder_punch;;humanshape;magmortar@intercambio:magmarizer;;126;Escupefuego;1,3;44,5;rojo;25;no;A este Pokémon se lo encontraron cerca de un volcán. Esta criatura ígnea tiene una temperatura corporal de unos 1200 °C.;;;;
pinsir;Pinsir;bug;65;125;100;55;70;85;hyper_cutter;mold_breaker;;slow;175;45;attack:2;1:focus_energy|1:vice_grip|4:bind|8:seismic_toss|13:harden|18:revenge|21:brick_break|25:vital_throw|30:x_scissor|35:thrash|38:swords_dance|42:submission|47:guillotine|52:superpower;attract|brick_break|bulk_up|captivate|cut|dig|double_team|earthquake|endure|facade|false_swipe|fling|focus_blast|focus_punch|frustration|giga_impact|hidden_power|hyper_beam|natural_gift|protect|rain_dance|rest|return|rock_climb|rock_slide|rock_smash|rock_tomb|secret_power|sleep_talk|stealth_rock|stone_edge|strength|substitute|sunny_day|swagger|swords_dance|thief|toxic|x_scissor;fury_cutter|headbutt|iron_defense|knock_off|snore|string_shot|superpower;close_combat|false_swipe|feint|feint_attack|flail|fury_attack|quick_attack;bug;;;127;Escarabajo;1,5;55;marrón;50;no;Atrapa presas con sus pinzas hasta que las parte en dos. Lanza lejos lo que no puede quebrar.;;;;
tauros;Tauros;normal;75;100;95;40;70;110;intimidate;anger_point;;slow;172;45;attack:1|speed:1;1:tackle|3:tail_whip|5:rage|8:horn_attack|11:scary_face|15:pursuit|19:rest|24:payback|29:zen_headbutt|35:take_down|41:swagger|48:thrash|55:giga_impact;attract|blizzard|captivate|double_team|earthquake|endure|facade|fire_blast|flamethrower|frustration|giga_impact|hidden_power|hyper_beam|ice_beam|iron_tail|natural_gift|payback|protect|rain_dance|rest|return|rock_climb|rock_slide|rock_smash|rock_tomb|sandstorm|secret_power|shock_wave|sleep_talk|solar_beam|stone_edge|strength|substitute|sunny_day|surf|swagger|thunder|thunderbolt|toxic|water_pulse|whirlpool;endeavor|headbutt|helping_hand|icy_wind|iron_head|outrage|role_play|snore|spite|uproar|zen_headbutt;;ground;;;128;Toro Bravo;1,4;88,4;marrón;0;no;Después de animarse a luchar fustigándose con sus tres colas, carga a toda velocidad.;;;;
magikarp;Magikarp;water;20;10;55;15;20;80;swift_swim;;;slow;40;255;speed:1;1:splash|15:tackle|30:flail;;bounce;;water2|dragon;gyarados@20;;129;Pez;0,9;10;rojo;50;no;No es precisamente rápido ni fuerte. Es el Pokémon más debilucho y simplón de todos los que hay.;;;;
gyarados;Gyarados;water|flying;95;125;79;60;100;81;intimidate;;;slow;189;45;attack:2;1:thrash|20:bite|23:dragon_rage|26:leer|29:twister|32:ice_fang|35:aqua_tail|38:rain_dance|41:hydro_pump|44:dragon_dance|47:hyper_beam;attract|avalanche|blizzard|brine|captivate|dark_pulse|double_team|dragon_pulse|earthquake|endure|facade|fire_blast|flamethrower|frustration|giga_impact|hail|hidden_power|hyper_beam|ice_beam|natural_gift|payback|protect|rain_dance|rest|return|roar|rock_smash|sandstorm|secret_power|sleep_talk|stone_edge|strength|substitute|surf|swagger|taunt|thunder|thunder_wave|thunderbolt|torment|toxic|water_pulse|waterfall|whirlpool;aqua_tail|bounce|dive|headbutt|icy_wind|iron_head|outrage|snore|spite|twister|uproar;;water2|dragon;;;130;Atrocidad;6,5;235;azul;50;no;En la literatura antigua se dice que un Gyarados rebosante de violencia arrasó un poblado.;;;;
lapras;Lapras;water|ice;130;85;80;85;95;60;water_absorb;shell_armor;;slow;187;45;hp:2;1:growl|1:sing|1:water_gun|4:mist|7:confuse_ray|10:ice_shard|14:water_pulse|18:body_slam|22:rain_dance|27:perish_song|32:ice_beam|37:brine|43:safeguard|49:hydro_pump|55:sheer_cold;attract|avalanche|blizzard|brine|captivate|double_team|dragon_pulse|dream_eater|endure|facade|frustration|giga_impact|hail|hidden_power|hyper_beam|ice_beam|iron_tail|natural_gift|protect|psychic|rain_dance|rest|return|roar|rock_smash|safeguard|secret_power|shock_wave|sleep_talk|strength|substitute|surf|swagger|thunder|thunderbolt|toxic|water_pulse|waterfall|whirlpool;ancient_power|aqua_tail|block|dive|headbutt|heal_bell|icy_wind|iron_head|outrage|signal_beam|snore|zen_headbutt;ancient_power|curse|dragon_dance|fissure|foresight|horn_drill|refresh|sleep_talk|substitute|tickle|whirlpool;monster|water1;;;131;Transporte;2,5;220;azul;50;no;Son buenos de corazón. Muchos fueron capturados por ser tan pacíficos. Ahora hay muchos menos.;;;;
ditto;Ditto;normal;48;48;48;48;48;48;limber;;;medium_fast;101;35;hp:1;1:transform;;;;ditto;;;132;Transformación;0,3;4;morado;sin_genero;no;Puede alterar por completo su estructura celular para emular cualquier objeto que vea.;;;;
eevee;Eevee;normal;55;55;50;45;65;55;run_away;adaptability;;medium_fast;65;45;sp_defense:1;1:helping_hand|1:tackle|1:tail_whip|8:sand_attack|15:growl|22:quick_attack|29:bite|36:baton_pass|43:take_down|50:last_resort|57:trump_card;attract|captivate|dig|double_team|endure|facade|frustration|hidden_power|iron_tail|natural_gift|protect|rain_dance|rest|return|secret_power|shadow_ball|sleep_talk|substitute|sunny_day|swagger|toxic;headbutt|heal_bell|helping_hand|last_resort|mud_slap|snore|swift;charm|covet|curse|detect|endure|fake_tears|flail|tickle|wish|yawn;ground;vaporeon@objeto:water_stone | jolteon@objeto:thunder_stone | flareon@objeto:fire_stone | espeon@amistad+hora:dia | umbreon@amistad+hora:noche | leafeon@subir+lugar:eterna_forest | glaceon@subir+lugar:sinnoh_route_217;;133;Evolución;0,3;6,5;marrón;12,5;no;Un extraño Pokémon que se adapta a los entornos más hostiles gracias a sus diferentes evoluciones.;;;;
vaporeon;Vaporeon;water;130;65;60;110;95;65;water_absorb;;;medium_fast;184;45;hp:2;1:helping_hand|1:tackle|1:tail_whip|8:sand_attack|15:water_gun|22:quick_attack|29:bite|36:aurora_beam|43:aqua_ring|50:last_resort|57:haze|64:acid_armor|71:hydro_pump|78:muddy_water;attract|blizzard|brine|captivate|dig|double_team|endure|facade|frustration|giga_impact|hail|hidden_power|hyper_beam|ice_beam|iron_tail|natural_gift|protect|rain_dance|rest|return|roar|rock_smash|secret_power|shadow_ball|sleep_talk|strength|substitute|sunny_day|surf|swagger|toxic|water_pulse|waterfall|whirlpool;aqua_tail|dive|headbutt|heal_bell|helping_hand|icy_wind|last_resort|mud_slap|signal_beam|snore|swift;;ground;;;134;Burbuja;1;29;azul;12,5;no;Prefiere las bellas costas. Con células parecidas al agua, podría fundirse en la misma.;;;;
jolteon;Jolteon;electric;65;65;60;110;95;130;volt_absorb;;;medium_fast;184;45;speed:2;1:helping_hand|1:tackle|1:tail_whip|8:sand_attack|15:thunder_shock|22:quick_attack|29:double_kick|36:pin_missile|43:thunder_fang|50:last_resort|57:thunder_wave|64:agility|71:thunder|78:discharge;attract|captivate|charge_beam|dig|double_team|endure|facade|flash|frustration|giga_impact|hidden_power|hyper_beam|iron_tail|light_screen|natural_gift|protect|rain_dance|rest|return|roar|rock_smash|secret_power|shadow_ball|shock_wave|sleep_talk|strength|substitute|sunny_day|swagger|thunder|thunder_wave|thunderbolt|toxic;headbutt|heal_bell|helping_hand|last_resort|magnet_rise|mud_slap|signal_beam|snore|swift;;ground;;;135;Relámpago;0,8;24,5;amarillo;12,5;no;Todos los pelos de su cuerpo se ponen de punta si empieza a cargarse de electricidad.;;;;
flareon;Flareon;fire;65;130;60;95;110;65;flash_fire;;;medium_fast;184;45;attack:2;1:helping_hand|1:tackle|1:tail_whip|8:sand_attack|15:ember|22:quick_attack|29:bite|36:fire_spin|43:fire_fang|50:last_resort|57:smog|64:scary_face|71:fire_blast|78:lava_plume;attract|captivate|dig|double_team|endure|facade|fire_blast|flamethrower|frustration|giga_impact|hidden_power|hyper_beam|iron_tail|natural_gift|overheat|protect|rain_dance|rest|return|roar|rock_smash|secret_power|shadow_ball|sleep_talk|strength|substitute|sunny_day|swagger|toxic|will_o_wisp;headbutt|heal_bell|heat_wave|helping_hand|last_resort|mud_slap|snore|superpower|swift;;ground;;;136;Llama;0,9;25;rojo;12,5;no;Almacena llamas en su cuerpo, que alcanza una temperatura de 900 °C antes de un combate.;;;;
porygon;Porygon;normal;65;60;70;85;75;40;trace;download;;medium_fast;79;45;sp_attack:1;1:conversion|1:conversion_2|1:sharpen|1:tackle|7:psybeam|12:agility|18:recover|23:magnet_rise|29:signal_beam|34:recycle|40:discharge|45:lock_on|51:tri_attack|56:magic_coat|62:zap_cannon;aerial_ace|blizzard|charge_beam|double_team|dream_eater|endure|facade|flash|frustration|giga_impact|hidden_power|hyper_beam|ice_beam|iron_tail|natural_gift|protect|psych_up|psychic|rain_dance|recycle|rest|return|secret_power|shadow_ball|shock_wave|sleep_talk|solar_beam|substitute|sunny_day|swagger|thief|thunder|thunder_wave|thunderbolt|toxic|trick_room;gravity|icy_wind|last_resort|magic_coat|pain_split|signal_beam|snore|swift|trick|zen_headbutt;;mineral;porygon2@intercambio:up_grade;;137;Virtual;0,8;36,5;rosa;sin_genero;no;Pokémon creado por el hombre tras muchas investigaciones. Sus habilidades son básicas.;;;;
omanyte;Omanyte;rock|water;35;40;100;90;55;35;swift_swim;shell_armor;;medium_fast;71;45;defense:1;1:constrict|1:withdraw|7:bite|10:water_gun|16:rollout|19:leer|25:mud_shot|28:brine|34:protect|37:ancient_power|43:tickle|46:rock_blast|52:hydro_pump;attract|blizzard|brine|captivate|double_team|endure|facade|frustration|gyro_ball|hail|hidden_power|ice_beam|natural_gift|protect|rain_dance|rest|return|rock_polish|rock_slide|rock_smash|rock_tomb|sandstorm|secret_power|sleep_talk|stealth_rock|substitute|surf|swagger|thief|toxic|water_pulse|waterfall|whirlpool;ancient_power|dive|earth_power|headbutt|icy_wind|iron_defense|knock_off|rollout|snore;aurora_beam|bubble_beam|haze|knock_off|muddy_water|rock_slide|slam|spikes|supersonic|toxic_spikes|wring_out;water1|water3;omastar@40;;138;Espiral;0,4;7,5;azul;12,5;no;Pokémon prehistórico que vivió en el océano primordial. Para nadar se valía de sus 10 tentáculos.;;;;
omastar;Omastar;rock|water;70;60;125;115;70;55;swift_swim;shell_armor;;medium_fast;173;45;defense:2;1:bite|1:constrict|1:withdraw|7:bite|10:water_gun|16:rollout|19:leer|25:mud_shot|28:brine|34:protect|37:ancient_power|40:spike_cannon|48:tickle|56:rock_blast|67:hydro_pump;attract|blizzard|brine|captivate|double_team|endure|facade|frustration|giga_impact|gyro_ball|hail|hidden_power|hyper_beam|ice_beam|natural_gift|protect|rain_dance|rest|return|rock_climb|rock_polish|rock_slide|rock_smash|rock_tomb|sandstorm|secret_power|sleep_talk|stealth_rock|stone_edge|substitute|surf|swagger|thief|toxic|water_pulse|waterfall|whirlpool;ancient_power|dive|earth_power|headbutt|icy_wind|iron_defense|knock_off|rollout|snore;;water1|water3;;;139;Espiral;1;35;azul;12,5;no;Tiene los tentáculos tan desarrollados que le sirven de manos y pies. Con ellos atrapa a su presa y le da un bocado.;;;;
kabuto;Kabuto;rock|water;30;80;90;55;45;55;swift_swim;battle_armor;;medium_fast;71;45;defense:1;1:harden|1:scratch|6:absorb|11:leer|16:mud_shot|21:sand_attack|26:endure|31:aqua_jet|36:mega_drain|41:metal_sound|46:ancient_power|51:wring_out;attract|blizzard|brine|captivate|dig|double_team|endure|facade|frustration|giga_drain|hail|hidden_power|ice_beam|natural_gift|protect|rain_dance|rest|return|rock_polish|rock_slide|rock_smash|rock_tomb|sandstorm|secret_power|sleep_talk|stealth_rock|substitute|surf|swagger|thief|toxic|water_pulse|waterfall|whirlpool;ancient_power|earth_power|icy_wind|iron_defense|knock_off|mud_slap|rollout|snore;aurora_beam|bubble_beam|confuse_ray|dig|flail|icy_wind|knock_off|mud_shot|rapid_spin|screech;water1|water3;kabutops@40;;140;Armazón;0,5;11,5;marrón;12,5;no;Se cree que habitó las playas hace 300 millones de años. Se protege con una dura concha.;;;;
kabutops;Kabutops;rock|water;60;115;105;65;70;80;swift_swim;battle_armor;;medium_fast;173;45;attack:2;1:absorb|1:feint|1:harden|1:leer|1:scratch|6:absorb|11:leer|16:mud_shot|21:sand_attack|26:endure|31:aqua_jet|36:mega_drain|40:slash|45:metal_sound|54:ancient_power|63:wring_out|72:night_slash;aerial_ace|attract|blizzard|brick_break|brine|captivate|cut|dig|double_team|endure|facade|frustration|giga_drain|giga_impact|hail|hidden_power|hyper_beam|ice_beam|natural_gift|protect|rain_dance|rest|return|rock_climb|rock_polish|rock_slide|rock_smash|rock_tomb|sandstorm|secret_power|sleep_talk|stealth_rock|stone_edge|substitute|surf|swagger|swords_dance|thief|toxic|water_pulse|waterfall|whirlpool|x_scissor;ancient_power|aqua_tail|dive|earth_power|fury_cutter|headbutt|icy_wind|iron_defense|knock_off|low_kick|mud_slap|rollout|snore|superpower;;water1|water3;;;141;Armazón;1,3;40,5;marrón;12,5;no;Repliega sus extremidades en el agua para hacerse más compacto, y mueve su concha para nadar rápido.;;;;
aerodactyl;Aerodactyl;rock|flying;80;105;65;60;75;130;rock_head;pressure;;slow;180;45;speed:2;1:bite|1:fire_fang|1:ice_fang|1:scary_face|1:supersonic|1:thunder_fang|1:wing_attack|9:roar|17:agility|25:ancient_power|33:crunch|41:take_down|49:iron_head|57:hyper_beam|65:rock_slide|73:giga_impact;aerial_ace|attract|captivate|defog|double_team|dragon_claw|dragon_pulse|earthquake|endure|facade|fire_blast|flamethrower|fly|frustration|giga_impact|hidden_power|hyper_beam|iron_tail|natural_gift|payback|protect|rain_dance|rest|return|roar|rock_polish|rock_slide|rock_smash|rock_tomb|roost|sandstorm|secret_power|sleep_talk|stealth_rock|steel_wing|stone_edge|strength|substitute|sunny_day|swagger|taunt|thief|torment|toxic;air_cutter|ancient_power|aqua_tail|earth_power|headbutt|heat_wave|iron_head|ominous_wind|sky_attack|snore|swift|tailwind|twister;assurance|curse|dragon_breath|foresight|pursuit|steel_wing|whirlwind;flying;;;142;Fósil;1,8;59;morado;12,5;no;Se regeneró a partir de material genético de un dinosaurio encontrado en ámbar. Cuando vuela emite escandalosos alaridos.;;;;
snorlax;Snorlax;normal;160;110;65;65;110;30;immunity;thick_fat;;slow;189;25;hp:2;1:tackle|4:defense_curl|9:amnesia|12:lick|17:belly_drum|20:yawn|25:rest|28:sleep_talk|28:snore|33:body_slam|36:block|41:rollout|44:crunch|49:giga_impact;attract|blizzard|brick_break|captivate|double_team|earthquake|endure|facade|fire_blast|flamethrower|fling|focus_blast|focus_punch|frustration|giga_impact|hidden_power|hyper_beam|ice_beam|natural_gift|protect|psychic|rain_dance|recycle|rest|return|rock_climb|rock_slide|rock_smash|rock_tomb|sandstorm|secret_power|shadow_ball|shock_wave|sleep_talk|solar_beam|strength|substitute|sunny_day|surf|swagger|thunder|thunderbolt|toxic|water_pulse|whirlpool;block|fire_punch|gunk_shot|headbutt|ice_punch|icy_wind|iron_head|last_resort|mud_slap|outrage|rollout|seed_bomb|snore|superpower|thunder_punch|zen_headbutt;charm|counter|curse|double_edge|fissure|lick|pursuit|substitute|whirlwind;monster;;;143;Dormir;2,1;460;negro;12,5;no;No se encuentra satisfecho hasta que no se come 400 kg de comida cada día. Cuando acaba de comer, se queda dormido.;;;;
articuno;Articuno;ice|flying;90;85;100;95;125;85;pressure;;;slow;261;3;sp_defense:3;1:gust|1:powder_snow|8:mist|15:ice_shard|22:mind_reader|29:ancient_power|36:agility|43:ice_beam|50:reflect|57:roost|64:tailwind|71:blizzard|78:sheer_cold|85:hail;aerial_ace|avalanche|blizzard|defog|double_team|endure|facade|fly|frustration|giga_impact|hail|hidden_power|hyper_beam|ice_beam|natural_gift|pluck|protect|rain_dance|reflect|rest|return|roar|rock_smash|roost|sandstorm|secret_power|sleep_talk|steel_wing|substitute|sunny_day|swagger|toxic|u_turn|water_pulse;air_cutter|ancient_power|icy_wind|mud_slap|ominous_wind|signal_beam|sky_attack|snore|swift|tailwind|twister;;no_eggs;;;144;Congelar;1,7;55,4;azul;sin_genero;si;Legendario Pokémon pájaro capaz de generar ventiscas congelando la humedad del aire.;;;;
zapdos;Zapdos;electric|flying;90;90;85;125;90;100;pressure;;;slow;261;3;sp_attack:3;1:peck|1:thunder_shock|8:thunder_wave|15:detect|22:pluck|29:ancient_power|36:charge|43:agility|50:discharge|57:roost|64:light_screen|71:drill_peck|78:thunder|85:rain_dance;aerial_ace|charge_beam|defog|double_team|endure|facade|flash|fly|frustration|giga_impact|hidden_power|hyper_beam|light_screen|natural_gift|pluck|protect|rain_dance|rest|return|roar|rock_smash|roost|sandstorm|secret_power|shock_wave|sleep_talk|steel_wing|substitute|sunny_day|swagger|thunder|thunder_wave|thunderbolt|toxic|u_turn;air_cutter|ancient_power|heat_wave|mud_slap|ominous_wind|signal_beam|sky_attack|snore|swift|tailwind|twister;;no_eggs;;;145;Eléctrico;1,6;52,6;amarillo;sin_genero;si;Es un legendario pájaro Pokémon. Dicen que aparece entre las nubes lanzando enormes rayos brillantes.;;;;
moltres;Moltres;fire|flying;90;100;90;125;85;90;pressure;;;slow;261;3;sp_attack:3;1:ember|1:wing_attack|8:fire_spin|15:agility|22:endure|29:ancient_power|36:flamethrower|43:safeguard|50:air_slash|57:roost|64:heat_wave|71:solar_beam|78:sky_attack|85:sunny_day;aerial_ace|defog|double_team|endure|facade|fire_blast|flamethrower|fly|frustration|giga_impact|hidden_power|hyper_beam|natural_gift|overheat|pluck|protect|rain_dance|rest|return|roar|rock_smash|roost|safeguard|sandstorm|secret_power|sleep_talk|solar_beam|steel_wing|substitute|sunny_day|swagger|toxic|u_turn|will_o_wisp;air_cutter|ancient_power|heat_wave|mud_slap|ominous_wind|sky_attack|snore|swift|tailwind|twister;;no_eggs;;;146;Llama;2;60;amarillo;sin_genero;si;Es más conocido como el legendario pájaro de fuego. Con cada aleteo crea brillantes llamas.;;;;
dratini;Dratini;dragon;41;64;45;50;50;50;shed_skin;;;slow;60;45;attack:1;1:leer|1:wrap|5:thunder_wave|11:twister|15:dragon_rage|21:slam|25:agility|31:aqua_tail|35:dragon_rush|41:safeguard|45:dragon_dance|51:outrage|55:hyper_beam;attract|blizzard|captivate|double_team|dragon_pulse|endure|facade|fire_blast|flamethrower|frustration|hail|hidden_power|hyper_beam|ice_beam|iron_tail|natural_gift|protect|rain_dance|rest|return|safeguard|secret_power|shock_wave|sleep_talk|substitute|sunny_day|surf|swagger|thunder|thunder_wave|thunderbolt|toxic|water_pulse|waterfall|whirlpool;aqua_tail|draco_meteor|headbutt|icy_wind|outrage|snore|swift|twister;dragon_breath|dragon_dance|dragon_rush|extreme_speed|haze|light_screen|mist|supersonic;water1|dragon;dragonair@30;;147;Dragón;1,8;3,3;azul;50;no;Se le llama el Pokémon Espejismo porque son muy pocos los que lo han visto. Se encontró su muda.;;;;
dragonair;Dragonair;dragon;61;84;65;70;70;70;shed_skin;;;slow;147;45;attack:2;1:leer|1:thunder_wave|1:twister|1:wrap|5:thunder_wave|11:twister|15:dragon_rage|21:slam|25:agility|33:aqua_tail|39:dragon_rush|47:safeguard|53:dragon_dance|61:outrage|67:hyper_beam;attract|blizzard|captivate|double_team|dragon_pulse|endure|facade|fire_blast|flamethrower|frustration|hail|hidden_power|hyper_beam|ice_beam|iron_tail|natural_gift|protect|rain_dance|rest|return|safeguard|secret_power|shock_wave|sleep_talk|substitute|sunny_day|surf|swagger|thunder|thunder_wave|thunderbolt|toxic|water_pulse|waterfall|whirlpool;aqua_tail|draco_meteor|headbutt|icy_wind|outrage|snore|swift|twister;;water1|dragon;dragonite@55;;148;Dragón;4;16,5;azul;50;no;Sus cristalinos orbes parecen darle al Pokémon el poder de controlar el clima libremente.;;;;
dragonite;Dragonite;dragon|flying;91;134;95;100;100;80;inner_focus;;;slow;270;45;attack:3;1:fire_punch|1:leer|1:roost|1:thunder_punch|1:thunder_wave|1:twister|1:wrap|5:thunder_wave|11:twister|15:dragon_rage|21:slam|25:agility|33:aqua_tail|39:dragon_rush|47:safeguard|53:dragon_dance|55:wing_attack|64:outrage|73:hyper_beam;aerial_ace|attract|blizzard|brick_break|captivate|cut|defog|double_team|dragon_claw|dragon_pulse|earthquake|endure|facade|fire_blast|flamethrower|fling|fly|focus_blast|focus_punch|frustration|giga_impact|hail|hidden_power|hyper_beam|ice_beam|iron_tail|natural_gift|protect|rain_dance|rest|return|roar|rock_slide|rock_smash|rock_tomb|roost|safeguard|sandstorm|secret_power|shock_wave|sleep_talk|steel_wing|stone_edge|strength|substitute|sunny_day|surf|swagger|thunder|thunder_wave|thunderbolt|toxic|water_pulse|waterfall|whirlpool;air_cutter|aqua_tail|dive|draco_meteor|fire_punch|fury_cutter|headbutt|heat_wave|ice_punch|icy_wind|iron_head|mud_slap|ominous_wind|outrage|snore|superpower|swift|tailwind|thunder_punch|twister;;water1|dragon;;;149;Dragón;2,2;210;marrón;50;no;A pesar del tamaño que tiene y de lo pesado que es, puede volar. Es capaz de dar la vuelta al mundo en solo 16 horas.;;;;
mewtwo;Mewtwo;psychic;106;110;90;154;90;130;pressure;;;slow;306;3;sp_attack:3;1:confusion|1:disable|8:barrier|15:swift|22:future_sight|29:psych_up|36:miracle_eye|43:mist|50:psycho_cut|57:amnesia|64:guard_swap|64:power_swap|71:psychic|79:me_first|86:recover|93:safeguard|100:aura_sphere;aerial_ace|avalanche|blizzard|brick_break|bulk_up|calm_mind|charge_beam|double_team|drain_punch|dream_eater|earthquake|embargo|endure|energy_ball|facade|fire_blast|flamethrower|flash|fling|focus_blast|focus_punch|frustration|giga_impact|grass_knot|hail|hidden_power|hyper_beam|ice_beam|iron_tail|light_screen|natural_gift|poison_jab|protect|psych_up|psychic|rain_dance|recycle|reflect|rest|return|rock_climb|rock_slide|rock_smash|rock_tomb|safeguard|sandstorm|secret_power|shadow_ball|shock_wave|skill_swap|sleep_talk|snatch|solar_beam|stone_edge|strength|substitute|sunny_day|swagger|taunt|thunder|thunder_wave|thunderbolt|torment|toxic|trick_room|water_pulse|will_o_wisp;aqua_tail|fire_punch|gravity|headbutt|ice_punch|icy_wind|low_kick|magic_coat|mud_slap|role_play|signal_beam|snore|swift|thunder_punch|trick|zen_headbutt;;no_eggs;;;150;Genético;2;122;morado;sin_genero;si;Fue creado por un científico tras años de horribles experimentos de ingeniería genética.;;;;
mew;Mew;psychic;100;100;100;100;100;100;synchronize;;;medium_slow;270;45;hp:3;1:pound|1:transform|10:mega_punch|20:metronome|30:psychic|40:barrier|50:ancient_power|60:amnesia|70:me_first|80:baton_pass|90:nasty_plot|100:aura_sphere;aerial_ace|attract|avalanche|blizzard|brick_break|brine|bulk_up|bullet_seed|calm_mind|captivate|charge_beam|cut|dark_pulse|defog|dig|double_team|dragon_claw|dragon_pulse|drain_punch|dream_eater|earthquake|embargo|endure|energy_ball|explosion|facade|false_swipe|fire_blast|flamethrower|flash|flash_cannon|fling|fly|focus_blast|focus_punch|frustration|giga_drain|giga_impact|grass_knot|gyro_ball|hail|hidden_power|hyper_beam|ice_beam|iron_tail|light_screen|natural_gift|overheat|payback|pluck|poison_jab|protect|psych_up|psychic|rain_dance|recycle|reflect|rest|return|roar|rock_climb|rock_polish|rock_slide|rock_smash|rock_tomb|roost|safeguard|sandstorm|secret_power|shadow_ball|shadow_claw|shock_wave|silver_wind|skill_swap|sleep_talk|sludge_bomb|snatch|solar_beam|stealth_rock|steel_wing|stone_edge|strength|substitute|sunny_day|surf|swagger|swords_dance|taunt|thief|thunder|thunder_wave|thunderbolt|torment|toxic|trick_room|u_turn|water_pulse|waterfall|whirlpool|will_o_wisp|x_scissor;air_cutter|ancient_power|aqua_tail|block|bounce|bug_bite|dive|earth_power|endeavor|fire_punch|fury_cutter|gastro_acid|gravity|gunk_shot|headbutt|heal_bell|heat_wave|helping_hand|ice_punch|icy_wind|iron_defense|iron_head|knock_off|last_resort|low_kick|magic_coat|magnet_rise|mud_slap|ominous_wind|outrage|pain_split|role_play|rollout|seed_bomb|signal_beam|sky_attack|snore|spite|string_shot|sucker_punch|super_fang|superpower|swift|synthesis|tailwind|thunder_punch|trick|twister|uproar|vacuum_wave|worry_seed|zen_headbutt;;no_eggs;;;151;Nueva Especie;0,4;4;rosa;sin_genero;si;Varios científicos lo consideran el antecesor de los Pokémon porque usa todo tipo de movimientos.;;;;
chikorita;Chikorita;grass;45;49;65;49;65;45;overgrow;;;medium_slow;64;45;sp_defense:1;1:growl|1:tackle|6:razor_leaf|9:poison_powder|12:synthesis|17:reflect|20:magical_leaf|23:natural_gift|28:sweet_scent|31:light_screen|34:body_slam|39:safeguard|42:aromatherapy|45:solar_beam;attract|bullet_seed|captivate|cut|double_team|endure|energy_ball|facade|flash|frustration|giga_drain|grass_knot|hidden_power|iron_tail|light_screen|natural_gift|protect|reflect|rest|return|safeguard|secret_power|sleep_talk|solar_beam|substitute|sunny_day|swagger|swords_dance|toxic;ancient_power|fury_cutter|headbutt|magic_coat|mud_slap|seed_bomb|snore|synthesis|worry_seed;ancient_power|aromatherapy|body_slam|counter|flail|grass_whistle|ingrain|leaf_storm|leech_seed|nature_power|vine_whip|wring_out;monster|plant;bayleef@16;;152;Hoja;0,9;6,4;verde;12,5;no;Un dulce aroma se desprende de la hoja de su cabeza. Es dócil y le encanta absorber los rayos de sol.;;;;
bayleef;Bayleef;grass;60;62;80;63;80;60;overgrow;;;medium_slow;142;45;defense:1|sp_defense:1;1:growl|1:poison_powder|1:razor_leaf|1:tackle|6:razor_leaf|9:poison_powder|12:synthesis|18:reflect|22:magical_leaf|26:natural_gift|32:sweet_scent|36:light_screen|40:body_slam|46:safeguard|50:aromatherapy|54:solar_beam;attract|bullet_seed|captivate|cut|double_team|endure|energy_ball|facade|flash|frustration|giga_drain|grass_knot|hidden_power|iron_tail|light_screen|natural_gift|protect|reflect|rest|return|rock_smash|safeguard|secret_power|sleep_talk|solar_beam|strength|substitute|sunny_day|swagger|swords_dance|toxic;ancient_power|fury_cutter|headbutt|magic_coat|mud_slap|seed_bomb|snore|synthesis|worry_seed;;monster|plant;meganium@32;;153;Hoja;1,2;15,8;verde;12,5;no;Emana un aroma picante de su cuello. El aroma actúa como estimulante para recuperar salud.;;;;
meganium;Meganium;grass;80;82;100;83;100;80;overgrow;;;medium_slow;236;45;defense:1|sp_defense:2;1:growl|1:poison_powder|1:razor_leaf|1:tackle|6:razor_leaf|9:poison_powder|12:synthesis|18:reflect|22:magical_leaf|26:natural_gift|32:petal_dance|34:sweet_scent|40:light_screen|46:body_slam|54:safeguard|60:aromatherapy|66:solar_beam;attract|bullet_seed|captivate|cut|double_team|earthquake|endure|energy_ball|facade|flash|frustration|giga_drain|giga_impact|grass_knot|hidden_power|hyper_beam|iron_tail|light_screen|natural_gift|protect|reflect|rest|return|rock_climb|rock_smash|safeguard|secret_power|sleep_talk|solar_beam|strength|substitute|sunny_day|swagger|swords_dance|toxic;ancient_power|frenzy_plant|fury_cutter|headbutt|magic_coat|mud_slap|outrage|seed_bomb|snore|synthesis|worry_seed;;monster|plant;;;154;Hierba;1,8;100,5;verde;12,5;no;El olor que desprenden sus pétalos contiene una sustancia que calma el instinto agresivo.;;;;
cyndaquil;Cyndaquil;fire;39;52;43;60;50;65;blaze;;;medium_slow;62;45;speed:1;1:leer|1:tackle|4:smokescreen|10:ember|13:quick_attack|19:flame_wheel|22:defense_curl|28:swift|31:lava_plume|37:flamethrower|40:rollout|46:double_edge|49:eruption;aerial_ace|attract|captivate|cut|dig|double_team|endure|facade|fire_blast|flamethrower|frustration|hidden_power|natural_gift|overheat|protect|rest|return|secret_power|sleep_talk|substitute|sunny_day|swagger|toxic|will_o_wisp;headbutt|heat_wave|mud_slap|rollout|snore|swift;covet|crush_claw|double_edge|double_kick|extrasensory|flare_blitz|foresight|fury_swipes|howl|quick_attack|reversal|thrash;ground;quilava@14;;155;Ratón Fuego;0,5;7,9;amarillo;12,5;no;Es tímido y siempre se enrosca como una pelota. Si es atacado, enciende su lomo para protegerse.;;;;
quilava;Quilava;fire;58;64;58;80;65;80;blaze;;;medium_slow;142;45;sp_attack:1|speed:1;1:leer|1:smokescreen|1:tackle|4:smokescreen|10:ember|13:quick_attack|20:flame_wheel|24:defense_curl|31:swift|35:lava_plume|42:flamethrower|46:rollout|53:double_edge|57:eruption;aerial_ace|attract|brick_break|captivate|cut|dig|double_team|endure|facade|fire_blast|flamethrower|focus_punch|frustration|hidden_power|natural_gift|overheat|protect|rest|return|roar|rock_smash|secret_power|sleep_talk|strength|substitute|sunny_day|swagger|toxic|will_o_wisp;fury_cutter|headbutt|heat_wave|mud_slap|rollout|snore|swift;;ground;typhlosion@36;;156;Volcán;0,9;19;amarillo;12,5;no;Antes de empezar a luchar, se gira ante su rival para alardear del alcance y la fuerza de sus llamas.;;;;
typhlosion;Typhlosion;fire;78;84;78;109;85;100;blaze;;;medium_slow;240;45;sp_attack:3;1:ember|1:gyro_ball|1:leer|1:smokescreen|1:tackle|4:smokescreen|10:ember|13:quick_attack|20:flame_wheel|24:defense_curl|31:swift|35:lava_plume|42:flamethrower|46:rollout|53:double_edge|57:eruption;aerial_ace|attract|brick_break|captivate|cut|dig|double_team|earthquake|endure|facade|fire_blast|flamethrower|fling|focus_blast|focus_punch|frustration|giga_impact|gyro_ball|hidden_power|hyper_beam|natural_gift|overheat|protect|rest|return|roar|rock_climb|rock_slide|rock_smash|rock_tomb|secret_power|shadow_claw|sleep_talk|solar_beam|strength|substitute|sunny_day|swagger|toxic|will_o_wisp;blast_burn|fire_punch|fury_cutter|headbutt|heat_wave|low_kick|mud_slap|rollout|snore|swift|thunder_punch;;ground;;;157;Volcán;1,7;79,5;amarillo;12,5;no;Si su furia crece, se calienta tanto que cualquier cosa que toque se prenderá al instante.;;;;
totodile;Totodile;water;50;65;64;44;48;43;torrent;;;medium_slow;63;45;attack:1;1:leer|1:scratch|6:water_gun|8:rage|13:bite|15:scary_face|20:ice_fang|22:flail|27:crunch|29:slash|34:screech|36:thrash|41:aqua_tail|43:superpower|48:hydro_pump;aerial_ace|attract|blizzard|brick_break|captivate|cut|dig|double_team|endure|facade|fling|focus_punch|frustration|hail|hidden_power|ice_beam|iron_tail|natural_gift|protect|rain_dance|rest|return|rock_slide|rock_tomb|secret_power|shadow_claw|sleep_talk|substitute|surf|swagger|swords_dance|toxic|water_pulse|waterfall|whirlpool;ancient_power|aqua_tail|dive|headbutt|ice_punch|icy_wind|low_kick|mud_slap|snore|spite|superpower|uproar;ancient_power|aqua_jet|crunch|dragon_claw|dragon_dance|hydro_pump|ice_punch|metal_claw|mud_sport|rock_slide|thrash|water_sport;monster|water1;croconaw@18;;158;Fauces;0,6;9,5;azul;12,5;no;Es pequeño pero violento. No dudará en morder cualquier cosa que se mueva cerca.;;;;
croconaw;Croconaw;water;65;80;80;59;63;58;torrent;;;medium_slow;142;45;attack:1|defense:1;1:leer|1:scratch|1:water_gun|6:water_gun|8:rage|13:bite|15:scary_face|21:ice_fang|24:flail|30:crunch|33:slash|39:screech|42:thrash|48:aqua_tail|51:superpower|57:hydro_pump;aerial_ace|attract|blizzard|brick_break|captivate|cut|dig|double_team|endure|facade|fling|focus_punch|frustration|hail|hidden_power|ice_beam|iron_tail|natural_gift|protect|rain_dance|rest|return|roar|rock_slide|rock_smash|rock_tomb|secret_power|shadow_claw|sleep_talk|strength|substitute|surf|swagger|swords_dance|toxic|water_pulse|waterfall|whirlpool;ancient_power|dive|fury_cutter|headbutt|ice_punch|icy_wind|low_kick|mud_slap|snore|spite|superpower|uproar;;monster|water1;feraligatr@30;;159;Fauces;1,1;25;azul;12,5;no;Si pierde un colmillo, le crecerá otro en su lugar. Siempre tiene 48 colmillos en su boca.;;;;
feraligatr;Feraligatr;water;85;105;100;79;83;78;torrent;;;medium_slow;239;45;attack:2|defense:1;1:leer|1:rage|1:scratch|1:water_gun|6:water_gun|8:rage|13:bite|15:scary_face|21:ice_fang|24:flail|30:agility|32:crunch|37:slash|45:screech|50:thrash|58:aqua_tail|63:superpower|71:hydro_pump;aerial_ace|attract|avalanche|blizzard|brick_break|captivate|cut|dig|double_team|dragon_claw|dragon_pulse|earthquake|endure|facade|fling|focus_blast|focus_punch|frustration|giga_impact|hail|hidden_power|hyper_beam|ice_beam|iron_tail|natural_gift|protect|rain_dance|rest|return|roar|rock_climb|rock_slide|rock_smash|rock_tomb|secret_power|shadow_claw|sleep_talk|strength|substitute|surf|swagger|swords_dance|toxic|water_pulse|waterfall|whirlpool;ancient_power|aqua_tail|dive|fury_cutter|headbutt|hydro_cannon|ice_punch|icy_wind|low_kick|mud_slap|outrage|snore|spite|superpower|uproar;;monster|water1;;;160;Fauces;2,3;88,8;azul;12,5;no;Se suele mover lento, pero alcanza velocidades de vértigo al atacar y morder a sus enemigos.;;;;
sentret;Sentret;normal;35;46;34;35;45;20;run_away;keen_eye;;medium_fast;43;255;attack:1;1:foresight|1:scratch|4:defense_curl|7:quick_attack|13:fury_swipes|16:helping_hand|19:follow_me|25:slam|28:rest|31:sucker_punch|36:amnesia|39:baton_pass|42:me_first|47:hyper_voice;attract|brick_break|captivate|charge_beam|cut|dig|double_team|endure|facade|flamethrower|fling|focus_punch|frustration|grass_knot|hidden_power|ice_beam|iron_tail|natural_gift|protect|rain_dance|rest|return|secret_power|shadow_ball|shadow_claw|shock_wave|sleep_talk|solar_beam|substitute|sunny_day|surf|swagger|thief|thunderbolt|toxic|u_turn|water_pulse|whirlpool;aqua_tail|fire_punch|fury_cutter|headbutt|helping_hand|ice_punch|knock_off|last_resort|mud_slap|rollout|snore|sucker_punch|super_fang|swift|thunder_punch|uproar;assist|charm|covet|double_edge|focus_energy|last_resort|pursuit|reversal|slash|substitute|trick;ground;furret@15;;161;Explorador;0,8;6;marrón;50;no;Cuando hace de centinela, avisa del peligro a los demás, chillando y dando golpes al suelo con la cola.;;;;
furret;Furret;normal;85;76;64;45;55;90;run_away;keen_eye;;medium_fast;145;90;speed:2;1:defense_curl|1:foresight|1:quick_attack|1:scratch|4:defense_curl|7:quick_attack|13:fury_swipes|17:helping_hand|21:follow_me|28:slam|32:rest|36:sucker_punch|42:amnesia|46:baton_pass|50:me_first|56:hyper_voice;attract|blizzard|brick_break|captivate|charge_beam|cut|dig|double_team|endure|facade|flamethrower|fling|focus_blast|focus_punch|frustration|giga_impact|grass_knot|hidden_power|hyper_beam|ice_beam|iron_tail|natural_gift|protect|rain_dance|rest|return|rock_smash|secret_power|shadow_ball|shadow_claw|shock_wave|sleep_talk|solar_beam|strength|substitute|sunny_day|surf|swagger|thief|thunder|thunderbolt|toxic|u_turn|water_pulse|whirlpool;aqua_tail|fire_punch|fury_cutter|headbutt|helping_hand|ice_punch|knock_off|last_resort|mud_slap|rollout|snore|sucker_punch|super_fang|swift|thunder_punch|uproar;;ground;;;162;Alargado;1,8;32,5;marrón;50;no;Acurruca a sus crías para que duerman. Acorrala a los enemigos con su enorme velocidad.;;;;
hoothoot;Hoothoot;normal|flying;60;30;30;36;56;50;insomnia;keen_eye;;medium_fast;52;255;hp:1;1:foresight|1:growl|1:tackle|5:hypnosis|9:peck|13:uproar|17:reflect|21:confusion|25:take_down|29:air_slash|33:zen_headbutt|37:extrasensory|41:psycho_shift|45:roost|49:dream_eater;aerial_ace|attract|captivate|defog|double_team|dream_eater|endure|facade|fly|frustration|hidden_power|natural_gift|pluck|protect|psych_up|psychic|rain_dance|recycle|reflect|rest|return|roost|secret_power|shadow_ball|silver_wind|sleep_talk|steel_wing|substitute|sunny_day|swagger|thief|toxic;air_cutter|heat_wave|magic_coat|mud_slap|ominous_wind|swift|tailwind|twister|uproar|zen_headbutt;agility|feather_dance|feint_attack|mirror_move|night_shade|sky_attack|supersonic|whirlwind|wing_attack;flying;noctowl@20;;163;Búho;0,7;21,2;marrón;50;no;Su percepción del tiempo es exacta. Ocurra lo que ocurra, lleva el ritmo moviendo la cabeza.;;;;
noctowl;Noctowl;normal|flying;100;50;50;76;96;70;insomnia;keen_eye;;medium_fast;158;90;hp:2;1:foresight|1:growl|1:hypnosis|1:sky_attack|1:tackle|5:hypnosis|9:peck|13:uproar|17:reflect|22:confusion|27:take_down|32:air_slash|37:zen_headbutt|42:extrasensory|47:psycho_shift|52:roost|57:dream_eater;aerial_ace|attract|captivate|defog|double_team|dream_eater|endure|facade|fly|frustration|giga_impact|hidden_power|hyper_beam|natural_gift|pluck|protect|psych_up|psychic|rain_dance|recycle|reflect|rest|return|roost|secret_power|shadow_ball|silver_wind|sleep_talk|steel_wing|substitute|sunny_day|swagger|thief|toxic;air_cutter|heat_wave|magic_coat|mud_slap|ominous_wind|sky_attack|swift|tailwind|twister|uproar|zen_headbutt;;flying;;;164;Búho;1,6;40,8;marrón;50;no;Sus ojos están especialmente adaptados. Concentran la luz para poder ver en la oscuridad.;;;;
ledyba;Ledyba;bug|flying;40;20;30;40;80;55;swarm;early_bird;;fast;53;255;sp_defense:1;1:tackle|6:supersonic|9:comet_punch|14:light_screen|14:reflect|14:safeguard|17:mach_punch|22:baton_pass|25:silver_wind|30:agility|33:swift|38:double_edge|41:bug_buzz;aerial_ace|attract|brick_break|captivate|dig|double_team|drain_punch|endure|facade|flash|fling|focus_punch|frustration|giga_drain|hidden_power|light_screen|natural_gift|protect|reflect|rest|return|roost|safeguard|secret_power|silver_wind|sleep_talk|solar_beam|substitute|sunny_day|swagger|swords_dance|thief|toxic|u_turn;air_cutter|bug_bite|headbutt|ice_punch|knock_off|ominous_wind|rollout|snore|string_shot|swift|tailwind|thunder_punch|uproar;bide|bug_bite|bug_buzz|encore|knock_off|psybeam|screech|silver_wind;bug;ledian@18;;165;5 Estrellas;1;10,8;rojo;50;no;Cuando llega el frío, se reúnen muchos Ledyba de todas partes para darse calor.;;;;
ledian;Ledian;bug|flying;55;35;50;55;110;85;swarm;early_bird;;fast;137;90;sp_defense:2;1:comet_punch|1:supersonic|1:tackle|6:supersonic|9:comet_punch|14:light_screen|14:reflect|14:safeguard|17:mach_punch|24:baton_pass|29:silver_wind|36:agility|41:swift|48:double_edge|53:bug_buzz;aerial_ace|attract|brick_break|captivate|dig|double_team|drain_punch|endure|facade|flash|fling|focus_blast|focus_punch|frustration|giga_drain|giga_impact|hidden_power|hyper_beam|light_screen|natural_gift|protect|reflect|rest|return|rock_smash|roost|safeguard|secret_power|silver_wind|sleep_talk|solar_beam|strength|substitute|sunny_day|swagger|swords_dance|thief|toxic|u_turn;air_cutter|bug_bite|headbutt|ice_punch|knock_off|ominous_wind|rollout|snore|string_shot|swift|tailwind|thunder_punch|uproar;;bug;;;166;5 Estrellas;1,4;35,6;rojo;50;no;Cuando parpadean las estrellas en el cielo nocturno, se mece desprendiendo un polvo brillante.;;;;
spinarak;Spinarak;bug|poison;40;60;40;40;40;30;swarm;insomnia;;fast;50;255;attack:1;1:poison_sting|1:string_shot|5:scary_face|8:constrict|12:leech_life|15:night_shade|19:shadow_sneak|22:fury_swipes|26:sucker_punch|29:spider_web|33:agility|36:pin_missile|40:psychic|43:poison_jab;attract|captivate|dig|double_team|endure|facade|flash|frustration|giga_drain|hidden_power|natural_gift|poison_jab|protect|psychic|rest|return|secret_power|sleep_talk|sludge_bomb|solar_beam|substitute|sunny_day|swagger|thief|toxic;bounce|bug_bite|signal_beam|string_shot|sucker_punch;baton_pass|disable|poison_jab|psybeam|pursuit|signal_beam|sonic_boom|toxic_spikes;bug;ariados@22;;167;Escupesoga;0,5;8,5;verde;50;no;Teje su telaraña con hilo fino pero resistente. Espera pacientemente a que caiga su presa.;;;;
ariados;Ariados;bug|poison;70;90;70;60;60;40;swarm;insomnia;;fast;140;90;attack:2;1:bug_bite|1:constrict|1:poison_sting|1:scary_face|1:string_shot|5:scary_face|8:constrict|12:leech_life|15:night_shade|19:shadow_sneak|23:fury_swipes|28:sucker_punch|32:spider_web|37:agility|41:pin_missile|46:psychic|50:poison_jab;attract|captivate|dig|double_team|endure|facade|flash|frustration|giga_drain|giga_impact|hidden_power|hyper_beam|natural_gift|poison_jab|protect|psychic|rest|return|secret_power|sleep_talk|sludge_bomb|solar_beam|substitute|sunny_day|swagger|thief|toxic;bounce|bug_bite|signal_beam|string_shot|sucker_punch;;bug;;;168;Pata Larga;1,1;33,5;rojo;50;no;Teje su telaraña desde atrás y desde su boca. Es muy difícil saber dónde está cada cual.;;;;
crobat;Crobat;poison|flying;85;90;80;70;80;130;inner_focus;;;medium_fast;241;90;speed:3;1:astonish|1:cross_poison|1:leech_life|1:screech|1:supersonic|5:supersonic|9:astonish|13:bite|17:wing_attack|21:confuse_ray|27:air_cutter|33:mean_look|39:poison_fang|45:haze|51:air_slash;aerial_ace|attract|captivate|dark_pulse|defog|double_team|endure|facade|fly|frustration|giga_drain|giga_impact|hidden_power|hyper_beam|natural_gift|payback|pluck|protect|rain_dance|rest|return|roost|secret_power|shadow_ball|sleep_talk|sludge_bomb|snatch|steel_wing|substitute|sunny_day|swagger|taunt|thief|torment|toxic|u_turn|x_scissor;air_cutter|heat_wave|ominous_wind|sky_attack|snore|super_fang|swift|tailwind|twister|uproar|zen_headbutt;;flying;;;169;Murciélago;1,8;75;morado;50;no;Es tan silencioso cuando vuela en la oscuridad con sus cuatro alas, que cuesta percibirlo cuando se acerca.;;;;
chinchou;Chinchou;water|electric;75;38;38;56;56;67;volt_absorb;illuminate;;slow;66;190;hp:1;1:bubble|1:supersonic|6:thunder_wave|9:flail|12:water_gun|17:confuse_ray|20:spark|23:take_down|28:bubble_beam|31:signal_beam|34:discharge|39:aqua_ring|42:hydro_pump|45:charge;attract|blizzard|brine|captivate|charge_beam|double_team|endure|facade|flash|frustration|hail|hidden_power|ice_beam|natural_gift|protect|rain_dance|rest|return|secret_power|shock_wave|sleep_talk|substitute|surf|swagger|thunder|thunder_wave|thunderbolt|toxic|water_pulse|waterfall|whirlpool;bounce|dive|heal_bell|icy_wind|signal_beam|snore|sucker_punch;agility|amnesia|flail|mist|psybeam|screech|whirlpool;water2;lanturn@27;;170;Rape;0,5;12;azul;50;no;En el oscuro fondo del océano, su único modo de comunicarse es emitiendo luces parpadeantes.;;;;
lanturn;Lanturn;water|electric;125;58;58;76;76;67;volt_absorb;illuminate;;slow;161;75;hp:2;1:bubble|1:supersonic|1:thunder_wave|6:thunder_wave|9:flail|12:water_gun|17:confuse_ray|20:spark|23:take_down|27:spit_up|27:stockpile|27:swallow|30:bubble_beam|35:signal_beam|40:discharge|47:aqua_ring|52:hydro_pump|57:charge;attract|blizzard|brine|captivate|charge_beam|double_team|endure|facade|flash|frustration|giga_impact|hail|hidden_power|hyper_beam|ice_beam|natural_gift|protect|rain_dance|rest|return|secret_power|shock_wave|sleep_talk|substitute|surf|swagger|thunder|thunder_wave|thunderbolt|toxic|water_pulse|waterfall|whirlpool;aqua_tail|bounce|dive|heal_bell|icy_wind|signal_beam|snore|sucker_punch;;water2;;;171;Luz;1,2;22,5;azul;50;no;La luz de Lanturn se puede ver desde lo más profundo. Se le llama la Estrella de Alta Mar.;;;;
pichu;Pichu;electric;20;40;15;35;35;60;static;;;medium_fast;41;190;speed:1;1:charm|1:thunder_shock|5:tail_whip|10:thunder_wave|13:sweet_kiss|18:nasty_plot;attract|captivate|charge_beam|double_team|endure|facade|flash|fling|frustration|grass_knot|hidden_power|iron_tail|light_screen|natural_gift|protect|rain_dance|rest|return|secret_power|shock_wave|sleep_talk|substitute|swagger|thunder|thunder_wave|thunderbolt|toxic;headbutt|helping_hand|magnet_rise|mud_slap|rollout|signal_beam|snore|swift|uproar;bide|charge|double_slap|encore|fake_out|flail|present|reversal|thunder_punch|tickle|wish;no_eggs;pikachu@amistad;;172;Ratoncito;0,3;2;amarillo;50;no;Cuando juegan, se tocan las colas y emiten chispas. Al parecer, es una prueba de valor.;;;;
cleffa;Cleffa;normal;50;25;28;45;55;15;cute_charm;magic_guard;;fast;44;150;sp_defense:1;1:charm|1:pound|4:encore|7:sing|10:sweet_kiss|13:copycat|16:magical_leaf;attract|captivate|dig|double_team|dream_eater|endure|facade|fire_blast|flamethrower|flash|fling|frustration|grass_knot|hidden_power|iron_tail|light_screen|natural_gift|protect|psych_up|psychic|rain_dance|recycle|reflect|rest|return|safeguard|secret_power|shadow_ball|shock_wave|sleep_talk|solar_beam|substitute|sunny_day|swagger|thunder_wave|toxic|water_pulse;endeavor|gravity|headbutt|helping_hand|icy_wind|last_resort|magic_coat|mud_slap|role_play|rollout|signal_beam|snore|trick|uproar|zen_headbutt;amnesia|aromatherapy|belly_drum|covet|fake_tears|metronome|mimic|present|splash|substitute|wish;no_eggs;clefairy@amistad;;173;Estrella;0,3;3;rosa;75;no;Por su inusual forma estrellada, la gente cree que procede de un meteorito que cayó a la tierra.;;;;
igglybuff;Igglybuff;normal;90;30;15;40;20;15;cute_charm;;;fast;42;170;hp:1;1:charm|1:sing|5:defense_curl|9:pound|13:sweet_kiss|17:copycat;attract|captivate|dig|double_team|dream_eater|endure|facade|fire_blast|flamethrower|flash|fling|frustration|grass_knot|hidden_power|light_screen|natural_gift|protect|psych_up|psychic|rain_dance|recycle|reflect|rest|return|safeguard|secret_power|shadow_ball|shock_wave|sleep_talk|solar_beam|substitute|sunny_day|swagger|thunder_wave|toxic|water_pulse;bounce|endeavor|gravity|headbutt|heal_bell|helping_hand|icy_wind|last_resort|magic_coat|mud_slap|pain_split|role_play|rollout|snore|uproar;covet|fake_tears|feint_attack|gravity|last_resort|perish_song|present|wish;no_eggs;jigglypuff@amistad;;174;Globo;0,3;1;rosa;75;no;Para caminar, en lugar de usar los pies que tiene, opta por dar botes con su cuerpo redondo y blandito.;;;;
togepi;Togepi;normal;35;20;65;40;65;20;hustle;serene_grace;;fast;49;190;sp_defense:1;1:charm|1:growl|6:metronome|10:sweet_kiss|15:yawn|19:encore|24:follow_me|28:wish|33:ancient_power|37:safeguard|42:baton_pass|46:double_edge|51:last_resort;attract|captivate|double_team|dream_eater|endure|facade|fire_blast|flamethrower|flash|fling|frustration|grass_knot|hidden_power|light_screen|natural_gift|protect|psych_up|psychic|rain_dance|reflect|rest|return|rock_smash|safeguard|secret_power|shadow_ball|shock_wave|sleep_talk|solar_beam|substitute|sunny_day|swagger|thunder_wave|toxic|water_pulse;ancient_power|endeavor|headbutt|heal_bell|last_resort|magic_coat|mud_slap|rollout|signal_beam|snore|swift|trick|uproar|zen_headbutt;extrasensory|foresight|future_sight|lucky_chant|mirror_move|nasty_plot|peck|present|psych_up|psycho_shift|substitute;no_eggs;togetic@amistad;;175;Bolaclavos;0,3;1,5;blanco;12,5;no;El cascarón parece estar lleno de alegría. Dicen que trae buena suerte si es tratado con cariño.;;;;
togetic;Togetic;normal|flying;55;40;85;80;105;40;hustle;serene_grace;;fast;142;75;sp_defense:2;1:charm|1:growl|1:magical_leaf|1:metronome|1:sweet_kiss|6:metronome|10:sweet_kiss|15:yawn|19:encore|24:follow_me|28:wish|33:ancient_power|37:safeguard|42:baton_pass|46:double_edge|51:last_resort;aerial_ace|attract|brick_break|captivate|defog|double_team|drain_punch|dream_eater|endure|facade|fire_blast|flamethrower|flash|fling|fly|focus_punch|frustration|giga_impact|grass_knot|hidden_power|hyper_beam|light_screen|natural_gift|protect|psych_up|psychic|rain_dance|reflect|rest|return|rock_smash|roost|safeguard|secret_power|shadow_ball|shock_wave|silver_wind|sleep_talk|solar_beam|steel_wing|substitute|sunny_day|swagger|thunder_wave|toxic|water_pulse;air_cutter|ancient_power|endeavor|headbutt|heal_bell|heat_wave|last_resort|magic_coat|mud_slap|ominous_wind|rollout|signal_beam|snore|swift|tailwind|trick|twister|zen_headbutt;;flying|fairy;togekiss@objeto:shiny_stone;;176;Felicidad;0,6;3,2;blanco;12,5;no;Si no está con gente amable, se entristece. Puede flotar en el aire sin mover las alas.;;;;
natu;Natu;psychic|flying;40;50;45;70;45;70;synchronize;early_bird;;medium_fast;64;190;sp_attack:1;1:leer|1:peck|6:night_shade|9:teleport|12:lucky_chant|17:miracle_eye|20:me_first|23:confuse_ray|28:wish|33:psycho_shift|36:future_sight|39:ominous_wind|44:guard_swap|44:power_swap|47:psychic;aerial_ace|attract|calm_mind|captivate|double_team|dream_eater|endure|facade|flash|frustration|giga_drain|grass_knot|hidden_power|light_screen|natural_gift|pluck|protect|psych_up|psychic|rain_dance|reflect|rest|return|roost|secret_power|shadow_ball|silver_wind|skill_swap|sleep_talk|solar_beam|steel_wing|substitute|sunny_day|swagger|thief|thunder_wave|toxic|trick_room|u_turn;air_cutter|heat_wave|magic_coat|ominous_wind|pain_split|signal_beam|snore|sucker_punch|swift|tailwind|trick|twister|zen_headbutt;drill_peck|feather_dance|feint_attack|haze|psych_up|quick_attack|refresh|steel_wing|sucker_punch|zen_headbutt;flying;xatu@25;;177;Pajarito;0,2;2;verde;50;no;Va dando saltitos porque sus alas no han crecido lo suficiente. Siempre está pendiente de algo.;;;;
xatu;Xatu;psychic|flying;65;75;70;95;70;95;synchronize;early_bird;;medium_fast;165;75;sp_attack:1|speed:1;1:leer|1:peck|6:night_shade|9:teleport|12:lucky_chant|17:miracle_eye|20:me_first|23:confuse_ray|27:tailwind|30:wish|37:psycho_shift|42:future_sight|47:ominous_wind|54:guard_swap|54:power_swap|59:psychic;aerial_ace|attract|calm_mind|captivate|defog|double_team|dream_eater|endure|facade|flash|fly|frustration|giga_drain|giga_impact|grass_knot|hidden_power|hyper_beam|light_screen|natural_gift|pluck|protect|psych_up|psychic|rain_dance|reflect|rest|return|roost|secret_power|shadow_ball|silver_wind|skill_swap|sleep_talk|solar_beam|steel_wing|substitute|sunny_day|swagger|thief|thunder_wave|toxic|trick_room|u_turn;air_cutter|heat_wave|magic_coat|ominous_wind|pain_split|signal_beam|sky_attack|snore|sucker_punch|swift|tailwind|trick|twister|zen_headbutt;;flying;;;178;Místico;1,5;15;verde;50;no;Cuando se pone a meditar al amanecer, pierde la noción del tiempo. Puede pasarse así todo el día.;;;;
mareep;Mareep;electric;55;40;40;65;45;35;static;;;medium_slow;56;235;sp_attack:1;1:tackle|5:growl|10:thunder_shock|14:thunder_wave|19:cotton_spore|23:charge|28:discharge|32:signal_beam|37:light_screen|41:power_gem|46:thunder;attract|captivate|charge_beam|double_team|endure|facade|flash|frustration|hidden_power|iron_tail|light_screen|natural_gift|protect|rain_dance|rest|return|secret_power|shock_wave|sleep_talk|substitute|swagger|thunder|thunder_wave|thunderbolt|toxic;headbutt|heal_bell|magnet_rise|signal_beam|snore|swift;body_slam|charge|flatter|odor_sleuth|reflect|safeguard|sand_attack|screech|take_down;monster|ground;flaaffy@15;;179;Lana;0,6;7,8;blanco;50;no;Su pelaje lanudo dobla su volumen al acumular electricidad estática. Tocarlo puede dar calambre.;;;;
flaaffy;Flaaffy;electric;70;55;55;80;60;45;static;;;medium_slow;128;120;sp_attack:2;1:growl|1:tackle|1:thunder_shock|5:growl|10:thunder_shock|14:thunder_wave|20:cotton_spore|25:charge|31:discharge|36:signal_beam|42:light_screen|47:power_gem|53:thunder;attract|brick_break|captivate|charge_beam|double_team|endure|facade|flash|fling|focus_punch|frustration|hidden_power|iron_tail|light_screen|natural_gift|protect|rain_dance|rest|return|rock_smash|secret_power|shock_wave|sleep_talk|strength|substitute|swagger|thunder|thunder_wave|thunderbolt|toxic;fire_punch|headbutt|heal_bell|magnet_rise|signal_beam|snore|swift|thunder_punch;;monster|ground;ampharos@30;;180;Lana;0,8;13,3;rosa;50;no;Su esponjosa lana almacena electricidad. Su piel gomosa evita que sea electrocutado.;;;;
ampharos;Ampharos;electric;90;75;75;115;90;55;static;;;medium_slow;230;45;sp_attack:3;1:fire_punch|1:growl|1:tackle|1:thunder_shock|1:thunder_wave|5:growl|10:thunder_shock|14:thunder_wave|20:cotton_spore|25:charge|30:thunder_punch|34:discharge|42:signal_beam|51:light_screen|59:power_gem|68:thunder;attract|brick_break|captivate|charge_beam|double_team|endure|facade|flash|fling|focus_blast|focus_punch|frustration|giga_impact|hidden_power|hyper_beam|iron_tail|light_screen|natural_gift|protect|rain_dance|rest|return|rock_climb|rock_smash|secret_power|shock_wave|sleep_talk|strength|substitute|swagger|thunder|thunder_wave|thunderbolt|toxic;fire_punch|headbutt|heal_bell|magnet_rise|outrage|signal_beam|snore|swift|thunder_punch;;monster|ground;;;181;Luz;1,4;61,5;amarillo;50;no;La punta de su cola reluce brillantemente y puede ser vista desde lejos. Es usado como faro.;;;;
bellossom;Bellossom;grass;75;80;85;90;100;50;chlorophyll;;;medium_slow;221;45;sp_defense:3;1:leaf_blade|1:mega_drain|1:stun_spore|1:sunny_day|1:sweet_scent|23:magical_leaf|53:leaf_storm;attract|bullet_seed|captivate|cut|double_team|drain_punch|endure|energy_ball|facade|flash|fling|frustration|giga_drain|giga_impact|grass_knot|hidden_power|hyper_beam|natural_gift|protect|rest|return|safeguard|secret_power|sleep_talk|sludge_bomb|solar_beam|substitute|sunny_day|swagger|swords_dance|toxic;gastro_acid|seed_bomb|snore|synthesis|uproar|worry_seed;;plant;;;182;Flor;0,4;5,8;verde;50;no;Los Bellossom suelen reunirse para bailar. Dicen que sus danzas son un ritual para invocar al sol.;;;;
marill;Marill;water;70;20;50;20;50;40;thick_fat;huge_power;;fast;88;190;hp:2;1:tackle|2:defense_curl|7:tail_whip|10:water_gun|15:rollout|18:bubble_beam|23:aqua_ring|27:double_edge|32:rain_dance|37:aqua_tail|42:hydro_pump;attract|blizzard|brick_break|captivate|dig|double_team|endure|facade|fling|focus_punch|frustration|grass_knot|hail|hidden_power|ice_beam|iron_tail|natural_gift|protect|rain_dance|rest|return|rock_smash|secret_power|sleep_talk|strength|substitute|surf|swagger|toxic|water_pulse|waterfall|whirlpool;aqua_tail|dive|headbutt|helping_hand|ice_punch|icy_wind|knock_off|mud_slap|rollout|snore|superpower|swift;amnesia|aqua_jet|belly_drum|body_slam|future_sight|light_screen|perish_song|present|refresh|substitute|superpower|supersonic;water1|fairy;azumarill@18;;183;Ratón Agua;0,4;8,5;azul;50;no;Tiene una piel que repele el agua. De hecho, puede pasarse horas jugando en el agua sin mojarse.;;;;
azumarill;Azumarill;water;100;50;80;50;80;50;thick_fat;huge_power;;fast;189;75;hp:3;1:defense_curl|1:tackle|1:tail_whip|1:water_gun|2:defense_curl|7:tail_whip|10:water_gun|15:rollout|20:bubble_beam|27:aqua_ring|33:double_edge|40:rain_dance|47:aqua_tail|54:hydro_pump;attract|blizzard|brick_break|captivate|dig|double_team|endure|facade|fling|focus_blast|focus_punch|frustration|giga_impact|grass_knot|hail|hidden_power|hyper_beam|ice_beam|iron_tail|natural_gift|protect|rain_dance|rest|return|rock_smash|secret_power|sleep_talk|strength|substitute|surf|swagger|toxic|water_pulse|waterfall|whirlpool;aqua_tail|dive|headbutt|helping_hand|ice_punch|icy_wind|knock_off|mud_slap|rollout|snore|superpower|swift;;water1|fairy;;;184;Conejo Agua;0,8;28,5;azul;50;no;Sus largas orejas son sensores que pueden percibir movimientos de seres vivos en el lecho del río.;;;;
sudowoodo;Sudowoodo;rock;70;100;115;30;65;30;sturdy;rock_head;;medium_fast;144;65;defense:2;1:copycat|1:flail|1:low_kick|1:rock_throw|1:wood_hammer|6:flail|9:low_kick|14:rock_throw|17:mimic|22:block|25:feint_attack|30:rock_tomb|33:rock_slide|38:slam|41:sucker_punch|46:double_edge|49:hammer_arm;attract|brick_break|calm_mind|captivate|dig|double_team|earthquake|endure|explosion|facade|fling|focus_punch|frustration|hidden_power|natural_gift|protect|psych_up|rest|return|rock_polish|rock_slide|rock_smash|rock_tomb|sandstorm|secret_power|sleep_talk|stealth_rock|stone_edge|strength|substitute|sunny_day|swagger|taunt|thief|torment|toxic;block|earth_power|fire_punch|headbutt|helping_hand|ice_punch|low_kick|mud_slap|role_play|rollout|snore|sucker_punch|thunder_punch;defense_curl|harden|headbutt|rollout|sand_tomb|self_destruct;mineral;;;185;Imitación;1,2;38;marrón;50;no;Aunque pretende ser un árbol, en su composición se parece más a una roca que a una planta.;;;;
politoed;Politoed;water;90;75;75;90;100;70;water_absorb;damp;;medium_slow;225;45;sp_defense:3;1:bubble_beam|1:double_slap|1:hypnosis|1:perish_song|27:swagger|37:bounce|48:hyper_voice;attract|blizzard|brick_break|captivate|dig|double_team|earthquake|endure|facade|fling|focus_blast|focus_punch|frustration|giga_impact|hail|hidden_power|hyper_beam|ice_beam|natural_gift|payback|protect|psychic|rain_dance|rest|return|rock_smash|secret_power|sleep_talk|strength|substitute|surf|swagger|thief|toxic|water_pulse|waterfall|whirlpool;bounce|dive|headbutt|helping_hand|icy_wind|mud_slap|snore;;water1;;;186;Rana;1,1;33,9;verde;50;no;Cuando tres o más de estos se juntan, emiten un sonido muy fuerte parecido a un bramido.;;;;
hoppip;Hoppip;grass|flying;35;35;40;35;55;50;chlorophyll;leaf_guard;;medium_slow;50;255;sp_defense:1;1:splash|4:synthesis|7:tail_whip|10:tackle|12:poison_powder|14:stun_spore|16:sleep_powder|19:bullet_seed|22:leech_seed|25:mega_drain|28:cotton_spore|31:u_turn|34:worry_seed|37:giga_drain|40:bounce|43:memento;aerial_ace|attract|bullet_seed|captivate|double_team|endure|energy_ball|facade|flash|frustration|giga_drain|grass_knot|hidden_power|natural_gift|protect|rest|return|secret_power|silver_wind|sleep_talk|solar_beam|substitute|sunny_day|swagger|swords_dance|toxic|u_turn;bounce|headbutt|helping_hand|seed_bomb|snore|synthesis|worry_seed;amnesia|aromatherapy|confusion|double_edge|encore|helping_hand|psych_up|reflect|worry_seed;fairy|plant;skiploom@18;;187;Algadón;0,4;0,5;rosa;50;no;Su cuerpo es tan ligero, que debe agarrarse bien al suelo con las patas para no irse con el viento.;;;;
skiploom;Skiploom;grass|flying;55;45;50;45;65;80;chlorophyll;leaf_guard;;medium_slow;119;120;speed:2;1:splash|1:synthesis|1:tackle|1:tail_whip|4:synthesis|7:tail_whip|10:tackle|12:poison_powder|14:stun_spore|16:sleep_powder|20:bullet_seed|24:leech_seed|28:mega_drain|32:cotton_spore|36:u_turn|40:worry_seed|44:giga_drain|48:bounce|52:memento;aerial_ace|attract|bullet_seed|captivate|double_team|endure|energy_ball|facade|flash|frustration|giga_drain|grass_knot|hidden_power|natural_gift|protect|rest|return|secret_power|silver_wind|sleep_talk|solar_beam|substitute|sunny_day|swagger|swords_dance|toxic|u_turn;bounce|headbutt|helping_hand|seed_bomb|snore|synthesis|worry_seed;;fairy|plant;jumpluff@27;;188;Algadón;0,6;1;verde;50;no;La flor de su cabeza se abre y cierra según suba o baje la temperatura.;;;;
jumpluff;Jumpluff;grass|flying;75;55;70;55;85;110;chlorophyll;leaf_guard;;medium_slow;207;45;speed:3;1:splash|1:synthesis|1:tackle|1:tail_whip|4:synthesis|7:tail_whip|10:tackle|12:poison_powder|14:stun_spore|16:sleep_powder|20:bullet_seed|24:leech_seed|28:mega_drain|32:cotton_spore|36:u_turn|40:worry_seed|44:giga_drain|48:bounce|52:memento;aerial_ace|attract|bullet_seed|captivate|double_team|endure|energy_ball|facade|flash|frustration|giga_drain|giga_impact|grass_knot|hidden_power|hyper_beam|natural_gift|protect|rest|return|secret_power|silver_wind|sleep_talk|solar_beam|substitute|sunny_day|swagger|swords_dance|toxic|u_turn;bounce|headbutt|helping_hand|seed_bomb|snore|synthesis|worry_seed;;fairy|plant;;;189;Algadón;0,8;3;azul;50;no;Los vientos estacionales lo llevan por todo el mundo, donde va soltando sus esporas.;;;;
aipom;Aipom;normal;55;70;55;40;55;85;run_away;pickup;;fast;72;45;speed:1;1:scratch|1:tail_whip|4:sand_attack|8:astonish|11:baton_pass|15:tickle|18:fury_swipes|22:swift|25:screech|29:agility|32:double_hit|36:fling|39:nasty_plot|43:last_resort;aerial_ace|attract|brick_break|captivate|cut|dig|double_team|dream_eater|endure|facade|fling|focus_punch|frustration|grass_knot|hidden_power|iron_tail|natural_gift|payback|protect|rain_dance|rest|return|rock_smash|secret_power|shadow_ball|shadow_claw|shock_wave|sleep_talk|snatch|solar_beam|strength|substitute|sunny_day|swagger|taunt|thief|thunder|thunder_wave|thunderbolt|toxic|u_turn|water_pulse;bounce|fire_punch|fury_cutter|gunk_shot|headbutt|ice_punch|knock_off|last_resort|low_kick|mud_slap|role_play|seed_bomb|snore|spite|swift|thunder_punch|uproar;agility|beat_up|bounce|counter|covet|double_slap|fake_out|pursuit|screech|slam|spite;ground;ambipom@subir+sabe:double_hit;;190;Cola Larga;0,8;11,5;morado;50;no;Vive en lo alto de los árboles. Cuando salta de rama en rama, usa su cola para equilibrarse.;;;;
sunkern;Sunkern;grass;30;30;30;30;30;30;chlorophyll;solar_power;;medium_slow;36;235;sp_attack:1;1:absorb|1:growth|5:mega_drain|9:ingrain|13:grass_whistle|17:leech_seed|21:endeavor|25:worry_seed|29:razor_leaf|33:synthesis|37:sunny_day|41:giga_drain|45:seed_bomb;attract|bullet_seed|captivate|cut|double_team|endure|energy_ball|facade|flash|frustration|giga_drain|grass_knot|hidden_power|light_screen|natural_gift|protect|rest|return|safeguard|secret_power|sleep_talk|sludge_bomb|solar_beam|substitute|sunny_day|swagger|swords_dance|toxic;earth_power|endeavor|helping_hand|seed_bomb|snore|synthesis|uproar|worry_seed;curse|encore|grass_whistle|helping_hand|ingrain|leech_seed|nature_power|sweet_scent;plant;sunflora@objeto:sun_stone;;191;Semilla;0,3;1,8;amarillo;50;no;Puede caer del cielo de repente. Si le ataca un Spearow, moverá violentamente sus hojas.;;;;
sunflora;Sunflora;grass;75;75;55;105;85;30;chlorophyll;solar_power;;medium_slow;149;120;sp_attack:2;1:absorb|1:growth|1:pound|5:mega_drain|9:ingrain|13:grass_whistle|17:leech_seed|21:bullet_seed|25:worry_seed|29:razor_leaf|33:petal_dance|37:sunny_day|41:solar_beam|43:leaf_storm;attract|bullet_seed|captivate|cut|double_team|endure|energy_ball|facade|flash|frustration|giga_drain|giga_impact|grass_knot|hidden_power|hyper_beam|light_screen|natural_gift|protect|rest|return|safeguard|secret_power|sleep_talk|sludge_bomb|solar_beam|substitute|sunny_day|swagger|swords_dance|toxic;earth_power|endeavor|helping_hand|seed_bomb|snore|synthesis|uproar|worry_seed;;plant;;;192;Sol;0,8;8,5;amarillo;50;no;A medida que se acerca el verano, va adquiriendo un color más vivo e intenso en los pétalos de la cara.;;;;
yanma;Yanma;bug|flying;65;65;45;75;45;95;speed_boost;compound_eyes;;medium_fast;78;75;speed:1;1:foresight|1:tackle|6:quick_attack|11:double_team|14:sonic_boom|17:detect|22:supersonic|27:uproar|30:pursuit|33:ancient_power|38:hypnosis|43:wing_attack|46:screech|49:u_turn|54:air_slash|57:bug_buzz;aerial_ace|attract|captivate|defog|double_team|dream_eater|endure|facade|flash|frustration|giga_drain|hidden_power|natural_gift|protect|psychic|rest|return|roost|secret_power|shadow_ball|silver_wind|sleep_talk|solar_beam|steel_wing|substitute|sunny_day|swagger|thief|toxic|u_turn;air_cutter|ancient_power|bug_bite|headbutt|ominous_wind|signal_beam|snore|string_shot|swift|tailwind|uproar;feint|feint_attack|leech_life|pursuit|reversal|signal_beam|silver_wind|whirlwind;bug;yanmega@subir+sabe:ancient_power;;193;Ala Clara;1,2;38;rojo;50;no;Su campo visual es de 360° sin girar la cabeza. Detecta hasta las presas que están a su espalda.;;;;
wooper;Wooper;water|ground;55;45;45;25;25;15;damp;water_absorb;;medium_fast;42;255;hp:1;1:tail_whip|1:water_gun|5:mud_sport|9:mud_shot|15:slam|19:mud_bomb|23:amnesia|29:yawn|33:earthquake|37:rain_dance|43:haze|43:mist|47:muddy_water;attract|blizzard|captivate|dig|double_team|earthquake|endure|facade|flash|frustration|hail|hidden_power|ice_beam|iron_tail|natural_gift|protect|rain_dance|rest|return|rock_smash|sandstorm|secret_power|sleep_talk|sludge_bomb|substitute|surf|swagger|toxic|water_pulse|waterfall|whirlpool;ancient_power|aqua_tail|dive|earth_power|headbutt|ice_punch|icy_wind|mud_slap|rollout|snore;ancient_power|body_slam|counter|curse|double_kick|encore|mud_sport|recover|safeguard|spit_up|stockpile|swallow;water1|ground;quagsire@20;;194;Pez Agua;0,4;8,5;azul;50;no;Este Pokémon vive en aguas frías. Sale del agua para buscar comida cuando refresca el ambiente.;;;;
quagsire;Quagsire;water|ground;95;85;85;65;65;35;damp;water_absorb;;medium_fast;151;90;hp:2;1:mud_sport|1:tail_whip|1:water_gun|5:mud_sport|9:mud_shot|15:slam|19:mud_bomb|24:amnesia|31:yawn|36:earthquake|41:rain_dance|48:haze|48:mist|53:muddy_water;attract|blizzard|brick_break|captivate|dig|double_team|earthquake|endure|facade|flash|fling|focus_blast|focus_punch|frustration|giga_impact|hail|hidden_power|hyper_beam|ice_beam|iron_tail|natural_gift|protect|rain_dance|rest|return|rock_slide|rock_smash|rock_tomb|sandstorm|secret_power|sleep_talk|sludge_bomb|stone_edge|strength|substitute|surf|swagger|toxic|water_pulse|waterfall|whirlpool;ancient_power|aqua_tail|dive|earth_power|headbutt|ice_punch|icy_wind|mud_slap|rollout|snore;;water1|ground;;;195;Pez Agua;1,4;75;azul;50;no;Es un Pokémon bastante perezoso. Para pescar permanece en el fondo del río con la boca abierta.;;;;
espeon;Espeon;psychic;65;65;60;130;95;110;synchronize;;;medium_fast;184;45;sp_attack:2;1:helping_hand|1:tackle|1:tail_whip|8:sand_attack|15:confusion|22:quick_attack|29:swift|36:psybeam|43:future_sight|50:last_resort|57:psych_up|64:psychic|71:morning_sun|78:power_swap;attract|calm_mind|captivate|cut|dig|double_team|dream_eater|endure|facade|flash|frustration|giga_impact|grass_knot|hidden_power|hyper_beam|iron_tail|light_screen|natural_gift|protect|psych_up|psychic|rain_dance|reflect|rest|return|secret_power|shadow_ball|skill_swap|sleep_talk|substitute|sunny_day|swagger|toxic|trick_room;headbutt|heal_bell|helping_hand|last_resort|magic_coat|mud_slap|signal_beam|snore|swift|trick|zen_headbutt;;ground;;;196;Sol;0,9;26,5;morado;12,5;no;Al predecir el siguiente movimiento de su rival, chasquea el extremo de la cola bífida que tiene.;;;;
umbreon;Umbreon;dark;95;65;110;60;130;65;synchronize;;;medium_fast;184;45;sp_defense:2;1:helping_hand|1:tackle|1:tail_whip|8:sand_attack|15:pursuit|22:quick_attack|29:confuse_ray|36:feint_attack|43:assurance|50:last_resort|57:mean_look|64:screech|71:moonlight|78:guard_swap;attract|captivate|cut|dark_pulse|dig|double_team|dream_eater|endure|facade|flash|frustration|giga_impact|hidden_power|hyper_beam|iron_tail|natural_gift|payback|protect|psych_up|psychic|rain_dance|rest|return|secret_power|shadow_ball|sleep_talk|snatch|substitute|sunny_day|swagger|taunt|torment|toxic;headbutt|heal_bell|helping_hand|last_resort|mud_slap|snore|spite|sucker_punch|swift;;ground;;;197;Luz Lunar;1;27;negro;12,5;no;Creado cuando la luz lunar alteró la estructura genética de Eevee. Busca presas en la oscuridad.;;;;
murkrow;Murkrow;dark|flying;60;85;42;85;42;91;insomnia;super_luck;;medium_slow;81;30;speed:1;1:astonish|1:peck|5:pursuit|11:haze|15:wing_attack|21:night_shade|25:assurance|31:taunt|35:feint_attack|41:mean_look|45:sucker_punch;aerial_ace|attract|calm_mind|captivate|dark_pulse|defog|double_team|dream_eater|embargo|endure|facade|fly|frustration|hidden_power|natural_gift|payback|pluck|protect|psych_up|psychic|rain_dance|rest|return|roost|secret_power|shadow_ball|sleep_talk|snatch|steel_wing|substitute|sunny_day|swagger|taunt|thief|thunder_wave|torment|toxic;air_cutter|heat_wave|icy_wind|mud_slap|ominous_wind|spite|sucker_punch|swift|tailwind|twister|uproar;brave_bird|confuse_ray|drill_peck|feather_dance|feint_attack|mirror_move|perish_song|psycho_shift|screech|sky_attack|whirlwind|wing_attack;flying;honchkrow@objeto:dusk_stone;;198;Oscuridad;0,5;2,1;negro;50;no;Esconde objetos brillantes en un lugar secreto. Meowth y Murkrow suelen saquear su escondite.;;;;
slowking;Slowking;water|psychic;95;75;80;100;110;30;oblivious;own_tempo;;medium_fast;172;70;sp_defense:2;1:curse|1:hidden_power|1:power_gem|1:tackle|1:yawn|6:growl|11:water_gun|15:confusion|20:disable|25:headbutt|29:water_pulse|34:zen_headbutt|39:nasty_plot|43:swagger|48:psychic|53:trump_card|57:psych_up;attract|avalanche|blizzard|brick_break|brine|calm_mind|captivate|dig|double_team|drain_punch|dream_eater|earthquake|endure|facade|fire_blast|flamethrower|flash|fling|focus_blast|focus_punch|frustration|giga_impact|grass_knot|hail|hidden_power|hyper_beam|ice_beam|iron_tail|light_screen|natural_gift|protect|psych_up|psychic|rain_dance|recycle|rest|return|rock_smash|safeguard|secret_power|shadow_ball|skill_swap|sleep_talk|strength|substitute|sunny_day|surf|swagger|thunder_wave|toxic|trick_room|water_pulse|whirlpool;aqua_tail|block|dive|fury_cutter|headbutt|ice_punch|icy_wind|iron_defense|magic_coat|mud_slap|signal_beam|snore|swift|trick|zen_headbutt;;monster|water1;;;199;Regio;2;79,5;rosa;50;no;Su intelecto e intuición son increíbles. No pierde la compostura en ninguna situación.;;;;
misdreavus;Misdreavus;ghost;60;60;60;85;85;85;levitate;;;fast;87;45;sp_defense:1;1:growl|1:psywave|5:spite|10:astonish|14:confuse_ray|19:mean_look|23:psybeam|28:pain_split|32:payback|37:shadow_ball|41:perish_song|46:grudge|50:power_gem;aerial_ace|attract|calm_mind|captivate|charge_beam|dark_pulse|double_team|dream_eater|embargo|endure|facade|flash|frustration|hidden_power|natural_gift|payback|protect|psych_up|psychic|rain_dance|rest|return|secret_power|shadow_ball|shock_wave|skill_swap|sleep_talk|snatch|substitute|sunny_day|swagger|taunt|thief|thunder|thunder_wave|thunderbolt|torment|toxic|trick_room|will_o_wisp;headbutt|heal_bell|icy_wind|magic_coat|ominous_wind|pain_split|snore|spite|sucker_punch|swift|trick|uproar;curse|destiny_bond|imprison|memento|nasty_plot|ominous_wind|psych_up|screech|shadow_sneak|spite|sucker_punch;indeterminate;mismagius@objeto:dusk_stone;;200;Chirrido;0,7;1;gris;50;no;Se deleita con el miedo, que absorbe con sus esferas rojas. Por el día, duerme en la oscuridad.;;;;
unown;Unown;psychic;48;72;48;72;48;48;levitate;;;medium_fast;118;225;attack:1|sp_attack:1;1:hidden_power;;;;no_eggs;;;201;Símbolo;0,5;5;negro;sin_genero;no;Su cuerpo fino y plano aparece siempre en los muros. Su forma parece tener algún significado.;;;;
wobbuffet;Wobbuffet;psychic;190;33;58;33;58;33;shadow_tag;;;medium_fast;142;45;hp:2;1:counter|1:destiny_bond|1:mirror_coat|1:safeguard;;;;indeterminate;;;202;Paciente;1,3;28,5;azul;50;no;Odia la luz y las sacudidas. Si le atacan, infla su cuerpo para aumentar su contraataque.;;;;
girafarig;Girafarig;normal|psychic;70;80;65;90;65;85;inner_focus;early_bird;;medium_fast;159;60;sp_attack:2;1:astonish|1:confusion|1:growl|1:guard_swap|1:power_swap|1:tackle|5:odor_sleuth|10:stomp|14:agility|19:psybeam|23:baton_pass|28:assurance|32:double_hit|37:psychic|41:zen_headbutt|46:crunch;attract|calm_mind|captivate|charge_beam|double_team|dream_eater|earthquake|endure|energy_ball|facade|flash|frustration|grass_knot|hidden_power|iron_tail|light_screen|natural_gift|protect|psych_up|psychic|rain_dance|recycle|reflect|rest|return|rock_smash|secret_power|shadow_ball|shock_wave|skill_swap|sleep_talk|strength|substitute|sunny_day|swagger|thief|thunder|thunder_wave|thunderbolt|toxic|trick_room;gravity|headbutt|magic_coat|mud_slap|signal_beam|snore|sucker_punch|swift|trick|uproar|zen_headbutt;amnesia|beat_up|double_kick|foresight|future_sight|magic_coat|mirror_coat|psych_up|razor_wind|take_down|wish;ground;;;203;Gran Cuello;1,5;41,5;amarillo;50;no;Cuando duerme, la cabeza de su cola se queda vigilando, ya que ella no necesita dormir.;;;;
pineco;Pineco;bug;50;65;90;35;35;15;sturdy;;;medium_fast;58;190;defense:1;1:protect|1:tackle|6:self_destruct|9:bug_bite|12:take_down|17:rapid_spin|20:bide|23:natural_gift|28:spikes|31:payback|34:explosion|39:iron_defense|42:gyro_ball|45:double_edge;attract|captivate|dig|double_team|earthquake|endure|explosion|facade|frustration|giga_drain|gyro_ball|hidden_power|light_screen|natural_gift|payback|protect|reflect|rest|return|rock_slide|rock_smash|rock_tomb|sandstorm|secret_power|sleep_talk|solar_beam|stealth_rock|strength|substitute|sunny_day|swagger|toxic;bug_bite|gravity|headbutt|iron_defense|pain_split|rollout|snore|string_shot;counter|double_edge|flail|pin_missile|power_trick|reflect|revenge|sand_tomb|swift|toxic_spikes;bug;forretress@31;;204;Larva;0,6;7,2;gris;50;no;Le gusta engrosar su coraza añadiendo cortezas de árbol. El aumento de peso no le molesta.;;;;
forretress;Forretress;bug|steel;75;90;140;60;60;40;sturdy;;;medium_fast;163;75;defense:2;1:bug_bite|1:protect|1:self_destruct|1:tackle|1:toxic_spikes|6:self_destruct|9:bug_bite|12:take_down|17:rapid_spin|20:bide|23:natural_gift|28:spikes|31:mirror_shot|33:payback|38:explosion|45:iron_defense|50:gyro_ball|55:double_edge|62:magnet_rise|67:zap_cannon;attract|captivate|dig|double_team|earthquake|endure|explosion|facade|flash_cannon|frustration|giga_drain|giga_impact|gyro_ball|hidden_power|hyper_beam|light_screen|natural_gift|payback|protect|reflect|rest|return|rock_polish|rock_slide|rock_smash|rock_tomb|sandstorm|secret_power|sleep_talk|solar_beam|stealth_rock|strength|substitute|sunny_day|swagger|toxic;block|bug_bite|gravity|headbutt|iron_defense|magnet_rise|pain_split|rollout|signal_beam|snore|string_shot;;bug;;;205;Larva;1,2;125,8;morado;50;no;Se protege con su concha de acero de tal manera que solo se pueden ver sus ojos.;;;;
dunsparce;Dunsparce;normal;100;70;70;65;65;45;serene_grace;run_away;;medium_fast;145;190;hp:1;1:rage|5:defense_curl|9:yawn|13:glare|17:rollout|21:spite|25:pursuit|29:screech|33:roost|37:take_down|41:ancient_power|45:dig|49:endeavor|53:flail;attract|blizzard|calm_mind|captivate|charge_beam|dig|double_team|dream_eater|earthquake|endure|facade|fire_blast|flamethrower|frustration|gyro_ball|hidden_power|ice_beam|iron_tail|natural_gift|poison_jab|protect|psych_up|rain_dance|rest|return|rock_slide|rock_smash|rock_tomb|roost|secret_power|shadow_ball|shock_wave|sleep_talk|solar_beam|stealth_rock|strength|substitute|sunny_day|swagger|thief|thunder|thunder_wave|thunderbolt|toxic|water_pulse;ancient_power|aqua_tail|endeavor|headbutt|last_resort|magic_coat|mud_slap|pain_split|rollout|snore|spite|zen_headbutt;agility|ancient_power|astonish|bide|bite|curse|headbutt|magic_coat|rock_slide|snore|trump_card;ground;;;206;Serpiente Tierra;1,5;14;amarillo;50;no;Este Pokémon escapa hacia atrás perforando el suelo con su cola, si es descubierto.;;;;
gligar;Gligar;ground|flying;65;75;105;35;65;85;hyper_cutter;sand_veil;;medium_slow;86;60;defense:1;1:poison_sting|5:sand_attack|9:harden|12:knock_off|16:quick_attack|20:fury_cutter|23:feint_attack|27:screech|31:slash|34:swords_dance|38:u_turn|42:x_scissor|45:guillotine;aerial_ace|attract|brick_break|captivate|cut|dark_pulse|defog|dig|double_team|earthquake|endure|facade|false_swipe|fling|frustration|hidden_power|iron_tail|natural_gift|payback|poison_jab|protect|rain_dance|rest|return|rock_polish|rock_slide|rock_smash|rock_tomb|roost|sandstorm|secret_power|sleep_talk|sludge_bomb|stealth_rock|steel_wing|stone_edge|strength|substitute|sunny_day|swagger|swords_dance|taunt|thief|torment|toxic|u_turn|x_scissor;aqua_tail|earth_power|fury_cutter|headbutt|knock_off|snore|swift|tailwind;agility|baton_pass|counter|cross_poison|double_edge|feint|metal_claw|night_slash|power_trick|razor_wind|sand_tomb|wing_attack;bug;gliscor@subir+hora:noche+lleva:razor_fang;;207;Escorpiala;1,1;64,8;morado;50;no;A veces se sujeta a los precipicios. Cuando divisa una presa, despliega sus alas y planea para atacar.;;;;
steelix;Steelix;steel|ground;75;85;200;55;65;30;rock_head;sturdy;;medium_fast;179;25;defense:2;1:bind|1:fire_fang|1:harden|1:ice_fang|1:mud_sport|1:tackle|1:thunder_fang|6:screech|9:rock_throw|14:rage|17:rock_tomb|22:sandstorm|25:slam|30:rock_polish|33:dragon_breath|38:curse|41:iron_tail|46:crunch|49:double_edge|54:stone_edge;attract|captivate|cut|dark_pulse|dig|double_team|dragon_pulse|earthquake|endure|explosion|facade|flash_cannon|frustration|giga_impact|gyro_ball|hidden_power|hyper_beam|iron_tail|natural_gift|payback|protect|psych_up|rest|return|roar|rock_climb|rock_polish|rock_slide|rock_smash|rock_tomb|sandstorm|secret_power|sleep_talk|stealth_rock|stone_edge|strength|substitute|sunny_day|swagger|taunt|torment|toxic;ancient_power|aqua_tail|block|earth_power|headbutt|iron_head|magnet_rise|mud_slap|rollout|snore|twister;;mineral;;;208;Serpiente Férrea;9,2;400;gris;50;no;Su cuerpo es más duro que cualquier metal debido a la gran presión y calor de su hábitat.;;;;
snubbull;Snubbull;normal;60;80;50;40;40;30;intimidate;run_away;;fast;60;190;attack:1;1:charm|1:fire_fang|1:ice_fang|1:scary_face|1:tackle|1:tail_whip|1:thunder_fang|7:bite|13:lick|19:headbutt|25:roar|31:rage|37:take_down|43:payback|49:crunch;attract|brick_break|bulk_up|captivate|dig|double_team|earthquake|endure|facade|fire_blast|flamethrower|fling|focus_punch|frustration|hidden_power|natural_gift|overheat|payback|protect|rain_dance|rest|return|roar|rock_smash|secret_power|shadow_ball|shock_wave|sleep_talk|sludge_bomb|solar_beam|strength|substitute|sunny_day|swagger|taunt|thief|thunder|thunder_wave|thunderbolt|torment|toxic|water_pulse;fire_punch|headbutt|heal_bell|ice_punch|last_resort|low_kick|mud_slap|snore|super_fang|superpower|thunder_punch;close_combat|crunch|feint_attack|fire_fang|heal_bell|ice_fang|metronome|present|reflect|smelling_salts|snore|thunder_fang;ground|fairy;granbull@23;;209;Hada;0,6;7,8;rosa;75;no;Muy travieso por naturaleza, a muchas mujeres les gusta jugar con él porque es muy cariñoso.;;;;
granbull;Granbull;normal;90;120;75;60;60;45;intimidate;quick_feet;;fast;158;75;attack:2;1:charm|1:fire_fang|1:ice_fang|1:scary_face|1:tackle|1:tail_whip|1:thunder_fang|7:bite|13:lick|19:headbutt|27:roar|35:rage|43:take_down|51:payback|59:crunch;attract|brick_break|bulk_up|captivate|dig|double_team|earthquake|endure|facade|fire_blast|flamethrower|fling|focus_blast|focus_punch|frustration|giga_impact|hidden_power|hyper_beam|iron_tail|natural_gift|overheat|payback|protect|rain_dance|rest|return|roar|rock_climb|rock_slide|rock_smash|rock_tomb|secret_power|shadow_ball|shock_wave|sleep_talk|sludge_bomb|solar_beam|stone_edge|strength|substitute|sunny_day|swagger|taunt|thief|thunder|thunder_wave|thunderbolt|torment|toxic|water_pulse;fire_punch|headbutt|heal_bell|ice_punch|last_resort|low_kick|mud_slap|snore|super_fang|superpower|thunder_punch;;ground|fairy;;;210;Hada;1,4;48,7;morado;75;no;A pesar de su aspecto, es muy tímido. Sin embargo, cuando se enfada, ataca con sus colmillos.;;;;
qwilfish;Qwilfish;water|poison;65;95;75;55;55;85;poison_point;swift_swim;;medium_fast;88;45;attack:1;1:poison_sting|1:spikes|1:tackle|9:harden|9:minimize|13:water_gun|17:rollout|21:toxic_spikes|25:spit_up|25:stockpile|29:revenge|33:brine|37:pin_missile|41:take_down|45:aqua_tail|49:poison_jab|53:destiny_bond|57:hydro_pump;attract|blizzard|brine|captivate|double_team|endure|explosion|facade|frustration|gyro_ball|hail|hidden_power|ice_beam|natural_gift|payback|poison_jab|protect|rain_dance|rest|return|secret_power|shadow_ball|shock_wave|sleep_talk|sludge_bomb|substitute|surf|swagger|taunt|thunder_wave|toxic|water_pulse|waterfall|whirlpool;aqua_tail|bounce|dive|headbutt|icy_wind|pain_split|rollout|signal_beam|snore|swift;aqua_jet|astonish|bubble_beam|flail|haze|poison_jab|signal_beam|supersonic;water2;;;211;Globo;0,5;3,9;gris;50;no;Para arrojar sus venenosas púas, infla su cuerpo bebiendo hasta diez litros de agua de una sola vez.;;;;
scizor;Scizor;bug|steel;70;130;100;55;80;65;swarm;technician;;medium_fast;175;25;attack:2;1:bullet_punch|1:leer|1:quick_attack|5:focus_energy|9:pursuit|13:false_swipe|17:agility|21:metal_claw|25:fury_cutter|29:slash|33:razor_wind|37:iron_defense|41:x_scissor|45:night_slash|49:double_hit|53:iron_head|57:swords_dance|61:feint;aerial_ace|attract|brick_break|captivate|cut|defog|double_team|endure|facade|false_swipe|flash_cannon|fling|frustration|giga_impact|hidden_power|hyper_beam|natural_gift|protect|rain_dance|rest|return|rock_smash|roost|sandstorm|secret_power|silver_wind|sleep_talk|steel_wing|strength|substitute|sunny_day|swagger|swords_dance|thief|toxic|u_turn|x_scissor;bug_bite|fury_cutter|headbutt|iron_defense|iron_head|knock_off|ominous_wind|snore|superpower|swift|tailwind;;bug;;;212;Tenaza;1,8;118;rojo;50;no;Las pinzas que posee tienen acero. Con ellas, no hay nada que se le resista. Rompen todo lo que pillan.;;;;
shuckle;Shuckle;bug|rock;20;10;230;10;230;5;sturdy;gluttony;;medium_slow;177;190;defense:1|sp_defense:1;1:bide|1:constrict|1:withdraw|9:encore|14:safeguard|22:wrap|27:rest|35:gastro_acid|40:bug_bite|48:power_trick;attract|captivate|dig|double_team|earthquake|endure|facade|flash|frustration|gyro_ball|hidden_power|natural_gift|protect|rest|return|rock_polish|rock_slide|rock_smash|rock_tomb|safeguard|sandstorm|secret_power|sleep_talk|sludge_bomb|stealth_rock|stone_edge|strength|substitute|sunny_day|swagger|toxic;ancient_power|bug_bite|earth_power|gastro_acid|headbutt|helping_hand|mud_slap|rollout|snore|string_shot;acupressure|helping_hand|knock_off|mud_slap|sand_tomb|sweet_scent;bug;;;213;Moho;0,6;20,5;amarillo;50;no;Las bayas que almacena en su caparazón con forma de tarro se convierten al final en un espeso zumo.;;;;
heracross;Heracross;bug|fighting;80;125;75;40;95;85;swarm;guts;;slow;175;45;attack:2;1:endure|1:horn_attack|1:leer|1:night_slash|1:tackle|7:fury_attack|13:aerial_ace|19:brick_break|25:counter|31:take_down|37:close_combat|43:reversal|49:feint|55:megahorn;aerial_ace|attract|brick_break|bulk_up|captivate|cut|dig|double_team|earthquake|endure|facade|fling|focus_blast|focus_punch|frustration|giga_impact|hidden_power|hyper_beam|natural_gift|protect|rain_dance|rest|return|rock_slide|rock_smash|rock_tomb|secret_power|shadow_claw|sleep_talk|stone_edge|strength|substitute|sunny_day|swagger|swords_dance|thief|toxic;bug_bite|fury_cutter|headbutt|helping_hand|iron_defense|knock_off|low_kick|snore|vacuum_wave;bide|double_edge|false_swipe|flail|harden|pursuit|revenge;bug;;;214;Cuerno;1,5;54;azul;50;no;Este fuerte Pokémon clava su preciado cuerno en la tripa del enemigo, lo eleva y luego lo arroja.;;;;
sneasel;Sneasel;dark|ice;55;95;55;35;75;115;inner_focus;keen_eye;;medium_slow;86;60;speed:1;1:leer|1:scratch|1:taunt|8:quick_attack|10:screech|14:feint_attack|21:fury_swipes|24:agility|28:icy_wind|35:slash|38:beat_up|42:metal_claw|49:ice_shard;aerial_ace|attract|avalanche|blizzard|brick_break|calm_mind|captivate|cut|dark_pulse|dig|double_team|dream_eater|embargo|endure|facade|false_swipe|fling|focus_punch|frustration|hail|hidden_power|ice_beam|iron_tail|natural_gift|payback|poison_jab|protect|psych_up|rain_dance|rest|return|rock_smash|secret_power|shadow_ball|shadow_claw|sleep_talk|snatch|strength|substitute|sunny_day|surf|swagger|swords_dance|taunt|thief|torment|toxic|whirlpool|x_scissor;fury_cutter|headbutt|ice_punch|icy_wind|knock_off|low_kick|mud_slap|snore|spite|swift;assist|bite|counter|crush_claw|double_hit|fake_out|foresight|ice_punch|ice_shard|punishment|pursuit|reflect|spite;ground;weavile@subir+hora:noche+lleva:razor_claw;;215;Garra Filo;0,9;28;negro;50;no;Se alimenta de huevos robados en nidos. Clava sus afiladas garras en los puntos débiles de sus rivales.;;;;
teddiursa;Teddiursa;normal;60;80;50;50;50;40;pickup;quick_feet;;medium_fast;66;120;attack:1;1:covet|1:fake_tears|1:leer|1:lick|1:scratch|8:fury_swipes|15:feint_attack|22:sweet_scent|29:slash|36:charm|43:rest|43:snore|50:thrash|57:fling;aerial_ace|attract|brick_break|bulk_up|captivate|cut|dig|double_team|earthquake|endure|facade|fling|focus_punch|frustration|hidden_power|natural_gift|payback|protect|rain_dance|rest|return|roar|rock_slide|rock_smash|rock_tomb|secret_power|shadow_claw|sleep_talk|strength|substitute|sunny_day|swagger|swords_dance|taunt|thief|torment|toxic;fire_punch|fury_cutter|gunk_shot|headbutt|ice_punch|last_resort|mud_slap|rollout|seed_bomb|snore|superpower|swift|thunder_punch;belly_drum|close_combat|counter|cross_chop|crunch|double_edge|fake_tears|metal_claw|night_slash|seismic_toss|sleep_talk|take_down|yawn;ground;ursaring@30;;216;Osito;0,6;8,8;marrón;50;no;Si encuentra miel, brillará la marca de su frente. Se lame las garras cuando están llenas de miel.;;;;
ursaring;Ursaring;normal;90;130;75;75;75;55;guts;quick_feet;;medium_fast;175;60;attack:2;1:covet|1:fake_tears|1:leer|1:lick|1:scratch|8:fury_swipes|15:feint_attack|22:sweet_scent|29:slash|38:scary_face|47:rest|49:snore|58:thrash|67:hammer_arm;aerial_ace|attract|avalanche|brick_break|bulk_up|captivate|cut|dig|double_team|earthquake|endure|facade|fling|focus_blast|focus_punch|frustration|giga_impact|hidden_power|hyper_beam|natural_gift|payback|protect|rain_dance|rest|return|roar|rock_climb|rock_slide|rock_smash|rock_tomb|secret_power|shadow_claw|sleep_talk|stone_edge|strength|substitute|sunny_day|swagger|swords_dance|taunt|thief|torment|toxic;fire_punch|fury_cutter|gunk_shot|headbutt|ice_punch|last_resort|low_kick|mud_slap|rollout|seed_bomb|snore|superpower|swift|thunder_punch|uproar;;ground;;;217;Hibernante;1,8;125,8;marrón;50;no;Capaz de percibir cualquier tipo de aroma, encuentra sin problemas todo alimento enterrado bajo tierra.;;;;
slugma;Slugma;fire;40;40;40;70;40;20;magma_armor;flame_body;;medium_fast;50;190;sp_attack:1;1:smog|1:yawn|8:ember|11:rock_throw|16:harden|23:recover|26:ancient_power|31:amnesia|38:lava_plume|41:rock_slide|46:body_slam|53:flamethrower|56:earth_power;attract|captivate|double_team|endure|facade|fire_blast|flamethrower|frustration|hidden_power|light_screen|natural_gift|overheat|protect|reflect|rest|return|rock_slide|rock_smash|rock_tomb|secret_power|sleep_talk|substitute|sunny_day|swagger|toxic|will_o_wisp;ancient_power|earth_power|heat_wave|iron_defense|mud_slap|pain_split|rollout|snore;acid_armor|curse|heat_wave|memento|smokescreen|spit_up|stockpile|swallow;indeterminate;magcargo@38;;218;Lava;0,7;35;rojo;50;no;Asiduo a las zonas volcánicas, se desliza lentamente en busca de lugares calientes.;;;;
magcargo;Magcargo;fire|rock;50;50;120;80;80;30;magma_armor;flame_body;;medium_fast;151;75;defense:2;1:ember|1:rock_throw|1:smog|1:yawn|8:ember|11:rock_throw|16:harden|23:recover|26:ancient_power|31:amnesia|40:lava_plume|45:rock_slide|52:body_slam|61:flamethrower|66:earth_power;attract|captivate|double_team|earthquake|endure|explosion|facade|fire_blast|flamethrower|frustration|giga_impact|gyro_ball|hidden_power|hyper_beam|light_screen|natural_gift|overheat|protect|reflect|rest|return|rock_polish|rock_slide|rock_smash|rock_tomb|sandstorm|secret_power|sleep_talk|solar_beam|stealth_rock|stone_edge|strength|substitute|sunny_day|swagger|toxic|will_o_wisp;ancient_power|earth_power|heat_wave|iron_defense|mud_slap|pain_split|rollout|snore;;indeterminate;;;219;Lava;0,8;55;rojo;50;no;En ocasiones, su resbaladiza concha lanza intensas llamaradas que recorren todo su cuerpo.;;;;
swinub;Swinub;ice|ground;50;50;40;30;30;50;oblivious;snow_cloak;;slow;50;225;attack:1;1:odor_sleuth|1:tackle|4:mud_sport|8:powder_snow|13:mud_slap|16:endure|20:mud_bomb|25:icy_wind|28:ice_shard|32:take_down|37:earthquake|40:mist|44:blizzard|49:amnesia;attract|blizzard|captivate|dig|double_team|earthquake|endure|facade|frustration|hail|hidden_power|ice_beam|light_screen|natural_gift|protect|rain_dance|reflect|rest|return|roar|rock_slide|rock_smash|rock_tomb|sandstorm|secret_power|sleep_talk|stealth_rock|strength|substitute|swagger|toxic;ancient_power|earth_power|endeavor|headbutt|icy_wind|mud_slap|snore|superpower;ancient_power|bite|body_slam|curse|double_edge|fissure|icicle_spear|mud_shot|rock_slide|take_down;ground;piloswine@33;;220;Cerdo;0,4;6,5;marrón;50;no;Frota su hocico contra el suelo para desenterrar comida. A veces descubre aguas termales.;;;;
piloswine;Piloswine;ice|ground;100;100;80;60;60;50;oblivious;snow_cloak;;slow;158;75;hp:1|attack:1;1:ancient_power|1:mud_sport|1:odor_sleuth|1:peck|1:powder_snow|4:mud_sport|8:powder_snow|13:mud_slap|16:endure|20:mud_bomb|25:icy_wind|28:ice_fang|32:take_down|33:fury_attack|40:earthquake|48:mist|56:blizzard|65:amnesia;attract|avalanche|blizzard|captivate|dig|double_team|earthquake|endure|facade|frustration|giga_impact|hail|hidden_power|hyper_beam|ice_beam|light_screen|natural_gift|protect|rain_dance|reflect|rest|return|roar|rock_slide|rock_smash|rock_tomb|sandstorm|secret_power|sleep_talk|stealth_rock|stone_edge|strength|substitute|swagger|toxic;ancient_power|earth_power|endeavor|headbutt|icy_wind|mud_slap|snore|superpower;;ground;mamoswine@subir+sabe:ancient_power;;221;Puerco;1,1;55,8;marrón;50;no;Aunque tiene las patas cortas, las fuertes pezuñas le permiten agarrarse bien al suelo, a pesar del hielo.;;;;
corsola;Corsola;water|rock;55;55;85;65;85;35;hustle;natural_cure;;fast;144;60;defense:1|sp_defense:1;1:tackle|4:harden|8:bubble|13:recover|16:refresh|20:rock_blast|25:bubble_beam|28:lucky_chant|32:ancient_power|37:aqua_ring|40:spike_cannon|44:power_gem|48:mirror_coat|53:earth_power;attract|blizzard|brine|calm_mind|captivate|dig|double_team|earthquake|endure|explosion|facade|frustration|hail|hidden_power|ice_beam|light_screen|natural_gift|protect|psychic|rain_dance|reflect|rest|return|rock_polish|rock_slide|rock_smash|rock_tomb|safeguard|sandstorm|secret_power|shadow_ball|sleep_talk|stealth_rock|stone_edge|strength|substitute|sunny_day|surf|swagger|toxic|water_pulse|whirlpool;ancient_power|earth_power|endeavor|headbutt|icy_wind|magic_coat|mud_slap|rollout|snore|sucker_punch;amnesia|aqua_ring|barrier|confuse_ray|curse|icicle_spear|ingrain|mist|nature_power|rock_slide|screech;water1|water3;;;222;Coral;0,6;5;rosa;75;no;Crece y muda continuamente. La parte superior de su cabeza es muy apreciada por su belleza.;;;;
remoraid;Remoraid;water;35;65;35;65;35;65;hustle;sniper;;medium_fast;60;190;sp_attack:1;1:water_gun|6:lock_on|10:psybeam|14:aurora_beam|19:bubble_beam|23:focus_energy|27:bullet_seed|32:water_pulse|36:signal_beam|40:ice_beam|45:hyper_beam;attract|blizzard|brine|bullet_seed|captivate|charge_beam|double_team|endure|facade|fire_blast|flamethrower|frustration|hidden_power|hyper_beam|ice_beam|natural_gift|protect|psychic|rain_dance|rest|return|secret_power|sleep_talk|substitute|sunny_day|surf|swagger|thief|thunder_wave|toxic|water_pulse|waterfall|whirlpool;bounce|dive|gunk_shot|icy_wind|mud_slap|seed_bomb|signal_beam|snore|string_shot|swift;aurora_beam|flail|haze|octazooka|rock_blast|screech|snore|supersonic|thunder_wave|water_spout;water1|water2;octillery@25;;223;Reactor;0,6;12;gris;50;no;Tiene muy buena puntería. Dispara agua a sus presas, hasta si se están moviendo, a más de 100 metros.;;;;
octillery;Octillery;water;75;105;75;105;75;45;suction_cups;sniper;;medium_fast;168;75;attack:1|sp_attack:1;1:aurora_beam|1:constrict|1:gunk_shot|1:psybeam|1:rock_blast|1:water_gun|6:constrict|10:psybeam|14:aurora_beam|19:bubble_beam|23:focus_energy|25:octazooka|29:bullet_seed|36:wring_out|42:signal_beam|48:ice_beam|55:hyper_beam;attract|blizzard|brine|bullet_seed|captivate|charge_beam|double_team|endure|energy_ball|facade|fire_blast|flamethrower|flash_cannon|frustration|giga_impact|hidden_power|hyper_beam|ice_beam|natural_gift|payback|protect|psychic|rain_dance|rest|return|secret_power|sleep_talk|sludge_bomb|substitute|sunny_day|surf|swagger|thief|thunder_wave|toxic|water_pulse|waterfall|whirlpool;bounce|dive|gunk_shot|icy_wind|mud_slap|seed_bomb|signal_beam|snore|string_shot|swift;;water1|water2;;;224;Reactor;0,9;28,5;rojo;50;no;Tiene querencia por los agujeros. Ataca escupiendo tinta metido en las grietas de rocas o en recipientes.;;;;
delibird;Delibird;ice|flying;45;55;45;65;45;75;vital_spirit;hustle;;fast;116;45;speed:1;1:present;aerial_ace|attract|avalanche|blizzard|brick_break|captivate|defog|double_team|endure|facade|fling|fly|focus_punch|frustration|hail|hidden_power|ice_beam|natural_gift|pluck|protect|rain_dance|recycle|rest|return|secret_power|sleep_talk|substitute|swagger|thief|toxic|water_pulse;bounce|gunk_shot|headbutt|icy_wind|mud_slap|rollout|seed_bomb|signal_beam|sky_attack|swift;aurora_beam|fake_out|future_sight|ice_ball|ice_punch|ice_shard|quick_attack|rapid_spin|splash;water1|ground;;;225;Reparto;0,9;16;rojo;50;no;Transporta alimentos en su cola enrollada. Le gusta compartir su comida con los montañistas perdidos.;;;;
mantine;Mantine;water|flying;65;40;70;80;140;70;swift_swim;water_absorb;;slow;170;25;sp_defense:2;1:bubble|1:bubble_beam|1:bullet_seed|1:psybeam|1:signal_beam|1:supersonic|1:tackle|4:supersonic|10:bubble_beam|13:headbutt|19:agility|22:wing_attack|28:water_pulse|31:take_down|37:confuse_ray|40:bounce|46:aqua_ring|49:hydro_pump;aerial_ace|attract|blizzard|brine|bullet_seed|captivate|defog|double_team|earthquake|endure|facade|frustration|giga_impact|hail|hidden_power|hyper_beam|ice_beam|natural_gift|protect|rain_dance|rest|return|rock_slide|rock_tomb|secret_power|sleep_talk|substitute|surf|swagger|toxic|water_pulse|waterfall|whirlpool;air_cutter|aqua_tail|bounce|dive|gunk_shot|headbutt|helping_hand|icy_wind|iron_head|mud_slap|seed_bomb|signal_beam|snore|string_shot|swift|tailwind;haze|hydro_pump|mirror_coat|mud_sport|rock_slide|slam|splash|twister|water_sport;water1;;;226;Milano;2,1;220;morado;50;no;Acumula velocidad nadando y puede saltar fuera del agua, alcanzando 100 metros de altura, para descender luego planeando.;;;;
skarmory;Skarmory;steel|flying;65;80;140;40;70;70;keen_eye;sturdy;;slow;163;25;defense:2;1:leer|1:peck|6:sand_attack|9:swift|12:agility|17:fury_attack|20:feint|23:air_cutter|28:spikes|31:metal_sound|34:steel_wing|39:air_slash|42:slash|45:night_slash;aerial_ace|attract|captivate|cut|dark_pulse|defog|double_team|endure|facade|flash|flash_cannon|fly|frustration|hidden_power|natural_gift|payback|pluck|protect|rest|return|roar|rock_slide|rock_smash|rock_tomb|roost|sandstorm|secret_power|sleep_talk|stealth_rock|steel_wing|substitute|sunny_day|swagger|swords_dance|taunt|thief|torment|toxic|x_scissor;air_cutter|fury_cutter|icy_wind|iron_defense|mud_slap|ominous_wind|sky_attack|snore|swift|tailwind|twister;assurance|brave_bird|curse|drill_peck|guard_swap|pursuit|sky_attack|whirlwind;flying;;;227;Coraza Ave;1,7;50,5;gris;50;no;Después de anidar en zarzas, las alas de sus polluelos crecen fortalecidas por los rasguños.;;;;
houndour;Houndour;dark|fire;45;60;30;80;50;65;early_bird;flash_fire;;slow;66;120;sp_attack:1;1:ember|1:leer|4:howl|9:smog|14:roar|17:bite|22:odor_sleuth|27:beat_up|30:fire_fang|35:feint_attack|40:embargo|43:flamethrower|48:crunch|53:nasty_plot;attract|captivate|dark_pulse|double_team|dream_eater|embargo|endure|facade|fire_blast|flamethrower|frustration|hidden_power|iron_tail|natural_gift|overheat|payback|protect|rest|return|roar|rock_smash|secret_power|shadow_ball|sleep_talk|sludge_bomb|snatch|solar_beam|substitute|sunny_day|swagger|taunt|thief|torment|toxic|will_o_wisp;headbutt|heat_wave|mud_slap|role_play|snore|spite|sucker_punch|super_fang|swift|uproar;beat_up|counter|feint|fire_fang|fire_spin|nasty_plot|punishment|pursuit|rage|reversal|spite|thunder_fang|will_o_wisp;ground;houndoom@24;;228;Siniestro;0,6;10,8;negro;50;no;Al amanecer, resuena por la zona su inquietante aullido para anunciar que es su territorio.;;;;
houndoom;Houndoom;dark|fire;75;90;50;110;80;95;early_bird;flash_fire;;slow;175;45;sp_attack:2;1:ember|1:howl|1:leer|1:smog|1:thunder_fang|4:howl|9:smog|14:roar|17:bite|22:odor_sleuth|28:beat_up|32:fire_fang|38:feint_attack|44:embargo|48:flamethrower|54:crunch|60:nasty_plot;attract|captivate|dark_pulse|double_team|dream_eater|embargo|endure|facade|fire_blast|flamethrower|frustration|giga_impact|hidden_power|hyper_beam|iron_tail|natural_gift|overheat|payback|protect|rest|return|roar|rock_smash|secret_power|shadow_ball|sleep_talk|sludge_bomb|snatch|solar_beam|strength|substitute|sunny_day|swagger|taunt|thief|torment|toxic|will_o_wisp;headbutt|heat_wave|mud_slap|role_play|snore|spite|sucker_punch|super_fang|swift|uproar;;ground;;;229;Siniestro;1,4;35;negro;50;no;Hace mucho, la gente creía que sus horripilantes aullidos eran de la muerte personificada.;;;;
kingdra;Kingdra;water|dragon;75;95;95;95;95;85;swift_swim;sniper;;medium_fast;243;45;attack:1|sp_attack:1|sp_defense:1;1:bubble|1:leer|1:smokescreen|1:water_gun|1:yawn|4:smokescreen|8:leer|11:water_gun|14:focus_energy|18:bubble_beam|23:agility|26:twister|30:brine|40:hydro_pump|48:dragon_dance|57:dragon_pulse;attract|blizzard|brine|captivate|double_team|dragon_pulse|endure|facade|flash_cannon|frustration|giga_impact|hail|hidden_power|hyper_beam|ice_beam|natural_gift|protect|rain_dance|rest|return|secret_power|sleep_talk|substitute|surf|swagger|toxic|water_pulse|waterfall|whirlpool;bounce|dive|draco_meteor|headbutt|icy_wind|iron_head|outrage|signal_beam|snore|swift|twister;;water1|dragon;;;230;Dragón;1,8;152;azul;50;no;Dicen que suele esconderse en cuevas submarinas. Puede crear torbellinos al bostezar.;;;;
phanpy;Phanpy;ground;90;60;60;40;40;40;pickup;;;medium_fast;66;120;hp:1;1:defense_curl|1:growl|1:odor_sleuth|1:tackle|6:flail|10:take_down|15:rollout|19:natural_gift|24:slam|28:endure|33:charm|37:last_resort|42:double_edge;attract|captivate|double_team|earthquake|endure|facade|frustration|hidden_power|iron_tail|natural_gift|protect|rest|return|roar|rock_slide|rock_smash|rock_tomb|sandstorm|secret_power|sleep_talk|stealth_rock|strength|substitute|sunny_day|swagger|toxic;ancient_power|earth_power|endeavor|gunk_shot|headbutt|knock_off|mud_slap|rollout|seed_bomb|snore|superpower;ancient_power|body_slam|counter|endeavor|fissure|focus_energy|head_smash|ice_shard|snore;ground;donphan@25;;231;Narizotas;0,5;33,5;azul;50;no;Como muestra de afecto, golpea con su trompa. Aunque es tan fuerte que te mandará lejos.;;;;
donphan;Donphan;ground;90;120;120;60;60;50;sturdy;;;medium_fast;175;60;attack:1|defense:1;1:defense_curl|1:fire_fang|1:flail|1:growl|1:horn_attack|1:thunder_fang|6:rapid_spin|10:knock_off|15:rollout|19:magnitude|24:slam|25:fury_attack|31:assurance|39:scary_face|46:earthquake|54:giga_impact;attract|captivate|double_team|earthquake|endure|facade|frustration|giga_impact|gyro_ball|hidden_power|hyper_beam|iron_tail|natural_gift|poison_jab|protect|rest|return|roar|rock_polish|rock_slide|rock_smash|rock_tomb|sandstorm|secret_power|sleep_talk|stealth_rock|stone_edge|strength|substitute|sunny_day|swagger|toxic;ancient_power|block|bounce|earth_power|endeavor|gunk_shot|headbutt|iron_defense|knock_off|mud_slap|rollout|seed_bomb|snore|superpower;;ground;;;232;Coraza;1,1;120;gris;50;no;Tiene afilados y duros colmillos, y una gruesa piel. Su Placaje es tan fuerte que puede derribar una casa.;;;;
porygon2;Porygon2;normal;85;80;90;105;95;60;trace;download;;medium_fast;180;45;sp_attack:2;1:conversion|1:conversion_2|1:defense_curl|1:tackle|7:psybeam|12:agility|18:recover|23:magnet_rise|29:signal_beam|34:recycle|40:discharge|45:lock_on|51:tri_attack|56:magic_coat|62:zap_cannon|67:hyper_beam;aerial_ace|blizzard|charge_beam|double_team|dream_eater|endure|facade|flash|frustration|giga_impact|hidden_power|hyper_beam|ice_beam|iron_tail|natural_gift|protect|psych_up|psychic|rain_dance|recycle|rest|return|secret_power|shadow_ball|shock_wave|sleep_talk|solar_beam|substitute|sunny_day|swagger|thief|thunder|thunder_wave|thunderbolt|toxic|trick_room;gravity|icy_wind|last_resort|magic_coat|pain_split|signal_beam|snore|swift|trick|zen_headbutt;;mineral;porygon_z@intercambio:dubious_disc;;233;Virtual;0,6;32,5;rojo;sin_genero;no;La investigación mejoró sus habilidades. A veces, puede actuar de forma no programada.;;;;
stantler;Stantler;normal;73;95;62;85;65;85;intimidate;frisk;;slow;163;45;attack:1;1:tackle|3:leer|7:astonish|10:hypnosis|13:stomp|16:sand_attack|21:take_down|23:confuse_ray|27:calm_mind|33:role_play|38:zen_headbutt|43:imprison|49:captivate|53:me_first;attract|calm_mind|captivate|charge_beam|double_team|dream_eater|earthquake|endure|energy_ball|facade|flash|frustration|giga_impact|hidden_power|iron_tail|light_screen|natural_gift|protect|psych_up|psychic|rain_dance|reflect|rest|return|roar|secret_power|shadow_ball|shock_wave|skill_swap|sleep_talk|solar_beam|substitute|sunny_day|swagger|thief|thunder|thunder_wave|thunderbolt|toxic|trick_room;bounce|gravity|headbutt|last_resort|mud_slap|role_play|signal_beam|snore|spite|sucker_punch|swift|uproar|zen_headbutt;bite|disable|double_kick|extrasensory|megahorn|psych_up|spite|swagger|thrash|zen_headbutt;ground;;;234;Gran Cuerno;1,4;71,2;marrón;50;no;Mirar a su cornamenta provoca una extraña sensación de pérdida de equilibrio.;;;;
smeargle;Smeargle;normal;55;20;35;20;45;75;own_tempo;technician;;fast;88;45;speed:1;1:sketch|11:sketch|21:sketch|31:sketch|41:sketch|51:sketch|61:sketch|71:sketch|81:sketch|91:sketch;;;;ground;;;235;Pintor;1,2;58;blanco;50;no;Marca su territorio usando su cola a modo de pincel. Ha hecho más de 5000 marcas diferentes.;;;;
tyrogue;Tyrogue;fighting;35;35;35;35;35;35;guts;steadfast;;medium_fast;42;75;attack:1;1:fake_out|1:foresight|1:helping_hand|1:tackle;attract|brick_break|bulk_up|captivate|double_team|earthquake|endure|facade|frustration|hidden_power|natural_gift|protect|rain_dance|rest|return|rock_slide|rock_smash|secret_power|sleep_talk|strength|substitute|sunny_day|swagger|thief|toxic;headbutt|helping_hand|low_kick|mud_slap|role_play|snore|swift|uproar|vacuum_wave;bullet_punch|counter|helping_hand|high_jump_kick|mach_punch|mind_reader|rapid_spin|vacuum_wave;no_eggs;hitmonlee@20+stats:atq>def | hitmonchan@20+stats:atq<def | hitmontop@20+stats:atq=def;;236;Peleón;0,7;21;morado;0;no;Ataca siempre con mucha energía. Para fortalecerse a sí mismo, sigue luchando aunque pierda.;;;;
hitmontop;Hitmontop;fighting;50;95;95;35;110;70;intimidate;technician;;medium_fast;159;45;sp_defense:2;1:revenge|1:rolling_kick|6:focus_energy|10:pursuit|15:quick_attack|19:triple_kick|24:rapid_spin|28:counter|33:feint|37:agility|42:gyro_ball|46:detect|51:close_combat|55:endeavor;aerial_ace|attract|brick_break|bulk_up|captivate|dig|double_team|earthquake|endure|facade|frustration|gyro_ball|hidden_power|natural_gift|protect|rain_dance|rest|return|rock_slide|rock_smash|sandstorm|secret_power|sleep_talk|stone_edge|strength|substitute|sunny_day|swagger|thief|toxic;endeavor|headbutt|helping_hand|low_kick|mud_slap|role_play|rollout|snore|sucker_punch|swift|twister|vacuum_wave;;humanshape;;;237;Boca Abajo;1,4;48;marrón;0;no;Gira a gran velocidad al luchar. La fuerza centrífuga multiplica su poder de destrucción por diez.;;;;
smoochum;Smoochum;ice|psychic;45;30;15;85;65;65;oblivious;forewarn;;medium_fast;61;45;sp_attack:1;1:pound|5:lick|8:sweet_kiss|11:powder_snow|15:confusion|18:sing|21:mean_look|25:fake_tears|28:lucky_chant|31:avalanche|35:psychic|38:copycat|41:perish_song|45:blizzard;attract|avalanche|blizzard|calm_mind|captivate|double_team|dream_eater|endure|facade|flash|fling|frustration|grass_knot|hail|hidden_power|ice_beam|light_screen|natural_gift|payback|protect|psych_up|psychic|rain_dance|recycle|reflect|rest|return|secret_power|shadow_ball|skill_swap|sleep_talk|substitute|swagger|thief|toxic|trick_room|water_pulse;heal_bell|helping_hand|ice_punch|icy_wind|magic_coat|mud_slap|role_play|signal_beam|snore|trick|uproar|zen_headbutt;fake_out|ice_punch|meditate|miracle_eye|nasty_plot|psych_up|wish;no_eggs;jynx@30;;238;Beso;0,4;6;rosa;100;no;Sus labios son la parte más sensible de su cuerpo. Siempre los usa para examinar las cosas.;;;;
elekid;Elekid;electric;45;63;37;65;55;95;static;;;medium_fast;72;45;speed:1;1:leer|1:quick_attack|7:thunder_shock|10:low_kick|16:swift|19:shock_wave|25:light_screen|28:thunder_punch|34:discharge|37:thunderbolt|43:screech|46:thunder;attract|brick_break|captivate|charge_beam|double_team|endure|facade|flash|fling|focus_punch|frustration|hidden_power|light_screen|natural_gift|protect|psychic|rain_dance|rest|return|rock_smash|secret_power|shock_wave|sleep_talk|substitute|swagger|thief|thunder|thunder_wave|thunderbolt|toxic;fire_punch|headbutt|helping_hand|ice_punch|low_kick|magnet_rise|mud_slap|signal_beam|snore|swift|thunder_punch|uproar;barrier|cross_chop|dynamic_punch|feint|fire_punch|ice_punch|karate_chop|meditate|rolling_kick;no_eggs;electabuzz@30;;239;Eléctrico;0,6;23,5;amarillo;25;no;Genera electricidad girando los brazos. No obstante, es incapaz de almacenar la energía creada.;;;;
magby;Magby;fire;45;75;37;70;55;83;flame_body;;;medium_fast;73;45;speed:1;1:leer|1:smog|7:ember|10:smokescreen|16:feint_attack|19:fire_spin|25:confuse_ray|28:fire_punch|34:lava_plume|37:flamethrower|43:sunny_day|46:fire_blast;attract|brick_break|captivate|double_team|endure|facade|fire_blast|flamethrower|fling|focus_punch|frustration|hidden_power|iron_tail|natural_gift|overheat|protect|psychic|rest|return|rock_smash|secret_power|sleep_talk|substitute|sunny_day|swagger|thief|toxic|will_o_wisp;fire_punch|headbutt|heat_wave|helping_hand|mud_slap|snore|thunder_punch|uproar;barrier|belly_drum|cross_chop|dynamic_punch|flare_blitz|karate_chop|mach_punch|mega_punch|screech|thunder_punch;no_eggs;magmar@30;;240;Ascuas;0,7;21,4;rojo;25;no;Es pequeño, pero su cuerpo puede llegar a alcanzar 600 °C. Cuando inspira y espira, expulsa llamas por la nariz y por la boca.;;;;
miltank;Miltank;normal;95;80;105;40;70;100;thick_fat;scrappy;;slow;172;45;defense:2;1:tackle|3:growl|5:defense_curl|8:stomp|11:milk_drink|15:bide|19:rollout|24:body_slam|29:zen_headbutt|35:captivate|41:gyro_ball|48:heal_bell|55:wake_up_slap;attract|blizzard|brick_break|captivate|double_team|earthquake|endure|facade|fling|focus_blast|focus_punch|frustration|giga_impact|gyro_ball|hidden_power|hyper_beam|ice_beam|iron_tail|natural_gift|protect|psych_up|rain_dance|rest|return|rock_slide|rock_smash|rock_tomb|sandstorm|secret_power|shadow_ball|shock_wave|sleep_talk|solar_beam|stealth_rock|strength|substitute|sunny_day|surf|swagger|thunder|thunder_wave|thunderbolt|toxic|water_pulse|whirlpool;block|fire_punch|headbutt|heal_bell|helping_hand|ice_punch|icy_wind|iron_head|mud_slap|rollout|snore|thunder_punch|zen_headbutt;curse|dizzy_punch|double_edge|endure|hammer_arm|helping_hand|present|psych_up|punishment|reversal|seismic_toss|sleep_talk;ground;;;241;Lechera;1,2;75,5;rosa;100;no;Si tiene crías, la leche que produce contiene muchos más nutrientes de lo normal.;;;;
blissey;Blissey;normal;255;10;10;75;135;55;natural_cure;serene_grace;;fast;608;30;hp:3;1:growl|1:pound|5:tail_whip|9:refresh|12:soft_boiled|16:double_slap|20:minimize|23:sing|27:fling|31:defense_curl|34:light_screen|38:egg_bomb|42:healing_wish|46:double_edge;attract|avalanche|blizzard|brick_break|calm_mind|captivate|charge_beam|double_team|drain_punch|dream_eater|earthquake|endure|facade|fire_blast|flamethrower|flash|fling|focus_blast|focus_punch|frustration|giga_impact|grass_knot|hail|hidden_power|hyper_beam|ice_beam|iron_tail|light_screen|natural_gift|protect|psych_up|psychic|rain_dance|recycle|rest|return|rock_climb|rock_slide|rock_smash|rock_tomb|safeguard|sandstorm|secret_power|shadow_ball|shock_wave|skill_swap|sleep_talk|snatch|solar_beam|stealth_rock|strength|substitute|sunny_day|swagger|thunder|thunder_wave|thunderbolt|toxic|water_pulse;block|endeavor|fire_punch|gravity|headbutt|heal_bell|helping_hand|ice_punch|icy_wind|last_resort|mud_slap|rollout|snore|thunder_punch|zen_headbutt;;fairy;;;242;Felicidad;1,5;46,8;rosa;100;no;Los huevos que pone están llenos de felicidad. Solo con probar un poquito de uno, cualquiera sonríe.;;;;
raikou;Raikou;electric;90;85;75;115;100;115;pressure;;;slow;261;3;sp_attack:1|speed:2;1:bite|1:leer|8:thunder_shock|15:roar|22:quick_attack|29:spark|36:reflect|43:crunch|50:thunder_fang|57:discharge|64:extrasensory|71:rain_dance|78:calm_mind|85:thunder;calm_mind|charge_beam|cut|dig|double_team|endure|facade|flash|frustration|giga_impact|hidden_power|hyper_beam|iron_tail|light_screen|natural_gift|protect|psych_up|rain_dance|reflect|rest|return|roar|rock_climb|rock_smash|sandstorm|secret_power|shadow_ball|shock_wave|sleep_talk|strength|substitute|sunny_day|swagger|thunder|thunder_wave|thunderbolt|toxic;headbutt|iron_head|magnet_rise|mud_slap|signal_beam|snore|swift;;no_eggs;;;243;Trueno;1,9;178;amarillo;sin_genero;si;Las nubes de lluvia que lleva le permiten lanzar rayos a voluntad. Dicen que apareció con un rayo.;;;;
entei;Entei;fire;115;115;85;90;75;100;pressure;;;slow;261;3;hp:1|attack:2;1:bite|1:leer|8:ember|15:roar|22:fire_spin|29:stomp|36:flamethrower|43:swagger|50:fire_fang|57:lava_plume|64:extrasensory|71:fire_blast|78:calm_mind|85:eruption;calm_mind|cut|dig|double_team|endure|facade|fire_blast|flamethrower|flash|frustration|giga_impact|hidden_power|hyper_beam|iron_tail|natural_gift|overheat|protect|psych_up|rain_dance|reflect|rest|return|roar|rock_climb|rock_smash|sandstorm|secret_power|shadow_ball|sleep_talk|solar_beam|stone_edge|strength|substitute|sunny_day|swagger|toxic|will_o_wisp;headbutt|heat_wave|iron_head|mud_slap|snore|swift;;no_eggs;;;244;Volcán;2,1;198;marrón;sin_genero;si;Un Pokémon que corre por la tierra. Dicen que siempre nace uno cuando aparece un nuevo volcán.;;;;
suicune;Suicune;water;100;75;115;90;115;85;pressure;;;slow;261;3;defense:1|sp_defense:2;1:bite|1:leer|8:bubble_beam|15:rain_dance|22:gust|29:aurora_beam|36:mist|43:mirror_coat|50:ice_fang|57:tailwind|64:extrasensory|71:hydro_pump|78:calm_mind|85:blizzard;avalanche|blizzard|brine|calm_mind|cut|dig|double_team|endure|facade|frustration|giga_impact|hail|hidden_power|hyper_beam|ice_beam|iron_tail|natural_gift|protect|psych_up|rain_dance|reflect|rest|return|roar|rock_climb|rock_smash|sandstorm|secret_power|shadow_ball|sleep_talk|substitute|sunny_day|surf|swagger|toxic|water_pulse|waterfall|whirlpool;dive|headbutt|icy_wind|iron_head|mud_slap|ominous_wind|signal_beam|snore|swift|tailwind;;no_eggs;;;245;Aurora;2;187;azul;sin_genero;si;Recorre el mundo para purificar agua contaminada. Corre veloz con el viento del norte.;;;;
larvitar;Larvitar;rock|ground;50;64;50;45;50;41;guts;;;slow;60;45;attack:1;1:bite|1:leer|5:sandstorm|10:screech|14:rock_slide|19:scary_face|23:thrash|28:dark_pulse|32:payback|37:crunch|41:earthquake|46:stone_edge|50:hyper_beam;attract|brick_break|captivate|dark_pulse|dig|double_team|earthquake|endure|facade|frustration|hidden_power|hyper_beam|natural_gift|payback|protect|rain_dance|rest|return|rock_polish|rock_slide|rock_smash|rock_tomb|sandstorm|secret_power|sleep_talk|stealth_rock|stone_edge|substitute|sunny_day|swagger|taunt|torment|toxic;ancient_power|earth_power|headbutt|iron_head|mud_slap|snore|spite|superpower|uproar;ancient_power|assurance|curse|dragon_dance|focus_energy|iron_defense|iron_head|outrage|pursuit|stomp;monster;pupitar@30;;246;Piel Roca;0,6;72;verde;50;no;Se alimenta de tierra. Después de comer una gran montaña, se duerme y empieza a crecer.;;;;
pupitar;Pupitar;rock|ground;70;84;70;65;70;51;shed_skin;;;slow;144;45;attack:2;1:bite|1:leer|1:sandstorm|1:screech|5:sandstorm|10:screech|14:rock_slide|19:scary_face|23:thrash|28:dark_pulse|34:payback|41:crunch|47:earthquake|54:stone_edge|60:hyper_beam;attract|brick_break|captivate|dark_pulse|dig|double_team|earthquake|endure|facade|frustration|hidden_power|hyper_beam|natural_gift|payback|protect|rain_dance|rest|return|rock_polish|rock_slide|rock_smash|rock_tomb|sandstorm|secret_power|sleep_talk|stealth_rock|stone_edge|substitute|sunny_day|swagger|taunt|torment|toxic;ancient_power|earth_power|headbutt|iron_defense|iron_head|mud_slap|snore|spite|superpower|uproar;;monster;tyranitar@55;;247;Caparazón;1,2;152;gris;50;no;Su cuerpo es duro como la roca. Se autopropulsa como un cohete soltando los gases de su interior.;;;;
tyranitar;Tyranitar;rock|dark;100;134;110;95;100;61;sand_stream;;;slow;270;45;attack:3;1:bite|1:fire_fang|1:ice_fang|1:leer|1:sandstorm|1:screech|1:thunder_fang|5:sandstorm|10:screech|14:rock_slide|19:scary_face|23:thrash|28:dark_pulse|34:payback|41:crunch|47:earthquake|54:stone_edge|70:hyper_beam;aerial_ace|attract|avalanche|blizzard|brick_break|captivate|cut|dark_pulse|dig|double_team|dragon_claw|dragon_pulse|earthquake|endure|facade|fire_blast|flamethrower|fling|focus_blast|focus_punch|frustration|giga_impact|hidden_power|hyper_beam|ice_beam|iron_tail|natural_gift|payback|protect|rain_dance|rest|return|roar|rock_climb|rock_polish|rock_slide|rock_smash|rock_tomb|sandstorm|secret_power|shadow_claw|shock_wave|sleep_talk|stealth_rock|stone_edge|strength|substitute|sunny_day|surf|swagger|taunt|thunder|thunder_wave|thunderbolt|torment|toxic|water_pulse|whirlpool;ancient_power|aqua_tail|block|earth_power|fire_punch|fury_cutter|headbutt|ice_punch|iron_head|low_kick|mud_slap|outrage|snore|spite|superpower|thunder_punch|uproar;;monster;;;248;Coraza;2;202;verde;50;no;En una de sus poderosas garras tiene el poder de hacer temblar la tierra y las montañas.;;;;
lugia;Lugia;psychic|flying;106;90;130;90;154;110;pressure;;;slow;306;3;sp_defense:3;1:whirlwind|9:safeguard|15:gust|23:recover|29:hydro_pump|37:rain_dance|43:swift|51:natural_gift|57:ancient_power|65:extrasensory|71:punishment|79:future_sight|85:aeroblast|93:calm_mind|99:sky_attack;aerial_ace|avalanche|blizzard|brine|calm_mind|charge_beam|defog|double_team|dragon_pulse|dream_eater|earthquake|endure|facade|flash|fly|frustration|giga_drain|giga_impact|hail|hidden_power|hyper_beam|ice_beam|iron_tail|light_screen|natural_gift|protect|psych_up|psychic|rain_dance|reflect|rest|return|roar|rock_smash|roost|safeguard|sandstorm|secret_power|shadow_ball|shock_wave|skill_swap|sleep_talk|steel_wing|strength|substitute|sunny_day|surf|swagger|thunder|thunder_wave|thunderbolt|toxic|water_pulse|waterfall|whirlpool;air_cutter|ancient_power|aqua_tail|dive|earth_power|headbutt|icy_wind|iron_head|mud_slap|ominous_wind|signal_beam|sky_attack|snore|swift|tailwind|trick|twister|zen_headbutt;;no_eggs;;;249;Buceo;5,2;216;blanco;sin_genero;si;Duerme en una dorsal marina. Si bate sus alas, puede causar tormentas de 40 días.;;;;
ho_oh;Ho-Oh;fire|flying;106;130;90;110;154;90;pressure;;;slow;306;3;sp_defense:3;1:whirlwind|9:safeguard|15:gust|23:recover|29:fire_blast|37:sunny_day|43:swift|51:natural_gift|57:ancient_power|65:extrasensory|71:punishment|79:future_sight|85:sacred_fire|93:calm_mind|99:sky_attack;aerial_ace|calm_mind|charge_beam|defog|double_team|dream_eater|earthquake|endure|facade|fire_blast|flamethrower|flash|fly|frustration|giga_drain|giga_impact|hidden_power|hyper_beam|light_screen|natural_gift|overheat|pluck|protect|psych_up|psychic|rain_dance|reflect|rest|return|roar|rock_smash|roost|safeguard|sandstorm|secret_power|shadow_ball|shock_wave|sleep_talk|solar_beam|steel_wing|strength|substitute|sunny_day|swagger|thunder|thunder_wave|thunderbolt|toxic|will_o_wisp;air_cutter|ancient_power|earth_power|heat_wave|iron_head|mud_slap|ominous_wind|signal_beam|sky_attack|snore|swift|tailwind|twister|zen_headbutt;;no_eggs;;;250;Arcoíris;3,8;199;rojo;sin_genero;si;Cuenta la leyenda que brilla en siete colores. Dicen que deja un arcoíris tras de sí al volar.;;;;
celebi;Celebi;psychic|grass;100;100;100;100;100;100;natural_cure;;;medium_slow;270;45;hp:3;1:confusion|1:heal_bell|1:leech_seed|1:recover|10:safeguard|19:magical_leaf|28:ancient_power|37:baton_pass|46:natural_gift|55:heal_block|64:future_sight|73:healing_wish|82:leaf_storm|91:perish_song;aerial_ace|calm_mind|charge_beam|cut|double_team|dream_eater|endure|energy_ball|facade|flash|fling|frustration|giga_drain|giga_impact|grass_knot|hidden_power|hyper_beam|light_screen|natural_gift|protect|psych_up|psychic|rain_dance|reflect|rest|return|safeguard|sandstorm|secret_power|shadow_ball|shock_wave|silver_wind|skill_swap|sleep_talk|solar_beam|stealth_rock|substitute|sunny_day|swagger|swords_dance|thunder_wave|toxic|trick_room|u_turn|water_pulse;ancient_power|earth_power|heal_bell|helping_hand|last_resort|magic_coat|mud_slap|seed_bomb|signal_beam|snore|sucker_punch|swift|synthesis|trick|uproar|worry_seed|zen_headbutt;;no_eggs;;;251;Viajetiempo;0,6;5;verde;sin_genero;si;Este Pokémon vaga por el tiempo. La hierba y los árboles crecen por los campos por donde pasa.;;;;
treecko;Treecko;grass;40;45;35;65;55;70;overgrow;;;medium_slow;62;45;speed:1;1:leer|1:pound|6:absorb|11:quick_attack|16:pursuit|21:screech|26:mega_drain|31:agility|36:slam|41:detect|46:giga_drain|51:energy_ball;aerial_ace|attract|brick_break|bullet_seed|captivate|cut|dig|double_team|drain_punch|endure|energy_ball|facade|flash|fling|focus_punch|frustration|giga_drain|grass_knot|hidden_power|iron_tail|natural_gift|protect|rest|return|rock_slide|rock_smash|rock_tomb|safeguard|secret_power|sleep_talk|solar_beam|strength|substitute|sunny_day|swagger|swords_dance|toxic;endeavor|fury_cutter|headbutt|low_kick|mud_slap|seed_bomb|snore|swift|synthesis|thunder_punch|worry_seed;crunch|crush_claw|double_kick|dragon_breath|endeavor|grass_whistle|leaf_storm|leech_seed|magical_leaf|mud_sport|razor_wind|synthesis|worry_seed;monster|dragon;grovyle@16;;252;Geco Bosque;0,5;5;verde;12,5;no;Escala superficies verticales muy rápido. Con la cola detecta la humedad y prevé el tiempo que va a hacer.;;;;
grovyle;Grovyle;grass;50;65;45;85;65;95;overgrow;;;medium_slow;142;45;speed:2;1:absorb|1:leer|1:pound|1:quick_attack|6:absorb|11:quick_attack|16:fury_cutter|17:pursuit|23:screech|29:leaf_blade|35:agility|41:slam|47:detect|53:false_swipe|59:leaf_storm;aerial_ace|attract|brick_break|bullet_seed|captivate|cut|dig|double_team|drain_punch|endure|energy_ball|facade|false_swipe|flash|fling|focus_punch|frustration|giga_drain|grass_knot|hidden_power|iron_tail|natural_gift|protect|rest|return|rock_slide|rock_smash|rock_tomb|safeguard|secret_power|sleep_talk|solar_beam|strength|substitute|sunny_day|swagger|swords_dance|toxic|x_scissor;endeavor|fury_cutter|headbutt|low_kick|mud_slap|seed_bomb|snore|swift|synthesis|thunder_punch|worry_seed;;monster|dragon;sceptile@36;;253;Geco Bosque;0,9;21,6;verde;12,5;no;Los desarrollados músculos que tiene en las extremidades inferiores le hacen ser muy ágil y le permiten dar grandes saltos.;;;;
sceptile;Sceptile;grass;70;85;65;105;85;120;overgrow;;;medium_slow;239;45;speed:3;1:absorb|1:leer|1:night_slash|1:pound|1:quick_attack|6:absorb|11:quick_attack|16:x_scissor|17:pursuit|23:screech|29:leaf_blade|35:agility|43:slam|51:detect|59:false_swipe|67:leaf_storm;aerial_ace|attract|brick_break|bullet_seed|captivate|cut|dig|double_team|dragon_claw|dragon_pulse|drain_punch|earthquake|endure|energy_ball|facade|false_swipe|flash|fling|focus_blast|focus_punch|frustration|giga_drain|giga_impact|grass_knot|hidden_power|hyper_beam|iron_tail|natural_gift|protect|rest|return|roar|rock_climb|rock_slide|rock_smash|rock_tomb|safeguard|secret_power|sleep_talk|solar_beam|strength|substitute|sunny_day|swagger|swords_dance|toxic|x_scissor;endeavor|frenzy_plant|fury_cutter|headbutt|low_kick|mud_slap|outrage|seed_bomb|snore|swift|synthesis|thunder_punch|worry_seed;;monster|dragon;;;254;Monte;1,7;52,2;verde;12,5;no;Las hojas de sus brazos pueden cortar gruesos árboles. Invencible en los combates en la jungla.;;;;
torchic;Torchic;fire;45;60;40;70;50;45;blaze;;;medium_slow;62;45;sp_attack:1;1:growl|1:scratch|7:focus_energy|10:ember|16:peck|19:sand_attack|25:fire_spin|28:quick_attack|34:slash|37:mirror_move|43:flamethrower;aerial_ace|attract|captivate|cut|dig|double_team|endure|facade|fire_blast|flamethrower|frustration|hidden_power|natural_gift|overheat|protect|rest|return|rock_slide|rock_smash|rock_tomb|secret_power|shadow_claw|sleep_talk|strength|substitute|sunny_day|swagger|swords_dance|toxic|will_o_wisp;bounce|headbutt|heat_wave|helping_hand|last_resort|mud_slap|snore|swift;agility|baton_pass|counter|crush_claw|endure|feather_dance|feint|last_resort|night_slash|reversal|rock_slide|smelling_salts|swagger;ground;combusken@16;;255;Polluelo;0,4;2,5;rojo;12,5;no;En su interior, guarda una llama que arde sin cesar. Si se le abraza, se nota que tiene una temperatura muy alta.;;;;
combusken;Combusken;fire|fighting;60;85;60;85;60;55;blaze;;;medium_slow;142;45;attack:1|sp_attack:1;1:ember|1:focus_energy|1:growl|1:scratch|7:focus_energy|13:ember|16:double_kick|17:peck|21:sand_attack|28:bulk_up|32:quick_attack|39:slash|43:mirror_move|50:sky_uppercut|54:flare_blitz;aerial_ace|attract|brick_break|bulk_up|captivate|cut|dig|double_team|endure|facade|fire_blast|flamethrower|fling|focus_blast|focus_punch|frustration|hidden_power|natural_gift|overheat|poison_jab|protect|rest|return|rock_slide|rock_smash|rock_tomb|secret_power|shadow_claw|sleep_talk|strength|substitute|sunny_day|swagger|swords_dance|toxic|will_o_wisp;bounce|fire_punch|fury_cutter|headbutt|heat_wave|helping_hand|last_resort|low_kick|mud_slap|snore|swift|thunder_punch|vacuum_wave;;ground;blaziken@36;;256;Ave Corral;0,9;19,5;rojo;12,5;no;Su habilidad le permite dar diez patadas por segundo. Lanza potentes gritos para intimidar.;;;;
blaziken;Blaziken;fire|fighting;80;120;70;110;70;80;blaze;;;medium_slow;239;45;attack:3;1:ember|1:fire_punch|1:focus_energy|1:growl|1:scratch|7:focus_energy|13:ember|16:double_kick|17:peck|21:sand_attack|28:bulk_up|32:quick_attack|36:blaze_kick|42:slash|49:brave_bird|59:sky_uppercut|66:flare_blitz;aerial_ace|attract|brick_break|bulk_up|captivate|cut|dig|double_team|earthquake|endure|facade|fire_blast|flamethrower|fling|focus_blast|focus_punch|frustration|giga_impact|hidden_power|hyper_beam|natural_gift|overheat|poison_jab|protect|rest|return|roar|rock_climb|rock_slide|rock_smash|rock_tomb|secret_power|shadow_claw|sleep_talk|solar_beam|stone_edge|strength|substitute|sunny_day|swagger|swords_dance|toxic|will_o_wisp;blast_burn|bounce|fire_punch|fury_cutter|headbutt|heat_wave|helping_hand|knock_off|last_resort|low_kick|mud_slap|role_play|snore|superpower|swift|thunder_punch|vacuum_wave;;ground;;;257;Llameante;1,9;52;rojo;12,5;no;Puede saltar edificios de 30 plantas. Con sus golpes de fuego quema a sus rivales.;;;;
mudkip;Mudkip;water;50;70;50;50;50;40;torrent;;;medium_slow;62;45;attack:1;1:growl|1:tackle|6:mud_slap|10:water_gun|15:bide|19:foresight|24:mud_sport|28:take_down|33:whirlpool|37:protect|42:hydro_pump|46:endeavor;attract|blizzard|captivate|dig|double_team|endure|facade|frustration|hail|hidden_power|ice_beam|iron_tail|natural_gift|protect|rain_dance|rest|return|rock_slide|rock_smash|rock_tomb|secret_power|sleep_talk|strength|substitute|surf|swagger|toxic|water_pulse|waterfall|whirlpool;ancient_power|aqua_tail|dive|earth_power|endeavor|headbutt|icy_wind|low_kick|mud_slap|rollout|snore|superpower;ancient_power|bite|counter|curse|double_edge|ice_ball|mirror_coat|mud_bomb|refresh|sludge|stomp|uproar|whirlpool|yawn;monster|water1;marshtomp@16;;258;Pez Lodo;0,4;7,6;azul;12,5;no;Tiene una larga cola que le propulsa por el agua con mucha potencia. A pesar de ser pequeño, tiene mucha fuerza.;;;;
marshtomp;Marshtomp;water|ground;70;85;70;60;70;50;torrent;;;medium_slow;142;45;attack:2;1:growl|1:mud_slap|1:tackle|1:water_gun|6:mud_slap|10:water_gun|15:bide|16:mud_shot|20:foresight|25:mud_bomb|31:take_down|37:muddy_water|42:protect|46:earthquake|53:endeavor;attract|blizzard|brick_break|captivate|dig|double_team|earthquake|endure|facade|fling|frustration|hail|hidden_power|ice_beam|iron_tail|natural_gift|protect|rain_dance|rest|return|rock_slide|rock_smash|rock_tomb|secret_power|sleep_talk|stealth_rock|strength|substitute|surf|swagger|toxic|water_pulse|waterfall|whirlpool;ancient_power|aqua_tail|dive|earth_power|endeavor|headbutt|ice_punch|icy_wind|low_kick|mud_slap|rollout|snore|superpower;;monster|water1;swampert@36;;259;Pez Lodo;0,7;28;azul;12,5;no;Sus piernas robustas impiden que pierda el equilibrio y caiga, incluso en el barro. Duerme bajo la arena.;;;;
swampert;Swampert;water|ground;100;110;90;85;90;60;torrent;;;medium_slow;241;45;attack:3;1:growl|1:mud_slap|1:tackle|1:water_gun|6:mud_slap|10:water_gun|15:bide|16:mud_shot|20:foresight|25:mud_bomb|31:take_down|39:muddy_water|46:protect|52:earthquake|61:endeavor|69:hammer_arm;attract|avalanche|blizzard|brick_break|captivate|dig|double_team|earthquake|endure|facade|fling|focus_blast|focus_punch|frustration|giga_impact|hail|hidden_power|hyper_beam|ice_beam|iron_tail|natural_gift|protect|rain_dance|rest|return|roar|rock_climb|rock_slide|rock_smash|rock_tomb|secret_power|sleep_talk|stealth_rock|stone_edge|strength|substitute|surf|swagger|toxic|water_pulse|waterfall|whirlpool;ancient_power|aqua_tail|dive|earth_power|endeavor|headbutt|hydro_cannon|ice_punch|icy_wind|low_kick|mud_slap|outrage|rollout|snore|superpower;;monster|water1;;;260;Pez Lodo;1,5;81,9;azul;12,5;no;Con sus brazos duros como el acero puede partir rocas gigantescas en mil pedazos de un solo golpe.;;;;
poochyena;Poochyena;dark;35;55;35;30;30;35;run_away;quick_feet;;medium_fast;56;255;attack:1;1:tackle|5:howl|9:sand_attack|13:bite|17:odor_sleuth|21:roar|25:swagger|29:assurance|33:scary_face|37:taunt|41:embargo|45:take_down|49:sucker_punch|53:crunch;attract|captivate|dark_pulse|dig|double_team|embargo|endure|facade|frustration|hidden_power|iron_tail|natural_gift|payback|protect|rain_dance|rest|return|roar|rock_smash|secret_power|shadow_ball|sleep_talk|snatch|substitute|sunny_day|swagger|taunt|thief|torment|toxic;headbutt|mud_slap|snore|spite|sucker_punch|super_fang|uproar;astonish|covet|fire_fang|ice_fang|leer|me_first|poison_fang|sucker_punch|thunder_fang|yawn;ground;mightyena@18;;261;Mordisco;0,5;13,6;gris;50;no;Es muy persistente. Si se fija en una presa, no la dejará hasta que caiga agotada.;;;;
mightyena;Mightyena;dark;70;90;70;60;60;70;intimidate;quick_feet;;medium_fast;147;127;attack:2;1:bite|1:howl|1:sand_attack|1:tackle|5:howl|9:sand_attack|13:bite|17:odor_sleuth|22:roar|27:swagger|32:assurance|37:scary_face|42:taunt|47:embargo|52:take_down|57:thief|62:sucker_punch;attract|captivate|dark_pulse|dig|double_team|embargo|endure|facade|frustration|giga_impact|hidden_power|hyper_beam|iron_tail|natural_gift|payback|protect|rain_dance|rest|return|roar|rock_smash|secret_power|shadow_ball|sleep_talk|snatch|strength|substitute|sunny_day|swagger|taunt|thief|torment|toxic;headbutt|mud_slap|snore|spite|sucker_punch|super_fang|uproar;;ground;;;262;Mordisco;1;37;gris;50;no;Siempre obedece a los buenos Entrenadores. Está acostumbrado a vivir en jaurías en estado salvaje.;;;;
zigzagoon;Zigzagoon;normal;38;30;41;30;41;60;pickup;gluttony;;medium_fast;56;255;speed:1;1:growl|1:tackle|5:tail_whip|9:headbutt|13:sand_attack|17:odor_sleuth|21:mud_sport|25:pin_missile|29:covet|33:flail|37:rest|41:belly_drum|45:fling;attract|blizzard|captivate|charge_beam|cut|dig|double_team|endure|facade|fling|frustration|grass_knot|hidden_power|ice_beam|iron_tail|natural_gift|protect|rain_dance|rest|return|rock_smash|secret_power|shadow_ball|shock_wave|sleep_talk|substitute|sunny_day|surf|swagger|thief|thunder|thunder_wave|thunderbolt|toxic|water_pulse|whirlpool;fury_cutter|gunk_shot|headbutt|helping_hand|icy_wind|last_resort|mud_slap|rollout|seed_bomb|snore|super_fang|swift|trick;charm|helping_hand|mud_slap|pursuit|substitute|tickle|trick;ground;linoone@20;;263;Mapachito;0,4;17,5;marrón;50;no;Se mueve en zigzag. Se le da bien encontrar objetos ocultos en la hierba e incluso enterrados.;;;;
linoone;Linoone;normal;78;70;61;50;61;100;pickup;gluttony;;medium_fast;147;90;speed:2;1:growl|1:headbutt|1:switcheroo|1:tackle|1:tail_whip|5:tail_whip|9:headbutt|13:sand_attack|17:odor_sleuth|23:mud_sport|29:fury_swipes|35:covet|41:slash|47:rest|53:belly_drum|59:fling;attract|blizzard|captivate|charge_beam|cut|dig|double_team|endure|facade|fling|frustration|giga_impact|grass_knot|hidden_power|hyper_beam|ice_beam|iron_tail|natural_gift|protect|rain_dance|rest|return|roar|rock_smash|secret_power|shadow_ball|shadow_claw|shock_wave|sleep_talk|strength|substitute|sunny_day|surf|swagger|thief|thunder|thunder_wave|thunderbolt|toxic|water_pulse|whirlpool;fury_cutter|gunk_shot|headbutt|helping_hand|icy_wind|last_resort|mud_slap|rollout|seed_bomb|snore|super_fang|swift|trick;;ground;;;264;Lanzado;0,5;32,5;blanco;50;no;En línea recta corre a algo más de 100 km/h, pero no es tan hábil si hay curvas de por medio.;;;;
wurmple;Wurmple;bug;45;45;35;20;30;20;shield_dust;;;medium_fast;56;255;hp:1;1:string_shot|1:tackle|5:poison_sting|15:bug_bite;;bug_bite|snore|string_shot;;bug;silcoon@7+azar:50 | cascoon@7+!azar:50;;265;Gusano;0,3;3,6;rojo;50;no;Le encanta comer hojas. Si le ataca un Starly, se defenderá con sus púas.;;;;
silcoon;Silcoon;bug;50;35;55;25;25;15;shed_skin;;;medium_fast;72;120;defense:2;1:harden|7:harden;;bug_bite|iron_defense|string_shot;;bug;beautifly@10;;266;Capullo;0,6;10;blanco;50;no;Se agarra con su seda a las ramas de un árbol y espera su evolución bebiendo agua de lluvia.;;;;
beautifly;Beautifly;bug|flying;60;70;50;90;50;65;swarm;;;medium_fast;178;45;sp_attack:3;1:absorb|10:absorb|13:gust|17:stun_spore|20:morning_sun|24:mega_drain|27:whirlwind|31:attract|34:silver_wind|38:giga_drain|41:bug_buzz;aerial_ace|attract|captivate|defog|double_team|endure|energy_ball|facade|flash|frustration|giga_drain|giga_impact|hidden_power|hyper_beam|natural_gift|protect|psychic|rest|return|roost|safeguard|secret_power|shadow_ball|silver_wind|sleep_talk|solar_beam|substitute|sunny_day|swagger|thief|toxic|u_turn;air_cutter|bug_bite|ominous_wind|signal_beam|snore|string_shot|swift|tailwind|twister;;bug;;;267;Mariposa;1;28,4;amarillo;50;no;Los dibujos de sus coloridas alas son muy peculiares. Liba el néctar de las flores con su fina trompa.;;;;
cascoon;Cascoon;bug;50;35;55;25;25;15;shed_skin;;;medium_fast;72;120;defense:2;1:harden|7:harden;;bug_bite|iron_defense|string_shot;;bug;dustox@10;;268;Capullo;0,7;11,5;morado;50;no;Está formado por seda que se endurece poco a poco. Si se resquebraja el capullo, está a punto de evolucionar.;;;;
dustox;Dustox;bug|poison;60;50;70;50;90;65;shield_dust;;;medium_fast;173;45;sp_defense:3;1:confusion|10:confusion|13:gust|17:protect|20:moonlight|24:psybeam|27:whirlwind|31:light_screen|34:silver_wind|38:toxic|41:bug_buzz;aerial_ace|attract|captivate|defog|double_team|endure|energy_ball|facade|flash|frustration|giga_drain|giga_impact|hidden_power|hyper_beam|light_screen|natural_gift|protect|psychic|rest|return|roost|secret_power|shadow_ball|silver_wind|sleep_talk|sludge_bomb|solar_beam|substitute|sunny_day|swagger|thief|toxic|u_turn;air_cutter|bug_bite|ominous_wind|signal_beam|snore|string_shot|swift|tailwind|twister;;bug;;;269;Polilla Ven.;1,2;31,6;verde;50;no;Pokémon nocturno. Atraído por las luces de la ciudad, se come las hojas y arbustos de las avenidas.;;;;
lotad;Lotad;water|grass;40;30;30;40;50;30;swift_swim;rain_dish;;medium_slow;44;255;sp_defense:1;1:astonish|3:growl|5:absorb|7:nature_power|11:mist|15:natural_gift|19:mega_drain|25:bubble_beam|31:zen_headbutt|37:rain_dance|45:energy_ball;attract|blizzard|bullet_seed|captivate|double_team|endure|energy_ball|facade|flash|frustration|giga_drain|grass_knot|hail|hidden_power|ice_beam|natural_gift|protect|rain_dance|rest|return|secret_power|sleep_talk|solar_beam|substitute|sunny_day|surf|swagger|swords_dance|thief|toxic|water_pulse|whirlpool;headbutt|icy_wind|seed_bomb|snore|synthesis|uproar|zen_headbutt;counter|flail|leech_seed|razor_leaf|sweet_scent|synthesis|tickle|water_gun;water1|plant;lombre@14;;270;Lenteja Agua;0,5;2,6;verde;50;no;Parece una planta acuática. Hace de ferry para los Pokémon que no saben nadar.;;;;
lombre;Lombre;water|grass;60;50;50;60;70;50;swift_swim;rain_dish;;medium_slow;119;120;sp_defense:2;1:astonish|3:growl|5:absorb|7:nature_power|11:fake_out|15:fury_swipes|19:water_sport|25:bubble_beam|31:zen_headbutt|37:uproar|45:hydro_pump;attract|blizzard|brick_break|bullet_seed|captivate|double_team|drain_punch|endure|energy_ball|facade|flash|fling|frustration|giga_drain|grass_knot|hail|hidden_power|ice_beam|natural_gift|protect|rain_dance|rest|return|rock_smash|secret_power|sleep_talk|solar_beam|strength|substitute|sunny_day|surf|swagger|swords_dance|thief|toxic|water_pulse|waterfall|whirlpool;dive|fire_punch|headbutt|ice_punch|icy_wind|mud_slap|seed_bomb|snore|synthesis|thunder_punch|uproar|zen_headbutt;;water1|plant;ludicolo@objeto:water_stone;;271;Alegre;1,2;32,5;verde;50;no;Vive en el agua y, cuando hace sol, se queda en la orilla. De día duerme sobre las algas y de noche entra en acción.;;;;
ludicolo;Ludicolo;water|grass;80;70;70;90;100;70;swift_swim;rain_dish;;medium_slow;216;45;sp_defense:3;1:astonish|1:growl|1:mega_drain|1:nature_power;attract|blizzard|brick_break|bullet_seed|captivate|double_team|drain_punch|endure|energy_ball|facade|flash|fling|focus_blast|focus_punch|frustration|giga_drain|giga_impact|grass_knot|hail|hidden_power|hyper_beam|ice_beam|natural_gift|protect|rain_dance|rest|return|rock_climb|rock_smash|secret_power|sleep_talk|solar_beam|strength|substitute|sunny_day|surf|swagger|swords_dance|thief|toxic|water_pulse|waterfall|whirlpool;dive|fire_punch|headbutt|ice_punch|icy_wind|mud_slap|seed_bomb|snore|synthesis|thunder_punch|uproar|zen_headbutt;;water1|plant;;;272;Optimista;1,5;55;verde;50;no;Cuando oye música alegre, sus músculos se llenan de energía, y no puede evitar ponerse a bailar.;;;;
seedot;Seedot;grass;40;40;50;30;30;30;chlorophyll;early_bird;;medium_slow;44;255;defense:1;1:bide|3:harden|7:growth|13:nature_power|21:synthesis|31:sunny_day|43:explosion;attract|bullet_seed|captivate|dig|double_team|endure|energy_ball|explosion|facade|flash|frustration|giga_drain|grass_knot|hidden_power|natural_gift|protect|rest|return|rock_smash|secret_power|shadow_ball|sleep_talk|solar_beam|substitute|sunny_day|swagger|swords_dance|toxic;headbutt|rollout|seed_bomb|snore|spite|synthesis|worry_seed;amnesia|false_swipe|leech_seed|nasty_plot|power_swap|quick_attack|razor_wind|take_down|worry_seed;ground|plant;nuzleaf@14;;273;Bellota;0,5;4;marrón;50;no;Se cuelga de las ramas con el extremo de su cabeza. A veces se cae cuando soplan vientos fuertes.;;;;
nuzleaf;Nuzleaf;grass|dark;70;70;40;60;40;60;chlorophyll;early_bird;;medium_slow;119;120;attack:2;1:pound|1:razor_leaf|3:harden|7:growth|13:nature_power|19:fake_out|25:torment|31:feint_attack|37:razor_wind|43:swagger|49:extrasensory;attract|brick_break|bullet_seed|captivate|cut|dark_pulse|dig|double_team|embargo|endure|energy_ball|explosion|facade|flash|fling|frustration|giga_drain|grass_knot|hidden_power|hyper_beam|natural_gift|payback|protect|psych_up|rest|return|rock_slide|rock_smash|rock_tomb|secret_power|shadow_ball|sleep_talk|solar_beam|strength|substitute|sunny_day|swagger|swords_dance|thief|torment|toxic;fury_cutter|headbutt|low_kick|mud_slap|rollout|seed_bomb|snore|spite|swift|synthesis|worry_seed;;ground|plant;shiftry@objeto:leaf_stone;;274;Astuto;1;28;marrón;50;no;Cuando usa la hoja de su cabeza como flauta, asusta a la gente. Vive en lo más profundo de los bosques.;;;;
shiftry;Shiftry;grass|dark;90;100;60;90;60;80;chlorophyll;early_bird;;medium_slow;216;45;attack:3;1:feint_attack|1:nasty_plot|1:razor_leaf|1:whirlwind|49:leaf_storm;aerial_ace|attract|brick_break|bullet_seed|captivate|cut|dark_pulse|defog|dig|double_team|embargo|endure|energy_ball|explosion|facade|flash|fling|focus_blast|frustration|giga_drain|giga_impact|grass_knot|hidden_power|hyper_beam|natural_gift|payback|protect|psych_up|rest|return|rock_slide|rock_smash|rock_tomb|secret_power|shadow_ball|silver_wind|sleep_talk|solar_beam|strength|substitute|sunny_day|swagger|swords_dance|thief|torment|toxic|x_scissor;air_cutter|bounce|fury_cutter|headbutt|icy_wind|knock_off|low_kick|mud_slap|ominous_wind|rollout|seed_bomb|snore|spite|sucker_punch|swift|synthesis|tailwind|twister|worry_seed;;ground|plant;;;275;Malvado;1,3;59,6;marrón;50;no;Habita los bosques y se le tiene miedo. Es capaz de leer los pensamientos del rival y actuar en consecuencia.;;;;
taillow;Taillow;normal|flying;40;55;30;30;30;85;guts;;;medium_slow;54;200;speed:1;1:growl|1:peck|4:focus_energy|8:quick_attack|13:wing_attack|19:double_team|26:endeavor|34:aerial_ace|43:agility|53:air_slash;aerial_ace|attract|captivate|defog|double_team|endure|facade|fly|frustration|hidden_power|natural_gift|pluck|protect|rain_dance|rest|return|roost|secret_power|sleep_talk|steel_wing|substitute|sunny_day|swagger|thief|toxic|u_turn;air_cutter|endeavor|heat_wave|mud_slap|ominous_wind|snore|swift|tailwind|twister;brave_bird|mirror_move|pursuit|rage|refresh|sky_attack|supersonic|whirlwind;flying;swellow@22;;276;Pequebuche;0,3;2,3;azul;50;no;Es un Pokémon valiente que no teme a los rivales fuertes. Vuela en busca de climas templados.;;;;
swellow;Swellow;normal|flying;60;85;60;50;50;125;guts;;;medium_slow;159;45;speed:2;1:focus_energy|1:growl|1:peck|1:pluck|1:quick_attack|4:focus_energy|8:quick_attack|13:wing_attack|19:double_team|28:endeavor|38:aerial_ace|49:agility|61:air_slash;aerial_ace|attract|captivate|defog|double_team|endure|facade|fly|frustration|giga_impact|hidden_power|hyper_beam|natural_gift|pluck|protect|rain_dance|rest|return|roost|secret_power|sleep_talk|steel_wing|substitute|sunny_day|swagger|thief|toxic|u_turn;air_cutter|endeavor|heat_wave|mud_slap|ominous_wind|sky_attack|snore|swift|tailwind|twister;;flying;;;277;Buche;0,7;19,8;azul;50;no;Cuando se encuentra bien, pone firmes las plumas de la cola doble que tiene. Remonta el vuelo de forma muy elegante.;;;;
wingull;Wingull;water|flying;40;30;30;55;30;85;keen_eye;;;medium_fast;54;190;speed:1;1:growl|1:water_gun|6:supersonic|11:wing_attack|16:mist|19:water_pulse|24:quick_attack|29:roost|34:pursuit|37:agility|42:aerial_ace|47:air_slash;aerial_ace|attract|blizzard|brine|captivate|defog|double_team|endure|facade|fly|frustration|hail|hidden_power|ice_beam|natural_gift|pluck|protect|rain_dance|rest|return|roost|secret_power|shock_wave|sleep_talk|steel_wing|substitute|swagger|thief|toxic|u_turn|water_pulse;air_cutter|icy_wind|knock_off|mud_slap|ominous_wind|snore|swift|tailwind|twister|uproar;agility|aqua_ring|gust|knock_off|mist|twister|water_sport;water1|flying;pelipper@25;;278;Gaviota;0,6;9,5;blanco;50;no;Sus largas alas aprovechan los vientos marinos para planear. Cuando descansa, las pliega.;;;;
pelipper;Pelipper;water|flying;60;50;100;85;70;65;keen_eye;;;medium_fast;154;45;defense:2;1:growl|1:water_gun|1:water_sport|1:wing_attack|6:supersonic|11:wing_attack|16:mist|19:water_pulse|24:payback|25:protect|31:roost|38:spit_up|38:stockpile|38:swallow|43:fling|50:tailwind|57:hydro_pump;aerial_ace|attract|blizzard|brine|captivate|defog|double_team|endure|facade|fling|fly|frustration|giga_impact|hail|hidden_power|hyper_beam|ice_beam|natural_gift|payback|pluck|protect|rain_dance|rest|return|roost|secret_power|shock_wave|sleep_talk|steel_wing|substitute|surf|swagger|thief|toxic|u_turn|water_pulse|whirlpool;air_cutter|gunk_shot|icy_wind|knock_off|mud_slap|ominous_wind|seed_bomb|sky_attack|snore|swift|tailwind|twister|uproar;;water1|flying;;;279;Ave Agua;1,2;28;amarillo;50;no;Hunde su gran pico en el mar para sacar numerosas presas junto con mucha agua.;;;;
ralts;Ralts;psychic;28;25;25;45;35;40;synchronize;trace;;slow;40;235;sp_attack:1;1:growl|6:confusion|10:double_team|12:teleport|17:lucky_chant|21:magical_leaf|23:calm_mind|28:psychic|32:imprison|34:future_sight|39:charm|43:hypnosis|45:dream_eater;attract|calm_mind|captivate|charge_beam|double_team|dream_eater|endure|facade|flash|fling|frustration|grass_knot|hidden_power|light_screen|natural_gift|protect|psych_up|psychic|rain_dance|recycle|reflect|rest|return|safeguard|secret_power|shadow_ball|shock_wave|skill_swap|sleep_talk|snatch|substitute|sunny_day|swagger|taunt|thief|thunder_wave|thunderbolt|torment|toxic|trick_room;fire_punch|headbutt|helping_hand|ice_punch|icy_wind|magic_coat|mud_slap|pain_split|signal_beam|snore|swift|thunder_punch|trick|zen_headbutt;confuse_ray|destiny_bond|disable|encore|grudge|mean_look|memento|shadow_sneak|will_o_wisp;humanshape|indeterminate;kirlia@20;;280;Sensible;0,4;6,6;blanco;50;no;Si sus cuernos perciben emociones positivas de personas o Pokémon, su cuerpo se calienta un poco.;;;;
kirlia;Kirlia;psychic;38;35;35;65;55;50;synchronize;trace;;slow;97;120;sp_attack:2;1:confusion|1:double_team|1:growl|1:teleport|6:confusion|10:double_team|12:teleport|17:lucky_chant|22:magical_leaf|25:calm_mind|31:psychic|36:imprison|39:future_sight|45:charm|50:hypnosis|53:dream_eater;attract|calm_mind|captivate|charge_beam|double_team|dream_eater|endure|facade|flash|fling|frustration|grass_knot|hidden_power|light_screen|natural_gift|protect|psych_up|psychic|rain_dance|recycle|reflect|rest|return|safeguard|secret_power|shadow_ball|shock_wave|skill_swap|sleep_talk|snatch|substitute|sunny_day|swagger|taunt|thief|thunder_wave|thunderbolt|torment|toxic|trick_room;fire_punch|headbutt|helping_hand|ice_punch|icy_wind|magic_coat|mud_slap|pain_split|signal_beam|snore|swift|thunder_punch|trick|zen_headbutt;;humanshape|indeterminate;gardevoir@30 | gallade@objeto:dawn_stone+genero:macho;;281;Sensorio;0,8;20,2;blanco;50;no;Al percibir la alegría de su Entrenador refuerza sus ataques psicoquinéticos. Cuando está contento, da vueltas y baila.;;;;
gardevoir;Gardevoir;psychic;68;65;65;125;115;80;synchronize;trace;;slow;233;45;sp_attack:3;1:confusion|1:double_team|1:growl|1:healing_wish|1:teleport|6:confusion|10:double_team|12:teleport|17:wish|22:magical_leaf|25:calm_mind|33:psychic|40:imprison|45:future_sight|53:captivate|60:hypnosis|65:dream_eater;attract|calm_mind|captivate|charge_beam|double_team|dream_eater|endure|energy_ball|facade|flash|fling|focus_blast|frustration|giga_impact|grass_knot|hidden_power|hyper_beam|light_screen|natural_gift|protect|psych_up|psychic|rain_dance|recycle|reflect|rest|return|safeguard|secret_power|shadow_ball|shock_wave|skill_swap|sleep_talk|snatch|substitute|sunny_day|swagger|taunt|thief|thunder_wave|thunderbolt|torment|toxic|trick_room;fire_punch|headbutt|heal_bell|helping_hand|ice_punch|icy_wind|magic_coat|mud_slap|pain_split|signal_beam|snore|swift|thunder_punch|trick|zen_headbutt;;humanshape|indeterminate;;;282;Envolvente;1,6;48,4;blanco;50;no;Para proteger a su Entrenador, emplea todo su poder psíquico en crear un pequeño agujero negro.;;;;
surskit;Surskit;bug|water;40;30;32;50;52;65;swift_swim;;;medium_fast;54;200;speed:1;1:bubble|7:quick_attack|13:sweet_scent|19:water_sport|25:bubble_beam|31:agility|37:haze|37:mist|43:baton_pass;attract|blizzard|captivate|double_team|endure|facade|flash|frustration|giga_drain|hidden_power|ice_beam|natural_gift|protect|psych_up|rain_dance|rest|return|secret_power|shadow_ball|sleep_talk|solar_beam|substitute|sunny_day|swagger|thief|toxic|water_pulse;bug_bite|icy_wind|mud_slap|signal_beam|snore|string_shot|swift;bug_bite|foresight|hydro_pump|mind_reader|mud_shot|psybeam|signal_beam;water1|bug;masquerain@22;;283;Zapatero;0,5;1,7;azul;50;no;Vive en estanques, pero cuando se desata una tormenta puede aparecer en los charcos que se forman en las ciudades.;;;;
masquerain;Masquerain;bug|flying;70;60;62;80;82;60;intimidate;;;medium_fast;159;75;sp_attack:1|sp_defense:1;1:bubble|1:ominous_wind|1:quick_attack|1:sweet_scent|1:water_sport|7:quick_attack|13:sweet_scent|19:water_sport|22:gust|26:scary_face|33:stun_spore|40:silver_wind|47:air_slash|54:whirlwind|61:bug_buzz;aerial_ace|attract|blizzard|captivate|defog|double_team|endure|energy_ball|facade|flash|frustration|giga_drain|giga_impact|hidden_power|hyper_beam|ice_beam|natural_gift|protect|psych_up|rain_dance|rest|return|roost|secret_power|shadow_ball|silver_wind|sleep_talk|solar_beam|substitute|sunny_day|swagger|thief|toxic|u_turn|water_pulse;air_cutter|bug_bite|icy_wind|mud_slap|ominous_wind|signal_beam|snore|string_shot|swift|tailwind|twister;;water1|bug;;;284;Globocular;0,8;3,6;azul;50;no;Sus antenas tienen dibujos de ojos, mientras que sus alas le permiten volar en cualquier dirección.;;;;
shroomish;Shroomish;grass;60;40;60;40;60;35;effect_spore;poison_heal;;fluctuating;59;255;hp:1;1:absorb|5:tackle|9:stun_spore|13:leech_seed|17:mega_drain|21:headbutt|25:poison_powder|29:worry_seed|33:growth|37:giga_drain|41:seed_bomb|45:spore;attract|bullet_seed|captivate|double_team|endure|energy_ball|facade|flash|frustration|giga_drain|grass_knot|hidden_power|natural_gift|protect|rest|return|safeguard|secret_power|sleep_talk|sludge_bomb|snatch|solar_beam|substitute|sunny_day|swagger|swords_dance|toxic;headbutt|helping_hand|seed_bomb|snore|synthesis|worry_seed;charm|fake_tears|false_swipe|helping_hand|seed_bomb|swagger|wake_up_slap|worry_seed;fairy|plant;breloom@23;;285;Hongo;0,4;4,5;marrón;50;no;Prefiere los sitios húmedos. De día está tranquilamente en el bosque, a la sombra. Expulsa polvo tóxico por la cabeza.;;;;
breloom;Breloom;grass|fighting;60;130;80;60;60;70;effect_spore;poison_heal;;fluctuating;161;90;attack:2;1:absorb|1:leech_seed|1:stun_spore|1:tackle|5:tackle|9:stun_spore|13:leech_seed|17:mega_drain|21:headbutt|23:mach_punch|25:counter|29:force_palm|33:sky_uppercut|37:mind_reader|41:seed_bomb|45:dynamic_punch;attract|brick_break|bulk_up|bullet_seed|captivate|cut|double_team|drain_punch|endure|energy_ball|facade|flash|fling|focus_blast|focus_punch|frustration|giga_drain|giga_impact|grass_knot|hidden_power|hyper_beam|iron_tail|natural_gift|protect|rest|return|rock_slide|rock_smash|rock_tomb|safeguard|secret_power|sleep_talk|sludge_bomb|snatch|solar_beam|stone_edge|strength|substitute|sunny_day|swagger|swords_dance|toxic;fury_cutter|headbutt|helping_hand|mud_slap|seed_bomb|snore|superpower|synthesis|thunder_punch|vacuum_wave|worry_seed;;fairy|plant;;;286;Hongo;1,2;39,2;verde;50;no;Sus cortos brazos se expanden cuando da puñetazos. Tiene una técnica pugilística muy depurada.;;;;
slakoth;Slakoth;normal;60;60;60;35;35;30;truant;;;slow;56;255;hp:1;1:scratch|1:yawn|7:encore|13:slack_off|19:feint_attack|25:amnesia|31:covet|37:counter|43:flail;aerial_ace|attract|blizzard|brick_break|bulk_up|captivate|cut|double_team|endure|facade|fire_blast|flamethrower|fling|focus_punch|frustration|hidden_power|ice_beam|natural_gift|protect|rain_dance|rest|return|rock_slide|rock_smash|rock_tomb|secret_power|shadow_ball|shadow_claw|shock_wave|sleep_talk|solar_beam|strength|substitute|sunny_day|swagger|thunder|thunderbolt|toxic|water_pulse;fire_punch|fury_cutter|gunk_shot|headbutt|ice_punch|icy_wind|mud_slap|snore|sucker_punch|thunder_punch;body_slam|crush_claw|curse|hammer_arm|night_slash|pursuit|slash|sleep_talk|snore;ground;vigoroth@18;;287;Gandul;0,8;24;marrón;50;no;Slakoth se pasa todo el día holgazaneando y solo con verlo a uno le entra mucha pereza.;;;;
vigoroth;Vigoroth;normal;80;80;80;55;55;90;vital_spirit;;;slow;154;120;speed:2;1:encore|1:focus_energy|1:scratch|1:uproar|7:encore|13:uproar|19:fury_swipes|25:endure|31:slash|37:counter|43:focus_punch|49:reversal;aerial_ace|attract|blizzard|brick_break|bulk_up|captivate|cut|double_team|earthquake|endure|facade|fire_blast|flamethrower|fling|focus_blast|focus_punch|frustration|hidden_power|ice_beam|natural_gift|protect|rain_dance|rest|return|roar|rock_climb|rock_slide|rock_smash|rock_tomb|secret_power|shadow_ball|shadow_claw|shock_wave|sleep_talk|solar_beam|strength|substitute|sunny_day|swagger|taunt|thunder|thunderbolt|toxic|water_pulse;fire_punch|fury_cutter|gunk_shot|headbutt|ice_punch|icy_wind|low_kick|mud_slap|sucker_punch|thunder_punch|uproar;;ground;slaking@36;;288;Mono Feroz;1,4;46,5;blanco;50;no;Su corazón palpita a un ritmo frenético, haciendo que su sangre bulla, así que no puede estarse quieto ni un segundo.;;;;
slaking;Slaking;normal;150;160;100;95;65;100;truant;;;slow;252;45;hp:3;1:encore|1:scratch|1:slack_off|1:yawn|7:encore|13:slack_off|19:feint_attack|25:amnesia|31:covet|36:swagger|37:counter|43:flail|49:fling|55:punishment|61:hammer_arm;aerial_ace|attract|blizzard|brick_break|bulk_up|captivate|cut|double_team|earthquake|endure|facade|fire_blast|flamethrower|fling|focus_blast|focus_punch|frustration|giga_impact|hidden_power|hyper_beam|ice_beam|natural_gift|protect|rain_dance|rest|return|roar|rock_climb|rock_slide|rock_smash|rock_tomb|secret_power|shadow_ball|shadow_claw|shock_wave|sleep_talk|solar_beam|strength|substitute|sunny_day|swagger|taunt|thunder|thunderbolt|toxic|water_pulse;block|fire_punch|fury_cutter|gunk_shot|headbutt|ice_punch|icy_wind|low_kick|mud_slap|snore|sucker_punch|thunder_punch;;ground;;;289;Holgazán;2;130,5;marrón;50;no;El Pokémon más perezoso del mundo. Cambia de lugar para coger la comida al alcance de su mano.;;;;
nincada;Nincada;bug|ground;31;45;90;30;30;40;compound_eyes;;;erratic;53;255;defense:1;1:harden|1:scratch|5:leech_life|9:sand_attack|14:fury_swipes|19:mind_reader|25:false_swipe|31:mud_slap|38:metal_claw|45:dig;aerial_ace|cut|dig|double_team|endure|facade|false_swipe|flash|frustration|giga_drain|hidden_power|natural_gift|protect|rest|return|sandstorm|secret_power|shadow_ball|sleep_talk|solar_beam|substitute|sunny_day|swagger|toxic|x_scissor;bug_bite|fury_cutter|mud_slap|snore|spite|string_shot;bug_bite|bug_buzz|endure|feint_attack|gust|night_slash|silver_wind;bug;ninjask@20;;290;Aprendiz;0,5;5,5;gris;50;no;Como se ha pasado casi toda la vida viviendo bajo tierra, no ve bien. Las antenas que tiene le ayudan a orientarse.;;;;
ninjask;Ninjask;bug|flying;61;90;45;50;50;160;speed_boost;;;erratic;160;120;speed:2;1:bug_bite|1:harden|1:leech_life|1:sand_attack|1:scratch|5:leech_life|9:sand_attack|14:fury_swipes|19:mind_reader|20:double_team|20:fury_cutter|20:screech|25:swords_dance|31:slash|38:agility|45:baton_pass|52:x_scissor;aerial_ace|attract|captivate|cut|defog|dig|double_team|endure|facade|false_swipe|flash|frustration|giga_drain|giga_impact|hidden_power|hyper_beam|natural_gift|protect|rest|return|roost|sandstorm|secret_power|shadow_ball|silver_wind|sleep_talk|solar_beam|substitute|sunny_day|swagger|swords_dance|thief|toxic|u_turn|x_scissor;air_cutter|bug_bite|fury_cutter|mud_slap|ominous_wind|snore|spite|string_shot|swift|uproar;;bug;;;291;Ninja;0,8;12;amarillo;50;no;Escuchar su zumbido de forma continuada provoca jaquecas. Casi no se le ve de lo rápido que es.;;;;
shedinja;Shedinja;bug|ghost;1;90;45;30;30;40;wonder_guard;;;erratic;83;45;hp:2;1:harden|1:scratch|5:leech_life|9:sand_attack|14:fury_swipes|19:mind_reader|25:spite|31:confuse_ray|38:shadow_sneak|45:grudge|52:heal_block|59:shadow_ball;aerial_ace|cut|dig|double_team|dream_eater|endure|facade|false_swipe|flash|frustration|giga_drain|giga_impact|hidden_power|hyper_beam|natural_gift|protect|rest|return|sandstorm|secret_power|shadow_ball|shadow_claw|sleep_talk|solar_beam|substitute|sunny_day|swagger|thief|toxic|will_o_wisp|x_scissor;bug_bite|fury_cutter|mud_slap|snore|spite|string_shot|sucker_punch|trick;;mineral;;;292;Muda;0,8;1,2;marrón;sin_genero;no;Es el caparazón de un bicho que cobró vida. Si alguien lo mira por la espalda, le robará el alma.;;;;
whismur;Whismur;normal;64;51;23;51;23;28;soundproof;;;medium_slow;48;190;hp:1;1:pound|5:uproar|11:astonish|15:howl|21:supersonic|25:stomp|31:screech|35:roar|41:rest|41:sleep_talk|45:hyper_voice;attract|blizzard|captivate|double_team|endure|facade|fire_blast|flamethrower|fling|frustration|hidden_power|ice_beam|natural_gift|protect|rain_dance|rest|return|roar|secret_power|shadow_ball|shock_wave|sleep_talk|solar_beam|substitute|sunny_day|swagger|toxic|water_pulse;fire_punch|headbutt|ice_punch|icy_wind|mud_slap|rollout|snore|thunder_punch|uproar|zen_headbutt;endeavor|extrasensory|hammer_arm|smelling_salts|smokescreen|snore|swagger|take_down;monster|ground;loudred@20;;293;Susurro;0,6;16,3;rosa;50;no;Normalmente murmulla, pero cuando siente que hay peligro se pone a chillar. Solo para cuando se le cierran las orejas.;;;;
loudred;Loudred;normal;84;71;43;71;43;48;soundproof;;;medium_slow;126;120;hp:2;1:astonish|1:howl|1:pound|1:uproar|5:uproar|11:astonish|15:howl|20:bite|23:supersonic|29:stomp|37:screech|43:roar|51:rest|51:sleep_talk|57:hyper_voice;attract|blizzard|brick_break|captivate|double_team|earthquake|endure|facade|fire_blast|flamethrower|fling|frustration|hidden_power|ice_beam|natural_gift|overheat|protect|rain_dance|rest|return|roar|rock_slide|rock_smash|rock_tomb|secret_power|shadow_ball|shock_wave|sleep_talk|solar_beam|strength|substitute|sunny_day|swagger|taunt|torment|toxic|water_pulse;fire_punch|headbutt|ice_punch|icy_wind|low_kick|mud_slap|rollout|snore|thunder_punch|uproar|zen_headbutt;;monster|ground;exploud@40;;294;Chillón;1;40,5;azul;50;no;Aspira profundamente y luego, usando sus fuertes abdominales, suelta un potente vozarrón.;;;;
exploud;Exploud;normal;104;91;63;91;63;68;soundproof;;;medium_slow;221;45;hp:3;1:astonish|1:fire_fang|1:howl|1:ice_fang|1:pound|1:thunder_fang|1:uproar|5:uproar|11:astonish|15:howl|20:bite|23:supersonic|29:stomp|37:screech|40:crunch|45:roar|55:rest|55:sleep_talk|63:hyper_voice|71:hyper_beam;attract|avalanche|blizzard|brick_break|captivate|double_team|earthquake|endure|facade|fire_blast|flamethrower|fling|focus_blast|frustration|giga_impact|hidden_power|hyper_beam|ice_beam|natural_gift|overheat|protect|rain_dance|rest|return|roar|rock_climb|rock_slide|rock_smash|rock_tomb|secret_power|shadow_ball|shock_wave|sleep_talk|solar_beam|strength|substitute|sunny_day|surf|swagger|taunt|torment|toxic|water_pulse|whirlpool;fire_punch|headbutt|ice_punch|icy_wind|low_kick|mud_slap|outrage|rollout|snore|thunder_punch|uproar|zen_headbutt;;monster|ground;;;295;Escandaloso;1,5;84;azul;50;no;Su aullido se puede oír a 10 km. Emite todo tipo de sonidos desde los tubos de su cuerpo.;;;;
makuhita;Makuhita;fighting;72;60;30;20;30;25;thick_fat;guts;;fluctuating;47;180;hp:1;1:focus_energy|1:tackle|4:sand_attack|7:arm_thrust|10:vital_throw|13:fake_out|16:whirlwind|19:knock_off|22:smelling_salts|25:belly_drum|28:force_palm|31:seismic_toss|34:wake_up_slap|37:endure|40:close_combat|43:reversal;attract|brick_break|bulk_up|captivate|dig|double_team|earthquake|endure|facade|fling|focus_blast|focus_punch|frustration|hidden_power|natural_gift|poison_jab|protect|rain_dance|rest|return|rock_climb|rock_slide|rock_smash|rock_tomb|secret_power|sleep_talk|strength|substitute|sunny_day|surf|swagger|toxic|whirlpool;fire_punch|headbutt|helping_hand|ice_punch|knock_off|low_kick|mud_slap|role_play|snore|superpower|thunder_punch|vacuum_wave;bullet_punch|counter|cross_chop|detect|dynamic_punch|feint|feint_attack|foresight|helping_hand|revenge|wake_up_slap;humanshape;hariyama@24;;296;Valiente;1;86,4;amarillo;25;no;Endurece su cuerpo golpeando grandes árboles sin perder jamás el ánimo.;;;;
hariyama;Hariyama;fighting;144;120;60;40;60;50;thick_fat;guts;;fluctuating;166;200;hp:2;1:arm_thrust|1:brine|1:focus_energy|1:sand_attack|1:tackle|4:sand_attack|7:arm_thrust|10:vital_throw|13:fake_out|16:whirlwind|19:knock_off|22:smelling_salts|27:belly_drum|32:force_palm|37:seismic_toss|42:wake_up_slap|47:endure|52:close_combat|57:reversal;attract|brick_break|brine|bulk_up|captivate|dig|double_team|earthquake|endure|facade|fling|focus_blast|focus_punch|frustration|giga_impact|hidden_power|hyper_beam|natural_gift|payback|poison_jab|protect|rain_dance|rest|return|rock_climb|rock_slide|rock_smash|rock_tomb|secret_power|sleep_talk|stone_edge|strength|substitute|sunny_day|surf|swagger|toxic|whirlpool;fire_punch|headbutt|helping_hand|ice_punch|iron_head|knock_off|low_kick|mud_slap|role_play|snore|superpower|thunder_punch|vacuum_wave;;humanshape;;;297;Empuje;2,3;253,8;marrón;25;no;Para aumentar su fuerza, da un pisotón en el suelo. Puede lanzar un camión de 10 toneladas por los aires de un puñetazo.;;;;
azurill;Azurill;normal;50;20;40;20;40;20;thick_fat;huge_power;;fast;38;150;hp:1;1:splash|2:charm|7:tail_whip|10:bubble|15:slam|18:water_gun;attract|blizzard|captivate|double_team|endure|facade|frustration|hail|hidden_power|ice_beam|iron_tail|natural_gift|protect|rain_dance|rest|return|secret_power|sleep_talk|substitute|surf|swagger|toxic|water_pulse|waterfall|whirlpool;headbutt|helping_hand|icy_wind|knock_off|mud_slap|rollout|snore|swift|uproar;body_slam|encore|fake_tears|refresh|sing|slam|tickle;no_eggs;marill@amistad;;298;A Topos;0,2;2;azul;75;no;Vive cerca del agua. En la tierra se mueve muy rápido botando sobre su gran cola.;;;;
nosepass;Nosepass;rock;30;45;135;45;90;30;sturdy;magnet_pull;;medium_fast;75;255;defense:1;1:tackle|7:harden|13:rock_throw|19:block|25:thunder_wave|31:rock_slide|37:sandstorm|43:rest|49:power_gem|55:discharge|61:stone_edge|67:zap_cannon|73:lock_on|79:earth_power;attract|captivate|double_team|earthquake|endure|explosion|facade|frustration|hidden_power|natural_gift|protect|rest|return|rock_polish|rock_slide|rock_smash|rock_tomb|sandstorm|secret_power|shock_wave|sleep_talk|stealth_rock|stone_edge|strength|substitute|sunny_day|swagger|taunt|thunder|thunder_wave|thunderbolt|torment|toxic;ancient_power|block|earth_power|fire_punch|gravity|headbutt|ice_punch|iron_defense|magic_coat|magnet_rise|mud_slap|pain_split|rollout|snore|thunder_punch;block|double_edge|explosion|head_smash|magnitude|rollout;mineral;probopass@subir+lugar:mt_coronet;;299;Brújula;1;97;gris;50;no;Siempre apunta al norte con su nariz imantada. Con ella reviste su cuerpo de objetos metálicos para protegerse.;;;;
skitty;Skitty;normal;50;45;45;35;35;50;cute_charm;normalize;;fast;52;255;speed:1;1:fake_out|1:growl|1:tackle|1:tail_whip|4:foresight|8:attract|11:sing|15:double_slap|18:copycat|22:assist|25:charm|29:feint_attack|32:wake_up_slap|36:covet|39:heal_bell|42:double_edge|46:captivate;attract|blizzard|calm_mind|captivate|charge_beam|dig|double_team|dream_eater|endure|facade|flash|frustration|grass_knot|hidden_power|ice_beam|iron_tail|natural_gift|payback|protect|psych_up|rain_dance|rest|return|safeguard|secret_power|shadow_ball|shock_wave|sleep_talk|solar_beam|substitute|sunny_day|swagger|thunder|thunder_wave|thunderbolt|toxic|water_pulse;headbutt|heal_bell|helping_hand|icy_wind|last_resort|mud_slap|rollout|snore|sucker_punch|swift|zen_headbutt;baton_pass|fake_out|fake_tears|helping_hand|last_resort|mud_bomb|psych_up|substitute|sucker_punch|tickle|uproar|wish|zen_headbutt;ground|fairy;delcatty@objeto:moon_stone;;300;Gatito;0,6;11;rosa;75;no;No puede evitar ir tras las cosas que se mueven. Hasta corre en círculos persiguiéndose la cola.;;;;
delcatty;Delcatty;normal;70;65;65;55;55;70;cute_charm;normalize;;fast;140;60;hp:1|speed:1;1:attract|1:double_slap|1:fake_out|1:sing;attract|blizzard|calm_mind|captivate|charge_beam|dig|double_team|dream_eater|endure|facade|flash|frustration|giga_impact|grass_knot|hidden_power|hyper_beam|ice_beam|iron_tail|natural_gift|payback|protect|psych_up|rain_dance|rest|return|rock_smash|safeguard|secret_power|shadow_ball|shock_wave|sleep_talk|solar_beam|strength|substitute|sunny_day|swagger|thunder|thunder_wave|thunderbolt|toxic|water_pulse;headbutt|heal_bell|helping_hand|icy_wind|last_resort|mud_slap|rollout|snore|sucker_punch|swift|zen_headbutt;;ground|fairy;;;301;Cursi;1,1;32,6;morado;75;no;No soporta los lugares sucios. Le encanta acicalarse el pelaje cuando está a gusto en un sitio.;;;;
sableye;Sableye;dark|ghost;50;75;75;65;65;50;keen_eye;stall;;medium_slow;133;45;attack:1|defense:1;1:leer|1:scratch|4:foresight|8:night_shade|11:astonish|15:fury_swipes|18:fake_out|22:detect|25:shadow_sneak|29:knock_off|32:feint_attack|36:punishment|39:shadow_claw|43:power_gem|46:confuse_ray|50:zen_headbutt|53:shadow_ball|57:mean_look;aerial_ace|attract|brick_break|calm_mind|captivate|cut|dark_pulse|dig|double_team|dream_eater|embargo|endure|facade|flash|fling|focus_punch|frustration|hidden_power|natural_gift|payback|poison_jab|protect|psych_up|psychic|rain_dance|rest|return|rock_smash|rock_tomb|secret_power|shadow_ball|shadow_claw|shock_wave|sleep_talk|snatch|substitute|sunny_day|swagger|taunt|thief|torment|toxic|water_pulse|will_o_wisp;fire_punch|fury_cutter|gravity|headbutt|ice_punch|icy_wind|knock_off|low_kick|magic_coat|mud_slap|ominous_wind|pain_split|role_play|signal_beam|snore|spite|sucker_punch|thunder_punch|trick|zen_headbutt;feint|flatter|moonlight|nasty_plot|psych_up|recover;humanshape;;;302;Oscuridad;0,5;11;morado;50;no;Se oculta en cavernas oscuras. De tanto comer gemas, sus ojos son piedras preciosas.;;;;
mawile;Mawile;steel;50;85;85;55;55;50;hyper_cutter;intimidate;;fast;133;45;attack:1|defense:1;1:astonish|6:fake_tears|11:bite|16:sweet_scent|21:vice_grip|26:feint_attack|31:baton_pass|36:crunch|41:iron_defense|46:sucker_punch|51:spit_up|51:stockpile|51:swallow|56:iron_head;attract|brick_break|captivate|charge_beam|dark_pulse|double_team|embargo|endure|facade|fire_blast|flamethrower|flash_cannon|fling|focus_blast|focus_punch|frustration|giga_impact|grass_knot|hidden_power|hyper_beam|ice_beam|natural_gift|payback|protect|rain_dance|rest|return|rock_slide|rock_smash|rock_tomb|sandstorm|secret_power|shadow_ball|sleep_talk|sludge_bomb|solar_beam|strength|substitute|sunny_day|swagger|swords_dance|taunt|torment|toxic;ancient_power|headbutt|ice_punch|icy_wind|iron_defense|iron_head|knock_off|magnet_rise|mud_slap|pain_split|snore|sucker_punch|super_fang|thunder_punch;ancient_power|false_swipe|fire_fang|guard_swap|ice_fang|poison_fang|psych_up|punishment|sucker_punch|swords_dance|thunder_fang|tickle;ground|fairy;;;303;Tramposo;0,6;11,5;negro;50;no;"Engaña con su aspecto dócil; hace que el rival se confíe y le da un mordisco con sus enormes e implacables mandíbulas.";;;;
aron;Aron;steel|rock;50;70;100;40;40;30;sturdy;rock_head;;slow;66;180;defense:1;1:tackle|4:harden|8:mud_slap|11:headbutt|15:metal_claw|18:iron_defense|22:roar|25:take_down|29:iron_head|32:protect|36:metal_sound|39:iron_tail|43:double_edge|46:metal_burst;aerial_ace|attract|captivate|cut|dig|double_team|earthquake|endure|facade|frustration|hidden_power|iron_tail|natural_gift|protect|rain_dance|rest|return|roar|rock_polish|rock_slide|rock_smash|rock_tomb|sandstorm|secret_power|shadow_claw|shock_wave|sleep_talk|stealth_rock|strength|substitute|sunny_day|swagger|toxic|water_pulse;ancient_power|earth_power|endeavor|fury_cutter|headbutt|iron_defense|iron_head|magnet_rise|mud_slap|rollout|snore|spite|superpower|uproar;body_slam|curse|dragon_rush|endeavor|head_smash|iron_head|screech|smelling_salts|stomp;monster;lairon@32;;304;Coraza Férrea;0,4;60;gris;50;no;Suele vivir en lugares inaccesibles de las montañas, pero el hambre lo empuja a comer raíles y coches.;;;;
lairon;Lairon;steel|rock;60;90;140;50;50;40;sturdy;rock_head;;slow;151;90;defense:2;1:harden|1:headbutt|1:mud_slap|1:tackle|4:harden|8:mud_slap|11:headbutt|15:metal_claw|18:iron_defense|22:roar|25:take_down|29:iron_head|34:protect|40:metal_sound|45:iron_tail|51:double_edge|56:metal_burst;aerial_ace|attract|captivate|cut|dig|double_team|earthquake|endure|facade|frustration|hidden_power|iron_tail|natural_gift|protect|rain_dance|rest|return|roar|rock_polish|rock_slide|rock_smash|rock_tomb|sandstorm|secret_power|shadow_claw|shock_wave|sleep_talk|stealth_rock|stone_edge|strength|substitute|sunny_day|swagger|toxic|water_pulse;ancient_power|earth_power|endeavor|fury_cutter|headbutt|iron_defense|iron_head|magnet_rise|mud_slap|rollout|snore|spite|superpower|uproar;;monster;aggron@42;;305;Coraza Férrea;0,9;120;gris;50;no;Le encanta comer hierro. Lucha por su territorio embistiendo a sus rivales con su cuerpo de acero.;;;;
aggron;Aggron;steel|rock;70;110;180;60;60;50;sturdy;rock_head;;slow;239;45;defense:3;1:harden|1:headbutt|1:mud_slap|1:tackle|4:harden|8:mud_slap|11:headbutt|15:metal_claw|18:iron_defense|22:roar|25:take_down|29:iron_head|34:protect|40:metal_sound|48:iron_tail|57:double_edge|65:metal_burst;aerial_ace|attract|avalanche|blizzard|brick_break|captivate|cut|dark_pulse|dig|double_team|dragon_claw|dragon_pulse|earthquake|endure|facade|fire_blast|flamethrower|flash_cannon|fling|focus_blast|focus_punch|frustration|giga_impact|hidden_power|hyper_beam|ice_beam|iron_tail|natural_gift|payback|protect|rain_dance|rest|return|roar|rock_climb|rock_polish|rock_slide|rock_smash|rock_tomb|sandstorm|secret_power|shadow_claw|shock_wave|sleep_talk|solar_beam|stealth_rock|stone_edge|strength|substitute|sunny_day|surf|swagger|taunt|thunder|thunder_wave|thunderbolt|toxic|water_pulse|whirlpool;ancient_power|aqua_tail|block|earth_power|endeavor|fire_punch|fury_cutter|headbutt|ice_punch|icy_wind|iron_defense|iron_head|low_kick|magnet_rise|mud_slap|outrage|rollout|snore|spite|superpower|thunder_punch|uproar;;monster;;;306;Coraza Férrea;2,1;360;gris;50;no;Hacen de toda una montaña su territorio. Cuantas más cicatrices tienen, más curtidos en disputas. ¡Mucha atención!;;;;
meditite;Meditite;fighting|psychic;30;40;55;40;55;60;pure_power;;;medium_fast;56;180;speed:1;1:bide|4:meditate|8:confusion|11:detect|15:hidden_power|18:mind_reader|22:feint|25:calm_mind|29:force_palm|32:high_jump_kick|36:psych_up|39:power_trick|43:reversal|46:recover;attract|brick_break|bulk_up|calm_mind|captivate|double_team|drain_punch|dream_eater|endure|facade|flash|fling|focus_blast|focus_punch|frustration|grass_knot|hidden_power|light_screen|natural_gift|poison_jab|protect|psych_up|psychic|rain_dance|recycle|reflect|rest|return|rock_slide|rock_smash|rock_tomb|secret_power|shadow_ball|sleep_talk|strength|substitute|sunny_day|swagger|toxic;fire_punch|gravity|headbutt|helping_hand|ice_punch|low_kick|magic_coat|mud_slap|pain_split|role_play|signal_beam|snore|swift|thunder_punch|trick|vacuum_wave|zen_headbutt;baton_pass|bullet_punch|dynamic_punch|fake_out|fire_punch|foresight|guard_swap|ice_punch|power_swap|psycho_cut|thunder_punch;humanshape;medicham@37;;307;Meditador;0,6;11,2;azul;50;no;Se entrena en la profundidad de las montañas. Cuando aumenta su poder espiritual con meditación, levita.;;;;
medicham;Medicham;fighting|psychic;60;60;75;60;75;80;pure_power;;;medium_fast;144;90;speed:2;1:bide|1:confusion|1:detect|1:fire_punch|1:ice_punch|1:meditate|1:thunder_punch|4:meditate|8:confusion|11:detect|15:hidden_power|18:mind_reader|22:feint|25:calm_mind|29:force_palm|32:high_jump_kick|36:psych_up|42:power_trick|49:reversal|55:recover;attract|brick_break|bulk_up|calm_mind|captivate|double_team|drain_punch|dream_eater|endure|energy_ball|facade|flash|fling|focus_blast|focus_punch|frustration|giga_impact|grass_knot|hidden_power|hyper_beam|light_screen|natural_gift|poison_jab|protect|psych_up|psychic|rain_dance|recycle|reflect|rest|return|rock_slide|rock_smash|rock_tomb|secret_power|shadow_ball|sleep_talk|strength|substitute|sunny_day|swagger|toxic;fire_punch|gravity|headbutt|helping_hand|ice_punch|low_kick|magic_coat|mud_slap|pain_split|role_play|signal_beam|snore|swift|thunder_punch|trick|vacuum_wave|zen_headbutt;;humanshape;;;308;Meditador;1,3;31,5;rojo;50;no;Evita los ataques moviéndose de forma elegante, como si bailara. Ataca dando un golpe devastador y moviéndose igual.;;;;
electrike;Electrike;electric;40;45;40;65;40;65;static;lightning_rod;;slow;59;120;speed:1;1:tackle|4:thunder_wave|9:leer|12:howl|17:quick_attack|20:spark|25:odor_sleuth|28:bite|33:thunder_fang|36:roar|41:discharge|44:charge|49:thunder;attract|captivate|charge_beam|double_team|endure|facade|flamethrower|flash|frustration|hidden_power|iron_tail|light_screen|natural_gift|protect|rain_dance|rest|return|roar|secret_power|shock_wave|sleep_talk|strength|substitute|swagger|thief|thunder|thunder_wave|thunderbolt|toxic;headbutt|magnet_rise|mud_slap|signal_beam|snore|swift;crunch|curse|discharge|fire_fang|headbutt|ice_fang|swift|switcheroo|thunder_fang|uproar;ground;manectric@26;;309;Calambre;0,6;15,2;verde;50;no;Estimula sus músculos y aumenta sus reflejos con la electricidad que almacena su pelaje.;;;;
manectric;Manectric;electric;70;75;60;105;60;105;static;lightning_rod;;slow;166;45;speed:2;1:fire_fang|1:howl|1:leer|1:tackle|1:thunder_wave|4:thunder_wave|9:leer|12:howl|17:quick_attack|20:spark|25:odor_sleuth|30:bite|37:thunder_fang|42:roar|49:discharge|54:charge|61:thunder;attract|captivate|charge_beam|double_team|endure|facade|flamethrower|flash|frustration|giga_impact|hidden_power|hyper_beam|iron_tail|light_screen|natural_gift|overheat|protect|rain_dance|rest|return|roar|secret_power|shock_wave|sleep_talk|strength|substitute|swagger|thief|thunder|thunder_wave|thunderbolt|toxic;headbutt|magnet_rise|mud_slap|signal_beam|snore|swift;;ground;;;310;Descarga;1,5;40,2;amarillo;50;no;No suele aparecer ante la gente. Dicen que suele colocar su nido donde caen los rayos.;;;;
plusle;Plusle;electric;60;50;40;85;75;95;plus;;;medium_fast;142;200;speed:1;1:growl|3:thunder_wave|7:quick_attack|10:helping_hand|15:spark|17:encore|21:fake_tears|24:copycat|29:swift|31:fake_tears|35:charge|38:thunder|42:baton_pass|44:agility|48:last_resort|51:nasty_plot;attract|captivate|charge_beam|double_team|endure|facade|flash|fling|frustration|grass_knot|hidden_power|iron_tail|light_screen|natural_gift|protect|rain_dance|rest|return|secret_power|shock_wave|sleep_talk|substitute|swagger|thunder|thunder_wave|thunderbolt|toxic;headbutt|helping_hand|last_resort|magnet_rise|mud_slap|rollout|signal_beam|snore|swift|thunder_punch|uproar;discharge|sing|substitute|sweet_kiss|wish;fairy;;;311;Ánimo;0,4;4,2;amarillo;50;no;Anima a sus compañeros con pompones de chispas. Roba energía de los postes telefónicos.;;;;
minun;Minun;electric;60;40;50;75;85;95;minus;;;medium_fast;142;200;speed:1;1:growl|3:thunder_wave|7:quick_attack|10:helping_hand|15:spark|17:encore|21:charm|24:copycat|29:swift|31:fake_tears|35:charge|38:thunder|42:baton_pass|44:agility|48:trump_card|51:nasty_plot;attract|captivate|charge_beam|double_team|endure|facade|flash|fling|frustration|grass_knot|hidden_power|iron_tail|light_screen|natural_gift|protect|rain_dance|rest|return|secret_power|shock_wave|sleep_talk|substitute|swagger|thunder|thunder_wave|thunderbolt|toxic;headbutt|helping_hand|last_resort|magnet_rise|mud_slap|rollout|signal_beam|snore|swift|thunder_punch|uproar;discharge|sing|substitute|sweet_kiss|wish;fairy;;;312;Ánimo;0,4;4,2;amarillo;50;no;La electricidad de Minun y Plusle es buena para la circulación y para desentumecer músculos.;;;;
volbeat;Volbeat;bug;65;73;55;47;75;85;illuminate;swarm;;erratic;151;150;speed:1;1:flash|1:tackle|5:double_team|9:confuse_ray|13:moonlight|17:quick_attack|21:tail_glow|25:signal_beam|29:protect|33:helping_hand|37:zen_headbutt|41:bug_buzz|45:double_edge;aerial_ace|attract|brick_break|captivate|charge_beam|double_team|endure|facade|flash|fling|focus_punch|frustration|giga_drain|hidden_power|light_screen|natural_gift|protect|psych_up|rain_dance|rest|return|roost|secret_power|shadow_ball|shock_wave|silver_wind|sleep_talk|solar_beam|substitute|sunny_day|swagger|thief|thunder|thunder_wave|thunderbolt|toxic|u_turn|water_pulse;air_cutter|bug_bite|helping_hand|ice_punch|mud_slap|ominous_wind|signal_beam|snore|string_shot|swift|tailwind|thunder_punch|zen_headbutt;baton_pass|bug_buzz|encore|silver_wind|trick;bug|humanshape;;;313;Luciérnaga;0,7;17,7;gris;0;no;Se comunica con otros iluminando su cola por la noche. Le encanta el suave aroma de Illumise.;;;;
illumise;Illumise;bug;65;47;55;73;75;85;oblivious;tinted_lens;;fluctuating;151;150;speed:1;1:tackle|5:sweet_scent|9:charm|13:moonlight|17:quick_attack|21:wish|25:encore|29:flatter|33:helping_hand|37:zen_headbutt|41:bug_buzz|45:covet;aerial_ace|attract|brick_break|captivate|charge_beam|double_team|endure|facade|flash|fling|focus_punch|frustration|giga_drain|hidden_power|light_screen|natural_gift|protect|psych_up|rain_dance|rest|return|roost|secret_power|shadow_ball|shock_wave|silver_wind|sleep_talk|solar_beam|substitute|sunny_day|swagger|thief|thunder|thunder_wave|thunderbolt|toxic|u_turn|water_pulse;air_cutter|bug_bite|helping_hand|ice_punch|mud_slap|ominous_wind|snore|string_shot|swift|tailwind|thunder_punch|zen_headbutt;baton_pass|bug_buzz|encore|growth|silver_wind;bug|humanshape;;;314;Luciérnaga;0,6;17,7;morado;100;no;Con su dulce aroma guía a grupos de Volbeat para que tracen hasta 200 dibujos distintos en el cielo nocturno.;;;;
roselia;Roselia;grass|poison;50;60;45;100;80;65;natural_cure;poison_point;;medium_slow;140;150;sp_attack:2;1:absorb|4:growth|7:poison_sting|10:stun_spore|13:mega_drain|16:leech_seed|19:magical_leaf|22:grass_whistle|25:giga_drain|28:toxic_spikes|31:sweet_scent|34:ingrain|37:toxic|40:petal_dance|43:aromatherapy|46:synthesis;attract|bullet_seed|captivate|cut|double_team|endure|energy_ball|facade|flash|frustration|giga_drain|grass_knot|hidden_power|natural_gift|poison_jab|protect|psych_up|rain_dance|rest|return|secret_power|shadow_ball|sleep_talk|sludge_bomb|solar_beam|substitute|sunny_day|swagger|swords_dance|toxic;fury_cutter|mud_slap|seed_bomb|snore|swift|synthesis|worry_seed;cotton_spore|leaf_storm|mind_reader|pin_missile|razor_leaf|sleep_powder|spikes|synthesis;fairy|plant;roserade@objeto:shiny_stone;;315;Espina;0,3;2;verde;50;no;Ataca con sus manos, en las que tiene un tipo de veneno diferente en cada una. Cuanto más aroma, mejor salud tiene.;;;;
gulpin;Gulpin;poison;70;43;53;43;53;40;liquid_ooze;sticky_hold;;fluctuating;60;225;hp:1;1:pound|6:yawn|9:poison_gas|14:sludge|17:amnesia|23:encore|28:toxic|34:spit_up|34:stockpile|34:swallow|39:sludge_bomb|44:gastro_acid|49:wring_out|54:gunk_shot;attract|bullet_seed|captivate|double_team|dream_eater|endure|explosion|facade|frustration|giga_drain|hidden_power|ice_beam|natural_gift|protect|rain_dance|rest|return|rock_smash|secret_power|shadow_ball|shock_wave|sleep_talk|sludge_bomb|snatch|solar_beam|strength|substitute|sunny_day|swagger|toxic|water_pulse;fire_punch|gastro_acid|gunk_shot|headbutt|ice_punch|mud_slap|pain_split|rollout|seed_bomb|snore|thunder_punch;acid_armor|curse|destiny_bond|dream_eater|pain_split|smog;indeterminate;swalot@26;;316;Estómago;0,4;10,3;verde;50;no;"Sus sesos y corazón son diminutos; es casi todo estómago. Sus jugos gástricos disuelven lo que sea.";;;;
swalot;Swalot;poison;100;73;83;73;83;55;liquid_ooze;sticky_hold;;fluctuating;163;75;hp:2;1:poison_gas|1:pound|1:sludge|1:yawn|6:yawn|9:poison_gas|14:sludge|17:amnesia|23:encore|26:body_slam|30:toxic|38:spit_up|38:stockpile|38:swallow|45:sludge_bomb|52:gastro_acid|59:wring_out|66:gunk_shot;attract|bullet_seed|captivate|double_team|dream_eater|earthquake|endure|explosion|facade|frustration|giga_drain|giga_impact|hidden_power|hyper_beam|ice_beam|natural_gift|protect|rain_dance|rest|return|rock_smash|secret_power|shadow_ball|shock_wave|sleep_talk|sludge_bomb|snatch|solar_beam|strength|substitute|sunny_day|swagger|toxic|water_pulse;block|fire_punch|gastro_acid|gunk_shot|headbutt|ice_punch|mud_slap|pain_split|rollout|seed_bomb|snore|thunder_punch;;indeterminate;;;317;Bolsa Veneno;1,7;80;morado;50;no;Se traga cualquier cosa de una pieza. Sus poros segregan fluidos tóxicos que dañan a sus enemigos.;;;;
carvanha;Carvanha;water|dark;45;90;20;65;20;65;rough_skin;;;slow;61;225;attack:1;1:bite|1:leer|6:rage|8:focus_energy|11:scary_face|16:ice_fang|18:screech|21:swagger|26:assurance|28:crunch|31:aqua_jet|36:agility|38:take_down;attract|blizzard|brine|captivate|dark_pulse|double_team|endure|facade|frustration|hail|hidden_power|ice_beam|natural_gift|payback|protect|rain_dance|rest|return|secret_power|sleep_talk|substitute|surf|swagger|taunt|thief|torment|toxic|water_pulse|waterfall|whirlpool;ancient_power|bounce|dive|fury_cutter|icy_wind|mud_slap|snore|spite|super_fang|swift|uproar|zen_headbutt;ancient_power|double_edge|hydro_pump|thrash;water2;sharpedo@30;;318;Feroz;0,8;20,8;rojo;50;no;Atacan en grupo a los barcos y los hunden a base de bocados. Habitan en los ríos de la jungla.;;;;
sharpedo;Sharpedo;water|dark;70;120;40;95;40;95;rough_skin;;;slow;161;60;attack:2;1:bite|1:feint|1:focus_energy|1:leer|1:rage|6:rage|8:focus_energy|11:scary_face|16:ice_fang|18:screech|21:swagger|26:assurance|28:crunch|30:slash|34:aqua_jet|40:taunt|45:agility|50:skull_bash|56:night_slash;attract|avalanche|blizzard|brine|captivate|dark_pulse|double_team|earthquake|endure|facade|frustration|giga_impact|hail|hidden_power|hyper_beam|ice_beam|natural_gift|payback|poison_jab|protect|rain_dance|rest|return|roar|rock_smash|rock_tomb|secret_power|sleep_talk|strength|substitute|surf|swagger|taunt|thief|torment|toxic|water_pulse|waterfall|whirlpool;ancient_power|bounce|dive|fury_cutter|icy_wind|mud_slap|snore|spite|super_fang|swift|uproar|zen_headbutt;;water2;;;319;Voraz;1,8;88,8;azul;50;no;Con sus colmillos puede atravesar el acero. Nada a 120 km/h. Le llaman el Terror de los Mares.;;;;
wailmer;Wailmer;water;130;70;35;70;35;60;water_veil;oblivious;;fluctuating;80;125;hp:1;1:splash|4:growl|7:water_gun|11:rollout|14:whirlpool|17:astonish|21:water_pulse|24:mist|27:rest|31:brine|34:water_spout|37:amnesia|41:dive|44:bounce|47:hydro_pump;attract|avalanche|blizzard|brine|captivate|double_team|earthquake|endure|facade|frustration|hail|hidden_power|ice_beam|natural_gift|protect|rain_dance|rest|return|roar|rock_smash|rock_tomb|secret_power|sleep_talk|strength|substitute|surf|swagger|toxic|water_pulse|waterfall|whirlpool;bounce|dive|headbutt|icy_wind|rollout|snore;aqua_ring|body_slam|curse|defense_curl|double_edge|fissure|sleep_talk|snore|swagger|thrash|tickle;ground|water2;wailord@40;;320;Ballenabola;2;130;azul;50;no;Le gusta botar como una pelota de playa. Cuanta más agua de mar traga, más alto puede llegar.;;;;
wailord;Wailord;water;170;90;45;90;45;60;water_veil;oblivious;;fluctuating;175;60;hp:2;1:growl|1:rollout|1:splash|1:water_gun|4:growl|7:water_gun|11:rollout|14:whirlpool|17:astonish|21:water_pulse|24:mist|27:rest|31:brine|34:water_spout|37:amnesia|46:dive|54:bounce|62:hydro_pump;attract|avalanche|blizzard|brine|captivate|double_team|earthquake|endure|facade|frustration|giga_impact|hail|hidden_power|hyper_beam|ice_beam|natural_gift|protect|rain_dance|rest|return|roar|rock_smash|rock_tomb|secret_power|sleep_talk|strength|substitute|surf|swagger|toxic|water_pulse|waterfall|whirlpool;block|bounce|dive|headbutt|icy_wind|iron_head|rollout|snore;;ground|water2;;;321;Ballenaflot;14,5;398;azul;50;no;Puede dejar fuera de combate a sus oponentes con el impacto de su enorme cuerpo al caer en el agua tras un salto.;;;;
numel;Numel;fire|ground;60;60;40;65;45;35;oblivious;simple;;medium_fast;61;255;sp_attack:1;1:growl|1:tackle|5:ember|11:magnitude|15:focus_energy|21:take_down|25:amnesia|31:lava_plume|35:earth_power|41:earthquake|45:flamethrower|51:double_edge;attract|captivate|dig|double_team|earthquake|endure|facade|fire_blast|flamethrower|frustration|hidden_power|natural_gift|overheat|protect|rest|return|rock_slide|rock_smash|rock_tomb|sandstorm|secret_power|sleep_talk|stealth_rock|strength|substitute|sunny_day|swagger|toxic|will_o_wisp;earth_power|headbutt|heat_wave|mud_slap|rollout|snore;ancient_power|body_slam|defense_curl|heat_wave|howl|mud_bomb|rollout|scary_face|spit_up|stockpile|stomp|swallow|yawn;ground;camerupt@33;;322;Torpe;0,7;24;amarillo;50;no;En su joroba almacena magma ardiente que se enfría cuando llueve y lo ralentiza.;;;;
camerupt;Camerupt;fire|ground;70;100;70;105;75;40;magma_armor;solid_rock;;medium_fast;161;150;attack:1|sp_attack:1;1:ember|1:growl|1:magnitude|1:tackle|5:ember|11:magnitude|15:focus_energy|21:take_down|25:amnesia|31:lava_plume|33:rock_slide|39:earth_power|49:earthquake|57:eruption|67:fissure;attract|captivate|dig|double_team|earthquake|endure|explosion|facade|fire_blast|flamethrower|flash_cannon|frustration|giga_impact|hidden_power|hyper_beam|natural_gift|overheat|protect|rest|return|roar|rock_polish|rock_slide|rock_smash|rock_tomb|sandstorm|secret_power|sleep_talk|solar_beam|stealth_rock|stone_edge|strength|substitute|sunny_day|swagger|toxic|will_o_wisp;earth_power|headbutt|heat_wave|iron_head|mud_slap|rollout|snore;;ground;;;323;Erupción;1,9;220;rojo;50;no;Los volcanes de su joroba entran en erupción cada 10 años o cuando Camerupt se enfada mucho.;;;;
torkoal;Torkoal;fire;70;85;140;85;70;20;white_smoke;;;medium_fast;165;90;defense:2;1:ember|4:smog|7:withdraw|12:curse|17:fire_spin|20:smokescreen|23:rapid_spin|28:flamethrower|33:body_slam|36:protect|39:lava_plume|44:iron_defense|49:amnesia|52:flail|55:heat_wave;attract|captivate|double_team|earthquake|endure|explosion|facade|fire_blast|flamethrower|frustration|giga_impact|gyro_ball|hidden_power|hyper_beam|iron_tail|natural_gift|overheat|protect|rest|return|rock_slide|rock_smash|rock_tomb|secret_power|sleep_talk|sludge_bomb|solar_beam|stealth_rock|stone_edge|strength|substitute|sunny_day|swagger|toxic|will_o_wisp;earth_power|headbutt|heat_wave|iron_defense|mud_slap|rollout|snore;earthquake|endure|eruption|fissure|skull_bash|sleep_talk|yawn;ground;;;324;Carbón;0,5;80,4;marrón;50;no;Trabaja sin descanso en minas en desuso localizando y extrayendo carbón.;;;;
spoink;Spoink;psychic;60;25;35;70;80;60;thick_fat;own_tempo;;fast;66;255;sp_defense:1;1:splash|7:psywave|10:odor_sleuth|14:psybeam|15:psych_up|18:confuse_ray|21:magic_coat|26:zen_headbutt|29:rest|29:snore|34:payback|41:psychic|46:power_gem|48:bounce;attract|calm_mind|captivate|charge_beam|double_team|dream_eater|endure|facade|flash|frustration|grass_knot|hidden_power|iron_tail|light_screen|natural_gift|payback|protect|psych_up|psychic|rain_dance|recycle|reflect|rest|return|secret_power|shadow_ball|shock_wave|skill_swap|sleep_talk|snatch|substitute|sunny_day|swagger|taunt|thief|thunder_wave|torment|toxic|trick_room;bounce|headbutt|heal_bell|icy_wind|magic_coat|role_play|signal_beam|snore|swift|trick|zen_headbutt;amnesia|extrasensory|future_sight|mirror_coat|substitute|trick|zen_headbutt;ground;grumpig@32;;325;Saltarín;0,7;30,6;negro;50;no;Bota continuamente usando su cola como muelle. Salta para mantener el latido de su corazón.;;;;
grumpig;Grumpig;psychic;80;45;65;90;110;80;thick_fat;own_tempo;;fast;165;60;sp_defense:2;1:odor_sleuth|1:psybeam|1:psywave|1:splash|7:psywave|10:odor_sleuth|14:psybeam|15:psych_up|18:confuse_ray|21:magic_coat|26:zen_headbutt|29:rest|29:snore|37:payback|47:psychic|55:power_gem|60:bounce;attract|brick_break|calm_mind|captivate|charge_beam|double_team|drain_punch|dream_eater|endure|energy_ball|facade|flash|fling|focus_blast|focus_punch|frustration|giga_impact|grass_knot|hidden_power|hyper_beam|iron_tail|light_screen|natural_gift|payback|protect|psych_up|psychic|rain_dance|recycle|reflect|rest|return|secret_power|shadow_ball|shock_wave|skill_swap|sleep_talk|snatch|substitute|sunny_day|swagger|taunt|thief|thunder_wave|torment|toxic|trick_room;bounce|fire_punch|headbutt|heal_bell|ice_punch|icy_wind|magic_coat|mud_slap|role_play|signal_beam|snore|swift|thunder_punch|trick|zen_headbutt;;ground;;;326;Manipulador;0,9;71,5;morado;50;no;Las perlas negras aumentan sus poderes psíquicos. Controla las mentes de sus rivales con un extraño baile.;;;;
spinda;Spinda;normal;60;60;60;60;60;60;own_tempo;tangled_feet;;fast;126;255;sp_attack:1;1:tackle|5:uproar|10:copycat|14:feint_attack|19:psybeam|23:hypnosis|28:dizzy_punch|32:sucker_punch|37:teeter_dance|41:psych_up|46:double_edge|50:flail|55:thrash;attract|brick_break|calm_mind|captivate|dig|double_team|drain_punch|dream_eater|endure|facade|flash|fling|focus_punch|frustration|hidden_power|natural_gift|protect|psych_up|psychic|rain_dance|recycle|rest|return|rock_slide|rock_smash|rock_tomb|safeguard|secret_power|shadow_ball|shock_wave|skill_swap|sleep_talk|snatch|strength|substitute|sunny_day|swagger|thief|toxic|trick_room|water_pulse;fire_punch|headbutt|helping_hand|ice_punch|icy_wind|last_resort|low_kick|mud_slap|role_play|rollout|snore|sucker_punch|swift|thunder_punch|uproar|zen_headbutt;assist|baton_pass|disable|encore|fake_out|psycho_cut|rock_slide|role_play|smelling_salts|trick|wish;ground|humanshape;;;327;Panda Topos;1,1;5;marrón;50;no;No hay dos Spinda que tengan idénticos pelajes. Su tambaleo al bailar confunde a los rivales.;;;;
trapinch;Trapinch;ground;45;100;45;45;45;10;hyper_cutter;arena_trap;;medium_slow;58;255;attack:1;1:bite|9:sand_attack|17:feint_attack|25:sand_tomb|33:crunch|41:dig|49:sandstorm|57:hyper_beam|65:earth_power|73:earthquake|81:feint|89:fissure;attract|captivate|dig|double_team|earthquake|endure|facade|frustration|giga_drain|hidden_power|hyper_beam|natural_gift|protect|rest|return|rock_slide|rock_smash|rock_tomb|sandstorm|secret_power|sleep_talk|solar_beam|strength|substitute|sunny_day|swagger|toxic;bug_bite|earth_power|fury_cutter|headbutt|mud_slap|snore;flail|focus_energy|fury_cutter|gust|mud_shot|quick_attack;bug|dragon;vibrava@35;;328;Hormiga León;0,7;15;marrón;50;no;Habita desiertos áridos. Cava fosas profundas, en las que espera que caiga su presa.;;;;
vibrava;Vibrava;ground|dragon;50;70;50;50;50;70;levitate;;;medium_slow;119;120;attack:1|speed:1;1:feint_attack|1:sand_attack|1:sand_tomb|1:sonic_boom|9:sand_attack|17:feint_attack|25:sand_tomb|33:supersonic|35:dragon_breath|41:screech|49:sandstorm|57:hyper_beam;attract|captivate|defog|dig|double_team|dragon_pulse|earthquake|endure|facade|fly|frustration|giga_drain|hidden_power|hyper_beam|natural_gift|protect|rest|return|rock_slide|rock_smash|rock_tomb|roost|sandstorm|secret_power|silver_wind|sleep_talk|solar_beam|steel_wing|strength|substitute|sunny_day|swagger|toxic|u_turn;air_cutter|bug_bite|draco_meteor|earth_power|fury_cutter|headbutt|heat_wave|mud_slap|ominous_wind|outrage|snore|swift|tailwind|twister;;bug|dragon;flygon@45;;329;Vibrante;1,1;15,3;verde;50;no;Al agitar a gran velocidad ambas alas, emite ondas ultrasónicas que provocan fuertes dolores de cabeza.;;;;
flygon;Flygon;ground|dragon;80;100;80;80;80;100;levitate;;;medium_slow;234;45;attack:1|speed:2;1:feint_attack|1:sand_attack|1:sand_tomb|1:sonic_boom|9:sand_attack|17:feint_attack|25:sand_tomb|33:supersonic|35:dragon_breath|41:screech|45:dragon_claw|49:sandstorm|57:hyper_beam;aerial_ace|attract|captivate|defog|dig|double_team|dragon_claw|dragon_pulse|earthquake|endure|facade|fire_blast|flamethrower|fly|frustration|giga_drain|giga_impact|hidden_power|hyper_beam|iron_tail|natural_gift|protect|rest|return|rock_slide|rock_smash|rock_tomb|roost|sandstorm|secret_power|silver_wind|sleep_talk|solar_beam|steel_wing|stone_edge|strength|substitute|sunny_day|swagger|toxic|u_turn;air_cutter|bug_bite|draco_meteor|earth_power|fire_punch|fury_cutter|headbutt|heat_wave|mud_slap|ominous_wind|outrage|snore|swift|tailwind|thunder_punch|twister;;bug|dragon;;;330;Místico;2;82;verde;50;no;Su medio es el desierto. Para esconderse, levanta arena con las patas. Tiene los ojos protegidos con mallas rojas.;;;;
cacnea;Cacnea;grass;50;85;40;85;40;35;sand_veil;;;medium_slow;67;190;sp_attack:1;1:leer|1:poison_sting|5:absorb|9:growth|13:leech_seed|17:sand_attack|21:pin_missile|25:ingrain|29:feint_attack|33:spikes|37:sucker_punch|41:payback|45:needle_arm|49:cotton_spore|53:sandstorm|57:destiny_bond;attract|brick_break|bullet_seed|captivate|cut|dark_pulse|double_team|drain_punch|endure|energy_ball|facade|flash|fling|focus_punch|frustration|giga_drain|grass_knot|hidden_power|natural_gift|payback|poison_jab|protect|rest|return|sandstorm|secret_power|sleep_talk|solar_beam|substitute|sunny_day|swagger|swords_dance|toxic;fury_cutter|headbutt|low_kick|mud_slap|role_play|seed_bomb|snore|spite|sucker_punch|synthesis|thunder_punch|worry_seed;acid|counter|dynamic_punch|grass_whistle|low_kick|magical_leaf|nasty_plot|seed_bomb|smelling_salts|teeter_dance;plant|humanshape;cacturne@32;;331;Cactus;0,4;51,3;verde;50;no;Vive en regiones secas y con pocas lluvias. Una vez al año, le brota una flor amarilla.;;;;
cacturne;Cacturne;grass|dark;70;115;60;115;60;55;sand_veil;;;medium_slow;166;60;attack:1|sp_attack:1;1:absorb|1:growth|1:leer|1:poison_sting|1:revenge|5:absorb|9:growth|13:leech_seed|17:sand_attack|21:pin_missile|25:ingrain|29:feint_attack|35:spikes|41:sucker_punch|47:payback|53:needle_arm|59:cotton_spore|65:sandstorm|71:destiny_bond;attract|brick_break|bullet_seed|captivate|cut|dark_pulse|double_team|drain_punch|embargo|endure|energy_ball|facade|flash|fling|focus_blast|focus_punch|frustration|giga_drain|giga_impact|grass_knot|hidden_power|hyper_beam|natural_gift|payback|poison_jab|protect|rest|return|sandstorm|secret_power|sleep_talk|solar_beam|strength|substitute|sunny_day|swagger|swords_dance|toxic;fury_cutter|headbutt|low_kick|mud_slap|role_play|seed_bomb|snore|spite|sucker_punch|superpower|synthesis|thunder_punch|worry_seed;;plant|humanshape;;;332;Espantajo;1,3;77,4;verde;50;no;Es un Pokémon nocturno. Busca presas agotadas por el calor diurno del desierto.;;;;
swablu;Swablu;normal|flying;45;40;60;40;75;50;natural_cure;;;erratic;62;255;sp_defense:1;1:growl|1:peck|5:astonish|9:sing|13:fury_attack|18:safeguard|23:mist|28:take_down|32:natural_gift|36:mirror_move|40:refresh|45:dragon_pulse|50:perish_song;aerial_ace|attract|captivate|double_team|dragon_pulse|dream_eater|endure|facade|fly|frustration|hidden_power|ice_beam|natural_gift|pluck|protect|psych_up|rain_dance|rest|return|roost|safeguard|secret_power|sleep_talk|solar_beam|steel_wing|substitute|sunny_day|swagger|thief|toxic;air_cutter|heal_bell|heat_wave|mud_slap|ominous_wind|outrage|snore|swift|tailwind|twister|uproar;agility|dragon_rush|feather_dance|haze|power_swap|pursuit|rage;flying|dragon;altaria@35;;333;Ave Algodón;0,4;1,2;azul;50;no;Se desconoce el porqué, pero le encanta posarse sobre la cabeza de los humanos y fingir que es un gorro.;;;;
altaria;Altaria;dragon|flying;75;70;90;70;105;80;natural_cure;;;erratic;172;45;sp_defense:2;1:astonish|1:growl|1:peck|1:pluck|1:sing|5:astonish|9:sing|13:fury_attack|18:safeguard|23:mist|28:take_down|32:natural_gift|35:dragon_breath|39:dragon_dance|46:refresh|54:dragon_pulse|62:perish_song|70:sky_attack;aerial_ace|attract|captivate|double_team|dragon_claw|dragon_pulse|dream_eater|earthquake|endure|facade|fire_blast|flamethrower|fly|frustration|giga_impact|hidden_power|hyper_beam|ice_beam|iron_tail|natural_gift|pluck|protect|psych_up|rain_dance|rest|return|roar|rock_smash|roost|safeguard|secret_power|sleep_talk|solar_beam|steel_wing|substitute|sunny_day|swagger|thief|toxic;air_cutter|draco_meteor|heal_bell|heat_wave|mud_slap|ominous_wind|outrage|sky_attack|snore|swift|tailwind|twister|uproar;;flying|dragon;;;334;Cantor;1,1;20,6;azul;50;no;Vuela pausadamente por el cielo azul. Su hermoso trino cautiva a todo aquel que lo escucha.;;;;
zangoose;Zangoose;normal;73;115;60;60;60;90;immunity;;;erratic;160;90;attack:2;1:leer|1:scratch|5:quick_attack|9:swords_dance|14:fury_cutter|18:slash|22:pursuit|27:embargo|31:crush_claw|35:taunt|40:detect|44:false_swipe|48:x_scissor|53:close_combat;aerial_ace|attract|blizzard|brick_break|captivate|dig|double_team|embargo|endure|facade|false_swipe|fire_blast|flamethrower|fling|focus_blast|focus_punch|frustration|giga_drain|hidden_power|ice_beam|iron_tail|natural_gift|payback|poison_jab|protect|rain_dance|rest|return|roar|rock_climb|rock_slide|rock_smash|rock_tomb|secret_power|shadow_ball|shadow_claw|shock_wave|sleep_talk|solar_beam|strength|substitute|sunny_day|swagger|swords_dance|taunt|thief|thunder|thunderbolt|toxic|water_pulse|x_scissor;endeavor|fire_punch|fury_cutter|headbutt|ice_punch|icy_wind|knock_off|last_resort|low_kick|mud_slap|rollout|snore|swift|thunder_punch;counter|curse|disable|double_hit|double_kick|flail|fury_swipes|metal_claw|night_slash|razor_wind|roar;ground;;;335;Gato Hurón;1,3;40,3;blanco;50;no;Hace muchos años que se enfrenta a Seviper. Su arma más eficaz son sus zarpas afiladas.;;;;
seviper;Seviper;poison;73;100;60;100;60;65;shed_skin;;;fluctuating;160;90;attack:1|sp_attack:1;1:wrap|7:lick|10:bite|16:poison_tail|19:screech|25:glare|28:crunch|34:poison_fang|37:swagger|43:haze|46:night_slash|52:poison_jab|55:wring_out;attract|captivate|dark_pulse|dig|double_team|earthquake|endure|facade|flamethrower|frustration|giga_drain|hidden_power|iron_tail|natural_gift|payback|poison_jab|protect|rain_dance|rest|return|rock_smash|secret_power|sleep_talk|sludge_bomb|snatch|strength|substitute|sunny_day|swagger|taunt|thief|toxic|x_scissor;aqua_tail|fury_cutter|headbutt|knock_off|mud_slap|snore|sucker_punch|swift;assurance|body_slam|night_slash|scary_face|spit_up|stockpile|swallow|switcheroo;ground|dragon;;;336;Colmillos;2,7;52,5;negro;50;no;Hace frente a Zangoose con su agilidad y su afilada cola, que está cargada con un veneno letal.;;;;
lunatone;Lunatone;rock|psychic;70;55;65;95;85;70;levitate;;;fast;161;45;sp_attack:2;1:confusion|1:harden|1:tackle|9:rock_throw|12:hypnosis|20:rock_polish|23:psywave|31:embargo|34:cosmic_power|42:heal_block|45:psychic|53:future_sight|56:explosion;blizzard|calm_mind|charge_beam|double_team|dream_eater|earthquake|embargo|endure|explosion|facade|flash|frustration|giga_impact|grass_knot|gyro_ball|hidden_power|hyper_beam|ice_beam|light_screen|natural_gift|protect|psych_up|psychic|rain_dance|recycle|reflect|rest|return|rock_polish|rock_slide|rock_tomb|safeguard|sandstorm|secret_power|shadow_ball|skill_swap|sleep_talk|stealth_rock|stone_edge|substitute|swagger|toxic|trick_room;ancient_power|earth_power|gravity|helping_hand|iron_head|magic_coat|pain_split|rollout|signal_beam|snore|swift|zen_headbutt;;mineral;;;337;Meteorito;1;168;amarillo;sin_genero;no;Se piensa que está muy influido por las fases lunares, ya que solo actúa en noches de luna llena.;;;;
solrock;Solrock;rock|psychic;70;95;85;55;65;70;levitate;;;fast;161;45;attack:2;1:confusion|1:harden|1:tackle|9:rock_throw|12:fire_spin|20:rock_polish|23:psywave|31:embargo|34:cosmic_power|42:heal_block|45:rock_slide|53:solar_beam|56:explosion;calm_mind|charge_beam|double_team|dream_eater|earthquake|embargo|endure|explosion|facade|fire_blast|flamethrower|flash|frustration|giga_impact|grass_knot|gyro_ball|hidden_power|hyper_beam|light_screen|natural_gift|overheat|protect|psych_up|psychic|recycle|reflect|rest|return|rock_polish|rock_slide|rock_tomb|safeguard|sandstorm|secret_power|shadow_ball|skill_swap|sleep_talk|solar_beam|stealth_rock|stone_edge|substitute|sunny_day|swagger|toxic|trick_room|will_o_wisp;ancient_power|earth_power|gravity|helping_hand|iron_defense|iron_head|magic_coat|pain_split|rollout|signal_beam|snore|swift|zen_headbutt;;mineral;;;338;Meteorito;1,2;154;rojo;sin_genero;no;Usa el sol como fuente de energía, por lo que es más poderoso de día. Brilla al rotar.;;;;
barboach;Barboach;water|ground;50;48;43;46;41;60;oblivious;anticipation;;medium_fast;58;190;hp:1;1:mud_slap|6:mud_sport|6:water_sport|10:water_gun|14:mud_bomb|18:amnesia|22:water_pulse|26:magnitude|31:rest|31:snore|35:aqua_tail|39:earthquake|43:future_sight|47:fissure;attract|blizzard|captivate|double_team|earthquake|endure|facade|frustration|hail|hidden_power|ice_beam|natural_gift|protect|rain_dance|rest|return|rock_tomb|sandstorm|secret_power|sleep_talk|substitute|surf|swagger|toxic|water_pulse|waterfall|whirlpool;aqua_tail|bounce|dive|earth_power|headbutt|icy_wind|mud_slap|snore;dragon_dance|flail|hydro_pump|spark|take_down|thrash|whirlpool;water2;whiscash@30;;339;Bigotudo;0,4;1,9;gris;50;no;Recubre su cuerpo de una película viscosa que le permite escapar si alguien lo agarra.;;;;
whiscash;Whiscash;water|ground;110;78;73;76;71;60;oblivious;anticipation;;medium_fast;164;75;hp:2;1:mud_slap|1:mud_sport|1:tickle|1:water_sport|1:zen_headbutt|6:mud_sport|6:water_sport|10:water_gun|14:mud_bomb|18:amnesia|22:water_pulse|26:magnitude|33:rest|33:snore|39:aqua_tail|45:earthquake|51:future_sight|57:fissure;attract|blizzard|captivate|double_team|earthquake|endure|facade|frustration|giga_impact|hail|hidden_power|hyper_beam|ice_beam|natural_gift|protect|rain_dance|rest|return|rock_slide|rock_smash|rock_tomb|sandstorm|secret_power|sleep_talk|stone_edge|strength|substitute|surf|swagger|toxic|water_pulse|waterfall|whirlpool;aqua_tail|bounce|dive|earth_power|headbutt|icy_wind|mud_slap|snore|zen_headbutt;;water2;;;340;Bigotudo;0,9;23,6;azul;50;no;Habita en grandes pantanos. Si se acerca un enemigo, se alborota y causa temblores monumentales.;;;;
corphish;Corphish;water;43;80;65;50;35;35;hyper_cutter;shell_armor;;fluctuating;62;205;attack:1;1:bubble|7:harden|10:vice_grip|13:leer|20:bubble_beam|23:protect|26:knock_off|32:taunt|35:night_slash|38:crabhammer|44:swords_dance|47:crunch|53:guillotine;aerial_ace|attract|blizzard|brick_break|captivate|cut|dig|double_team|endure|facade|false_swipe|fling|frustration|hail|hidden_power|ice_beam|natural_gift|payback|protect|rain_dance|rest|return|rock_slide|rock_smash|rock_tomb|secret_power|sleep_talk|sludge_bomb|strength|substitute|surf|swagger|swords_dance|taunt|toxic|water_pulse|waterfall|whirlpool|x_scissor;ancient_power|endeavor|fury_cutter|icy_wind|iron_defense|knock_off|mud_slap|snore|spite|superpower;ancient_power|body_slam|dragon_dance|endeavor|knock_off|metal_claw|mud_sport|superpower;water1|water3;crawdaunt@30;;341;Rufián;0,6;11,5;rojo;50;no;Por sucio o contaminado que esté el río, se adaptan rápido y se multiplican. Poseen una gran fuerza vital.;;;;
crawdaunt;Crawdaunt;water|dark;63;120;85;90;55;55;hyper_cutter;shell_armor;;fluctuating;164;155;attack:2;1:bubble|1:harden|1:leer|1:vice_grip|7:harden|10:vice_grip|13:leer|20:bubble_beam|23:protect|26:knock_off|30:swift|34:taunt|39:night_slash|44:crabhammer|52:swords_dance|57:crunch|65:guillotine;aerial_ace|attract|avalanche|blizzard|brick_break|captivate|cut|dark_pulse|dig|double_team|endure|facade|false_swipe|fling|frustration|giga_impact|hail|hidden_power|hyper_beam|ice_beam|natural_gift|payback|protect|rain_dance|rest|return|rock_slide|rock_smash|rock_tomb|secret_power|sleep_talk|sludge_bomb|strength|substitute|surf|swagger|swords_dance|taunt|toxic|water_pulse|waterfall|whirlpool|x_scissor;ancient_power|dive|endeavor|fury_cutter|icy_wind|iron_defense|knock_off|mud_slap|snore|spite|superpower|swift;;water1|water3;;;342;Granuja;1,1;32,8;rojo;50;no;Este malandrín usa sus pinzas para atosigar y expulsar a los otros Pokémon que viven en su estanque.;;;;
baltoy;Baltoy;ground|psychic;40;40;55;40;70;55;levitate;;;medium_fast;60;255;sp_defense:1;1:confusion|3:harden|5:rapid_spin|7:mud_slap|11:psybeam|15:rock_tomb|19:self_destruct|25:ancient_power|31:power_trick|37:sandstorm|45:cosmic_power|53:earth_power|61:heal_block|71:explosion;calm_mind|charge_beam|dig|double_team|dream_eater|earthquake|endure|explosion|facade|flash|frustration|grass_knot|gyro_ball|hidden_power|ice_beam|light_screen|natural_gift|protect|psych_up|psychic|rain_dance|recycle|reflect|rest|return|rock_polish|rock_slide|rock_tomb|safeguard|sandstorm|secret_power|shadow_ball|skill_swap|sleep_talk|solar_beam|stealth_rock|substitute|sunny_day|swagger|toxic|trick_room;ancient_power|earth_power|gravity|headbutt|magic_coat|mud_slap|signal_beam|snore|trick|zen_headbutt;;mineral;claydol@36;;343;Muñeca Barro;0,5;21,5;marrón;sin_genero;no;Se mueve girando sobre su eje. También se le puede ver girando cabeza abajo.;;;;
claydol;Claydol;ground|psychic;60;70;105;70;120;75;levitate;;;medium_fast;175;90;sp_defense:2;1:confusion|1:harden|1:rapid_spin|1:teleport|3:harden|5:rapid_spin|7:mud_slap|11:psybeam|15:rock_tomb|19:self_destruct|25:ancient_power|31:power_trick|36:hyper_beam|40:sandstorm|51:cosmic_power|62:earth_power|73:heal_block|86:explosion;calm_mind|charge_beam|dig|double_team|dream_eater|earthquake|endure|explosion|facade|flash|frustration|giga_impact|grass_knot|gyro_ball|hidden_power|hyper_beam|ice_beam|light_screen|natural_gift|protect|psych_up|psychic|rain_dance|recycle|reflect|rest|return|rock_polish|rock_slide|rock_smash|rock_tomb|safeguard|sandstorm|secret_power|shadow_ball|skill_swap|sleep_talk|solar_beam|stealth_rock|stone_edge|strength|substitute|sunny_day|swagger|toxic|trick_room;ancient_power|earth_power|gravity|headbutt|magic_coat|mud_slap|signal_beam|snore|trick|zen_headbutt;;mineral;;;344;Muñeca Barro;1,5;108;negro;sin_genero;no;Este Pokémon es una vieja figurilla de barro que cobró vida mediante la exposición a extraños rayos de luz.;;;;
lileep;Lileep;rock|grass;66;41;77;61;87;23;suction_cups;;;erratic;71;45;sp_defense:1;1:astonish|1:constrict|8:acid|15:ingrain|22:confuse_ray|29:amnesia|36:gastro_acid|43:ancient_power|50:energy_ball|57:spit_up|57:stockpile|57:swallow|64:wring_out;attract|bullet_seed|captivate|double_team|endure|energy_ball|facade|flash|frustration|giga_drain|grass_knot|hidden_power|natural_gift|protect|rest|return|rock_polish|rock_slide|rock_tomb|sandstorm|secret_power|sleep_talk|sludge_bomb|solar_beam|stealth_rock|substitute|sunny_day|swagger|swords_dance|toxic;ancient_power|earth_power|gastro_acid|mud_slap|pain_split|seed_bomb|snore|string_shot|synthesis|worry_seed;barrier|curse|mirror_coat|recover|rock_slide|tickle|wring_out;water3;cradily@40;;345;Lirio de Mar;1;23,8;morado;12,5;no;Se extinguió hace 100 millones de años. Sus tentáculos parecen pétalos para atraer a sus presas.;;;;
cradily;Cradily;rock|grass;86;81;97;81;107;43;suction_cups;;;erratic;173;45;sp_defense:2;1:acid|1:astonish|1:constrict|1:ingrain|8:acid|15:ingrain|22:confuse_ray|29:amnesia|36:ancient_power|46:gastro_acid|56:energy_ball|66:spit_up|66:stockpile|66:swallow|76:wring_out;attract|bullet_seed|captivate|double_team|earthquake|endure|energy_ball|facade|flash|frustration|giga_drain|giga_impact|grass_knot|hidden_power|hyper_beam|natural_gift|protect|rest|return|rock_polish|rock_slide|rock_smash|rock_tomb|sandstorm|secret_power|sleep_talk|sludge_bomb|solar_beam|stealth_rock|stone_edge|strength|substitute|sunny_day|swagger|swords_dance|toxic;ancient_power|block|earth_power|gastro_acid|headbutt|mud_slap|pain_split|seed_bomb|snore|string_shot|synthesis|worry_seed;;water3;;;346;Percebe;1,5;60,4;verde;12,5;no;Vive en el fondo de los mares de aguas templadas. Emerge para cazar cuando baja la marea.;;;;
anorith;Anorith;rock|bug;45;95;50;40;50;75;battle_armor;;;erratic;71;45;attack:1;1:harden|1:scratch|7:mud_sport|13:water_gun|19:metal_claw|25:protect|31:ancient_power|37:fury_cutter|43:slash|49:rock_blast|55:crush_claw|61:x_scissor;aerial_ace|attract|brick_break|captivate|cut|dig|double_team|endure|facade|false_swipe|frustration|hidden_power|natural_gift|protect|rest|return|rock_polish|rock_slide|rock_smash|rock_tomb|sandstorm|secret_power|sleep_talk|stealth_rock|substitute|sunny_day|swagger|swords_dance|toxic|water_pulse|x_scissor;ancient_power|earth_power|fury_cutter|headbutt|iron_defense|knock_off|mud_slap|snore|string_shot;cross_poison|curse|knock_off|rapid_spin|rock_slide|sand_attack|screech|swords_dance;water3;armaldo@40;;347;Camarón;0,7;12,5;gris;12,5;no;Es una especie de Pokémon predecesor. Estira las pinzas para cazar a sus presas, que se esconden en las rocas del mar.;;;;
armaldo;Armaldo;rock|bug;75;125;100;70;80;45;battle_armor;;;erratic;173;45;attack:2;1:harden|1:mud_sport|1:scratch|1:water_gun|7:mud_sport|13:water_gun|19:metal_claw|25:protect|31:ancient_power|37:fury_cutter|46:slash|55:rock_blast|67:crush_claw|73:x_scissor;aerial_ace|attract|brick_break|captivate|cut|dig|double_team|earthquake|endure|facade|false_swipe|flash_cannon|frustration|giga_impact|hidden_power|hyper_beam|iron_tail|natural_gift|protect|rest|return|rock_polish|rock_slide|rock_smash|rock_tomb|sandstorm|secret_power|sleep_talk|stealth_rock|stone_edge|strength|substitute|sunny_day|swagger|swords_dance|toxic|water_pulse|x_scissor;ancient_power|aqua_tail|block|earth_power|fury_cutter|headbutt|iron_defense|knock_off|low_kick|mud_slap|snore|string_shot|superpower;;water3;;;348;Armadura;1,5;68,2;gris;12,5;no;Ensarta a sus presas con sus gigantescas garras elásticas. Una fuerte coraza cubre su cuerpo.;;;;
feebas;Feebas;water;20;15;20;10;55;80;swift_swim;;;erratic;40;255;speed:1;1:splash|15:tackle|30:flail;attract|blizzard|captivate|double_team|endure|facade|frustration|hail|hidden_power|ice_beam|natural_gift|protect|rain_dance|rest|return|secret_power|sleep_talk|substitute|surf|swagger|toxic|water_pulse|waterfall|whirlpool;dive|icy_wind|snore|swift;confuse_ray|dragon_breath|haze|hypnosis|light_screen|mirror_coat|mist|mud_sport|tickle;water1|dragon;milotic@intercambio:prism_scale;;349;Pez;0,6;7,4;marrón;50;no;Come de todo, por lo que puede vivir en aguas contaminadas. Nadie le presta atención.;;;;
milotic;Milotic;water;95;60;79;100;125;81;marvel_scale;;;erratic;189;60;sp_defense:2;1:water_gun|1:wrap|5:water_sport|9:refresh|13:water_pulse|17:twister|21:recover|25:captivate|29:aqua_tail|33:rain_dance|37:hydro_pump|41:attract|45:safeguard|49:aqua_ring;attract|avalanche|blizzard|captivate|double_team|dragon_pulse|endure|facade|frustration|giga_impact|hail|hidden_power|hyper_beam|ice_beam|iron_tail|natural_gift|protect|psych_up|rain_dance|rest|return|safeguard|secret_power|sleep_talk|substitute|surf|swagger|toxic|water_pulse|waterfall|whirlpool;aqua_tail|dive|icy_wind|iron_head|magic_coat|mud_slap|snore|swift|twister;;water1|dragon;;;350;Tierno;6,2;162;rosa;50;no;Milotic es impresionantemente bello. Quienes lo ven, temen perder las ganas de luchar contra él.;;;;
castform;Castform;normal;70;70;70;70;70;70;forecast;;;medium_fast;147;45;hp:1;1:tackle|10:ember|10:powder_snow|10:water_gun|20:hail|20:rain_dance|20:sunny_day|30:weather_ball;attract|avalanche|blizzard|captivate|double_team|endure|energy_ball|facade|fire_blast|flamethrower|flash|frustration|hail|hidden_power|ice_beam|natural_gift|protect|psych_up|rain_dance|rest|return|sandstorm|secret_power|shadow_ball|shock_wave|sleep_talk|solar_beam|substitute|sunny_day|swagger|thief|thunder|thunder_wave|thunderbolt|toxic|water_pulse;icy_wind|last_resort|ominous_wind|snore|swift|tailwind;amnesia|disable|future_sight|lucky_chant|ominous_wind|psych_up;fairy|indeterminate;;;351;Clima;0,3;0,8;gris;50;no;Sus células son muy sensibles a los cambios de temperatura y humedad y se adapta sin problema.;;;"sunny;Forma Sol;fire;;;vuelve|rainy;Forma Lluvia;water;;;vuelve|snowy;Forma Nieve;ice;;;vuelve";"*>sunny:clima:sun;con=forecast|*>rainy:clima:rain;con=forecast|*>:clima:sandstorm;con=forecast|*>snowy:clima:hail;con=forecast|*>:clima;con=forecast"
kecleon;Kecleon;normal;60;90;70;60;120;40;color_change;;;medium_slow;154;200;sp_defense:1;1:astonish|1:lick|1:scratch|1:tail_whip|1:thief|4:bind|7:feint_attack|10:fury_swipes|14:feint|18:psybeam|22:shadow_sneak|27:slash|32:screech|37:substitute|43:sucker_punch|49:shadow_claw|55:ancient_power;aerial_ace|attract|blizzard|brick_break|captivate|charge_beam|cut|dig|double_team|drain_punch|endure|facade|fire_blast|flamethrower|flash|fling|focus_punch|frustration|grass_knot|hidden_power|ice_beam|iron_tail|natural_gift|protect|psych_up|rain_dance|recycle|rest|return|rock_slide|rock_smash|rock_tomb|secret_power|shadow_ball|shadow_claw|shock_wave|skill_swap|sleep_talk|snatch|solar_beam|stealth_rock|strength|substitute|sunny_day|swagger|thief|thunder|thunder_wave|thunderbolt|toxic|trick_room|water_pulse;ancient_power|aqua_tail|fire_punch|fury_cutter|headbutt|ice_punch|icy_wind|knock_off|last_resort|low_kick|magic_coat|mud_slap|role_play|rollout|snore|sucker_punch|swift|thunder_punch|trick;disable|dizzy_punch|fake_out|magic_coat|nasty_plot|recover|trick;ground;;;352;Camaleónico;1;22;verde;50;no;Puede mudar el color de su cuerpo a voluntad, pero el dibujo en zigzag de su panza nunca desaparece.;;;;
shuppet;Shuppet;ghost;44;75;35;63;33;45;insomnia;frisk;;fast;59;225;attack:1;1:knock_off|5:screech|8:night_shade|13:curse|16:spite|20:shadow_sneak|23:will_o_wisp|28:feint_attack|31:shadow_ball|35:sucker_punch|38:embargo|43:snatch|46:grudge|50:trick;attract|calm_mind|captivate|charge_beam|dark_pulse|double_team|dream_eater|embargo|endure|facade|flash|frustration|hidden_power|natural_gift|payback|protect|psych_up|psychic|rain_dance|rest|return|secret_power|shadow_ball|shock_wave|skill_swap|sleep_talk|snatch|substitute|sunny_day|swagger|taunt|thief|thunder|thunder_wave|thunderbolt|torment|toxic|trick_room|will_o_wisp;headbutt|icy_wind|knock_off|magic_coat|ominous_wind|pain_split|role_play|spite|sucker_punch|trick;astonish|confuse_ray|destiny_bond|disable|foresight|imprison|payback|pursuit|shadow_sneak;indeterminate;banette@37;;353;Títere;0,6;2,3;negro;50;no;Dicen que con su cuerno se alimenta de sentimientos de celos y envidia. Es muy activo a medianoche.;;;;
banette;Banette;ghost;64;115;65;83;63;65;insomnia;frisk;;fast;159;45;attack:2;1:curse|1:knock_off|1:night_shade|1:screech|5:night_shade|8:screech|13:curse|16:spite|20:shadow_sneak|23:will_o_wisp|28:feint_attack|31:shadow_ball|35:sucker_punch|42:embargo|51:snatch|58:grudge|66:trick;attract|calm_mind|captivate|charge_beam|dark_pulse|double_team|dream_eater|embargo|endure|facade|flash|fling|frustration|giga_impact|hidden_power|hyper_beam|natural_gift|payback|protect|psych_up|psychic|rain_dance|rest|return|secret_power|shadow_ball|shadow_claw|shock_wave|skill_swap|sleep_talk|snatch|substitute|sunny_day|swagger|taunt|thief|thunder|thunder_wave|thunderbolt|torment|toxic|trick_room|will_o_wisp;headbutt|icy_wind|knock_off|magic_coat|mud_slap|ominous_wind|pain_split|role_play|spite|sucker_punch|trick;;indeterminate;;;354;Marioneta;1,1;12,5;negro;50;no;Este muñeco se convirtió en un Pokémon cuando lo tiraron a la basura. Busca a su antiguo dueño.;;;;
duskull;Duskull;ghost;20;40;90;30;90;25;levitate;;;fast;59;190;sp_defense:1;1:leer|1:night_shade|6:disable|9:foresight|14:astonish|17:confuse_ray|22:shadow_sneak|25:pursuit|30:curse|33:will_o_wisp|38:mean_look|41:payback|46:future_sight;attract|blizzard|calm_mind|captivate|charge_beam|dark_pulse|double_team|dream_eater|embargo|endure|facade|flash|fling|frustration|hidden_power|ice_beam|natural_gift|payback|protect|psych_up|psychic|rain_dance|rest|return|secret_power|shadow_ball|skill_swap|sleep_talk|snatch|substitute|sunny_day|swagger|taunt|thief|torment|toxic|trick_room|will_o_wisp;gravity|headbutt|icy_wind|ominous_wind|pain_split|snore|spite|sucker_punch|trick;destiny_bond|feint_attack|grudge|imprison|memento|ominous_wind|pain_split;indeterminate;dusclops@37;;355;Réquiem;0,8;15;negro;50;no;Persigue a su presa sin descanso allá donde vaya. No obstante, abandona la caza al amanecer.;;;;
dusclops;Dusclops;ghost;40;70;130;60;130;25;pressure;;;fast;159;90;defense:1|sp_defense:1;1:bind|1:disable|1:fire_punch|1:gravity|1:ice_punch|1:leer|1:night_shade|1:thunder_punch|6:disable|9:foresight|14:astonish|17:confuse_ray|22:shadow_sneak|25:pursuit|30:curse|33:will_o_wisp|37:shadow_punch|43:mean_look|51:payback|61:future_sight;attract|blizzard|brick_break|calm_mind|captivate|charge_beam|dark_pulse|double_team|dream_eater|earthquake|embargo|endure|facade|flash|fling|focus_punch|frustration|giga_impact|hidden_power|hyper_beam|ice_beam|natural_gift|payback|protect|psych_up|psychic|rain_dance|rest|return|rock_slide|rock_smash|rock_tomb|secret_power|shadow_ball|skill_swap|sleep_talk|snatch|strength|substitute|sunny_day|swagger|taunt|thief|torment|toxic|trick_room|will_o_wisp;fire_punch|gravity|headbutt|ice_punch|icy_wind|mud_slap|ominous_wind|pain_split|snore|spite|sucker_punch|thunder_punch|trick;;indeterminate;dusknoir@intercambio:reaper_cloth;;356;Atrayente;1,6;30,6;negro;50;no;Si alguien mira los fuegos fatuos del interior de Dusclops, perderá su alma irremediablemente.;;;;
tropius;Tropius;grass|flying;99;68;83;72;87;51;chlorophyll;solar_power;;slow;161;200;hp:2;1:gust|1:leer|7:growth|11:razor_leaf|17:stomp|21:sweet_scent|27:whirlwind|31:magical_leaf|37:body_slam|41:synthesis|47:air_slash|51:solar_beam|57:natural_gift|61:leaf_storm;aerial_ace|attract|bullet_seed|captivate|cut|defog|double_team|earthquake|endure|energy_ball|facade|flash|fly|frustration|giga_drain|giga_impact|grass_knot|hidden_power|hyper_beam|natural_gift|protect|rest|return|roar|rock_smash|roost|safeguard|secret_power|silver_wind|sleep_talk|solar_beam|steel_wing|strength|substitute|sunny_day|swagger|swords_dance|toxic;air_cutter|fury_cutter|headbutt|mud_slap|ominous_wind|outrage|snore|synthesis|tailwind|twister|worry_seed;curse|dragon_dance|headbutt|leaf_blade|leaf_storm|leech_seed|nature_power|razor_wind|slam|synthesis;monster|plant;;;357;Fruto;2;100;verde;50;no;Puede volar al agitar sus grandes hojas. Reparte entre los niños la codiciada fruta dulce que crece de su cuello.;;;;
chimecho;Chimecho;psychic;65;50;70;95;80;65;levitate;;;fast;159;45;sp_attack:1|sp_defense:1;1:wrap|6:growl|9:astonish|14:confusion|17:uproar|22:take_down|25:yawn|30:psywave|33:double_edge|38:heal_bell|41:safeguard|46:extrasensory|49:healing_wish;attract|calm_mind|captivate|charge_beam|double_team|dream_eater|endure|energy_ball|facade|flash|frustration|grass_knot|hidden_power|light_screen|natural_gift|protect|psych_up|psychic|rain_dance|recycle|reflect|rest|return|safeguard|secret_power|shadow_ball|shock_wave|skill_swap|sleep_talk|snatch|substitute|sunny_day|swagger|taunt|thunder_wave|torment|toxic|trick_room;gravity|heal_bell|helping_hand|icy_wind|knock_off|last_resort|magic_coat|rollout|signal_beam|snore|trick|uproar|zen_headbutt;curse|disable|dream_eater|future_sight|hypnosis|wish;indeterminate;;;358;Sonido Aire;0,6;1;azul;50;no;Se cuelga de ramas y aleros con la ventosa de su cabeza. Tiene siete tipos de gritos diferentes.;;;;
absol;Absol;dark;65;130;60;75;60;75;pressure;super_luck;;medium_slow;163;30;attack:2;1:feint|1:scratch|4:leer|9:taunt|12:quick_attack|17:razor_wind|20:pursuit|25:swords_dance|28:bite|33:double_team|36:slash|41:future_sight|44:sucker_punch|49:detect|52:night_slash|57:me_first|60:psycho_cut|65:perish_song;aerial_ace|attract|blizzard|calm_mind|captivate|charge_beam|cut|dark_pulse|double_team|dream_eater|endure|facade|false_swipe|fire_blast|flamethrower|flash|frustration|giga_impact|hail|hidden_power|hyper_beam|ice_beam|iron_tail|natural_gift|payback|protect|psych_up|rain_dance|rest|return|rock_slide|rock_smash|rock_tomb|sandstorm|secret_power|shadow_ball|shadow_claw|shock_wave|sleep_talk|snatch|stone_edge|strength|substitute|sunny_day|swagger|swords_dance|taunt|thief|thunder|thunder_wave|thunderbolt|torment|toxic|water_pulse|will_o_wisp|x_scissor;bounce|fury_cutter|headbutt|icy_wind|knock_off|magic_coat|mud_slap|role_play|snore|spite|sucker_punch|superpower|swift|zen_headbutt;assurance|baton_pass|curse|double_edge|feint_attack|magic_coat|me_first|mean_look|megahorn|punishment|substitute|sucker_punch|zen_headbutt;ground;;;359;Catástrofe;1,2;47;blanco;50;no;Presiente desastres inminentes y se aparece a la gente para advertir del peligro.;;;;
wynaut;Wynaut;psychic;95;23;48;23;48;23;shadow_tag;;;medium_fast;52;125;hp:1;1:charm|1:encore|1:splash|15:counter|15:destiny_bond|15:mirror_coat|15:safeguard;;;;no_eggs;wobbuffet@15;;360;Radiante;0,6;14;azul;50;no;Suelen ir en grupo y a la hora de dormir se resguardan en una cueva.;;;;
snorunt;Snorunt;ice;50;50;50;50;50;50;inner_focus;ice_body;;medium_fast;60;190;hp:1;1:leer|1:powder_snow|4:double_team|10:bite|13:icy_wind|19:headbutt|22:protect|28:ice_fang|31:crunch|37:ice_shard|40:hail|46:blizzard;attract|avalanche|blizzard|captivate|double_team|endure|facade|flash|frustration|hail|hidden_power|ice_beam|light_screen|natural_gift|protect|rain_dance|rest|return|safeguard|secret_power|shadow_ball|sleep_talk|substitute|swagger|toxic|water_pulse;block|headbutt|icy_wind|rollout|snore|spite;bide|block|disable|rollout|spikes|weather_ball;fairy|mineral;glalie@42 | froslass@objeto:dawn_stone+genero:hembra;;361;Gorro Nieve;0,7;16,8;gris;50;no;Se dice que se reúnen en grupos bajo hojas gigantescas y viven allí en total armonía.;;;;
glalie;Glalie;ice;80;80;80;80;80;80;inner_focus;ice_body;;medium_fast;168;75;hp:2;1:bite|1:double_team|1:leer|1:powder_snow|4:double_team|10:bite|13:icy_wind|19:headbutt|22:protect|28:ice_fang|31:crunch|37:ice_beam|40:hail|51:blizzard|59:sheer_cold;attract|avalanche|blizzard|captivate|dark_pulse|double_team|earthquake|endure|explosion|facade|flash|frustration|giga_impact|gyro_ball|hail|hidden_power|hyper_beam|ice_beam|light_screen|natural_gift|payback|protect|rain_dance|rest|return|safeguard|secret_power|shadow_ball|sleep_talk|substitute|swagger|taunt|torment|toxic|water_pulse;block|headbutt|icy_wind|iron_head|rollout|signal_beam|snore|spite|super_fang;;fairy|mineral;;;362;Cara;1,5;256,5;gris;50;no;Se protege con una armadura de hielo creada por congelación de la humedad del aire.;;;;
spheal;Spheal;ice|water;70;40;50;55;50;25;thick_fat;ice_body;;medium_slow;58;255;hp:1;1:defense_curl|1:growl|1:powder_snow|1:water_gun|7:encore|13:ice_ball|19:body_slam|25:aurora_beam|31:hail|37:rest|37:snore|43:blizzard|49:sheer_cold;attract|blizzard|brine|captivate|double_team|earthquake|endure|facade|frustration|hail|hidden_power|ice_beam|iron_tail|natural_gift|protect|rain_dance|rest|return|rock_slide|rock_smash|rock_tomb|secret_power|sleep_talk|strength|substitute|surf|swagger|toxic|water_pulse|waterfall|whirlpool;aqua_tail|dive|headbutt|icy_wind|mud_slap|rollout|signal_beam|snore|super_fang;aqua_ring|curse|fissure|rock_slide|signal_beam|spit_up|stockpile|swallow|water_sport|yawn;water1|ground;sealeo@32;;363;Aplauso;0,8;39,5;azul;50;no;Como no saben nadar muy bien, se mueven rápidamente rodando. Cuando están alegres, dan palmadas con las aletas.;;;;
sealeo;Sealeo;ice|water;90;60;70;75;70;45;thick_fat;ice_body;;medium_slow;144;120;hp:2;1:encore|1:growl|1:powder_snow|1:water_gun|7:encore|13:ice_ball|19:body_slam|25:aurora_beam|31:hail|32:swagger|39:rest|39:snore|47:blizzard|55:sheer_cold;attract|blizzard|brine|captivate|double_team|earthquake|endure|facade|frustration|hail|hidden_power|ice_beam|iron_tail|natural_gift|protect|rain_dance|rest|return|roar|rock_slide|rock_smash|rock_tomb|secret_power|sleep_talk|strength|substitute|surf|swagger|toxic|water_pulse|waterfall|whirlpool;aqua_tail|dive|headbutt|icy_wind|mud_slap|rollout|signal_beam|snore|super_fang;;water1|ground;walrein@44;;364;Rodabola;1,1;87,6;azul;50;no;Su nariz es muy sensible. Cuando ve algo por primera vez, lo toca con ella para recordarlo después.;;;;
walrein;Walrein;ice|water;110;80;90;95;90;65;thick_fat;ice_body;;medium_slow;239;45;hp:3;1:crunch|1:encore|1:growl|1:powder_snow|1:water_gun|7:encore|13:ice_ball|19:body_slam|25:aurora_beam|31:hail|32:swagger|39:rest|39:snore|44:ice_fang|52:blizzard|65:sheer_cold;attract|avalanche|blizzard|brine|captivate|double_team|earthquake|endure|facade|frustration|giga_impact|hail|hidden_power|hyper_beam|ice_beam|iron_tail|natural_gift|protect|rain_dance|rest|return|roar|rock_slide|rock_smash|rock_tomb|secret_power|sleep_talk|strength|substitute|surf|swagger|toxic|water_pulse|waterfall|whirlpool;aqua_tail|block|dive|fury_cutter|headbutt|icy_wind|iron_head|mud_slap|rollout|signal_beam|snore|super_fang;;water1|ground;;;365;Rompehielo;1,4;150,6;azul;50;no;Rompe el hielo con sus colmillos. Su gruesa capa de grasa le protege del frío y de los enemigos.;;;;
clamperl;Clamperl;water;35;64;85;74;55;32;shell_armor;;;erratic;69;255;defense:1;1:clamp|1:iron_defense|1:water_gun|1:whirlpool;attract|blizzard|brine|captivate|double_team|endure|facade|frustration|hail|hidden_power|ice_beam|natural_gift|protect|rain_dance|rest|return|secret_power|sleep_talk|substitute|surf|swagger|toxic|water_pulse|waterfall|whirlpool;dive|icy_wind|iron_defense|snore;aqua_ring|barrier|body_slam|confuse_ray|mud_sport|muddy_water|refresh|supersonic;water1;huntail@intercambio:deep_sea_tooth | gorebyss@intercambio:deep_sea_scale;;366;Bivalvo;0,4;52,5;azul;50;no;Produce durante su vida una sola perla que aumenta los poderes psíquicos al evolucionar.;;;;
huntail;Huntail;water;55;104;105;94;75;52;swift_swim;;;erratic;170;60;attack:1|defense:1;1:whirlpool|6:bite|10:screech|15:water_pulse|19:scary_face|24:ice_fang|28:brine|33:baton_pass|37:dive|42:crunch|46:aqua_tail|51:hydro_pump;attract|blizzard|brine|captivate|double_team|endure|facade|frustration|giga_impact|hail|hidden_power|hyper_beam|ice_beam|natural_gift|protect|rain_dance|rest|return|rock_tomb|secret_power|sleep_talk|snatch|substitute|surf|swagger|toxic|water_pulse|waterfall|whirlpool;aqua_tail|bounce|dive|icy_wind|mud_slap|snore|sucker_punch|super_fang|swift;;water1;;;367;Abisal;1,7;27;azul;50;no;Vive en los abismos marinos, donde no se filtra la luz. Tiene una cola en forma de pez, que enciende para atraer a su presa.;;;;
gorebyss;Gorebyss;water;55;84;105;114;75;52;swift_swim;;;erratic;170;60;sp_attack:2;1:whirlpool|6:confusion|10:agility|15:water_pulse|19:amnesia|24:aqua_ring|28:captivate|33:baton_pass|37:dive|42:psychic|46:aqua_tail|51:hydro_pump;attract|blizzard|brine|captivate|double_team|endure|facade|frustration|giga_impact|hail|hidden_power|hyper_beam|ice_beam|natural_gift|protect|psych_up|psychic|rain_dance|rest|return|safeguard|secret_power|shadow_ball|sleep_talk|substitute|surf|swagger|toxic|water_pulse|waterfall|whirlpool;aqua_tail|bounce|dive|icy_wind|mud_slap|signal_beam|snore|swift;;water1;;;368;Mar del Sur;1,8;22,6;rosa;50;no;Vive en el fondo del mar. En primavera, su cuerpo rosado adquiere colores más vivos.;;;;
relicanth;Relicanth;water|rock;100;90;130;45;65;55;swift_swim;rock_head;;slow;170;25;hp:1|defense:1;1:harden|1:tackle|8:water_gun|15:rock_tomb|22:yawn|29:take_down|36:mud_sport|43:ancient_power|50:double_edge|57:dive|64:rest|71:hydro_pump|78:head_smash;attract|blizzard|brine|calm_mind|captivate|double_team|earthquake|endure|facade|frustration|giga_impact|hail|hidden_power|hyper_beam|ice_beam|natural_gift|protect|psych_up|rain_dance|rest|return|rock_polish|rock_slide|rock_smash|rock_tomb|safeguard|sandstorm|secret_power|sleep_talk|stealth_rock|stone_edge|substitute|surf|swagger|toxic|water_pulse|waterfall|whirlpool;ancient_power|aqua_tail|bounce|dive|earth_power|headbutt|icy_wind|mud_slap|snore;amnesia|aqua_tail|magnitude|mud_slap|muddy_water|rock_slide|skull_bash|sleep_talk|snore|water_sport;water1|water2;;;369;Longevo;1;23,4;gris;12,5;no;No ha sufrido ningún cambio desde hace 100 millones de años. Fue descubierto durante una expedición marina.;;;;
luvdisc;Luvdisc;water;43;30;55;40;65;97;swift_swim;;;fast;116;225;speed:1;1:tackle|4:charm|7:water_gun|9:agility|14:take_down|17:lucky_chant|22:attract|27:sweet_kiss|31:water_pulse|37:aqua_ring|40:captivate|46:flail|51:safeguard;attract|blizzard|brine|captivate|double_team|endure|facade|frustration|hail|hidden_power|ice_beam|natural_gift|protect|psych_up|rain_dance|rest|return|safeguard|secret_power|sleep_talk|substitute|surf|swagger|toxic|water_pulse|waterfall|whirlpool;bounce|dive|icy_wind|snore|swift;aqua_jet|aqua_ring|captivate|mud_sport|splash|supersonic|water_sport;water2;;;370;Cita;0,6;8,7;rosa;75;no;Vive en mares cálidos. Se dice que, si una pareja lo encuentra, será bendecida con amor eterno.;;;;
bagon;Bagon;dragon;45;75;60;40;30;50;rock_head;;;slow;60;45;attack:1;1:rage|5:bite|10:leer|16:headbutt|20:focus_energy|25:ember|31:dragon_breath|35:zen_headbutt|40:scary_face|46:crunch|50:dragon_claw|55:double_edge;aerial_ace|attract|brick_break|captivate|cut|double_team|dragon_claw|dragon_pulse|endure|facade|fire_blast|flamethrower|frustration|hidden_power|natural_gift|protect|rain_dance|rest|return|roar|rock_slide|rock_smash|rock_tomb|secret_power|shadow_claw|sleep_talk|strength|substitute|sunny_day|swagger|toxic;draco_meteor|fury_cutter|headbutt|mud_slap|outrage|snore|twister|zen_headbutt;dragon_dance|dragon_rage|dragon_rush|fire_fang|hydro_pump|shadow_claw|thrash|twister;dragon;shelgon@30;;371;Cabeza Roca;0,6;42,1;azul;50;no;Su desarrollado cuello y su cabeza dura como el acero le permiten reducir a añicos rocas enormes.;;;;
shelgon;Shelgon;dragon;65;95;100;60;50;50;rock_head;;;slow;147;45;defense:2;1:bite|1:headbutt|1:leer|1:rage|5:bite|10:leer|16:headbutt|20:focus_energy|25:ember|30:protect|32:dragon_breath|37:zen_headbutt|43:scary_face|50:crunch|55:dragon_claw|61:double_edge;aerial_ace|attract|brick_break|captivate|cut|double_team|dragon_claw|dragon_pulse|endure|facade|fire_blast|flamethrower|frustration|hidden_power|natural_gift|protect|rain_dance|rest|return|roar|rock_slide|rock_smash|rock_tomb|secret_power|shadow_claw|sleep_talk|strength|substitute|sunny_day|swagger|toxic;draco_meteor|fury_cutter|headbutt|iron_defense|mud_slap|outrage|rollout|snore|twister|zen_headbutt;;dragon;salamence@50;;372;Resistencia;1,1;110,5;blanco;50;no;Las células han empezado a cambiar dentro de su dura concha, que se separa cuando evoluciona.;;;;
salamence;Salamence;dragon|flying;95;135;80;110;80;100;intimidate;;;slow;270;45;attack:3;1:bite|1:fire_fang|1:headbutt|1:leer|1:rage|1:thunder_fang|5:bite|10:leer|16:headbutt|20:focus_energy|25:ember|30:protect|32:dragon_breath|37:zen_headbutt|43:scary_face|50:fly|53:crunch|61:dragon_claw|70:double_edge;aerial_ace|attract|brick_break|captivate|cut|defog|double_team|dragon_claw|dragon_pulse|earthquake|endure|facade|fire_blast|flamethrower|fly|frustration|giga_impact|hidden_power|hyper_beam|iron_tail|natural_gift|protect|rain_dance|rest|return|roar|rock_slide|rock_smash|rock_tomb|roost|secret_power|shadow_claw|sleep_talk|steel_wing|stone_edge|strength|substitute|sunny_day|swagger|toxic;air_cutter|aqua_tail|draco_meteor|fury_cutter|headbutt|heat_wave|mud_slap|ominous_wind|outrage|rollout|snore|swift|tailwind|twister|zen_headbutt;;dragon;;;373;Dragón;1,5;102,6;azul;50;no;"Si se enfada, no hay forma de calmarlo; lo destruye todo lanzando arañazos y llamas.";;;;
beldum;Beldum;steel|psychic;40;55;80;35;60;30;clear_body;;;slow;60;3;defense:1;1:take_down;;headbutt|iron_defense|iron_head|zen_headbutt;;mineral;metang@20;;374;Bola Hierro;0,6;95,2;azul;sin_genero;no;Los pulsos magnéticos de su cuerpo repelen la gravedad, lo que le permite flotar en el aire.;;;;
metang;Metang;steel|psychic;60;75;100;55;80;50;clear_body;;;slow;147;3;defense:2;1:confusion|1:magnet_rise|1:metal_claw|1:take_down|20:confusion|20:metal_claw|24:scary_face|28:pursuit|32:bullet_punch|36:psychic|40:iron_defense|44:agility|48:meteor_mash|52:zen_headbutt|56:hyper_beam;aerial_ace|brick_break|cut|double_team|earthquake|endure|explosion|facade|flash|flash_cannon|frustration|grass_knot|gyro_ball|hidden_power|hyper_beam|light_screen|natural_gift|protect|psych_up|psychic|rain_dance|reflect|rest|return|rock_polish|rock_slide|rock_smash|rock_tomb|sandstorm|secret_power|shadow_ball|sleep_talk|sludge_bomb|stealth_rock|strength|substitute|sunny_day|swagger|toxic;fury_cutter|gravity|headbutt|ice_punch|icy_wind|iron_defense|iron_head|magnet_rise|mud_slap|rollout|signal_beam|snore|swift|thunder_punch|trick|zen_headbutt;;mineral;metagross@45;;375;Garra Hierro;1,2;202,5;azul;sin_genero;no;Lo forman dos Beldum unidos. Puede chocarse con un avión sin que su cuerpo de acero sufra ni un rasguño.;;;;
metagross;Metagross;steel|psychic;80;135;130;95;90;70;clear_body;;;slow;270;3;defense:3;1:confusion|1:magnet_rise|1:metal_claw|1:take_down|20:confusion|20:metal_claw|24:scary_face|28:pursuit|32:bullet_punch|36:psychic|40:iron_defense|44:agility|45:hammer_arm|53:meteor_mash|62:zen_headbutt|71:hyper_beam;aerial_ace|brick_break|cut|double_team|earthquake|endure|explosion|facade|flash|flash_cannon|frustration|giga_impact|grass_knot|gyro_ball|hidden_power|hyper_beam|light_screen|natural_gift|protect|psych_up|psychic|rain_dance|reflect|rest|return|rock_polish|rock_slide|rock_smash|rock_tomb|sandstorm|secret_power|shadow_ball|sleep_talk|sludge_bomb|stealth_rock|strength|substitute|sunny_day|swagger|toxic;block|fury_cutter|gravity|headbutt|ice_punch|icy_wind|iron_defense|iron_head|magnet_rise|mud_slap|rollout|signal_beam|snore|swift|thunder_punch|trick|zen_headbutt;;mineral;;;376;Pata Hierro;1,6;550;azul;sin_genero;no;Gracias a sus cuatro cerebros, es más inteligente que un superordenador y analiza con precisión al enemigo.;;;;
regirock;Regirock;rock;80;100;200;50;100;50;clear_body;;;slow;261;3;defense:3;1:explosion|1:stomp|9:rock_throw|17:curse|25:superpower|33:ancient_power|41:iron_defense|49:charge_beam|57:lock_on|65:zap_cannon|73:stone_edge|81:hammer_arm|89:hyper_beam;brick_break|charge_beam|dig|double_team|drain_punch|earthquake|endure|explosion|facade|fling|focus_blast|focus_punch|frustration|giga_impact|hidden_power|hyper_beam|natural_gift|protect|psych_up|rest|return|rock_climb|rock_polish|rock_slide|rock_smash|rock_tomb|safeguard|sandstorm|secret_power|shock_wave|sleep_talk|stealth_rock|stone_edge|strength|substitute|sunny_day|swagger|thunder|thunder_wave|thunderbolt|toxic;ancient_power|block|earth_power|fire_punch|gravity|headbutt|ice_punch|iron_head|mud_slap|rollout|snore|superpower|thunder_punch;;no_eggs;;;377;Pico Roca;1,7;230;marrón;sin_genero;si;Su cuerpo está hecho de roca. Si se astilla durante el combate, emplea piedras para repararlo.;;;;
regice;Regice;ice;80;50;100;100;200;50;clear_body;;;slow;261;3;sp_defense:3;1:explosion|1:stomp|9:icy_wind|17:curse|25:superpower|33:ancient_power|41:amnesia|49:charge_beam|57:lock_on|65:zap_cannon|73:ice_beam|81:hammer_arm|89:hyper_beam;avalanche|blizzard|brick_break|charge_beam|double_team|earthquake|endure|explosion|facade|flash_cannon|fling|focus_blast|focus_punch|frustration|giga_impact|hail|hidden_power|hyper_beam|ice_beam|natural_gift|protect|psych_up|rain_dance|rest|return|rock_climb|rock_polish|rock_slide|rock_smash|rock_tomb|safeguard|secret_power|shock_wave|sleep_talk|strength|substitute|swagger|thunder|thunder_wave|thunderbolt|toxic;ancient_power|block|gravity|headbutt|ice_punch|icy_wind|iron_head|mud_slap|rollout|signal_beam|snore|superpower|thunder_punch;;no_eggs;;;378;Iceberg;1,8;175;azul;sin_genero;si;Dicen que ha yacido durmiendo en un glaciar durante milenios. Ni el magma puede derretir su cuerpo.;;;;
registeel;Registeel;steel;80;75;150;75;150;50;clear_body;;;slow;261;3;defense:2|sp_defense:1;1:explosion|1:stomp|9:metal_claw|17:curse|25:superpower|33:ancient_power|41:amnesia|41:iron_defense|49:charge_beam|57:lock_on|65:zap_cannon|73:flash_cannon|73:iron_head|81:hammer_arm|89:hyper_beam;aerial_ace|brick_break|charge_beam|double_team|earthquake|endure|explosion|facade|flash_cannon|fling|focus_blast|focus_punch|frustration|giga_impact|hidden_power|hyper_beam|natural_gift|protect|psych_up|rain_dance|rest|return|rock_climb|rock_polish|rock_slide|rock_smash|rock_tomb|safeguard|sandstorm|secret_power|shadow_claw|shock_wave|sleep_talk|stealth_rock|strength|substitute|sunny_day|swagger|thunder|thunder_wave|thunderbolt|toxic;ancient_power|block|gravity|headbutt|ice_punch|iron_defense|iron_head|magnet_rise|mud_slap|rollout|snore|superpower|thunder_punch;;no_eggs;;;379;Hierro;1,9;205;gris;sin_genero;si;Su cuerpo ha estado sometido a la presión subterránea durante miles de años y no puede arañarse.;;;;
latias;Latias;dragon|psychic;80;80;90;110;130;110;levitate;;;slow;270;3;sp_defense:3;1:psywave|5:wish|10:helping_hand|15:safeguard|20:dragon_breath|25:water_sport|30:refresh|35:mist_ball|40:zen_headbutt|45:recover|50:psycho_shift|55:charm|60:healing_wish|65:psychic|70:dragon_pulse;aerial_ace|attract|calm_mind|captivate|charge_beam|cut|defog|double_team|dragon_claw|dragon_pulse|dream_eater|earthquake|endure|energy_ball|facade|flash|fly|frustration|giga_impact|grass_knot|hidden_power|hyper_beam|ice_beam|light_screen|natural_gift|protect|psych_up|psychic|rain_dance|reflect|rest|return|roar|roost|safeguard|sandstorm|secret_power|shadow_ball|shadow_claw|shock_wave|sleep_talk|solar_beam|steel_wing|substitute|sunny_day|surf|swagger|thunder|thunder_wave|thunderbolt|toxic|water_pulse|waterfall|whirlpool;dive|draco_meteor|fury_cutter|helping_hand|icy_wind|last_resort|magic_coat|mud_slap|outrage|role_play|snore|sucker_punch|swift|tailwind|trick|twister|zen_headbutt;;no_eggs;;;380;Eón;1,4;40;rojo;100;si;Se comunica por telepatía. Su plumaje refleja la luz, lo que le permite hacerse invisible.;;;;
latios;Latios;dragon|psychic;80;90;80;130;110;110;levitate;;;slow;270;3;sp_attack:3;1:psywave|5:heal_block|10:helping_hand|15:safeguard|20:dragon_breath|25:protect|30:refresh|35:luster_purge|40:zen_headbutt|45:recover|50:psycho_shift|55:dragon_dance|60:memento|65:psychic|70:dragon_pulse;aerial_ace|attract|calm_mind|captivate|charge_beam|cut|defog|double_team|dragon_claw|dragon_pulse|dream_eater|earthquake|endure|energy_ball|facade|flash|fly|frustration|giga_impact|grass_knot|hidden_power|hyper_beam|ice_beam|light_screen|natural_gift|protect|psych_up|psychic|rain_dance|reflect|rest|return|roar|roost|safeguard|sandstorm|secret_power|shadow_ball|shadow_claw|shock_wave|sleep_talk|solar_beam|steel_wing|substitute|sunny_day|surf|swagger|thunder|thunder_wave|thunderbolt|toxic|water_pulse|waterfall|whirlpool;dive|draco_meteor|fury_cutter|helping_hand|icy_wind|last_resort|magic_coat|mud_slap|outrage|snore|swift|tailwind|trick|twister|zen_headbutt;;no_eggs;;;381;Eón;2;60;azul;0;si;Es un Pokémon muy inteligente. Puede adelantar a aviones a reacción plegando las alas.;;;;
kyogre;Kyogre;water;100;100;90;150;140;90;drizzle;;;slow;302;3;sp_attack:3;1:water_pulse|5:scary_face|15:ancient_power|20:body_slam|30:calm_mind|35:ice_beam|45:hydro_pump|50:rest|60:sheer_cold|65:double_edge|75:aqua_tail|80:water_spout;avalanche|blizzard|brick_break|brine|calm_mind|double_team|earthquake|endure|facade|frustration|giga_impact|hail|hidden_power|hyper_beam|ice_beam|natural_gift|protect|psych_up|rain_dance|rest|return|roar|rock_slide|rock_smash|rock_tomb|safeguard|secret_power|shock_wave|sleep_talk|strength|substitute|surf|swagger|thunder|thunder_wave|thunderbolt|toxic|water_pulse|waterfall|whirlpool;ancient_power|aqua_tail|block|dive|headbutt|icy_wind|iron_head|mud_slap|signal_beam|snore|swift|uproar;;no_eggs;;;382;Cuenca Mar;4,5;352;azul;sin_genero;si;Pokémon legendario que aumentó los mares con diluvios y maremotos. Fue un enemigo acérrimo de Groudon.;;;;
groudon;Groudon;ground;100;150;140;100;90;90;drought;;;slow;302;3;attack:3;1:mud_shot|5:scary_face|15:ancient_power|20:slash|30:bulk_up|35:earthquake|45:fire_blast|50:rest|60:fissure|65:solar_beam|75:earth_power|80:eruption;aerial_ace|brick_break|bulk_up|cut|dig|double_team|dragon_claw|dragon_pulse|earthquake|endure|facade|fire_blast|flamethrower|fling|focus_blast|frustration|giga_impact|hidden_power|hyper_beam|iron_tail|natural_gift|overheat|protect|psych_up|rest|return|roar|rock_climb|rock_polish|rock_slide|rock_smash|rock_tomb|safeguard|sandstorm|secret_power|shadow_claw|shock_wave|sleep_talk|solar_beam|stealth_rock|stone_edge|strength|substitute|sunny_day|swagger|swords_dance|thunder|thunder_wave|thunderbolt|toxic;ancient_power|block|earth_power|fire_punch|fury_cutter|headbutt|iron_head|mud_slap|rollout|snore|swift|thunder_punch|uproar;;no_eggs;;;383;Continente;3,5;950;rojo;sin_genero;si;Dicen que aumentó la superficie terrestre evaporando el agua. Fue un enemigo acérrimo de Kyogre.;;;;
rayquaza;Rayquaza;dragon|flying;105;150;90;150;90;95;air_lock;;;slow;306;45;attack:2|sp_attack:1;1:twister|5:scary_face|15:ancient_power|20:dragon_claw|30:dragon_dance|35:crunch|45:fly|50:rest|60:extreme_speed|65:hyper_beam|75:dragon_pulse|80:outrage;aerial_ace|avalanche|blizzard|brick_break|bulk_up|double_team|dragon_claw|dragon_pulse|earthquake|endure|energy_ball|facade|fire_blast|flamethrower|fling|fly|focus_blast|frustration|giga_impact|gyro_ball|hidden_power|hyper_beam|ice_beam|iron_tail|natural_gift|overheat|protect|psych_up|rain_dance|rest|return|roar|rock_slide|rock_smash|rock_tomb|sandstorm|secret_power|shadow_claw|shock_wave|sleep_talk|solar_beam|stone_edge|strength|substitute|sunny_day|surf|swagger|swords_dance|thunder|thunder_wave|thunderbolt|toxic|water_pulse|waterfall|whirlpool;ancient_power|aqua_tail|dive|draco_meteor|earth_power|fury_cutter|headbutt|icy_wind|iron_head|mud_slap|outrage|snore|swift|tailwind|twister|uproar;;no_eggs;;;384;Cielo;7;206,5;verde;sin_genero;si;Vive en la capa de ozono sobre las nubes y no puede ser visto desde el suelo.;;;;
jirachi;Jirachi;steel|psychic;100;100;100;100;100;100;serene_grace;;;slow;270;3;hp:3;1:confusion|1:wish|5:rest|10:swift|15:helping_hand|20:psychic|25:refresh|30:rest|35:zen_headbutt|40:double_edge|45:gravity|50:healing_wish|55:future_sight|60:cosmic_power|65:last_resort|70:doom_desire;aerial_ace|calm_mind|charge_beam|double_team|drain_punch|dream_eater|endure|energy_ball|facade|flash|flash_cannon|fling|frustration|giga_impact|grass_knot|hidden_power|hyper_beam|light_screen|natural_gift|protect|psych_up|psychic|rain_dance|recycle|reflect|rest|return|safeguard|sandstorm|secret_power|shadow_ball|shock_wave|skill_swap|sleep_talk|stealth_rock|substitute|sunny_day|swagger|thunder|thunder_wave|thunderbolt|toxic|trick_room|u_turn|water_pulse;ancient_power|fire_punch|gravity|headbutt|helping_hand|ice_punch|icy_wind|iron_defense|iron_head|last_resort|magic_coat|mud_slap|signal_beam|snore|swift|thunder_punch|trick|uproar|zen_headbutt;;no_eggs;;;385;Deseo;0,3;1,1;amarillo;sin_genero;si;Desde antaño se dice que concederá los deseos escritos en las notas de su cabeza cuando se despierte.;;;;
deoxys;Deoxys;psychic;50;150;50;150;50;150;pressure;;;slow;270;3;attack:1|sp_attack:1|speed:1;1:leer|1:wrap|9:night_shade|17:teleport|25:knock_off|33:pursuit|41:psychic|49:snatch|57:psycho_shift|65:zen_headbutt|73:cosmic_power|81:recover|89:psycho_boost|97:hyper_beam;aerial_ace|avalanche|brick_break|calm_mind|charge_beam|cut|double_team|drain_punch|dream_eater|endure|energy_ball|facade|flash|flash_cannon|fling|focus_blast|focus_punch|frustration|giga_impact|grass_knot|hidden_power|hyper_beam|ice_beam|light_screen|natural_gift|poison_jab|protect|psych_up|psychic|rain_dance|recycle|reflect|rest|return|rock_slide|rock_smash|rock_tomb|safeguard|secret_power|shadow_ball|shock_wave|skill_swap|sleep_talk|snatch|solar_beam|stealth_rock|strength|substitute|sunny_day|swagger|taunt|thunder|thunder_wave|thunderbolt|torment|toxic|trick_room|water_pulse;fire_punch|gravity|headbutt|ice_punch|icy_wind|knock_off|low_kick|magic_coat|mud_slap|role_play|signal_beam|snore|swift|thunder_punch|trick|zen_headbutt;;no_eggs;;;386;ADN;1,7;60,8;rojo;sin_genero;si;Surgió a raíz de la mutación de ADN de un virus alienígena que cayó a la Tierra en un meteorito.;;;;
turtwig;Turtwig;grass;55;68;64;45;55;31;overgrow;;;medium_slow;64;45;attack:1;1:tackle|5:withdraw|9:absorb|13:razor_leaf|17:curse|21:bite|25:mega_drain|29:leech_seed|33:synthesis|37:crunch|41:giga_drain|45:leaf_storm;attract|bullet_seed|captivate|cut|double_team|endure|energy_ball|facade|flash|frustration|giga_drain|grass_knot|hidden_power|iron_tail|light_screen|natural_gift|protect|reflect|rest|return|rock_climb|rock_smash|safeguard|secret_power|sleep_talk|solar_beam|stealth_rock|strength|substitute|sunny_day|swagger|swords_dance|toxic;earth_power|headbutt|mud_slap|seed_bomb|snore|superpower|synthesis|worry_seed;amnesia|body_slam|double_edge|growth|sand_tomb|seed_bomb|spit_up|stockpile|superpower|swallow|thrash|tickle|worry_seed;monster|plant;grotle@18;;387;Hojita;0,4;10,2;verde;12,5;no;Realiza la fotosíntesis al bañarle los rayos de sol. Su concha está formada por tierra endurecida.;;;;
grotle;Grotle;grass;75;89;85;55;65;36;overgrow;;;medium_slow;142;45;attack:1|defense:1;1:tackle|1:withdraw|5:withdraw|9:absorb|13:razor_leaf|17:curse|22:bite|27:mega_drain|32:leech_seed|37:synthesis|42:crunch|47:giga_drain|52:leaf_storm;attract|bullet_seed|captivate|cut|double_team|endure|energy_ball|facade|flash|frustration|giga_drain|grass_knot|hidden_power|iron_tail|light_screen|natural_gift|protect|reflect|rest|return|rock_climb|rock_smash|safeguard|secret_power|sleep_talk|solar_beam|stealth_rock|strength|substitute|sunny_day|swagger|swords_dance|toxic;earth_power|headbutt|mud_slap|seed_bomb|snore|superpower|synthesis|worry_seed;;monster|plant;torterra@32;;388;Arboleda;1,1;97;verde;12,5;no;Vive en los bosques cerca del agua. Por el día, sale a que les dé el sol a las plantas de su espalda.;;;;
torterra;Torterra;grass|ground;95;109;105;75;85;56;overgrow;;;medium_slow;236;45;attack:2|defense:1;1:absorb|1:razor_leaf|1:tackle|1:withdraw|1:wood_hammer|5:withdraw|9:absorb|13:razor_leaf|17:curse|22:bite|27:mega_drain|32:earthquake|33:leech_seed|39:synthesis|45:crunch|51:giga_drain|57:leaf_storm;attract|bullet_seed|captivate|cut|double_team|earthquake|endure|energy_ball|facade|flash|frustration|giga_drain|giga_impact|grass_knot|hidden_power|hyper_beam|iron_tail|light_screen|natural_gift|protect|reflect|rest|return|roar|rock_climb|rock_polish|rock_slide|rock_smash|rock_tomb|safeguard|sandstorm|secret_power|sleep_talk|solar_beam|stealth_rock|stone_edge|strength|substitute|sunny_day|swagger|swords_dance|toxic;block|earth_power|frenzy_plant|headbutt|iron_head|mud_slap|outrage|seed_bomb|snore|superpower|synthesis|worry_seed;;monster|plant;;;389;Continente;2,2;310;verde;12,5;no;Las gentes de antaño creían que el planeta se sustentaba en la espalda de un gran Torterra.;;;;
chimchar;Chimchar;fire;44;58;44;58;44;61;blaze;;;medium_slow;62;45;speed:1;1:leer|1:scratch|7:ember|9:taunt|15:fury_swipes|17:flame_wheel|23:nasty_plot|25:torment|31:facade|33:fire_spin|39:slack_off|41:flamethrower;aerial_ace|attract|brick_break|bulk_up|captivate|cut|dig|double_team|endure|facade|fire_blast|flamethrower|fling|focus_punch|frustration|grass_knot|hidden_power|iron_tail|natural_gift|overheat|protect|rest|return|rock_climb|rock_smash|secret_power|shadow_claw|sleep_talk|stealth_rock|strength|substitute|sunny_day|swagger|swords_dance|taunt|torment|toxic|u_turn|will_o_wisp;endeavor|fire_punch|gunk_shot|headbutt|heat_wave|helping_hand|low_kick|mud_slap|role_play|rollout|snore|swift|thunder_punch|uproar|vacuum_wave;assist|blaze_kick|counter|double_kick|encore|fake_out|fire_punch|focus_energy|heat_wave|helping_hand|thunder_punch;ground|humanshape;monferno@14;;390;Chimpancé;0,5;6,2;marrón;12,5;no;El gas de su panza alimenta el fuego de su parte trasera, que ni la lluvia puede extinguir.;;;;
monferno;Monferno;fire|fighting;64;78;52;78;52;81;blaze;;;medium_slow;142;45;sp_attack:1|speed:1;1:ember|1:leer|1:scratch|7:ember|9:taunt|14:mach_punch|16:fury_swipes|19:flame_wheel|26:feint|29:torment|36:close_combat|39:fire_spin|46:slack_off|49:flare_blitz;aerial_ace|attract|brick_break|bulk_up|captivate|cut|dig|double_team|endure|facade|fire_blast|flamethrower|fling|focus_blast|focus_punch|frustration|grass_knot|hidden_power|iron_tail|natural_gift|overheat|poison_jab|protect|rest|return|rock_climb|rock_slide|rock_smash|rock_tomb|secret_power|shadow_claw|sleep_talk|stealth_rock|strength|substitute|sunny_day|swagger|swords_dance|taunt|torment|toxic|u_turn|will_o_wisp;endeavor|fire_punch|gunk_shot|headbutt|heat_wave|helping_hand|low_kick|mud_slap|role_play|rollout|snore|swift|thunder_punch|vacuum_wave;;ground|humanshape;infernape@36;;391;Juguetón;0,9;22;marrón;12,5;no;Controla hábilmente la intensidad del fuego de su cola para mantener al enemigo a una distancia ideal.;;;;
infernape;Infernape;fire|fighting;76;104;71;104;71;108;blaze;;;medium_slow;240;45;attack:1|sp_attack:1|speed:1;1:ember|1:leer|1:scratch|1:taunt|7:ember|9:taunt|14:mach_punch|17:fury_swipes|21:flame_wheel|29:feint|33:punishment|41:close_combat|45:fire_spin|53:calm_mind|57:flare_blitz;aerial_ace|attract|brick_break|bulk_up|calm_mind|captivate|cut|dig|double_team|earthquake|endure|facade|fire_blast|flamethrower|fling|focus_blast|focus_punch|frustration|giga_impact|grass_knot|hidden_power|hyper_beam|iron_tail|natural_gift|overheat|poison_jab|protect|rest|return|roar|rock_climb|rock_slide|rock_smash|rock_tomb|secret_power|shadow_claw|sleep_talk|solar_beam|stealth_rock|stone_edge|strength|substitute|sunny_day|swagger|swords_dance|taunt|torment|toxic|u_turn|will_o_wisp;blast_burn|endeavor|fire_punch|gunk_shot|headbutt|heat_wave|helping_hand|low_kick|mud_slap|role_play|rollout|snore|swift|thunder_punch|vacuum_wave;;ground|humanshape;;;392;Llama;1,2;55;marrón;12,5;no;Su corona de fuego demuestra su naturaleza ígnea. Nadie le gana en velocidad.;;;;
piplup;Piplup;water;53;51;53;61;56;40;torrent;;;medium_slow;63;45;sp_attack:1;1:pound|4:growl|8:bubble|11:water_sport|15:peck|18:bubble_beam|22:bide|25:fury_attack|29:brine|32:whirlpool|36:mist|39:drill_peck|43:hydro_pump;aerial_ace|attract|blizzard|brick_break|brine|captivate|cut|defog|dig|double_team|endure|facade|fling|frustration|grass_knot|hail|hidden_power|ice_beam|natural_gift|pluck|protect|rain_dance|rest|return|rock_tomb|secret_power|sleep_talk|stealth_rock|substitute|surf|swagger|toxic|water_pulse|waterfall|whirlpool;dive|headbutt|icy_wind|mud_slap|signal_beam|snore;agility|aqua_ring|double_hit|feather_dance|flail|hydro_pump|mud_slap|mud_sport|snore|supersonic|yawn;water1|ground;prinplup@16;;393;Pingüino;0,4;5,2;azul;12,5;no;No le gusta que lo cuiden. Como no aprecia el apoyo de su Entrenador, le cuesta coger confianza con él.;;;;
prinplup;Prinplup;water;64;66;68;81;76;50;torrent;;;medium_slow;142;45;sp_attack:2;1:growl|1:tackle|4:growl|8:bubble|11:water_sport|15:peck|16:metal_claw|19:bubble_beam|24:bide|28:fury_attack|33:brine|37:whirlpool|42:mist|46:drill_peck|51:hydro_pump;aerial_ace|attract|blizzard|brick_break|brine|captivate|cut|defog|dig|double_team|endure|facade|fling|frustration|grass_knot|hail|hidden_power|ice_beam|natural_gift|pluck|protect|rain_dance|rest|return|rock_smash|rock_tomb|secret_power|shadow_claw|sleep_talk|stealth_rock|strength|substitute|surf|swagger|toxic|water_pulse|waterfall|whirlpool;dive|headbutt|icy_wind|mud_slap|signal_beam|snore;;water1|ground;empoleon@36;;394;Pingüino;0,8;23;azul;12,5;no;Vive solo, alejado de los demás. Cada uno piensa que es el más importante.;;;;
empoleon;Empoleon;water|steel;84;86;88;111;101;60;torrent;;;medium_slow;239;45;sp_attack:3;1:bubble|1:growl|1:tackle|4:growl|8:bubble|11:swords_dance|15:peck|16:metal_claw|19:bubble_beam|24:swagger|28:fury_attack|33:brine|36:aqua_jet|39:whirlpool|46:mist|52:drill_peck|59:hydro_pump;aerial_ace|attract|avalanche|blizzard|brick_break|brine|captivate|cut|defog|dig|double_team|earthquake|endure|facade|flash_cannon|fling|frustration|giga_impact|grass_knot|hail|hidden_power|hyper_beam|ice_beam|natural_gift|pluck|protect|rain_dance|rest|return|roar|rock_climb|rock_slide|rock_smash|rock_tomb|secret_power|shadow_claw|sleep_talk|stealth_rock|steel_wing|strength|substitute|surf|swagger|swords_dance|toxic|water_pulse|waterfall|whirlpool;dive|fury_cutter|headbutt|hydro_cannon|icy_wind|iron_defense|knock_off|mud_slap|signal_beam|snore;;water1|ground;;;395;Emperador;1,7;84,5;azul;12,5;no;Nada tan rápido como un fueraborda. Con los afilados bordes de sus alas puede cortar el hielo.;;;;
starly;Starly;normal|flying;40;55;30;30;30;60;keen_eye;;;medium_slow;49;255;speed:1;1:growl|1:tackle|5:quick_attack|9:wing_attack|13:double_team|17:endeavor|21:whirlwind|25:aerial_ace|29:take_down|33:agility|37:brave_bird;aerial_ace|attract|captivate|defog|double_team|endure|facade|fly|frustration|hidden_power|natural_gift|pluck|protect|rain_dance|rest|return|roost|secret_power|sleep_talk|steel_wing|substitute|sunny_day|swagger|thief|toxic|u_turn;air_cutter|endeavor|heat_wave|mud_slap|ominous_wind|snore|swift|tailwind|twister;astonish|double_edge|feather_dance|foresight|fury_attack|pursuit|sand_attack;flying;staravia@14;;396;Estornino;0,3;2;marrón;50;no;Viaja en grandes bandadas. Aunque es pequeño, agita las alas con gran fuerza.;;;;
staravia;Staravia;normal|flying;55;75;50;40;40;80;intimidate;;;medium_slow;119;120;speed:2;1:growl|1:quick_attack|1:tackle|5:quick_attack|9:wing_attack|13:double_team|18:endeavor|23:whirlwind|28:aerial_ace|33:take_down|38:agility|43:brave_bird;aerial_ace|attract|captivate|defog|double_team|endure|facade|fly|frustration|hidden_power|natural_gift|pluck|protect|rain_dance|rest|return|roost|secret_power|sleep_talk|steel_wing|substitute|sunny_day|swagger|thief|toxic|u_turn;air_cutter|endeavor|heat_wave|mud_slap|ominous_wind|snore|swift|tailwind|twister;;flying;staraptor@34;;397;Estornino;0,6;15,5;marrón;50;no;Vive siempre en grandes grupos y las disputas dentro de ellos son muy intensas.;;;;
staraptor;Staraptor;normal|flying;85;120;70;50;50;100;intimidate;;;medium_slow;218;45;attack:3;1:growl|1:quick_attack|1:tackle|1:wing_attack|5:quick_attack|9:wing_attack|13:double_team|18:endeavor|23:whirlwind|28:aerial_ace|33:take_down|34:close_combat|41:agility|49:brave_bird;aerial_ace|attract|captivate|defog|double_team|endure|facade|fly|frustration|giga_impact|hidden_power|hyper_beam|natural_gift|pluck|protect|rain_dance|rest|return|roost|secret_power|sleep_talk|steel_wing|substitute|sunny_day|swagger|thief|toxic|u_turn;air_cutter|endeavor|heat_wave|mud_slap|ominous_wind|sky_attack|snore|swift|tailwind|twister;;flying;;;398;Depredador;1,2;24,9;marrón;50;no;Sus alas y sus patas son muy fuertes. Puede llevarse volando Pokémon pequeños.;;;;
bidoof;Bidoof;normal;59;45;40;35;40;31;simple;unaware;;medium_fast;50;255;hp:1;1:tackle|5:growl|9:defense_curl|13:rollout|17:headbutt|21:hyper_fang|25:yawn|29:amnesia|33:take_down|37:super_fang|41:superpower|45:curse;attract|blizzard|captivate|charge_beam|cut|dig|double_team|endure|facade|frustration|grass_knot|hidden_power|ice_beam|iron_tail|natural_gift|pluck|protect|rain_dance|rest|return|rock_smash|secret_power|shadow_ball|shock_wave|sleep_talk|stealth_rock|substitute|sunny_day|swagger|taunt|thief|thunder|thunder_wave|thunderbolt|toxic;aqua_tail|fury_cutter|headbutt|icy_wind|last_resort|mud_slap|rollout|snore|super_fang|superpower|swift;aqua_tail|defense_curl|double_edge|fury_swipes|odor_sleuth|quick_attack|rollout|water_sport;water1|ground;bibarel@15;;399;Gran Ratón;0,5;20;marrón;50;no;Tiene nervios de acero y nada puede perturbarlo. Es más ágil y activo de lo que aparenta.;;;;
bibarel;Bibarel;normal|water;79;85;60;55;60;71;simple;unaware;;medium_fast;144;127;attack:2;1:growl|1:tackle|5:growl|9:defense_curl|13:rollout|15:water_gun|18:headbutt|23:hyper_fang|28:yawn|33:amnesia|38:take_down|43:super_fang|48:superpower|53:curse;attract|blizzard|captivate|charge_beam|cut|dig|double_team|endure|facade|fling|focus_punch|frustration|giga_impact|grass_knot|hidden_power|hyper_beam|ice_beam|iron_tail|natural_gift|pluck|protect|rain_dance|rest|return|rock_climb|rock_smash|secret_power|shadow_ball|shock_wave|sleep_talk|stealth_rock|strength|substitute|sunny_day|surf|swagger|taunt|thief|thunder|thunder_wave|thunderbolt|toxic|water_pulse|waterfall|whirlpool;aqua_tail|dive|fury_cutter|headbutt|icy_wind|last_resort|mud_slap|rollout|snore|super_fang|superpower|swift;;water1|ground;;;400;Castor;1;31,5;marrón;50;no;Con sus incisivos roe ramas y raíces y las apila para construir sus madrigueras junto al río.;;;;
kricketot;Kricketot;bug;37;25;41;25;41;25;shed_skin;;;medium_slow;39;255;defense:1;1:bide|1:growl|16:bug_bite;;bug_bite|endeavor|mud_slap|snore|string_shot|uproar;;bug;kricketune@10;;401;Grillo;0,3;2,2;rojo;50;no;Hablan entre sí chocando las antenas. Los sonidos producidos son muy característicos.;;;;
kricketune;Kricketune;bug;77;85;51;55;51;65;swarm;;;medium_slow;134;45;attack:2;1:bide|1:growl|10:fury_cutter|14:leech_life|18:sing|22:focus_energy|26:slash|30:x_scissor|34:screech|38:taunt|42:night_slash|46:bug_buzz|50:perish_song;aerial_ace|attract|brick_break|captivate|cut|double_team|endure|facade|false_swipe|flash|frustration|giga_impact|hidden_power|hyper_beam|natural_gift|protect|rain_dance|rest|return|rock_smash|secret_power|silver_wind|sleep_talk|strength|substitute|sunny_day|swagger|swords_dance|taunt|toxic|x_scissor;bug_bite|endeavor|fury_cutter|knock_off|mud_slap|snore|string_shot|uproar;;bug;;;402;Grillo;1;25,5;rojo;50;no;Cuando llora, cruza sus brazos con forma de cuchillo. Puede improvisar melodías.;;;;
shinx;Shinx;electric;45;65;34;40;34;45;rivalry;intimidate;;medium_slow;53;235;attack:1;1:tackle|5:leer|9:charge|13:spark|17:bite|21:roar|25:swagger|29:thunder_fang|33:crunch|37:scary_face|41:discharge;attract|captivate|charge_beam|double_team|endure|facade|flash|frustration|hidden_power|iron_tail|light_screen|natural_gift|protect|rain_dance|rest|return|roar|secret_power|shock_wave|sleep_talk|strength|substitute|swagger|thief|thunder|thunder_wave|thunderbolt|toxic;fury_cutter|headbutt|magnet_rise|mud_slap|signal_beam|snore|swift;fire_fang|howl|ice_fang|night_slash|quick_attack|take_down|thunder_fang;ground;luxio@15;;403;Flash;0,5;9,5;azul;50;no;La extensión y contracción de sus músculos genera electricidad. Brilla cuando está en peligro.;;;;
luxio;Luxio;electric;60;85;49;60;49;60;rivalry;intimidate;;medium_slow;127;120;attack:2;1:leer|1:tackle|5:leer|9:charge|13:spark|18:bite|23:roar|28:swagger|33:thunder_fang|38:crunch|43:scary_face|48:discharge;attract|captivate|charge_beam|double_team|endure|facade|flash|frustration|hidden_power|iron_tail|light_screen|natural_gift|protect|rain_dance|rest|return|roar|secret_power|shock_wave|sleep_talk|strength|substitute|swagger|thief|thunder|thunder_wave|thunderbolt|toxic;fury_cutter|headbutt|magnet_rise|mud_slap|signal_beam|snore|swift;;ground;luxray@30;;404;Chispa;0,9;30,5;azul;50;no;Sus garras emiten electricidad que puede debilitar a sus rivales. Viven en grupos pequeños.;;;;
luxray;Luxray;electric;80;120;79;95;79;70;rivalry;intimidate;;medium_slow;235;45;attack:3;1:charge|1:leer|1:tackle|5:leer|9:charge|13:spark|18:bite|23:roar|28:swagger|35:thunder_fang|42:crunch|49:scary_face|56:discharge;attract|captivate|charge_beam|double_team|endure|facade|flash|frustration|giga_impact|hidden_power|hyper_beam|iron_tail|light_screen|natural_gift|protect|rain_dance|rest|return|roar|secret_power|shock_wave|sleep_talk|strength|substitute|swagger|thief|thunder|thunder_wave|thunderbolt|toxic;fury_cutter|headbutt|magnet_rise|mud_slap|signal_beam|snore|superpower|swift;;ground;;;405;Chispa Ojos;1,4;42;azul;50;no;Cuando sus ojos brillan como el oro, puede ver presas escondidas, incluso detrás de un muro.;;;;
budew;Budew;grass|poison;40;30;35;50;70;55;natural_cure;poison_point;;medium_slow;56;255;sp_attack:1;1:absorb|4:growth|7:water_sport|10:stun_spore|13:mega_drain|16:worry_seed;attract|bullet_seed|captivate|cut|double_team|endure|energy_ball|facade|flash|frustration|giga_drain|grass_knot|hidden_power|natural_gift|protect|psych_up|rain_dance|rest|return|secret_power|shadow_ball|sleep_talk|sludge_bomb|solar_beam|substitute|sunny_day|swagger|swords_dance|toxic;mud_slap|seed_bomb|snore|swift|synthesis|uproar|worry_seed;cotton_spore|extrasensory|leaf_storm|mind_reader|pin_missile|razor_leaf|sleep_powder|spikes|synthesis;no_eggs;roselia@amistad+hora:dia;;406;Brote;0,2;1,2;verde;50;no;Vive cerca de aguas cristalinas. Su cabello se abre y esparce polen cuando le bañan los rayos del sol.;;;;
roserade;Roserade;grass|poison;60;70;55;125;105;90;natural_cure;poison_point;;medium_slow;232;75;sp_attack:3;1:magical_leaf|1:mega_drain|1:poison_sting|1:sweet_scent|1:weather_ball;attract|bullet_seed|captivate|cut|double_team|endure|energy_ball|facade|flash|frustration|giga_drain|giga_impact|grass_knot|hidden_power|hyper_beam|natural_gift|poison_jab|protect|psych_up|rain_dance|rest|return|secret_power|shadow_ball|sleep_talk|sludge_bomb|solar_beam|substitute|sunny_day|swagger|swords_dance|toxic;fury_cutter|mud_slap|seed_bomb|snore|swift|synthesis|worry_seed;;fairy|plant;;;407;Ramillete;0,9;14,5;verde;50;no;Atrae a sus presas con una dulce fragancia y usa sus cepas venenosas para atenazarlas y acabar con ellas.;;;;
cranidos;Cranidos;rock;67;125;40;30;30;58;mold_breaker;;;erratic;70;45;attack:1;1:headbutt|1:leer|6:focus_energy|10:pursuit|15:take_down|19:scary_face|24:assurance|28:ancient_power|33:zen_headbutt|37:screech|43:head_smash;attract|blizzard|captivate|dig|double_team|dragon_pulse|earthquake|endure|facade|fire_blast|flamethrower|fling|frustration|hidden_power|ice_beam|iron_tail|natural_gift|payback|protect|rain_dance|rest|return|roar|rock_climb|rock_polish|rock_slide|rock_smash|rock_tomb|sandstorm|secret_power|shock_wave|sleep_talk|stealth_rock|stone_edge|strength|substitute|sunny_day|swagger|swords_dance|thief|thunder|thunderbolt|toxic;ancient_power|earth_power|endeavor|fire_punch|headbutt|iron_head|mud_slap|snore|spite|superpower|thunder_punch|uproar|zen_headbutt;crunch|curse|double_edge|hammer_arm|leer|slam|stomp|thrash|whirlwind;monster;rampardos@30;;408;Cabezazo;0,9;31,5;azul;12,5;no;Fue recreado a partir de un fósil con forma esférica. Derriba a las presas a cabezazos.;;;;
rampardos;Rampardos;rock;97;165;60;65;50;58;mold_breaker;;;erratic;173;45;attack:2;1:headbutt|1:leer|6:focus_energy|10:pursuit|15:take_down|19:scary_face|24:assurance|28:ancient_power|30:endeavor|36:zen_headbutt|43:screech|52:head_smash;attract|avalanche|blizzard|brick_break|captivate|cut|dig|double_team|dragon_pulse|earthquake|endure|facade|fire_blast|flamethrower|fling|focus_blast|focus_punch|frustration|giga_impact|hidden_power|hyper_beam|ice_beam|iron_tail|natural_gift|payback|protect|rain_dance|rest|return|roar|rock_climb|rock_polish|rock_slide|rock_smash|rock_tomb|sandstorm|secret_power|shock_wave|sleep_talk|stealth_rock|stone_edge|strength|substitute|sunny_day|surf|swagger|swords_dance|thief|thunder|thunderbolt|toxic|whirlpool;ancient_power|earth_power|endeavor|fire_punch|headbutt|iron_head|mud_slap|outrage|pain_split|snore|spite|superpower|thunder_punch|uproar|zen_headbutt;;monster;;;409;Cabezazo;1,6;102,5;azul;12,5;no;Tiene sesos pequeños porque su duro cráneo, que soporta cualquier golpe, les impide desarrollarse.;;;;
shieldon;Shieldon;rock|steel;30;42;118;42;88;30;sturdy;;;erratic;70;45;defense:1;1:protect|1:tackle|6:taunt|10:metal_sound|15:take_down|19:iron_defense|24:swagger|28:ancient_power|33:endure|37:metal_burst|43:iron_head;attract|blizzard|captivate|dig|double_team|earthquake|endure|facade|fire_blast|flamethrower|flash_cannon|frustration|hidden_power|ice_beam|iron_tail|natural_gift|protect|rain_dance|rest|return|roar|rock_polish|rock_slide|rock_smash|rock_tomb|sandstorm|secret_power|shock_wave|sleep_talk|stealth_rock|stone_edge|strength|substitute|sunny_day|swagger|taunt|thunder|thunderbolt|torment|toxic;ancient_power|earth_power|headbutt|iron_defense|iron_head|magnet_rise|mud_slap|snore;body_slam|counter|curse|double_edge|fissure|focus_energy|headbutt|rock_blast|scary_face|screech;monster;bastiodon@30;;410;Escudo;0,5;57;gris;12,5;no;Se abrillanta la cara frotándola contra los árboles. Es vulnerable a los ataques por la espalda.;;;;
bastiodon;Bastiodon;rock|steel;60;52;168;47;138;30;sturdy;;;erratic;173;45;defense:2;1:metal_sound|1:protect|1:tackle|1:taunt|6:taunt|10:metal_sound|15:take_down|19:iron_defense|24:swagger|28:ancient_power|30:block|36:endure|43:metal_burst|52:iron_head;attract|avalanche|blizzard|captivate|dig|double_team|earthquake|endure|facade|fire_blast|flamethrower|flash_cannon|frustration|giga_impact|hidden_power|hyper_beam|ice_beam|iron_tail|natural_gift|protect|rain_dance|rest|return|roar|rock_polish|rock_slide|rock_smash|rock_tomb|sandstorm|secret_power|shock_wave|sleep_talk|stealth_rock|stone_edge|strength|substitute|sunny_day|swagger|taunt|thunder|thunderbolt|torment|toxic;ancient_power|block|earth_power|headbutt|iron_defense|iron_head|magic_coat|magnet_rise|mud_slap|outrage|snore;;monster;;;411;Escudo;1,3;149,5;gris;12,5;no;Se alineaban y creaban una barrera que ningún enemigo podía cruzar. Así protegían a sus crías.;;;;
burmy;Burmy;bug;40;29;45;29;45;36;shed_skin;;;medium_fast;45;120;sp_defense:1;1:protect|10:tackle|15:bug_bite|20:hidden_power;;bug_bite|snore|string_shot;;bug;wormadam@20+genero:hembra | mothim@20+genero:macho;;412;Larva;0,2;3,4;verde;50;no;Para protegerse de los vientos fríos invernales, se cubre con un caparazón de ramas y hojas.;;;;
wormadam;Wormadam;bug|grass;60;59;85;79;105;36;anticipation;;;medium_fast;148;45;sp_defense:2;1:tackle|10:protect|15:bug_bite|20:hidden_power|23:confusion|26:razor_leaf|29:growth|32:psybeam|35:captivate|38:flail|41:attract|44:psychic|47:leaf_storm;attract|bullet_seed|captivate|double_team|dream_eater|endure|energy_ball|facade|flash|frustration|giga_drain|giga_impact|grass_knot|hidden_power|hyper_beam|natural_gift|protect|psych_up|psychic|rain_dance|rest|return|safeguard|secret_power|shadow_ball|skill_swap|sleep_talk|solar_beam|substitute|sunny_day|swagger|thief|toxic;bug_bite|endeavor|seed_bomb|signal_beam|snore|string_shot|sucker_punch|synthesis|uproar|worry_seed;;bug;;;413;Larva;0,5;6,5;verde;100;no;Su apariencia varía según dónde evolucione. Los materiales que haya pasan a formar parte de su cuerpo.;;;;
mothim;Mothim;bug|flying;70;94;50;94;50;66;swarm;;;medium_fast;148;45;attack:1|sp_attack:1;1:tackle|10:protect|15:bug_bite|20:hidden_power|23:confusion|26:gust|29:poison_powder|32:psybeam|35:camouflage|38:silver_wind|41:air_slash|44:psychic|47:bug_buzz;aerial_ace|attract|captivate|defog|double_team|dream_eater|endure|energy_ball|facade|flash|frustration|giga_drain|giga_impact|hidden_power|hyper_beam|natural_gift|protect|psych_up|psychic|rain_dance|rest|return|roost|safeguard|secret_power|shadow_ball|silver_wind|skill_swap|sleep_talk|solar_beam|substitute|sunny_day|swagger|thief|toxic|u_turn;air_cutter|bug_bite|mud_slap|ominous_wind|signal_beam|snore|string_shot|swift|tailwind|twister;;bug;;;414;Polilla;0,9;23,3;amarillo;0;no;Le encanta la miel de las flores y roba la que recoge Combee.;;;;
combee;Combee;bug|flying;30;30;42;30;42;70;honey_gather;;;medium_slow;49;120;speed:1;1:gust|1:sweet_scent|13:bug_bite;;air_cutter|bug_bite|endeavor|mud_slap|ominous_wind|snore|string_shot|swift|tailwind;;bug;vespiquen@21+genero:hembra;;415;Abejita;0,3;5,5;amarillo;12,5;no;El trío se forma al nacer y se pasa la vida recogiendo miel de las flores para satisfacer a Vespiquen.;;;;
vespiquen;Vespiquen;bug|flying;70;80;102;80;102;40;pressure;;;medium_slow;166;45;defense:1|sp_defense:1;1:gust|1:sweet_scent|3:poison_sting|7:confuse_ray|9:fury_cutter|13:defend_order|15:pursuit|19:fury_swipes|21:power_gem|25:heal_order|27:toxic|31:slash|33:captivate|37:attack_order|39:swagger|43:destiny_bond;aerial_ace|attract|captivate|cut|defog|double_team|endure|facade|flash|fling|frustration|giga_impact|hidden_power|hyper_beam|natural_gift|protect|rain_dance|rest|return|roost|secret_power|silver_wind|sleep_talk|sludge_bomb|substitute|sunny_day|swagger|thief|toxic|u_turn|x_scissor;air_cutter|bug_bite|endeavor|fury_cutter|mud_slap|ominous_wind|signal_beam|snore|string_shot|swift|tailwind;;bug;;;416;Colmena;1,2;38,5;amarillo;100;no;Cría larvas en los panales de su cuerpo. Segrega diversas feromonas de su cuerpo con las cuales controla a sus crías.;;;;
pachirisu;Pachirisu;electric;60;45;70;45;90;95;run_away;pickup;;medium_fast;142;200;speed:1;1:bide|1:growl|5:quick_attack|9:charm|13:spark|17:endure|21:swift|25:sweet_kiss|29:discharge|33:super_fang|37:last_resort;attract|captivate|charge_beam|cut|dig|double_team|endure|facade|flash|fling|frustration|grass_knot|hidden_power|iron_tail|light_screen|natural_gift|protect|rain_dance|rest|return|secret_power|shock_wave|sleep_talk|substitute|swagger|thunder|thunder_wave|thunderbolt|toxic|u_turn;gunk_shot|headbutt|helping_hand|last_resort|magnet_rise|mud_slap|rollout|seed_bomb|snore|super_fang|swift|thunder_punch|uproar;bite|covet|defense_curl|fake_tears|flail|flatter|rollout;ground|fairy;;;417;Ardillalec;0,4;3,9;blanco;50;no;Crea bolas de pelo que crepitan con electricidad estática. Las almacena en agujeros de árboles.;;;;
buizel;Buizel;water;55;65;35;60;30;85;swift_swim;;;medium_fast;66;190;speed:1;1:growl|1:sonic_boom|1:water_sport|3:quick_attack|6:water_gun|10:pursuit|15:swift|21:aqua_jet|28:agility|36:whirlpool|45:razor_wind;attract|blizzard|brick_break|brine|bulk_up|captivate|dig|double_team|endure|facade|focus_punch|frustration|hail|hidden_power|ice_beam|iron_tail|natural_gift|protect|rain_dance|rest|return|rock_smash|rock_tomb|secret_power|sleep_talk|strength|substitute|surf|swagger|toxic|water_pulse|waterfall|whirlpool;dive|headbutt|ice_punch|icy_wind|mud_slap|snore|swift;baton_pass|double_slap|fury_cutter|fury_swipes|headbutt|mud_slap|odor_sleuth|slash;water1|ground;floatzel@26;;418;Nutria Mar.;0,7;29,5;marrón;50;no;Nada rotando sus dos colas a modo de tornillo. Cuando bucea, el flotador se pliega.;;;;
floatzel;Floatzel;water;85;105;55;85;50;115;swift_swim;;;medium_fast;173;75;speed:2;1:growl|1:ice_fang|1:quick_attack|1:sonic_boom|1:water_sport|3:quick_attack|6:water_gun|10:pursuit|15:swift|21:aqua_jet|26:crunch|29:agility|39:whirlpool|50:razor_wind;attract|blizzard|brick_break|brine|bulk_up|captivate|dig|double_team|endure|facade|focus_blast|focus_punch|frustration|giga_impact|hail|hidden_power|hyper_beam|ice_beam|iron_tail|natural_gift|payback|protect|rain_dance|rest|return|roar|rock_smash|rock_tomb|secret_power|sleep_talk|strength|substitute|surf|swagger|taunt|torment|toxic|water_pulse|waterfall|whirlpool;aqua_tail|dive|headbutt|ice_punch|icy_wind|low_kick|mud_slap|snore|swift;;water1|ground;;;419;Nutria Mar.;1,1;33,5;marrón;50;no;Nada gracias a su flotador. Ayuda en los rescates de gente que se está ahogando.;;;;
cherubi;Cherubi;grass;45;35;45;62;53;35;chlorophyll;;;medium_fast;55;190;sp_attack:1;1:tackle|7:growth|10:leech_seed|13:helping_hand|19:magical_leaf|22:sunny_day|28:worry_seed|31:take_down|37:solar_beam|40:lucky_chant;attract|bullet_seed|captivate|double_team|endure|energy_ball|facade|flash|frustration|giga_drain|grass_knot|hidden_power|natural_gift|protect|rest|return|safeguard|secret_power|sleep_talk|solar_beam|substitute|sunny_day|swagger|swords_dance|toxic;helping_hand|rollout|seed_bomb|snore|synthesis|worry_seed;aromatherapy|grass_whistle|nature_power|razor_leaf|sweet_scent|tickle|weather_ball;fairy|plant;cherrim@25;;420;Cereza;0,4;3,3;rosa;50;no;Bajo la luz solar es rojo. La esfera pequeña pierde sus nutrientes y se seca para anunciar la evolución.;;;;
cherrim;Cherrim;grass;70;60;70;87;78;85;flower_gift;;;medium_fast;158;75;sp_attack:2;1:growth|1:tackle|7:growth|10:leech_seed|13:helping_hand|19:magical_leaf|22:sunny_day|25:petal_dance|30:worry_seed|35:take_down|43:solar_beam|48:lucky_chant;attract|bullet_seed|captivate|double_team|endure|energy_ball|facade|flash|frustration|giga_drain|giga_impact|grass_knot|hidden_power|hyper_beam|natural_gift|protect|rest|return|safeguard|secret_power|sleep_talk|solar_beam|substitute|sunny_day|swagger|swords_dance|toxic;helping_hand|rollout|seed_bomb|snore|synthesis|worry_seed;;fairy|plant;;;421;Floración;0,5;9,3;morado;50;no;Cuando los rayos de sol inundan su capullo, abre de par en par sus pétalos y se vuelve muy dinámico.;;;"sunshine;Forma Soleado;;;;vuelve";"*>sunshine:clima:sun;con=flower_gift|*>:clima:rain;con=flower_gift|*>:clima:sandstorm;con=flower_gift|*>:clima:hail;con=flower_gift|*>:clima;con=flower_gift"
shellos;Shellos;water;76;48;48;57;62;34;sticky_hold;storm_drain;;medium_fast;65;190;hp:1;1:mud_slap|2:mud_sport|4:harden|7:water_pulse|11:mud_bomb|16:hidden_power|22:rain_dance|29:body_slam|37:muddy_water|46:recover;attract|blizzard|brine|captivate|double_team|endure|facade|frustration|hail|hidden_power|ice_beam|natural_gift|protect|rain_dance|rest|return|secret_power|sleep_talk|substitute|surf|swagger|toxic|water_pulse|whirlpool;ancient_power|dive|earth_power|headbutt|icy_wind|mud_slap|pain_split|snore|string_shot;amnesia|counter|curse|fissure|memento|mirror_coat|sludge|spit_up|stockpile|swallow|trump_card|yawn;water1|indeterminate;gastrodon@30;;422;Babosa Marina;0,3;6,3;morado;50;no;No hay que apretarle muy fuerte, ya que, si lo haces, secreta un misterioso fluido morado.;;;;
gastrodon;Gastrodon;water|ground;111;83;68;92;82;39;sticky_hold;storm_drain;;medium_fast;166;75;hp:2;1:harden|1:mud_slap|1:mud_sport|1:water_pulse|2:mud_sport|4:harden|7:water_pulse|11:mud_bomb|16:hidden_power|22:rain_dance|29:body_slam|41:muddy_water|54:recover;attract|blizzard|brine|captivate|dig|double_team|earthquake|endure|facade|flash|frustration|giga_impact|hail|hidden_power|hyper_beam|ice_beam|natural_gift|protect|rain_dance|rest|return|rock_slide|rock_smash|rock_tomb|sandstorm|secret_power|sleep_talk|sludge_bomb|stone_edge|strength|substitute|surf|swagger|toxic|water_pulse|waterfall|whirlpool;ancient_power|block|dive|earth_power|headbutt|icy_wind|mud_slap|pain_split|snore|string_shot;;water1|indeterminate;;;423;Babosa Marina;0,9;29,9;morado;50;no;Si se ve amenazado por sus enemigos naturales, segrega un líquido morado y huye rápidamente.;;;;
ambipom;Ambipom;normal;75;100;66;60;66;115;technician;pickup;;fast;169;45;speed:2;1:astonish|1:sand_attack|1:scratch|1:tail_whip|4:sand_attack|8:astonish|11:baton_pass|15:tickle|18:fury_swipes|22:swift|25:screech|29:agility|32:double_hit|36:fling|39:nasty_plot|43:last_resort;aerial_ace|attract|brick_break|captivate|cut|dig|double_team|dream_eater|endure|facade|fling|focus_punch|frustration|giga_impact|grass_knot|hidden_power|hyper_beam|iron_tail|natural_gift|payback|protect|rain_dance|rest|return|rock_smash|secret_power|shadow_ball|shadow_claw|shock_wave|sleep_talk|snatch|solar_beam|strength|substitute|sunny_day|swagger|taunt|thief|thunder|thunder_wave|thunderbolt|toxic|u_turn|water_pulse;bounce|fire_punch|fury_cutter|gunk_shot|headbutt|ice_punch|knock_off|last_resort|low_kick|mud_slap|role_play|seed_bomb|snore|spite|swift|thunder_punch|uproar;;ground;;;424;Cola Larga;1,2;20,3;morado;50;no;Habitan en grandes colonias y forman anillos uniendo sus colas, aparentemente en signo de amistad.;;;;
drifloon;Drifloon;ghost|flying;90;50;34;60;44;70;aftermath;unburden;;fluctuating;70;125;hp:1;1:constrict|1:minimize|6:astonish|11:gust|14:focus_energy|17:payback|22:stockpile|27:spit_up|27:swallow|30:ominous_wind|33:baton_pass|38:shadow_ball|43:explosion;attract|calm_mind|captivate|charge_beam|cut|defog|double_team|dream_eater|embargo|endure|explosion|facade|flash|frustration|gyro_ball|hidden_power|natural_gift|payback|protect|psych_up|psychic|rain_dance|recycle|rest|return|secret_power|shadow_ball|shock_wave|silver_wind|skill_swap|sleep_talk|substitute|sunny_day|swagger|thief|thunder|thunder_wave|thunderbolt|toxic|will_o_wisp;air_cutter|icy_wind|knock_off|magic_coat|mud_slap|ominous_wind|pain_split|rollout|snore|spite|sucker_punch|swift|tailwind|trick;body_slam|destiny_bond|disable|haze|hypnosis|memento|weather_ball;indeterminate;drifblim@28;;425;Globo;0,4;1,2;morado;50;no;Está formado por los espíritus de personas y Pokémon. Le encantan las estaciones húmedas.;;;;
drifblim;Drifblim;ghost|flying;150;80;44;90;54;80;aftermath;unburden;;fluctuating;174;60;hp:2;1:astonish|1:constrict|1:gust|1:minimize|6:astonish|11:gust|14:focus_energy|17:payback|22:stockpile|27:spit_up|27:swallow|32:ominous_wind|37:baton_pass|44:shadow_ball|51:explosion;attract|calm_mind|captivate|charge_beam|cut|defog|double_team|dream_eater|embargo|endure|explosion|facade|flash|fly|frustration|giga_impact|gyro_ball|hidden_power|hyper_beam|natural_gift|payback|protect|psych_up|psychic|rain_dance|recycle|rest|return|secret_power|shadow_ball|shock_wave|silver_wind|skill_swap|sleep_talk|substitute|sunny_day|swagger|thief|thunder|thunder_wave|thunderbolt|toxic|will_o_wisp;air_cutter|icy_wind|knock_off|magic_coat|mud_slap|ominous_wind|pain_split|rollout|snore|spite|sucker_punch|swift|tailwind|trick;;indeterminate;;;426;Dirigible;1,2;15;morado;50;no;Transporta a gente y a Pokémon volando, pero, como se deja llevar, puede acabar en cualquier sitio.;;;;
buneary;Buneary;normal;55;66;44;44;56;85;run_away;klutz;;medium_fast;70;190;speed:1;1:defense_curl|1:foresight|1:pound|1:splash|6:endure|13:frustration|16:quick_attack|23:jump_kick|26:baton_pass|33:agility|36:dizzy_punch|43:charm|46:bounce|53:healing_wish;attract|captivate|charge_beam|cut|dig|double_team|drain_punch|endure|facade|fling|focus_punch|frustration|grass_knot|hidden_power|ice_beam|iron_tail|natural_gift|protect|rain_dance|rest|return|rock_smash|secret_power|shadow_ball|shock_wave|sleep_talk|solar_beam|substitute|sunny_day|swagger|thunder_wave|thunderbolt|toxic|water_pulse;bounce|endeavor|headbutt|heal_bell|helping_hand|last_resort|low_kick|magic_coat|mud_slap|snore|swift|uproar;attract|double_hit|encore|fake_out|fake_tears|fire_punch|flail|ice_punch|low_kick|sky_uppercut|sweet_kiss|switcheroo|thunder_punch;ground|humanshape;lopunny@amistad;;427;Conejo;0,4;5,5;marrón;50;no;Lleva las orejas enrolladas. Cuando las extiende, golpea con tal fuerza que incluso puede romper rocas.;;;;
lopunny;Lopunny;normal;65;76;84;54;96;105;cute_charm;klutz;;medium_fast;168;60;speed:2;1:defense_curl|1:foresight|1:magic_coat|1:mirror_coat|1:pound|1:splash|6:endure|13:return|16:quick_attack|23:jump_kick|26:baton_pass|33:agility|36:dizzy_punch|43:charm|46:bounce|53:healing_wish;attract|blizzard|captivate|charge_beam|cut|dig|double_team|drain_punch|endure|facade|fling|focus_blast|focus_punch|frustration|giga_impact|grass_knot|hidden_power|hyper_beam|ice_beam|iron_tail|natural_gift|protect|rain_dance|rest|return|rock_smash|secret_power|shadow_ball|shock_wave|sleep_talk|solar_beam|strength|substitute|sunny_day|swagger|thunder|thunder_wave|thunderbolt|toxic|water_pulse;bounce|endeavor|fire_punch|fury_cutter|headbutt|heal_bell|helping_hand|ice_punch|last_resort|low_kick|magic_coat|mud_slap|snore|swift|thunder_punch|uproar;;ground|humanshape;;;428;Conejo;1,2;33,3;marrón;50;no;Este Pokémon resulta muy precavido. Si siente peligro, escapa corriendo a grandes saltos.;;;;
mismagius;Mismagius;ghost;60;60;60;105;105;105;levitate;;;fast;173;45;sp_attack:1|sp_defense:1;1:astonish|1:growl|1:lucky_chant|1:magical_leaf|1:psywave|1:spite;aerial_ace|attract|calm_mind|captivate|charge_beam|dark_pulse|double_team|dream_eater|embargo|endure|energy_ball|facade|flash|frustration|giga_impact|hidden_power|hyper_beam|natural_gift|payback|protect|psych_up|psychic|rain_dance|rest|return|secret_power|shadow_ball|shock_wave|skill_swap|sleep_talk|snatch|substitute|sunny_day|swagger|taunt|thief|thunder|thunder_wave|thunderbolt|torment|toxic|trick_room|will_o_wisp;headbutt|heal_bell|icy_wind|magic_coat|ominous_wind|pain_split|snore|spite|sucker_punch|swift|trick|uproar;;indeterminate;;;429;Mágico;0,9;4,4;morado;50;no;Recita cánticos. Algunos de ellos atormentan a sus rivales, mientras que otros producen felicidad.;;;;
honchkrow;Honchkrow;dark|flying;100;125;52;105;52;71;insomnia;super_luck;;medium_slow;177;30;attack:2;1:astonish|1:haze|1:pursuit|1:wing_attack|25:swagger|35:nasty_plot|45:night_slash|55:dark_pulse;aerial_ace|attract|calm_mind|captivate|dark_pulse|defog|double_team|dream_eater|embargo|endure|facade|fly|frustration|giga_impact|hidden_power|hyper_beam|natural_gift|payback|pluck|protect|psych_up|psychic|rain_dance|rest|return|roost|secret_power|shadow_ball|sleep_talk|snatch|steel_wing|substitute|sunny_day|swagger|taunt|thief|thunder_wave|torment|toxic;air_cutter|heat_wave|mud_slap|ominous_wind|sky_attack|spite|sucker_punch|superpower|swift|tailwind|twister|uproar;;flying;;;430;Gran Jefe;0,9;27,3;negro;50;no;Si uno lanza un grito profundo, los demás acuden. Por eso se le llama también Invocador de la Noche.;;;;
glameow;Glameow;normal;49;55;42;42;37;85;limber;own_tempo;;fast;62;190;speed:1;1:fake_out|5:scratch|8:growl|13:hypnosis|17:feint_attack|20:fury_swipes|25:charm|29:assist|32:captivate|37:slash|41:sucker_punch|45:attract;aerial_ace|attract|captivate|cut|dig|double_team|dream_eater|endure|facade|flash|frustration|hidden_power|iron_tail|natural_gift|payback|protect|psych_up|rain_dance|rest|return|secret_power|shadow_ball|shadow_claw|shock_wave|sleep_talk|snatch|substitute|sunny_day|swagger|taunt|thief|thunder|thunderbolt|torment|toxic|u_turn|water_pulse;fury_cutter|headbutt|knock_off|last_resort|mud_slap|snore|sucker_punch|super_fang|swift;assurance|bite|fake_tears|flail|quick_attack|sand_attack|tail_whip;ground;purugly@38;;431;Gastuto;0,5;3,9;gris;75;no;Araña cuando está enfadado y ronronea cuando está cariñoso. Su imprevisibilidad es famosa.;;;;
purugly;Purugly;normal;71;82;64;64;59;112;thick_fat;own_tempo;;fast;158;75;speed:2;1:fake_out|1:growl|1:scratch|5:scratch|8:growl|13:hypnosis|17:feint_attack|20:fury_swipes|25:charm|29:assist|32:captivate|37:slash|38:swagger|45:body_slam|53:attract;aerial_ace|attract|captivate|cut|dig|double_team|dream_eater|endure|facade|flash|frustration|giga_impact|hidden_power|hyper_beam|iron_tail|natural_gift|payback|protect|psych_up|rain_dance|rest|return|roar|secret_power|shadow_ball|shadow_claw|shock_wave|sleep_talk|snatch|substitute|sunny_day|swagger|taunt|thief|thunder|thunderbolt|torment|toxic|u_turn|water_pulse;fury_cutter|headbutt|knock_off|last_resort|mud_slap|rollout|snore|sucker_punch|super_fang|swift;;ground;;;432;Tigre Gato;1;43,8;gris;75;no;Si se siente a gusto, no tiene ningún reparo en apropiarse de las moradas de otros Pokémon.;;;;
chingling;Chingling;psychic;45;30;50;65;50;45;levitate;;;fast;57;120;sp_attack:1;1:wrap|6:growl|9:astonish|14:confusion|17:uproar|22:last_resort;attract|calm_mind|captivate|charge_beam|double_team|dream_eater|endure|facade|flash|frustration|grass_knot|hidden_power|light_screen|natural_gift|protect|psych_up|psychic|rain_dance|recycle|reflect|rest|return|safeguard|secret_power|shadow_ball|shock_wave|skill_swap|sleep_talk|snatch|substitute|sunny_day|swagger|taunt|thunder_wave|torment|toxic|trick_room;gravity|heal_bell|helping_hand|icy_wind|knock_off|last_resort|magic_coat|rollout|signal_beam|snore|swift|trick|uproar|zen_headbutt;curse|disable|dream_eater|future_sight|hypnosis|recover|wish;no_eggs;chimecho@amistad+hora:noche;;433;Campana;0,2;0,6;amarillo;50;no;Emite un tintineo cada vez que salta. Ensordece a sus rivales con sonidos de alta frecuencia.;;;;
stunky;Stunky;poison|dark;63;63;47;41;41;74;stench;aftermath;;medium_fast;66;225;speed:1;1:focus_energy|1:scratch|4:poison_gas|7:screech|10:fury_swipes|14:smokescreen|18:feint|22:slash|27:toxic|32:night_slash|38:memento|44:explosion;attract|captivate|cut|dark_pulse|defog|dig|double_team|endure|explosion|facade|fire_blast|flamethrower|frustration|hidden_power|iron_tail|natural_gift|payback|protect|rain_dance|rest|return|roar|rock_smash|secret_power|shadow_ball|shadow_claw|sleep_talk|sludge_bomb|snatch|substitute|sunny_day|swagger|taunt|thief|torment|toxic;fury_cutter|headbutt|mud_slap|snore|sucker_punch|swift;astonish|crunch|double_edge|haze|leer|punishment|pursuit|scary_face|smog;ground;skuntank@34;;434;Mofeta;0,4;19,2;morado;50;no;Expulsa un fluido maloliente por sus cuartos traseros. El hedor repele Pokémon en un radio de 2 km.;;;;
skuntank;Skuntank;poison|dark;103;93;67;71;61;84;stench;aftermath;;medium_fast;168;60;hp:2;1:focus_energy|1:poison_gas|1:scratch|4:poison_gas|7:screech|10:fury_swipes|14:smokescreen|18:feint|22:slash|27:toxic|32:night_slash|34:flamethrower|42:memento|52:explosion;attract|captivate|cut|dark_pulse|defog|dig|double_team|endure|explosion|facade|fire_blast|flamethrower|frustration|giga_impact|hidden_power|hyper_beam|iron_tail|natural_gift|payback|poison_jab|protect|rain_dance|rest|return|roar|rock_smash|secret_power|shadow_ball|shadow_claw|sleep_talk|sludge_bomb|snatch|strength|substitute|sunny_day|swagger|taunt|thief|torment|toxic;fury_cutter|headbutt|mud_slap|snore|sucker_punch|swift;;ground;;;435;Mofeta;1;38;morado;50;no;Para atacar, emite un fluido maloliente por la punta de su cola que puede llegar a más de 50 m.;;;;
bronzor;Bronzor;steel|psychic;57;24;86;24;86;23;levitate;heatproof;;medium_fast;60;255;defense:1;1:confusion|1:tackle|7:hypnosis|12:imprison|14:confuse_ray|19:extrasensory|26:iron_defense|30:safeguard|35:gyro_ball|37:future_sight|41:feint_attack|49:payback|52:heal_block;calm_mind|charge_beam|double_team|dream_eater|earthquake|endure|facade|flash|flash_cannon|frustration|grass_knot|gyro_ball|hidden_power|light_screen|natural_gift|payback|protect|psych_up|psychic|rain_dance|recycle|reflect|rest|return|rock_polish|rock_slide|rock_tomb|safeguard|sandstorm|secret_power|shadow_ball|skill_swap|sleep_talk|solar_beam|stealth_rock|substitute|sunny_day|swagger|toxic|trick_room;ancient_power|gravity|rollout|signal_beam|snore|trick;;mineral;bronzong@33;;436;Bronce;0,5;60,5;verde;sin_genero;no;Antaño se creía que en los dibujos de su parte posterior residía una fuerza misteriosa.;;;;
bronzong;Bronzong;steel|psychic;67;89;116;79;116;33;levitate;heatproof;;medium_fast;175;90;defense:1|sp_defense:1;1:confusion|1:hypnosis|1:imprison|1:rain_dance|1:sunny_day|1:tackle|7:hypnosis|12:imprison|14:confuse_ray|19:extrasensory|26:iron_defense|30:safeguard|33:block|38:gyro_ball|43:future_sight|50:feint_attack|61:payback|67:heal_block;calm_mind|charge_beam|double_team|dream_eater|earthquake|endure|explosion|facade|flash|flash_cannon|frustration|giga_impact|grass_knot|gyro_ball|hidden_power|hyper_beam|light_screen|natural_gift|payback|protect|psych_up|psychic|rain_dance|recycle|reflect|rest|return|rock_polish|rock_slide|rock_smash|rock_tomb|safeguard|sandstorm|secret_power|shadow_ball|skill_swap|sleep_talk|solar_beam|stealth_rock|strength|substitute|sunny_day|swagger|toxic|trick_room;ancient_power|block|gravity|iron_head|rollout|signal_beam|snore|trick|zen_headbutt;;mineral;;;437;Campana Bronce;1,3;187;verde;sin_genero;no;Desde antaño se adora a este Pokémon para que propicie lluvias abundantes. A veces se esconde bajo tierra.;;;;
bonsly;Bonsly;rock;50;80;95;10;45;10;sturdy;rock_head;;medium_fast;58;255;defense:1;1:copycat|1:fake_tears|6:flail|9:low_kick|14:rock_throw|17:mimic|22:block|25:feint_attack|30:rock_tomb|33:rock_slide|38:slam|41:sucker_punch|46:double_edge;attract|brick_break|calm_mind|captivate|dig|double_team|endure|explosion|facade|frustration|hidden_power|natural_gift|protect|psych_up|rest|return|rock_polish|rock_slide|rock_tomb|sandstorm|secret_power|sleep_talk|stealth_rock|substitute|sunny_day|swagger|thief|toxic;block|earth_power|headbutt|helping_hand|low_kick|role_play|rollout|snore|sucker_punch|uproar;defense_curl|harden|headbutt|rollout|sand_tomb|self_destruct;no_eggs;sudowoodo@subir+sabe:mimic;;438;Bonsái;0,5;15;marrón;50;no;Prefiere entornos áridos. Sus ojos expulsan agua para ajustar los niveles de fluido corporal.;;;;
mime_jr;Mime Jr.;psychic;20;25;45;70;90;60;soundproof;filter;;medium_fast;62;145;sp_defense:1;1:barrier|1:confusion|1:tickle|4:copycat|8:meditate|11:encore|15:double_slap|18:mimic|22:light_screen|22:reflect|25:psybeam|29:substitute|32:recycle|36:trick|39:psychic|43:role_play|46:baton_pass|50:safeguard;attract|brick_break|calm_mind|captivate|charge_beam|double_team|drain_punch|dream_eater|endure|facade|flash|fling|focus_punch|frustration|grass_knot|hidden_power|light_screen|natural_gift|protect|psych_up|psychic|rain_dance|recycle|reflect|rest|return|safeguard|secret_power|shadow_ball|shock_wave|skill_swap|sleep_talk|snatch|solar_beam|substitute|sunny_day|swagger|taunt|thief|thunder|thunder_wave|thunderbolt|torment|toxic|trick_room;headbutt|helping_hand|magic_coat|mud_slap|role_play|signal_beam|snore|trick|uproar;charm|confuse_ray|fake_out|future_sight|healing_wish|hypnosis|mimic|nasty_plot|psych_up|teeter_dance|trick|wake_up_slap;no_eggs;mr_mime@subir+sabe:mimic;;439;Mimo;0,6;13;rosa;50;no;Desconcierta a sus rivales imitando sus movimientos a la perfección y aprovecha para darse a la fuga.;;;;
happiny;Happiny;normal;100;5;5;15;65;30;natural_cure;serene_grace;;fast;110;130;hp:1;1:charm|1:pound|5:copycat|9:refresh|12:sweet_kiss;attract|captivate|double_team|drain_punch|dream_eater|endure|facade|fire_blast|flamethrower|flash|fling|frustration|grass_knot|hail|hidden_power|light_screen|natural_gift|protect|psych_up|psychic|rain_dance|recycle|rest|return|safeguard|secret_power|shadow_ball|shock_wave|sleep_talk|solar_beam|substitute|sunny_day|swagger|thunder_wave|toxic|water_pulse;endeavor|gravity|headbutt|heal_bell|helping_hand|icy_wind|last_resort|mud_slap|rollout|snore|uproar|zen_headbutt;aromatherapy|counter|gravity|heal_bell|helping_hand|last_resort|metronome|mud_bomb|present|substitute;no_eggs;chansey@subir+hora:dia+lleva:oval_stone;;440;Casita;0,6;24,4;rosa;100;no;Les da a sus amigos una roca con forma de huevo que transporta en la bolsa de su panza.;;;;
chatot;Chatot;normal|flying;76;65;45;92;42;91;keen_eye;tangled_feet;;medium_slow;144;30;attack:1;1:peck|5:growl|9:mirror_move|13:sing|17:fury_attack|21:chatter|25:taunt|29:mimic|33:roost|37:uproar|41:feather_dance|45:hyper_voice;aerial_ace|attract|captivate|defog|double_team|endure|facade|fly|frustration|hidden_power|natural_gift|pluck|protect|rain_dance|rest|return|roost|secret_power|sleep_talk|steel_wing|substitute|sunny_day|swagger|taunt|thief|torment|toxic|u_turn;air_cutter|heat_wave|mud_slap|ominous_wind|role_play|sky_attack|snore|swift|tailwind|twister|uproar;agility|encore|nasty_plot|night_shade|supersonic;flying;;;441;Corchea;0,5;1,9;negro;50;no;Imita los sonidos de sus rivales, haciéndoles creer que son amigos e impidiendo que le ataquen.;;;;
spiritomb;Spiritomb;ghost|dark;50;92;108;92;108;35;pressure;;;medium_fast;170;100;defense:1|sp_defense:1;1:confuse_ray|1:curse|1:pursuit|1:shadow_sneak|1:spite|7:feint_attack|13:hypnosis|19:dream_eater|25:ominous_wind|31:sucker_punch|37:nasty_plot|43:memento|49:dark_pulse;attract|calm_mind|captivate|dark_pulse|double_team|dream_eater|embargo|endure|facade|flash|frustration|giga_impact|hidden_power|hyper_beam|natural_gift|protect|psych_up|psychic|rain_dance|rest|return|rock_tomb|secret_power|shadow_ball|shock_wave|silver_wind|sleep_talk|snatch|substitute|sunny_day|swagger|taunt|thief|torment|toxic|water_pulse|will_o_wisp;icy_wind|ominous_wind|pain_split|snore|spite|sucker_punch|trick|uproar;destiny_bond|grudge|imprison|pain_split|shadow_sneak|smokescreen;indeterminate;;;442;Prohibido;1;108;morado;50;no;Se formó a partir de 108 espíritus. Está unido a la fisura de una piedra angular mística.;;;;
gible;Gible;dragon|ground;58;70;45;40;45;42;sand_veil;;;slow;60;45;attack:1;1:tackle|3:sand_attack|7:dragon_rage|13:sandstorm|15:take_down|19:sand_tomb|25:slash|27:dragon_claw|31:dig|37:dragon_rush;aerial_ace|attract|captivate|cut|dig|double_team|dragon_claw|dragon_pulse|earthquake|endure|facade|fire_blast|flamethrower|frustration|hidden_power|natural_gift|protect|rain_dance|rest|return|roar|rock_climb|rock_slide|rock_smash|rock_tomb|sandstorm|secret_power|shadow_claw|sleep_talk|stealth_rock|stone_edge|strength|substitute|sunny_day|swagger|toxic;draco_meteor|earth_power|fury_cutter|headbutt|iron_head|mud_slap|outrage|snore|swift|twister;body_slam|double_edge|dragon_breath|iron_head|metal_claw|mud_shot|outrage|sand_tomb|scary_face|thrash|twister;monster|dragon;gabite@24;;443;Terrascualo;0,7;20,5;azul;50;no;Vive en agujeros en las cuevas, al amparo del calor geotérmico. Si se acerca un enemigo, le muerde.;;;;
gabite;Gabite;dragon|ground;68;90;65;50;55;82;sand_veil;;;slow;144;45;attack:2;1:sand_attack|1:tackle|3:sand_attack|7:dragon_rage|13:sandstorm|15:take_down|19:sand_tomb|28:slash|33:dragon_claw|40:dig|49:dragon_rush;aerial_ace|attract|captivate|cut|dig|double_team|dragon_claw|dragon_pulse|earthquake|endure|facade|fire_blast|flamethrower|frustration|hidden_power|iron_tail|natural_gift|protect|rain_dance|rest|return|roar|rock_climb|rock_slide|rock_smash|rock_tomb|sandstorm|secret_power|shadow_claw|sleep_talk|stealth_rock|stone_edge|strength|substitute|sunny_day|swagger|toxic;draco_meteor|earth_power|fury_cutter|headbutt|iron_head|mud_slap|outrage|snore|swift|twister;;monster|dragon;garchomp@48;;444;Cueva;1,4;56;azul;50;no;Le gustan las cosas brillantes. Busca tesoros en cuevas y se lleva el botín a su nido.;;;;
garchomp;Garchomp;dragon|ground;108;130;95;80;85;102;sand_veil;;;slow;270;45;attack:3;1:dragon_rage|1:fire_fang|1:sand_attack|1:sandstorm|1:tackle|3:sand_attack|7:dragon_rage|13:sandstorm|15:take_down|19:sand_tomb|28:slash|33:dragon_claw|40:dig|48:crunch|55:dragon_rush;aerial_ace|attract|brick_break|captivate|cut|dig|double_team|dragon_claw|dragon_pulse|earthquake|endure|facade|false_swipe|fire_blast|flamethrower|fling|frustration|giga_impact|hidden_power|hyper_beam|iron_tail|natural_gift|poison_jab|protect|rain_dance|rest|return|roar|rock_climb|rock_slide|rock_smash|rock_tomb|sandstorm|secret_power|shadow_claw|sleep_talk|stealth_rock|stone_edge|strength|substitute|sunny_day|surf|swagger|swords_dance|toxic|whirlpool;aqua_tail|draco_meteor|earth_power|fury_cutter|headbutt|iron_head|mud_slap|outrage|snore|swift|twister;;monster|dragon;;;445;Mach;1,9;95;azul;50;no;Cuando despliega su cuerpo y sus alas, parece un avión a reacción. Vuela a velocidad sónica.;;;;
munchlax;Munchlax;normal;135;85;40;40;85;5;pickup;thick_fat;;slow;78;50;hp:1;1:metronome|1:odor_sleuth|1:tackle|4:defense_curl|9:amnesia|12:lick|17:recycle|20:screech|25:stockpile|28:swallow|33:body_slam|36:fling|41:rollout|44:natural_gift|49:last_resort;attract|blizzard|brick_break|captivate|double_team|earthquake|endure|facade|fire_blast|flamethrower|fling|focus_punch|frustration|hidden_power|ice_beam|natural_gift|protect|psychic|rain_dance|recycle|rest|return|rock_climb|rock_slide|rock_smash|rock_tomb|sandstorm|secret_power|shadow_ball|shock_wave|sleep_talk|solar_beam|strength|substitute|sunny_day|surf|swagger|thunder|thunderbolt|toxic|water_pulse|whirlpool;fire_punch|gunk_shot|headbutt|ice_punch|icy_wind|last_resort|mud_slap|rollout|seed_bomb|snore|superpower|thunder_punch|uproar|zen_headbutt;charm|counter|curse|double_edge|lick|pursuit|substitute|whirlwind|zen_headbutt;no_eggs;snorlax@amistad;;446;Comilón;0,6;105;negro;12,5;no;Esconde comida bajo el largo pelo de su cuerpo, pero más tarde lo olvida.;;;;
riolu;Riolu;fighting;40;70;40;35;40;60;steadfast;inner_focus;;medium_slow;57;75;attack:1;1:endure|1:foresight|1:quick_attack|6:counter|11:force_palm|15:feint|19:reversal|24:screech|29:copycat;attract|brick_break|bulk_up|captivate|dig|double_team|drain_punch|earthquake|endure|facade|fling|focus_blast|focus_punch|frustration|hidden_power|iron_tail|natural_gift|payback|poison_jab|protect|rain_dance|rest|return|roar|rock_slide|rock_smash|rock_tomb|secret_power|shadow_claw|sleep_talk|strength|substitute|sunny_day|swagger|swords_dance|toxic;fury_cutter|headbutt|helping_hand|ice_punch|iron_defense|low_kick|magnet_rise|mud_slap|role_play|snore|swift|thunder_punch|vacuum_wave|zen_headbutt;agility|bite|blaze_kick|bullet_punch|cross_chop|crunch|detect|follow_me|high_jump_kick|iron_defense|low_kick|mind_reader|sky_uppercut|vacuum_wave;no_eggs;lucario@amistad+hora:dia;;447;Emanación;0,7;20,2;azul;12,5;no;Se comunica con los suyos mediante la emisión de unas ondas que cambian de forma en función de los sentimientos.;;;;
lucario;Lucario;fighting|steel;70;110;70;115;70;90;steadfast;inner_focus;;medium_slow;184;45;attack:1|sp_attack:1;1:dark_pulse|1:detect|1:foresight|1:metal_claw|1:quick_attack|6:counter|11:force_palm|15:feint|19:bone_rush|24:metal_sound|29:me_first|33:swords_dance|37:aura_sphere|42:close_combat|47:dragon_pulse|51:extreme_speed;attract|brick_break|bulk_up|calm_mind|captivate|dark_pulse|dig|double_team|dragon_pulse|drain_punch|earthquake|endure|facade|flash_cannon|fling|focus_blast|focus_punch|frustration|giga_impact|hidden_power|hyper_beam|iron_tail|natural_gift|payback|poison_jab|protect|psychic|rain_dance|rest|return|roar|rock_climb|rock_slide|rock_smash|rock_tomb|secret_power|shadow_ball|shadow_claw|sleep_talk|stone_edge|strength|substitute|sunny_day|swagger|swords_dance|toxic|water_pulse;fury_cutter|headbutt|helping_hand|ice_punch|iron_defense|low_kick|magnet_rise|mud_slap|role_play|snore|swift|thunder_punch|vacuum_wave|zen_headbutt;;ground|humanshape;;;448;Aura;1,2;54;azul;12,5;no;Puede leer los pensamientos y movimientos de su adversario a través de su aura.;;;;
hippopotas;Hippopotas;ground;68;72;78;38;42;32;sand_stream;;;slow;66;140;defense:1;1:sand_attack|1:tackle|7:bite|13:yawn|19:take_down|25:sand_tomb|31:crunch|37:earthquake|44:double_edge|50:fissure;attract|captivate|dig|double_team|earthquake|endure|facade|frustration|hidden_power|iron_tail|natural_gift|protect|rest|return|roar|rock_slide|rock_smash|rock_tomb|sandstorm|secret_power|sleep_talk|stealth_rock|strength|substitute|sunny_day|swagger|toxic|water_pulse;earth_power|headbutt|mud_slap|snore|superpower;body_slam|curse|revenge|sand_tomb|slack_off|spit_up|stockpile|swallow;ground;hippowdon@34;;449;Hipo;0,8;49,5;marrón;50;no;Vive en zonas áridas. En lugar de sudar, su cuerpo expulsa granos de arena.;;;;
hippowdon;Hippowdon;ground;108;112;118;68;72;47;sand_stream;;;slow;184;60;defense:2;1:bite|1:fire_fang|1:ice_fang|1:sand_attack|1:tackle|1:thunder_fang|1:yawn|7:bite|13:yawn|19:take_down|25:sand_tomb|31:crunch|40:earthquake|50:double_edge|60:fissure;attract|captivate|dig|double_team|earthquake|endure|facade|frustration|giga_impact|hidden_power|hyper_beam|iron_tail|natural_gift|protect|rest|return|roar|rock_slide|rock_smash|rock_tomb|sandstorm|secret_power|sleep_talk|stealth_rock|stone_edge|strength|substitute|sunny_day|swagger|toxic|water_pulse;earth_power|headbutt|iron_head|mud_slap|snore|superpower;;ground;;;450;Peso Pesado;2;300;marrón;50;no;Hace gala de su fuerza abriendo su enorme boca. Para atacar levanta gran cantidad de arena.;;;;
skorupi;Skorupi;poison|bug;40;50;90;30;55;65;battle_armor;sniper;;slow;66;120;defense:1;1:bite|1:leer|1:poison_sting|6:knock_off|12:pin_missile|17:acupressure|23:scary_face|28:toxic_spikes|34:bug_bite|39:poison_fang|45:crunch|50:cross_poison;aerial_ace|attract|brick_break|captivate|cut|dark_pulse|dig|double_team|endure|facade|false_swipe|flash|fling|frustration|hidden_power|iron_tail|natural_gift|payback|poison_jab|protect|rain_dance|rest|return|rock_smash|rock_tomb|secret_power|shadow_ball|sleep_talk|sludge_bomb|strength|substitute|sunny_day|swagger|swords_dance|taunt|thief|torment|toxic|x_scissor;aqua_tail|bug_bite|fury_cutter|headbutt|knock_off|mud_slap|snore;agility|confuse_ray|feint_attack|night_slash|pursuit|sand_attack|screech|slash|whirlwind;bug|water3;drapion@40;;451;Escorpión;0,8;12;morado;50;no;Agarra a sus presas con las pinzas de la cola y les inyecta veneno. Espera hasta que hace efecto.;;;;
drapion;Drapion;poison|dark;70;90;110;60;75;95;battle_armor;sniper;;slow;175;45;defense:2;1:bite|1:fire_fang|1:ice_fang|1:knock_off|1:leer|1:poison_sting|1:thunder_fang|6:knock_off|12:pin_missile|17:acupressure|23:scary_face|28:toxic_spikes|34:bug_bite|39:poison_fang|49:crunch|58:cross_poison;aerial_ace|attract|brick_break|captivate|cut|dark_pulse|dig|double_team|earthquake|endure|facade|false_swipe|flash|fling|frustration|giga_impact|hidden_power|hyper_beam|iron_tail|natural_gift|payback|poison_jab|protect|rain_dance|rest|return|roar|rock_climb|rock_slide|rock_smash|rock_tomb|secret_power|shadow_ball|sleep_talk|sludge_bomb|strength|substitute|sunny_day|swagger|swords_dance|taunt|thief|torment|toxic|x_scissor;aqua_tail|bug_bite|fury_cutter|headbutt|knock_off|mud_slap|snore;;bug|water3;;;452;Escorpiogro;1,3;61,5;morado;50;no;Aunque sabe que puede aplastar al rival con su gran fuerza, le gusta dar el golpe de gracia con su virulento veneno.;;;;
croagunk;Croagunk;poison|fighting;48;61;40;61;40;50;anticipation;dry_skin;;medium_fast;60;140;attack:1;1:astonish|3:mud_slap|8:poison_sting|10:taunt|15:pursuit|17:feint_attack|22:revenge|24:swagger|29:mud_bomb|31:sucker_punch|36:nasty_plot|38:poison_jab|43:sludge_bomb|45:flatter;attract|brick_break|bulk_up|captivate|dark_pulse|dig|double_team|earthquake|embargo|endure|facade|fling|focus_blast|focus_punch|frustration|hidden_power|natural_gift|payback|poison_jab|protect|rain_dance|rest|return|rock_climb|rock_slide|rock_smash|rock_tomb|secret_power|shadow_ball|sleep_talk|sludge_bomb|snatch|strength|substitute|sunny_day|swagger|taunt|thief|torment|toxic|x_scissor;bounce|fury_cutter|gunk_shot|headbutt|helping_hand|ice_punch|icy_wind|knock_off|low_kick|mud_slap|role_play|snore|spite|sucker_punch|super_fang|thunder_punch|vacuum_wave;bullet_punch|counter|cross_chop|dynamic_punch|fake_out|feint|headbutt|me_first|meditate|smelling_salts|vacuum_wave|wake_up_slap;humanshape;toxicroak@37;;453;Boca Tóxica;0,7;23;azul;50;no;Tiene bolsas venenosas en las mejillas. Pilla desprevenidos a sus rivales para pincharles.;;;;
toxicroak;Toxicroak;poison|fighting;83;106;65;86;65;85;anticipation;dry_skin;;medium_fast;172;75;attack:2;1:astonish|1:mud_slap|1:poison_sting|3:mud_slap|8:poison_sting|10:taunt|15:pursuit|17:feint_attack|22:revenge|24:swagger|29:mud_bomb|31:sucker_punch|36:nasty_plot|41:poison_jab|49:sludge_bomb|54:flatter;attract|brick_break|bulk_up|captivate|cut|dark_pulse|dig|double_team|earthquake|embargo|endure|facade|fling|focus_blast|focus_punch|frustration|giga_impact|hidden_power|hyper_beam|natural_gift|payback|poison_jab|protect|rain_dance|rest|return|rock_climb|rock_slide|rock_smash|rock_tomb|secret_power|shadow_ball|sleep_talk|sludge_bomb|snatch|stone_edge|strength|substitute|sunny_day|swagger|swords_dance|taunt|thief|torment|toxic|x_scissor;bounce|fury_cutter|gunk_shot|headbutt|helping_hand|ice_punch|icy_wind|knock_off|low_kick|mud_slap|role_play|snore|spite|sucker_punch|super_fang|thunder_punch|vacuum_wave;;humanshape;;;454;Boca Tóxica;1,3;44,4;azul;50;no;Almacena veneno en una bolsa de la garganta. Cuando croa, este se agita para lograr mayor potencia.;;;;
carnivine;Carnivine;grass;74;100;72;90;72;46;levitate;;;slow;159;200;attack:2;1:bind|1:growth|7:bite|11:vine_whip|17:sweet_scent|21:ingrain|27:feint_attack|31:spit_up|31:stockpile|31:swallow|37:crunch|41:wring_out|47:power_whip;attract|bullet_seed|captivate|cut|double_team|endure|energy_ball|facade|flash|fling|frustration|giga_drain|giga_impact|grass_knot|hidden_power|hyper_beam|natural_gift|payback|protect|rest|return|secret_power|sleep_talk|sludge_bomb|solar_beam|substitute|sunny_day|swagger|swords_dance|thief|toxic;bug_bite|fury_cutter|gastro_acid|knock_off|mud_slap|seed_bomb|snore|synthesis|worry_seed;leech_seed|magical_leaf|razor_leaf|slam|sleep_powder|stun_spore|synthesis|worry_seed;plant;;;455;Caza Bichos;1,4;27;verde;50;no;Atrae a sus presas con saliva de olor dulce y las mastica. Tarda todo un día en comérselas.;;;;
finneon;Finneon;water;49;49;56;49;61;66;swift_swim;storm_drain;;erratic;66;190;speed:1;1:pound|6:water_gun|10:attract|13:rain_dance|17:gust|22:water_pulse|26:captivate|29:safeguard|33:aqua_ring|38:whirlpool|42:u_turn|45:bounce|49:silver_wind;attract|blizzard|brine|captivate|defog|double_team|endure|facade|flash|frustration|hail|hidden_power|ice_beam|natural_gift|payback|protect|psych_up|rain_dance|rest|return|safeguard|secret_power|silver_wind|sleep_talk|substitute|surf|swagger|toxic|u_turn|water_pulse|waterfall|whirlpool;air_cutter|aqua_tail|bounce|dive|icy_wind|ominous_wind|snore|swift|tailwind|twister;agility|aqua_tail|charm|flail|psybeam|splash|sweet_kiss|tickle;water2;lumineon@31;;456;Pez Ala;0,4;7;azul;50;no;La línea que le recorre el costado puede almacenar luz solar. Brilla con mucha fuerza por la noche.;;;;
lumineon;Lumineon;water;69;69;76;69;86;91;swift_swim;storm_drain;;erratic;161;75;speed:2;1:attract|1:pound|1:water_gun|6:water_gun|10:attract|13:rain_dance|17:gust|22:water_pulse|26:captivate|29:safeguard|35:aqua_ring|42:whirlpool|48:u_turn|53:bounce|59:silver_wind;attract|blizzard|brine|captivate|defog|double_team|endure|facade|flash|frustration|giga_impact|hail|hidden_power|hyper_beam|ice_beam|natural_gift|payback|protect|psych_up|rain_dance|rest|return|safeguard|secret_power|silver_wind|sleep_talk|substitute|surf|swagger|toxic|u_turn|water_pulse|waterfall|whirlpool;air_cutter|aqua_tail|bounce|dive|icy_wind|ominous_wind|snore|swift|tailwind|twister;;water2;;;457;Neón;1,2;24;azul;50;no;Vive en las profundidades marinas. Atrae a sus presas con parpadeos del dibujo de sus cuatro aletas.;;;;
mantyke;Mantyke;water|flying;45;20;50;60;120;50;swift_swim;water_absorb;;slow;69;25;sp_defense:1;1:bubble|1:tackle|4:supersonic|10:bubble_beam|13:headbutt|19:agility|22:wing_attack|28:water_pulse|31:take_down|37:confuse_ray|40:bounce|46:aqua_ring|49:hydro_pump;aerial_ace|attract|blizzard|captivate|double_team|earthquake|endure|facade|frustration|hail|hidden_power|ice_beam|natural_gift|protect|rain_dance|rest|return|secret_power|sleep_talk|substitute|surf|swagger|toxic|water_pulse|waterfall|whirlpool;air_cutter|bounce|dive|headbutt|helping_hand|icy_wind|mud_slap|snore|swift;haze|hydro_pump|mirror_coat|mud_sport|rock_slide|signal_beam|slam|splash|twister|water_sport;no_eggs;mantine@subir+equipo_especie:remoraid;;458;Milano;1;65;azul;50;no;Los símbolos de su espalda cambian según la región. A veces se mezcla con bancos de Remoraid y nada junto a ellos.;;;;
snover;Snover;grass|ice;60;62;50;62;60;40;snow_warning;;;slow;67;120;attack:1;1:leer|1:powder_snow|5:razor_leaf|9:icy_wind|13:grass_whistle|17:swagger|21:mist|26:ice_shard|31:ingrain|36:wood_hammer|41:blizzard|46:sheer_cold;attract|avalanche|blizzard|bullet_seed|captivate|double_team|endure|energy_ball|facade|flash|frustration|giga_drain|grass_knot|hail|hidden_power|ice_beam|iron_tail|light_screen|natural_gift|protect|rain_dance|rest|return|safeguard|secret_power|shadow_ball|sleep_talk|solar_beam|substitute|swagger|swords_dance|toxic|water_pulse;headbutt|ice_punch|icy_wind|mud_slap|role_play|seed_bomb|snore|synthesis|worry_seed;double_edge|growth|leech_seed|magical_leaf|mist|seed_bomb|skull_bash|stomp;monster|plant;abomasnow@40;;459;Árbol Nieve;1;50,5;blanco;50;no;En las estaciones frías baja al pie de la montaña, pero regresa a las cimas nevadas en primavera.;;;;
abomasnow;Abomasnow;grass|ice;90;92;75;92;85;60;snow_warning;;;slow;173;60;attack:1|sp_attack:1;1:ice_punch|1:icy_wind|1:leer|1:powder_snow|1:razor_leaf|5:razor_leaf|9:icy_wind|13:grass_whistle|17:swagger|21:mist|26:ice_shard|31:ingrain|36:wood_hammer|47:blizzard|58:sheer_cold;attract|avalanche|blizzard|brick_break|bullet_seed|captivate|double_team|earthquake|endure|energy_ball|facade|flash|fling|focus_blast|focus_punch|frustration|giga_drain|giga_impact|grass_knot|hail|hidden_power|hyper_beam|ice_beam|iron_tail|light_screen|natural_gift|protect|rain_dance|rest|return|rock_climb|rock_slide|rock_smash|rock_tomb|safeguard|secret_power|shadow_ball|sleep_talk|solar_beam|strength|substitute|swagger|swords_dance|toxic|water_pulse;block|headbutt|ice_punch|icy_wind|mud_slap|outrage|role_play|seed_bomb|snore|synthesis|worry_seed;;monster|plant;;;460;Árbol Nieve;2,2;135,5;blanco;50;no;Genera ventiscas con las que cubre de nieve grandes áreas. Se le llama el Monstruo de Hielo.;;;;
weavile;Weavile;dark|ice;70;120;65;45;85;125;pressure;;;medium_slow;179;45;attack:1|speed:1;1:assurance|1:embargo|1:leer|1:quick_attack|1:revenge|1:scratch|1:taunt|8:quick_attack|10:screech|14:feint_attack|21:fury_swipes|24:nasty_plot|28:icy_wind|35:night_slash|38:fling|42:metal_claw|49:dark_pulse;aerial_ace|attract|avalanche|blizzard|brick_break|calm_mind|captivate|cut|dark_pulse|dig|double_team|dream_eater|embargo|endure|facade|false_swipe|fling|focus_blast|focus_punch|frustration|giga_impact|hail|hidden_power|hyper_beam|ice_beam|iron_tail|natural_gift|payback|poison_jab|protect|psych_up|rain_dance|rest|return|rock_smash|secret_power|shadow_ball|shadow_claw|sleep_talk|snatch|strength|substitute|sunny_day|surf|swagger|swords_dance|taunt|thief|torment|toxic|whirlpool|x_scissor;fury_cutter|headbutt|ice_punch|icy_wind|knock_off|low_kick|mud_slap|snore|spite|swift;;ground;;;461;Garra Filo;1,1;34;negro;50;no;Vive en zonas nevadas. Deja marcas en los árboles con sus garras para comunicarse con sus compañeros.;;;;
magnezone;Magnezone;electric|steel;70;70;115;130;90;60;magnet_pull;sturdy;;medium_fast;241;30;sp_attack:3;1:barrier|1:metal_sound|1:mirror_coat|1:supersonic|1:tackle|1:thunder_shock|6:thunder_shock|11:supersonic|14:sonic_boom|17:thunder_wave|22:spark|27:lock_on|30:magnet_bomb|34:screech|40:discharge|46:mirror_shot|50:magnet_rise|54:gyro_ball|60:zap_cannon;charge_beam|double_team|endure|explosion|facade|flash|flash_cannon|frustration|giga_impact|gyro_ball|hidden_power|hyper_beam|light_screen|natural_gift|protect|psych_up|rain_dance|recycle|reflect|rest|return|secret_power|shock_wave|sleep_talk|substitute|sunny_day|swagger|thunder|thunder_wave|thunderbolt|toxic;gravity|iron_defense|iron_head|magic_coat|magnet_rise|rollout|signal_beam|snore|swift;;mineral;;;462;Magnético;1,2;180;gris;sin_genero;no;Emiten campos magnéticos tan potentes que se atraen entre sí e incluso pueden llegar a inmovilizarse.;;;;
lickilicky;Lickilicky;normal;110;85;95;80;95;50;own_tempo;oblivious;;medium_fast;180;30;hp:3;1:lick|5:supersonic|9:defense_curl|13:knock_off|17:wrap|21:stomp|25:disable|29:slam|33:rollout|37:me_first|41:refresh|45:screech|49:power_whip|53:wring_out|57:gyro_ball;attract|blizzard|brick_break|captivate|cut|dig|double_team|dream_eater|earthquake|endure|explosion|facade|fire_blast|flamethrower|fling|focus_blast|focus_punch|frustration|giga_impact|gyro_ball|hidden_power|hyper_beam|ice_beam|iron_tail|natural_gift|protect|psych_up|rain_dance|rest|return|rock_climb|rock_slide|rock_smash|rock_tomb|sandstorm|secret_power|shadow_ball|shock_wave|sleep_talk|solar_beam|strength|substitute|sunny_day|surf|swagger|swords_dance|thief|thunder|thunderbolt|toxic|water_pulse|whirlpool;aqua_tail|block|fire_punch|headbutt|ice_punch|icy_wind|knock_off|mud_slap|rollout|snore|thunder_punch|zen_headbutt;;monster;;;463;Lametazo;1,7;140;rosa;50;no;Agarra cosas con su lengua extensible. Si te acercas mucho, te deja lleno de babas.;;;;
rhyperior;Rhyperior;ground|rock;115;140;130;55;55;40;lightning_rod;solid_rock;;slow;241;30;attack:3;1:fury_attack|1:horn_attack|1:poison_jab|1:stomp|1:tail_whip|9:stomp|13:fury_attack|21:scary_face|25:rock_blast|33:take_down|37:horn_drill|42:hammer_arm|45:stone_edge|49:earthquake|57:megahorn|61:rock_wrecker;attract|avalanche|blizzard|brick_break|captivate|cut|dig|double_team|dragon_pulse|earthquake|endure|facade|fire_blast|flamethrower|flash_cannon|fling|focus_blast|focus_punch|frustration|giga_impact|hidden_power|hyper_beam|ice_beam|iron_tail|natural_gift|payback|poison_jab|protect|rain_dance|rest|return|roar|rock_climb|rock_polish|rock_slide|rock_smash|rock_tomb|sandstorm|secret_power|shadow_claw|shock_wave|sleep_talk|stealth_rock|stone_edge|strength|substitute|sunny_day|surf|swagger|swords_dance|thief|thunder|thunderbolt|toxic|whirlpool;ancient_power|aqua_tail|block|earth_power|endeavor|fire_punch|fury_cutter|headbutt|ice_punch|icy_wind|iron_head|mud_slap|outrage|rollout|snore|spite|superpower|thunder_punch|uproar;;monster|ground;;;464;Taladro;2,4;282,8;gris;50;no;Lanza Geodude por los agujeros de las manos. Gracias a Protector resiste erupciones volcánicas.;;;;
tangrowth;Tangrowth;grass;100;100;125;110;50;50;chlorophyll;leaf_guard;;medium_fast;187;30;defense:2;1:constrict|1:ingrain|5:sleep_powder|8:absorb|12:growth|15:poison_powder|19:vine_whip|22:bind|26:mega_drain|29:stun_spore|33:ancient_power|36:knock_off|40:natural_gift|43:slam|47:tickle|50:wring_out|54:power_whip|57:block;aerial_ace|attract|brick_break|bullet_seed|captivate|cut|double_team|earthquake|endure|energy_ball|facade|flash|fling|focus_blast|frustration|giga_drain|giga_impact|grass_knot|hidden_power|hyper_beam|natural_gift|payback|poison_jab|protect|psych_up|reflect|rest|return|rock_slide|rock_smash|rock_tomb|secret_power|shock_wave|sleep_talk|sludge_bomb|solar_beam|strength|substitute|sunny_day|swagger|swords_dance|thief|toxic;ancient_power|block|headbutt|knock_off|mud_slap|pain_split|seed_bomb|snore|synthesis|worry_seed;;plant;;;465;Enredadera;2;128,6;azul;50;no;Atrapa a su presa desplegando las ramas de sus brazos, que no le importa perder ante depredadores.;;;;
electivire;Electivire;electric;75;123;67;95;85;95;motor_drive;;;medium_fast;243;30;attack:3;1:fire_punch|1:leer|1:low_kick|1:quick_attack|1:thunder_shock|7:thunder_shock|10:low_kick|16:swift|19:shock_wave|25:light_screen|28:thunder_punch|37:discharge|43:thunderbolt|52:screech|58:thunder|67:giga_impact;attract|brick_break|captivate|charge_beam|dig|double_team|earthquake|endure|facade|flamethrower|flash|fling|focus_blast|focus_punch|frustration|giga_impact|hidden_power|hyper_beam|iron_tail|light_screen|natural_gift|protect|psychic|rain_dance|rest|return|rock_climb|rock_slide|rock_smash|rock_tomb|secret_power|shock_wave|sleep_talk|strength|substitute|swagger|taunt|thief|thunder|thunder_wave|thunderbolt|torment|toxic;fire_punch|headbutt|helping_hand|ice_punch|low_kick|magnet_rise|mud_slap|signal_beam|snore|swift|thunder_punch;;humanshape;;;466;Rayo;1,8;138,6;amarillo;25;no;Al almacenar mucha electricidad, desprende chispas de una claridad increíble entre sus dos cuernos.;;;;
magmortar;Magmortar;fire;75;95;67;125;95;83;flame_body;;;medium_fast;243;30;sp_attack:3;1:ember|1:leer|1:smog|1:smokescreen|1:thunder_punch|7:ember|10:smokescreen|16:feint_attack|19:fire_spin|25:confuse_ray|28:fire_punch|37:lava_plume|43:flamethrower|52:sunny_day|58:fire_blast|67:hyper_beam;attract|brick_break|captivate|double_team|earthquake|endure|facade|fire_blast|flamethrower|fling|focus_blast|focus_punch|frustration|giga_impact|hidden_power|hyper_beam|iron_tail|natural_gift|overheat|protect|psychic|rest|return|rock_climb|rock_slide|rock_smash|rock_tomb|secret_power|sleep_talk|solar_beam|strength|substitute|sunny_day|swagger|taunt|thief|thunderbolt|torment|toxic|will_o_wisp;fire_punch|headbutt|heat_wave|helping_hand|low_kick|mud_slap|snore|thunder_punch;;humanshape;;;467;Explosión;1,6;68;rojo;25;no;Sus brazos disparan bolas de fuego de más de 2000 °C. Vive en cráteres volcánicos.;;;;
togekiss;Togekiss;normal|flying;85;50;95;120;115;80;hustle;serene_grace;;fast;245;30;sp_attack:2|sp_defense:1;1:air_slash|1:aura_sphere|1:extreme_speed|1:sky_attack;aerial_ace|attract|brick_break|captivate|defog|double_team|drain_punch|dream_eater|endure|facade|fire_blast|flamethrower|flash|fling|fly|focus_punch|frustration|giga_impact|grass_knot|hidden_power|hyper_beam|light_screen|natural_gift|pluck|protect|psych_up|psychic|rain_dance|reflect|rest|return|rock_smash|roost|safeguard|secret_power|shadow_ball|shock_wave|silver_wind|sleep_talk|solar_beam|steel_wing|substitute|sunny_day|swagger|thunder_wave|toxic|water_pulse;air_cutter|ancient_power|endeavor|headbutt|heal_bell|heat_wave|last_resort|magic_coat|mud_slap|ominous_wind|rollout|signal_beam|sky_attack|snore|swift|tailwind|trick|twister|zen_headbutt;;flying|fairy;;;468;Festejo;1,5;38;blanco;12,5;no;Se dice que aparece en zonas pacíficas y las bendice con sus dones.;;;;
yanmega;Yanmega;bug|flying;86;76;86;116;56;95;speed_boost;tinted_lens;;medium_fast;180;30;attack:2;1:bug_bite|1:double_team|1:foresight|1:night_slash|1:quick_attack|1:tackle|6:quick_attack|11:double_team|14:sonic_boom|17:detect|22:supersonic|27:uproar|30:pursuit|33:ancient_power|38:feint|43:slash|46:screech|49:u_turn|54:air_slash|57:bug_buzz;aerial_ace|attract|captivate|defog|double_team|dream_eater|endure|facade|flash|frustration|giga_drain|giga_impact|hidden_power|hyper_beam|natural_gift|protect|psych_up|psychic|rest|return|roost|secret_power|shadow_ball|silver_wind|sleep_talk|solar_beam|steel_wing|substitute|sunny_day|swagger|thief|toxic|u_turn;air_cutter|ancient_power|bug_bite|headbutt|mud_slap|ominous_wind|signal_beam|snore|string_shot|swift|tailwind|uproar;;bug;;;469;Libélula;1,9;51,5;verde;50;no;Su técnica favorita consiste en volar a gran velocidad y despedazar con su mandíbula a su oponente en un instante.;;;;
leafeon;Leafeon;grass;65;110;130;60;65;95;leaf_guard;;;medium_fast;184;45;defense:2;1:helping_hand|1:tackle|1:tail_whip|8:sand_attack|15:razor_leaf|22:quick_attack|29:synthesis|36:magical_leaf|43:giga_drain|50:last_resort|57:grass_whistle|64:sunny_day|71:leaf_blade|78:swords_dance;aerial_ace|attract|bullet_seed|captivate|dig|double_team|endure|energy_ball|facade|flash|frustration|giga_drain|giga_impact|grass_knot|hidden_power|hyper_beam|iron_tail|natural_gift|protect|rain_dance|rest|return|roar|rock_smash|secret_power|shadow_ball|sleep_talk|solar_beam|strength|substitute|sunny_day|swagger|swords_dance|toxic|x_scissor;fury_cutter|headbutt|heal_bell|helping_hand|knock_off|last_resort|mud_slap|seed_bomb|snore|swift|synthesis|worry_seed;;ground;;;470;Verdor;1;25,5;verde;12,5;no;En días soleados duerme y hace la fotosíntesis, emitiendo aire puro a su alrededor.;;;;
glaceon;Glaceon;ice;65;60;110;130;95;65;snow_cloak;;;medium_fast;184;45;sp_attack:2;1:helping_hand|1:tackle|1:tail_whip|8:sand_attack|15:icy_wind|22:quick_attack|29:bite|36:ice_shard|43:ice_fang|50:last_resort|57:mirror_coat|64:hail|71:blizzard|78:barrier;attract|avalanche|blizzard|captivate|dig|double_team|endure|facade|frustration|giga_impact|hail|hidden_power|hyper_beam|ice_beam|iron_tail|natural_gift|protect|rain_dance|rest|return|roar|rock_smash|secret_power|shadow_ball|sleep_talk|strength|substitute|sunny_day|swagger|toxic|water_pulse;aqua_tail|headbutt|heal_bell|helping_hand|icy_wind|last_resort|mud_slap|signal_beam|snore|swift;;ground;;;471;Nieve Fresca;0,8;25,9;azul;12,5;no;Controla su temperatura corporal para congelar el ambiente y causar ráfagas de nieve en polvo.;;;;
gliscor;Gliscor;ground|flying;75;95;125;45;75;95;hyper_cutter;sand_veil;;medium_slow;179;30;defense:2;1:fire_fang|1:harden|1:ice_fang|1:knock_off|1:poison_jab|1:sand_attack|1:thunder_fang|5:sand_attack|9:harden|12:knock_off|16:quick_attack|20:fury_cutter|23:feint_attack|27:screech|31:night_slash|34:swords_dance|38:u_turn|42:x_scissor|45:guillotine;aerial_ace|attract|brick_break|captivate|cut|dark_pulse|defog|dig|double_team|earthquake|endure|facade|false_swipe|fling|frustration|giga_impact|hidden_power|hyper_beam|iron_tail|natural_gift|payback|poison_jab|protect|rain_dance|rest|return|rock_polish|rock_slide|rock_smash|rock_tomb|roost|sandstorm|secret_power|sleep_talk|sludge_bomb|stealth_rock|steel_wing|stone_edge|strength|substitute|sunny_day|swagger|swords_dance|taunt|thief|torment|toxic|u_turn|x_scissor;aqua_tail|earth_power|fury_cutter|headbutt|knock_off|mud_slap|sky_attack|snore|swift|tailwind;;bug;;;472;Colmicorpio;2;42,5;morado;50;no;Espera a sus presas colgado de una rama bocabajo. Cuando llega su oportunidad, se lanza en picado.;;;;
mamoswine;Mamoswine;ice|ground;110;130;80;70;60;80;oblivious;snow_cloak;;slow;239;50;attack:3;1:ancient_power|1:mud_sport|1:odor_sleuth|1:peck|1:powder_snow|4:mud_sport|8:powder_snow|13:mud_slap|16:endure|20:mud_bomb|25:hail|28:ice_fang|32:take_down|33:double_hit|40:earthquake|48:mist|56:blizzard|65:scary_face;attract|avalanche|blizzard|captivate|dig|double_team|earthquake|endure|facade|frustration|giga_impact|hail|hidden_power|hyper_beam|ice_beam|light_screen|natural_gift|protect|rain_dance|reflect|rest|return|roar|rock_climb|rock_slide|rock_smash|rock_tomb|sandstorm|secret_power|sleep_talk|stealth_rock|stone_edge|strength|substitute|swagger|toxic;ancient_power|block|earth_power|endeavor|fury_cutter|headbutt|icy_wind|iron_head|knock_off|mud_slap|snore|superpower;;ground;;;473;Doscolmillos;2,5;291;marrón;50;no;Ya existía en la antigüedad. Se encontró uno bajo hielo de hace más de 10 000 años.;;;;
porygon_z;Porygon-Z;normal;85;80;70;135;75;90;adaptability;download;;medium_fast;241;30;sp_attack:3;1:conversion|1:conversion_2|1:nasty_plot|1:tackle|1:trick_room|7:psybeam|12:agility|18:recover|23:magnet_rise|29:signal_beam|34:embargo|40:discharge|45:lock_on|51:tri_attack|56:magic_coat|62:zap_cannon|67:hyper_beam;aerial_ace|blizzard|charge_beam|dark_pulse|double_team|dream_eater|embargo|endure|facade|flash|frustration|giga_impact|hidden_power|hyper_beam|ice_beam|iron_tail|natural_gift|protect|psych_up|psychic|rain_dance|recycle|rest|return|secret_power|shadow_ball|shock_wave|sleep_talk|solar_beam|substitute|sunny_day|swagger|thief|thunder|thunder_wave|thunderbolt|toxic|trick_room;gravity|icy_wind|last_resort|magic_coat|pain_split|signal_beam|snore|swift|trick|uproar|zen_headbutt;;mineral;;;474;Virtual;0,9;34;rojo;sin_genero;no;Se le instaló un software para mejorarlo. Sin embargo, comenzó a comportarse de manera extraña.;;;;
gallade;Gallade;psychic|fighting;68;125;65;65;115;80;steadfast;;;slow;233;45;attack:3;1:confusion|1:double_team|1:leaf_blade|1:leer|1:night_slash|1:teleport|6:confusion|10:double_team|12:teleport|17:fury_cutter|22:slash|25:swords_dance|31:psycho_cut|36:helping_hand|39:feint|45:false_swipe|50:protect|53:close_combat;aerial_ace|attract|brick_break|bulk_up|calm_mind|captivate|charge_beam|cut|double_team|drain_punch|dream_eater|earthquake|endure|facade|false_swipe|flash|fling|focus_blast|focus_punch|frustration|giga_impact|grass_knot|hidden_power|hyper_beam|light_screen|natural_gift|poison_jab|protect|psych_up|psychic|rain_dance|recycle|reflect|rest|return|rock_slide|rock_smash|rock_tomb|safeguard|secret_power|shadow_ball|shock_wave|skill_swap|sleep_talk|snatch|stone_edge|strength|substitute|sunny_day|swagger|swords_dance|taunt|thief|thunder_wave|thunderbolt|torment|toxic|trick_room|x_scissor;fire_punch|fury_cutter|headbutt|helping_hand|ice_punch|knock_off|low_kick|magic_coat|mud_slap|pain_split|signal_beam|snore|swift|thunder_punch|trick|vacuum_wave|zen_headbutt;;humanshape|indeterminate;;;475;Cuchilla;1,6;52;blanco;0;no;Puede presentir los movimientos de sus rivales y por eso ataca siempre antes que ellos.;;;;
probopass;Probopass;rock|steel;60;55;145;75;150;40;sturdy;magnet_pull;;medium_fast;184;60;defense:1|sp_defense:2;1:block|1:gravity|1:iron_defense|1:magnet_bomb|1:magnet_rise|1:tackle|7:iron_defense|13:magnet_bomb|19:block|25:thunder_wave|31:rock_slide|37:sandstorm|43:rest|49:power_gem|55:discharge|61:stone_edge|67:zap_cannon|73:lock_on|79:earth_power;attract|captivate|double_team|earthquake|endure|explosion|facade|flash_cannon|frustration|giga_impact|hidden_power|hyper_beam|natural_gift|protect|rest|return|rock_polish|rock_slide|rock_smash|rock_tomb|sandstorm|secret_power|shock_wave|sleep_talk|stealth_rock|stone_edge|strength|substitute|sunny_day|swagger|taunt|thunder|thunder_wave|thunderbolt|torment|toxic;ancient_power|block|earth_power|fire_punch|gravity|headbutt|ice_punch|iron_defense|iron_head|magic_coat|magnet_rise|mud_slap|pain_split|rollout|snore|thunder_punch;;mineral;;;476;Brújula;1,4;340;gris;50;no;Emana un fuerte magnetismo. Controla tres pequeñas unidades llamadas mininarices.;;;;
dusknoir;Dusknoir;ghost;45;100;135;65;135;45;pressure;;;fast;236;45;defense:1|sp_defense:2;1:bind|1:disable|1:fire_punch|1:gravity|1:ice_punch|1:leer|1:night_shade|1:thunder_punch|6:disable|9:foresight|14:astonish|17:confuse_ray|22:shadow_sneak|25:pursuit|30:curse|33:will_o_wisp|37:shadow_punch|43:mean_look|51:payback|61:future_sight;attract|blizzard|brick_break|calm_mind|captivate|charge_beam|dark_pulse|double_team|dream_eater|earthquake|embargo|endure|facade|flash|fling|focus_blast|focus_punch|frustration|giga_impact|hidden_power|hyper_beam|ice_beam|natural_gift|payback|protect|psych_up|psychic|rain_dance|rest|return|rock_slide|rock_smash|rock_tomb|secret_power|shadow_ball|skill_swap|sleep_talk|snatch|strength|substitute|sunny_day|swagger|taunt|thief|torment|toxic|trick_room|will_o_wisp;fire_punch|gravity|headbutt|ice_punch|icy_wind|mud_slap|ominous_wind|pain_split|snore|spite|sucker_punch|thunder_punch|trick;;indeterminate;;;477;Grilletes;2,2;106,6;negro;50;no;Se dice que recoge en su cuerpo flexible a los espíritus extraviados y los guía hasta casa.;;;;
froslass;Froslass;ice|ghost;70;80;70;80;70;110;snow_cloak;;;medium_fast;168;75;speed:2;1:astonish|1:double_team|1:leer|1:powder_snow|4:double_team|10:astonish|13:icy_wind|19:confuse_ray|22:ominous_wind|28:wake_up_slap|31:captivate|37:ice_shard|40:hail|51:blizzard|59:destiny_bond;attract|avalanche|blizzard|captivate|double_team|dream_eater|embargo|endure|facade|flash|fling|frustration|giga_impact|hail|hidden_power|hyper_beam|ice_beam|light_screen|natural_gift|payback|protect|psych_up|psychic|rain_dance|rest|return|safeguard|secret_power|shadow_ball|shock_wave|sleep_talk|snatch|substitute|swagger|taunt|thunder|thunder_wave|thunderbolt|torment|toxic|water_pulse;block|headbutt|ice_punch|icy_wind|mud_slap|ominous_wind|pain_split|rollout|signal_beam|snore|spite|sucker_punch|trick;;fairy|mineral;;;478;Tierra Fría;1,3;26,6;blanco;100;no;Congela a sus enemigos con un aliento gélido de -50 °C. Su cuerpo está hueco.;;;;
rotom;Rotom;electric|ghost;50;50;77;95;77;91;levitate;;;medium_fast;154;45;sp_attack:1|speed:1;1:astonish|1:confuse_ray|1:thunder_shock|1:thunder_wave|1:trick|8:uproar|15:double_team|22:shock_wave|29:ominous_wind|36:substitute|43:charge|50:discharge;charge_beam|dark_pulse|double_team|dream_eater|endure|facade|flash|frustration|hidden_power|light_screen|natural_gift|protect|psych_up|rain_dance|reflect|rest|return|secret_power|shadow_ball|shock_wave|sleep_talk|snatch|substitute|sunny_day|swagger|thief|thunder|thunder_wave|thunderbolt|toxic|will_o_wisp;mud_slap|ominous_wind|pain_split|signal_beam|snore|spite|sucker_punch|swift|trick|uproar;;indeterminate;;;479;Plasma;0,3;0,3;rojo;sin_genero;no;Desde hace mucho tiempo se estudia su singular motor como fuente de energía motriz.;;;;
uxie;Uxie;psychic;75;75;130;75;130;95;levitate;;;slow;261;3;defense:2|sp_defense:1;1:confusion|1:rest|6:imprison|16:endure|21:swift|31:yawn|36:future_sight|46:amnesia|51:extrasensory|61:flail|66:natural_gift|76:memento;calm_mind|charge_beam|double_team|dream_eater|endure|energy_ball|facade|flash|fling|frustration|giga_drain|giga_impact|grass_knot|hidden_power|hyper_beam|iron_tail|light_screen|natural_gift|protect|psych_up|psychic|rain_dance|recycle|reflect|rest|return|safeguard|sandstorm|secret_power|shadow_ball|shock_wave|skill_swap|sleep_talk|solar_beam|stealth_rock|substitute|sunny_day|swagger|thunder|thunder_wave|thunderbolt|toxic|trick_room|u_turn|water_pulse;fire_punch|headbutt|heal_bell|helping_hand|ice_punch|knock_off|magic_coat|mud_slap|role_play|signal_beam|snore|swift|thunder_punch|trick|zen_headbutt;;no_eggs;;;480;Sabiduría;0,3;0,3;amarillo;sin_genero;si;Se le conoce como el Ser de la Sabiduría. Se dice que puede borrar la memoria con una mirada.;;;;
mesprit;Mesprit;psychic;80;105;105;105;105;80;levitate;;;slow;261;3;attack:1|sp_attack:1|sp_defense:1;1:confusion|1:rest|6:imprison|16:protect|21:swift|31:lucky_chant|36:future_sight|46:charm|51:extrasensory|61:copycat|66:natural_gift|76:healing_wish;blizzard|calm_mind|charge_beam|double_team|dream_eater|endure|energy_ball|facade|flash|fling|frustration|giga_impact|grass_knot|hidden_power|hyper_beam|ice_beam|iron_tail|light_screen|natural_gift|protect|psych_up|psychic|rain_dance|recycle|reflect|rest|return|safeguard|sandstorm|secret_power|shadow_ball|shock_wave|skill_swap|sleep_talk|stealth_rock|substitute|sunny_day|swagger|thunder|thunder_wave|thunderbolt|toxic|trick_room|u_turn|water_pulse;fire_punch|headbutt|helping_hand|ice_punch|knock_off|magic_coat|mud_slap|role_play|signal_beam|snore|swift|thunder_punch|trick|zen_headbutt;;no_eggs;;;481;Sensorio;0,3;0,3;rosa;sin_genero;si;Se le conoce como el Ser de la Emoción. Enseñó a los humanos la nobleza del dolor y la alegría.;;;;
azelf;Azelf;psychic;75;125;70;125;70;115;levitate;;;slow;261;3;attack:2|sp_attack:1;1:confusion|1:rest|6:imprison|16:detect|21:swift|31:uproar|36:future_sight|46:nasty_plot|51:extrasensory|61:last_resort|66:natural_gift|76:explosion;calm_mind|charge_beam|double_team|dream_eater|endure|energy_ball|explosion|facade|fire_blast|flamethrower|flash|fling|frustration|giga_impact|grass_knot|hidden_power|hyper_beam|iron_tail|light_screen|natural_gift|payback|protect|psych_up|psychic|rain_dance|recycle|reflect|rest|return|safeguard|sandstorm|secret_power|shadow_ball|shock_wave|skill_swap|sleep_talk|stealth_rock|substitute|sunny_day|swagger|taunt|thunder|thunder_wave|thunderbolt|torment|toxic|trick_room|u_turn|water_pulse;fire_punch|headbutt|helping_hand|ice_punch|knock_off|last_resort|magic_coat|mud_slap|role_play|signal_beam|snore|swift|thunder_punch|trick|uproar|zen_headbutt;;no_eggs;;;482;Voluntad;0,3;0,3;azul;sin_genero;si;Se le conoce como el Ser de la Voluntad. Duerme en el fondo de un lago para equilibrar el mundo.;;;;
dialga;Dialga;steel|dragon;100;120;120;150;100;90;pressure;;;slow;306;3;sp_attack:3;1:dragon_breath|1:scary_face|10:metal_claw|20:ancient_power|30:dragon_claw|40:roar_of_time|50:heal_block|60:earth_power|70:slash|80:flash_cannon|90:aura_sphere;aerial_ace|blizzard|brick_break|bulk_up|cut|double_team|dragon_claw|dragon_pulse|earthquake|endure|facade|fire_blast|flamethrower|flash|flash_cannon|frustration|giga_impact|hidden_power|hyper_beam|ice_beam|iron_tail|natural_gift|overheat|protect|psych_up|rain_dance|rest|return|roar|rock_slide|rock_smash|rock_tomb|safeguard|sandstorm|secret_power|shadow_claw|shock_wave|sleep_talk|stealth_rock|stone_edge|strength|substitute|sunny_day|swagger|thunder|thunder_wave|thunderbolt|toxic|trick_room;ancient_power|draco_meteor|earth_power|fury_cutter|gravity|headbutt|iron_defense|iron_head|magnet_rise|mud_slap|outrage|snore|swift|twister;;no_eggs;;;483;Temporal;5,4;683;blanco;sin_genero;si;Un Pokémon de leyenda. Se dice que el tiempo comenzó a avanzar cuando Dialga nació.;;;;
palkia;Palkia;water|dragon;90;120;100;150;120;100;pressure;;;slow;306;3;sp_attack:3;1:dragon_breath|1:scary_face|10:water_pulse|20:ancient_power|30:dragon_claw|40:spacial_rend|50:heal_block|60:earth_power|70:slash|80:aqua_tail|90:aura_sphere;aerial_ace|avalanche|blizzard|brick_break|brine|bulk_up|cut|double_team|dragon_claw|dragon_pulse|earthquake|endure|facade|fire_blast|flamethrower|fling|focus_blast|focus_punch|frustration|giga_impact|hail|hidden_power|hyper_beam|ice_beam|natural_gift|protect|psych_up|rain_dance|rest|return|roar|rock_slide|rock_smash|rock_tomb|safeguard|sandstorm|secret_power|shadow_claw|shock_wave|sleep_talk|stone_edge|strength|substitute|sunny_day|surf|swagger|thunder|thunder_wave|thunderbolt|toxic|trick_room|water_pulse|whirlpool;ancient_power|aqua_tail|dive|draco_meteor|earth_power|fury_cutter|gravity|headbutt|mud_slap|outrage|snore|swift|twister;;no_eggs;;;484;Espacial;4,2;336;morado;sin_genero;si;Se dice que vive en una dimensión espacial paralela. Aparece en la mitología.;;;;
heatran;Heatran;fire|steel;91;90;106;130;106;77;flash_fire;;;slow;270;3;sp_attack:3;1:ancient_power|9:leer|17:fire_fang|25:metal_sound|33:crunch|41:scary_face|49:lava_plume|57:fire_spin|65:iron_head|73:earth_power|81:heat_wave|88:stone_edge|96:magma_storm;attract|captivate|dark_pulse|dig|double_team|dragon_pulse|earthquake|endure|explosion|facade|fire_blast|flamethrower|flash_cannon|frustration|giga_impact|hidden_power|hyper_beam|natural_gift|overheat|payback|protect|rest|return|roar|rock_climb|rock_slide|rock_smash|rock_tomb|secret_power|sleep_talk|solar_beam|stealth_rock|stone_edge|strength|substitute|sunny_day|swagger|taunt|torment|toxic|will_o_wisp;ancient_power|bug_bite|earth_power|headbutt|heat_wave|iron_defense|iron_head|mud_slap|snore|uproar;;no_eggs;;;485;Domo Lava;1,7;430;marrón;50;si;Habita cuevas volcánicas. Cava con sus pies en forma de cruz para trepar por techos y paredes.;;;;
regigigas;Regigigas;normal;110;160;110;80;110;100;slow_start;;;slow;302;3;attack:3;1:confuse_ray|1:dizzy_punch|1:fire_punch|1:foresight|1:ice_punch|1:knock_off|1:thunder_punch|25:revenge|50:zen_headbutt|75:crush_grip|100:giga_impact;aerial_ace|avalanche|brick_break|double_team|drain_punch|earthquake|endure|facade|fling|focus_blast|focus_punch|frustration|giga_impact|hidden_power|hyper_beam|natural_gift|psych_up|rain_dance|return|rock_climb|rock_polish|rock_slide|rock_smash|rock_tomb|safeguard|secret_power|shock_wave|sleep_talk|stone_edge|strength|substitute|sunny_day|swagger|thunder|thunder_wave|thunderbolt|toxic;ancient_power|block|earth_power|fire_punch|gravity|headbutt|ice_punch|icy_wind|iron_head|mud_slap|snore|superpower|thunder_punch|zen_headbutt;;no_eggs;;;486;Colosal;3,7;420;blanco;sin_genero;si;Se dice que usó rocas, magma y un hielo especial de montaña para crear Pokémon con su aspecto.;;;;
giratina;Giratina;ghost|dragon;150;100;120;100;120;90;pressure;;;slow;306;3;hp:3;1:dragon_breath|1:scary_face|10:ominous_wind|20:ancient_power|30:dragon_claw|40:shadow_force|50:heal_block|60:earth_power|70:slash|80:shadow_claw|90:aura_sphere;aerial_ace|calm_mind|charge_beam|cut|dark_pulse|defog|double_team|dragon_claw|dragon_pulse|dream_eater|earthquake|endure|energy_ball|facade|fly|frustration|giga_impact|hidden_power|hyper_beam|iron_tail|natural_gift|payback|protect|psych_up|psychic|rain_dance|rest|return|roar|rock_climb|rock_smash|safeguard|secret_power|shadow_ball|shadow_claw|shock_wave|silver_wind|sleep_talk|steel_wing|stone_edge|strength|substitute|sunny_day|swagger|thunder|thunder_wave|thunderbolt|toxic|will_o_wisp;air_cutter|ancient_power|aqua_tail|draco_meteor|earth_power|fury_cutter|gravity|headbutt|icy_wind|iron_head|mud_slap|ominous_wind|outrage|pain_split|snore|spite|swift|twister;;no_eggs;;;487;Renegado;4,5;750;negro;sin_genero;si;Vive en el Mundo Distorsión, un mundo opuesto al nuestro y cuyas leyes desafían el sentido común.;;;"origin;Forma Origen;;120/100/120/100/90;levitate";>origin:objeto:griseous_orb
cresselia;Cresselia;psychic;120;70;120;75;130;85;levitate;;;slow;270;3;sp_defense:3;1:confusion|1:double_team|11:safeguard|20:mist|29:aurora_beam|38:future_sight|47:slash|57:moonlight|66:psycho_cut|75:psycho_shift|84:lunar_dance|93:psychic;attract|calm_mind|captivate|charge_beam|double_team|dream_eater|endure|energy_ball|facade|flash|frustration|giga_impact|grass_knot|hidden_power|hyper_beam|ice_beam|light_screen|natural_gift|protect|psych_up|psychic|rain_dance|recycle|reflect|rest|return|safeguard|secret_power|shadow_ball|skill_swap|sleep_talk|solar_beam|substitute|sunny_day|swagger|thunder_wave|toxic|trick_room;fury_cutter|gravity|helping_hand|icy_wind|magic_coat|mud_slap|signal_beam|snore|swift|trick|zen_headbutt;;no_eggs;;;488;Lunar;1,5;85,6;amarillo;100;si;Sus alas emiten un velo de partículas brillantes. Se dice que representa un cuarto lunar.;;;;
phione;Phione;water;80;80;80;80;80;80;hydration;;;slow;216;30;hp:1;1:bubble|1:water_sport|9:charm|16:supersonic|24:bubble_beam|31:acid_armor|39:whirlpool|46:water_pulse|54:aqua_ring|61:dive|69:rain_dance;blizzard|brine|double_team|endure|facade|fling|frustration|grass_knot|hail|hidden_power|ice_beam|natural_gift|protect|psych_up|rain_dance|rest|return|safeguard|secret_power|sleep_talk|substitute|surf|swagger|toxic|u_turn|water_pulse|waterfall|whirlpool;ancient_power|bounce|dive|heal_bell|helping_hand|icy_wind|knock_off|last_resort|mud_slap|signal_beam|snore|swift|uproar;;water1|fairy;;;489;Marino;0,4;3,1;azul;sin_genero;si;Si sube la temperatura del mar, infla el flotador de su cabeza y flota en grupo en la superficie.;;;;
manaphy;Manaphy;water;100;100;100;100;100;100;hydration;;;slow;270;3;hp:3;1:bubble|1:tail_glow|1:water_sport|9:charm|16:supersonic|24:bubble_beam|31:acid_armor|39:whirlpool|46:water_pulse|54:aqua_ring|61:dive|69:rain_dance|76:heart_swap;blizzard|brine|calm_mind|double_team|endure|energy_ball|facade|flash|fling|frustration|giga_impact|grass_knot|hail|hidden_power|hyper_beam|ice_beam|light_screen|natural_gift|protect|psych_up|psychic|rain_dance|reflect|rest|return|safeguard|secret_power|shadow_ball|skill_swap|sleep_talk|substitute|surf|swagger|toxic|u_turn|water_pulse|waterfall|whirlpool;ancient_power|bounce|dive|heal_bell|helping_hand|icy_wind|knock_off|last_resort|mud_slap|signal_beam|snore|swift|uproar;;water1|fairy;;;490;Náutico;0,3;1,4;azul;sin_genero;si;Nace con un maravilloso poder que le permite establecer vínculos con cualquier tipo de Pokémon.;;;;
darkrai;Darkrai;dark;70;90;90;135;90;125;bad_dreams;;;slow;270;3;sp_attack:2|speed:1;1:disable|1:ominous_wind|11:quick_attack|20:hypnosis|29:feint_attack|38:nightmare|47:double_team|57:haze|66:dark_void|75:nasty_plot|84:dream_eater|93:dark_pulse;aerial_ace|blizzard|brick_break|calm_mind|charge_beam|cut|dark_pulse|double_team|drain_punch|dream_eater|embargo|endure|facade|flash|fling|focus_blast|focus_punch|frustration|giga_impact|hidden_power|hyper_beam|ice_beam|natural_gift|payback|poison_jab|protect|psych_up|psychic|rain_dance|rest|return|rock_climb|rock_slide|rock_smash|rock_tomb|secret_power|shadow_ball|shadow_claw|shock_wave|sleep_talk|sludge_bomb|snatch|strength|substitute|sunny_day|swagger|swords_dance|taunt|thief|thunder|thunder_wave|thunderbolt|torment|toxic|will_o_wisp|x_scissor;headbutt|icy_wind|knock_off|last_resort|mud_slap|ominous_wind|snore|spite|sucker_punch|swift|trick;;no_eggs;;;491;Oscuridad;1,5;50,5;negro;sin_genero;si;Defiende su territorio de personas y Pokémon haciéndoles dormir y provocándoles pesadillas.;;;;
shaymin;Shaymin;grass;100;100;100;100;100;100;natural_cure;;;medium_slow;270;45;hp:3;1:growth|10:magical_leaf|19:leech_seed|28:synthesis|37:sweet_scent|46:natural_gift|55:worry_seed|64:aromatherapy|73:energy_ball|82:sweet_kiss|91:healing_wish|100:seed_flare;bullet_seed|double_team|endure|energy_ball|facade|flash|frustration|giga_drain|giga_impact|grass_knot|hidden_power|hyper_beam|natural_gift|protect|psych_up|psychic|rest|return|safeguard|secret_power|sleep_talk|solar_beam|substitute|sunny_day|swagger|swords_dance|toxic;earth_power|endeavor|headbutt|last_resort|mud_slap|seed_bomb|snore|swift|synthesis|worry_seed|zen_headbutt;;no_eggs;;;492;Gratitud;0,2;2,1;verde;sin_genero;si;Puede disolver las toxinas del aire para transformar tierra yerma en campos de flores.;;;;
arceus;Arceus;normal;120;120;120;120;120;120;multitype;;;slow;324;3;hp:3;1:cosmic_power|1:natural_gift|1:punishment|1:seismic_toss|10:gravity|20:earth_power|30:hyper_voice|40:extreme_speed|50:refresh|60:future_sight|70:recover|80:hyper_beam|90:perish_song|100:judgment;aerial_ace|avalanche|blizzard|brick_break|brine|bullet_seed|calm_mind|charge_beam|cut|dark_pulse|defog|double_team|dragon_claw|dragon_pulse|dream_eater|earthquake|endure|energy_ball|facade|fire_blast|flamethrower|flash|flash_cannon|fly|focus_blast|frustration|giga_drain|giga_impact|grass_knot|hail|hidden_power|hyper_beam|ice_beam|iron_tail|light_screen|natural_gift|overheat|payback|poison_jab|protect|psych_up|psychic|rain_dance|recycle|reflect|rest|return|roar|rock_climb|rock_slide|rock_smash|rock_tomb|safeguard|sandstorm|secret_power|shadow_ball|shadow_claw|shock_wave|silver_wind|sleep_talk|sludge_bomb|solar_beam|stealth_rock|stone_edge|strength|substitute|sunny_day|surf|swagger|swords_dance|thunder|thunder_wave|thunderbolt|toxic|trick_room|water_pulse|waterfall|whirlpool|will_o_wisp|x_scissor;ancient_power|aqua_tail|dive|draco_meteor|earth_power|fury_cutter|gravity|headbutt|heat_wave|icy_wind|iron_defense|iron_head|last_resort|magic_coat|mud_slap|ominous_wind|outrage|signal_beam|snore|swift|tailwind|trick|twister|zen_headbutt;;no_eggs;;;493;Alfa;3,2;320;blanco;sin_genero;si;Según la mitología de Sinnoh, Arceus surgió de un huevo y después creó todo el mundo.;;;"fighting;Tipo Lucha;fighting|flying;Tipo Volador;flying|poison;Tipo Veneno;poison|ground;Tipo Tierra;ground|rock;Tipo Roca;rock|bug;Tipo Bicho;bug|ghost;Tipo Fantasma;ghost|steel;Tipo Acero;steel|fire;Tipo Fuego;fire|water;Tipo Agua;water|grass;Tipo Planta;grass|electric;Tipo Eléctrico;electric|psychic;Tipo Psíquico;psychic|ice;Tipo Hielo;ice|dragon;Tipo Dragón;dragon|dark;Tipo Siniestro;dark";">fighting:objeto:fist_plate;con=multitype|>flying:objeto:sky_plate;con=multitype|>poison:objeto:toxic_plate;con=multitype|>ground:objeto:earth_plate;con=multitype|>rock:objeto:stone_plate;con=multitype|>bug:objeto:insect_plate;con=multitype|>ghost:objeto:spooky_plate;con=multitype|>steel:objeto:iron_plate;con=multitype|>fire:objeto:flame_plate;con=multitype|>water:objeto:splash_plate;con=multitype|>grass:objeto:meadow_plate;con=multitype|>electric:objeto:zap_plate;con=multitype|>psychic:objeto:mind_plate;con=multitype|>ice:objeto:icicle_plate;con=multitype|>dragon:objeto:draco_plate;con=multitype|>dark:objeto:dread_plate;con=multitype"
deoxys_attack;Deoxys (Forma Ataque);psychic;50;180;20;180;20;150;pressure;;;slow;270;3;attack:1|sp_attack:1|speed:1;1:leer|1:wrap|9:night_shade|17:teleport|25:taunt|33:pursuit|41:psychic|49:superpower|57:psycho_shift|65:zen_headbutt|73:cosmic_power|81:zap_cannon|89:psycho_boost|97:hyper_beam;aerial_ace|avalanche|brick_break|calm_mind|charge_beam|cut|double_team|drain_punch|dream_eater|endure|energy_ball|facade|flash|flash_cannon|fling|focus_blast|focus_punch|frustration|giga_impact|grass_knot|hidden_power|hyper_beam|ice_beam|light_screen|natural_gift|poison_jab|protect|psych_up|psychic|rain_dance|recycle|reflect|rest|return|rock_slide|rock_smash|rock_tomb|safeguard|secret_power|shadow_ball|shock_wave|skill_swap|sleep_talk|snatch|solar_beam|stealth_rock|strength|substitute|sunny_day|swagger|taunt|thunder|thunder_wave|thunderbolt|torment|toxic|trick_room|water_pulse;gravity|headbutt|low_kick|magic_coat|mud_slap|role_play|signal_beam|snore|superpower|trick|zen_headbutt;;no_eggs;;;386;ADN;1,7;60,8;rojo;sin_genero;si;Surgió a raíz de la mutación de ADN de un virus alienígena que cayó a la Tierra en un meteorito.;deoxys;;;
deoxys_defense;Deoxys (Forma Defensa);psychic;50;70;160;70;160;90;pressure;;;slow;270;3;attack:1|sp_attack:1|speed:1;1:leer|1:wrap|9:night_shade|17:teleport|25:knock_off|33:spikes|41:psychic|49:snatch|57:psycho_shift|65:zen_headbutt|73:amnesia|73:iron_defense|81:recover|89:psycho_boost|97:counter|97:mirror_coat;aerial_ace|avalanche|brick_break|calm_mind|charge_beam|cut|double_team|drain_punch|dream_eater|endure|energy_ball|facade|flash|flash_cannon|fling|focus_blast|focus_punch|frustration|giga_impact|grass_knot|hidden_power|hyper_beam|ice_beam|light_screen|natural_gift|poison_jab|protect|psych_up|psychic|rain_dance|recycle|reflect|rest|return|rock_slide|rock_smash|rock_tomb|safeguard|secret_power|shadow_ball|shock_wave|skill_swap|sleep_talk|snatch|solar_beam|stealth_rock|strength|substitute|sunny_day|swagger|taunt|thunder|thunder_wave|thunderbolt|torment|toxic|trick_room|water_pulse;gravity|headbutt|iron_defense|knock_off|low_kick|magic_coat|mud_slap|role_play|signal_beam|snore|trick|zen_headbutt;;no_eggs;;;386;ADN;1,7;60,8;rojo;sin_genero;si;Surgió a raíz de la mutación de ADN de un virus alienígena que cayó a la Tierra en un meteorito.;deoxys;;;
deoxys_speed;Deoxys (Forma Velocidad);psychic;50;95;90;95;90;180;pressure;;;slow;270;3;attack:1|sp_attack:1|speed:1;1:leer|1:wrap|9:night_shade|17:double_team|25:knock_off|33:pursuit|41:psychic|49:swift|57:psycho_shift|65:zen_headbutt|73:agility|81:recover|89:psycho_boost|97:extreme_speed;aerial_ace|avalanche|brick_break|calm_mind|charge_beam|cut|double_team|drain_punch|dream_eater|endure|energy_ball|facade|flash|flash_cannon|fling|focus_blast|focus_punch|frustration|giga_impact|grass_knot|hidden_power|hyper_beam|ice_beam|light_screen|natural_gift|poison_jab|protect|psych_up|psychic|rain_dance|recycle|reflect|rest|return|rock_slide|rock_smash|rock_tomb|safeguard|secret_power|shadow_ball|shock_wave|skill_swap|sleep_talk|snatch|solar_beam|stealth_rock|strength|substitute|sunny_day|swagger|taunt|thunder|thunder_wave|thunderbolt|torment|toxic|trick_room|water_pulse;gravity|headbutt|knock_off|low_kick|magic_coat|mud_slap|role_play|signal_beam|snore|swift|trick|zen_headbutt;;no_eggs;;;386;ADN;1,7;60,8;rojo;sin_genero;si;Surgió a raíz de la mutación de ADN de un virus alienígena que cayó a la Tierra en un meteorito.;deoxys;;;
wormadam_sandy;Wormadam (Tronco Arena);bug|ground;60;79;105;59;85;36;anticipation;;;medium_fast;148;45;sp_defense:2;1:tackle|10:protect|15:bug_bite|20:hidden_power|23:confusion|26:rock_blast|29:harden|32:psybeam|35:captivate|38:flail|41:attract|44:psychic|47:fissure;attract|captivate|dig|double_team|dream_eater|earthquake|endure|facade|flash|frustration|giga_impact|hidden_power|hyper_beam|natural_gift|protect|psych_up|psychic|rain_dance|rest|return|rock_tomb|safeguard|sandstorm|secret_power|shadow_ball|skill_swap|sleep_talk|substitute|sunny_day|swagger|thief|toxic;bug_bite|earth_power|endeavor|mud_slap|rollout|signal_beam|snore|string_shot|sucker_punch|uproar;;bug;;;413;Larva;0,5;6,5;verde;100;no;Su apariencia varía según dónde evolucione. Los materiales que haya pasan a formar parte de su cuerpo.;wormadam;;;
wormadam_trash;Wormadam (Tronco Basura);bug|steel;60;69;95;69;95;36;anticipation;;;medium_fast;148;45;sp_defense:2;1:tackle|10:protect|15:bug_bite|20:hidden_power|23:confusion|26:mirror_shot|29:metal_sound|32:psybeam|35:captivate|38:flail|41:attract|44:psychic|47:iron_head;attract|captivate|double_team|dream_eater|endure|facade|flash|flash_cannon|frustration|giga_impact|gyro_ball|hidden_power|hyper_beam|natural_gift|protect|psych_up|psychic|rain_dance|rest|return|safeguard|secret_power|shadow_ball|skill_swap|sleep_talk|stealth_rock|substitute|sunny_day|swagger|thief|toxic;bug_bite|endeavor|gunk_shot|iron_defense|iron_head|magnet_rise|signal_beam|snore|string_shot|sucker_punch|uproar;;bug;;;413;Larva;0,5;6,5;verde;100;no;Su apariencia varía según dónde evolucione. Los materiales que haya pasan a formar parte de su cuerpo.;wormadam;;;
rotom_heat;Rotom Calor;electric|ghost;50;65;107;105;107;86;levitate;;;medium_fast;154;45;sp_attack:1|speed:1;1:astonish|1:confuse_ray|1:thunder_shock|1:thunder_wave|1:trick|8:uproar|15:double_team|22:shock_wave|29:ominous_wind|36:substitute|43:charge|50:discharge;charge_beam|dark_pulse|double_team|dream_eater|endure|facade|flash|frustration|hidden_power|light_screen|natural_gift|protect|psych_up|rain_dance|reflect|rest|return|secret_power|shadow_ball|shock_wave|sleep_talk|snatch|substitute|sunny_day|swagger|thief|thunder|thunder_wave|thunderbolt|toxic|will_o_wisp;mud_slap|ominous_wind|pain_split|signal_beam|snore|spite|sucker_punch|swift|trick|uproar;;indeterminate;;;479;Plasma;0,3;0,3;rojo;sin_genero;no;Desde hace mucho tiempo se estudia su singular motor como fuente de energía motriz.;rotom;;;
rotom_wash;Rotom Lavado;electric|ghost;50;65;107;105;107;86;levitate;;;medium_fast;154;45;sp_attack:1|speed:1;1:astonish|1:confuse_ray|1:thunder_shock|1:thunder_wave|1:trick|8:uproar|15:double_team|22:shock_wave|29:ominous_wind|36:substitute|43:charge|50:discharge;charge_beam|dark_pulse|double_team|dream_eater|endure|facade|flash|frustration|hidden_power|light_screen|natural_gift|protect|psych_up|rain_dance|reflect|rest|return|secret_power|shadow_ball|shock_wave|sleep_talk|snatch|substitute|sunny_day|swagger|thief|thunder|thunder_wave|thunderbolt|toxic|will_o_wisp;mud_slap|ominous_wind|pain_split|signal_beam|snore|spite|sucker_punch|swift|trick|uproar;;indeterminate;;;479;Plasma;0,3;0,3;rojo;sin_genero;no;Desde hace mucho tiempo se estudia su singular motor como fuente de energía motriz.;rotom;;;
rotom_frost;Rotom Frío;electric|ghost;50;65;107;105;107;86;levitate;;;medium_fast;154;45;sp_attack:1|speed:1;1:astonish|1:confuse_ray|1:thunder_shock|1:thunder_wave|1:trick|8:uproar|15:double_team|22:shock_wave|29:ominous_wind|36:substitute|43:charge|50:discharge;charge_beam|dark_pulse|double_team|dream_eater|endure|facade|flash|frustration|hidden_power|light_screen|natural_gift|protect|psych_up|rain_dance|reflect|rest|return|secret_power|shadow_ball|shock_wave|sleep_talk|snatch|substitute|sunny_day|swagger|thief|thunder|thunder_wave|thunderbolt|toxic|will_o_wisp;mud_slap|ominous_wind|pain_split|signal_beam|snore|spite|sucker_punch|swift|trick|uproar;;indeterminate;;;479;Plasma;0,3;0,3;rojo;sin_genero;no;Desde hace mucho tiempo se estudia su singular motor como fuente de energía motriz.;rotom;;;
rotom_fan;Rotom Ventilador;electric|ghost;50;65;107;105;107;86;levitate;;;medium_fast;154;45;sp_attack:1|speed:1;1:astonish|1:confuse_ray|1:thunder_shock|1:thunder_wave|1:trick|8:uproar|15:double_team|22:shock_wave|29:ominous_wind|36:substitute|43:charge|50:discharge;charge_beam|dark_pulse|double_team|dream_eater|endure|facade|flash|frustration|hidden_power|light_screen|natural_gift|protect|psych_up|rain_dance|reflect|rest|return|secret_power|shadow_ball|shock_wave|sleep_talk|snatch|substitute|sunny_day|swagger|thief|thunder|thunder_wave|thunderbolt|toxic|will_o_wisp;mud_slap|ominous_wind|pain_split|signal_beam|snore|spite|sucker_punch|swift|trick|uproar;;indeterminate;;;479;Plasma;0,3;0,3;rojo;sin_genero;no;Desde hace mucho tiempo se estudia su singular motor como fuente de energía motriz.;rotom;;;
rotom_mow;Rotom Corte;electric|ghost;50;65;107;105;107;86;levitate;;;medium_fast;154;45;sp_attack:1|speed:1;1:astonish|1:confuse_ray|1:thunder_shock|1:thunder_wave|1:trick|8:uproar|15:double_team|22:shock_wave|29:ominous_wind|36:substitute|43:charge|50:discharge;charge_beam|dark_pulse|double_team|dream_eater|endure|facade|flash|frustration|hidden_power|light_screen|natural_gift|protect|psych_up|rain_dance|reflect|rest|return|secret_power|shadow_ball|shock_wave|sleep_talk|snatch|substitute|sunny_day|swagger|thief|thunder|thunder_wave|thunderbolt|toxic|will_o_wisp;mud_slap|ominous_wind|pain_split|signal_beam|snore|spite|sucker_punch|swift|trick|uproar;;indeterminate;;;479;Plasma;0,3;0,3;rojo;sin_genero;no;Desde hace mucho tiempo se estudia su singular motor como fuente de energía motriz.;rotom;;;
shaymin_sky;Shaymin (Forma Cielo);grass|flying;100;103;75;120;75;127;serene_grace;;;medium_slow;270;45;hp:3;1:growth|10:magical_leaf|19:leech_seed|28:quick_attack|37:sweet_scent|46:natural_gift|55:worry_seed|64:air_slash|73:energy_ball|82:sweet_kiss|91:leaf_storm|100:seed_flare;bullet_seed|double_team|endure|energy_ball|facade|flash|frustration|giga_drain|giga_impact|grass_knot|hidden_power|hyper_beam|natural_gift|protect|psych_up|psychic|rest|return|safeguard|secret_power|sleep_talk|solar_beam|substitute|sunny_day|swagger|swords_dance|toxic;air_cutter|headbutt|last_resort|mud_slap|ominous_wind|seed_bomb|snore|swift|synthesis|tailwind|worry_seed|zen_headbutt;;no_eggs;;;492;Gratitud;0,4;5,2;verde;sin_genero;si;Puede disolver las toxinas del aire para transformar tierra yerma en campos de flores.;shaymin;gracidea;;
