id;especie;formato;nombre;puntuacion;objeto;habilidad;naturaleza;evs;ivs;movimientos
milotic_ou_1;milotic;ou;Physically Defensive;72;leftovers;;bold,calm;248 PS/252 Def/8 DefE;;surf/ice_beam/haze/recover
rotom_heat_ou_1;rotom_heat;ou;Choice Scarf;63;choice_scarf;;timid;4 Def/252 AtqE/252 Vel;;thunderbolt/overheat,hydro_pump,shadow_ball,leaf_storm/shadow_ball,hidden_power,will_o_wisp/trick,hidden_power
rotom_heat_ou_2;rotom_heat;ou;Defensive;38;leftovers;;bold;248 PS/252 Def/8 DefE;;rest/sleep_talk/thunderbolt,shadow_ball/will_o_wisp,shadow_ball
rotom_heat_ou_3;rotom_heat;ou;Utility;46;leftovers;;timid,modest;248 PS/8 AtqE/252 Vel;;pain_split/substitute,shadow_ball,hydro_pump,blizzard/will_o_wisp,shadow_ball/thunderbolt
rotom_wash_ou_1;rotom_wash;ou;Choice Scarf;56;choice_scarf;;timid;4 Def/252 AtqE/252 Vel;;thunderbolt/hydro_pump,overheat,shadow_ball,leaf_storm/shadow_ball,hidden_power,will_o_wisp/trick,hidden_power
rotom_wash_ou_2;rotom_wash;ou;Defensive;36;leftovers;;bold;248 PS/252 Def/8 DefE;;rest/sleep_talk/thunderbolt,shadow_ball/will_o_wisp,shadow_ball
rotom_wash_ou_3;rotom_wash;ou;Utility;47;leftovers;;timid,modest;248 PS/8 AtqE/252 Vel;;pain_split/substitute,shadow_ball,hydro_pump,blizzard/will_o_wisp,shadow_ball/thunderbolt
rotom_wash_ou_4;rotom_wash;ou;Rain Dance;30;colbur_berry,damp_rock;;modest;248 PS/112 AtqE/144 Vel;;rain_dance/hydro_pump/thunderbolt/will_o_wisp,shadow_ball
rotom_frost_ou_1;rotom_frost;ou;Choice Scarf;39;choice_scarf;;timid;4 Def/252 AtqE/252 Vel;;thunderbolt/shadow_ball,overheat,hydro_pump,leaf_storm/hidden_power,will_o_wisp/trick,hidden_power
rotom_frost_ou_2;rotom_frost;ou;Defensive;36;leftovers;;bold;248 PS/252 Def/8 DefE;;rest/sleep_talk/thunderbolt,shadow_ball/will_o_wisp,shadow_ball
rotom_frost_ou_3;rotom_frost;ou;Utility;49;leftovers;;timid,modest;248 PS/8 AtqE/252 Vel;;pain_split/substitute,shadow_ball,hydro_pump,blizzard/will_o_wisp,shadow_ball/thunderbolt
rotom_fan_ou_1;rotom_fan;ou;Choice Scarf;19;choice_scarf;;timid;4 Def/252 AtqE/252 Vel;;thunderbolt/shadow_ball,overheat,hydro_pump,leaf_storm/hidden_power,will_o_wisp/trick,hidden_power
rotom_fan_ou_2;rotom_fan;ou;Defensive;67;leftovers;;bold;248 PS/252 Def/8 DefE;;rest/sleep_talk/thunderbolt,shadow_ball/will_o_wisp,shadow_ball
rotom_fan_ou_3;rotom_fan;ou;Utility;43;leftovers;;timid,modest;248 PS/8 AtqE/252 Vel;;pain_split/substitute,shadow_ball,hydro_pump,blizzard/will_o_wisp,shadow_ball/thunderbolt
rotom_mow_ou_1;rotom_mow;ou;Choice Scarf;47;choice_scarf;;timid;4 Def/252 AtqE/252 Vel;;thunderbolt/leaf_storm,overheat,hydro_pump,shadow_ball/shadow_ball,hidden_power,will_o_wisp/trick,hidden_power
rotom_mow_ou_2;rotom_mow;ou;Defensive;42;leftovers;;bold;248 PS/252 Def/8 DefE;;rest/sleep_talk/thunderbolt,shadow_ball/will_o_wisp,shadow_ball
rotom_mow_ou_3;rotom_mow;ou;Utility;63;leftovers;;timid,modest;248 PS/8 AtqE/252 Vel;;pain_split/substitute,shadow_ball,hydro_pump,blizzard/will_o_wisp,shadow_ball/thunderbolt
venusaur_ou_1;venusaur;ou;Leech Seed;16;leftovers,black_sludge;;calm;252 PS/24 AtqE/176 DefE/56 Vel;;leech_seed/sleep_powder/leaf_storm,grass_knot/hidden_power,sludge_bomb
venusaur_ou_2;venusaur;ou;Swords Dance;37;life_orb;;jolly;4 PS/252 Atq/252 Vel;;swords_dance/sleep_powder/power_whip/earthquake
nidoqueen_ou_1;nidoqueen;ou;Physically Defensive Toxic Spikes;79;black_sludge;;relaxed;252 PS/252 Def/4 AtqE;;toxic_spikes/protect,stealth_rock/earthquake,earth_power/ice_beam,flamethrower,thunderbolt
nidoqueen_ou_2;nidoqueen;ou;Specially Defensive Toxic Spikes;79;black_sludge;;sassy;252 PS/4 AtqE/252 DefE;;toxic_spikes/protect,stealth_rock/earthquake/ice_beam
clefable_ou_1;clefable;ou;Support;81;leftovers;magic_guard;careful,calm;252 PS/4 Def/252 DefE;;thunder_wave,stealth_rock,protect/knock_off/seismic_toss/soft_boiled
clefable_ou_2;clefable;ou;Calm Mind;61;leftovers;magic_guard;bold;252 PS/252 Def/4 AtqE;;calm_mind/thunderbolt,flamethrower/ice_beam/soft_boiled
clefable_ou_3;clefable;ou;Wish;65;leftovers;magic_guard;calm;252 PS/4 Def/252 DefE;;wish/protect/seismic_toss/knock_off,encore
alakazam_ou_1;alakazam;ou;Substitute + 3 Attacks;57;life_orb,leftovers;;timid;4 PS/252 AtqE/252 Vel;;substitute/psychic/focus_blast/hidden_power,signal_beam
zapdos_ou_1;zapdos;ou;Physically Defensive;54;leftovers;;bold;248 PS/228 Def/32 Vel;;thunderbolt,discharge/roost/hidden_power/u_turn,heat_wave,toxic
zapdos_ou_2;zapdos;ou;SubRoost;48;leftovers;;timid;192 PS/64 Def/252 Vel;;substitute/roost/thunderbolt/hidden_power,toxic
zapdos_ou_3;zapdos;ou;Choice Specs;35;choice_specs;;modest,timid;4 PS/252 AtqE/252 Vel;;thunderbolt/hidden_power/heat_wave,sleep_talk/u_turn
zapdos_ou_4;zapdos;ou;Specially Defensive;54;leftovers;;calm;248 PS/228 DefE/32 Vel;;thunderbolt,discharge/hidden_power/heat_wave,roar/roost
zapdos_ou_5;zapdos;ou;Agility;48;leftovers,life_orb;;modest;112 PS/252 AtqE/144 Vel;;agility/thunderbolt/hidden_power/roost,heat_wave
moltres_ou_1;moltres;ou;SubRoost;67;leftovers;;bold;248 PS/200 Def/60 Vel;;substitute/roost/flamethrower/toxic,roar
feraligatr_ou_1;feraligatr;ou;Swords Dance;66;lum_berry,life_orb;;jolly;4 PS/252 Atq/252 Vel;;swords_dance/waterfall,aqua_tail/aqua_jet/return
hitmontop_ou_1;hitmontop;ou;Rapid Spin;65;leftovers;;impish;252 PS/252 Def/4 DefE;;rapid_spin/foresight/close_combat/stone_edge,rest
hitmontop_ou_2;hitmontop;ou;TechniTop (Technician);27;life_orb;technician;adamant;252 PS/252 Atq/4 Def;;fake_out/mach_punch/close_combat,low_kick/stone_edge,pursuit
swampert_ou_1;swampert;ou;Physically Offensive Stealth Rock;54;leftovers;;adamant;240 PS/252 Atq/16 Vel;;stealth_rock/earthquake/waterfall/ice_punch
swampert_ou_2;swampert;ou;Specially Offensive Stealth Rock;41;leftovers;;modest;240 PS/252 AtqE/16 Vel;;stealth_rock/hydro_pump/ice_beam/earth_power
swampert_ou_3;swampert;ou;Choice Band;27;choice_band;;adamant;172 PS/252 Atq/84 Vel;;waterfall/earthquake/stone_edge,superpower/ice_punch
swampert_ou_4;swampert;ou;Tank;55;leftovers;;relaxed;240 PS/216 Def/52 DefE;;earthquake/ice_beam/stealth_rock/roar,protect
swampert_ou_5;swampert;ou;Choice Specs;13;choice_specs;;modest;172 PS/252 AtqE/84 Vel;;hydro_pump/earth_power/ice_beam/hidden_power,sleep_talk
swampert_ou_6;swampert;ou;Mixed Attacker;42;leftovers;;brave;112 PS/216 Atq/100 AtqE/80 Vel;;earthquake/hydro_pump/ice_beam/focus_punch
swampert_ou_7;swampert;ou;Curse;39;leftovers;;careful;240 PS/16 Def/252 DefE;;curse/rest/earthquake,waterfall/ice_punch,waterfall,sleep_talk
regirock_ou_1;regirock;ou;Curse;20;chesto_berry,leftovers;;careful;252 PS/4 Atq/252 DefE;;curse/rock_slide/rest/earthquake,sleep_talk
registeel_ou_1;registeel;ou;Tank;42;leftovers;;impish;252 PS/168 Atq/88 Def;;stealth_rock/explosion/ice_punch/earthquake,toxic
torterra_ou_1;torterra;ou;Rock Polish;41;life_orb;;jolly;252 Atq/4 Def/252 Vel;;rock_polish/earthquake/wood_hammer/return,stone_edge
infernape_ou_1;infernape;ou;Mixed Attacker;46;expert_belt,life_orb,leftovers;;naive,rash;64 Atq/252 AtqE/192 Vel;;fire_blast,overheat/close_combat/u_turn,hidden_power,mach_punch/grass_knot,u_turn,slack_off
infernape_ou_2;infernape;ou;Physical Attacker;30;leftovers;;jolly;252 Atq/4 DefE/252 Vel;;flare_blitz,blaze_kick/close_combat/taunt,slack_off/u_turn,slack_off
infernape_ou_3;infernape;ou;Choice Band;36;choice_band;;jolly,adamant;252 Atq/4 DefE/252 Vel;;flare_blitz,blaze_kick/close_combat/u_turn/mach_punch,stone_edge
infernape_ou_4;infernape;ou;Nasty Plot;34;passho_berry,lum_berry,life_orb;;timid,naive;252 AtqE/4 DefE/252 Vel;;nasty_plot/fire_blast/grass_knot,hidden_power/vacuum_wave,close_combat
empoleon_ou_1;empoleon;ou;Lead;38;focus_sash;;modest,rash;4 Atq/252 AtqE/252 Vel;;hydro_pump/ice_beam/grass_knot,knock_off/aqua_jet,knock_off
empoleon_ou_2;empoleon;ou;Agility;31;shuca_berry,wacan_berry,petaya_berry;;modest,timid;252 AtqE/4 DefE/252 Vel;;agility/hydro_pump,surf/ice_beam/grass_knot,substitute
empoleon_ou_3;empoleon;ou;Specially Defensive;21;leftovers;;calm;252 PS/252 DefE/4 Vel;;surf/knock_off/roar,protect/stealth_rock
empoleon_ou_4;empoleon;ou;Choice Specs;33;choice_specs;;modest;252 AtqE/4 DefE/252 Vel;;hydro_pump/surf/ice_beam/grass_knot
staraptor_ou_1;staraptor;ou;Choice Band;55;choice_band;;adamant,jolly;252 Atq/4 Def/252 Vel;;brave_bird/return,double_edge/close_combat/u_turn,pursuit,quick_attack
staraptor_ou_2;staraptor;ou;Choice Scarf;45;choice_scarf;;adamant;56 PS/252 Atq/200 Vel;;brave_bird/return,double_edge/close_combat/u_turn,pursuit
staraptor_ou_3;staraptor;ou;Life Orb;38;life_orb;;jolly,adamant;252 Atq/4 Def/252 Vel;;brave_bird/close_combat/return/roost
staraptor_ou_4;staraptor;ou;SubRoost;33;sharp_beak;;jolly;252 Atq/4 Def/252 Vel;;substitute/roost/brave_bird/close_combat
roserade_ou_1;roserade;ou;Spikes;65;black_sludge;poison_point,natural_cure;bold;252 PS/232 Def/24 Vel;;spikes/grass_knot,energy_ball,sludge_bomb/hidden_power/stun_spore,toxic_spikes,sleep_talk
roserade_ou_2;roserade;ou;Offensive;49;focus_sash,black_sludge;poison_point,natural_cure;timid;4 Def/252 AtqE/252 Vel;;toxic_spikes/sleep_powder/leaf_storm/hidden_power
roserade_ou_3;roserade;ou;Choice Scarf;33;choice_scarf;natural_cure,poison_point;modest,timid;4 Def/252 AtqE/252 Vel;;sleep_powder/leaf_storm/hidden_power/sludge_bomb,toxic_spikes
togekiss_ou_1;togekiss;ou;Defensive Nasty Plot;67;leftovers;serene_grace;bold;252 PS/192 Def/64 Vel;;nasty_plot/air_slash/roost,soft_boiled/thunder_wave,substitute,heal_bell,aura_sphere
togekiss_ou_2;togekiss;ou;All-Out Attacker;52;lum_berry;serene_grace;timid,modest;252 AtqE/4 DefE/252 Vel;;air_slash/aura_sphere/fire_blast,flamethrower/thunder_wave,body_slam,ominous_wind
dusknoir_ou_1;dusknoir;ou;Offensive Spinblocker;19;custap_berry,expert_belt;;adamant;252 PS/252 Atq/4 Def;;earthquake/thunder_punch,fire_punch/ice_punch,fire_punch/shadow_sneak
gengar_ou_1;gengar;ou;Utility;43;black_sludge,lum_berry;;timid;84 PS/172 AtqE/252 Vel;;shadow_ball/focus_blast/will_o_wisp/taunt,explosion
gengar_ou_2;gengar;ou;Substitute;58;life_orb,black_sludge;;timid;4 Def/252 AtqE/252 Vel;;substitute/pain_split,trick/shadow_ball/focus_blast
gengar_ou_3;gengar;ou;Offensive;50;life_orb;;naive,timid;4 Def/252 AtqE/252 Vel;;shadow_ball/focus_blast/explosion,thunderbolt/taunt,hidden_power,explosion
qwilfish_ou_1;qwilfish;ou;Swords Dance;53;life_orb;swift_swim;adamant;252 Atq/4 Def/252 Vel;;swords_dance/waterfall/poison_jab/explosion
raikou_ou_1;raikou;ou;Calm Mind + Protect;40;leftovers;;timid;252 AtqE/4 DefE/252 Vel;;calm_mind/protect/thunderbolt/hidden_power
raikou_ou_2;raikou;ou;Shuca Berry;45;shuca_berry;;rash;252 AtqE/4 DefE/252 Vel;;thunderbolt/aura_sphere/shadow_ball,calm_mind/hidden_power
raikou_ou_3;raikou;ou;Attacking Lead;53;lum_berry,life_orb;;rash;252 AtqE/4 DefE/252 Vel;;thunderbolt/aura_sphere/hidden_power/extreme_speed
suicune_ou_1;suicune;ou;Supercune (Offensive Calm Mind);69;leftovers,lum_berry;;timid,modest;252 AtqE/4 DefE/252 Vel;;calm_mind/hydro_pump/ice_beam/hidden_power,protect
suicune_ou_2;suicune;ou;CroCune (Defensive Calm Mind + RestTalk);47;leftovers;;bold;252 PS/252 Def/4 DefE;;calm_mind/surf/rest/sleep_talk
suicune_ou_3;suicune;ou;SubCune;60;leftovers;;modest;252 PS/104 AtqE/152 Vel;;substitute/calm_mind/surf,hydro_pump/protect,ice_beam
flygon_ou_1;flygon;ou;Choice Scarf;55;choice_scarf;;jolly,adamant;252 Atq/4 DefE/252 Vel;;earthquake/outrage/u_turn/thunder_punch,roost,dragon_claw
flygon_ou_2;flygon;ou;Mixed Attacker;45;life_orb,expert_belt;;hasty,mild;4 Atq/252 AtqE/252 Vel;;draco_meteor/earthquake/fire_blast/roost,outrage
flygon_ou_3;flygon;ou;Choice Band;40;choice_band;;adamant,jolly;252 Atq/4 DefE/252 Vel;;earthquake/outrage/u_turn/fire_punch,stone_edge,dragon_claw
magnezone_ou_1;magnezone;ou;Magnet Rise;46;leftovers;;timid,modest;252 AtqE/4 DefE/252 Vel;;magnet_rise/thunderbolt/hidden_power/thunder_wave,toxic,protect
magnezone_ou_2;magnezone;ou;Choice Scarf;51;choice_scarf;;timid;4 Atq/252 AtqE/252 Vel;;thunderbolt/hidden_power/thunder_wave/explosion,flash_cannon
magnezone_ou_3;magnezone;ou;Endure;35;custap_berry;;rash,modest;56 PS/232 AtqE/220 Vel;;endure/thunderbolt/hidden_power/explosion,magnet_rise
gallade_ou_1;gallade;ou;Attacking Lead;32;lum_berry;;jolly;252 Atq/4 Def/252 Vel;;close_combat/will_o_wisp/taunt/ice_punch,destiny_bond
heatran_ou_1;heatran;ou;Utility;44;leftovers,shuca_berry,passho_berry,focus_sash;;modest,timid;252 PS/4 AtqE/252 Vel;;stealth_rock,will_o_wisp/fire_blast,flamethrower/earth_power,hidden_power/explosion
heatran_ou_2;heatran;ou;Trapper;33;passho_berry,shuca_berry,leftovers,lum_berry;;modest;4 PS/252 AtqE/252 Vel;;magma_storm/dragon_pulse,toxic/hidden_power,taunt,earth_power/explosion,taunt,protect
heatran_ou_3;heatran;ou;Substitute;39;leftovers;;timid,hasty;252 AtqE/4 DefE/252 Vel;;substitute/protect,explosion,toxic/fire_blast,lava_plume/earth_power,dragon_pulse
heatran_ou_4;heatran;ou;Choice Specs;19;choice_specs;;modest,quiet;252 AtqE/4 DefE/252 Vel;;overheat,eruption/flamethrower/dragon_pulse/hidden_power,earth_power
heatran_ou_5;heatran;ou;Choice Scarf;38;choice_scarf;;hasty,timid;252 AtqE/4 DefE/252 Vel;;fire_blast,flamethrower/earth_power/explosion/hidden_power,dragon_pulse,stealth_rock
heatran_ou_6;heatran;ou;Specially Defensive;35;leftovers;;calm,sassy;252 PS/4 AtqE/252 DefE;;lava_plume/protect/stealth_rock,roar/explosion,stealth_rock,earth_power
heatran_ou_7;heatran;ou;Torment;20;leftovers;;calm;252 PS/40 DefE/216 Vel;;torment/substitute/protect,roar/lava_plume
cresselia_ou_1;cresselia;ou;Defensive;40;leftovers;;relaxed;252 PS/252 Def/4 DefE;;thunder_wave/ice_beam,psychic/lunar_dance/rest
cresselia_ou_2;cresselia;ou;Dual Screens;39;light_clay;;bold;252 PS/148 Def/40 DefE/68 Vel;;reflect/light_screen/lunar_dance/thunder_wave,ice_beam,psychic
cresselia_ou_3;cresselia;ou;Calm Mind;21;leftovers;;bold;252 PS/112 Def/48 AtqE/80 DefE/16 Vel;;calm_mind/psychic/hidden_power,ice_beam,sleep_talk/rest,moonlight
kakuna_ou_1;kakuna;ou;Tank;0;leftovers,black_sludge;;impish;252 PS/80 Atq/176 Def;;poison_sting/iron_defense/string_shot/bug_bite
kakuna_ou_2;kakuna;ou;Sweeper;0;metronome;;adamant;4 PS/252 Atq/252 Vel;;poison_sting/iron_defense/string_shot/bug_bite
kakuna_ou_3;kakuna;ou;Choice;0;choice_band,choice_scarf;;adamant,jolly;4 PS/252 Atq/252 Vel;;poison_sting/bug_bite
kakuna_ou_4;kakuna;ou;Trapper Counter;0;shed_shell;;impish;252 PS/252 Def/4 DefE;;poison_sting/iron_defense/string_shot/bug_bite
kakuna_ou_5;kakuna;ou;Classic Tank;0;sticky_barb;;impish;252 PS/252 Def/4 DefE;;iron_defense/bug_bite/poison_sting
tentacruel_ou_1;tentacruel;ou;Defensive Rapid Spin;54;black_sludge;liquid_ooze;calm;244 PS/100 Def/164 DefE;;rapid_spin/surf/toxic_spikes/sludge_bomb,knock_off
slowbro_ou_1;slowbro;ou;Utility Counter;68;leftovers;own_tempo;bold;252 PS/252 Def/4 DefE;;slack_off/surf/ice_beam,hidden_power/thunder_wave,toxic
slowbro_ou_2;slowbro;ou;Choice Specs;44;choice_specs;own_tempo;modest;252 PS/4 Def/252 AtqE;;surf/psychic/trick/fire_blast,ice_beam,slack_off
magneton_ou_1;magneton;ou;Choice Scarf;62;choice_scarf;;naive,hasty;4 Atq/252 AtqE/252 Vel;;thunderbolt/hidden_power/flash_cannon/explosion
starmie_ou_1;starmie;ou;Defensive Rapid Spin;64;leftovers;natural_cure;timid;252 PS/4 Def/252 Vel;;rapid_spin/recover/surf,hydro_pump/thunder_wave,thunderbolt,psychic
starmie_ou_2;starmie;ou;Offensive Rapid Spin;63;leftovers,colbur_berry;natural_cure;timid;4 Def/252 AtqE/252 Vel;;hydro_pump,surf/thunderbolt,grass_knot,thunder_wave/ice_beam/rapid_spin
starmie_ou_3;starmie;ou;Choice Specs;49;choice_specs;natural_cure;timid,modest;252 AtqE/4 DefE/252 Vel;;hydro_pump/psychic,thunderbolt/rapid_spin,ice_beam/trick
gyarados_ou_1;gyarados;ou;Offensive Dragon Dance;54;wacan_berry,lum_berry,leftovers;;adamant,jolly;252 Atq/4 Def/252 Vel;;dragon_dance/waterfall/ice_fang,outrage,bounce/earthquake,stone_edge,thunder_wave,taunt
gyarados_ou_2;gyarados;ou;Defensive RestTalk;30;leftovers;;impish;248 PS/252 Def/8 DefE;;rest/sleep_talk/waterfall/roar
gyarados_ou_3;gyarados;ou;Choice Band;32;choice_band;;adamant;252 Atq/4 Def/252 Vel;;waterfall/payback/stone_edge/earthquake,ice_fang
vaporeon_ou_1;vaporeon;ou;Offensive Substitute Pass;42;leftovers;;modest;16 PS/240 AtqE/252 Vel;;hydro_pump,surf/ice_beam/substitute/baton_pass
jolteon_ou_1;jolteon;ou;Choice Specs;29;choice_specs;;timid;252 AtqE/4 DefE/252 Vel;;thunderbolt/shadow_ball/signal_beam/hidden_power
kabutops_ou_1;kabutops;ou;Swords Dance;69;life_orb;;adamant;32 PS/252 Atq/20 Def/204 Vel;;swords_dance/waterfall/stone_edge/aqua_jet
aerodactyl_ou_1;aerodactyl;ou;Lead;78;focus_sash,lum_berry;pressure;jolly;252 Atq/4 Def/252 Vel;;stealth_rock/taunt/earthquake,double_edge/stone_edge,substitute
aerodactyl_ou_2;aerodactyl;ou;Life Orb;49;life_orb;pressure;jolly;252 Atq/4 Def/252 Vel;;stone_edge/earthquake/taunt/roost
aerodactyl_ou_3;aerodactyl;ou;SubRoost;39;leftovers;pressure;jolly;148 PS/108 Atq/252 Vel;;substitute/roost/taunt/rock_slide
snorlax_ou_1;snorlax;ou;Utility;55;lum_berry;thick_fat;adamant;252 Atq/4 Def/252 DefE;;body_slam,return/curse,earthquake,fire_punch/crunch,earthquake,fire_punch/self_destruct,pursuit
dragonite_ou_1;dragonite;ou;Offensive Dragon Dance;54;lum_berry,yache_berry,life_orb;;adamant;252 Atq/4 Def/252 Vel;;dragon_dance/outrage/fire_punch,extreme_speed/earthquake,extreme_speed
dragonite_ou_2;dragonite;ou;Mixed;34;life_orb;;rash,naive;4 Atq/252 AtqE/252 Vel;;draco_meteor/fire_blast,flamethrower/superpower/extreme_speed,roost,outrage
dragonite_ou_3;dragonite;ou;Choice Band;45;choice_band;;adamant;252 Atq/4 Def/252 Vel;;outrage/extreme_speed/superpower,fire_punch,earthquake/sleep_talk,fire_punch,dragon_claw
dragonite_ou_4;dragonite;ou;Bulky Dragon Dance;10;leftovers;;careful,jolly;248 PS/144 DefE/116 Vel;;dragon_dance/heal_bell,substitute/roost/dragon_claw
crobat_ou_1;crobat;ou;Stallbreaker;37;black_sludge;;jolly;248 PS/116 Def/144 Vel;;taunt/roost/brave_bird/u_turn,super_fang
quagsire_ou_1;quagsire;ou;Specially Defensive;82;leftovers;water_absorb;careful;252 PS/56 Def/200 DefE;;earthquake/encore/recover/toxic,ice_punch
umbreon_ou_1;umbreon;ou;Specially Defensive;65;leftovers;;careful;252 PS/4 Def/252 DefE;;wish/protect/curse/payback
forretress_ou_1;forretress;ou;Specially Defensive;54;leftovers;;careful;252 PS/4 Def/252 DefE;;spikes,toxic_spikes/rapid_spin/payback,toxic/protect,rest
forretress_ou_2;forretress;ou;Physically Defensive;60;leftovers,shed_shell;;impish,relaxed;252 PS/112 Atq/144 Def;;spikes,toxic_spikes/rapid_spin/payback,gyro_ball/earthquake,explosion
scizor_ou_1;scizor;ou;Choice Band;66;choice_band;technician;adamant;248 PS/252 Atq/8 DefE;;u_turn/bullet_punch/superpower/pursuit,quick_attack
scizor_ou_2;scizor;ou;Bulky Swords Dance;62;leftovers;technician;adamant;248 PS/56 Atq/204 DefE;;swords_dance/bullet_punch/u_turn,superpower,bug_bite/roost
scizor_ou_3;scizor;ou;Offensive Swords Dance;60;life_orb,occa_berry;technician;adamant,jolly;32 PS/252 Atq/224 Vel;;swords_dance/bullet_punch/bug_bite,pursuit,quick_attack/superpower
scizor_ou_4;scizor;ou;Choice Scarf;59;choice_scarf;technician;jolly;12 PS/252 Atq/244 Vel;;u_turn/pursuit/superpower/bullet_punch,iron_head
heracross_ou_1;heracross;ou;Choice Scarf;69;choice_scarf;guts;jolly,adamant;4 PS/252 Atq/252 Vel;;close_combat/megahorn/stone_edge/toxic,night_slash,sleep_talk
heracross_ou_2;heracross;ou;Choice Band;62;choice_band;guts;jolly,adamant;4 PS/252 Atq/252 Vel;;close_combat/megahorn/stone_edge/pursuit,sleep_talk
heracross_ou_3;heracross;ou;Swords Dance;57;flame_orb,toxic_orb;guts;jolly;4 PS/252 Atq/252 Vel;;swords_dance/close_combat/megahorn/facade,night_slash
skarmory_ou_1;skarmory;ou;Physically Defensive;59;leftovers,shed_shell;;impish;252 PS/252 Def/4 DefE;;spikes/roost/whirlwind/brave_bird,drill_peck,counter
skarmory_ou_2;skarmory;ou;Specially Defensive;59;leftovers;;careful,impish;252 PS/4 Def/252 DefE;;spikes/roost/whirlwind/brave_bird,stealth_rock,counter,taunt
skarmory_ou_3;skarmory;ou;Offensive Spiker;34;lum_berry,focus_sash;;jolly,timid;252 PS/4 Atq/252 Vel;;spikes/stealth_rock/taunt/brave_bird,drill_peck,icy_wind
kingdra_ou_1;kingdra;ou;Choice Specs;40;choice_specs;;modest;252 AtqE/4 DefE/252 Vel;;hydro_pump/surf/draco_meteor/dragon_pulse
kingdra_ou_2;kingdra;ou;Dragon Dance;33;lum_berry,leftovers;;adamant;252 Atq/4 DefE/252 Vel;;dragon_dance/waterfall/outrage/substitute,rest,rain_dance
kingdra_ou_3;kingdra;ou;Rain Dance;22;life_orb,mystic_water;;modest;252 AtqE/4 DefE/252 Vel;;rain_dance/hydro_pump,surf/draco_meteor/signal_beam,hidden_power
donphan_ou_1;donphan;ou;Standard;70;leftovers;;impish;252 PS/252 Def/4 DefE;;earthquake/rapid_spin/stealth_rock,odor_sleuth,protect/ice_shard,knock_off,assurance,rest
porygon2_ou_1;porygon2;ou;Utility Counter;76;leftovers;;bold;252 PS/216 Def/40 AtqE;;recover/thunderbolt,discharge/ice_beam/thunder_wave,toxic
porygon2_ou_2;porygon2;ou;Trick Room;72;leftovers;;quiet;252 PS/120 Def/136 AtqE;;trick_room/recover/thunderbolt/ice_beam
smeargle_ou_1;smeargle;ou;Lead;38;choice_scarf,focus_sash;;jolly;4 PS/252 Def/252 Vel;;spore/stealth_rock,spikes/u_turn,taunt/trick,spikes,lunar_dance
blissey_ou_1;blissey;ou;Standard;67;leftovers;;bold;252 PS/252 Def/4 DefE;;soft_boiled/seismic_toss/thunder_wave,ice_beam/stealth_rock,ice_beam
tyranitar_ou_1;tyranitar;ou;Choice Scarf;45;choice_scarf;;jolly;252 Atq/4 DefE/252 Vel;;crunch/pursuit/superpower,earthquake/stone_edge,ice_beam,stealth_rock
tyranitar_ou_2;tyranitar;ou;Dragon Dance;32;lum_berry,chople_berry,shuca_berry;;jolly;252 Atq/4 DefE/252 Vel;;dragon_dance/crunch,stone_edge/earthquake,aqua_tail/fire_punch,ice_punch,taunt
tyranitar_ou_3;tyranitar;ou;All Purpose;40;passho_berry,custap_berry,lum_berry;;lonely,adamant,brave;48 PS/144 Atq/52 AtqE/184 DefE/80 Vel;;crunch/fire_blast,stealth_rock,ice_beam/pursuit,fire_blast,ice_beam/stone_edge,earthquake,superpower
tyranitar_ou_4;tyranitar;ou;Choice Band;44;choice_band;;adamant;180 PS/252 Atq/76 Vel;;stone_edge/crunch/pursuit/superpower,earthquake,fire_punch,aqua_tail
tyranitar_ou_5;tyranitar;ou;Defensive;23;leftovers;;careful,impish;252 PS/4 Def/252 DefE;;stealth_rock/protect/crunch,payback/earthquake,low_kick
tyranitar_ou_6;tyranitar;ou;TyraniBoah (SubPunch);17;leftovers;;lonely;252 PS/156 Atq/100 AtqE;;substitute/focus_punch/ice_beam/crunch
celebi_ou_1;celebi;ou;Utility;57;leftovers;;bold;252 PS/220 Def/36 Vel;;recover/thunder_wave,stealth_rock/grass_knot,leaf_storm/hidden_power,psychic,u_turn
celebi_ou_2;celebi;ou;Nasty Plot;50;leftovers,meadow_plate,colbur_berry;;modest,timid;4 PS/252 AtqE/252 Vel;;nasty_plot/leaf_storm,grass_knot,psychic/earth_power/hidden_power,recover
ludicolo_ou_1;ludicolo;ou;Rain Dance Special Attacker;65;life_orb;;modest;60 PS/252 AtqE/196 Vel;;surf/grass_knot,energy_ball/ice_beam/rain_dance,focus_punch
ludicolo_ou_2;ludicolo;ou;Swords Dance;21;life_orb;;adamant;60 PS/252 Atq/196 Vel;;swords_dance/waterfall/seed_bomb/ice_punch
breloom_ou_1;breloom;ou;Offensive;68;toxic_orb;poison_heal;adamant;76 PS/248 Atq/184 Vel;;spore/superpower,focus_punch/seed_bomb/mach_punch
breloom_ou_2;breloom;ou;Defensive;73;toxic_orb;poison_heal;impish;252 PS/252 Def/4 DefE;;leech_seed/force_palm,superpower,facade/protect/spore,seed_bomb
breloom_ou_3;breloom;ou;Lead;20;choice_scarf,focus_sash;;jolly;252 Atq/4 Def/252 Vel;;spore/superpower,focus_punch/seed_bomb/stone_edge,stun_spore
breloom_ou_4;breloom;ou;Swords Dance;73;toxic_orb;poison_heal;adamant,jolly;12 PS/244 Atq/252 Vel;;swords_dance/seed_bomb/superpower/facade,spore,mach_punch
breloom_ou_5;breloom;ou;SubPunch;55;toxic_orb;poison_heal;adamant;252 PS/48 Atq/208 Def;;spore/substitute/focus_punch/seed_bomb,leech_seed
ninjask_ou_1;ninjask;ou;Swords Dance + Power Herb;37;power_herb;;adamant;184 PS/252 Atq/4 Def/68 Vel;;swords_dance/x_scissor/night_slash/dig
hariyama_ou_1;hariyama;ou;Attacking Lead;61;toxic_orb,flame_orb;guts;adamant;252 Atq/164 DefE/92 Vel;;fake_out/close_combat,low_kick/payback/ice_punch,stone_edge
aggron_ou_1;aggron;ou;Choice Band;77;choice_band;rock_head;jolly;4 PS/252 Atq/252 Vel;;head_smash/earthquake/aqua_tail/ice_punch
aggron_ou_2;aggron;ou;Rock Polish;61;life_orb;rock_head;jolly;4 PS/252 Atq/252 Vel;;rock_polish/head_smash/earthquake/ice_punch,aqua_tail
aggron_ou_3;aggron;ou;Substitute;61;leftovers;rock_head;adamant;252 PS/252 Atq/4 DefE;;substitute/head_smash/earthquake/ice_punch,magnet_rise,aqua_tail
camerupt_ou_1;camerupt;ou;Utility;65;leftovers;solid_rock;sassy;248 PS/48 Atq/36 Def/176 DefE;;stealth_rock/explosion/lava_plume/earthquake
claydol_ou_1;claydol;ou;Support;63;leftovers;;relaxed,bold;252 PS/112 Atq/144 Def;;rapid_spin/stealth_rock/earthquake,earth_power/explosion,ice_beam
cradily_ou_1;cradily;ou;Curse;72;leftovers;;careful;252 PS/4 Atq/252 DefE;;curse/rock_slide/recover,rest/earthquake,sleep_talk
walrein_ou_1;walrein;ou;Stallrein (Toxic Stall);95;leftovers;ice_body;bold;232 PS/252 Def/24 DefE;;protect/substitute/toxic,roar,super_fang/surf,blizzard
metagross_ou_1;metagross;ou;Utility;50;lum_berry,leftovers,shuca_berry,focus_sash;;adamant;252 PS/252 Atq/4 DefE;;meteor_mash/earthquake/explosion/stealth_rock,thunder_punch,bullet_punch
metagross_ou_2;metagross;ou;Agility;48;lum_berry,shuca_berry;;adamant,jolly;252 Atq/4 DefE/252 Vel;;agility/earthquake/meteor_mash,zen_headbutt/explosion,thunder_punch,ice_punch
metagross_ou_3;metagross;ou;Trick + Iron Ball;44;iron_ball;;adamant;252 PS/236 Atq/20 Vel;;trick/earthquake/meteor_mash/explosion,stealth_rock
metagross_ou_4;metagross;ou;Choice Scarf;43;choice_scarf;;jolly;252 Atq/4 DefE/252 Vel;;meteor_mash/earthquake/thunder_punch,ice_punch/explosion,pursuit,trick
latias_ou_1;latias;ou;Choice Specs;41;choice_specs;;timid,modest;252 AtqE/4 DefE/252 Vel;;draco_meteor/dragon_pulse,hidden_power,thunderbolt/surf,sleep_talk/trick,sleep_talk
latias_ou_2;latias;ou;Defensive;24;leftovers;;bold,relaxed;252 PS/160 Def/96 Vel;;ice_beam,dragon_pulse/thunder_wave,thunderbolt,grass_knot/roar,reflect,earthquake/recover
latias_ou_3;latias;ou;Choice Scarf;37;choice_scarf;;timid;252 AtqE/4 DefE/252 Vel;;draco_meteor/thunderbolt,thunder_wave,recover/trick/healing_wish,surf
latias_ou_4;latias;ou;Defensive Calm Mind;19;leftovers;;bold;252 PS/200 Def/56 Vel;;calm_mind/dragon_pulse/roar,refresh,substitute/recover
latias_ou_5;latias;ou;Calm Mind + 2 Attacks;31;leftovers,colbur_berry;;timid;252 PS/4 AtqE/252 Vel;;calm_mind/dragon_pulse,draco_meteor/hidden_power,surf/recover
latias_ou_6;latias;ou;Expert Belt;21;expert_belt;;timid;252 AtqE/4 DefE/252 Vel;;draco_meteor,dragon_pulse/grass_knot/surf/hidden_power
latias_ou_7;latias;ou;Life Orb;28;life_orb;;timid,modest;252 AtqE/4 DefE/252 Vel;;draco_meteor/hidden_power,thunder_wave,healing_wish/surf/recover
jirachi_ou_1;jirachi;ou;Utility;44;leftovers;;jolly,adamant;252 PS/80 Atq/176 Vel;;iron_head/body_slam,thunder,thunder_wave/fire_punch,u_turn/protect,stealth_rock,substitute,wish
jirachi_ou_2;jirachi;ou;Wish + Protect;40;leftovers;;impish,careful;252 PS/224 Def/32 Vel;;wish/protect/iron_head/body_slam,u_turn
jirachi_ou_3;jirachi;ou;Offensive;43;leftovers;;jolly;4 PS/252 Atq/252 Vel;;iron_head/body_slam/fire_punch/protect,refresh,ice_punch
jirachi_ou_4;jirachi;ou;Offensive Calm Mind (Superachi);36;leftovers,lum_berry,shuca_berry;;timid,hasty;4 PS/252 AtqE/252 Vel;;calm_mind/psychic/thunderbolt,grass_knot,draco_meteor/hidden_power,iron_head
jirachi_ou_5;jirachi;ou;Mixed Attacker;41;shuca_berry,leftovers,expert_belt;;naive,hasty;252 Atq/4 AtqE/252 Vel;;iron_head/ice_punch,icy_wind,thunderbolt/fire_punch,hidden_power/grass_knot,thunder,thunderbolt
jirachi_ou_6;jirachi;ou;Choice Scarf;30;choice_scarf;;jolly,adamant;4 PS/252 Atq/252 Vel;;iron_head/fire_punch/trick/ice_punch,thunder_punch,u_turn,body_slam
jirachi_ou_7;jirachi;ou;Wish + Calm Mind;28;leftovers;;bold;252 PS/224 Def/32 Vel;;calm_mind/wish/psychic,flash_cannon/thunderbolt
gastrodon_ou_1;gastrodon;ou;Curse;66;leftovers;;careful;252 PS/16 Def/240 DefE;;curse/waterfall/earthquake/recover
honchkrow_ou_1;honchkrow;ou;Life Orb;63;life_orb;;naughty,naive;252 Atq/4 AtqE/252 Vel;;brave_bird/sucker_punch/superpower/heat_wave
bronzong_ou_1;bronzong;ou;Offensive Trick Room;52;macho_brace;;brave;252 PS/252 Atq/4 DefE;;trick_room/gyro_ball/earthquake/explosion
bronzong_ou_2;bronzong;ou;Tank;42;leftovers;;sassy;252 PS/128 Def/128 DefE;;stealth_rock,protect/toxic,protect/gyro_ball,hidden_power,payback/earthquake
bronzong_ou_3;bronzong;ou;Offensive Stealth Rock;50;occa_berry,lum_berry;;brave;252 PS/252 Atq/4 DefE;;stealth_rock/gyro_ball/earthquake/explosion
spiritomb_ou_1;spiritomb;ou;RestTalk;34;leftovers;;calm;248 PS/148 Def/112 DefE;;rest/sleep_talk/shadow_ball/will_o_wisp
spiritomb_ou_2;spiritomb;ou;Curse;45;leftovers;;careful;248 PS/8 Def/252 DefE;;curse/will_o_wisp/pursuit/rest
lucario_ou_1;lucario;ou;Swords Dance;68;life_orb;inner_focus;adamant,jolly;252 Atq/4 DefE/252 Vel;;swords_dance/close_combat/extreme_speed/bullet_punch,crunch,ice_punch
lucario_ou_2;lucario;ou;Choice Scarf;40;choice_scarf;inner_focus;jolly,adamant;252 Atq/4 DefE/252 Vel;;close_combat/thunder_punch/ice_punch/crunch,copycat,swords_dance
hippowdon_ou_1;hippowdon;ou;Physically Defensive;77;leftovers;;impish;252 PS/4 Atq/252 Def;;stealth_rock/slack_off/earthquake/roar,ice_fang
hippowdon_ou_2;hippowdon;ou;Specially Defensive;77;leftovers;;careful;252 PS/4 Atq/252 DefE;;stealth_rock/slack_off/earthquake/ice_fang,roar
abomasnow_ou_1;abomasnow;ou;Leech Seed;57;leftovers;;adamant;252 PS/252 Atq/4 DefE;;leech_seed/protect/wood_hammer/ice_shard,blizzard
abomasnow_ou_2;abomasnow;ou;All-out Attacker;51;leftovers;;lonely,brave;252 Atq/172 AtqE/84 Vel;;wood_hammer/blizzard/ice_shard/earthquake,focus_punch
weavile_ou_1;weavile;ou;Standard;50;expert_belt,black_glasses,lum_berry;;jolly;252 Atq/4 DefE/252 Vel;;pursuit/ice_shard/low_kick/night_slash,ice_punch
rhyperior_ou_1;rhyperior;ou;Choice Band;55;choice_band;solid_rock;adamant;252 Atq/4 DefE/252 Vel;;earthquake/rock_slide,stone_edge/megahorn/rock_wrecker,ice_punch
rhyperior_ou_2;rhyperior;ou;Substitute;68;leftovers;solid_rock;adamant;136 PS/208 Atq/164 Vel;;substitute/earthquake/stone_edge/ice_punch,megahorn,swords_dance
electivire_ou_1;electivire;ou;Mixed Attacker;52;expert_belt;;lonely;116 Atq/244 AtqE/148 Vel;;thunderbolt/ice_punch,hidden_power/cross_chop,earthquake/flamethrower
yanmega_ou_1;yanmega;ou;Attacking Lead;52;focus_sash;;modest;104 Def/252 AtqE/152 Vel;;protect/bug_buzz/air_slash/hidden_power
yanmega_ou_2;yanmega;ou;Choice Specs;70;choice_specs;tinted_lens;modest,timid;4 Def/252 AtqE/252 Vel;;bug_buzz/air_slash/hidden_power/u_turn
gliscor_ou_1;gliscor;ou;Stallbreaker;60;leftovers;;jolly,impish;252 PS/4 Atq/252 Vel;;taunt/earthquake/ice_fang,knock_off,wing_attack/roost
gliscor_ou_2;gliscor;ou;Swords Dance;56;yache_berry,leftovers,power_herb;;jolly;252 Atq/4 Def/252 Vel;;swords_dance/earthquake/ice_fang/roost,thunder_fang,taunt,sky_attack
mamoswine_ou_1;mamoswine;ou;Physical Attacker;54;leftovers,life_orb,never_melt_ice;;adamant,jolly;252 Atq/4 DefE/252 Vel;;earthquake/ice_shard/ice_fang,stone_edge,knock_off/substitute,superpower
mamoswine_ou_2;mamoswine;ou;Mixed;46;never_melt_ice;;naughty,naive;196 Atq/60 AtqE/252 Vel;;earthquake/blizzard/ice_shard/substitute,hail
porygon_z_ou_1;porygon_z;ou;Offensive Lead;50;life_orb;adaptability,download;modest,timid;4 Def/252 AtqE/252 Vel;;tri_attack/hidden_power/dark_pulse/nasty_plot,hyper_beam
uxie_ou_1;uxie;ou;Utility Lead;51;leftovers,lum_berry,colbur_berry;;bold,relaxed;252 PS/216 Def/24 DefE/16 Vel;;thunder_wave,knock_off,yawn/stealth_rock/psychic/u_turn
uxie_ou_2;uxie;ou;Choice Scarf Lead;60;choice_scarf;;impish;252 PS/104 Def/152 Vel;;trick/stealth_rock/u_turn/thunder_wave
uxie_ou_3;uxie;ou;Dual Screens;29;light_clay;;jolly;252 PS/40 Def/216 Vel;;reflect/light_screen/stealth_rock/u_turn,memento
mesprit_ou_1;mesprit;ou;Utility Counter;28;leftovers;;bold;252 PS/180 Def/76 DefE;;thunderbolt/ice_beam/psychic/thunder_wave,u_turn,stealth_rock
mesprit_ou_2;mesprit;ou;Trick Room;14;leftovers;;relaxed;252 PS/180 Def/76 DefE;29 Def;trick_room/thunderbolt/ice_beam/psychic,u_turn
mesprit_ou_3;mesprit;ou;Choice Scarf;14;choice_scarf;;modest;72 PS/252 AtqE/184 Vel;;psychic/ice_beam/thunderbolt/u_turn,hidden_power
azelf_ou_1;azelf;ou;Standard Lead;53;focus_sash,lum_berry,colbur_berry,sitrus_berry;;jolly;252 PS/4 Def/252 Vel;;stealth_rock/explosion/taunt/thunder_wave,u_turn,fire_blast
azelf_ou_2;azelf;ou;Choice Band;30;choice_band;;adamant;252 Atq/4 DefE/252 Vel;;explosion/u_turn/zen_headbutt,sleep_talk/trick,ice_punch,sleep_talk
azelf_ou_3;azelf;ou;Utility Rain Lead;33;damp_rock;;jolly;228 PS/216 Def/8 DefE/56 Vel;;rain_dance/stealth_rock/taunt,u_turn/explosion
shaymin_ou_1;shaymin;ou;Rest + Sleep Talk;49;leftovers;;modest;4 Def/252 AtqE/252 Vel;;seed_flare/hidden_power/rest/sleep_talk
clefable_ubers_1;clefable;ubers;Specially Defensive;90;leftovers;magic_guard;calm;252 PS/4 Def/252 DefE;;seismic_toss/encore,stealth_rock/thunder_wave,heal_bell/soft_boiled
registeel_ubers_1;registeel;ubers;Support;44;leftovers;;careful;252 PS/24 Atq/80 Def/152 DefE;;stealth_rock/thunder_wave/ice_punch/explosion
infernape_ubers_1;infernape;ubers;Physically-Based Mixed Attacker;36;life_orb;;naive;252 Atq/44 AtqE/212 Vel;;close_combat/fire_blast,overheat/u_turn/mach_punch
infernape_ubers_2;infernape;ubers;Choice Band;50;choice_band;;jolly;252 Atq/4 Def/252 Vel;;flare_blitz/close_combat/u_turn/mach_punch
infernape_ubers_3;infernape;ubers;Lead;29;focus_sash;;naive;252 Atq/44 AtqE/212 Vel;;stealth_rock/u_turn/fire_blast,overheat/close_combat
infernape_ubers_4;infernape;ubers;Swords Dance;36;life_orb;;jolly;252 Atq/4 Def/252 Vel;;swords_dance/close_combat/flare_blitz/mach_punch
gengar_ubers_1;gengar;ubers;Choice Scarf;62;choice_scarf;;timid;4 PS/252 AtqE/252 Vel;;shadow_ball/hidden_power/focus_blast/trick
gengar_ubers_2;gengar;ubers;Life Orb;26;life_orb;;timid;4 Def/252 AtqE/252 Vel;;shadow_ball/icy_wind/focus_blast/hidden_power
qwilfish_ubers_1;qwilfish;ubers;Utility;63;splash_plate,life_orb;swift_swim;jolly;4 PS/252 Atq/252 Vel;;spikes,toxic_spikes/taunt/waterfall/destiny_bond,explosion
qwilfish_ubers_2;qwilfish;ubers;Swords Dance;35;life_orb;swift_swim;adamant,jolly;4 PS/252 Atq/252 Vel;;swords_dance/waterfall/poison_jab/explosion
qwilfish_ubers_3;qwilfish;ubers;Lead;41;focus_sash;swift_swim;adamant;4 PS/252 Atq/252 Vel;;payback/aqua_jet/toxic_spikes,spikes/explosion,destiny_bond
magnezone_ubers_1;magnezone;ubers;Choice Specs;23;choice_specs;;mild,modest;208 PS/252 AtqE/48 Vel;;thunder/hidden_power/thunderbolt/explosion,flash_cannon
magnezone_ubers_2;magnezone;ubers;Dual Screens;12;light_clay;;modest;252 PS/208 AtqE/48 Vel;;reflect/light_screen/thunder/hidden_power,explosion
magnezone_ubers_3;magnezone;ubers;Special Attacker;34;life_orb,magnet,expert_belt;;mild,modest;208 PS/252 AtqE/48 Vel;;thunder/hidden_power/magnet_rise/explosion,substitute,toxic
magnezone_ubers_4;magnezone;ubers;Choice Scarf;27;choice_scarf;;hasty;4 PS/252 AtqE/252 Vel;;thunder/hidden_power/thunderbolt,flash_cannon/explosion
heatran_ubers_1;heatran;ubers;Stallbreaker;66;leftovers;;calm;252 PS/4 Def/252 DefE;;taunt,roar/protect/lava_plume,flamethrower/toxic
shiftry_ubers_1;shiftry;ubers;Nasty Plot;47;life_orb;;modest,rash;4 PS/252 AtqE/252 Vel;;nasty_plot/dark_pulse/grass_knot/explosion,hidden_power
shiftry_ubers_2;shiftry;ubers;Swords Dance;33;life_orb;;adamant;4 PS/252 Atq/252 Vel;;swords_dance/seed_bomb/feint_attack,sucker_punch/low_kick,explosion
cresselia_ubers_1;cresselia;ubers;Wall;64;leftovers;;bold;252 PS/252 Def/4 DefE;;ice_beam/moonlight/thunder_wave/hidden_power,toxic,lunar_dance
cresselia_ubers_2;cresselia;ubers;Dual Screens;22;light_clay;;timid;252 PS/24 DefE/232 Vel;;light_screen/reflect/lunar_dance/thunder_wave,moonlight,ice_beam
machamp_ubers_1;machamp;ubers;Attacking Lead;59;focus_sash,lum_berry;no_guard;adamant;204 PS/252 Atq/52 Vel;;dynamic_punch/payback/bullet_punch,encore/stone_edge
tentacruel_ubers_1;tentacruel;ubers;Lead;62;lum_berry,focus_sash;;timid;200 PS/20 AtqE/68 DefE/220 Vel;;toxic_spikes/rapid_spin/ice_beam,icy_wind/hydro_pump,hidden_power,protect
magneton_ubers_1;magneton;ubers;Choice Scarf;0;choice_scarf;;hasty,naive;4 Atq/252 AtqE/252 Vel;;thunder/hidden_power/thunderbolt,flash_cannon/explosion
cloyster_ubers_1;cloyster;ubers;Lead;72;focus_sash;;jolly;252 Atq/4 Def/252 Vel;;spikes/toxic_spikes/rapid_spin/payback,protect,explosion
kabutops_ubers_1;kabutops;ubers;Life Orb;56;life_orb;;adamant;4 PS/252 Atq/252 Vel;;rapid_spin,swords_dance/waterfall/low_kick/stone_edge
kabutops_ubers_2;kabutops;ubers;Choice Band;68;choice_band;;adamant;4 PS/252 Atq/252 Vel;;waterfall/low_kick/stone_edge/aqua_jet,rapid_spin
mewtwo_ubers_1;mewtwo;ubers;Calm Mind;47;leftovers;;timid;252 PS/4 AtqE/252 Vel;;calm_mind/ice_beam/aura_sphere,thunder/recover
mewtwo_ubers_2;mewtwo;ubers;All-Out Attacker;38;life_orb;;naive,hasty;4 Atq/252 AtqE/252 Vel;;aura_sphere/ice_beam/self_destruct/fire_blast,thunder,grass_knot
mewtwo_ubers_3;mewtwo;ubers;Physically Defensive;37;leftovers;;timid;252 PS/160 Def/96 Vel;;will_o_wisp/ice_beam,aura_sphere,light_screen/taunt/recover
mewtwo_ubers_4;mewtwo;ubers;Choice Scarf;30;choice_scarf;;timid;48 Def/244 AtqE/216 Vel;;ice_beam/thunder,flamethrower/grass_knot/trick,aura_sphere,self_destruct
mewtwo_ubers_5;mewtwo;ubers;Dual Screens;12;light_clay;;jolly;252 PS/4 DefE/252 Vel;;taunt/reflect/light_screen/self_destruct
mew_ubers_1;mew;ubers;Pure Baton Passer;49;lum_berry;;calm;252 PS/188 DefE/68 Vel;;rock_polish/swords_dance,nasty_plot/taunt/baton_pass
mew_ubers_2;mew;ubers;Lead;42;lum_berry;;adamant;252 PS/184 Atq/36 Def/36 DefE;;taunt/stealth_rock/explosion/u_turn
mew_ubers_3;mew;ubers;Transform;10;choice_scarf,leftovers;;jolly;252 PS/4 DefE/252 Vel;;transform/trick,hypnosis/light_screen,reflect/explosion
mew_ubers_4;mew;ubers;Double Status;13;leftovers;;jolly;252 PS/36 DefE/220 Vel;;thunder_wave,hypnosis/will_o_wisp,toxic/u_turn/soft_boiled
quagsire_ubers_1;quagsire;ubers;Support;100;leftovers;water_absorb;careful;252 PS/4 Def/252 DefE;;toxic/earthquake,yawn/encore/recover
wobbuffet_ubers_1;wobbuffet;ubers;Oh, no! It's Wobbuffet! (Standard);79;leftovers,custap_berry;;calm,bold;28 PS/228 Def/252 DefE;;encore/counter/mirror_coat/safeguard,destiny_bond,tickle
forretress_ubers_1;forretress;ubers;Support;67;leftovers,focus_sash,chesto_berry;;careful;248 PS/248 DefE/12 Vel;;rapid_spin/spikes/toxic_spikes,toxic/payback,rest,explosion
scizor_ubers_1;scizor;ubers;Choice Band;79;choice_band;technician;adamant;200 PS/56 Atq/252 DefE;;u_turn/bullet_punch/superpower/pursuit
scizor_ubers_2;scizor;ubers;Trapper;60;life_orb;technician;adamant;176 PS/100 Atq/232 DefE;;pursuit/u_turn/roost/bullet_punch
scizor_ubers_3;scizor;ubers;Attacking Lead;37;lum_berry;technician;adamant;248 PS/8 Atq/252 DefE;;bug_bite/bullet_punch/brick_break/roost
scizor_ubers_4;scizor;ubers;Specially Defensive;55;leftovers;technician;careful;244 PS/20 Atq/76 Def/168 DefE;;roost/u_turn/bullet_punch/brick_break
scizor_ubers_5;scizor;ubers;Swords Dance;51;life_orb,metal_coat;technician;adamant;248 PS/252 Atq/8 Vel;;swords_dance/bullet_punch/roost/bug_bite,superpower,u_turn
heracross_ubers_1;heracross;ubers;Choice Scarf;93;choice_scarf;guts;adamant,jolly;56 PS/216 Atq/4 DefE/232 Vel;;close_combat/megahorn/stone_edge/sleep_talk,night_slash
heracross_ubers_2;heracross;ubers;Choice Band;68;choice_band;guts;adamant;248 PS/232 Atq/28 DefE;;close_combat/megahorn/stone_edge/sleep_talk,pursuit,night_slash
heracross_ubers_3;heracross;ubers;SubSalac;30;salac_berry;;jolly;252 Atq/4 Def/252 Vel;30 PS;substitute/swords_dance/close_combat/megahorn
skarmory_ubers_1;skarmory;ubers;Specially Defensive;78;leftovers;;impish;252 PS/16 Def/240 DefE;;spikes,stealth_rock/roost/whirlwind/toxic,taunt
kingdra_ubers_1;kingdra;ubers;Dragon Dance;49;life_orb;;lonely,naughty;252 Atq/80 AtqE/176 Vel;;dragon_dance/waterfall/outrage/draco_meteor,yawn
kingdra_ubers_2;kingdra;ubers;Mixed Attacker;47;life_orb;;mild;80 Atq/252 AtqE/176 Vel;;surf,hydro_pump/draco_meteor/outrage/waterfall
blissey_ubers_1;blissey;ubers;Soft-Boiled;68;leftovers;;calm;4 PS/252 Def/252 DefE;;soft_boiled/seismic_toss/toxic,thunder_wave/aromatherapy,stealth_rock,healing_wish
blissey_ubers_2;blissey;ubers;Wish Support;62;leftovers;;calm;4 PS/252 Def/252 DefE;;wish/protect,soft_boiled/seismic_toss/toxic
tyranitar_ubers_1;tyranitar;ubers;Focus Sash Lead;34;focus_sash;;hasty;176 Atq/80 AtqE/252 Vel;;stealth_rock/payback/fire_blast,taunt/superpower,low_kick
tyranitar_ubers_2;tyranitar;ubers;Utility Lead;30;lum_berry,chople_berry;;brave;248 PS/120 Atq/80 AtqE/60 DefE;;stealth_rock,pursuit/payback,crunch/fire_blast,taunt/superpower,low_kick
tyranitar_ubers_3;tyranitar;ubers;Choice Band;36;choice_band;;adamant;252 PS/252 Atq/4 DefE;;payback,crunch/pursuit/stone_edge,fire_punch,crunch/superpower,low_kick
lugia_ubers_1;lugia;ubers;Great Wall;63;leftovers;;timid;252 PS/64 Def/192 Vel;;roost/reflect/whirlwind,ice_beam/ice_beam,toxic,light_screen
lugia_ubers_2;lugia;ubers;Calm Mind;59;leftovers;;timid;252 PS/64 Def/192 Vel;;calm_mind/ice_beam/earth_power,weather_ball,thunder/roost
lugia_ubers_3;lugia;ubers;Trick;28;choice_specs;;timid;200 PS/116 AtqE/192 Vel;;trick/ice_beam/thunder/roost,aeroblast
lugia_ubers_4;lugia;ubers;Offensive Calm Mind;24;life_orb;;timid;4 PS/252 AtqE/252 Vel;;calm_mind/aeroblast/roost/earth_power,thunder,hidden_power
ho_oh_ubers_1;ho_oh;ubers;Bulky Attacker;59;leftovers,lum_berry,passho_berry;;adamant;216 PS/180 Atq/112 Vel;;brave_bird/sacred_fire/roost/substitute,earthquake
ho_oh_ubers_2;ho_oh;ubers;Choice Band;44;choice_band;;adamant,jolly;252 Atq/4 DefE/252 Vel;;brave_bird/sacred_fire/earthquake/sleep_talk
ludicolo_ubers_1;ludicolo;ubers;Defensive;92;leftovers;rain_dish;calm;200 PS/56 Def/252 DefE;;leech_seed/substitute/protect/ice_beam,surf
ninjask_ubers_1;ninjask;ubers;Baton Pass Lead;56;liechi_berry,leftovers;;jolly;224 Atq/108 Def/176 Vel;;baton_pass/swords_dance,protect/substitute/x_scissor
ninjask_ubers_2;ninjask;ubers;Swords Dance + Baton Pass;54;focus_sash;;jolly;252 Atq/4 Def/252 Vel;;swords_dance/baton_pass/protect/x_scissor
hariyama_ubers_1;hariyama;ubers;Attacking Lead;88;toxic_orb;guts;adamant;252 Atq/4 Def/252 DefE;;fake_out/close_combat,low_kick/payback/bullet_punch,ice_punch
wynaut_ubers_1;wynaut;ubers;Why not? (Custap Destiny Bond);0;custap_berry;;calm;152 PS/180 Def/176 DefE;;destiny_bond/counter/mirror_coat/encore
salamence_ubers_1;salamence;ubers;Dragon Dance;59;life_orb;;jolly;252 Atq/4 Def/252 Vel;;dragon_dance/outrage/earthquake/fire_blast,flamethrower
salamence_ubers_2;salamence;ubers;Wallbreaker;49;life_orb;;naive;4 Atq/252 AtqE/252 Vel;;draco_meteor/fire_blast/outrage/dragon_dance
metagross_ubers_1;metagross;ubers;Lead;35;lum_berry,occa_berry,shuca_berry;;jolly,adamant;4 PS/252 Atq/252 Vel;;stealth_rock/meteor_mash/explosion/bullet_punch
metagross_ubers_2;metagross;ubers;Agility;33;occa_berry,shuca_berry,lum_berry;;adamant,jolly;4 PS/252 Atq/252 Vel;;agility/meteor_mash/explosion,earthquake/ice_punch,earthquake
latias_ubers_1;latias;ubers;Calm Mind;66;soul_dew;;timid;112 PS/204 AtqE/192 Vel;;calm_mind/draco_meteor,dragon_pulse/thunder/recover
latias_ubers_2;latias;ubers;Dual Screens;42;light_clay,soul_dew;;timid;216 PS/40 AtqE/252 Vel;;reflect/light_screen/healing_wish/dragon_pulse,wish,recover
latios_ubers_1;latios;ubers;Offensive Calm Mind;66;soul_dew;;timid;4 PS/252 AtqE/252 Vel;;calm_mind/draco_meteor,dragon_pulse/thunder,grass_knot/recover,hidden_power
latios_ubers_2;latios;ubers;All-Out Attacker;63;soul_dew;;timid;4 PS/252 AtqE/252 Vel;;draco_meteor/surf,dragon_pulse,hidden_power/thunder,grass_knot/recover
latios_ubers_3;latios;ubers;Dual Screens + Memento;14;light_clay;;timid;252 PS/4 AtqE/252 Vel;;reflect/light_screen/memento/draco_meteor,dragon_pulse
latios_ubers_4;latios;ubers;Dragon Dance;40;soul_dew;;timid;4 PS/252 AtqE/252 Vel;;dragon_dance/dragon_pulse/thunder,grass_knot/hidden_power
kyogre_ubers_1;kyogre;ubers;Calm Mind + Thunder Wave;36;leftovers;;modest;252 PS/108 Def/92 AtqE/56 DefE;;calm_mind/thunder_wave/hydro_pump/ice_beam
kyogre_ubers_2;kyogre;ubers;Choice Specs;45;choice_specs;;timid,modest;4 PS/252 AtqE/252 Vel;;water_spout/surf/ice_beam/thunder
kyogre_ubers_3;kyogre;ubers;Choice Scarf;49;choice_scarf;;timid;4 PS/252 AtqE/252 Vel;;water_spout/surf/ice_beam/thunder
kyogre_ubers_4;kyogre;ubers;Calm Mind;45;leftovers;;timid,modest;4 PS/252 AtqE/252 Vel;;calm_mind/surf/ice_beam/thunder
kyogre_ubers_5;kyogre;ubers;SubCM;37;leftovers;;modest;252 PS/252 AtqE/4 Vel;;substitute/calm_mind/surf/ice_beam,thunder
kyogre_ubers_6;kyogre;ubers;Mono-Attacker;27;leftovers;;modest;240 PS/244 Def/24 Vel;;calm_mind/surf/rest/sleep_talk
kyogre_ubers_7;kyogre;ubers;Thunder Wave Lead;35;lum_berry;;modest;144 PS/252 AtqE/112 Vel;;thunder_wave/hydro_pump/ice_beam,icy_wind/thunder
kyogre_ubers_8;kyogre;ubers;ChestoRest;30;chesto_berry;;modest;240 PS/232 Def/36 Vel;;calm_mind/rest/surf/ice_beam,thunder
kyogre_ubers_9;kyogre;ubers;Baitogre;29;life_orb,sea_incense;;hasty,mild;4 Atq/252 AtqE/252 Vel;;waterfall/surf/thunder_wave/thunder,ice_beam
groudon_ubers_1;groudon;ubers;Support;52;leftovers;;sassy,careful;252 PS/4 Atq/252 DefE;;earthquake/dragon_claw/thunder_wave,lava_plume/stealth_rock
groudon_ubers_2;groudon;ubers;Bulky Setup;57;leftovers;;adamant;252 PS/16 Atq/104 DefE/136 Vel;;rock_polish,substitute/swords_dance,fire_punch/earthquake/dragon_claw
groudon_ubers_3;groudon;ubers;Offensive Rock Polish;45;life_orb;;adamant;112 PS/252 Atq/8 Def/136 Vel;;rock_polish/earthquake/fire_punch,stone_edge/dragon_claw
groudon_ubers_4;groudon;ubers;Thunder Wave + Swords Dance;42;leftovers;;adamant;200 PS/200 Atq/108 Def;;thunder_wave/swords_dance/earthquake/stone_edge
groudon_ubers_5;groudon;ubers;Choice Band;35;choice_band;;adamant;252 PS/224 Atq/32 Def;;earthquake/stone_edge/dragon_claw/fire_punch
rayquaza_ubers_1;rayquaza;ubers;Dragon Dance;42;life_orb;;jolly,adamant;32 PS/252 Atq/8 DefE/216 Vel;;dragon_dance/outrage/earthquake,stone_edge/overheat
rayquaza_ubers_2;rayquaza;ubers;Choice Scarf;35;choice_scarf;;naive;252 Atq/4 AtqE/252 Vel;;outrage/draco_meteor,dragon_claw/earthquake,extreme_speed/fire_blast
rayquaza_ubers_3;rayquaza;ubers;Swords Dance;43;life_orb;;adamant,jolly;252 Atq/4 DefE/252 Vel;;swords_dance/extreme_speed/dragon_claw,waterfall/earthquake,overheat
rayquaza_ubers_4;rayquaza;ubers;MixQuaza (Mixed Attacker);48;life_orb;;hasty,naive;40 Atq/252 AtqE/216 Vel;;draco_meteor/fire_blast/extreme_speed/outrage,brick_break
rayquaza_ubers_5;rayquaza;ubers;Choice Band;35;choice_band;;adamant,jolly;252 Atq/4 DefE/252 Vel;;dragon_claw/extreme_speed/earthquake/outrage,overheat
jirachi_ubers_1;jirachi;ubers;Support;42;leftovers;;careful;252 PS/8 Def/216 DefE/32 Vel;;wish/u_turn,thunder_wave/iron_head/protect,thunder_wave,body_slam
jirachi_ubers_2;jirachi;ubers;Choice Scarf;60;choice_scarf;;jolly;4 PS/252 Atq/252 Vel;;iron_head/trick/ice_punch,healing_wish/u_turn
jirachi_ubers_3;jirachi;ubers;Substitute + Thunder Wave;33;leftovers;;careful;252 PS/100 Atq/156 DefE;;substitute/thunder_wave/iron_head/ice_punch,body_slam,fire_punch
deoxys_ubers_1;deoxys;ubers;Lead;58;focus_sash;;naive;112 Def/146 AtqE/252 Vel;;shadow_ball/extreme_speed/stealth_rock/spikes
deoxys_attack_ubers_1;deoxys_attack;ubers;Lead;51;focus_sash;;rash;4 Atq/252 AtqE/252 Vel;;spikes,hidden_power,superpower/extreme_speed/thunder,psycho_boost/shadow_ball,signal_beam
deoxys_attack_ubers_2;deoxys_attack;ubers;Life Orb;42;life_orb;;rash;20 Atq/252 AtqE/236 Vel;;thunder,hidden_power/ice_beam/superpower/extreme_speed
deoxys_defense_ubers_1;deoxys_defense;ubers;Spikes;39;leftovers;;calm;252 PS/4 Def/252 DefE;;spikes/recover/toxic/ice_beam,taunt
deoxys_defense_ubers_2;deoxys_defense;ubers;Toxic Stall;25;leftovers;;calm;252 PS/108 DefE/148 Vel;;agility/toxic/taunt/recover
deoxys_speed_ubers_1;deoxys_speed;ubers;Classic Focus Sash;52;focus_sash;;jolly,timid;252 PS/4 DefE/252 Vel;;stealth_rock/spikes/taunt/extreme_speed,psycho_boost,thunder_wave
deoxys_speed_ubers_2;deoxys_speed;ubers;Choice Scarf;52;choice_scarf;;calm;248 PS/164 Def/96 DefE;;spikes/trick/thunder_wave/taunt,stealth_rock
deoxys_speed_ubers_3;deoxys_speed;ubers;Colbur Berry;40;colbur_berry;;jolly;252 PS/164 DefE/92 Vel;;spikes/superpower/shadow_ball,taunt/extreme_speed,thunder_wave
deoxys_speed_ubers_4;deoxys_speed;ubers;Attacking Lead;32;focus_sash,lum_berry,colbur_berry;;rash;76 Atq/252 AtqE/180 Vel;;spikes/signal_beam,superpower/hidden_power,psycho_boost,shadow_ball/extreme_speed
bronzong_ubers_1;bronzong;ubers;Specially Defensive;70;leftovers,occa_berry;;careful,sassy;252 PS/8 Def/248 DefE;;stealth_rock/payback,trick_room,toxic/earthquake/explosion,protect
garchomp_ubers_1;garchomp;ubers;Choice Scarf;64;choice_scarf;;jolly;4 PS/252 Atq/252 Vel;;outrage/earthquake/dragon_claw/sleep_talk
garchomp_ubers_2;garchomp;ubers;Swords Dance;34;life_orb,haban_berry,lum_berry;;jolly;4 PS/252 Atq/252 Vel;;swords_dance/dragon_claw,outrage/earthquake/fire_fang,aqua_tail
garchomp_ubers_3;garchomp;ubers;Substitute + Salac Berry;35;salac_berry;;jolly;12 PS/244 Atq/252 Vel;;substitute/swords_dance/dragon_claw,outrage/earthquake
lucario_ubers_1;lucario;ubers;Swords Dance;97;life_orb;inner_focus;jolly,adamant;252 Atq/4 DefE/252 Vel;;swords_dance/close_combat/extreme_speed/crunch
lucario_ubers_2;lucario;ubers;Agility;68;life_orb;inner_focus;adamant;252 Atq/4 DefE/252 Vel;;agility/close_combat/crunch/ice_punch,stone_edge
lucario_ubers_3;lucario;ubers;Attacking Lead;58;focus_sash;inner_focus;adamant;252 Atq/4 DefE/252 Vel;;close_combat/extreme_speed/payback/ice_punch,swords_dance,counter
gliscor_ubers_1;gliscor;ubers;Specially Defensive;95;leftovers;sand_veil;careful;220 PS/216 DefE/72 Vel;;taunt,substitute/toxic/earthquake/roost
mamoswine_ubers_1;mamoswine;ubers;Lead;0;focus_sash;snow_cloak;adamant,jolly;252 Atq/4 Def/252 Vel;;stealth_rock/earthquake/ice_shard/endeavor
froslass_ubers_1;froslass;ubers;Spikes Lead;77;focus_sash;;timid;252 AtqE/4 DefE/252 Vel;;spikes/icy_wind/shadow_ball/destiny_bond,hidden_power,taunt
uxie_ubers_1;uxie;ubers;Memento;18;light_clay;;careful,impish,jolly;252 PS/252 DefE/4 Vel;;light_screen/reflect/memento/u_turn,yawn,stealth_rock
azelf_ubers_1;azelf;ubers;Choice Scarf Lead;48;choice_scarf;;jolly;4 PS/252 Atq/252 Vel;;u_turn/trick/stealth_rock/explosion
dialga_ubers_1;dialga;ubers;Support;43;leftovers;;calm;252 PS/4 Def/252 DefE;;dragon_pulse,draco_meteor/thunder/roar/earth_power,stealth_rock,protect
dialga_ubers_2;dialga;ubers;Wallbreaker;26;adamant_orb,life_orb;;mild;144 PS/252 AtqE/112 Vel;;draco_meteor/outrage,stealth_rock/fire_blast/thunder,aura_sphere
dialga_ubers_3;dialga;ubers;Defensive Bulk Up;27;leftovers;;careful;252 PS/4 Atq/252 DefE;;bulk_up/outrage,dragon_claw/rest/sleep_talk
dialga_ubers_4;dialga;ubers;Choice Scarf;30;choice_scarf;;timid,hasty;4 PS/252 AtqE/252 Vel;;draco_meteor/thunder/fire_blast,aura_sphere/dragon_pulse,outrage
dialga_ubers_5;dialga;ubers;Choice Specs;27;choice_specs;;modest;224 PS/252 AtqE/32 Vel;;draco_meteor/dragon_pulse/thunder/fire_blast,aura_sphere
dialga_ubers_6;dialga;ubers;Trick Room;21;life_orb,shuca_berry;;quiet;4 PS/252 Atq/252 AtqE;;trick_room/draco_meteor/outrage/thunder,fire_blast,earth_power
dialga_ubers_7;dialga;ubers;Choice Band;6;choice_band;;adamant;224 PS/252 Atq/32 Vel;;outrage/earthquake/dragon_claw/overheat,stone_edge
palkia_ubers_1;palkia;ubers;Choice Scarf;44;choice_scarf;;timid,hasty;252 AtqE/4 DefE/252 Vel;;spacial_rend/thunder/hydro_pump,surf/fire_blast,draco_meteor,outrage
palkia_ubers_2;palkia;ubers;Wallbreaker;43;lum_berry,lustrous_orb,haban_berry;;timid,hasty;4 Atq/252 AtqE/252 Vel;;spacial_rend/hydro_pump,surf/substitute,focus_punch/thunder,fire_blast
palkia_ubers_3;palkia;ubers;Physically-Based Mixed Attacker;36;lustrous_orb;;hasty;252 Atq/4 AtqE/252 Vel;;aqua_tail/spacial_rend/outrage/fire_blast,thunder
palkia_ubers_4;palkia;ubers;Choice Specs;36;choice_specs;;timid,modest;4 PS/252 AtqE/252 Vel;;hydro_pump,surf/spacial_rend/thunder,fire_blast/draco_meteor
palkia_ubers_5;palkia;ubers;SubPunch;34;expert_belt,leftovers;;hasty;100 Atq/156 AtqE/252 Vel;;substitute/focus_punch/spacial_rend/thunder,fire_blast,surf
palkia_ubers_6;palkia;ubers;Choice Band;4;choice_band;;jolly;4 PS/252 Atq/252 Vel;;aqua_tail/outrage/earthquake/stone_edge,dragon_claw
palkia_ubers_7;palkia;ubers;Bulk Up;10;lustrous_orb;;jolly;4 PS/252 Atq/252 Vel;;bulk_up/aqua_tail/outrage/earthquake,dragon_claw
palkia_ubers_8;palkia;ubers;Trick Room (Specially Based);41;lustrous_orb,haban_berry;;quiet;252 PS/4 Atq/252 AtqE;30 Atq;trick_room/spacial_rend/surf/outrage,fire_blast,thunder
palkia_ubers_9;palkia;ubers;Trick Room (Physically Based);16;lustrous_orb,haban_berry;;brave;252 PS/252 Atq/4 AtqE;30 PS/30 Def/30 DefE;trick_room/aqua_tail/outrage/draco_meteor,fire_blast
giratina_ubers_1;giratina;ubers;Wall;46;leftovers;;impish;248 PS/248 Def/12 DefE;;roar/rest/sleep_talk/earthquake,will_o_wisp
giratina_ubers_2;giratina;ubers;Calm Mind;52;leftovers;;timid;252 Def/4 AtqE/252 Vel;;calm_mind/dragon_pulse/substitute/protect,will_o_wisp
giratina_ubers_3;giratina;ubers;Attacking Lead;8;haban_berry;;hasty;4 Atq/252 AtqE/252 Vel;;draco_meteor/shadow_sneak/will_o_wisp,hidden_power/aura_sphere
manaphy_ubers_1;manaphy;ubers;Tail Glow Sweeper;68;leftovers,life_orb;;timid;80 PS/252 AtqE/176 Vel;;tail_glow/rest/surf/ice_beam,grass_knot
manaphy_ubers_2;manaphy;ubers;Defensive;64;leftovers;;calm;240 PS/164 AtqE/104 DefE;;toxic/rest/surf/ice_beam,grass_knot
manaphy_ubers_3;manaphy;ubers;Bulky Calm Mind;76;leftovers;;timid;252 PS/4 AtqE/252 Vel;;calm_mind/rest/surf/ice_beam,grass_knot
darkrai_ubers_1;darkrai;ubers;Nasty Plot;50;lum_berry,life_orb,leftovers;;timid;252 AtqE/4 DefE/252 Vel;;nasty_plot,thunder/dark_void/dark_pulse/focus_blast,substitute
darkrai_ubers_2;darkrai;ubers;Trick or Treat;46;choice_scarf;;timid;252 AtqE/4 DefE/252 Vel;;trick/dark_void/dark_pulse/ice_beam
darkrai_ubers_3;darkrai;ubers;SubSalac;41;salac_berry;;timid;252 AtqE/4 DefE/252 Vel;30 PS/1 Atq;substitute/nasty_plot/dark_pulse/focus_blast,dark_void
shaymin_sky_ubers_1;shaymin_sky;ubers;Choice Scarf;59;choice_scarf;;timid,modest;4 PS/252 AtqE/252 Vel;;seed_flare/air_slash/earth_power/hidden_power
shaymin_sky_ubers_2;shaymin_sky;ubers;SubSeed;47;leftovers;;timid;4 PS/252 AtqE/252 Vel;;substitute/leech_seed/seed_flare/air_slash,hidden_power,earth_power
shaymin_sky_ubers_3;shaymin_sky;ubers;Life Orb;45;life_orb;;timid;252 AtqE/4 DefE/252 Vel;;seed_flare/air_slash/earth_power/hidden_power,growth
shaymin_sky_ubers_4;shaymin_sky;ubers;Choice Specs;46;choice_specs;;timid;4 PS/252 AtqE/252 Vel;;seed_flare/air_slash/earth_power/hidden_power
milotic_uu_1;milotic;uu;Physically Defensive;65;leftovers;;bold;248 PS/252 Def/8 Vel;;surf/hidden_power/recover/ice_beam,haze,toxic
milotic_uu_2;milotic;uu;RestTalk;48;leftovers;;calm;252 PS/200 Def/56 DefE;;rest/sleep_talk/surf/ice_beam,hidden_power
milotic_uu_3;milotic;uu;Specially Defensive;71;leftovers;;calm;252 PS/192 Def/56 DefE/8 Vel;;surf/toxic/ice_beam,hidden_power,haze/recover
milotic_uu_4;milotic;uu;Special Attacker;44;choice_specs,choice_scarf,life_orb;;timid;4 PS/252 AtqE/252 Vel;;hydro_pump,surf/ice_beam/hidden_power/hypnosis,surf,recover
milotic_uu_5;milotic;uu;Life Orb;44;life_orb;;modest;152 PS/80 Def/220 AtqE/56 Vel;;hydro_pump,surf/ice_beam/hidden_power/recover
venusaur_uu_1;venusaur;uu;Bulky Swords Dance;41;black_sludge;;adamant;252 PS/120 Atq/136 Vel;;swords_dance/power_whip/earthquake,return/synthesis,sleep_powder
venusaur_uu_2;venusaur;uu;Special Attacker;42;life_orb;;timid;4 PS/252 AtqE/252 Vel;;leaf_storm/sludge_bomb/sleep_powder/synthesis
venusaur_uu_3;venusaur;uu;Swords Dance;28;leftovers,life_orb;;jolly;4 PS/252 Atq/252 Vel;;swords_dance/power_whip/earthquake,return/sleep_powder
venusaur_uu_4;venusaur;uu;Physically Defensive;42;leftovers;;bold;252 PS/164 Def/92 Vel;;grass_knot,leaf_storm/sludge_bomb/sleep_powder,roar/synthesis,leech_seed
venusaur_uu_5;venusaur;uu;Specially Defensive;40;leftovers;;sassy;252 PS/240 DefE/16 Vel;;power_whip/sludge_bomb/sleep_powder,roar/leech_seed,synthesis
venusaur_uu_6;venusaur;uu;Mixed Attacker;40;life_orb;;hasty;136 Atq/120 AtqE/252 Vel;;sludge_bomb/power_whip/sleep_powder/synthesis,earthquake
venusaur_uu_7;venusaur;uu;Choice Scarf;33;choice_scarf;;timid;4 PS/252 AtqE/252 Vel;;leaf_storm/sludge_bomb/sleep_powder/hidden_power
venusaur_uu_8;venusaur;uu;SubSeed;28;leftovers;;calm;252 PS/128 Def/128 DefE;;substitute/leech_seed/sludge_bomb,energy_ball/sleep_powder,energy_ball
charizard_uu_1;charizard;uu;Special Attacker;22;life_orb;;timid;4 Def/252 AtqE/252 Vel;;fire_blast,flamethrower/air_slash/hidden_power/roost
charizard_uu_2;charizard;uu;Sunny Day;22;life_orb,heat_rock;;timid;4 Def/252 AtqE/252 Vel;;sunny_day/fire_blast,flamethrower/solar_beam/roost,air_slash
charizard_uu_3;charizard;uu;Dragon Dance;42;life_orb;;jolly,adamant;252 Atq/4 Def/252 Vel;;dragon_dance/flare_blitz/earthquake/thunder_punch
charizard_uu_4;charizard;uu;Swords Dance;34;life_orb;;jolly;252 Atq/4 Def/252 Vel;;swords_dance/flare_blitz,fire_punch/earthquake/thunder_punch
charizard_uu_5;charizard;uu;Belly Drum;21;salac_berry;;jolly;252 Atq/4 Def/252 Vel;30 PS;belly_drum/substitute/fire_punch/thunder_punch,earthquake
blastoise_uu_1;blastoise;uu;Utility;63;leftovers;;bold;252 PS/252 Def/4 AtqE;;surf/ice_beam,foresight/rapid_spin/roar,rest
blastoise_uu_2;blastoise;uu;RestTalk Shuffler;43;leftovers;;bold;252 PS/252 Def/4 AtqE;;surf/rest/sleep_talk/roar
blastoise_uu_3;blastoise;uu;Tortoise of Choice;25;choice_specs,choice_scarf;;timid,modest;4 Def/252 AtqE/252 Vel;;water_spout,hydro_pump/ice_beam/hidden_power/surf,rapid_spin
butterfree_uu_1;butterfree;uu;Choice Scarf Lead;0;choice_scarf;;timid;4 Def/252 AtqE/252 Vel;;sleep_powder/stun_spore/u_turn/bug_buzz
butterfree_uu_2;butterfree;uu;Double Status Lead;0;focus_sash;;jolly;248 PS/8 Def/252 Vel;;sleep_powder/stun_spore/u_turn/protect
beedrill_uu_1;beedrill;uu;Swords Dance;0;life_orb;;adamant;252 Atq/4 DefE/252 Vel;;swords_dance/x_scissor/brick_break/baton_pass,poison_jab,substitute
beedrill_uu_2;beedrill;uu;Choice Scarf;0;choice_scarf;;adamant;252 Atq/4 DefE/252 Vel;;u_turn/x_scissor/brick_break/poison_jab,pursuit
beedrill_uu_3;beedrill;uu;Baton Pass;0;liechi_berry,salac_berry;;jolly;244 PS/12 DefE/252 Vel;;baton_pass/agility,swords_dance/substitute/x_scissor
beedrill_uu_4;beedrill;uu;Toxic Spikes Lead;0;focus_sash;;naive,hasty;252 Atq/252 Vel;;toxic_spikes/endeavor/protect/x_scissor,u_turn
pidgeot_uu_1;pidgeot;uu;Choice Band;0;choice_band;tangled_feet;jolly,adamant;252 Atq/4 Def/252 Vel;;brave_bird/return/u_turn/pursuit,quick_attack
pikachu_uu_1;pikachu;uu;Substitute;32;light_ball;;timid,naive;4 Def/252 AtqE/252 Vel;;substitute/thunderbolt/hidden_power,grass_knot/encore,focus_punch
pikachu_uu_2;pikachu;uu;Nasty Plot;33;light_ball;;timid;4 Def/252 AtqE/252 Vel;;nasty_plot/encore,substitute/thunderbolt/hidden_power
raichu_uu_1;raichu;uu;Nasty Plot;75;life_orb;;timid;252 AtqE/4 DefE/252 Vel;;nasty_plot/thunderbolt/hidden_power/encore,focus_blast
raichu_uu_2;raichu;uu;SubPunch;3;leftovers;;jolly;252 Atq/4 DefE/252 Vel;;substitute/focus_punch/encore,grass_knot/volt_tackle
nidoqueen_uu_1;nidoqueen;uu;Support;41;leftovers;;bold;252 PS/252 Def/4 DefE;;earth_power/stealth_rock/ice_beam/toxic_spikes,roar
nidoking_uu_1;nidoking;uu;Mixed Attacker;42;life_orb;;rash;80 Atq/252 AtqE/176 Vel;;earth_power,earthquake/ice_beam/thunderbolt/superpower,shadow_ball,taunt
nidoking_uu_2;nidoking;uu;Lead;51;focus_sash;;timid;4 PS/252 AtqE/252 Vel;;stealth_rock/taunt/earth_power/ice_beam,toxic_spikes
nidoking_uu_3;nidoking;uu;Special Attacker;34;life_orb;;timid;4 Def/252 AtqE/252 Vel;;earth_power/ice_beam/thunderbolt/shadow_ball,thunder
nidoking_uu_4;nidoking;uu;Physical Attacker;15;life_orb;;jolly;252 Atq/4 Def/252 Vel;;earthquake/stone_edge/megahorn/sucker_punch
clefable_uu_1;clefable;uu;Support;70;leftovers;magic_guard;calm;252 PS/4 Def/252 DefE;;ice_beam,encore/soft_boiled,wish/seismic_toss/thunder_wave,heal_bell
clefable_uu_2;clefable;uu;Stall;47;leftovers;magic_guard;calm;252 PS/252 DefE/4 Vel;;wish/protect/seismic_toss/toxic,heal_bell
clefable_uu_3;clefable;uu;Life Orb + Calm Mind;47;life_orb;magic_guard;modest;160 PS/252 AtqE/96 Vel;;calm_mind/thunderbolt/ice_beam/soft_boiled
clefable_uu_4;clefable;uu;Wallbreaker;33;life_orb,toxic_orb;magic_guard;quiet;4 PS/252 Atq/252 AtqE;;double_edge/fire_blast/grass_knot/soft_boiled
clefable_uu_5;clefable;uu;Defensive Calm Mind;67;leftovers;magic_guard;bold;252 PS/252 Def/4 DefE;;calm_mind/thunderbolt/ice_beam/soft_boiled
clefable_uu_6;clefable;uu;Dual Screens;37;light_clay;magic_guard;calm;252 PS/252 DefE/4 Vel;;reflect/light_screen/wish,soft_boiled,encore/seismic_toss
clefable_uu_7;clefable;uu;Lv. 2 Endeavor (F.E.A.R);25;focus_sash;magic_guard;hardy;252 Vel;;endeavor/protect/encore/thunder_wave,toxic
wigglytuff_uu_1;wigglytuff;uu;Support;0;leftovers;;calm;44 PS/212 Def/252 DefE;;wish/protect/seismic_toss/heal_bell,toxic,thunder_wave
wigglytuff_uu_2;wigglytuff;uu;Dual Screens;0;light_clay;;calm;4 PS/252 Def/252 DefE;;reflect/light_screen/stealth_rock/heal_bell,wish,seismic_toss
vileplume_uu_1;vileplume;uu;Cleric;0;leftovers;;calm;252 PS/4 Def/252 DefE;;aromatherapy/energy_ball/sludge_bomb/moonlight,leech_seed,sleep_powder
poliwrath_uu_1;poliwrath;uu;SubPunch;75;leftovers;;adamant;252 PS/252 Atq/4 Def;;substitute/focus_punch/waterfall,ice_punch/encore,bulk_up,ice_punch
poliwrath_uu_2;poliwrath;uu;Bulk Up;66;leftovers;;adamant;252 PS/252 Atq/4 Vel;;bulk_up/waterfall/ice_punch,brick_break,return/hypnosis,encore,substitute
poliwrath_uu_3;poliwrath;uu;RestTalk;41;leftovers,life_orb;;impish;252 PS/4 Atq/252 Def;;rest/sleep_talk/waterfall/brick_break,rock_slide,ice_punch
poliwrath_uu_4;poliwrath;uu;Belly Drum;25;salac_berry;;jolly;4 PS/252 Atq/252 Vel;;belly_drum/substitute/waterfall/return
poliwrath_uu_5;poliwrath;uu;Mono-Attacker;47;leftovers;;careful;252 PS/4 Atq/252 DefE;;waterfall/bulk_up/rest/sleep_talk
alakazam_uu_1;alakazam;uu;Choice Specs;55;choice_specs;;timid,modest;4 PS/252 AtqE/252 Vel;;psychic/signal_beam,grass_knot/focus_blast/trick,shadow_ball,grass_knot
alakazam_uu_2;alakazam;uu;Substitute + 3 Attacks;57;life_orb;;timid;4 PS/252 AtqE/252 Vel;;substitute/psychic/focus_blast/shadow_ball,signal_beam
alakazam_uu_3;alakazam;uu;Calm Mind;52;life_orb;;timid;4 PS/252 AtqE/252 Vel;;calm_mind/psychic/focus_blast/shadow_ball,signal_beam,grass_knot
alakazam_uu_4;alakazam;uu;Calm Mind + Encore;41;leftovers,life_orb;;timid,modest;4 PS/252 AtqE/252 Vel;;calm_mind/encore/psychic/signal_beam,focus_blast
alakazam_uu_5;alakazam;uu;Substitute + Encore;36;leftovers;;timid;40 PS/252 AtqE/216 Vel;;substitute/encore/psychic/signal_beam,focus_blast
alakazam_uu_6;alakazam;uu;Attacking Lead;35;focus_sash;inner_focus;modest,timid;4 PS/252 AtqE/252 Vel;;taunt/psychic/focus_blast,counter/signal_beam
alakazam_uu_7;alakazam;uu;Dual Screens;18;light_clay;inner_focus;timid;252 PS/40 Def/216 Vel;;reflect/light_screen/encore/taunt,psychic
victreebel_uu_1;victreebel;uu;Special Sweeper;78;life_orb;;modest;28 PS/252 AtqE/228 Vel;;solar_beam/weather_ball/sleep_powder/hidden_power
victreebel_uu_2;victreebel;uu;Swords Dance;40;life_orb;;adamant,naughty;104 PS/252 Atq/152 Vel;;swords_dance/leaf_blade/sucker_punch,return/sleep_powder,weather_ball
golem_uu_1;golem;uu;Attacking Lead;17;focus_sash;;adamant;12 PS/252 Atq/244 Vel;;stone_edge,rock_blast/earthquake/explosion/sucker_punch
golem_uu_2;golem;uu;Substitute + 3 Attacks;17;life_orb,leftovers;;adamant;212 PS/252 Atq/44 Vel;;substitute/explosion/earthquake/stone_edge,sucker_punch
golem_uu_3;golem;uu;All-Out Attacker;17;choice_band,life_orb;;jolly,adamant;252 Atq/4 Def/252 Vel;;earthquake/stone_edge/double_edge,sucker_punch/explosion
mr_mime_uu_1;mr_mime;uu;Baton Pass;30;leftovers;;timid;252 PS/4 DefE/252 Vel;;nasty_plot,calm_mind/baton_pass/taunt,substitute,encore/psychic,charge_beam
mr_mime_uu_2;mr_mime;uu;Choice;30;choice_scarf,choice_specs;filter;timid;4 PS/252 AtqE/252 Vel;;trick/psychic/thunderbolt/focus_blast,baton_pass,shadow_ball
mr_mime_uu_3;mr_mime;uu;Nasty Plot Sweeper;30;life_orb;;timid;4 PS/252 AtqE/252 Vel;;nasty_plot/psychic/thunderbolt/encore,focus_blast,baton_pass
articuno_uu_1;articuno;uu;SubRoost;0;leftovers;;timid;252 PS/32 DefE/224 Vel;;substitute/roost/ice_beam/toxic
articuno_uu_2;articuno;uu;Support;0;leftovers;;calm;252 PS/252 DefE/4 Vel;;ice_beam/roost/roar/heal_bell,toxic
moltres_uu_1;moltres;uu;Special Attacker;37;life_orb,leftovers;;modest,timid;252 AtqE/4 DefE/252 Vel;2 Atq;fire_blast/air_slash/hidden_power/roost
moltres_uu_2;moltres;uu;Toxic Stall;13;leftovers;;timid;248 PS/84 Def/176 Vel;;toxic/roost/substitute/flamethrower
moltres_uu_3;moltres;uu;Choice;46;choice_scarf,choice_specs;;modest,timid;252 AtqE/4 DefE/252 Vel;;fire_blast/air_slash/hidden_power/u_turn,overheat
moltres_uu_4;moltres;uu;Sunny Day;30;life_orb,heat_rock;;modest,timid;4 Def/252 AtqE/252 Vel;;sunny_day/fire_blast,flamethrower/solar_beam/roost,morning_sun,air_slash
moltres_uu_5;moltres;uu;SubRoost;31;life_orb,leftovers;;timid,modest;252 AtqE/4 DefE/252 Vel;;substitute/roost/fire_blast,flamethrower/air_slash
meganium_uu_1;meganium;uu;Support;70;leftovers;;bold,impish;252 PS/252 Def/4 Vel;;energy_ball,seed_bomb/aromatherapy/synthesis/leech_seed,toxic
meganium_uu_2;meganium;uu;Dual Screens;30;light_clay;;bold,impish;252 PS/252 Def/4 Vel;;light_screen/reflect/energy_ball,seed_bomb/synthesis,aromatherapy
meganium_uu_3;meganium;uu;Swords Dance;25;leftovers;;adamant;252 PS/160 Atq/96 Vel;;swords_dance/synthesis,substitute/seed_bomb/earthquake,return
typhlosion_uu_1;typhlosion;uu;Sunny Day Special Attacker;16;life_orb;;timid;252 AtqE/36 DefE/220 Vel;;sunny_day/fire_blast/solar_beam/hidden_power
typhlosion_uu_2;typhlosion;uu;Choice Scarf;58;choice_scarf;;modest,timid;32 PS/252 AtqE/224 Vel;;eruption/focus_blast/hidden_power/fire_blast
typhlosion_uu_3;typhlosion;uu;Choice Specs;42;choice_specs;;timid;252 AtqE/4 DefE/252 Vel;;overheat,eruption/focus_blast/hidden_power/fire_blast,flamethrower
feraligatr_uu_1;feraligatr;uu;Dragon Dance;46;life_orb;;adamant;28 PS/252 Atq/228 Vel;;dragon_dance/waterfall/ice_punch/earthquake,low_kick
feraligatr_uu_2;feraligatr;uu;Swords Dance;35;life_orb;;adamant;148 PS/252 Atq/108 Vel;;swords_dance/waterfall/return/aqua_jet
feraligatr_uu_3;feraligatr;uu;Substitute + Dragon Dance;37;leftovers;;adamant;104 PS/252 Atq/152 Vel;;substitute/dragon_dance/waterfall/return
feraligatr_uu_4;feraligatr;uu;ChestoRest;35;chesto_berry;;adamant;116 PS/252 Atq/140 Vel;;dragon_dance/rest/waterfall/return,earthquake
feraligatr_uu_5;feraligatr;uu;SubLiechi;32;liechi_berry;;jolly;84 PS/252 Atq/8 Def/164 Vel;;substitute/dragon_dance/waterfall/return,flail
togetic_uu_1;togetic;uu;Baton Pass;0;leftovers;;calm;252 PS/172 DefE/84 Vel;;baton_pass/nasty_plot/roost/hidden_power
ampharos_uu_1;ampharos;uu;Why Ampharos Don't Have Wool (Life Orb);18;life_orb;;modest,mild;4 PS/252 AtqE/252 Vel;;thunderbolt/hidden_power/focus_blast/substitute,focus_punch
ampharos_uu_2;ampharos;uu;Specially Defensive;78;leftovers;;modest;252 PS/80 AtqE/176 DefE;;discharge/hidden_power/heal_bell/reflect,light_screen
ampharos_uu_3;ampharos;uu;Choice Specs;16;choice_specs;;modest;208 PS/252 AtqE/48 Vel;;thunderbolt/focus_blast/hidden_power/signal_beam
ampharos_uu_4;ampharos;uu;Rain Dance Support;37;damp_rock,leftovers;;modest;252 PS/76 AtqE/180 DefE;;rain_dance/thunder/hidden_power/safeguard,reflect,light_screen
bellossom_uu_1;bellossom;uu;Sunny Day Support;0;heat_rock,life_orb;;modest;252 AtqE/4 DefE/252 Vel;;sunny_day/sleep_powder/hidden_power,moonlight/solar_beam,leaf_storm
azumarill_uu_1;azumarill;uu;Choice Band;73;choice_band;huge_power;adamant;244 PS/252 Atq/4 Def/4 DefE/4 Vel;;waterfall/aqua_jet/return,double_edge/ice_punch,superpower
azumarill_uu_2;azumarill;uu;SubPunch;57;leftovers;huge_power;adamant;252 PS/252 Atq/4 Vel;;substitute/focus_punch/waterfall,ice_punch/aqua_jet,encore,toxic
azumarill_uu_3;azumarill;uu;RestTalk;44;leftovers;huge_power;adamant;248 PS/252 Atq/4 Def/4 DefE;;rest/sleep_talk/waterfall/return,double_edge
jumpluff_uu_1;jumpluff;uu;SubSeed;36;leftovers;;timid;188 Def/68 DefE/252 Vel;;leech_seed/substitute/sleep_powder/encore
jumpluff_uu_2;jumpluff;uu;Double Status;43;leftovers;;jolly;252 PS/4 Atq/252 Vel;;sleep_powder/stun_spore/encore/u_turn
jumpluff_uu_3;jumpluff;uu;Support;36;leftovers;;jolly;252 PS/4 Def/252 Vel;;sleep_powder/memento/encore/reflect
jumpluff_uu_4;jumpluff;uu;Sunny Day;61;heat_rock;;jolly;252 PS/4 Atq/252 Vel;;sleep_powder/sunny_day/u_turn/encore,memento
granbull_uu_1;granbull;uu;Support;15;leftovers;;impish;252 PS/212 Def/44 Vel;;thunder_wave,toxic/heal_bell/return,body_slam/crunch,earthquake
granbull_uu_2;granbull;uu;Quick Feet;100;toxic_orb;quick_feet;jolly;252 Atq/4 Def/252 Vel;;protect/facade/crunch/close_combat,low_kick
granbull_uu_3;granbull;uu;Choice Band;45;choice_band;intimidate,quick_feet;adamant,jolly;132 PS/252 Atq/124 Vel;;return/crunch/close_combat/ice_punch,stone_edge
hitmonlee_uu_1;hitmonlee;uu;Life Orb;44;life_orb;;jolly,adamant;4 PS/252 Atq/252 Vel;;close_combat/stone_edge/earthquake,blaze_kick/mach_punch,sucker_punch
hitmonlee_uu_2;hitmonlee;uu;Choice Scarf;34;choice_scarf;;adamant;4 PS/252 Atq/252 Vel;;close_combat/earthquake/stone_edge/blaze_kick,mach_punch
hitmonlee_uu_3;hitmonlee;uu;Choice Band;33;choice_band;;jolly;4 PS/252 Atq/252 Vel;;close_combat/earthquake/stone_edge/mach_punch,blaze_kick
hitmonlee_uu_4;hitmonlee;uu;Substitute + 3 Attacks;20;black_belt;;adamant;4 PS/252 Atq/252 Vel;;substitute/close_combat/stone_edge,rock_slide/sucker_punch
hitmonchan_uu_1;hitmonchan;uu;Choice Scarf;47;choice_scarf;iron_fist;adamant;12 PS/252 Atq/244 Vel;;close_combat/mach_punch,stone_edge/ice_punch/thunder_punch
hitmonchan_uu_2;hitmonchan;uu;Choice Band;48;choice_band;iron_fist;adamant,jolly;8 PS/252 Atq/248 Vel;;close_combat,focus_punch/ice_punch/mach_punch/thunder_punch,stone_edge
hitmonchan_uu_3;hitmonchan;uu;Agility;36;life_orb;iron_fist;adamant;168 PS/252 Atq/88 Vel;;agility/close_combat/ice_punch/stone_edge,substitute
hitmonchan_uu_4;hitmonchan;uu;Bulk Up;51;leftovers;iron_fist;adamant;160 PS/252 Atq/96 Vel;;bulk_up/drain_punch/ice_punch/substitute,mach_punch,thunder_punch
hitmonchan_uu_5;hitmonchan;uu;SubPunch;51;fist_plate,leftovers;iron_fist;adamant;96 PS/252 Atq/160 Vel;;substitute/focus_punch/ice_punch/mach_punch,thunder_punch,stone_edge
hitmontop_uu_1;hitmontop;uu;Rapid Spin;69;leftovers;;impish;252 PS/4 Atq/252 Def;;rapid_spin/foresight/close_combat/sucker_punch,stone_edge,rest
hitmontop_uu_2;hitmontop;uu;TechniTop;46;life_orb,leftovers;technician;adamant;252 PS/252 Atq/4 Def;;fake_out/close_combat,revenge/mach_punch/bullet_punch,stone_edge
hitmontop_uu_3;hitmontop;uu;Life Orb;42;life_orb;;adamant;112 PS/252 Atq/144 Vel;;close_combat/sucker_punch/stone_edge/mach_punch,rapid_spin
hitmontop_uu_4;hitmontop;uu;Bulk Up;38;leftovers;technician;adamant;252 PS/252 Atq/4 Def;;bulk_up/revenge,mach_punch/sucker_punch/stone_edge
sceptile_uu_1;sceptile;uu;SubSeed;29;leftovers;;timid;4 Def/252 AtqE/252 Vel;7 PS;substitute/leech_seed/energy_ball,leaf_storm/hidden_power
sceptile_uu_2;sceptile;uu;Choice Specs;53;choice_specs;;timid;4 PS/252 AtqE/252 Vel;;leaf_storm/focus_blast/hidden_power/energy_ball,dragon_pulse
sceptile_uu_3;sceptile;uu;Life Orb;52;life_orb;;modest;72 PS/252 AtqE/4 DefE/180 Vel;;leaf_storm/focus_blast/hidden_power/synthesis
sceptile_uu_4;sceptile;uu;Swords Dance;13;life_orb,leftovers;;jolly;4 PS/252 Atq/252 Vel;;swords_dance/leaf_blade/earthquake,x_scissor/rock_slide,double_edge
sceptile_uu_5;sceptile;uu;Attacking Lead;34;life_orb,focus_sash;;naive;40 Atq/252 AtqE/216 Vel;;leaf_storm/quick_attack/hidden_power,endeavor/rock_slide
sceptile_uu_6;sceptile;uu;Mixed Attacker;35;life_orb;;hasty;252 Atq/80 AtqE/176 Vel;;leaf_storm/hidden_power/leaf_blade,rock_slide/earthquake,low_kick
blaziken_uu_1;blaziken;uu;Choice;34;choice_band,choice_scarf;;adamant,jolly;252 Atq/4 DefE/252 Vel;;flare_blitz/low_kick,superpower/thunder_punch/stone_edge,blaze_kick
blaziken_uu_2;blaziken;uu;Mixed Attacker;39;life_orb;;mild,rash;4 Atq/252 AtqE/252 Vel;;fire_blast/superpower/hidden_power/vacuum_wave,stone_edge
blaziken_uu_3;blaziken;uu;Swords Dance;40;life_orb;;adamant,jolly;252 Atq/4 Def/252 Vel;;swords_dance/low_kick,superpower/flare_blitz/thunder_punch,stone_edge,quick_attack
blaziken_uu_4;blaziken;uu;Agility;32;life_orb,expert_belt;;rash;192 Atq/252 AtqE/64 Vel;;agility/fire_blast/superpower/hidden_power
blaziken_uu_5;blaziken;uu;Mixed Choice Scarf;28;choice_scarf;;rash,mild;80 Atq/184 AtqE/244 Vel;30 Vel;fire_blast/superpower/thunder_punch,stone_edge/hidden_power
beautifly_uu_1;beautifly;uu;Special Attacker;0;life_orb,choice_scarf,choice_specs;;modest,timid;4 Def/252 AtqE/252 Vel;;bug_buzz/hidden_power/shadow_ball/stun_spore,u_turn
gardevoir_uu_1;gardevoir;uu;Support;45;leftovers;trace;calm;252 PS/4 Def/252 DefE;;will_o_wisp/psychic/wish,pain_split/protect,heal_bell
gardevoir_uu_2;gardevoir;uu;Choice;56;choice_specs,choice_scarf;trace;timid,modest;4 Def/252 AtqE/252 Vel;;psychic/thunderbolt/focus_blast/trick,shadow_ball
gardevoir_uu_3;gardevoir;uu;Calm Mind;72;leftovers,life_orb;trace;timid;4 Def/252 AtqE/252 Vel;;calm_mind/focus_blast/shadow_ball,thunderbolt/psychic,taunt
gardevoir_uu_4;gardevoir;uu;Dual Screens;30;light_clay;trace;timid;252 PS/4 Def/252 Vel;;reflect/light_screen/memento/taunt,will_o_wisp,psychic
gardevoir_uu_5;gardevoir;uu;Weather Counter;47;life_orb;trace;timid;4 PS/252 AtqE/252 Vel;;psychic/thunderbolt,shadow_ball/focus_blast,signal_beam/will_o_wisp
exploud_uu_1;exploud;uu;Mixed Attacker;0;life_orb;;naughty;252 Atq/68 AtqE/188 Vel;;return/earthquake/crunch/surf,ice_beam
exploud_uu_2;exploud;uu;Substitute;0;leftovers;;adamant;224 PS/252 Atq/32 Vel;;substitute/return/earthquake/crunch
mawile_uu_1;mawile;uu;Baton Pass;0;leftovers;intimidate,hyper_cutter;jolly;252 PS/28 Def/228 Vel;;swords_dance/baton_pass/taunt/substitute,iron_head
plusle_uu_1;plusle;uu;Baton Pass;0;life_orb,leftovers;;timid;252 AtqE/4 DefE/252 Vel;;baton_pass/nasty_plot/thunderbolt/encore,hidden_power
plusle_uu_2;plusle;uu;Nasty Plot;0;life_orb;;timid;252 AtqE/4 DefE/252 Vel;;nasty_plot/encore/thunderbolt/hidden_power
minun_uu_1;minun;uu;Defensive Baton Pass;0;leftovers;;timid;252 PS/4 DefE/252 Vel;;baton_pass/nasty_plot/encore/thunderbolt
minun_uu_2;minun;uu;Nasty Plot Sweeper;0;life_orb;;timid;252 AtqE/4 DefE/252 Vel;;nasty_plot/encore/thunderbolt/hidden_power
kecleon_uu_1;kecleon;uu;Support;40;leftovers;;careful;252 PS/4 Def/252 DefE;;stealth_rock,thunder_wave/return/aqua_tail/recover
kecleon_uu_2;kecleon;uu;Choice Band;15;choice_band;;adamant;92 PS/252 Atq/164 Vel;;return/aqua_tail/low_kick/trick
kecleon_uu_3;kecleon;uu;Trick Room;40;leftovers;;sassy;252 PS/4 Def/252 DefE;;trick_room/stealth_rock/return/recover
dusclops_uu_1;dusclops;uu;Bulky Spinblocker;70;leftovers;;impish;252 PS/252 Def/4 DefE;;seismic_toss/will_o_wisp/rest,pain_split/sleep_talk,shadow_punch,toxic
dusclops_uu_2;dusclops;uu;Trick Room Support;68;leftovers;;relaxed;252 PS/252 Def/4 DefE;;trick_room/seismic_toss/will_o_wisp/pain_split
regirock_uu_1;regirock;uu;Tank;66;leftovers;;adamant;204 PS/148 Atq/156 DefE;;stone_edge,rock_slide/earthquake,thunder_wave/stealth_rock/explosion
regirock_uu_2;regirock;uu;Mono-Attacker;28;leftovers,chesto_berry;;careful;252 PS/4 Atq/252 DefE;;curse/rock_slide/rest/sleep_talk
regirock_uu_3;regirock;uu;Physical Attacker;26;choice_band,life_orb;;jolly;252 Atq/4 DefE/252 Vel;;stone_edge/earthquake/ice_punch/explosion
regirock_uu_4;regirock;uu;Rock Polish;26;life_orb,passho_berry;;adamant,jolly;252 Atq/4 Def/252 Vel;;rock_polish/stone_edge/earthquake/explosion
regirock_uu_5;regirock;uu;Sunny Day Support;47;heat_rock;;adamant;252 PS/188 Atq/68 DefE;;sunny_day/stealth_rock/stone_edge,rock_slide/explosion
regice_uu_1;regice;uu;Tank;0;leftovers;;calm,bold;252 PS/252 Def/4 DefE;;thunder_wave,toxic/ice_beam/thunderbolt,charge_beam/seismic_toss
regice_uu_2;regice;uu;RestTalk;0;leftovers;;calm;252 PS/252 Def/4 DefE;;rest/sleep_talk/ice_beam/seismic_toss,charge_beam,thunderbolt
regice_uu_3;regice;uu;Life Orb;0;life_orb;;modest;32 PS/48 Atq/252 AtqE/176 Vel;;ice_beam/thunderbolt/focus_blast/explosion,rock_polish
registeel_uu_1;registeel;uu;Tank;53;leftovers;;careful;252 PS/4 Def/252 DefE;;stealth_rock/seismic_toss/thunder_wave,toxic/shadow_claw,iron_head
registeel_uu_2;registeel;uu;Mono-Attacker;37;leftovers;;careful;252 PS/4 Def/252 DefE;;iron_head/curse/rest/sleep_talk
registeel_uu_3;registeel;uu;Lure;22;occa_berry;;adamant;252 PS/252 Atq/4 DefE;;curse/iron_head/explosion/earthquake,ice_punch,counter
registeel_uu_4;registeel;uu;Rain Dance Support;21;damp_rock;;careful;252 PS/4 Def/252 DefE;;rain_dance/explosion/shadow_claw/seismic_toss,thunder_wave
torterra_uu_1;torterra;uu;Rock Polish;62;life_orb;;adamant;252 Atq/4 Def/252 Vel;;rock_polish/earthquake/wood_hammer,seed_bomb/stone_edge
torterra_uu_2;torterra;uu;Tank;49;leftovers;;impish;212 PS/252 Def/44 Vel;;wood_hammer,seed_bomb/earthquake/leech_seed,synthesis/roar,stealth_rock
torterra_uu_3;torterra;uu;Synthesis;57;leftovers,life_orb;;adamant,jolly;252 Atq/4 Def/252 Vel;;wood_hammer/earthquake/stone_edge,rock_slide/synthesis
torterra_uu_4;torterra;uu;Choice Band;39;choice_band;;adamant;44 PS/252 Atq/212 Vel;;wood_hammer/earthquake/stone_edge/superpower,seed_bomb,toxic
torterra_uu_5;torterra;uu;Specially Defensive;45;leftovers;;careful;252 PS/252 DefE/4 Vel;;wood_hammer/earthquake/synthesis/leech_seed,roar
torterra_uu_6;torterra;uu;Dual Screens;20;light_clay;;impish;252 PS/16 Def/240 DefE;;reflect/light_screen/earthquake,synthesis/stealth_rock,seed_bomb,synthesis
torterra_uu_7;torterra;uu;RestTalk;25;leftovers;;impish;252 PS/216 Def/40 Vel;;rest/sleep_talk/roar/wood_hammer,earthquake
torterra_uu_8;torterra;uu;Substitute + 3 Attacks;52;leftovers,life_orb;;adamant;216 PS/252 Atq/40 Vel;;substitute/earthquake/wood_hammer,seed_bomb/stone_edge
torterra_uu_9;torterra;uu;SubSeed;40;leftovers;;adamant;216 PS/80 Atq/212 Vel;;substitute/leech_seed/earthquake/toxic,wood_hammer
monferno_uu_1;monferno;uu;Lead;64;focus_sash;;hasty;252 AtqE/252 Vel;;stealth_rock/endeavor/fire_blast/taunt,vacuum_wave
arbok_uu_1;arbok;uu;Glare;0;leftovers;;impish;252 PS/4 Atq/252 Def;;glare/gunk_shot,poison_jab/earthquake/seed_bomb,crunch
arbok_uu_2;arbok;uu;Switcheroo;0;choice_band;;jolly;4 PS/252 Atq/252 Vel;;switcheroo/gunk_shot,poison_jab/earthquake/seed_bomb,crunch
dugtrio_uu_1;dugtrio;uu;Physical Attacker;80;life_orb,choice_band;arena_trap;jolly,adamant;4 PS/252 Atq/252 Vel;;earthquake/sucker_punch,night_slash/stone_edge/substitute,pursuit
dugtrio_uu_2;dugtrio;uu;Choice Scarf;57;choice_scarf;arena_trap;adamant;252 Atq/44 DefE/212 Vel;;earthquake/stone_edge/night_slash,sucker_punch/aerial_ace
farfetchd_uu_1;farfetchd;uu;Violation!;0;stick,leftovers,bright_powder;;adamant;252 PS/252 Atq/4 Vel;;knock_off/toxic/u_turn/return
farfetchd_uu_2;farfetchd;uu;CH'Ding;0;stick;;jolly,adamant;4 PS/252 Atq/252 Vel;;slash/night_slash/air_cutter/steel_wing,toxic,knock_off
farfetchd_uu_3;farfetchd;uu;Choice Bandux;0;choice_band;;jolly,adamant;4 PS/252 Atq/252 Vel;;return/aerial_ace/quick_attack/night_slash,hidden_power,double_edge,knock_off
farfetchd_uu_4;farfetchd;uu;Flail;0;salac_berry,liechi_berry;;jolly,adamant;252 Atq/4 DefE/252 Vel;;endure/flail/swords_dance/substitute,aerial_ace,agility
dodrio_uu_1;dodrio;uu;Choice Band;100;choice_band;early_bird;jolly;252 Atq/4 Def/252 Vel;;brave_bird/return/pursuit,payback/quick_attack,toxic
dodrio_uu_2;dodrio;uu;Utility Attacker;45;sharp_beak,life_orb;early_bird;jolly,adamant;252 Atq/4 Def/252 Vel;;brave_bird/return,quick_attack/roost/taunt,toxic,payback
electrode_uu_1;electrode;uu;Rain Dance Support;94;damp_rock;static;naive;252 Atq/100 AtqE/156 Vel;;rain_dance/taunt/thunder/explosion
electrode_uu_2;electrode;uu;Life Orb;46;life_orb;static;naive;88 Atq/252 AtqE/168 Vel;;thunderbolt/hidden_power/taunt,charge_beam/explosion
exeggutor_uu_1;exeggutor;uu;Special Attacker;48;leftovers;;modest;40 PS/252 AtqE/216 Vel;;sleep_powder/leaf_storm/psychic/synthesis
exeggutor_uu_2;exeggutor;uu;All-Out Attacker;47;life_orb;;rash;40 Atq/252 AtqE/216 Vel;;sleep_powder/leaf_storm/psychic/low_kick,explosion
exeggutor_uu_3;exeggutor;uu;Sunny Day;34;heat_rock,life_orb;;rash;4 Atq/252 AtqE/252 Vel;;sunny_day/solar_beam/psychic/explosion,sleep_powder
exeggutor_uu_4;exeggutor;uu;Dual Screens;18;light_clay;;jolly,timid;252 PS/4 Atq/252 Vel;;reflect/light_screen/sleep_powder,leaf_storm/explosion
exeggutor_uu_5;exeggutor;uu;Trick Room;33;life_orb;;quiet;4 PS/252 Atq/252 AtqE;;trick_room/sleep_powder/leaf_storm/explosion
noctowl_uu_1;noctowl;uu;Specially Defensive;0;leftovers;;calm;252 PS/4 Def/252 DefE;;whirlwind/roost/night_shade/toxic,reflect,psycho_shift
ariados_uu_1;ariados;uu;Baton Pass;0;leftovers;insomnia;jolly;248 PS/8 Def/252 Vel;;baton_pass/spider_web/agility/bug_bite
ariados_uu_2;ariados;uu;Toxic Spikes Lead;0;focus_sash;insomnia;adamant;4 PS/252 Atq/252 Vel;;toxic_spikes/sucker_punch,shadow_sneak/poison_jab,bug_bite/protect
qwilfish_uu_1;qwilfish;uu;Spikes Lead;46;focus_sash;;jolly;4 PS/252 Atq/252 Vel;;spikes/explosion/taunt,aqua_jet/waterfall
qwilfish_uu_2;qwilfish;uu;Swords Dance;38;life_orb;swift_swim;adamant,jolly;252 Atq/4 Def/252 Vel;;swords_dance/waterfall/poison_jab/explosion
qwilfish_uu_3;qwilfish;uu;Rain Dance Lead;39;damp_rock,focus_sash;swift_swim;adamant,jolly;4 PS/252 Atq/252 Vel;;rain_dance/waterfall/poison_jab,taunt/explosion,destiny_bond
qwilfish_uu_4;qwilfish;uu;Offensive Spikes;51;leftovers;;adamant;252 PS/252 Atq/4 Vel;;spikes/waterfall/poison_jab,taunt/explosion,destiny_bond
qwilfish_uu_5;qwilfish;uu;Defensive Spikes;40;leftovers;;impish;248 PS/152 Def/104 DefE/4 Vel;;spikes/pain_split/poison_jab/taunt,aqua_jet
magcargo_uu_1;magcargo;uu;Defensive Snail;0;leftovers;flame_body;bold;252 PS/4 Def/252 DefE;;lava_plume,flamethrower/hidden_power/recover/stealth_rock,toxic,will_o_wisp
corsola_uu_1;corsola;uu;I Can Tank Too!;0;leftovers;natural_cure;bold;252 PS/252 Def/4 DefE;;recover/toxic/surf/stealth_rock,reflect
mantine_uu_1;mantine;uu;Specially Defensive RestTalk;44;leftovers;water_absorb;calm;252 PS/40 AtqE/216 DefE;;rest/sleep_talk/surf/hidden_power,signal_beam,toxic
mantine_uu_2;mantine;uu;Physically Defensive RestTalk;44;life_orb,leftovers;water_absorb;calm;252 PS/240 Def/16 AtqE;;rest/sleep_talk/surf/hidden_power,toxic
entei_uu_1;entei;uu;Physical Attacker;21;life_orb,choice_band;;adamant;252 Atq/4 AtqE/252 Vel;;flare_blitz/stone_edge/extreme_speed/hidden_power
entei_uu_2;entei;uu;SubCM;45;leftovers;;timid;136 PS/156 AtqE/216 Vel;2 Atq/30 AtqE;substitute/calm_mind/lava_plume,flamethrower/hidden_power,toxic,protect
entei_uu_3;entei;uu;Sunny Day;7;life_orb,heat_rock;;timid;4 Def/252 AtqE/252 Vel;;sunny_day/fire_blast,flamethrower/solar_beam/calm_mind
entei_uu_4;entei;uu;Mixed Calm Mind;12;life_orb;;timid;4 PS/252 AtqE/252 Vel;30 PS/30 Atq/30 AtqE;calm_mind/fire_blast,flamethrower/hidden_power/stone_edge
entei_uu_5;entei;uu;Mono-Attacker;37;leftovers;;bold;252 PS/252 Def/4 DefE;;lava_plume,flamethrower/calm_mind/rest/sleep_talk
swellow_uu_1;swellow;uu;Guts;78;toxic_orb,flame_orb;;jolly;4 PS/252 Atq/252 Vel;;facade/brave_bird/u_turn,pursuit/quick_attack,protect
swellow_uu_2;swellow;uu;Life Orb;58;life_orb;;jolly;4 PS/252 Atq/252 Vel;;return,facade/brave_bird/u_turn/quick_attack,pursuit
pelipper_uu_1;pelipper;uu;Life Orb;0;life_orb;;modest;40 PS/4 Def/252 AtqE/212 Vel;;hydro_pump,surf/air_slash/roost/hidden_power
pelipper_uu_2;pelipper;uu;Physical Wall;0;leftovers;;bold;248 PS/204 Def/56 Vel;;surf/air_slash,hidden_power/roost/hidden_power,toxic
masquerain_uu_1;masquerain;uu;Agility;0;leftovers,life_orb;;timid,modest;4 Def/252 AtqE/252 Vel;;agility/air_slash,bug_buzz/hydro_pump,roost/baton_pass
delcatty_uu_1;delcatty;uu;Baton Pass;0;leftovers;;adamant;172 PS/176 Atq/160 Vel;;body_slam,fake_out,sing/substitute,protect/calm_mind,charge_beam,wish/baton_pass
delcatty_uu_2;delcatty;uu;Normalize;0;leftovers;normalize;adamant;172 PS/176 Atq/160 Vel;;thunder_wave/sing/heal_bell,baton_pass,wish/return,double_edge,fake_out,sucker_punch
volbeat_uu_1;volbeat;uu;Baton Pass;0;leftovers;swarm;timid;248 PS/8 DefE/252 Vel;;baton_pass/tail_glow/encore/substitute,bug_buzz
volbeat_uu_2;volbeat;uu;Choice;0;choice_scarf,choice_band;swarm;adamant,jolly;252 Atq/4 DefE/252 Vel;;u_turn/trick/brick_break/zen_headbutt
illumise_uu_1;illumise;uu;Special Attacker;0;life_orb,choice_specs;tinted_lens;timid;4 Def/252 AtqE/252 Vel;;bug_buzz/thunderbolt/hidden_power/encore,u_turn
illumise_uu_2;illumise;uu;Baton Pass;0;leftovers;tinted_lens;timid;252 PS/4 Def/252 Vel;;bug_buzz/substitute/baton_pass/encore
torkoal_uu_1;torkoal;uu;Support;84;leftovers;;bold,relaxed;252 PS/252 Def/4 DefE;;stealth_rock/rapid_spin/lava_plume,flamethrower/yawn,toxic,explosion
lunatone_uu_1;lunatone;uu;Baton Pass;0;leftovers,petaya_berry;;calm;252 PS/28 DefE/228 Vel;;rock_polish/baton_pass/psychic/calm_mind,substitute
lunatone_uu_2;lunatone;uu;Rock Polish;0;life_orb;;modest;28 PS/252 AtqE/228 Vel;;rock_polish/psychic/earth_power/shadow_ball,grass_knot,baton_pass
lunatone_uu_3;lunatone;uu;Trick Room;0;leftovers,focus_sash;;brave;252 PS/252 Atq/4 DefE;;trick_room/explosion/stealth_rock/psychic
solrock_uu_1;solrock;uu;Rock Polish + Baton Pass;0;leftovers,liechi_berry;;impish;252 PS/28 Def/228 Vel;;rock_polish/baton_pass/stone_edge,rock_slide/explosion,earthquake
solrock_uu_2;solrock;uu;Trick Room;0;leftovers,focus_sash;;brave;252 PS/252 Atq/4 Def;;trick_room/explosion/stealth_rock/stone_edge,zen_headbutt
castform_uu_1;castform;uu;Special Attacker;0;life_orb,expert_belt;;modest;28 PS/252 AtqE/228 Vel;;ice_beam/thunderbolt/flamethrower,fire_blast/energy_ball,shadow_ball
chimecho_uu_1;chimecho;uu;Support;0;leftovers;;bold;252 PS/252 Def/4 DefE;;psychic/heal_bell/wish,recover/protect,thunder_wave,yawn
chimecho_uu_2;chimecho;uu;Calm Mind;0;leftovers;;bold;252 PS/252 Def/4 AtqE;;calm_mind/psychic/hidden_power,shadow_ball/recover
wormadam_uu_1;wormadam;uu;Special Attacker;1;choice_specs,life_orb;;modest;56 PS/252 AtqE/200 Vel;;leaf_storm/psychic/signal_beam,energy_ball/hidden_power
wormadam_sandy_uu_1;wormadam_sandy;uu;Rain Dance Support;0;damp_rock;;impish;240 PS/216 Atq/52 Def;;rain_dance/bug_bite/earthquake/toxic
wormadam_sandy_uu_2;wormadam_sandy;uu;RestTalk;0;leftovers;;impish;252 PS/252 Def/4 DefE;;rest/sleep_talk/earthquake/toxic
wormadam_trash_uu_1;wormadam_trash;uu;Support;53;leftovers;;sassy;252 PS/16 Def/240 DefE;;stealth_rock/gyro_ball/toxic/protect
cherrim_uu_1;cherrim;uu;Sunny Day;0;heat_rock;;modest;4 PS/252 AtqE/252 DefE;;sunny_day/aromatherapy,grass_whistle/energy_ball/hidden_power
weezing_uu_1;weezing;uu;Specially Defensive;54;leftovers;;bold;252 PS/4 Def/252 DefE;;rest/sleep_talk/sludge_bomb/will_o_wisp
weezing_uu_2;weezing;uu;Physically Defensive;39;leftovers;;bold;252 PS/252 Def/4 AtqE;;flamethrower,sludge_bomb/thunderbolt/will_o_wisp,haze/pain_split
trapinch_uu_1;trapinch;uu;Trick Room Trapper;0;life_orb,choice_band;arena_trap;brave;252 PS/252 Atq/4 Def;;earthquake/crunch/rock_slide/bug_bite,quick_attack
leafeon_uu_1;leafeon;uu;Swords Dance;42;life_orb;;jolly;252 Atq/4 Def/252 Vel;;swords_dance/leaf_blade/double_edge/synthesis,quick_attack
leafeon_uu_2;leafeon;uu;Baton Pass;52;leftovers;;jolly;132 PS/4 Atq/120 Def/252 Vel;;baton_pass/swords_dance/roar,synthesis/leaf_blade
leafeon_uu_3;leafeon;uu;Physical Wall;49;leftovers;;impish;252 PS/252 Def/4 DefE;;wish/protect/leaf_blade/yawn,roar,heal_bell
glaceon_uu_1;glaceon;uu;Choice;64;choice_scarf,choice_specs;;timid,modest;4 PS/252 AtqE/252 Vel;;blizzard/hidden_power/baton_pass/ice_beam,shadow_ball
shiftry_uu_1;shiftry;uu;Swords Dance;8;life_orb;;adamant;4 PS/252 Atq/252 Vel;;swords_dance/sucker_punch/seed_bomb/low_kick
shiftry_uu_2;shiftry;uu;Nasty Plot;57;life_orb;;modest,rash;4 Def/252 AtqE/252 Vel;;nasty_plot/solar_beam,grass_knot/hidden_power/dark_pulse,explosion
shiftry_uu_3;shiftry;uu;Attacking Lead;20;focus_sash;early_bird;rash;116 Atq/252 AtqE/140 Vel;;low_kick/leaf_storm/dark_pulse/explosion,sucker_punch
raticate_uu_1;raticate;uu;Guts;0;flame_orb,toxic_orb;guts;jolly;4 PS/252 Atq/252 Vel;;facade/sucker_punch,crunch/u_turn,reversal/protect,swords_dance
fearow_uu_1;fearow;uu;Choice Band;0;choice_band;;jolly;252 Atq/4 Def/252 Vel;;drill_peck/return/u_turn/quick_attack,pursuit
sandslash_uu_1;sandslash;uu;Bulky Swords Dance;0;leftovers,lum_berry;;adamant;252 PS/252 Atq/4 Def;;swords_dance/rapid_spin/earthquake/night_slash,stone_edge
sandslash_uu_2;sandslash;uu;Offensive Swords Dance;0;bright_powder,leftovers;;adamant;44 PS/252 Atq/212 Vel;;swords_dance/earthquake/stone_edge/substitute
sandslash_uu_3;sandslash;uu;Support;0;leftovers;;impish;252 PS/252 Def/4 DefE;;stealth_rock/rapid_spin/earthquake/night_slash
ninetales_uu_1;ninetales;uu;Lure;79;leftovers;;timid;72 PS/216 AtqE/220 Vel;;nasty_plot/fire_blast/energy_ball/hidden_power
ninetales_uu_2;ninetales;uu;Nasty Plot;54;life_orb;;timid;252 AtqE/4 DefE/252 Vel;;nasty_plot/fire_blast,flamethrower/energy_ball/hypnosis,hidden_power
ninetales_uu_3;ninetales;uu;Double Status;24;wide_lens;;timid;184 PS/104 DefE/220 Vel;;hypnosis/will_o_wisp/energy_ball,pain_split/fire_blast,overheat
ninetales_uu_4;ninetales;uu;Choice Specs;39;choice_specs;;timid;36 PS/252 AtqE/220 Vel;;overheat,fire_blast/energy_ball/extrasensory/hidden_power
golbat_uu_1;golbat;uu;Stallbreaker;0;leftovers,life_orb;;jolly;252 Atq/4 Def/252 Vel;;taunt/brave_bird/roost/u_turn
golbat_uu_2;golbat;uu;Nasty Plot;0;life_orb;;timid;4 Def/252 AtqE/252 Vel;;nasty_plot/sludge_bomb/heat_wave/hidden_power,air_slash,roost
parasect_uu_1;parasect;uu;Double Status;0;leftovers;dry_skin;careful;248 PS/8 Def/252 DefE;;spore/stun_spore/synthesis/seed_bomb,x_scissor
parasect_uu_2;parasect;uu;Physical Attacker;0;leftovers,life_orb;dry_skin;adamant;248 PS/252 Atq/8 DefE;;spore/seed_bomb,brick_break/x_scissor,brick_break/pursuit,synthesis
venomoth_uu_1;venomoth;uu;Life Orb;48;life_orb;tinted_lens;timid;8 PS/248 AtqE/252 Vel;;bug_buzz/psychic,substitute/sleep_powder/roost
venomoth_uu_2;venomoth;uu;Choice;74;choice_specs;tinted_lens;timid;4 Def/252 AtqE/252 Vel;;bug_buzz/psychic/u_turn/sleep_powder
venomoth_uu_3;venomoth;uu;Support;48;leftovers;tinted_lens;timid;156 PS/120 AtqE/232 Vel;;toxic_spikes/sleep_powder/bug_buzz/psychic,roost
venomoth_uu_4;venomoth;uu;Double Status;48;leftovers,wide_lens;tinted_lens;timid;4 Def/252 AtqE/252 Vel;;sleep_powder/stun_spore/bug_buzz/psychic,roost
persian_uu_1;persian;uu;Nasty Plot;0;life_orb,lum_berry;technician;timid;4 PS/252 AtqE/252 Vel;;nasty_plot/hypnosis/swift/water_pulse
persian_uu_2;persian;uu;Physical Attacker;0;silk_scarf,life_orb;technician;jolly;4 PS/252 Atq/252 Vel;;fake_out/u_turn/hypnosis/bite,return,taunt
persian_uu_3;persian;uu;Switcheroo;0;choice_band;;jolly;4 PS/252 Atq/252 Vel;;switcheroo/return/u_turn/night_slash,hypnosis
persian_uu_4;persian;uu;Weather Support;0;damp_rock,heat_rock;;jolly;252 PS/4 Atq/252 Vel;;rain_dance,sunny_day/u_turn/hypnosis/taunt
golduck_uu_1;golduck;uu;Encore Weather Counter;56;leftovers;cloud_nine;timid;32 PS/252 AtqE/224 Vel;;encore/surf,hydro_pump/hidden_power/ice_beam
golduck_uu_2;golduck;uu;Calm Mind;56;life_orb,leftovers;cloud_nine;timid;4 PS/252 AtqE/252 Vel;;calm_mind/hydro_pump,surf/ice_beam,psychic/hidden_power,encore
golduck_uu_3;golduck;uu;All-Out Attacker;92;life_orb,choice_specs;cloud_nine;timid,mild;4 PS/252 AtqE/252 Vel;;hydro_pump,surf/ice_beam/hidden_power/psychic,cross_chop
primeape_uu_1;primeape;uu;Choice Scarf;68;choice_scarf;;jolly,adamant;32 PS/252 Atq/224 Vel;;u_turn/close_combat/stone_edge/ice_punch,earthquake,punishment
primeape_uu_2;primeape;uu;Encore;40;leftovers;;jolly;8 PS/248 Atq/252 Vel;;encore/close_combat/stone_edge,toxic/substitute,u_turn
primeape_uu_3;primeape;uu;Life Orb;48;life_orb;;jolly;4 PS/252 Atq/252 Vel;;close_combat/u_turn/stone_edge/ice_punch,earthquake,punishment
primeape_uu_4;primeape;uu;Choice Band;44;choice_band;;jolly;4 PS/252 Atq/252 Vel;;close_combat/u_turn/punishment/ice_punch,stone_edge
arcanine_uu_1;arcanine;uu;Morning Glory (Physical Attacker);68;life_orb,leftovers;;adamant,jolly;120 PS/152 Atq/236 Vel;;flare_blitz/extreme_speed/morning_sun/toxic,will_o_wisp
arcanine_uu_2;arcanine;uu;Specially Defensive;67;leftovers;;careful;252 PS/4 Def/252 DefE;;flare_blitz/extreme_speed/toxic/morning_sun
arcanine_uu_3;arcanine;uu;Life Orb;47;life_orb;;adamant,jolly;252 Atq/4 Def/252 Vel;;flare_blitz/thunder_fang,hidden_power/extreme_speed/morning_sun
arcanine_uu_4;arcanine;uu;Choice Band;46;choice_band;;jolly,adamant;252 Atq/4 DefE/252 Vel;;flare_blitz/extreme_speed/thunder_fang/morning_sun,iron_head
arcanine_uu_5;arcanine;uu;Attacking Lead;35;lum_berry;;adamant;192 PS/252 Atq/64 Vel;;flare_blitz/extreme_speed/toxic/hidden_power,overheat
arcanine_uu_6;arcanine;uu;Physically Defensive;68;leftovers;;impish;252 PS/228 Def/28 Vel;;will_o_wisp/morning_sun/flare_blitz/extreme_speed
arcanine_uu_7;arcanine;uu;RestTalk;38;leftovers;;impish;252 PS/252 Def/4 Vel;;rest/sleep_talk/flare_blitz/roar
arcanine_uu_8;arcanine;uu;Special Attacker;18;life_orb;;modest,timid;252 AtqE/4 DefE/252 Vel;;fire_blast,flamethrower/hidden_power/morning_sun/dragon_pulse,overheat
machoke_uu_1;machoke;uu;Attacking Lead;69;focus_sash,lum_berry;no_guard;adamant;156 PS/252 Atq/100 Vel;;dynamic_punch/payback,rock_slide/bullet_punch/protect
rapidash_uu_1;rapidash;uu;Physical Attacker;0;leftovers,wide_lens;flash_fire;jolly;252 Atq/4 Def/252 Vel;;flare_blitz/hypnosis/megahorn,return/will_o_wisp,morning_sun
rapidash_uu_2;rapidash;uu;Mixed Attacker;0;life_orb;flash_fire;naive;80 Atq/252 AtqE/176 Vel;;fire_blast/hidden_power/megahorn/hypnosis,will_o_wisp
rapidash_uu_3;rapidash;uu;Choice Band;0;choice_band;flash_fire;jolly,adamant;252 Atq/4 Def/252 Vel;;flare_blitz/megahorn/double_edge/baton_pass,iron_tail
rapidash_uu_4;rapidash;uu;Baton Pass;0;leftovers;flash_fire;jolly;252 Atq/4 Def/252 Vel;;agility/baton_pass/flare_blitz/substitute
slowbro_uu_1;slowbro;uu;Physically Defensive;74;leftovers;own_tempo;bold;252 PS/252 Def/4 DefE;;slack_off/surf/psychic/thunder_wave,toxic,light_screen
slowbro_uu_2;slowbro;uu;Calm Mind;79;leftovers;own_tempo;bold;252 PS/176 Def/80 DefE;;calm_mind/surf/slack_off,rest/psychic,sleep_talk
slowbro_uu_3;slowbro;uu;Trick Room;70;leftovers;own_tempo;relaxed;252 PS/252 Def/4 DefE;;trick_room/slack_off/surf/psychic
slowbro_uu_4;slowbro;uu;Choice Specs;55;choice_specs;own_tempo;modest;252 PS/4 Def/252 AtqE;;trick/surf/psychic/grass_knot,slack_off
magneton_uu_1;magneton;uu;Steel Killer (Substitute);59;leftovers,lum_berry;;modest;108 PS/252 AtqE/148 Vel;;substitute/thunderbolt/hidden_power/magnet_rise
magneton_uu_2;magneton;uu;Special Attacker;51;leftovers,life_orb;;modest,rash;96 PS/252 AtqE/160 Vel;;charge_beam,metal_sound/thunderbolt/hidden_power/substitute,explosion
magneton_uu_3;magneton;uu;Choice Scarf;33;choice_scarf;;naive;56 Atq/224 AtqE/228 Vel;;thunderbolt/hidden_power/flash_cannon/explosion
magneton_uu_4;magneton;uu;Choice Specs;32;choice_specs;;rash,modest;80 Atq/252 AtqE/176 Vel;;thunderbolt/flash_cannon/hidden_power/explosion,signal_beam
dewgong_uu_1;dewgong;uu;Rain Dance;0;damp_rock,leftovers;hydration;timid;252 PS/160 AtqE/96 Vel;;rain_dance/surf/ice_beam,toxic/rest
muk_uu_1;muk;uu;Curse;57;black_sludge;sticky_hold;careful;252 PS/80 Def/176 DefE;;curse/poison_jab/brick_break,ice_punch/explosion,shadow_sneak,rest
muk_uu_2;muk;uu;Choice Band;47;choice_band;sticky_hold;adamant;252 PS/252 Atq/4 DefE;;poison_jab,gunk_shot/brick_break,focus_punch/ice_punch/explosion
muk_uu_3;muk;uu;SubPunch;96;black_sludge;sticky_hold;adamant;212 PS/252 Atq/40 Def/4 Vel;;substitute/focus_punch/poison_jab,gunk_shot/ice_punch,payback,explosion
muk_uu_4;muk;uu;Tank;85;black_sludge;sticky_hold;adamant;252 PS/68 Atq/188 DefE;;poison_jab,gunk_shot/brick_break,focus_punch/ice_punch,payback/pain_split,explosion
cloyster_uu_1;cloyster;uu;Life Orb;33;life_orb;skill_link;adamant;160 PS/252 Atq/96 DefE;;ice_shard/rock_blast/explosion,rapid_spin/spikes
cloyster_uu_2;cloyster;uu;Support;73;leftovers;;bold,impish;252 PS/4 Def/252 DefE;;spikes/rapid_spin/surf,rock_blast/toxic_spikes,explosion
haunter_uu_1;haunter;uu;Substitute + 3 Attacks;72;life_orb;;timid,naive;4 Atq/252 AtqE/252 Vel;;substitute/shadow_ball/sludge_bomb,hypnosis/hidden_power,thunderbolt,explosion
haunter_uu_2;haunter;uu;SubSplit;51;life_orb;;timid;4 Def/252 AtqE/252 Vel;;substitute/pain_split/shadow_ball/hidden_power,thunderbolt
hypno_uu_1;hypno;uu;Support;0;leftovers;;calm;252 PS/200 Def/56 DefE;;wish/seismic_toss,psychic/thunder_wave,psychic/protect
hypno_uu_2;hypno;uu;Baton Pass;0;leftovers;;calm;252 PS/80 Def/176 DefE;;nasty_plot,calm_mind/psychic/baton_pass/substitute
hypno_uu_3;hypno;uu;Nasty Plot;0;leftovers;;modest;168 PS/220 AtqE/120 Vel;;nasty_plot/psychic/grass_knot/baton_pass
kingler_uu_1;kingler;uu;Agility + Swords Dance;0;life_orb;;adamant;68 PS/252 Atq/188 Vel;;agility/swords_dance/crabhammer/return
kingler_uu_2;kingler;uu;Choice;0;choice_band,choice_scarf;;adamant,jolly;32 PS/252 Atq/224 Vel;;crabhammer/return/rock_slide/superpower,x_scissor
marowak_uu_1;marowak;uu;Substitute + 3 Attacks;0;thick_club;;jolly;252 Atq/4 Def/252 Vel;;substitute/earthquake/double_edge/fire_punch,thunder_punch
chansey_uu_1;chansey;uu;Wish Support;64;leftovers;;calm,bold;4 PS/252 Def/252 DefE;;wish/protect/seismic_toss/toxic,thunder_wave
chansey_uu_2;chansey;uu;Cleric;53;leftovers;;calm,bold;4 PS/252 Def/252 DefE;;aromatherapy/soft_boiled/seismic_toss/stealth_rock,thunder_wave,toxic
tangela_uu_1;tangela;uu;Sunny Day + Endeavor Lead;0;focus_sash;;timid;252 AtqE/252 Vel;;sunny_day/endeavor/sleep_powder/leaf_storm,energy_ball,solar_beam
kangaskhan_uu_1;kangaskhan;uu;Physical Attacker;53;choice_band,life_orb;scrappy;jolly,adamant;252 Atq/4 DefE/252 Vel;;return,double_edge/hammer_arm,low_kick/sucker_punch/earthquake,fake_out
kangaskhan_uu_2;kangaskhan;uu;SubPunch;42;leftovers;scrappy;jolly;212 PS/44 Atq/252 Vel;;substitute/focus_punch/sucker_punch/return
seaking_uu_1;seaking;uu;FUCK YEAH SEAKING!;0;life_orb;;lonely;252 Atq/16 AtqE/240 Vel;;waterfall,aqua_tail/megahorn/return/ice_beam
scyther_uu_1;scyther;uu;Swords Dance;59;life_orb;technician;jolly;252 Atq/4 DefE/252 Vel;;swords_dance/aerial_ace/brick_break,bug_bite/quick_attack,bug_bite
scyther_uu_2;scyther;uu;Choice Band;82;choice_band;technician;jolly;252 Atq/4 DefE/252 Vel;;aerial_ace/u_turn/quick_attack/pursuit,brick_break
scyther_uu_3;scyther;uu;Baton Pass;34;leftovers,salac_berry;technician;jolly;224 PS/68 Def/216 Vel;;swords_dance/baton_pass/aerial_ace/substitute,roost
jynx_uu_1;jynx;uu;Nasty Plot;43;leftovers;forewarn;timid;8 PS/248 AtqE/252 Vel;;ice_beam/nasty_plot/lovely_kiss/substitute,psychic,focus_blast
jynx_uu_2;jynx;uu;Luna (SubCM);31;leftovers;forewarn;timid;200 PS/56 AtqE/252 Vel;;ice_beam/calm_mind/substitute/lovely_kiss
jynx_uu_3;jynx;uu;Attacking Lead;43;focus_sash;forewarn;timid;252 AtqE/4 DefE/252 Vel;;lovely_kiss/ice_beam/grass_knot,psychic/nasty_plot,taunt
electabuzz_uu_1;electabuzz;uu;Life Orb;0;life_orb;;hasty;4 Atq/252 AtqE/252 Vel;29 PS;thunderbolt/hidden_power/cross_chop,focus_blast/psychic,substitute
pinsir_uu_1;pinsir;uu;Swords Dance;45;life_orb;mold_breaker;jolly;252 Atq/4 Def/252 Vel;;swords_dance/x_scissor/close_combat,earthquake/stone_edge
pinsir_uu_2;pinsir;uu;Attacking Lead;85;focus_sash,lum_berry;mold_breaker;jolly,adamant;252 Atq/4 Def/252 Vel;;x_scissor/close_combat,earthquake/stone_edge,quick_attack/stealth_rock
pinsir_uu_3;pinsir;uu;Choice;46;choice_scarf,choice_band;mold_breaker;adamant,jolly;252 Atq/4 Def/252 Vel;;x_scissor/stone_edge/earthquake/close_combat
tauros_uu_1;tauros;uu;All-Out Attacker;42;choice_band,life_orb;;jolly,adamant;4 PS/252 Atq/252 Vel;;double_edge/earthquake/stone_edge,return/payback,pursuit
tauros_uu_2;tauros;uu;Anger Point;19;salac_berry,leftovers,liechi_berry;anger_point;jolly;4 PS/252 Atq/252 Vel;;substitute/return/earthquake/payback
lapras_uu_1;lapras;uu;Special Attacker;27;leftovers,life_orb;;modest;252 PS/200 AtqE/56 DefE;;surf,hydro_pump/ice_beam/thunderbolt/toxic,perish_song,heal_bell
lapras_uu_2;lapras;uu;LapDance (Dragon Dance);67;leftovers,life_orb;;adamant;32 PS/252 Atq/224 Vel;;dragon_dance/waterfall/return,zen_headbutt/substitute,ice_beam
lapras_uu_3;lapras;uu;Mixed Dragon Dance;29;life_orb;;naughty,lonely;220 Atq/64 AtqE/224 Vel;;dragon_dance/waterfall,return/hydro_pump,surf/ice_beam,thunderbolt
lapras_uu_4;lapras;uu;Curse;44;leftovers,chesto_berry;;careful;252 PS/4 Atq/252 DefE;;curse/ice_shard,avalanche/waterfall/return,rest
ditto_uu_1;ditto;uu;The Best Set Ever;0;leftovers,focus_sash;;timid;252 PS/4 DefE/252 Vel;;transform
flareon_uu_1;flareon;uu;Wish Support;0;leftovers;;calm;252 PS/80 Def/176 DefE;;wish/protect/flamethrower,lava_plume/toxic
flareon_uu_2;flareon;uu;Choice Scarf;0;choice_scarf;;hasty;252 Atq/12 AtqE/244 Vel;;fire_blast/return/superpower/hidden_power
omastar_uu_1;omastar;uu;Support;47;leftovers;shell_armor;bold;248 PS/252 Def/8 DefE;;stealth_rock/spikes/surf/ice_beam,earth_power
omastar_uu_2;omastar;uu;Rain Dance Special Attacker;38;life_orb,damp_rock;;modest;4 PS/252 AtqE/252 Vel;;surf,hydro_pump/ice_beam/hidden_power/rain_dance,earth_power
omastar_uu_3;omastar;uu;Lead;50;focus_sash;;timid;4 PS/252 AtqE/252 Vel;;stealth_rock/spikes/surf/hidden_power,earth_power
kabutops_uu_1;kabutops;uu;Swords Dance;52;life_orb;;jolly,adamant;4 PS/252 Atq/252 Vel;;swords_dance/waterfall,aqua_tail/stone_edge/aqua_jet
kabutops_uu_2;kabutops;uu;Lead;38;lum_berry,focus_sash;;adamant;132 PS/252 Atq/124 Vel;;stealth_rock/stone_edge/aqua_jet/rapid_spin,waterfall
kabutops_uu_3;kabutops;uu;Offensive Rapid Spin;58;leftovers;;jolly;4 PS/252 Atq/252 Vel;;rapid_spin/stone_edge/aqua_jet/swords_dance,waterfall
kabutops_uu_4;kabutops;uu;Choice Band;43;choice_band;;adamant;72 PS/252 Atq/184 Vel;;stone_edge/waterfall,aqua_tail/aqua_jet/return
kabutops_uu_5;kabutops;uu;Support;43;leftovers;battle_armor;careful;152 PS/104 Atq/252 DefE;;rapid_spin/knock_off,stealth_rock/stone_edge/waterfall,aqua_tail
dragonair_uu_1;dragonair;uu;Dragon Dance;64;life_orb;;adamant;52 PS/252 Atq/204 Vel;;dragon_dance/extreme_speed/outrage/aqua_tail
furret_uu_1;furret;uu;Choice;0;choice_band,choice_scarf;keen_eye;jolly,adamant;4 PS/252 Atq/252 Vel;;trick/return/brick_break/u_turn,shadow_claw,sucker_punch
ledian_uu_1;ledian;uu;Baton Pass;0;lum_berry,focus_sash;early_bird;jolly;152 PS/104 DefE/252 Vel;;agility/swords_dance,roost/baton_pass/encore
lanturn_uu_1;lanturn;uu;Special Tank;53;leftovers;;calm;40 PS/192 Def/100 AtqE/176 DefE;;surf/thunderbolt,discharge/ice_beam/heal_bell,thunder_wave
lanturn_uu_2;lanturn;uu;Substitute + Charge Beam;62;leftovers;;modest;104 PS/28 Def/252 AtqE/124 Vel;;substitute/charge_beam/surf/ice_beam,thunderbolt
lanturn_uu_3;lanturn;uu;Rain Dance;28;damp_rock;;modest;40 PS/252 AtqE/216 DefE;;rain_dance/hydro_pump,surf/thunder/heal_bell,ice_beam
lanturn_uu_4;lanturn;uu;Agility;29;life_orb;;modest;4 Def/252 AtqE/252 Vel;;agility/hydro_pump,surf/thunderbolt/ice_beam
lanturn_uu_5;lanturn;uu;RestTalk;36;leftovers;;calm;40 PS/192 Def/100 AtqE/176 DefE;;rest/sleep_talk/surf/discharge,thunderbolt
xatu_uu_1;xatu;uu;Wish Passer;0;leftovers;;timid;252 PS/32 Def/224 Vel;;wish/u_turn/psychic/protect,reflect,light_screen
xatu_uu_2;xatu;uu;Dual Screens;0;light_clay;;jolly;252 PS/32 Def/224 Vel;;reflect/light_screen/wish/u_turn
xatu_uu_3;xatu;uu;Baton Pass;0;leftovers;;timid;252 PS/32 Def/224 Vel;;calm_mind/baton_pass/roost/psychic
xatu_uu_4;xatu;uu;Calm Mind;0;life_orb;;timid;4 Def/252 AtqE/252 Vel;;calm_mind/psychic/heat_wave/roost,hidden_power
xatu_uu_5;xatu;uu;Choice;0;choice_scarf,choice_specs;;timid;32 PS/252 AtqE/224 Vel;;psychic/heat_wave/hidden_power/trick,shadow_ball
sudowoodo_uu_1;sudowoodo;uu;All-Out Attacker;0;choice_band,life_orb;rock_head;adamant;4 PS/252 Atq/252 Vel;;stone_edge/wood_hammer/low_kick,earthquake/explosion,sucker_punch
sudowoodo_uu_2;sudowoodo;uu;SubPunch;0;life_orb,leftovers;rock_head;adamant;8 PS/252 Atq/248 Vel;;substitute/focus_punch/stone_edge/wood_hammer,explosion,sucker_punch
sudowoodo_uu_3;sudowoodo;uu;Support;0;leftovers;rock_head;impish;252 PS/4 Atq/252 Def;;stealth_rock/stone_edge/wood_hammer,earthquake,low_kick/toxic,explosion
politoed_uu_1;politoed;uu;Support;41;leftovers;;calm;252 PS/4 Def/252 DefE;;surf/encore/toxic/ice_beam,protect,refresh
politoed_uu_2;politoed;uu;Choice Specs;50;choice_specs;;modest;84 PS/252 AtqE/172 Vel;;surf,hydro_pump/ice_beam/hidden_power/focus_blast,psychic
sunflora_uu_1;sunflora;uu;Sunny Day Special Attacker;0;life_orb;;modest,timid;4 PS/252 AtqE/252 Vel;;solar_beam/hidden_power/earth_power/sunny_day,grass_knot
sunflora_uu_2;sunflora;uu;Life Orb;0;life_orb;solar_power;modest;12 PS/252 AtqE/244 Vel;;leaf_storm/earth_power/hidden_power/synthesis
yanma_uu_1;yanma;uu;Attacking Lead;0;focus_sash;compound_eyes,speed_boost;timid,modest;4 Def/252 AtqE/252 Vel;;bug_buzz/air_slash/protect,hidden_power/hypnosis
quagsire_uu_1;quagsire;uu;Wall;88;leftovers;water_absorb;impish;252 PS/4 Atq/252 Def;;recover/earthquake/waterfall/toxic,encore,yawn
quagsire_uu_2;quagsire;uu;Curse;74;leftovers;water_absorb;careful;252 PS/4 Atq/252 DefE;;curse/recover/earthquake/waterfall
espeon_uu_1;espeon;uu;EspyJump (Baton Pass);35;leftovers;;timid;252 PS/40 DefE/216 Vel;;calm_mind/psychic/baton_pass/substitute
espeon_uu_2;espeon;uu;Offensive Calm Mind;45;life_orb;;timid;40 PS/252 AtqE/216 Vel;;calm_mind/psychic/hidden_power/baton_pass,shadow_ball,signal_beam
espeon_uu_3;espeon;uu;Dual Screens;23;light_clay;;timid;252 PS/40 Def/216 Vel;;reflect/light_screen/wish/psychic,baton_pass
espeon_uu_4;espeon;uu;Substitute + 3 Attacks;37;life_orb;;timid;252 AtqE/4 DefE/252 Vel;29 PS;substitute/psychic/hidden_power/shadow_ball,signal_beam,grass_knot
espeon_uu_5;espeon;uu;Choice;34;choice_specs,choice_scarf;;timid,modest;4 PS/252 AtqE/252 Vel;;psychic/hidden_power/baton_pass,shadow_ball,signal_beam/trick
murkrow_uu_1;murkrow;uu;Life Orb;0;life_orb;;hasty,naive;252 Atq/4 AtqE/252 Vel;;brave_bird/sucker_punch/heat_wave/hidden_power
slowking_uu_1;slowking;uu;Bulky Water;92;leftovers;own_tempo;calm;252 PS/144 Def/112 DefE;;surf/psychic,ice_beam/slack_off/toxic,thunder_wave
slowking_uu_2;slowking;uu;Defensive Trick Room;80;leftovers;own_tempo;sassy;252 PS/144 Def/112 DefE;;trick_room/surf/psychic/slack_off
slowking_uu_3;slowking;uu;Offensive Trick Room;43;life_orb;own_tempo;quiet;252 PS/4 Def/252 AtqE;;trick_room/nasty_plot/psychic/surf
slowking_uu_4;slowking;uu;Choice Specs;56;choice_specs;own_tempo;modest;252 PS/4 Def/252 AtqE;;trick/surf/psychic/slack_off
unown_uu_1;unown;uu;Specs Unown;0;choice_specs;;modest;252 AtqE/4 DefE/252 Vel;;hidden_power
girafarig_uu_1;girafarig;uu;Offensive Calm Mind;0;life_orb;;timid;4 PS/252 AtqE/252 Vel;;calm_mind/psychic/thunderbolt/baton_pass,hidden_power,shadow_ball
girafarig_uu_2;girafarig;uu;All-Out Attacker;0;life_orb;;naive;4 Atq/252 AtqE/252 Vel;;psychic/thunderbolt,grass_knot/sucker_punch/hidden_power
girafarig_uu_3;girafarig;uu;Baton Pass;0;salac_berry,petaya_berry;;timid;252 PS/4 AtqE/252 Vel;;baton_pass/calm_mind,agility/substitute/psychic
girafarig_uu_4;girafarig;uu;Choice;0;choice_specs,choice_scarf;;timid,modest;4 PS/252 AtqE/252 Vel;;trick/psychic/thunderbolt,hidden_power/baton_pass,shadow_ball,hidden_power
dunsparce_uu_1;dunsparce;uu;ParaFlinch;0;leftovers;;adamant;144 PS/252 Atq/36 Def/76 DefE;;body_slam,thunder_wave/headbutt/bite,zen_headbutt/earthquake,rock_slide
dunsparce_uu_2;dunsparce;uu;Substitute + Paralysis;0;leftovers;;adamant;252 PS/212 Atq/44 Vel;;substitute/thunder_wave,body_slam/headbutt/earthquake,bite
gligar_uu_1;gligar;uu;SubRoost;55;leftovers;;jolly;200 PS/84 Def/224 Vel;;substitute/roost/taunt/toxic,earthquake
gligar_uu_2;gligar;uu;Wall;70;leftovers;;impish;252 PS/252 Def/4 Vel;;taunt/roost/earthquake/aerial_ace,toxic
gligar_uu_3;gligar;uu;Baton Pass;30;yache_berry,passho_berry;;jolly;252 PS/4 Def/252 Vel;;swords_dance,earthquake/agility,earthquake/baton_pass/taunt
gligar_uu_4;gligar;uu;Swords Dance;30;life_orb;;jolly;4 PS/252 Atq/252 Vel;;swords_dance/earthquake/stone_edge/x_scissor,roost
steelix_uu_1;steelix;uu;Standard Wall;77;leftovers;sturdy;sassy,relaxed;252 PS/4 Atq/252 DefE;;stealth_rock/earthquake/gyro_ball,stone_edge/roar,toxic,explosion
steelix_uu_2;steelix;uu;BaitLix;54;passho_berry,occa_berry;sturdy;adamant;100 PS/164 Atq/244 DefE;;earthquake/explosion/stealth_rock/stone_edge,iron_head,roar
steelix_uu_3;steelix;uu;Torment;45;leftovers;sturdy;careful,sassy;252 PS/124 Atq/132 DefE;;torment/substitute/toxic/earthquake,gyro_ball
steelix_uu_4;steelix;uu;Curse;63;leftovers,chesto_berry;sturdy;sassy;252 PS/4 Atq/252 DefE;;curse/earthquake/gyro_ball/explosion,rest
shuckle_uu_1;shuckle;uu;Toxic Stall;0;leftovers;;impish;248 PS/252 Def/8 DefE;;toxic/encore/rest/knock_off,protect
sneasel_uu_1;sneasel;uu;Choice Band;20;choice_band;;jolly;252 Atq/4 DefE/252 Vel;;ice_shard/pursuit/low_kick,brick_break/punishment
sneasel_uu_2;sneasel;uu;Attacking Lead;5;focus_sash;;jolly;252 Atq/4 DefE/252 Vel;;fake_out/counter/taunt/pursuit,ice_shard
sneasel_uu_3;sneasel;uu;Swords Dance;41;life_orb;;jolly;252 Atq/4 DefE/252 Vel;;swords_dance/ice_shard,ice_punch/low_kick/punishment,bite,pursuit
ursaring_uu_1;ursaring;uu;Physical Attacker;92;toxic_orb;quick_feet;jolly;4 PS/252 Atq/252 Vel;;facade/close_combat/crunch/swords_dance
ursaring_uu_2;ursaring;uu;Swords Dance + Life Orb;40;life_orb;;adamant;32 PS/252 Atq/224 Vel;;swords_dance/return,double_edge/earthquake,close_combat/crunch
ursaring_uu_3;ursaring;uu;Swords Dance + Guts;77;flame_orb,toxic_orb;;jolly;4 PS/252 Atq/252 Vel;;swords_dance/facade/close_combat,earthquake/crunch
ursaring_uu_4;ursaring;uu;Choice Band;29;choice_band;;adamant;4 PS/252 Atq/252 Vel;;double_edge/close_combat/crunch/ice_punch
piloswine_uu_1;piloswine;uu;Physical Attacker;0;life_orb,choice_band;;jolly,adamant;4 PS/252 Atq/252 Vel;;ice_shard/earthquake/substitute,ice_fang/stone_edge
octillery_uu_1;octillery;uu;Baton Pass Receiver;0;life_orb,lum_berry;;modest;252 AtqE/4 DefE/252 Vel;;surf/energy_ball/ice_beam/fire_blast,charge_beam
octillery_uu_2;octillery;uu;Trick Room Special Attacker;0;expert_belt,wave_incense;sniper;quiet;252 PS/252 AtqE/4 DefE;;water_spout/surf,waterfall/energy_ball/ice_beam
octillery_uu_3;octillery;uu;Special Choice;0;choice_specs,choice_scarf;sniper;modest,timid;252 AtqE/4 DefE/252 Vel;;water_spout/surf/energy_ball/ice_beam
delibird_uu_1;delibird;uu;Choice Band;0;choice_band;hustle;jolly;252 Atq/4 DefE/252 Vel;;aerial_ace/focus_punch/ice_shard/ice_punch,seed_bomb
delibird_uu_2;delibird;uu;Choice Specs;0;choice_specs;;timid;252 AtqE/4 DefE/252 Vel;30 AtqE;ice_beam,blizzard/signal_beam/water_pulse/hidden_power
houndoom_uu_1;houndoom;uu;Nasty Plot Mixed Attacker;49;life_orb;flash_fire;hasty;100 Atq/184 AtqE/224 Vel;;nasty_plot/fire_blast/dark_pulse/sucker_punch
houndoom_uu_2;houndoom;uu;Mixed Attacker;50;life_orb;flash_fire;hasty;252 Atq/32 AtqE/224 Vel;;pursuit/sucker_punch/crunch,thunder_fang/fire_blast,overheat
houndoom_uu_3;houndoom;uu;Nasty Plot;42;passho_berry;flash_fire;timid;252 AtqE/4 DefE/252 Vel;;nasty_plot/fire_blast/dark_pulse/hidden_power,beat_up
houndoom_uu_4;houndoom;uu;Lead;53;focus_sash,lum_berry;early_bird,flash_fire;naive;32 Atq/252 AtqE/224 Vel;;fire_blast/dark_pulse/sucker_punch/hidden_power,pursuit
houndoom_uu_5;houndoom;uu;Choice Scarf;52;choice_scarf;flash_fire;hasty;84 Atq/196 AtqE/228 Vel;;overheat/dark_pulse/pursuit/hidden_power,toxic
donphan_uu_1;donphan;uu;Rapid Spin;66;leftovers;;adamant;252 PS/252 Atq/4 Vel;;rapid_spin/earthquake/assurance/stealth_rock,ice_shard,head_smash
donphan_uu_2;donphan;uu;Choice Band;40;choice_band;;adamant;172 PS/252 Atq/84 Vel;;earthquake/assurance/head_smash,ice_shard/rapid_spin,ice_shard
porygon2_uu_1;porygon2;uu;Defensive Duck;44;leftovers;;calm;252 PS/40 AtqE/216 DefE;;discharge,thunderbolt/ice_beam/recover/toxic,thunder_wave
porygon2_uu_2;porygon2;uu;Offensive Trick Room;52;life_orb;download;quiet;252 PS/252 AtqE/4 DefE;;trick_room/ice_beam/thunderbolt/tri_attack,recover,hidden_power
porygon2_uu_3;porygon2;uu;Life Orb Duck;57;life_orb;download;modest;4 PS/252 AtqE/252 Vel;;tri_attack/thunderbolt,hidden_power/ice_beam,substitute/recover
porygon2_uu_4;porygon2;uu;Charge Beam;39;leftovers;;modest;252 PS/160 AtqE/96 Vel;;charge_beam/ice_beam/tri_attack,substitute/recover
porygon2_uu_5;porygon2;uu;Offensive Choice Scarf;56;choice_scarf;;timid;52 PS/252 AtqE/204 Vel;;thunderbolt/ice_beam/tri_attack/trick,psychic
stantler_uu_1;stantler;uu;All-Out Attacker;0;life_orb,choice_band;;jolly;4 PS/252 Atq/252 Vel;;return/earthquake/sucker_punch,bite/megahorn,bite
stantler_uu_2;stantler;uu;Parafusion;0;leftovers;;adamant;252 PS/252 Atq/4 Vel;;thunder_wave/confuse_ray/return,headbutt/earthquake,bite
stantler_uu_3;stantler;uu;Gravity;0;life_orb;;jolly;4 PS/252 Atq/252 Vel;;gravity/hypnosis/earthquake/return
miltank_uu_1;miltank;uu;Curse;76;leftovers;scrappy;careful;252 PS/4 Def/252 DefE;;heal_bell/milk_drink/curse/body_slam,return
miltank_uu_2;miltank;uu;Mootility;68;leftovers;;jolly;240 PS/84 Def/184 Vel;;heal_bell/milk_drink/body_slam/stealth_rock,rock_slide
miltank_uu_3;miltank;uu;MooFensive (Life Orb);45;life_orb;scrappy;jolly;40 PS/252 Atq/216 Vel;;double_edge,return/earthquake,toxic/heal_bell/milk_drink
mightyena_uu_1;mightyena;uu;Stallbreaker;0;leftovers;;adamant;248 PS/116 Atq/144 Vel;;taunt/super_fang/crunch,rest/sucker_punch,toxic
mightyena_uu_2;mightyena;uu;Quick Feet;0;toxic_orb;quick_feet;jolly,adamant;252 Atq/4 Def/252 Vel;;sucker_punch/crunch/facade/howl,taunt
linoone_uu_1;linoone;uu;Belly Drum;96;salac_berry;gluttony;adamant;132 PS/252 Atq/4 Def/120 Vel;;belly_drum/extreme_speed/seed_bomb/return,shadow_claw
linoone_uu_2;linoone;uu;Choice Band;59;choice_band;gluttony;adamant;4 PS/252 Atq/252 Vel;;extreme_speed/shadow_claw/seed_bomb/switcheroo,return
dustox_uu_1;dustox;uu;Toxic Stall;0;leftovers;;calm;248 PS/8 Def/252 DefE;;toxic/roost/whirlwind/bug_buzz,protect
ludicolo_uu_1;ludicolo;uu;Special Attacker;56;life_orb;;modest;32 PS/252 AtqE/224 Vel;;surf,hydro_pump/energy_ball/ice_beam/rain_dance,hidden_power,focus_punch
ludicolo_uu_2;ludicolo;uu;Swords Dance;26;life_orb;;adamant;32 PS/252 Atq/224 Vel;;swords_dance/waterfall/seed_bomb/ice_punch,zen_headbutt
vigoroth_uu_1;vigoroth;uu;Encore + Substitute;0;leftovers;;jolly;16 PS/240 Atq/252 Vel;;encore/substitute/return,focus_punch/sucker_punch
vigoroth_uu_2;vigoroth;uu;Bulk Up;0;life_orb;;jolly;4 PS/252 Atq/252 Vel;;bulk_up/return/sucker_punch,night_slash/low_kick,earthquake,encore
slaking_uu_1;slaking;uu;Choice Band;0;choice_band;;adamant;4 PS/252 Atq/252 Vel;;return/earthquake/fire_punch/shadow_claw,pursuit
slaking_uu_2;slaking;uu;Choice Scarf;0;choice_scarf;;adamant;4 PS/252 Atq/252 Vel;;return/earthquake/shadow_claw,pursuit/ice_punch
shedinja_uu_1;shedinja;uu;Swords Dance;85;focus_sash,lum_berry;;adamant;252 Atq/252 Vel;;swords_dance/will_o_wisp/shadow_sneak,sucker_punch/x_scissor
hariyama_uu_1;hariyama;uu;All-Out Attacker;63;toxic_orb,life_orb;guts;adamant;252 Atq/172 Def/84 Vel;;close_combat/payback/bullet_punch/fake_out,stone_edge,ice_punch
hariyama_uu_2;hariyama;uu;RestTalk;12;leftovers;;impish,careful;12 PS/252 Def/244 DefE;;rest/sleep_talk/force_palm,cross_chop/whirlwind
hariyama_uu_3;hariyama;uu;SubPunch;24;leftovers;;adamant;252 Atq/252 DefE/4 Vel;;substitute/focus_punch/payback/stone_edge,ice_punch
sableye_uu_1;sableye;uu;Support;82;leftovers;;bold;252 PS/252 Def/4 DefE;;will_o_wisp/taunt,toxic/seismic_toss,night_shade/recover
aggron_uu_1;aggron;uu;Choice Band;57;choice_band;rock_head;jolly,adamant;252 Atq/4 Def/252 Vel;;head_smash/aqua_tail/low_kick/ice_punch,toxic
aggron_uu_2;aggron;uu;SubPunch;43;leftovers;rock_head;adamant;160 PS/252 Atq/12 DefE/84 Vel;;substitute/head_smash/focus_punch/magnet_rise
aggron_uu_3;aggron;uu;Rock Polish;51;life_orb;rock_head;adamant,jolly;252 Atq/4 Def/252 Vel;;rock_polish/head_smash/aqua_tail/low_kick,ice_punch
medicham_uu_1;medicham;uu;Choice Scarf;14;choice_scarf;;jolly;4 PS/252 Atq/252 Vel;;high_jump_kick,brick_break/psycho_cut/ice_punch,thunder_punch/trick,ice_punch
medicham_uu_2;medicham;uu;Life Orb;33;life_orb;;jolly,adamant;252 Atq/4 Def/252 Vel;;high_jump_kick,low_kick/zen_headbutt/fake_out,thunder_punch,ice_punch/bullet_punch
medicham_uu_3;medicham;uu;Choice Band;13;choice_band;;jolly;4 PS/252 Atq/252 Vel;;high_jump_kick,brick_break/psycho_cut/thunder_punch/ice_punch,trick
manectric_uu_1;manectric;uu;Life Orb;44;life_orb;;timid;252 AtqE/4 DefE/252 Vel;;thunderbolt/flamethrower,overheat/hidden_power/charge_beam,substitute
manectric_uu_2;manectric;uu;Choice Specs;67;choice_specs;;timid;252 AtqE/4 DefE/252 Vel;;thunderbolt/overheat,flamethrower/hidden_power/switcheroo
roselia_uu_1;roselia;uu;Spikes;45;leftovers;;calm;240 PS/208 DefE/60 Vel;;spikes/stun_spore/synthesis,leech_seed/energy_ball
roselia_uu_2;roselia;uu;Offensive Spikes;32;leftovers;;modest;252 PS/120 AtqE/136 Vel;;toxic_spikes,spikes/sleep_powder,synthesis/leaf_storm,energy_ball/sludge_bomb
swalot_uu_1;swalot;uu;Support;0;leftovers;;calm;4 PS/252 Def/252 DefE;;encore/yawn/pain_split/sludge_bomb,ice_beam
swalot_uu_2;swalot;uu;RestTalk;0;leftovers;liquid_ooze,sticky_hold;sassy;252 PS/144 Def/112 DefE;;rest/sleep_talk/sludge_bomb/earthquake
sharpedo_uu_1;sharpedo;uu;Attacking Lead;81;focus_sash;;adamant;4 PS/252 Atq/252 Vel;;crunch/waterfall/aqua_jet/taunt,earthquake,ice_fang
sharpedo_uu_2;sharpedo;uu;Physical Attacker;31;life_orb;;jolly,adamant;4 PS/252 Atq/252 Vel;;waterfall/crunch/earthquake/substitute,ice_fang,zen_headbutt
sharpedo_uu_3;sharpedo;uu;Special Attacker;0;life_orb;;timid,modest;4 PS/252 AtqE/252 Vel;;surf,hydro_pump/ice_beam/hidden_power/substitute,dark_pulse
wailord_uu_1;wailord;uu;Choice Scarf;0;choice_scarf;;naive;28 Atq/252 AtqE/228 Vel;;water_spout/hydro_pump,surf/ice_beam,hidden_power/self_destruct
wailord_uu_2;wailord;uu;Choice Specs;0;choice_specs;;quiet;128 Def/252 AtqE/128 DefE;30 Def/30 AtqE/3 Vel;water_spout/hidden_power/ice_beam/surf,self_destruct
camerupt_uu_1;camerupt;uu;Special Rock Polish;59;life_orb;solid_rock;rash,mild;40 Atq/252 AtqE/216 Vel;;rock_polish/fire_blast/earth_power/explosion,stone_edge
camerupt_uu_2;camerupt;uu;Trick Room Attacker;60;life_orb;solid_rock;quiet;4 PS/252 Atq/252 AtqE;2 Vel;fire_blast/earth_power/stone_edge,rock_slide,hidden_power/explosion,earthquake
camerupt_uu_3;camerupt;uu;Physical Rock Polish;45;life_orb;solid_rock;naughty,lonely;252 Atq/40 AtqE/216 Vel;;rock_polish/earthquake/fire_blast/explosion,stone_edge
grumpig_uu_1;grumpig;uu;Support;0;leftovers;;calm;252 PS/80 Def/176 DefE;;heal_bell/thunder_wave,toxic/reflect,magic_coat/psychic
grumpig_uu_2;grumpig;uu;Calm Mind;0;leftovers;;timid;252 PS/4 DefE/252 Vel;;calm_mind/substitute/psychic/signal_beam,hidden_power
grumpig_uu_3;grumpig;uu;Dual Screens;0;light_clay;;calm;252 PS/252 DefE/4 Vel;;reflect/light_screen/psychic/heal_bell,thunder_wave
grumpig_uu_4;grumpig;uu;Choice;0;choice_scarf,choice_specs;;timid,modest;4 PS/252 AtqE/252 Vel;;trick/psychic/shadow_ball/focus_blast
spinda_uu_1;spinda;uu;Wishful Passer;0;leftovers;;calm;252 PS/160 Def/96 DefE;;wish/baton_pass/protect,calm_mind/hypnosis
spinda_uu_2;spinda;uu;Parafusion;0;leftovers;;adamant;252 PS/252 Atq/4 Vel;;substitute/body_slam/teeter_dance/rock_slide
spinda_uu_3;spinda;uu;One-Trick Bear;0;choice_band,choice_scarf;;adamant,jolly;252 Atq/4 DefE/252 Vel;;trick/hypnosis/sucker_punch/return,double_edge
spinda_uu_4;spinda;uu;Enduring Flailer;0;salac_berry;;adamant,jolly;252 Atq/4 DefE/252 Vel;;endure/flail/baton_pass/feint_attack,sucker_punch
spinda_uu_5;spinda;uu;Focused Counter;0;focus_sash;;adamant,jolly;252 PS/4 Atq/252 Vel;;counter/focus_punch/return/feint_attack
cacturne_uu_1;cacturne;uu;Swords Dance;0;life_orb;;adamant;252 Atq/4 DefE/252 Vel;;swords_dance/sucker_punch/seed_bomb,substitute/low_kick,focus_punch
cacturne_uu_2;cacturne;uu;Spikes Lead;0;focus_sash;;adamant,jolly;252 Atq/4 DefE/252 Vel;;spikes/encore/sucker_punch/seed_bomb
cacturne_uu_3;cacturne;uu;Spikes;0;leftovers;;calm;252 PS/4 Def/252 DefE;;spikes/synthesis,substitute/dark_pulse,leech_seed,encore/energy_ball
altaria_uu_1;altaria;uu;Offensive Dragon Dance;49;life_orb;;adamant;252 Atq/4 DefE/252 Vel;;dragon_dance/outrage/earthquake/roost,fire_blast
altaria_uu_2;altaria;uu;Bulky Dragon Dance;33;leftovers;;careful;252 PS/16 Atq/176 DefE/64 Vel;;dragon_dance/dragon_claw/roost/heal_bell,safeguard
altaria_uu_3;altaria;uu;Support;24;leftovers;;careful;252 PS/40 Def/216 DefE;;dragon_claw/roost/heal_bell/perish_song,roar,haze
altaria_uu_4;altaria;uu;Choice Band;24;choice_band;;adamant;108 PS/252 Atq/148 Vel;;outrage/earthquake/sleep_talk,dragon_claw/rest
altaria_uu_5;altaria;uu;Mono-Attacker;31;leftovers;;careful;252 PS/220 Atq/36 Vel;;outrage/dragon_dance/rest/sleep_talk
altaria_uu_6;altaria;uu;Choice Specs;17;choice_specs;;modest;108 PS/252 AtqE/148 Vel;;draco_meteor/fire_blast/dragon_pulse,sleep_talk/rest
zangoose_uu_1;zangoose;uu;Swords Dance;0;life_orb;;jolly,adamant;252 Atq/4 Def/252 Vel;;swords_dance/return/close_combat/quick_attack,shadow_claw
seviper_uu_1;seviper;uu;All-Out Attacker;0;life_orb;;adamant;44 PS/252 Atq/212 Vel;;poison_jab/earthquake/sucker_punch/aqua_tail
seviper_uu_2;seviper;uu;Choice Scarf;0;choice_scarf;;jolly;12 PS/252 Atq/244 Vel;;poison_jab/earthquake/crunch,aqua_tail/switcheroo
whiscash_uu_1;whiscash;uu;Dragon Dance;54;life_orb;anticipation;adamant;4 PS/252 Atq/252 Vel;;dragon_dance/waterfall,aqua_tail/earthquake/bounce,stone_edge
crawdaunt_uu_1;crawdaunt;uu;Dragon Dance;36;life_orb;;adamant,jolly;4 PS/252 Atq/252 Vel;;dragon_dance/waterfall/crunch/x_scissor
crawdaunt_uu_2;crawdaunt;uu;Choice Band;31;choice_band;;adamant;252 Atq/4 Def/252 Vel;;crunch/waterfall/superpower/x_scissor,return,aerial_ace
claydol_uu_1;claydol;uu;Support;58;leftovers;;bold;252 PS/144 Def/112 AtqE;;rapid_spin/stealth_rock/earth_power/psychic,ice_beam,shadow_ball
claydol_uu_2;claydol;uu;Calm Mind;15;chesto_berry;;modest;160 PS/252 AtqE/96 Vel;;calm_mind/earth_power/psychic,ice_beam/rest
claydol_uu_3;claydol;uu;Choice Scarf Lead;43;choice_scarf;;bold;252 PS/252 Def/4 DefE;;trick/stealth_rock/rapid_spin/earth_power,explosion
claydol_uu_4;claydol;uu;Lead;16;light_clay,lum_berry;;careful;252 PS/80 Def/176 DefE;;reflect/light_screen/stealth_rock/explosion
claydol_uu_5;claydol;uu;Trick Room;25;life_orb,leftovers;;brave;252 PS/252 Atq/4 Def;;trick_room/earthquake/stone_edge/explosion
cradily_uu_1;cradily;uu;Mono-Attacker;46;leftovers;;careful;252 PS/4 Def/252 DefE;;rock_slide/curse/rest/sleep_talk
cradily_uu_2;cradily;uu;ChestoRest;21;chesto_berry;;careful;252 PS/4 Def/252 DefE;;curse/rock_slide/seed_bomb/rest
cradily_uu_3;cradily;uu;Support;54;leftovers;;careful;252 PS/96 Def/160 DefE;;rock_slide/toxic/recover/seed_bomb,stealth_rock,protect
cradily_uu_4;cradily;uu;Stockpile;52;leftovers;;careful;252 PS/216 Def/40 DefE;;stockpile/recover/toxic/rock_slide,earthquake
cradily_uu_5;cradily;uu;Swords Dance;45;leftovers;;careful;252 PS/216 Def/40 DefE;;swords_dance/stockpile/recover/rock_slide,seed_bomb
cradily_uu_6;cradily;uu;Baton Pass Receiver;29;lum_berry,life_orb;;adamant;4 PS/252 Atq/252 Vel;;stone_edge,rock_slide/seed_bomb/earthquake,swords_dance,toxic/recover
cradily_uu_7;cradily;uu;Lead;17;life_orb;;adamant;228 PS/176 Atq/104 Vel;;stealth_rock/seed_bomb/stone_edge/recover
armaldo_uu_1;armaldo;uu;Swords Dance;45;life_orb,leftovers;;jolly;252 Atq/4 Def/252 Vel;;swords_dance/x_scissor/stone_edge/earthquake
armaldo_uu_2;armaldo;uu;Rock Polish;44;life_orb;;adamant;12 PS/252 Atq/244 Vel;;rock_polish/x_scissor/stone_edge/earthquake
armaldo_uu_3;armaldo;uu;Support;2;leftovers;;impish;252 PS/4 Atq/252 Def;;rock_slide,rock_blast/stealth_rock/rapid_spin/knock_off,toxic
armaldo_uu_4;armaldo;uu;Choice Band;83;choice_band;;jolly;252 Atq/4 Def/252 Vel;;x_scissor/stone_edge/earthquake/aqua_tail,superpower
banette_uu_1;banette;uu;Trick Room;0;focus_sash;;brave;252 Atq;;trick_room/destiny_bond/taunt/shadow_claw
tropius_uu_1;tropius;uu;Physically Defensive;25;leftovers;;bold;252 PS/252 Def/4 DefE;;roost/toxic/energy_ball/air_slash,whirlwind
tropius_uu_2;tropius;uu;Swords Dance;29;life_orb;;adamant;252 Atq/4 Def/252 Vel;;swords_dance/leaf_blade/aerial_ace,roost/earthquake
tropius_uu_3;tropius;uu;Solar Power;2;life_orb,choice_specs;solar_power;timid,modest;8 Def/252 AtqE/248 Vel;;leaf_storm/solar_beam,energy_ball/air_slash/hidden_power
absol_uu_1;absol;uu;Swords Dance;83;life_orb,lum_berry;super_luck;adamant,jolly;252 Atq/4 DefE/252 Vel;;swords_dance/sucker_punch/superpower/night_slash,psycho_cut
absol_uu_2;absol;uu;Choice Scarf;46;choice_scarf;super_luck;adamant,jolly;252 Atq/4 DefE/252 Vel;;night_slash/superpower/psycho_cut/pursuit
absol_uu_3;absol;uu;Choice Band;60;choice_band;super_luck;adamant;252 Atq/4 DefE/252 Vel;;sucker_punch/superpower/night_slash/pursuit
absol_uu_4;absol;uu;Attacking Lead;60;focus_sash;super_luck;adamant;4 PS/252 Atq/252 Vel;;night_slash/superpower/sucker_punch/pursuit,taunt,psycho_cut
glalie_uu_1;glalie;uu;Spikes Lead;85;focus_sash;;jolly;4 PS/252 Atq/252 Vel;;spikes/taunt/explosion/ice_shard
walrein_uu_1;walrein;uu;Stallrein (Toxic Stall);88;leftovers;ice_body;bold;232 PS/220 Def/56 Vel;;protect/substitute/super_fang,roar,toxic/surf,blizzard
clamperl_uu_1;clamperl;uu;Trick Room Attacker;0;deep_sea_tooth;;quiet;252 PS/4 Def/252 AtqE;30 Atq/30 AtqE/3 Vel;surf/ice_beam/hidden_power/brine,toxic
huntail_uu_1;huntail;uu;Rain Dance Mixed Attacker;40;life_orb;;naughty;88 Atq/200 AtqE/220 Vel;;aqua_tail,waterfall/ice_beam/hydro_pump/hidden_power
huntail_uu_2;huntail;uu;Rain Dance Physical Attacker;40;life_orb;;naughty;252 Atq/4 AtqE/252 Vel;;aqua_tail/double_edge/ice_beam/crunch,sucker_punch
gorebyss_uu_1;gorebyss;uu;Swift Swim Special Attacker;62;life_orb,choice_specs;;modest;4 PS/252 AtqE/252 Vel;;hydro_pump,surf/ice_beam/hidden_power/psychic
gorebyss_uu_2;gorebyss;uu;Baton Pass;8;leftovers;;timid;252 PS/36 AtqE/220 Vel;;baton_pass/agility/substitute/surf
relicanth_uu_1;relicanth;uu;Choice Band;0;choice_band;rock_head;jolly,adamant;252 Atq/4 Def/252 Vel;;head_smash/aqua_tail,waterfall/earthquake/double_edge
relicanth_uu_2;relicanth;uu;Rock Polish;0;life_orb;rock_head;adamant,jolly;252 Atq/4 Def/252 Vel;;rock_polish/head_smash/waterfall,aqua_tail/earthquake
relicanth_uu_3;relicanth;uu;Rain Dance Physical Attacker;0;life_orb;;adamant;72 PS/252 Atq/184 Vel;;head_smash/aqua_tail,waterfall/earthquake/rain_dance,stone_edge
luvdisc_uu_1;luvdisc;uu;"Rain Dance ""Special"" Attacker";0;damp_rock,lum_berry,leftovers;;modest;252 PS/252 AtqE/4 Vel;;rain_dance/surf/ice_beam/toxic,hidden_power
luvdisc_uu_2;luvdisc;uu;Enoyer;0;leftovers;;calm;252 PS/252 DefE/4 Vel;;toxic/sweet_kiss/attract/protect
luvdisc_uu_3;luvdisc;uu;F(l)ail;0;liechi_berry;;adamant;252 Atq/4 Def/252 Vel;;substitute,endure/flail/agility,rain_dance/safeguard,waterfall,surf
shelgon_uu_1;shelgon;uu;Dragon Dance;0;life_orb;;adamant,jolly;28 PS/252 Atq/228 Vel;;dragon_dance/outrage/brick_break/dragon_claw
metang_uu_1;metang;uu;Dual Screens;85;light_clay;;careful;252 PS/48 Def/208 DefE;;light_screen/reflect/stealth_rock,meteor_mash/explosion
bibarel_uu_1;bibarel;uu;Baton Pass Receiver;41;life_orb,leftovers;;adamant;252 PS/252 Atq/4 Def;;waterfall/return/quick_attack/taunt,toxic
kricketune_uu_1;kricketune;uu;Swords Dance;0;life_orb,lum_berry;;adamant;252 Atq/4 Def/252 Vel;;swords_dance/x_scissor/brick_break/night_slash,taunt
kricketune_uu_2;kricketune;uu;Choice Scarf;0;choice_scarf;;jolly,adamant;252 Atq/4 Def/252 Vel;;x_scissor/brick_break/night_slash/return
luxray_uu_1;luxray;uu;Wallbreaker;0;life_orb;intimidate;naughty;204 Atq/156 AtqE/148 Vel;;thunderbolt/superpower/crunch/hidden_power,ice_fang
luxray_uu_2;luxray;uu;Choice Band;0;choice_band;intimidate;adamant;40 PS/252 Atq/216 Vel;;spark/ice_fang/superpower/crunch
luxray_uu_3;luxray;uu;Defensive;0;leftovers;intimidate;bold;252 PS/252 Def/4 Vel;;discharge,thunderbolt/hidden_power/toxic,thunder_wave/protect,roar
luxray_uu_4;luxray;uu;RestTalk;0;leftovers;intimidate;bold;252 PS/252 Def/4 Vel;;rest/sleep_talk/discharge,thunderbolt/roar,hidden_power
rampardos_uu_1;rampardos;uu;Choice Scarf;52;choice_scarf;;jolly,adamant;4 PS/252 Atq/252 Vel;;stone_edge/earthquake/fire_punch/zen_headbutt
rampardos_uu_2;rampardos;uu;Substitute + 3 Attacks;48;life_orb,leftovers;;jolly,naive;252 Atq/4 AtqE/252 Vel;;substitute/stone_edge,head_smash/earthquake/fire_punch,ice_beam
rampardos_uu_3;rampardos;uu;Rock Polish;38;life_orb,lum_berry;;adamant,naughty;252 Atq/4 AtqE/252 Vel;;rock_polish/stone_edge/earthquake/fire_punch,ice_beam
rampardos_uu_4;rampardos;uu;Swords Dance;37;life_orb;;jolly;4 PS/252 Atq/252 Vel;;swords_dance/stone_edge/earthquake/fire_punch,zen_headbutt
rampardos_uu_5;rampardos;uu;Trick Room;48;life_orb;;brave;252 PS/252 Atq/4 AtqE;;head_smash/earthquake/substitute/fire_punch,ice_beam
bastiodon_uu_1;bastiodon;uu;Support;0;leftovers;;impish;252 PS/8 Atq/248 DefE;;stealth_rock,rest/toxic/roar,taunt/iron_head,stone_edge,rock_slide
bastiodon_uu_2;bastiodon;uu;Torment;0;leftovers;;impish;252 PS/4 Def/252 DefE;;torment/substitute,toxic/protect/roar,toxic
bastiodon_uu_3;bastiodon;uu;Metal Burst;0;leftovers,focus_sash;;sassy;252 PS/4 Atq/252 DefE;;metal_burst/taunt/stealth_rock,earthquake/earthquake,stone_edge,iron_head
mothim_uu_1;mothim;uu;Choice;0;choice_scarf,choice_specs;;timid,modest;252 AtqE/4 DefE/252 Vel;;bug_buzz/air_slash/hidden_power/u_turn,shadow_ball
vespiquen_uu_1;vespiquen;uu;Bulky Bee;0;leftovers;;careful;248 PS/8 Def/252 DefE;;attack_order/toxic/substitute/roost
pachirisu_uu_1;pachirisu;uu;Support;0;leftovers;pickup;calm;252 PS/4 AtqE/252 DefE;;light_screen/discharge/super_fang/toxic,u_turn
floatzel_uu_1;floatzel;uu;Physical Attacker;30;life_orb,damp_rock;;adamant;232 PS/252 Atq/8 Def/16 Vel;;waterfall/ice_punch/return/rain_dance
floatzel_uu_2;floatzel;uu;Bulk Up;70;life_orb,leftovers;;jolly;32 PS/252 Atq/48 Def/176 Vel;;bulk_up/waterfall/ice_punch/return
floatzel_uu_3;floatzel;uu;Baton Pass;55;leftovers;;jolly;80 PS/252 Def/176 Vel;;waterfall/bulk_up/taunt/baton_pass
floatzel_uu_4;floatzel;uu;Choice Band;30;choice_band;;jolly,adamant;4 PS/252 Atq/252 Vel;;waterfall/ice_punch/return/crunch,aqua_jet,brick_break
floatzel_uu_5;floatzel;uu;Mixed Attacker;15;life_orb;;rash;240 Atq/252 AtqE/16 Vel;;rain_dance/surf/waterfall/ice_beam
gastrodon_uu_1;gastrodon;uu;Tank;76;leftovers;;calm;212 PS/252 Def/44 DefE;;surf/ice_beam,earth_power/toxic/recover
gastrodon_uu_2;gastrodon;uu;Curse;40;leftovers;;careful;252 PS/56 Def/200 DefE;;curse/waterfall/earthquake/recover
gastrodon_uu_3;gastrodon;uu;Trapper;12;rindo_berry,lum_berry;;careful,calm;252 PS/212 Def/44 DefE;;block/yawn/memento/earthquake,surf
ambipom_uu_1;ambipom;uu;Attacking Lead;54;life_orb,silk_scarf;;jolly;252 Atq/4 DefE/252 Vel;;fake_out/taunt/low_kick,pursuit,payback/u_turn,return
ambipom_uu_2;ambipom;uu;All-Out Attacker;51;life_orb;;jolly;252 Atq/4 DefE/252 Vel;;fake_out/return/low_kick/pursuit,payback
ambipom_uu_3;ambipom;uu;Weather Support;35;damp_rock,heat_rock;;jolly;252 Atq/4 DefE/252 Vel;;rain_dance,sunny_day/fake_out/taunt/u_turn
ambipom_uu_4;ambipom;uu;Baton Pass;9;leftovers,chople_berry,lum_berry;;timid;252 PS/4 DefE/252 Vel;;agility/nasty_plot/baton_pass/taunt
ambipom_uu_5;ambipom;uu;Offensive Baton Pass;22;life_orb;;timid;252 AtqE/4 DefE/252 Vel;;nasty_plot/baton_pass,water_pulse/swift/taunt,water_pulse
drifblim_uu_1;drifblim;uu;ChestoRest;41;chesto_berry;unburden;modest;252 Def/108 AtqE/148 Vel;;calm_mind/rest/shadow_ball/hidden_power,thunderbolt,baton_pass
drifblim_uu_2;drifblim;uu;Baton Pass;22;leftovers;;timid;4 Def/252 DefE/252 Vel;;baton_pass/substitute/calm_mind,stockpile/shadow_ball
drifblim_uu_3;drifblim;uu;Pinch Berry Baton Pass;30;petaya_berry,liechi_berry;unburden;timid;196 Def/252 DefE/60 Vel;30 PS;baton_pass/substitute/shadow_ball/hypnosis,recycle
drifblim_uu_4;drifblim;uu;Hindenburg (UU Lead);41;focus_sash;unburden;mild;108 Atq/252 AtqE/148 Vel;2 PS/2 Def/30 AtqE/2 DefE/30 Vel;shadow_ball/hidden_power/explosion/hypnosis
drifblim_uu_5;drifblim;uu;Rain Support;17;damp_rock;;hasty;4 Atq/252 AtqE/252 Vel;;rain_dance/shadow_ball/thunder,weather_ball/explosion
drifblim_uu_6;drifblim;uu;Choice;16;choice_scarf,choice_specs;;modest,timid;4 PS/252 AtqE/252 Vel;;trick/shadow_ball/hidden_power/thunderbolt,baton_pass
lopunny_uu_1;lopunny;uu;Baton Pass + Switcheroo;0;flame_orb,choice_scarf;klutz;timid;252 PS/4 DefE/252 Vel;;baton_pass/substitute/encore/switcheroo
lopunny_uu_2;lopunny;uu;Agility + Baton Pass;0;liechi_berry,petaya_berry;;timid;252 PS/4 DefE/252 Vel;;baton_pass/agility/substitute/encore
lopunny_uu_3;lopunny;uu;Support;0;flame_orb,choice_scarf;klutz;jolly;252 PS/4 DefE/252 Vel;;switcheroo/encore/heal_bell,thunder_wave/baton_pass,return
mismagius_uu_1;mismagius;uu;Colbur Berry Lead;30;colbur_berry;;timid;128 PS/124 Def/80 AtqE/176 Vel;;taunt/shadow_ball/power_gem,pain_split/will_o_wisp,thunder_wave,destiny_bond
mismagius_uu_2;mismagius;uu;Nasty Plot;51;leftovers,life_orb;;timid;4 PS/252 AtqE/252 Vel;;substitute,taunt/nasty_plot/shadow_ball/thunderbolt,hidden_power
mismagius_uu_3;mismagius;uu;Lead;48;life_orb,leftovers;;timid;4 PS/252 AtqE/252 Vel;;taunt/will_o_wisp,destiny_bond/shadow_ball/thunderbolt
mismagius_uu_4;mismagius;uu;Stallbreaker;41;leftovers;;timid;252 PS/80 AtqE/176 Vel;;taunt/will_o_wisp/shadow_ball/pain_split
mismagius_uu_5;mismagius;uu;Calm Mind;45;leftovers;;timid;4 PS/252 AtqE/252 Vel;;substitute/calm_mind/shadow_ball/thunderbolt,hidden_power
mismagius_uu_6;mismagius;uu;Choice;29;choice_specs,choice_scarf;;timid,modest;4 PS/252 AtqE/252 Vel;;trick/shadow_ball/thunderbolt/hidden_power
purugly_uu_1;purugly;uu;Attacking Lead;0;life_orb,focus_sash;;jolly,adamant;4 PS/252 Atq/252 Vel;;fake_out/u_turn/return,body_slam/taunt,shadow_claw
purugly_uu_2;purugly;uu;Weather Support;0;damp_rock,heat_rock;;jolly,adamant;4 PS/252 Atq/252 Vel;;fake_out/sunny_day,rain_dance/u_turn/taunt
skuntank_uu_1;skuntank;uu;Trapper;59;life_orb,leftovers;aftermath;adamant,jolly;4 PS/252 Atq/252 Vel;;pursuit/explosion/taunt/sucker_punch,crunch
skuntank_uu_2;skuntank;uu;Wallbreaker;55;life_orb;aftermath;jolly;4 PS/252 Atq/252 Vel;;sucker_punch/explosion/poison_jab/crunch,pursuit,return
chatot_uu_1;chatot;uu;Nasty Plot;0;life_orb;tangled_feet;timid;4 PS/252 AtqE/252 Vel;;nasty_plot/hyper_voice/heat_wave/encore,hidden_power
chatot_uu_2;chatot;uu;Choice;0;choice_specs,choice_scarf;tangled_feet;timid,modest;4 PS/252 AtqE/252 Vel;;hyper_voice/heat_wave/hidden_power/u_turn,chatter
spiritomb_uu_1;spiritomb;uu;Specially Defensive;45;leftovers;;sassy;252 PS/4 Def/252 DefE;;shadow_sneak,sucker_punch/pursuit/psychic/dark_pulse,rest,will_o_wisp
spiritomb_uu_2;spiritomb;uu;Choice Band;32;choice_band;;adamant;252 PS/252 Atq/4 Def;;shadow_sneak/pursuit/sucker_punch/trick
spiritomb_uu_3;spiritomb;uu;All-Out Attacker (Lead);22;spooky_plate;;quiet;244 PS/48 Atq/204 AtqE/12 Vel;;shadow_ball/hidden_power/shadow_sneak/pursuit,sucker_punch
spiritomb_uu_4;spiritomb;uu;Defensive;34;leftovers;;calm;252 PS/140 Def/116 DefE;;dark_pulse/will_o_wisp/rest/sleep_talk
spiritomb_uu_5;spiritomb;uu;Mono-Attacker;24;leftovers;;bold;252 PS/252 Def/4 DefE;;rest/sleep_talk/calm_mind/dark_pulse
gabite_uu_1;gabite;uu;Physical Attacker;0;choice_band,life_orb;;jolly;4 PS/252 Atq/252 Vel;;outrage/earthquake/stone_edge/dragon_claw
hippopotas_uu_1;hippopotas;uu;Lead;53;focus_sash;;relaxed;252 PS/164 Atq/92 Def;13 Vel;stealth_rock/yawn/earthquake,toxic/roar,protect
drapion_uu_1;drapion;uu;Swords Dance;37;life_orb;sniper;jolly;4 PS/252 Atq/252 Vel;;swords_dance/crunch/earthquake/aqua_tail
drapion_uu_2;drapion;uu;All-Out Attacker;35;choice_band,life_orb;sniper;jolly;252 Atq/4 DefE/252 Vel;;pursuit/crunch/earthquake/aqua_tail,ice_fang
drapion_uu_3;drapion;uu;Bulky Swords Dance;44;leftovers;;jolly;252 PS/120 DefE/136 Vel;;swords_dance/taunt/crunch/earthquake,protect
drapion_uu_4;drapion;uu;Specially Defensive;36;leftovers;;careful;252 PS/4 Def/252 DefE;;crunch/whirlwind/toxic_spikes,sleep_talk/taunt,knock_off,rest
drapion_uu_5;drapion;uu;Lead;46;lum_berry,leftovers;sniper;jolly;32 PS/252 Atq/224 Vel;;crunch/toxic_spikes/taunt/earthquake
toxicroak_uu_1;toxicroak;uu;Swords Dance;65;life_orb,lum_berry;dry_skin;jolly;4 PS/252 Atq/252 Vel;;swords_dance/low_kick,cross_chop/sucker_punch/ice_punch,taunt
toxicroak_uu_2;toxicroak;uu;Nasty Plot;34;life_orb;dry_skin;timid,modest;4 PS/252 AtqE/252 Vel;;nasty_plot/vacuum_wave/sludge_bomb/dark_pulse,focus_blast
toxicroak_uu_3;toxicroak;uu;SubPunch;38;leftovers;dry_skin;adamant,jolly;148 PS/252 Atq/108 Vel;;substitute/focus_punch/sucker_punch/ice_punch,stone_edge
carnivine_uu_1;carnivine;uu;Swords Dance;0;life_orb,leftovers;;jolly;252 Atq/4 DefE/252 Vel;;swords_dance/power_whip/return,substitute/sleep_powder,synthesis
lumineon_uu_1;lumineon;uu;Rain Dance Support;0;damp_rock;;timid;252 PS/4 Def/252 Vel;;rain_dance/safeguard/u_turn/surf
snover_uu_1;snover;uu;Lead;46;leftovers;;calm;248 PS/172 DefE/88 Vel;;leech_seed/protect/blizzard,toxic/substitute,wood_hammer,ice_shard
snover_uu_2;snover;uu;Choice Scarf;47;choice_scarf;;hasty;8 PS/252 AtqE/4 DefE/244 Vel;;blizzard/hidden_power/ice_shard/energy_ball,wood_hammer
lickilicky_uu_1;lickilicky;uu;Support;30;leftovers;;careful;252 PS/4 Def/252 DefE;;return/toxic,knock_off/wish,heal_bell/protect,power_whip
lickilicky_uu_2;lickilicky;uu;Swords Dance;45;leftovers,life_orb;;careful,adamant;88 PS/252 Atq/168 Vel;;swords_dance/return/power_whip,aqua_tail/explosion
lickilicky_uu_3;lickilicky;uu;Mixed Attacker;45;life_orb;;brave;116 PS/252 Atq/140 AtqE;;fire_blast/power_whip/earthquake,rock_slide/return,explosion
lickilicky_uu_4;lickilicky;uu;Choice Band;30;choice_band;;adamant;252 PS/252 Atq/4 DefE;;return/aqua_tail/power_whip/explosion,fire_punch
lickilicky_uu_5;lickilicky;uu;Curse;15;leftovers,chesto_berry;;sassy;252 PS/24 Def/232 DefE;;curse/return/aqua_tail/rest,wish
rhyperior_uu_1;rhyperior;uu;Physical Attacker;84;leftovers;solid_rock;adamant;140 PS/252 Atq/32 Def/84 Vel;;earthquake/stone_edge,rock_blast/megahorn/stealth_rock,substitute
rhyperior_uu_2;rhyperior;uu;Su(b)perior;82;leftovers;solid_rock;adamant;132 PS/212 Atq/164 Vel;;substitute/stone_edge/earthquake/megahorn
rhyperior_uu_3;rhyperior;uu;Rock Polish;62;life_orb;solid_rock;jolly;252 Atq/4 Def/252 Vel;;earthquake/stone_edge/megahorn/rock_polish
rhyperior_uu_4;rhyperior;uu;Tank;84;leftovers;solid_rock;adamant;244 PS/16 Atq/248 DefE;;earthquake/stone_edge,rock_blast/megahorn/stealth_rock,roar,rest
rhyperior_uu_5;rhyperior;uu;Choice Band;58;choice_band;solid_rock;adamant;92 PS/252 Atq/164 Vel;;stone_edge/earthquake/megahorn/rock_blast,aqua_tail
rhyperior_uu_6;rhyperior;uu;Trick Room;60;life_orb;solid_rock;brave;248 PS/252 Atq/8 Def;;earthquake/stone_edge/megahorn/swords_dance,aqua_tail
tangrowth_uu_1;tangrowth;uu;Physical Tank;56;leftovers;;relaxed;252 PS/252 Def/4 DefE;;power_whip,leaf_storm/synthesis/hidden_power,sleep_powder/earthquake,sleep_powder
tangrowth_uu_2;tangrowth;uu;Double Status;50;leftovers;;impish,bold;172 PS/120 Atq/216 Def;;sleep_powder/stun_spore/power_whip,leaf_storm/earthquake,hidden_power
tangrowth_uu_3;tangrowth;uu;Specially Defensive;56;leftovers;;careful,calm;136 PS/120 Atq/252 DefE;;power_whip,leaf_storm/earthquake,hidden_power/sleep_powder/synthesis
tangrowth_uu_4;tangrowth;uu;Swords Dance;52;life_orb,leftovers;;adamant,jolly;4 PS/252 Atq/252 Vel;;swords_dance/power_whip/earthquake/rock_slide
tangrowth_uu_5;tangrowth;uu;Special Attacker;21;life_orb;;modest,rash;32 PS/252 AtqE/224 Vel;;sleep_powder/solar_beam/hidden_power,power_whip/ancient_power,hidden_power
tangrowth_uu_6;tangrowth;uu;Mixed Attacker;37;life_orb;;naive;200 Atq/76 AtqE/232 Vel;;power_whip/earthquake/hidden_power/rock_slide,sleep_powder
magmortar_uu_1;magmortar;uu;Mixed Attacker;30;life_orb;;naive,hasty;16 Atq/252 AtqE/240 Vel;;fire_blast,flamethrower/thunderbolt/hidden_power/cross_chop
magmortar_uu_2;magmortar;uu;Special Attacker;46;life_orb,expert_belt;;timid,modest;16 PS/252 AtqE/240 Vel;;fire_blast,flamethrower/thunderbolt/focus_blast/hidden_power
magmortar_uu_3;magmortar;uu;Choice;46;choice_scarf,choice_specs;;modest,timid;40 Def/252 AtqE/216 Vel;;fire_blast,overheat/thunderbolt/focus_blast/hidden_power
magmortar_uu_4;magmortar;uu;SubPunch;20;expert_belt,leftovers;;mild;48 Atq/228 AtqE/232 Vel;;substitute/focus_punch/fire_blast,lava_plume/thunderbolt
probopass_uu_1;probopass;uu;Specially Defensive;92;leftovers;magnet_pull;calm;252 PS/4 Def/252 DefE;;stealth_rock/thunder_wave,toxic/power_gem/earth_power,thunderbolt
probopass_uu_2;probopass;uu;Trapper;70;leftovers;magnet_pull;modest;172 PS/252 AtqE/84 Vel;;magnet_rise/taunt,substitute/earth_power/power_gem,hidden_power,thunderbolt
rotom_uu_1;rotom;uu;SubSplit;42;life_orb;;timid;252 AtqE/4 DefE/252 Vel;;substitute/pain_split/thunderbolt/shadow_ball
rotom_uu_2;rotom;uu;Choice;43;choice_scarf,choice_specs;;timid,modest;252 AtqE/4 DefE/252 Vel;;thunderbolt/shadow_ball/hidden_power,will_o_wisp/trick
rotom_uu_3;rotom;uu;SubCharge;37;leftovers;;timid;252 AtqE/4 DefE/252 Vel;;substitute/charge_beam/thunderbolt,hidden_power/shadow_ball
rotom_uu_4;rotom;uu;RestTalk;23;leftovers;;bold;252 PS/252 Def/4 AtqE;;rest/sleep_talk/discharge/will_o_wisp
rotom_uu_5;rotom;uu;Double Status;31;leftovers;;timid;252 AtqE/4 DefE/252 Vel;;discharge/will_o_wisp/toxic/shadow_ball,confuse_ray,pain_split
rotom_uu_6;rotom;uu;Dual Screens;30;leftovers,light_clay;;timid;252 PS/4 DefE/252 Vel;;reflect/light_screen/thunderbolt,shadow_ball/will_o_wisp,pain_split
uxie_uu_1;uxie;uu;Support;47;leftovers;;bold;252 PS/252 Def/4 DefE;;psychic/stealth_rock/thunder_wave,yawn/u_turn
uxie_uu_2;uxie;uu;TrickScarf;41;choice_scarf;;timid;252 PS/32 AtqE/224 Vel;;trick/stealth_rock/psychic/u_turn
uxie_uu_3;uxie;uu;Weather Support;39;damp_rock,heat_rock;;timid;252 PS/32 Def/224 Vel;;rain_dance,sunny_day/memento,u_turn,heal_bell/psychic/stealth_rock
uxie_uu_4;uxie;uu;Dual Screens;30;light_clay;;impish;252 PS/252 Def/4 DefE;;reflect/light_screen/u_turn,memento/stealth_rock,yawn,thunder_wave
uxie_uu_5;uxie;uu;Offensive Lead;34;expert_belt,lum_berry,life_orb;;timid;32 PS/252 AtqE/224 Vel;;psychic/energy_ball/u_turn,thunderbolt/stealth_rock
uxie_uu_6;uxie;uu;Trick Room;29;leftovers;;relaxed;252 PS/252 Def/4 DefE;;trick_room/yawn/u_turn/psychic
uxie_uu_7;uxie;uu;Substitute + Calm Mind;22;leftovers;;timid;96 PS/188 AtqE/224 Vel;;substitute/calm_mind/psychic/thunderbolt,signal_beam
uxie_uu_8;uxie;uu;Offensive Calm Mind;13;life_orb;;timid;4 PS/252 AtqE/252 Vel;;calm_mind/psychic/grass_knot/hidden_power,thunderbolt
uxie_uu_9;uxie;uu;RestTalk;20;leftovers;;bold;252 PS/252 Def/4 DefE;;calm_mind/psychic/rest/sleep_talk
mesprit_uu_1;mesprit;uu;Physically Defensive;63;leftovers;;bold;240 PS/176 Def/92 Vel;;stealth_rock/psychic/u_turn/grass_knot,healing_wish
mesprit_uu_2;mesprit;uu;Lead;63;expert_belt,leftovers;;modest;120 PS/252 AtqE/136 Vel;;stealth_rock/psychic/ice_beam,grass_knot/thunderbolt,u_turn
mesprit_uu_3;mesprit;uu;Offensive Calm Mind;37;life_orb,leftovers;;timid;252 AtqE/4 DefE/252 Vel;;calm_mind/psychic/thunderbolt/hidden_power,ice_beam,substitute
mesprit_uu_4;mesprit;uu;Weather Support;29;damp_rock,heat_rock;;timid,jolly;252 PS/4 DefE/252 Vel;;rain_dance,sunny_day/psychic,zen_headbutt/stealth_rock,grass_knot,u_turn/healing_wish
mesprit_uu_5;mesprit;uu;Choice Scarf Lead;31;choice_scarf;;jolly;4 PS/252 Atq/252 Vel;;stealth_rock/trick/u_turn/zen_headbutt
mesprit_uu_6;mesprit;uu;Trick Room;37;expert_belt,leftovers;;quiet;252 PS/4 Def/252 AtqE;;trick_room/thunderbolt/ice_beam/psychic,u_turn
mesprit_uu_7;mesprit;uu;Choice Scarf;35;choice_scarf;;timid;4 PS/252 AtqE/252 Vel;;psychic/ice_beam/thunderbolt/trick,u_turn
mesprit_uu_8;mesprit;uu;Choice Band;17;choice_band;;jolly;252 Atq/4 DefE/252 Vel;;zen_headbutt/u_turn/trick/fire_punch
regigigas_uu_1;regigigas;uu;Stall;71;leftovers;;adamant;48 PS/252 Atq/208 Vel;;thunder_wave/return/substitute,confuse_ray/earthquake,fire_punch
regigigas_uu_2;regigigas;uu;Tank;56;leftovers;;impish;252 PS/252 Def/4 DefE;;return/earthquake,fire_punch/thunder_wave,toxic/knock_off
phione_uu_1;phione;uu;Rain Dance Support;55;damp_rock;;jolly;252 PS/4 Atq/252 Vel;;rain_dance/waterfall/u_turn/rest
phione_uu_2;phione;uu;Rain Dance Special Attacker;60;life_orb,leftovers;;timid;4 PS/252 AtqE/252 Vel;;rain_dance/surf/grass_knot,ice_beam,toxic/rest
charizard_nu_1;charizard;nu;Special Attacker;52;life_orb;;timid;4 Def/252 AtqE/252 Vel;;fire_blast/air_slash/hidden_power,focus_blast/roost
charizard_nu_2;charizard;nu;Toxic Stall;22;leftovers;;timid;248 PS/8 AtqE/252 Vel;;substitute/toxic/flamethrower/roost
charizard_nu_3;charizard;nu;Swords Dance;15;life_orb;;jolly;252 Atq/4 Def/252 Vel;;swords_dance/flare_blitz/thunder_punch/earthquake
charizard_nu_4;charizard;nu;Choice Specs;43;choice_specs;;timid;4 Def/252 AtqE/252 Vel;;fire_blast/air_slash/hidden_power/focus_blast
charizard_nu_5;charizard;nu;Dragon Dance;15;life_orb;;jolly;252 Atq/4 Def/252 Vel;;dragon_dance/flare_blitz/earthquake/thunder_punch
nidoqueen_nu_1;nidoqueen;nu;Defensive Hazard Setter;49;black_sludge;;bold,calm;252 PS/252 Def/4 AtqE;;earth_power/ice_beam/stealth_rock,toxic_spikes/taunt,toxic_spikes,roar
vileplume_nu_1;vileplume;nu;Defensive;44;black_sludge;;bold;252 PS/252 Def/4 DefE;;sleep_powder/energy_ball/sludge_bomb/moonlight
vileplume_nu_2;vileplume;nu;Sunny Day;62;life_orb;;modest;76 PS/252 AtqE/180 Vel;;sunny_day/solar_beam/sludge_bomb/sleep_powder
poliwrath_nu_1;poliwrath;nu;SubPunch;52;leftovers;;adamant;120 PS/252 Atq/136 Vel;;waterfall/focus_punch,brick_break/substitute/toxic,encore
poliwrath_nu_2;poliwrath;nu;Special Attacker;61;leftovers;water_absorb,damp;modest;120 PS/252 AtqE/136 Vel;;surf,hydro_pump/vacuum_wave,focus_blast/ice_beam/toxic
victreebel_nu_1;victreebel;nu;Chlorophyll Sweeper;74;life_orb;;timid,modest;4 Def/252 AtqE/252 Vel;;sleep_powder/solar_beam/weather_ball/sludge_bomb,hidden_power
victreebel_nu_2;victreebel;nu;Non-sun Attacker;44;life_orb;;modest,rash;4 Def/252 AtqE/252 Vel;;sleep_powder/leaf_storm/sludge_bomb/morning_sun,sucker_punch
golem_nu_1;golem;nu;Offensive Stealth Rock;53;chople_berry,custap_berry;;adamant;4 PS/252 Atq/252 Vel;;earthquake/rock_blast/sucker_punch/stealth_rock
articuno_nu_1;articuno;nu;Wall;62;leftovers;;calm;248 PS/108 Def/56 DefE/96 Vel;;ice_beam/toxic/heal_bell,substitute,haze,roar/roost
articuno_nu_2;articuno;nu;Choice Specs;24;choice_specs;;modest;252 AtqE/4 DefE/252 Vel;;ice_beam/blizzard/u_turn/hidden_power
meganium_nu_1;meganium;nu;Bulky Swords Dance;58;leftovers;;adamant;252 PS/80 Atq/176 Vel;;swords_dance/seed_bomb/earthquake,return/synthesis
typhlosion_nu_1;typhlosion;nu;Choice Scarf;69;choice_scarf;;timid;252 AtqE/4 DefE/252 Vel;;eruption/flamethrower,fire_blast/focus_blast/hidden_power
typhlosion_nu_2;typhlosion;nu;Choice Specs;54;choice_specs;;timid;252 AtqE/4 DefE/252 Vel;;eruption/fire_blast/focus_blast/hidden_power
ampharos_nu_1;ampharos;nu;Lead;50;shuca_berry,custap_berry,lum_berry;;modest;132 PS/252 AtqE/124 Vel;;thunderbolt/focus_blast/hidden_power/thunder_wave
hitmonchan_nu_1;hitmonchan;nu;Offensive Spinner;72;life_orb;iron_fist;adamant;32 PS/252 Atq/12 Def/212 Vel;;close_combat/mach_punch/ice_punch,thunder_punch/rapid_spin
hitmonchan_nu_2;hitmonchan;nu;Bulk Up;55;leftovers;iron_fist;adamant;168 PS/252 Atq/88 Vel;;bulk_up/drain_punch/ice_punch/rapid_spin
hitmonchan_nu_3;hitmonchan;nu;Choice Scarf;58;choice_scarf;iron_fist;adamant;40 PS/252 Atq/216 Vel;;close_combat/thunder_punch/ice_punch/stone_edge,earthquake,rapid_spin
gardevoir_nu_1;gardevoir;nu;Choice Scarf;75;choice_scarf;trace;timid;4 Def/252 AtqE/252 Vel;;psychic/thunderbolt,signal_beam/focus_blast,hidden_power/trick
gardevoir_nu_2;gardevoir;nu;Offensive Utility;52;colbur_berry;trace;timid;4 Def/252 AtqE/252 Vel;;psychic/signal_beam,thunderbolt/hidden_power,focus_blast,will_o_wisp/taunt,encore,will_o_wisp,destiny_bond,calm_mind
dusclops_nu_1;dusclops;nu;Physical Wall;56;leftovers;;impish;252 PS/252 Def/4 DefE;;seismic_toss/will_o_wisp,toxic/pain_split,rest/protect,sleep_talk,shadow_sneak
dusclops_nu_2;dusclops;nu;Offensive;48;leftovers;;adamant;252 PS/252 Atq/4 DefE;;shadow_sneak/earthquake/will_o_wisp/pain_split
regirock_nu_1;regirock;nu;Offensive Tank;58;leftovers,custap_berry,lum_berry;;adamant;252 PS/144 Atq/112 DefE;;stealth_rock/stone_edge/earthquake,thunder_wave/explosion
regirock_nu_2;regirock;nu;Specially Defensive;53;leftovers;;careful;252 PS/4 Atq/252 DefE;;stealth_rock/rock_slide/toxic,thunder_wave/protect,explosion,earthquake
regirock_nu_3;regirock;nu;Rock Polish;30;life_orb;;jolly,adamant;4 PS/252 Atq/252 Vel;;rock_polish/stone_edge/earthquake/explosion,ice_punch
regirock_nu_4;regirock;nu;Sunny Day Support;33;heat_rock;;adamant;252 PS/252 Atq/4 DefE;;sunny_day/stealth_rock/stone_edge/explosion
regice_nu_1;regice;nu;Wallbreaker;55;life_orb;;modest;32 PS/12 Atq/252 AtqE/212 Vel;;ice_beam/thunderbolt/focus_blast/explosion,thunder_wave
dodrio_nu_1;dodrio;nu;Endeavor Lead;46;focus_sash;early_bird;jolly;252 Atq/4 DefE/252 Vel;;brave_bird/endeavor/quick_attack/taunt
dodrio_nu_2;dodrio;nu;SubTox;53;leftovers;early_bird;jolly;248 PS/8 Atq/252 Vel;;brave_bird/toxic/substitute/roost
electrode_nu_1;electrode;nu;Wallbreaker;40;life_orb;;mild;72 Atq/252 AtqE/184 Vel;;thunderbolt/hidden_power,signal_beam/sucker_punch,hidden_power,thunder_wave/explosion
mantine_nu_1;mantine;nu;Rain Dance Sweeper;27;splash_plate;;timid;4 Def/252 AtqE/252 Vel;;hydro_pump/surf/ice_beam/rain_dance
solrock_nu_1;solrock;nu;Bulky Utility;45;leftovers;;impish;252 PS/4 Atq/252 Def;;rock_slide/stealth_rock/will_o_wisp/explosion,pain_split
solrock_nu_2;solrock;nu;Trick Room Lead;51;focus_sash;;brave;252 PS/252 Atq/4 Def;;stone_edge/stealth_rock/trick_room/explosion
shiftry_nu_1;shiftry;nu;Mixed Attacker;60;life_orb;;mild;4 Atq/252 AtqE/252 Vel;;leaf_storm/sucker_punch/explosion/dark_pulse,synthesis,focus_blast
shiftry_nu_2;shiftry;nu;Swords Dance;60;life_orb,lum_berry;;adamant;252 Atq/4 Def/252 Vel;;swords_dance/seed_bomb/sucker_punch/explosion
shiftry_nu_3;shiftry;nu;Nasty Plot;48;life_orb,lum_berry;;modest,mild;4 PS/252 AtqE/252 Vel;;nasty_plot/dark_pulse/leaf_storm,energy_ball/synthesis,focus_blast,explosion
sandslash_nu_1;sandslash;nu;Defensive Rapid Spin;73;leftovers;;impish;252 PS/4 Atq/252 Def;;earthquake/shadow_claw,stone_edge/stealth_rock,toxic/rapid_spin
venomoth_nu_1;venomoth;nu;Special Attacker;55;life_orb,insect_plate,choice_specs,choice_scarf;tinted_lens;timid;252 AtqE/4 DefE/252 Vel;;bug_buzz/sleep_powder/sludge_bomb,substitute/roost,toxic_spikes,stun_spore,psychic,u_turn,baton_pass
machoke_nu_1;machoke;nu;Attacking Lead;60;focus_sash;no_guard;adamant;92 PS/252 Atq/164 Vel;;dynamic_punch/toxic/bullet_punch/rock_slide
magneton_nu_1;magneton;nu;Substitute Attacker;75;leftovers;magnet_pull,sturdy;modest,timid;252 AtqE/4 DefE/252 Vel;;thunderbolt/flash_cannon/hidden_power,magnet_rise/substitute
haunter_nu_1;haunter;nu;Special Attacker;69;life_orb;;timid;252 AtqE/4 DefE/252 Vel;;sludge_bomb/shadow_ball/hidden_power/substitute,destiny_bond
hypno_nu_1;hypno;nu;Wish;40;leftovers;;calm;252 PS/120 Def/136 DefE;;psychic,seismic_toss/counter,toxic,thunder_wave/wish/protect
marowak_nu_1;marowak;nu;Wallbreaker;64;thick_club;;adamant;252 Atq/4 Def/252 Vel;;earthquake/stone_edge,thunder_punch/double_edge/substitute,swords_dance
rhydon_nu_1;rhydon;nu;Offensive Tank;57;custap_berry,leftovers,rindo_berry;rock_head;adamant;136 PS/36 Atq/252 DefE/84 Vel;;stealth_rock,substitute/earthquake/rock_blast/megahorn,swords_dance
rhydon_nu_2;rhydon;nu;Setup Sweeper;45;custap_berry,chople_berry,shuca_berry;rock_head;adamant,jolly;252 Atq/4 DefE/252 Vel;;swords_dance,rock_polish/earthquake/rock_blast/megahorn
jynx_nu_1;jynx;nu;Lead;74;focus_sash;forewarn;timid;4 PS/252 AtqE/252 Vel;;ice_beam/lovely_kiss/psychic,grass_knot,focus_blast/taunt,fake_out,grass_knot
jynx_nu_2;jynx;nu;Nasty Plot;79;leftovers,focus_sash;forewarn;timid;4 PS/252 AtqE/252 Vel;;ice_beam/nasty_plot/lovely_kiss/substitute,grass_knot,psychic
tauros_nu_1;tauros;nu;All-Out Attacker;60;choice_band,life_orb;;jolly;252 Atq/4 Def/252 Vel;;double_edge/earthquake/pursuit,payback/iron_head,return,stone_edge
tauros_nu_2;tauros;nu;Toxic Lure;23;leftovers;;jolly;252 Atq/4 Def/252 Vel;;return/toxic/substitute,protect/earthquake,pursuit
politoed_nu_1;politoed;nu;Special Wall;82;leftovers;water_absorb,damp;calm;252 PS/4 Def/252 DefE;;surf/encore/toxic/protect
slowking_nu_1;slowking;nu;Nasty Plot;68;colbur_berry,leftovers;own_tempo;modest;252 PS/216 Def/40 AtqE;;nasty_plot/surf/signal_beam/slack_off
slowking_nu_2;slowking;nu;Defensive;87;leftovers;own_tempo;calm;252 PS/160 Def/96 DefE;;surf/psychic,fire_blast/thunder_wave,toxic/slack_off
slowking_nu_3;slowking;nu;Offensive Trick Room;66;life_orb,leftovers;own_tempo;quiet;252 PS/4 Def/252 AtqE;;trick_room/surf/psychic/nasty_plot,ice_beam
slowking_nu_4;slowking;nu;Calm Mind;80;leftovers;own_tempo;bold;252 PS/192 Def/64 DefE;;calm_mind/surf/psychic/slack_off
slowking_nu_5;slowking;nu;Choice Specs;44;choice_specs;own_tempo;modest;252 PS/4 Def/252 AtqE;;surf/fire_blast,ice_beam/psychic,grass_knot/trick
gligar_nu_1;gligar;nu;Defensive Pivot;66;leftovers;;impish,jolly;252 PS/252 Def/4 DefE;;earthquake/u_turn/roost/stealth_rock,taunt,toxic
gligar_nu_2;gligar;nu;Bulky Swords Dance;51;leftovers;;jolly;252 PS/4 Atq/252 Vel;;swords_dance/earthquake/stone_edge,aerial_ace/roost
linoone_nu_1;linoone;nu;Belly Drum;86;sitrus_berry,salac_berry;gluttony;adamant;60 PS/252 Atq/196 Vel;;belly_drum/extreme_speed/seed_bomb/shadow_claw
sableye_nu_1;sableye;nu;Physical Wall;69;leftovers;;impish;252 PS/252 Def/4 DefE;;night_shade,seismic_toss/will_o_wisp,toxic/taunt,knock_off/recover
medicham_nu_1;medicham;nu;Life Orb;50;life_orb;;jolly;252 Atq/4 DefE/252 Vel;;high_jump_kick/zen_headbutt/thunder_punch/fake_out,ice_punch,bullet_punch
medicham_nu_2;medicham;nu;Choice Scarf;47;choice_scarf;;adamant,jolly;252 Atq/4 DefE/252 Vel;;high_jump_kick/psycho_cut/thunder_punch/trick
manectric_nu_1;manectric;nu;Choice Scarf;64;choice_scarf;;timid;4 Def/252 AtqE/252 Vel;;thunderbolt/flamethrower,overheat/hidden_power/switcheroo
manectric_nu_2;manectric;nu;All-Out Attacker;43;life_orb,expert_belt;;timid;4 Def/252 AtqE/252 Vel;;thunderbolt/flamethrower,overheat/hidden_power/substitute,charge_beam
sharpedo_nu_1;sharpedo;nu;Special Lead;54;focus_sash;;hasty,naive;4 Atq/252 AtqE/252 Vel;;hydro_pump/dark_pulse/ice_beam/aqua_jet
sharpedo_nu_2;sharpedo;nu;Physical Lead;46;focus_sash;;jolly;4 PS/252 Atq/252 Vel;;waterfall/crunch/aqua_jet/taunt
cacturne_nu_1;cacturne;nu;Offensive Spikes;71;leftovers,focus_sash;;modest;172 PS/252 AtqE/84 Vel;;spikes/energy_ball/dark_pulse/sucker_punch,encore,synthesis
cradily_nu_1;cradily;nu;Defensive Utility;69;leftovers;;sassy,careful;252 PS/4 Def/252 DefE;;rock_slide/energy_ball,seed_bomb,earthquake,toxic/stealth_rock,toxic/recover
glalie_nu_1;glalie;nu;Spikes Lead;60;lum_berry,focus_sash;;jolly;252 PS/4 Atq/252 Vel;;spikes/explosion/taunt/icy_wind,ice_shard
floatzel_nu_1;floatzel;nu;Mixed Attacker;36;life_orb;;naive;252 Atq/4 Def/252 Vel;;waterfall,surf/aqua_jet/ice_beam/crunch,pursuit
floatzel_nu_2;floatzel;nu;Bulk Up Passer;24;leftovers;;jolly;252 Atq/4 Def/252 Vel;;bulk_up/baton_pass/substitute/waterfall
drifblim_nu_1;drifblim;nu;Substitute + Calm Mind;62;sitrus_berry,petaya_berry;unburden;modest;12 Def/252 AtqE/244 Vel;;calm_mind/substitute/shadow_ball/hidden_power
drifblim_nu_2;drifblim;nu;Rest + Calm Mind;48;chesto_berry;unburden;modest;12 Def/252 AtqE/244 Vel;;calm_mind/rest/shadow_ball/hidden_power
drifblim_nu_3;drifblim;nu;Hindenburg (Lead);40;focus_sash;unburden;mild;12 Atq/252 AtqE/244 Vel;2 PS/2 Def/30 AtqE/2 DefE/30 Vel;hypnosis/explosion/shadow_ball/hidden_power
drifblim_nu_4;drifblim;nu;Choice Scarf;30;choice_scarf;;naive;4 Atq/252 AtqE/252 Vel;;trick/shadow_ball/thunderbolt/explosion
skuntank_nu_1;skuntank;nu;Offensive Trapper;80;black_glasses,life_orb;aftermath;adamant;252 Atq/4 DefE/252 Vel;;pursuit/sucker_punch/crunch,taunt/explosion
skuntank_nu_2;skuntank;nu;Bulky Trapper;70;shuca_berry,lum_berry,black_sludge;aftermath;adamant;176 PS/80 Atq/252 DefE;;pursuit/sucker_punch/crunch,taunt/explosion
lickilicky_nu_1;lickilicky;nu;Curse;28;leftovers;;careful;252 PS/4 Def/252 DefE;;curse/return,body_slam/rest/sleep_talk
lickilicky_nu_2;lickilicky;nu;Special Wall;39;leftovers;;careful;252 PS/4 Def/252 DefE;;wish/protect/return,body_slam/toxic,heal_bell,aqua_tail
lickilicky_nu_3;lickilicky;nu;Swords Dance;41;leftovers;;adamant;92 PS/252 Atq/164 Vel;;swords_dance/return/aqua_tail,power_whip/explosion,substitute,heal_bell
lickilicky_nu_4;lickilicky;nu;Choice Band;14;choice_band;;adamant;92 PS/252 Atq/164 Vel;;return/power_whip/ice_punch/explosion
magmortar_nu_1;magmortar;nu;Wallbreaker;52;life_orb,expert_belt;;timid;252 AtqE/4 DefE/252 Vel;;fire_blast/thunderbolt/focus_blast/hidden_power
magmortar_nu_2;magmortar;nu;Choice Scarf;59;choice_scarf;;timid;252 AtqE/4 DefE/252 Vel;;fire_blast,flamethrower/thunderbolt/hidden_power/flamethrower,focus_blast,overheat
victreebel_pu_1;victreebel;pu;Swords Dance;48;life_orb;;jolly;252 Atq/4 DefE/252 Vel;;swords_dance/leaf_blade/sucker_punch/return,sleep_powder
victreebel_pu_2;victreebel;pu;Specially Offensive;42;life_orb;;timid;252 AtqE/4 DefE/252 Vel;2 Atq/30 AtqE/30 Vel;sleep_powder,sucker_punch/hidden_power/sludge_bomb/energy_ball,leaf_blade
victreebel_pu_3;victreebel;pu;Sun Attacker;35;life_orb;;timid;252 AtqE/4 DefE/252 Vel;;sunny_day,sleep_powder/solar_beam/sludge_bomb/weather_ball
victreebel_pu_4;victreebel;pu;Choice Scarf;31;choice_scarf;;hasty;4 Atq/252 AtqE/252 Vel;;leaf_storm/leaf_blade/sludge_bomb/encore,sleep_powder
ampharos_pu_1;ampharos;pu;Defensive;52;leftovers;;calm;252 PS/4 Def/252 DefE;;discharge/toxic,sleep_talk/protect,rest/hidden_power
bellossom_pu_1;bellossom;pu;Specially Defensive;63;leftovers;;careful,calm;252 PS/4 Def/252 DefE;;leaf_blade,energy_ball/sleep_powder/leech_seed,stun_spore/synthesis
monferno_pu_1;monferno;pu;Swords Dance;36;life_orb;;jolly;252 Atq/4 DefE/252 Vel;;close_combat/flare_blitz/mach_punch/swords_dance
monferno_pu_2;monferno;pu;Lead;19;focus_sash;;naive;4 Atq/252 AtqE/252 Vel;;taunt/overheat/mach_punch/stealth_rock
monferno_pu_3;monferno;pu;Choice Scarf;54;choice_scarf;;jolly;252 Atq/4 DefE/252 Vel;;close_combat/flare_blitz/u_turn/mach_punch
mantine_pu_1;mantine;pu;Rain Dance;47;life_orb,leftovers;;modest;4 PS/252 AtqE/252 Vel;;rain_dance/hidden_power,protect/surf/ice_beam
mantine_pu_2;mantine;pu;SubTox;68;leftovers;water_absorb;modest;8 PS/248 AtqE/252 Vel;;substitute/toxic/surf/ice_beam
torkoal_pu_1;torkoal;pu;Stealth Rock;72;leftovers;;calm;248 PS/8 Def/252 DefE;;stealth_rock/rapid_spin/lava_plume/toxic,protect,earth_power
glaceon_pu_1;glaceon;pu;BRRRR (Choice Specs);67;choice_specs;;timid;40 PS/252 AtqE/4 DefE/212 Vel;3 Atq/30 AtqE/30 DefE;ice_beam/shadow_ball/hidden_power/baton_pass
golbat_pu_1;golbat;pu;Taunt;43;black_sludge;;jolly;248 PS/164 Def/96 Vel;;brave_bird/taunt/roost/u_turn
golbat_pu_2;golbat;pu;Nasty Plot;45;black_sludge;;timid;252 AtqE/4 DefE/252 Vel;;sludge_bomb,air_slash/nasty_plot/giga_drain,heat_wave/roost
golduck_pu_1;golduck;pu;Choice Scarf;50;choice_scarf;cloud_nine;timid;4 PS/252 AtqE/252 Vel;;hydro_pump/ice_beam/hidden_power/surf,focus_blast
golduck_pu_2;golduck;pu;Calm Mind;71;leftovers;cloud_nine;timid;4 PS/252 AtqE/252 Vel;;calm_mind/surf/ice_beam/substitute,hidden_power
kadabra_pu_1;kadabra;pu;Life Orb;40;life_orb;;timid;252 AtqE/4 DefE/252 Vel;3 Atq/30 AtqE/30 DefE;substitute,encore,calm_mind/psychic/shadow_ball/hidden_power
kadabra_pu_2;kadabra;pu;Choice Scarf;26;choice_scarf;;timid;252 AtqE/4 DefE/252 Vel;3 Atq/30 AtqE;psychic/shadow_ball/hidden_power/trick
kadabra_pu_3;kadabra;pu;Lead;45;focus_sash;inner_focus;timid;252 AtqE/4 DefE/252 Vel;3 Atq/30 AtqE/30 DefE;taunt/psychic/hidden_power/counter,shadow_ball
rapidash_pu_1;rapidash;pu;SubTox;55;leftovers;flash_fire;jolly;252 Atq/4 DefE/252 Vel;;substitute,hidden_power/toxic/morning_sun/flare_blitz
muk_pu_1;muk;pu;Curse;75;black_sludge;sticky_hold;careful;252 PS/4 Def/252 DefE;;rest/sleep_talk,payback/curse/poison_jab
muk_pu_2;muk;pu;Offensive;59;black_sludge;sticky_hold;adamant;252 PS/252 Atq/4 DefE;;poison_jab/fire_punch/shadow_sneak/explosion
marowak_pu_1;marowak;pu;Wallbreaker;63;thick_club;;adamant;252 Atq/4 Def/252 Vel;;bonemerang,earthquake/stone_edge,thunder_punch/double_edge/substitute,swords_dance
rhydon_pu_1;rhydon;pu;Physical Attacker;50;rindo_berry,passho_berry;;adamant;4 PS/252 Atq/252 Vel;;earthquake/stone_edge,rock_blast/swords_dance,rock_polish/stealth_rock,rock_polish,megahorn
rhydon_pu_2;rhydon;pu;Choice Band;38;choice_band;rock_head;adamant;252 Atq/4 Def/252 Vel;;earthquake/stone_edge/megahorn/double_edge
electabuzz_pu_1;electabuzz;pu;Life Orb;65;life_orb;;timid;252 AtqE/4 DefE/252 Vel;2 Atq/30 AtqE;thunderbolt/focus_blast/hidden_power/toxic,psychic
magmar_pu_1;magmar;pu;Life Orb Attacker;53;life_orb;;naive,hasty;4 Atq/252 AtqE/252 Vel;;fire_blast,overheat/thunder_punch/hidden_power/mach_punch,substitute
pinsir_pu_1;pinsir;pu;Lum Lead;78;lum_berry;mold_breaker;jolly;252 Atq/4 DefE/252 Vel;;x_scissor/earthquake/stone_edge,swords_dance/stealth_rock,swords_dance
pinsir_pu_2;pinsir;pu;Choiced Attacker;62;choice_scarf,choice_band;mold_breaker;jolly;252 Atq/4 Def/252 Vel;;x_scissor/earthquake/stone_edge/close_combat
lapras_pu_1;lapras;pu;Choice Specs;37;choice_specs;;modest;252 AtqE/4 DefE/252 Vel;;hydro_pump/ice_beam/thunderbolt/surf
lapras_pu_2;lapras;pu;Toxic 3 Attacks;59;leftovers;;modest;248 PS/220 AtqE/40 DefE;;thunderbolt/hydro_pump/ice_beam/toxic
xatu_pu_1;xatu;pu;Choice Scarf;64;choice_scarf;;timid;252 AtqE/4 DefE/252 Vel;;psychic/heat_wave/u_turn/trick,tailwind
xatu_pu_2;xatu;pu;Calm Mind;38;leftovers,life_orb;;timid;252 AtqE/4 DefE/252 Vel;;psychic/heat_wave/substitute/calm_mind
politoed_pu_1;politoed;pu;Offensive;67;leftovers;;modest;252 PS/4 Def/252 AtqE;;ice_beam,hidden_power/toxic/encore,protect/surf
quagsire_pu_1;quagsire;pu;Defensive;86;leftovers;water_absorb;impish;252 PS/200 Def/56 DefE;;toxic,curse/recover/earthquake/waterfall
murkrow_pu_1;murkrow;pu;Life Orb Attacker;82;life_orb;;naive;252 Atq/4 AtqE/252 Vel;;brave_bird/sucker_punch/hidden_power/heat_wave
misdreavus_pu_1;misdreavus;pu;Defensive;50;leftovers;;bold;248 PS/252 Def/8 DefE;;will_o_wisp,substitute/shadow_ball/thunderbolt/pain_split
misdreavus_pu_2;misdreavus;pu;Choice Scarf;50;choice_scarf;;timid;252 AtqE/4 DefE/252 Vel;;shadow_ball/thunderbolt/trick/will_o_wisp
sneasel_pu_1;sneasel;pu;Life Orb;52;life_orb;;jolly;252 Atq/4 DefE/252 Vel;;ice_punch/punishment/low_kick/pursuit
sneasel_pu_2;sneasel;pu;Focus Sash;50;focus_sash;;jolly;252 Atq/4 DefE/252 Vel;;fake_out/pursuit/ice_punch/low_kick
camerupt_pu_1;camerupt;pu;Stealth Rock;73;leftovers;solid_rock;calm;252 PS/172 DefE/84 Vel;;earth_power/lava_plume/stealth_rock/protect
camerupt_pu_2;camerupt;pu;Choice Specs;38;choice_specs;solid_rock;timid;4 Atq/252 AtqE/252 Vel;2 Atq/30 AtqE;eruption/fire_blast/earth_power/hidden_power,explosion
camerupt_pu_3;camerupt;pu;Rock Polish;44;life_orb;solid_rock;timid;4 Atq/252 AtqE/252 Vel;2 Atq/30 AtqE;rock_polish/fire_blast/earth_power/hidden_power
crawdaunt_pu_1;crawdaunt;pu;Dragon Dance;70;life_orb;;jolly;252 Atq/4 DefE/252 Vel;;dragon_dance/waterfall/crunch/superpower
crawdaunt_pu_2;crawdaunt;pu;4 Attacks;28;choice_band,choice_scarf;;jolly;252 Atq/4 Def/252 Vel;;crabhammer/crunch/x_scissor,double_edge/superpower
armaldo_pu_1;armaldo;pu;Rapid Spin;65;leftovers,lum_berry;;adamant;40 PS/252 Atq/216 Vel;;stone_edge/x_scissor/rapid_spin/stealth_rock
armaldo_pu_2;armaldo;pu;Swords Dance;26;lum_berry;;jolly;252 Atq/4 DefE/252 Vel;;stone_edge/x_scissor/earthquake,aqua_tail/swords_dance
glalie_pu_1;glalie;pu;Spikes Lead;70;focus_sash;;naive;4 Atq/252 AtqE/252 Vel;;spikes/taunt/ice_beam/explosion,earthquake
relicanth_pu_1;relicanth;pu;Stealth Rock;69;leftovers;rock_head;adamant;120 PS/252 Atq/136 Vel;;stealth_rock,rock_polish/head_smash/waterfall/earthquake
relicanth_pu_2;relicanth;pu;Choice Band;58;choice_band;rock_head;adamant;120 PS/252 Atq/136 Vel;;head_smash/waterfall/double_edge/earthquake
metang_pu_1;metang;pu;Defensive;64;leftovers;;impish;248 PS/172 Def/88 DefE;;stealth_rock/meteor_mash/toxic,zen_headbutt,bullet_punch/earthquake
rampardos_pu_1;rampardos;pu;Choice Scarf;47;choice_scarf;;jolly;252 Atq/4 DefE/252 Vel;;head_smash/earthquake/superpower/pursuit,stone_edge,zen_headbutt
gastrodon_pu_1;gastrodon;pu;Toxic;63;leftovers;;calm;248 PS/180 Def/80 DefE;3 Atq/30 AtqE;hidden_power,surf/earth_power/recover/toxic
gastrodon_pu_2;gastrodon;pu;Curse;46;leftovers;;careful;248 PS/8 Def/252 DefE;;curse/recover/earthquake/stone_edge,waterfall
purugly_pu_1;purugly;pu;All-out Attacker;62;silk_scarf,life_orb;;jolly;252 Atq/4 Def/252 Vel;;fake_out/return/taunt,sucker_punch/u_turn
gabite_pu_1;gabite;pu;Defensive;41;lum_berry;;impish;252 PS/252 Def/4 DefE;;earthquake/dragon_claw,outrage/toxic,stone_edge/stealth_rock
gabite_pu_2;gabite;pu;Offensive;57;choice_band,choice_scarf;;jolly;252 Atq/4 DefE/252 Vel;;earthquake/stone_edge/outrage/dragon_claw
probopass_pu_1;probopass;pu;Offensive Trapper;55;shuca_berry;magnet_pull;modest;4 PS/252 AtqE/252 Vel;;stealth_rock/flash_cannon/earth_power/power_gem
probopass_pu_2;probopass;pu;Defensive;57;shuca_berry,shed_shell,leftovers;magnet_pull;calm;252 PS/4 Def/252 DefE;;stealth_rock/power_gem,flash_cannon/earth_power/thunder_wave,flash_cannon
bulbasaur_lc_1;bulbasaur;lc;Choice Scarf;0;choice_scarf;;modest,timid;240 AtqE/240 Vel;;sleep_powder/sludge_bomb/leaf_storm/hidden_power
charmander_lc_1;charmander;lc;Dragon Dance;78;oran_berry,life_orb;;adamant;44 PS/180 Atq/12 Def/36 DefE/236 Vel;;dragon_dance/flare_blitz/brick_break/thunder_punch
squirtle_lc_1;squirtle;lc;Priority Attacker;0;life_orb,oran_berry;;adamant;212 Atq/4 DefE/252 Vel;;fake_out/aqua_jet/waterfall/return,zen_headbutt,ice_punch
chikorita_lc_1;chikorita;lc;Support;0;oran_berry,light_clay;;calm;236 PS/156 Def/76 DefE;;reflect/light_screen/leaf_storm/worry_seed,synthesis
cyndaquil_lc_1;cyndaquil;lc;Choice Scarf;80;choice_scarf;;rash,naive;44 PS/24 Atq/200 AtqE/236 Vel;;eruption/hidden_power/double_kick/fire_blast,flamethrower
totodile_lc_1;totodile;lc;Swords Dance;40;life_orb;;jolly;36 PS/236 Atq/4 Def/52 DefE/172 Vel;;swords_dance/aqua_jet/return/crunch,ice_punch,waterfall
totodile_lc_2;totodile;lc;Flail;14;salac_berry,liechi_berry;;adamant;236 Atq/4 Def/252 Vel;;flail/swords_dance/aqua_jet/substitute
totodile_lc_3;totodile;lc;Dragon Dance;47;life_orb,oran_berry;;jolly,adamant;236 Atq/4 Def/252 Vel;;dragon_dance/waterfall,aqua_tail/return/ice_punch,crunch
togepi_lc_1;togepi;lc;ParaFlinch;85;oran_berry;serene_grace;adamant;236 PS/196 Atq/76 Def;;body_slam,thunder_wave/headbutt/fire_blast/soft_boiled,zen_headbutt
cleffa_lc_1;cleffa;lc;Endeavor;45;focus_sash;magic_guard;hasty;8 Vel;;endeavor/protect/toxic,thunder_wave/encore
snubbull_lc_1;snubbull;lc;Physical Attacker;70;life_orb,oran_berry;;brave;196 PS/196 Atq/116 DefE;;return/earthquake/crunch/ice_punch,fire_punch
snubbull_lc_2;snubbull;lc;Tank;70;oran_berry;;impish;196 PS/196 Def/116 DefE;;thunder_wave/return/crunch/fire_punch,ice_punch
tyrogue_lc_1;tyrogue;lc;Trick Room Physical Attacker;45;toxic_orb;;brave;236 PS/236 Atq;;high_jump_kick/facade/rock_slide/bullet_punch
tyrogue_lc_2;tyrogue;lc;Priority Attacker;55;toxic_orb;;adamant;236 Atq/236 Vel;;fake_out/bullet_punch/high_jump_kick/rock_slide,facade
treecko_lc_1;treecko;lc;Attacking Lead;0;focus_sash;;hasty;36 PS/240 AtqE/200 Vel;;leaf_storm/hidden_power/grass_whistle/quick_attack,focus_punch
torchic_lc_1;torchic;lc;Mixed Attacker;28;life_orb;;hasty;36 Atq/200 AtqE/36 DefE/236 Vel;;fire_blast,overheat/hidden_power/rock_slide/quick_attack
mudkip_lc_1;mudkip;lc;Choice Scarf;0;choice_scarf;;jolly,naive;116 PS/196 Atq/196 Vel;;waterfall/rock_slide/double_edge,return/superpower,ice_beam
ralts_lc_1;ralts;lc;Trick Room Setup;16;focus_sash;trace;relaxed;212 PS/76 Def/156 DefE;;trick_room/memento/destiny_bond/encore
azurill_lc_1;azurill;lc;Trick Room Attacker;48;life_orb;huge_power;brave;116 PS/196 Atq/36 Def/116 DefE;;return,double_edge/waterfall/iron_tail,encore/substitute
duskull_lc_1;duskull;lc;Defensive;76;oran_berry;;impish;196 PS/36 Atq/36 Def/196 DefE;;will_o_wisp/thief,memento,pain_split/shadow_sneak/return
turtwig_lc_1;turtwig;lc;Lead;66;oran_berry;;impish;236 PS/52 Atq/84 Def/76 DefE/28 Vel;;stealth_rock/protect/seed_bomb/crunch,superpower
turtwig_lc_2;turtwig;lc;Choice Band;37;choice_band;;adamant;236 PS/212 Atq/4 Def/28 Vel;;seed_bomb/superpower/crunch/double_edge,return
turtwig_lc_3;turtwig;lc;Dual Screens;30;light_clay;;impish;236 PS/52 Atq/84 Def/76 DefE/28 Vel;;light_screen/reflect/seed_bomb/crunch,stealth_rock
turtwig_lc_4;turtwig;lc;Mixed Attacker;42;life_orb;;quiet;216 Atq/4 Def/240 AtqE;30 Atq/30 AtqE/2 Vel;seed_bomb/earth_power/hidden_power/crunch
chimchar_lc_1;chimchar;lc;Attacking Lead;83;focus_sash;;hasty;4 PS/56 Atq/216 AtqE/4 DefE/188 Vel;;fake_out/overheat/hidden_power/stealth_rock
piplup_lc_1;piplup;lc;Lead;72;oran_berry,focus_sash;;timid;92 PS/12 Def/192 AtqE/200 Vel;;stealth_rock/hydro_pump,surf/icy_wind/hidden_power
piplup_lc_2;piplup;lc;Support;38;oran_berry;;bold,calm;252 PS/92 Def/148 DefE;;surf/ice_beam,hidden_power/yawn/stealth_rock
starly_lc_1;starly;lc;Choice;0;choice_scarf;;naive;236 Atq/36 AtqE/196 Vel;;double_edge/brave_bird,pluck/u_turn/heat_wave,pursuit
mime_jr_lc_1;mime_jr;lc;Choice Scarf;31;choice_scarf;filter;timid,modest;36 PS/196 AtqE/36 DefE/196 Vel;;psychic/hidden_power,shadow_ball/thunderbolt/trick
mime_jr_lc_2;mime_jr;lc;Baton Pass;65;salac_berry;;timid;196 PS/76 Def/36 DefE/196 Vel;;psychic/substitute/nasty_plot,calm_mind/baton_pass
mime_jr_lc_3;mime_jr;lc;Nasty Plot;73;life_orb,oran_berry;filter;timid;36 PS/196 AtqE/36 DefE/196 Vel;;nasty_plot/psychic/hidden_power,thunderbolt/encore,substitute
mime_jr_lc_4;mime_jr;lc;Dual Screens;24;light_clay;filter;timid;196 PS/76 Def/36 DefE/196 Vel;;reflect/light_screen/hypnosis/psychic
wingull_lc_1;wingull;lc;Life Orb;38;life_orb;;timid;240 AtqE/236 Vel;2 PS/30 AtqE;air_slash/ice_beam/hidden_power/brine,shock_wave,quick_attack
wingull_lc_2;wingull;lc;Choice Scarf;31;choice_scarf;;naive,rash;240 AtqE/236 Vel;;air_slash/u_turn/ice_beam/hidden_power
burmy_lc_1;burmy;lc;Tank;0;oran_berry;;relaxed;196 PS/208 Atq/80 Def;;bug_bite/string_shot/protect/hidden_power
koffing_lc_1;koffing;lc;Offensive;70;oran_berry;;modest;36 PS/196 AtqE/156 DefE/76 Vel;;sludge_bomb/fire_blast/shadow_ball,thunderbolt/will_o_wisp,thief
trapinch_lc_1;trapinch;lc;Trick Room Trapper;97;life_orb;arena_trap;brave;196 Atq/156 Def/156 DefE;;earthquake/quick_attack/crunch/bug_bite,rock_slide
weedle_lc_1;weedle;lc;Soon to be Kakuna;0;life_orb,oran_berry,choice_band;;adamant;196 PS/236 Atq/36 Def/36 Vel;;bug_bite/poison_sting/string_shot
rattata_lc_1;rattata;lc;Revenging Rat;43;life_orb;guts;adamant;228 Atq/76 DefE/180 Vel;;quick_attack/sucker_punch/pursuit,u_turn/return,flame_wheel
rattata_lc_2;rattata;lc;Guts Sweeper;60;toxic_orb,flame_orb;guts;jolly,adamant;36 PS/228 Atq/180 Vel;;facade/sucker_punch/u_turn,flame_wheel,crunch/quick_attack,protect
spearow_lc_1;spearow;lc;Choice Scarf;0;choice_scarf;;naive,naughty;36 PS/196 Atq/36 Def/28 AtqE/196 Vel;;return/heat_wave/drill_peck,pluck/u_turn
spearow_lc_2;spearow;lc;Life Orb;0;life_orb;;naive;196 Atq/36 Def/28 AtqE/196 Vel;;return/quick_attack/pluck/heat_wave
ekans_lc_1;ekans;lc;Glare;44;oran_berry;;adamant;76 PS/196 Atq/4 Def/4 DefE/156 Vel;;glare/poison_jab,gunk_shot/earthquake/bite,aqua_tail
sandshrew_lc_1;sandshrew;lc;Support;32;oran_berry;;impish;196 PS/76 Def/196 DefE/36 Vel;;rapid_spin/stealth_rock/earthquake/rock_slide
nidoran_m_lc_1;nidoran_m;lc;Mixed Attacker;0;life_orb;rivalry;rash,naive;64 Atq/200 AtqE/36 DefE/200 Vel;2 PS/30 Atq/30 AtqE/30 Vel;sludge_bomb/sucker_punch/ice_beam/hidden_power,thunderbolt
vulpix_lc_1;vulpix;lc;Choice Scarf;0;choice_scarf;;timid;52 PS/200 AtqE/236 Vel;;fire_blast,overheat/energy_ball/hypnosis/hidden_power
vulpix_lc_2;vulpix;lc;Substitute;0;life_orb,wide_lens;;timid;52 PS/196 AtqE/236 Vel;;substitute/fire_blast/energy_ball/hypnosis,will_o_wisp
zubat_lc_1;zubat;lc;Choice Scarf;0;choice_scarf;;jolly;36 PS/236 Atq/236 Vel;;brave_bird,pluck/u_turn/return/pursuit
zubat_lc_2;zubat;lc;Lead;0;life_orb;;jolly;36 PS/196 Atq/196 Vel;;taunt/brave_bird/roost/u_turn
oddish_lc_1;oddish;lc;Sunny Day Special Attacker;80;life_orb;;timid;240 AtqE/200 Vel;3 PS;solar_beam/sludge_bomb/hidden_power/sunny_day,sleep_powder
paras_lc_1;paras;lc;Support;0;oran_berry;dry_skin;impish;236 PS/116 Atq/156 Def;;spore/seed_bomb/bug_bite/synthesis,stun_spore
venonat_lc_1;venonat;lc;Baton Pass;47;focus_sash,oran_berry;;timid;196 PS/36 Def/36 AtqE/236 Vel;;sleep_powder/baton_pass/agility/sludge_bomb,psychic,protect
venonat_lc_2;venonat;lc;Choice Scarf;15;choice_scarf;tinted_lens;timid;36 PS/36 Def/196 AtqE/196 Vel;;sleep_powder/sludge_bomb/psychic/hidden_power
venonat_lc_3;venonat;lc;Double Powder;47;oran_berry,focus_sash;;jolly,naive;196 PS/76 Atq/236 Vel;;sleep_powder/stun_spore/bug_bite/baton_pass,hidden_power
diglett_lc_1;diglett;lc;Trapper;79;focus_sash;arena_trap;jolly;236 Atq/236 Vel;;earthquake/reversal/sucker_punch,hidden_power/stealth_rock
meowth_lc_1;meowth;lc;Lead;66;focus_sash,life_orb,silk_scarf;technician;jolly;236 Atq/76 Def/196 Vel;;fake_out/return,seed_bomb/bite,u_turn/hypnosis,taunt
psyduck_lc_1;psyduck;lc;Weather Counter;0;choice_scarf;cloud_nine;naive;24 Atq/240 AtqE/236 Vel;;hydro_pump/ice_beam/cross_chop/hidden_power
mankey_lc_1;mankey;lc;Choice Scarf;76;choice_scarf;anger_point;jolly;36 PS/196 Atq/76 Def/196 Vel;;u_turn/close_combat/ice_punch/punishment
growlithe_lc_1;growlithe;lc;Choice Scarf;78;choice_scarf;;naive;196 Atq/116 AtqE/196 Vel;30 Atq/30 Def;flare_blitz/overheat/hidden_power/reversal
poliwag_lc_1;poliwag;lc;Special Attacker;25;life_orb,oran_berry;;timid;36 Def/200 AtqE/36 DefE/196 Vel;3 PS;hypnosis/hydro_pump,surf/hidden_power/ice_beam
poliwag_lc_2;poliwag;lc;Belly Drum;83;oran_berry;;jolly;196 Atq/36 Def/36 DefE/196 Vel;;belly_drum/hypnosis,encore/waterfall/return
poliwag_lc_3;poliwag;lc;Choice Scarf Lead;44;choice_scarf;;jolly;116 PS/196 Atq/196 Vel;;encore/hypnosis/waterfall/return
abra_lc_1;abra;lc;Substitute;42;life_orb;inner_focus;timid;240 AtqE/200 Vel;;substitute/psychic/signal_beam/encore,hidden_power
abra_lc_2;abra;lc;Dual Screens;36;light_clay;inner_focus;timid;236 PS/76 Def/196 Vel;;reflect/light_screen/encore/psychic
abra_lc_3;abra;lc;Choice;39;choice_scarf,choice_specs;;modest,timid;240 AtqE/200 Vel;;psychic/signal_beam/hidden_power/trick
machop_lc_1;machop;lc;SpDef;84;oran_berry;no_guard;adamant;116 PS/116 Atq/36 Def/236 DefE;;dynamic_punch/payback/ice_punch/bullet_punch
machop_lc_2;machop;lc;Lead;84;oran_berry;no_guard;adamant;116 PS/196 Atq/36 Def/76 DefE/76 Vel;;dynamic_punch/ice_punch/bullet_punch/payback
machop_lc_3;machop;lc;Choice Scarf;61;choice_scarf;no_guard;jolly;196 Atq/76 DefE/236 Vel;;dynamic_punch/rock_slide/payback/ice_punch
bellsprout_lc_1;bellsprout;lc;Sun Physical Attacker;25;life_orb;;jolly;36 PS/236 Atq/36 DefE/196 Vel;;swords_dance/seed_bomb/sucker_punch/sleep_powder
bellsprout_lc_2;bellsprout;lc;Sun Special Attacker;58;life_orb;;timid;76 Def/196 AtqE/36 DefE/196 Vel;;solar_beam/sludge_bomb/weather_ball,hidden_power/sleep_powder,synthesis
tentacool_lc_1;tentacool;lc;Rapid Spin;80;oran_berry;;bold;196 PS/76 Def/36 AtqE/196 Vel;;rapid_spin/toxic_spikes/surf/sludge_bomb,hidden_power
geodude_lc_1;geodude;lc;Support;45;oran_berry;sturdy;adamant;196 PS/196 Atq/36 Def/36 DefE/36 Vel;;stealth_rock/sucker_punch/explosion/earthquake
geodude_lc_2;geodude;lc;Rock Polish;77;life_orb;sturdy;adamant;36 PS/196 Atq/36 Def/36 DefE/196 Vel;;rock_polish/earthquake/stone_edge/explosion
geodude_lc_3;geodude;lc;Life Orb;52;life_orb;sturdy;adamant;196 Atq/116 Def/36 DefE/116 Vel;;fire_punch/sucker_punch/stone_edge/earthquake,explosion
ponyta_lc_1;ponyta;lc;Offensive Utility;80;oran_berry;flash_fire;jolly;116 PS/156 Atq/196 Vel;;substitute/will_o_wisp/return/flare_blitz
slowpoke_lc_1;slowpoke;lc;Physical Tank;74;oran_berry;own_tempo;adamant;36 PS/156 Atq/236 Def/36 DefE;;aqua_tail/zen_headbutt/slack_off/thunder_wave,protect
slowpoke_lc_2;slowpoke;lc;Trick Room;89;oran_berry;own_tempo;relaxed;196 PS/236 Def/36 DefE;;zen_headbutt/aqua_tail/slack_off/trick_room
magnemite_lc_1;magnemite;lc;Steel Trapper;40;life_orb,oran_berry;;modest,timid;76 PS/40 Def/236 AtqE/156 Vel;;magnet_rise/substitute/thunderbolt/hidden_power
magnemite_lc_2;magnemite;lc;Choice Scarf;38;choice_scarf;;naive;240 AtqE/236 Vel;;thunderbolt/flash_cannon/hidden_power/explosion
magnemite_lc_3;magnemite;lc;Attacker;42;life_orb;;quiet;236 PS/240 AtqE;;thunderbolt/flash_cannon/hidden_power/explosion
doduo_lc_1;doduo;lc;Mixed Life Orb;72;life_orb;early_bird;naughty,naive;240 Atq/240 Vel;;brave_bird,pluck/return,double_edge/quick_attack/hidden_power
doduo_lc_2;doduo;lc;3 Attacks + Roost;67;life_orb;early_bird;adamant,jolly;236 Atq/236 Vel;29 PS;brave_bird,pluck/return,double_edge/quick_attack/roost
seel_lc_1;seel;lc;Priority Attacker;20;life_orb,oran_berry;;adamant;236 Atq/36 DefE/236 Vel;;fake_out/aqua_jet/ice_shard/waterfall
grimer_lc_1;grimer;lc;Physical Attacker;68;life_orb;sticky_hold;adamant;196 PS/196 Atq/36 Def/36 DefE;;gunk_shot,poison_jab/shadow_sneak/fire_punch,ice_punch/explosion
shellder_lc_1;shellder;lc;Choice Scarf;49;choice_scarf;skill_link;naive;156 Atq/156 AtqE/196 Vel;;surf/ice_beam,hidden_power/rock_blast/explosion,return
shellder_lc_2;shellder;lc;Mixed Trick Room Sweeper;65;life_orb;skill_link;brave,quiet;236 Atq/36 Def/236 AtqE;3 PS;surf/rock_blast/ice_beam,ice_shard/explosion
shellder_lc_3;shellder;lc;Rapid Spin;86;oran_berry;skill_link;sassy;196 PS/76 Def/236 DefE;;rapid_spin/surf/ice_shard/rock_blast,explosion
gastly_lc_1;gastly;lc;Utility;64;oran_berry;;timid;36 PS/36 Def/196 AtqE/196 Vel;;will_o_wisp/shadow_ball,thief/sludge_bomb/substitute
onix_lc_1;onix;lc;Lead;72;focus_sash;sturdy;jolly;76 PS/236 Atq/196 Vel;;stealth_rock/earthquake/stone_edge/explosion,taunt
drowzee_lc_1;drowzee;lc;SubPunch;0;oran_berry;;jolly,adamant;212 Atq/76 Def/196 DefE/20 Vel;;substitute/focus_punch/zen_headbutt/ice_punch,reflect
drowzee_lc_2;drowzee;lc;Trick Room;0;oran_berry;;brave;212 Atq/236 Def/36 DefE;;trick_room/zen_headbutt/fire_punch,ice_punch,brick_break/thunder_punch
krabby_lc_1;krabby;lc;Krabulous (Sweeper);82;oran_berry,life_orb;shell_armor;adamant;36 PS/236 Atq/36 Def/196 Vel;;agility/crabhammer/return/swords_dance,x_scissor
krabby_lc_2;krabby;lc;Choice Scarf;45;choice_scarf;shell_armor;adamant;36 PS/236 Atq/36 Def/196 Vel;;crabhammer/return/rock_slide/brick_break,superpower,x_scissor
voltorb_lc_1;voltorb;lc;Lead;76;focus_sash;static;hasty;36 PS/40 Atq/236 AtqE/196 Vel;;thunderbolt/hidden_power,taunt/sucker_punch,protect/explosion
voltorb_lc_2;voltorb;lc;Rain Dance;57;damp_rock;static;hasty;36 PS/40 Atq/236 AtqE/196 Vel;;rain_dance/thunder/explosion/taunt,light_screen,hidden_power
exeggcute_lc_1;exeggcute;lc;Sunny Day Special Attacker;43;life_orb;;naive;116 PS/196 AtqE/196 Vel;;solar_beam/psychic/sleep_powder,hidden_power/explosion
exeggcute_lc_2;exeggcute;lc;Dual Screens;15;light_clay;;careful;196 PS/36 Atq/36 Def/236 DefE;;reflect/light_screen/sleep_powder/explosion,psychic
exeggcute_lc_3;exeggcute;lc;Trick Room Support;23;oran_berry;;relaxed;196 PS/36 Atq/196 Def/76 DefE;;trick_room/sleep_powder/psychic,leaf_storm/explosion
exeggcute_lc_4;exeggcute;lc;Sunny Day Support;65;heat_rock,oran_berry;;calm;196 PS/116 Def/196 DefE;;sunny_day/solar_beam/psychic,hidden_power/sleep_powder,explosion
cubone_lc_1;cubone;lc;Physical Attacker;73;thick_club;;adamant,brave;196 PS/196 Atq/76 Def/36 DefE;;earthquake/double_edge/fire_punch/substitute,ice_beam
cubone_lc_2;cubone;lc;Baton Pass Receiver;71;thick_club;;jolly,adamant;36 PS/196 Atq/36 DefE/236 Vel;;earthquake/double_edge/fire_punch/swords_dance,substitute
lickitung_lc_1;lickitung;lc;Wallbreaker;45;oran_berry,expert_belt;;brave;36 PS/236 Atq/196 AtqE/36 Vel;;body_slam,return/power_whip/fire_blast/ice_beam
lickitung_lc_2;lickitung;lc;Swords Dance;34;oran_berry;;adamant;236 PS/236 Atq/36 Vel;;swords_dance/power_whip/body_slam,return/fire_punch
lickitung_lc_3;lickitung;lc;Special Wall;52;oran_berry;;sassy;236 PS/36 AtqE/236 DefE;;wish/protect/body_slam/shadow_ball,fire_blast
rhyhorn_lc_1;rhyhorn;lc;Rock Polish;65;life_orb;rock_head;jolly;236 Atq/36 DefE/236 Vel;;rock_polish/stone_edge/earthquake/megahorn,ice_fang
rhyhorn_lc_2;rhyhorn;lc;Choice Band;45;choice_band;rock_head;adamant;156 PS/236 Atq/36 DefE/76 Vel;;earthquake/stone_edge/aqua_tail/megahorn,fire_fang
rhyhorn_lc_3;rhyhorn;lc;Substitute;65;oran_berry;rock_head;impish;196 PS/236 Atq/36 DefE/36 Vel;;substitute/earthquake/rock_blast,stone_edge/ice_fang,stealth_rock
horsea_lc_1;horsea;lc;Rain Dance Special Attacker;52;life_orb,oran_berry;;timid;36 Def/200 AtqE/76 DefE/196 Vel;;rain_dance/hydro_pump,surf/ice_beam/hidden_power
horsea_lc_2;horsea;lc;Agility;46;oran_berry,life_orb;;timid;36 Def/200 AtqE/76 DefE/196 Vel;;agility/surf,hydro_pump/ice_beam/hidden_power
goldeen_lc_1;goldeen;lc;Rain Dance Physical Attacker;84;life_orb,oran_berry;;adamant;220 Atq/36 Def/252 Vel;;waterfall/return/megahorn/rain_dance,psybeam
staryu_lc_1;staryu;lc;Offensive;63;oran_berry;natural_cure;timid;36 PS/200 AtqE/240 Vel;2 Atq/30 AtqE/30 Vel;hydro_pump/psychic/hidden_power,rapid_spin/thunderbolt
eevee_lc_1;eevee;lc;Mixed Attacker;60;life_orb,choice_band;adaptability;naughty,lonely;240 Atq/236 Vel;;return/quick_attack/bite/hidden_power
eevee_lc_2;eevee;lc;Choice;84;choice_band,choice_scarf;adaptability;adamant,jolly;236 Atq/36 Def/236 Vel;;return/quick_attack/bite/baton_pass
porygon_lc_1;porygon;lc;Lead;56;oran_berry;download;;116 Atq/36 Def/76 AtqE/76 DefE/196 Vel;;return/giga_impact,thunderbolt,shadow_ball,hidden_power/icy_wind/psychic,thunderbolt,shadow_ball,hidden_power
omanyte_lc_1;omanyte;lc;Life Orb;62;life_orb;;timid;76 PS/196 AtqE/236 Vel;;hydro_pump,surf/ice_beam/earth_power/ancient_power
omanyte_lc_2;omanyte;lc;Rain Dance Special Attacker;29;oran_berry;;modest;156 PS/36 Def/200 AtqE/76 Vel;30 AtqE;surf/ice_beam,earth_power/hidden_power/rain_dance
omanyte_lc_3;omanyte;lc;Rock Polish;49;life_orb;shell_armor;modest;236 PS/196 AtqE/76 Vel;;rock_polish/hydro_pump/earth_power/ancient_power
omanyte_lc_4;omanyte;lc;Support;30;oran_berry;shell_armor;calm;236 PS/36 Def/236 DefE;;stealth_rock/spikes,toxic_spikes/surf/ancient_power,ice_beam,protect
kabuto_lc_1;kabuto;lc;Rain Sweeper;75;life_orb;;naughty;196 Atq/156 AtqE/156 Vel;;waterfall/rock_slide/earth_power/aqua_jet
dratini_lc_1;dratini;lc;Dragon Dance;77;life_orb,oran_berry;;adamant;28 PS/244 Atq/36 DefE/196 Vel;;dragon_dance/outrage/waterfall,aqua_tail/extreme_speed
dratini_lc_2;dratini;lc;Substitute + 3 Attacks;53;life_orb;;lonely;244 Atq/116 AtqE/116 Vel;;substitute/extreme_speed/fire_blast/outrage,draco_meteor
dratini_lc_3;dratini;lc;Mixed Priority Attacker;54;life_orb;;lonely,hasty;244 Atq/116 AtqE/116 Vel;;outrage/extreme_speed/fire_blast/surf
dratini_lc_4;dratini;lc;Attacking Lead;18;focus_sash;;hasty,mild;28 PS/84 Atq/196 AtqE/196 Vel;;protect/draco_meteor/surf,fire_blast/extreme_speed
dratini_lc_5;dratini;lc;Choice Scarf;18;choice_scarf;;rash,naive;28 PS/84 Atq/196 AtqE/196 Vel;;draco_meteor/ice_beam,surf/fire_blast/outrage
sentret_lc_1;sentret;lc;Trick Room Mixed Attacker;0;life_orb;keen_eye;quiet,brave;228 Atq/4 Def/236 AtqE;;return,brick_break/sucker_punch,u_turn/ice_beam/thunderbolt
hoothoot_lc_1;hoothoot;lc;Choice Scarf;0;choice_scarf;;timid,modest;236 AtqE/68 DefE/196 Vel;;air_slash/psychic/heat_wave/shadow_ball
ledyba_lc_1;ledyba;lc;Baton Pass;0;liechi_berry,petaya_berry,salac_berry;early_bird;timid;196 PS/36 Def/36 DefE/236 Vel;;agility,swords_dance/encore/baton_pass/substitute,bug_buzz
ledyba_lc_2;ledyba;lc;Dual Screens;0;oran_berry,light_clay;early_bird;jolly;196 PS/36 Def/36 DefE/236 Vel;;reflect/light_screen/u_turn/encore,roost
ledyba_lc_3;ledyba;lc;Swords Dance;0;life_orb,oran_berry;;jolly,adamant;36 PS/196 Atq/36 Def/236 Vel;;swords_dance/bug_bite/mach_punch/aerial_ace,ice_punch,thunder_punch
ledyba_lc_4;ledyba;lc;Agility;0;petaya_berry;;modest;36 PS/36 Def/196 AtqE/236 Vel;;agility/substitute/bug_buzz/hidden_power,baton_pass
spinarak_lc_1;spinarak;lc;Baton Pass;0;oran_berry,focus_sash;insomnia;impish;196 PS/36 Atq/196 Def/36 DefE/36 Vel;;spider_web/baton_pass/bug_bite,protect/agility,substitute
spinarak_lc_2;spinarak;lc;Toxic Spikes Lead;0;focus_sash;insomnia;adamant;196 PS/196 Atq/36 Def/36 DefE/36 Vel;;toxic_spikes/protect/bug_bite/sucker_punch,shadow_sneak
chinchou_lc_1;chinchou;lc;Agility;71;oran_berry;;timid;52 Def/232 AtqE/220 Vel;3 Atq/30 AtqE/30 DefE;hydro_pump/thunderbolt/agility/hidden_power
pichu_lc_1;pichu;lc;Choice;0;choice_band,choice_scarf;;jolly;118 PS/196 Atq/196 Vel;;volt_tackle/thunder_punch,toxic/return/iron_tail
pichu_lc_2;pichu;lc;Life Orb;0;life_orb;;hasty;36 PS/200 Atq/76 AtqE/196 Vel;;volt_tackle/thunderbolt/return/hidden_power
pichu_lc_3;pichu;lc;Encore;0;life_orb,leftovers;;timid;36 PS/236 AtqE/196 Vel;;encore/substitute/thunderbolt/hidden_power
natu_lc_1;natu;lc;Choice;27;choice_specs,choice_scarf;;timid;36 PS/200 AtqE/200 Vel;;psychic/heat_wave/hidden_power/u_turn
natu_lc_2;natu;lc;Dual Screens;25;light_clay,oran_berry;;timid;116 PS/36 Atq/76 Def/76 DefE/196 Vel;;reflect/light_screen/u_turn/wish,roost
natu_lc_3;natu;lc;Physical Attacker;7;choice_band,life_orb;;adamant;116 PS/196 Atq/196 Vel;;zen_headbutt/sucker_punch/drill_peck,pluck/u_turn,heat_wave
mareep_lc_1;mareep;lc;The Screening Sheep;0;oran_berry,light_clay;;bold,calm;236 PS/196 Def/76 DefE;;reflect/light_screen/thunder_wave,hidden_power/thunderbolt,discharge
hoppip_lc_1;hoppip;lc;Support;0;oran_berry;;jolly;236 PS/36 Def/196 Vel;;encore/sleep_powder,substitute/stun_spore,leech_seed/u_turn
hoppip_lc_2;hoppip;lc;Sunny Day;0;heat_rock;;jolly;236 PS/36 Def/196 Vel;;sunny_day/sleep_powder/memento,u_turn/encore
aipom_lc_1;aipom;lc;Lead;74;life_orb;;jolly;76 PS/196 Atq/236 Vel;;fake_out/return/shadow_claw/u_turn
sunkern_lc_1;sunkern;lc;Trick Room Sweeper;0;life_orb;solar_power;brave;200 Atq/40 Def/200 AtqE/36 DefE;2 Vel;seed_bomb/return/hidden_power/swords_dance
wooper_lc_1;wooper;lc;Utility;62;oran_berry;water_absorb;impish;236 PS/76 Atq/156 Def;;earthquake/ice_punch,stockpile/toxic/recover
pineco_lc_1;pineco;lc;Support;42;oran_berry;;impish;196 PS/76 Atq/196 Def;;spikes,stealth_rock/rapid_spin/bug_bite/payback,protect
pineco_lc_2;pineco;lc;Spikes;46;oran_berry;;impish;196 PS/76 Atq/196 Def;;spikes/stealth_rock/bug_bite/explosion
gligar_lc_1;gligar;lc;Stealth Rock;61;oran_berry;;jolly;156 Atq/76 Def/236 Vel;;u_turn/earthquake/aqua_tail/stealth_rock
gligar_lc_2;gligar;lc;Choice Scarf;50;choice_scarf;;jolly;236 Atq/236 Vel;;u_turn/earthquake/aqua_tail/stone_edge,night_slash
gligar_lc_3;gligar;lc;Swords Dance;53;oran_berry;;jolly;236 Atq/236 Vel;;night_slash/earthquake/aqua_tail/swords_dance
teddiursa_lc_1;teddiursa;lc;Quick Feet;94;toxic_orb;quick_feet;jolly;36 PS/196 Atq/36 Def/36 DefE/196 Vel;;facade/close_combat/crunch/protect,swords_dance
slugma_lc_1;slugma;lc;Dual Screen Memento;0;light_clay,oran_berry;flame_body;careful,calm;196 PS/196 Def/118 DefE;;light_screen/reflect/memento,self_destruct/recover,yawn,flamethrower
slugma_lc_2;slugma;lc;Trick Room Attacker;0;life_orb;flame_body;quiet;196 PS/36 Atq/36 Def/200 AtqE/36 DefE;30 AtqE/3 Vel;fire_blast,flamethrower/hidden_power/earth_power/self_destruct
swinub_lc_1;swinub;lc;Lead;73;focus_sash;snow_cloak;jolly;116 PS/196 Atq/196 Vel;;protect/ice_shard/stealth_rock/earthquake,superpower
remoraid_lc_1;remoraid;lc;Choice Scarf;40;choice_scarf;sniper;timid;240 AtqE/236 Vel;;water_spout/surf/ice_beam/hidden_power
remoraid_lc_2;remoraid;lc;Physical Choice;59;choice_scarf,choice_band;;jolly,naive;236 Atq/236 Vel;;waterfall/seed_bomb/return/water_spout,substitute
remoraid_lc_3;remoraid;lc;Mixed Choice Scarf;55;choice_scarf;;naughty;236 AtqE/236 Vel;;waterfall/water_spout/seed_bomb/fire_blast
houndour_lc_1;houndour;lc;Offensive Utility;66;oran_berry;flash_fire;naive;196 Atq/36 Def/36 AtqE/236 Vel;;will_o_wisp,pursuit,substitute/crunch/fire_blast/sucker_punch
phanpy_lc_1;phanpy;lc;Lead;53;oran_berry;;impish,adamant;116 PS/196 Atq/116 Def/36 DefE/36 Vel;;stealth_rock/earthquake/head_smash/ice_shard
phanpy_lc_2;phanpy;lc;Life Orb;33;life_orb;;jolly,adamant;196 PS/196 Atq/116 Def;;earthquake/ice_shard/head_smash/seed_bomb,superpower
smoochum_lc_1;smoochum;lc;Choice Scarf;43;choice_scarf;forewarn;modest,timid;240 AtqE/236 Vel;;blizzard/psychic/hidden_power/ice_beam
elekid_lc_1;elekid;lc;Mixed Offensive;74;life_orb;;hasty;96 Atq/160 AtqE/236 Vel;3 PS/30 Atq/30 AtqE;thunderbolt/hidden_power/low_kick/ice_punch
magby_lc_1;magby;lc;Mixed Attacker;81;life_orb;;hasty;240 Atq/252 Vel;;flare_blitz/mach_punch/thunder_punch/overheat,hidden_power,brick_break
magby_lc_2;magby;lc;Wallbreaker;43;life_orb;;hasty;200 AtqE/252 Vel;;fire_blast/cross_chop/hidden_power/thunder_punch
magby_lc_3;magby;lc;Choice;43;choice_scarf,choice_band;;hasty,lonely;240 Atq/252 Vel;;flare_blitz/mach_punch,brick_break/thunder_punch/hidden_power
larvitar_lc_1;larvitar;lc;Physical Attacker;47;flame_orb;;adamant,jolly;36 PS/244 Atq/36 Def/188 Vel;;rock_polish,dragon_dance/earthquake/stone_edge,rock_slide/crunch
poochyena_lc_1;poochyena;lc;Physical Attacker;0;toxic_orb;quick_feet;jolly;236 Atq/36 DefE/236 Vel;;sucker_punch/facade/ice_fang/protect,crunch,howl
zigzagoon_lc_1;zigzagoon;lc;Belly Drum;78;oran_berry;;adamant;196 Atq/28 Def/28 DefE/196 Vel;;belly_drum/extreme_speed/seed_bomb,substitute/thief
lotad_lc_1;lotad;lc;Swift Swim;78;life_orb;;timid;36 Def/196 AtqE/36 DefE/200 Vel;2 PS;surf/energy_ball/ice_beam/rain_dance,hidden_power
seedot_lc_1;seedot;lc;Sunny Day Sweeper;46;life_orb;;hasty,naive;40 Atq/200 AtqE/36 DefE/200 Vel;3 PS;solar_beam/hidden_power/shadow_ball/explosion
seedot_lc_2;seedot;lc;Nasty Plot;31;life_orb;;timid;36 Def/200 AtqE/36 DefE/200 Vel;;nasty_plot/solar_beam/hidden_power/shadow_ball
taillow_lc_1;taillow;lc;Guts;65;flame_orb;;jolly;36 PS/236 Atq/236 Vel;;pluck/facade/protect,u_turn/quick_attack
surskit_lc_1;surskit;lc;Rainskit;0;life_orb;;modest;20 Def/200 AtqE/20 DefE/236 Vel;3 PS;hydro_pump/hidden_power/psybeam,ice_beam/signal_beam,quick_attack,rain_dance
surskit_lc_2;surskit;lc;Agilipass;0;oran_berry,petaya_berry;;timid;36 PS/196 AtqE/20 DefE/236 Vel;;baton_pass/agility/hydro_pump/endure,substitute,ice_beam
shroomish_lc_1;shroomish;lc;SubSeed;74;toxic_orb;poison_heal;impish;196 PS/196 Def/116 DefE;;substitute/leech_seed/protect/spore
shroomish_lc_2;shroomish;lc;Choice Scarf Lead;11;choice_scarf;;timid;36 PS/36 Def/196 AtqE/236 Vel;;spore/energy_ball/sludge_bomb/stun_spore
slakoth_lc_1;slakoth;lc;Choice Band;0;choice_band;;adamant;196 PS/196 Atq/36 Def/76 DefE;;return/pursuit/ice_punch/hammer_arm,fire_punch
nincada_lc_1;nincada;lc;Physical Tank;0;oran_berry;;relaxed;188 PS/80 Atq/200 Def/36 DefE;30 Atq/30 Def;bug_bite/toxic/aerial_ace/hidden_power
whismur_lc_1;whismur;lc;Trick Room Mixed Attacker;0;life_orb;;brave,quiet;4 PS/188 Atq/92 Def/188 AtqE/12 DefE;;return/thunder_punch/ice_beam/shadow_ball,fire_blast
makuhita_lc_1;makuhita;lc;Lead;64;oran_berry;;jolly;196 Atq/36 Def/36 DefE/236 Vel;;fake_out/rock_slide,ice_punch/close_combat,cross_chop/bullet_punch
makuhita_lc_2;makuhita;lc;Trick Room Sweeper;69;oran_berry,life_orb;guts;brave;180 PS/196 Atq/36 Def/36 DefE;;belly_drum/close_combat,cross_chop/bullet_punch/ice_punch,fire_punch
nosepass_lc_1;nosepass;lc;Support;89;oran_berry;magnet_pull;impish;196 PS/236 Def/36 DefE;;thunder_wave/stealth_rock/explosion/stone_edge,protect,taunt
skitty_lc_1;skitty;lc;Priority Attacker;68;life_orb,silk_scarf;normalize;adamant;236 Atq/76 Def/196 Vel;;fake_out/sucker_punch/return/baton_pass,thunder_wave
aron_lc_1;aron;lc;Defensive Rock Polish;72;oran_berry;rock_head;jolly;116 PS/196 Atq/196 Vel;;head_smash/substitute,magnet_rise/iron_head/rock_polish
aron_lc_2;aron;lc;3 Attacks;71;life_orb;rock_head;jolly;116 PS/196 Atq/196 Vel;;head_smash/earthquake/iron_head/rock_polish
electrike_lc_1;electrike;lc;Choice;0;choice_scarf,choice_specs;;modest;36 PS/236 AtqE/236 Vel;;thunderbolt/flamethrower/switcheroo/hidden_power
gulpin_lc_1;gulpin;lc;Bulky Attacker;0;oran_berry;sticky_hold;modest;196 PS/12 Def/252 AtqE/12 DefE/36 Vel;;sludge_bomb/ice_beam/shadow_ball,hidden_power/pain_split
carvanha_lc_1;carvanha;lc;Substitute;78;life_orb;;adamant;196 Atq/36 Def/36 DefE/236 Vel;;substitute/aqua_jet/crunch/zen_headbutt,waterfall
carvanha_lc_2;carvanha;lc;Choice Scarf;49;choice_scarf;;jolly;196 Atq/36 Def/36 DefE/236 Vel;;aqua_jet/waterfall/crunch/zen_headbutt
wailmer_lc_1;wailmer;lc;Choice Scarf;66;choice_scarf;;modest;36 Atq/76 Def/200 AtqE/196 Vel;;water_spout/surf/ice_beam/self_destruct,hidden_power
wailmer_lc_2;wailmer;lc;Naive;29;oran_berry;;naive;40 Atq/156 Def/116 AtqE/196 Vel;;water_spout/hydro_pump/earthquake/self_destruct
numel_lc_1;numel;lc;Choice Scarf;8;choice_scarf;;timid;240 AtqE/236 Vel;;overheat/fire_blast/earth_power/hidden_power
numel_lc_2;numel;lc;Trick Room Mixed Attacker;43;life_orb;oblivious,simple;quiet;36 PS/196 Atq/36 Def/240 AtqE;3 Vel;fire_blast,overheat/earthquake/hidden_power/return
spoink_lc_1;spoink;lc;Dual Screens;69;light_clay;;timid;196 PS/116 DefE/196 Vel;;reflect/light_screen/thunder_wave/psychic
spoink_lc_2;spoink;lc;Choice;22;choice_scarf,choice_specs;;timid,modest;36 PS/200 AtqE/40 DefE/200 Vel;;psychic/shadow_ball/hidden_power/trick
spoink_lc_3;spoink;lc;Calm Mind;30;oran_berry,life_orb;;timid;36 PS/200 AtqE/40 DefE/200 Vel;;calm_mind/psychic/hidden_power/shadow_ball,substitute
cacnea_lc_1;cacnea;lc;Swords Dance;56;oran_berry,focus_sash;;adamant;36 PS/236 Atq/236 Vel;;swords_dance/sucker_punch/focus_punch,seed_bomb/substitute,encore
cacnea_lc_2;cacnea;lc;Mixed Attacker;16;life_orb;;naive;36 PS/156 Atq/76 AtqE/236 Vel;;sucker_punch/brick_break/seed_bomb,energy_ball/hidden_power
cacnea_lc_3;cacnea;lc;Choice Scarf;7;choice_scarf;;hasty;36 PS/156 Atq/76 AtqE/236 Vel;;dark_pulse/brick_break/needle_arm,seed_bomb/hidden_power
swablu_lc_1;swablu;lc;King Cotton (Physically Defensive);0;oran_berry,leftovers;;impish,relaxed;236 PS/196 Def/76 DefE;;roost/pluck/protect,toxic/toxic,heat_wave,ice_beam
barboach_lc_1;barboach;lc;Dragon Dance;95;oran_berry,life_orb;anticipation;adamant,jolly;36 PS/212 Atq/12 Def/28 DefE/196 Vel;;dragon_dance/earthquake/waterfall/return
barboach_lc_2;barboach;lc;Physical Choice;55;choice_scarf;anticipation;adamant;36 PS/212 Atq/12 Def/28 DefE/196 Vel;;earthquake/waterfall/return,double_edge/spark
corphish_lc_1;corphish;lc;Dragon Dance;0;life_orb,oran_berry;shell_armor;jolly;196 Atq/76 Def/236 Vel;;dragon_dance/waterfall/return/crunch
baltoy_lc_1;baltoy;lc;Rapid Spin;47;oran_berry;;bold,relaxed;196 PS/236 Def/36 AtqE/36 DefE;;stealth_rock/rapid_spin/shadow_ball/earth_power,explosion
baltoy_lc_2;baltoy;lc;Trick Room;42;muscle_band,oran_berry;;relaxed,brave;196 PS/196 Atq/76 Def/36 DefE;;trick_room/earthquake/stealth_rock,zen_headbutt/explosion
baltoy_lc_3;baltoy;lc;Dual Screens;31;light_clay;;impish;196 PS/196 Atq/76 Def/36 DefE;;reflect/light_screen/stealth_rock/explosion
baltoy_lc_4;baltoy;lc;Choice Scarf;28;choice_scarf;;mild,hasty;36 PS/36 Atq/196 AtqE/236 Vel;;earth_power/psychic/ice_beam,shadow_ball/explosion
lileep_lc_1;lileep;lc;Stockpile + Swords Dance;48;oran_berry;;impish;228 PS/220 Def/60 DefE;;stockpile/swords_dance/recover/seed_bomb
lileep_lc_2;lileep;lc;Lead;45;oran_berry;;calm;228 PS/36 AtqE/220 DefE;;stealth_rock/energy_ball,giga_drain/earth_power/ancient_power,hidden_power
anorith_lc_1;anorith;lc;Choice;38;choice_band,choice_scarf;;adamant,jolly;236 Atq/36 Def/236 Vel;;rock_slide/x_scissor/brick_break/body_slam,double_edge
anorith_lc_2;anorith;lc;Lead;39;focus_sash;;jolly;236 Atq/36 Def/236 Vel;;stealth_rock/rapid_spin/x_scissor/brick_break,rock_slide
anorith_lc_3;anorith;lc;Rock Polish;69;life_orb,oran_berry;;adamant;236 Atq/116 Def/156 Vel;;rock_polish/rock_slide/x_scissor/brick_break
anorith_lc_4;anorith;lc;Swords Dance;59;life_orb,oran_berry;;adamant,jolly;236 Atq/36 Def/236 Vel;;swords_dance/rock_slide/x_scissor/brick_break
shuppet_lc_1;shuppet;lc;Trick Room Lead;31;focus_sash;;brave;4 PS/236 Atq/252 AtqE/12 DefE;;trick_room/destiny_bond/sucker_punch,shadow_sneak/thunderbolt,taunt
shuppet_lc_2;shuppet;lc;Support;20;oran_berry;;relaxed;244 PS/236 Def/12 DefE;;will_o_wisp/shadow_sneak/thunderbolt/destiny_bond
shuppet_lc_3;shuppet;lc;Offensive Trick Room;36;oran_berry,focus_sash;;quiet;4 PS/236 Atq/252 AtqE/12 DefE;;trick_room/shadow_ball/hidden_power,thunderbolt/sucker_punch
shuppet_lc_4;shuppet;lc;Choice Scarf Lead;24;choice_scarf;insomnia,frisk;adamant;244 PS/12 DefE/236 Vel;;trick/sucker_punch/destiny_bond/thunder_wave
shuppet_lc_5;shuppet;lc;Substitute + 3 Attacks;57;life_orb;;mild;4 PS/236 Atq/176 AtqE/12 DefE/80 Vel;;substitute/shadow_sneak/shadow_ball/hidden_power
wynaut_lc_1;wynaut;lc;Support;84;oran_berry;;impish;76 PS/132 Def/212 DefE/12 Vel;;encore/counter/mirror_coat/tickle,safeguard,destiny_bond
snorunt_lc_1;snorunt;lc;Lead;73;focus_sash,oran_berry;;naive;36 Atq/36 Def/200 AtqE/40 DefE/196 Vel;30 AtqE/30 DefE;ice_beam/ice_shard/hidden_power/spikes
snorunt_lc_2;snorunt;lc;SpikeRunt;32;oran_berry;;jolly;36 PS/36 Atq/116 Def/116 DefE/196 Vel;;ice_shard/spikes/protect/crunch
spheal_lc_1;spheal;lc;Hail Stall;22;leftovers;ice_body;bold;36 PS/196 Def/76 AtqE/196 DefE;;substitute/protect/super_fang,blizzard/aqua_ring,toxic
clamperl_lc_1;clamperl;lc;RestTalk;79;deep_sea_scale;;bold;236 PS/236 Def/8 AtqE/20 Vel;;rest/sleep_talk/surf/hidden_power,ice_beam
bagon_lc_1;bagon;lc;Choice;44;choice_scarf,choice_band;;naive;236 Atq/40 Def/36 AtqE/196 Vel;;outrage/fire_fang/dragon_claw,brick_break/hydro_pump,hidden_power
bagon_lc_2;bagon;lc;Dragon Dance;76;oran_berry,life_orb;;adamant;236 Atq/36 Def/36 DefE/196 Vel;;dragon_dance/outrage/fire_fang/dragon_claw,brick_break
beldum_lc_1;beldum;lc;Physical Attacker;84;oran_berry,life_orb;;adamant;236 Atq/236 Def/38 Vel;;iron_head/zen_headbutt/headbutt,take_down/iron_defense
bidoof_lc_1;bidoof;lc;Curse;69;oran_berry;;adamant;204 PS/236 Atq/36 Def;;curse/quick_attack/return/aqua_tail
bidoof_lc_2;bidoof;lc;Special Attacker;27;oran_berry;;modest;204 PS/40 Def/240 AtqE;;charge_beam/thunderbolt/ice_beam/hidden_power
bidoof_lc_3;bidoof;lc;Unaware;54;oran_berry;unaware;quiet;204 PS/196 Def/36 DefE;;ice_beam/thunderbolt/quick_attack/return
bidoof_lc_4;bidoof;lc;Baton Pass Receiver;73;oran_berry;;jolly;44 PS/236 Atq/36 Def/188 Vel;;substitute/return/quick_attack/aqua_tail
kricketot_lc_1;kricketot;lc;String Shot + Endeavor;0;focus_sash;;jolly;236 Atq/36 Def/236 Vel;;endeavor/string_shot/bug_bite/growl
shinx_lc_1;shinx;lc;Trick Room Physical Attacker;0;life_orb;;brave;236 Atq/244 Def/4 DefE;;thunder_fang/ice_fang/fire_fang/crunch,iron_tail
shinx_lc_2;shinx;lc;Thunder Wave;0;oran_berry;intimidate;jolly;236 Atq/4 Def/4 DefE/236 Vel;;thunder_wave/thunder_fang/ice_fang/crunch,fire_fang,quick_attack
budew_lc_1;budew;lc;Spikes;0;oran_berry;;bold;196 PS/76 Def/36 AtqE/196 DefE;;spikes/energy_ball,sludge_bomb/stun_spore/rest
cranidos_lc_1;cranidos;lc;Choice Scarf;71;choice_scarf;;adamant,jolly;60 PS/236 Atq/212 Vel;;head_smash/stone_edge/earthquake/zen_headbutt
cranidos_lc_2;cranidos;lc;Rock Polish;35;life_orb,oran_berry;;adamant,naughty;60 PS/236 Atq/212 Vel;;rock_polish/stone_edge/earthquake/zen_headbutt,ice_beam,crunch
cranidos_lc_3;cranidos;lc;Trick Room Attacker;48;life_orb,oran_berry;;brave;210 PS/236 Atq/36 DefE;;stone_edge/earthquake/zen_headbutt/ice_beam,head_smash,swords_dance,crunch
shieldon_lc_1;shieldon;lc;Support;40;oran_berry,shed_shell;;sassy;196 PS/20 Atq/52 Def/20 AtqE/212 DefE;;stealth_rock,stone_edge/earthquake/ice_beam/thunderbolt,magnet_rise
buizel_lc_1;buizel;lc;Rain Dance Attacker;63;life_orb;;jolly;236 Atq/36 DefE/236 Vel;;waterfall/aqua_jet/return/bulk_up,ice_punch,brick_break
buizel_lc_2;buizel;lc;Baton Pass;52;oran_berry;;jolly;236 PS/36 DefE/236 Vel;;bulk_up,agility/baton_pass/aqua_jet,waterfall/return
cherubi_lc_1;cherubi;lc;Sunny Day;0;heat_rock;;modest;76 PS/184 AtqE/240 Vel;;sunny_day/solar_beam/hidden_power/growth,synthesis
shellos_lc_1;shellos;lc;Choice Scarf;43;choice_scarf;storm_drain;timid;220 AtqE/244 Vel;30 AtqE;surf/ice_beam/earth_power/hidden_power
drifloon_lc_1;drifloon;lc;Calm Mind;66;oran_berry;unburden;modest;116 PS/8 Def/200 AtqE/8 DefE/120 Vel;;calm_mind/shadow_ball/hidden_power/substitute,thunderbolt
drifloon_lc_2;drifloon;lc;Substitute + Will-O-Wisp;54;oran_berry;unburden;modest;196 PS/196 AtqE/116 Vel;;substitute/will_o_wisp/shadow_ball/thunderbolt
drifloon_lc_3;drifloon;lc;Substitute;51;petaya_berry;unburden;modest;196 PS/8 Def/200 AtqE/8 DefE/40 Vel;;substitute/shadow_ball/hidden_power/thunderbolt,calm_mind
drifloon_lc_4;drifloon;lc;Attacking Lead;41;focus_sash;unburden;hasty;116 Atq/196 AtqE/196 Vel;;destiny_bond,explosion/shadow_ball/sucker_punch/thunderbolt
drifloon_lc_5;drifloon;lc;Choice Scarf Lead;32;choice_scarf;unburden;modest;116 PS/4 Def/196 AtqE/4 DefE/116 Vel;;trick/destiny_bond,explosion/sucker_punch/shadow_ball
drifloon_lc_6;drifloon;lc;Rain Dance;25;damp_rock;;naive;196 Atq/116 AtqE/196 Vel;;rain_dance/explosion/weather_ball/thunder,shadow_ball
buneary_lc_1;buneary;lc;Attacking Lead;57;focus_sash,life_orb;;jolly,adamant;228 Atq/4 Def/236 Vel;;fake_out/quick_attack/ice_punch,fire_punch/endeavor,protect,encore
buneary_lc_2;buneary;lc;Choice;30;choice_band,choice_scarf;;jolly,adamant;228 Atq/4 Def/236 Vel;;quick_attack,return/ice_punch/thunder_punch/switcheroo,fire_punch,return
buneary_lc_3;buneary;lc;Baton Pass;13;liechi_berry,salac_berry;;jolly;156 PS/68 Atq/4 Def/236 Vel;;agility/baton_pass/substitute,endure/quick_attack,encore
buneary_lc_4;buneary;lc;Switcheroo;20;choice_band,choice_specs;klutz;jolly;236 PS/4 Def/236 Vel;;switcheroo/quick_attack,return/thunder_wave/encore
glameow_lc_1;glameow;lc;Attacking Lead;77;life_orb,focus_sash;;jolly;236 Atq/20 Def/236 Vel;;fake_out/sucker_punch/u_turn/quick_attack,shadow_claw
chingling_lc_1;chingling;lc;Double Status;0;oran_berry;;timid;236 PS/36 Def/236 Vel;;hypnosis/thunder_wave/heal_bell,substitute/psychic
stunky_lc_1;stunky;lc;Offensive;91;lum_berry;aftermath;jolly;12 PS/252 Atq/244 Vel;;crunch/pursuit/explosion,fire_blast,memento/sucker_punch
bronzor_lc_1;bronzor;lc;Stealth Rock;64;oran_berry;;relaxed;220 PS/8 Atq/152 Def/4 AtqE/68 DefE/12 Vel;;stealth_rock/earthquake/psychic/hidden_power
bronzor_lc_2;bronzor;lc;Setup Sweeper;39;oran_berry;;bold;220 PS/148 Def/4 AtqE/68 DefE/12 Vel;;calm_mind/psychic/flash_cannon/recycle
bonsly_lc_1;bonsly;lc;Rock Polish;27;life_orb,oran_berry;rock_head;jolly;116 PS/196 Atq/196 Vel;;rock_polish/rock_slide/sucker_punch/explosion,double_edge
gible_lc_1;gible;lc;Choice Band;35;choice_band;;adamant;52 PS/196 Atq/236 Def/20 Vel;;outrage/earthquake/stone_edge/fire_blast
gible_lc_2;gible;lc;Choice Scarf;46;choice_scarf;;jolly;96 PS/196 Atq/36 AtqE/180 Vel;;outrage/earthquake/fire_blast/stealth_rock,stone_edge,hidden_power
gible_lc_3;gible;lc;Substitute;34;salac_berry;;naive;96 PS/196 Atq/36 AtqE/180 Vel;;substitute/outrage,dragon_claw/earthquake/fire_blast
munchlax_lc_1;munchlax;lc;Defensive;82;oran_berry;thick_fat;adamant;76 PS/236 Atq/116 Def/76 Vel;;return,double_edge/superpower,brick_break/pursuit,shadow_ball/ice_punch,fire_punch
riolu_lc_1;riolu;lc;Agility;33;life_orb;inner_focus;adamant;196 Atq/36 Def/36 DefE/196 Vel;;agility/high_jump_kick/crunch/ice_punch
riolu_lc_2;riolu;lc;Swords Dance;37;focus_sash,life_orb;inner_focus;adamant;196 Atq/36 Def/36 DefE/196 Vel;;swords_dance/high_jump_kick/crunch/ice_punch,quick_attack,bullet_punch
riolu_lc_3;riolu;lc;Lead;37;focus_sash;inner_focus;adamant;196 Atq/36 DefE/196 Vel;;high_jump_kick/bullet_punch/crunch/counter
hippopotas_lc_1;hippopotas;lc;Lead;71;oran_berry,leftovers;;impish;212 PS/36 Atq/212 Def/36 DefE;;stealth_rock/earthquake/crunch,rock_slide/slack_off,roar
skorupi_lc_1;skorupi;lc;Agility;50;oran_berry,scope_lens;sniper;adamant;36 PS/196 Atq/36 Def/236 DefE;;agility/cross_poison/night_slash/aqua_tail
skorupi_lc_2;skorupi;lc;Swords Dance;72;oran_berry,life_orb;battle_armor,sniper;adamant,jolly;36 PS/196 Atq/36 Def/236 DefE;;swords_dance/poison_jab/crunch/aqua_tail
croagunk_lc_1;croagunk;lc;Specially Offensive;53;oran_berry;dry_skin;modest;52 PS/36 Def/188 AtqE/36 DefE/196 Vel;;shadow_ball/focus_blast,sludge_bomb/vacuum_wave/icy_wind
finneon_lc_1;finneon;lc;Physical Attacker;65;choice_scarf,life_orb;;jolly;204 Atq/44 AtqE/232 Vel;;u_turn/waterfall/return/ice_beam,surf
mantyke_lc_1;mantyke;lc;Rain Sweeper;66;oran_berry;;modest;116 Def/200 AtqE/36 DefE/116 Vel;3 Atq/30 AtqE;rain_dance/hydro_pump/hidden_power/air_cutter
snover_lc_1;snover;lc;Physically Offensive;47;oran_berry;;adamant;36 PS/180 Atq/36 Def/36 DefE/196 Vel;;swords_dance/ice_shard/wood_hammer/protect
snover_lc_2;snover;lc;Choice Scarf;33;choice_scarf;;timid;36 PS/36 Def/184 AtqE/36 DefE/200 Vel;2 Atq/30 AtqE/30 Vel;blizzard/energy_ball/hidden_power/water_pulse
