id;especie;formato;nombre;puntuacion;objeto;habilidad;naturaleza;evs;ivs;movimientos
venusaur_ou_1;venusaur;ou;"Sun ""Sweeper""";77;life_orb,heat_rock;chlorophyll;timid;72 PS/4 Def/252 AtqE/180 Vel;2 Atq/30 AtqE/30 Vel;sunny_day/growth/giga_drain/hidden_power,sludge_bomb
clefable_ou_1;clefable;ou;Support;88;leftovers;magic_guard;calm;252 PS/60 Def/184 DefE/12 Vel;;thunder_wave/knock_off/seismic_toss,ice_beam/soft_boiled
alakazam_ou_1;alakazam;ou;Attacker;62;focus_sash,life_orb;magic_guard;timid;252 AtqE/4 DefE/252 Vel;;psychic,psyshock/hidden_power,grass_knot/focus_blast,hidden_power/encore,thunder_wave,shadow_ball,signal_beam
zapdos_ou_1;zapdos;ou;Physically Defensive;70;leftovers;;bold;248 PS/100 Def/4 AtqE/44 DefE/112 Vel;2 Atq/30 Def;volt_switch,discharge/roost/hidden_power/heat_wave
moltres_ou_1;moltres;ou;Defensive;49;leftovers;;timid;248 PS/164 Def/96 Vel;;substitute/roost/flamethrower/will_o_wisp
milotic_ou_1;milotic;ou;Physically Defensive;69;leftovers;;bold;252 PS/252 Def/4 AtqE;;recover/scald/ice_beam/toxic,refresh
infernape_ou_1;infernape;ou;Mixed;40;expert_belt;iron_fist;naive;96 Atq/160 AtqE/252 Vel;;overheat/close_combat/grass_knot/hidden_power,u_turn,mach_punch
staraptor_ou_1;staraptor;ou;Choice Band;82;choice_band;reckless;adamant;252 Atq/4 Def/252 Vel;;brave_bird/close_combat/u_turn/double_edge
seismitoad_ou_1;seismitoad;ou;Utility;94;leftovers;water_absorb;bold;248 PS/232 Def/28 Vel;;scald/refresh/protect/stealth_rock,knock_off,earthquake
gothitelle_ou_1;gothitelle;ou;I Wanna Be The Latios;0;choice_specs;;modest;4 Def/252 AtqE/252 Vel;;psychic/hidden_power/energy_ball,dark_pulse,thunderbolt/trick
ferrothorn_ou_1;ferrothorn;ou;Standard;54;leftovers,lum_berry;;careful,sassy;252 PS/48 Def/208 DefE;;spikes/knock_off,leech_seed/power_whip,gyro_ball/stealth_rock,gyro_ball,worry_seed,leech_seed
ferrothorn_ou_2;ferrothorn;ou;Offensive;58;lum_berry,rawst_berry,leftovers;;brave,adamant;252 PS/252 Atq/4 DefE;;stealth_rock/power_whip/gyro_ball,knock_off/spikes,knock_off,explosion,thunder_wave
chandelure_ou_1;chandelure;ou;Spinblocker;38;air_balloon,choice_scarf;flame_body;timid;88 Def/252 AtqE/168 Vel;;flamethrower,fire_blast/shadow_ball/hidden_power/flame_charge,trick
volcarona_ou_1;volcarona;ou;Quiver Dance;50;insect_plate,mind_plate;;timid;72 PS/252 AtqE/184 Vel;;quiver_dance/fire_blast,flamethrower/bug_buzz,giga_drain/psychic,giga_drain,hidden_power
dugtrio_ou_1;dugtrio;ou;May the Sand Force be with You;0;life_orb;sand_force;jolly;252 Atq/4 Def/252 Vel;;earthquake/stone_edge/memento/stealth_rock
gengar_ou_1;gengar;ou;Offensive;48;black_sludge;;timid;252 AtqE/4 DefE/252 Vel;;shadow_ball/focus_blast,trick/will_o_wisp/hidden_power
gengar_ou_2;gengar;ou;Substitute + Will-O-Wisp;45;black_sludge;;timid;80 PS/236 Def/192 Vel;;substitute/will_o_wisp/shadow_ball/focus_blast
magnezone_ou_1;magnezone;ou;Sunny Day;51;air_balloon;;modest;252 AtqE/4 DefE/252 Vel;;thunderbolt/hidden_power/sunny_day/magnet_rise
magnezone_ou_2;magnezone;ou;Choice Scarf;35;choice_scarf;;timid;252 AtqE/4 DefE/252 Vel;;thunderbolt/volt_switch/hidden_power/flash_cannon
magnezone_ou_3;magnezone;ou;Substitute + Charge Beam;26;leftovers;;modest;252 AtqE/4 DefE/252 Vel;;substitute/charge_beam/hidden_power/thunderbolt,flash_cannon
heatran_ou_1;heatran;ou;Offensive;34;leftovers,air_balloon;;modest;4 Def/252 AtqE/252 Vel;;magma_storm,fire_blast/protect,flame_charge/earth_power/hidden_power,will_o_wisp
heatran_ou_2;heatran;ou;Substitute + Protect;36;leftovers;;timid;8 PS/156 AtqE/100 DefE/244 Vel;;substitute/protect/lava_plume/toxic,will_o_wisp,earth_power,hidden_power
heatran_ou_3;heatran;ou;Specially Defensive;36;leftovers;;calm;252 PS/4 Def/252 DefE;;stealth_rock,taunt/lava_plume/roar,will_o_wisp,toxic/protect
heatran_ou_4;heatran;ou;Sunny Day Trapper;27;leftovers,air_balloon;;modest;252 PS/96 AtqE/160 Vel;;magma_storm/sunny_day/solar_beam/earth_power,hidden_power
cresselia_ou_1;cresselia;ou;Defensive;47;leftovers;;bold;248 PS/252 Def/8 DefE;;moonlight/toxic/ice_beam,psychic/hidden_power,reflect
ninetales_ou_1;ninetales;ou;Defensive;74;leftovers;drought;timid;252 PS/120 Def/136 Vel;;flamethrower/will_o_wisp/sunny_day/pain_split,protect
tentacruel_ou_1;tentacruel;ou;Utility;89;black_sludge;rain_dish;timid;252 PS/72 Def/184 Vel;;scald/rapid_spin/toxic,toxic_spikes,substitute/protect
slowbro_ou_1;slowbro;ou;Defensive;63;leftovers;regenerator;bold;248 PS/252 Def/8 DefE;;scald/ice_beam/slack_off/thunder_wave,flamethrower
magneton_ou_1;magneton;ou;Choice Scarf;79;choice_scarf;;timid;4 Def/252 AtqE/252 Vel;;volt_switch/hidden_power/thunderbolt/flash_cannon,thunder_wave
chansey_ou_1;chansey;ou;Support;72;eviolite;;bold;252 PS/252 Def/4 DefE;;soft_boiled/aromatherapy,stealth_rock/toxic,thunder_wave/seismic_toss
starmie_ou_1;starmie;ou;Rapid Spin;71;air_balloon,life_orb;analytic;timid;4 Def/252 AtqE/252 Vel;;rapid_spin/hydro_pump/ice_beam/thunderbolt
starmie_ou_2;starmie;ou;Wallbreaker;42;choice_specs;analytic;timid;252 AtqE/4 DefE/252 Vel;;hydro_pump/surf/ice_beam/thunder
gyarados_ou_1;gyarados;ou;Substitute + Dragon Dance;65;leftovers;intimidate,moxie;jolly,adamant;88 PS/252 Atq/168 Vel;;dragon_dance/substitute/waterfall/bounce
gyarados_ou_2;gyarados;ou;Offensive Dragon Dance;56;leftovers,lum_berry,life_orb;moxie,intimidate;adamant,jolly;252 Atq/4 Def/252 Vel;;dragon_dance/waterfall/earthquake/stone_edge,return
ditto_ou_1;ditto;ou;Choice Scarf;100;choice_scarf;imposter;relaxed;252 PS/252 Def/4 DefE;2 Vel;transform
vaporeon_ou_1;vaporeon;ou;Offensive;29;life_orb;hydration;modest;212 Def/252 AtqE/44 Vel;;hydro_pump,surf/ice_beam/hidden_power/rest
jolteon_ou_1;jolteon;ou;Choice Specs;48;choice_specs;;timid;4 Def/252 AtqE/252 Vel;;thunderbolt/shadow_ball,signal_beam/hidden_power/volt_switch
aerodactyl_ou_1;aerodactyl;ou;Suicide Lead;68;focus_sash;pressure;jolly;252 Atq/4 Def/252 Vel;;stealth_rock/taunt/double_edge/earthquake
dragonite_ou_1;dragonite;ou;3 Attacks Dragon Dance;74;lum_berry;multiscale;adamant;252 Atq/4 DefE/252 Vel;;dragon_dance/outrage/earthquake,extreme_speed,fire_punch/extreme_speed,earthquake
dragonite_ou_2;dragonite;ou;Substitute + Dragon Dance;36;leftovers;multiscale;jolly;252 PS/72 Def/60 DefE/124 Vel;;substitute/dragon_dance/dragon_claw/roost
dragonite_ou_3;dragonite;ou;Choice Band;58;choice_band;multiscale;adamant;252 Atq/4 DefE/252 Vel;;outrage/extreme_speed/fire_punch,dragon_claw/superpower,earthquake
mew_ou_1;mew;ou;Defensive;37;leftovers;;calm;252 PS/148 DefE/108 Vel;;will_o_wisp/soft_boiled/taunt/night_shade,ice_beam
xatu_ou_1;xatu;ou;Utility;70;rocky_helmet;magic_bounce;impish,bold;252 PS/184 Def/72 Vel;;roost/night_shade/reflect,feather_dance/u_turn,toxic
politoed_ou_1;politoed;ou;Defensive;53;leftovers;drizzle;bold;252 PS/252 Def/4 DefE;;scald/protect/refresh/encore,toxic
politoed_ou_2;politoed;ou;Choice Scarf;52;choice_scarf;drizzle;timid;252 AtqE/4 DefE/252 Vel;;hydro_pump,surf/scald,toxic/ice_beam/encore
politoed_ou_3;politoed;ou;Choice Specs;52;choice_specs;drizzle;modest,timid;252 AtqE/4 DefE/252 Vel;;hydro_pump,surf,scald/ice_beam/focus_blast,hydro_pump/hidden_power
espeon_ou_1;espeon;ou;Screens Setter;56;light_clay;magic_bounce;timid;252 PS/4 Def/252 Vel;;reflect/light_screen/psychic/grass_knot
slowking_ou_1;slowking;ou;Special Wall;56;leftovers;regenerator;calm;252 PS/76 Def/180 DefE;;slack_off/scald/dragon_tail,ice_beam,thunder_wave/fire_blast,psyshock,thunder_wave
wobbuffet_ou_1;wobbuffet;ou;Death Fodder;0;leftovers;telepathy;calm;4 PS/252 Def/252 DefE;;counter/mirror_coat/encore/safeguard,destiny_bond
forretress_ou_1;forretress;ou;Entry Hazard Control;72;leftovers;sturdy,overcoat;relaxed;252 PS/252 Def/4 DefE;2 Vel;spikes/rapid_spin/earthquake/gyro_ball,hidden_power
scizor_ou_1;scizor;ou;Offensive Swords Dance;67;life_orb;technician;adamant;252 Atq/4 DefE/252 Vel;;bullet_punch/pursuit/superpower/swords_dance
scizor_ou_2;scizor;ou;Choice Scarf;66;choice_scarf;technician;jolly;252 Atq/4 DefE/252 Vel;;u_turn/pursuit/superpower/bullet_punch
scizor_ou_3;scizor;ou;Choice Band;75;choice_band;technician;adamant;252 Atq/4 DefE/252 Vel;;bullet_punch/u_turn/superpower/pursuit,quick_attack
skarmory_ou_1;skarmory;ou;Defensive;69;leftovers,rocky_helmet;sturdy;careful,calm;252 PS/4 Def/252 DefE;;roost/spikes/whirlwind/brave_bird,taunt
skarmory_ou_2;skarmory;ou;Lead;63;custap_berry;sturdy;jolly;252 Atq/4 Def/252 Vel;;spikes/stealth_rock/brave_bird/taunt
kingdra_ou_1;kingdra;ou;Rain Dance;52;life_orb;;modest;4 PS/252 AtqE/252 Vel;;rain_dance/hydro_pump/draco_meteor/surf
donphan_ou_1;donphan;ou;Support;77;leftovers;;impish;252 PS/252 Def/4 Vel;;rapid_spin/earthquake/stealth_rock/ice_shard
blissey_ou_1;blissey;ou;Special Wall;62;leftovers;;bold;248 PS/252 Def/8 DefE;;soft_boiled/seismic_toss/toxic,thunder_wave/stealth_rock,wish
tyranitar_ou_1;tyranitar;ou;Bulky Pursuit Trapper;56;chople_berry,tanga_berry;;adamant,careful;248 PS/88 Atq/172 DefE;;crunch/pursuit/thunder_wave,stealth_rock,fire_blast/superpower,earthquake
tyranitar_ou_2;tyranitar;ou;Choice Scarf;44;choice_scarf;;hasty;208 Atq/48 DefE/252 Vel;;pursuit/crunch/ice_beam/superpower
celebi_ou_1;celebi;ou;Bulky Pivot;52;leftovers;;calm;252 PS/240 DefE/16 Vel;;psychic/recover/baton_pass,giga_drain,grass_knot/substitute,stealth_rock,thunder_wave
celebi_ou_2;celebi;ou;Nasty Plot;49;leftovers;;timid,calm;252 PS/68 DefE/188 Vel;;nasty_plot/leaf_storm,giga_drain/hidden_power/recover
breloom_ou_1;breloom;ou;Bulky Setup Sweeper;26;toxic_orb;poison_heal;careful;236 PS/212 DefE/60 Vel;;swords_dance,bulk_up/protect/drain_punch/facade,seed_bomb
breloom_ou_2;breloom;ou;SubPunch;17;toxic_orb;poison_heal;adamant;236 PS/252 Atq/20 DefE;;substitute/protect/focus_punch/seed_bomb,facade
breloom_ou_3;breloom;ou;Technician;55;choice_band,fist_plate;technician;adamant,jolly;252 Atq/4 Def/252 Vel;;bullet_seed/mach_punch/low_sweep/superpower,stone_edge,swords_dance
salamence_ou_1;salamence;ou;Dragon Dance;60;lum_berry;moxie;jolly;72 PS/252 Atq/184 Vel;;dragon_dance/outrage/earthquake/dragon_claw
salamence_ou_2;salamence;ou;Choice Scarf;73;choice_scarf;moxie;naive;252 Atq/72 AtqE/184 Vel;;outrage/earthquake/hidden_power,fire_blast/dragon_claw
metagross_ou_1;metagross;ou;Stealth Rock;29;custap_berry;;adamant;252 PS/96 Atq/160 DefE;;stealth_rock/pursuit/earthquake/explosion
latias_ou_1;latias;ou;Choice Scarf;59;choice_scarf;;timid;252 AtqE/4 DefE/252 Vel;;draco_meteor/surf,psyshock/trick/healing_wish,psyshock
latias_ou_2;latias;ou;Colbur Berry;33;colbur_berry;;timid;252 AtqE/4 DefE/252 Vel;;draco_meteor/surf/thunder_wave,hidden_power/roost
latios_ou_1;latios;ou;Choice Scarf;54;choice_scarf;;timid;4 Def/252 AtqE/252 Vel;;draco_meteor/surf/trick/dragon_pulse,recover
latios_ou_2;latios;ou;Colbur Berry;35;colbur_berry;;timid;4 PS/252 AtqE/252 Vel;;draco_meteor/surf/recover/roar,hidden_power
latios_ou_3;latios;ou;Choice Specs;57;choice_specs;;timid;252 AtqE/4 DefE/252 Vel;;draco_meteor/surf/trick/dragon_pulse,recover
latios_ou_4;latios;ou;Calm Mind;32;draco_plate;;timid;252 AtqE/4 DefE/252 Vel;;calm_mind/draco_meteor,dragon_pulse/surf/recover,hidden_power
jirachi_ou_1;jirachi;ou;Lead;34;leftovers,shuca_berry;;sassy;252 PS/40 Def/216 DefE;26 Vel;stealth_rock/icy_wind/thunder,energy_ball/u_turn,energy_ball,iron_head
jirachi_ou_2;jirachi;ou;Utility;43;leftovers;;careful;252 PS/240 DefE/16 Vel;;wish,stealth_rock/iron_head/body_slam,thunder/protect,u_turn,stealth_rock
jirachi_ou_3;jirachi;ou;Substitute + Calm Mind;17;leftovers;;timid;252 PS/108 Def/148 Vel;;substitute/calm_mind/thunder,thunderbolt/hidden_power,water_pulse
jirachi_ou_4;jirachi;ou;Substitute + 3 Attacks;30;leftovers;;hasty;252 PS/72 AtqE/184 Vel;;substitute/iron_head/thunder,thunderbolt/hidden_power,icy_wind,water_pulse
jirachi_ou_5;jirachi;ou;Choice Scarf;46;choice_scarf;;jolly;72 PS/252 Atq/184 Vel;;iron_head/u_turn/ice_punch,trick/healing_wish,trick
gastrodon_ou_1;gastrodon;ou;Physically Defensive;88;leftovers;storm_drain;relaxed;252 PS/252 Def/4 DefE;;recover/scald/ice_beam,earthquake/toxic
bronzong_ou_1;bronzong;ou;Tank;55;leftovers;;sassy;252 PS/168 Def/88 DefE;;stealth_rock/gyro_ball/hidden_power/earthquake,toxic
garchomp_ou_1;garchomp;ou;Choice Scarf;60;choice_scarf;rough_skin;jolly;252 Atq/4 Def/252 Vel;;outrage/earthquake/rock_slide,stone_edge,stealth_rock/dual_chop,dragon_claw
garchomp_ou_2;garchomp;ou;Stealth Rock Lead;65;focus_sash,yache_berry;rough_skin;jolly;252 Atq/4 Def/252 Vel;;stealth_rock/outrage/earthquake/swords_dance
garchomp_ou_3;garchomp;ou;Swords Dance;58;yache_berry,lum_berry,salac_berry;rough_skin;jolly;252 Atq/4 Def/252 Vel;;swords_dance/earthquake/outrage,dragon_claw,dual_chop/dragon_claw,dual_chop,substitute,aqua_tail
garchomp_ou_4;garchomp;ou;Mixed;52;life_orb;rough_skin;hasty,naive;4 Atq/252 AtqE/252 Vel;;draco_meteor/earthquake/stealth_rock,outrage,hidden_power/fire_blast,surf
lucario_ou_1;lucario;ou;Swords Dance;82;life_orb;justified;adamant;252 Atq/4 Def/252 Vel;;swords_dance/close_combat/extreme_speed/ice_punch,crunch
hippowdon_ou_1;hippowdon;ou;Mixed Wall;76;leftovers;;careful;252 PS/12 Def/244 DefE;;slack_off/earthquake/stealth_rock/whirlwind,toxic
toxicroak_ou_1;toxicroak;ou;Swords Dance;73;life_orb;dry_skin;adamant,jolly;28 PS/252 Atq/228 Vel;;swords_dance/drain_punch/sucker_punch/ice_punch
abomasnow_ou_1;abomasnow;ou;Hail Setter;42;leftovers;;modest,quiet;252 PS/68 Def/104 AtqE/84 DefE;;blizzard/giga_drain/leech_seed,ice_shard/protect
abomasnow_ou_2;abomasnow;ou;Mixed;60;focus_sash;;mild;44 Atq/252 AtqE/212 Vel;;blizzard/wood_hammer/focus_punch,earthquake,hidden_power/ice_shard
weavile_ou_1;weavile;ou;Trapper;53;dread_plate;pickpocket,pressure;jolly;252 Atq/4 DefE/252 Vel;;pursuit/beat_up/ice_shard/low_kick
tangrowth_ou_1;tangrowth;ou;Defensive;50;leftovers;regenerator;bold;248 PS/252 Def/8 DefE;;giga_drain/knock_off/hidden_power/toxic,stun_spore
gliscor_ou_1;gliscor;ou;Stealth Rock;73;toxic_orb;poison_heal;careful,sassy;252 PS/4 Def/252 DefE;;stealth_rock/earthquake/u_turn,knock_off/protect
gliscor_ou_2;gliscor;ou;Swords Dance;83;toxic_orb;poison_heal;careful;252 PS/4 Def/252 DefE;;swords_dance/protect/earthquake/facade,ice_fang
mamoswine_ou_1;mamoswine;ou;Substitute;66;never_melt_ice,leftovers;thick_fat;adamant,jolly;252 Atq/4 DefE/252 Vel;;substitute/earthquake/icicle_crash/ice_shard
mamoswine_ou_2;mamoswine;ou;Choice Band;70;choice_band;thick_fat;adamant,jolly;252 Atq/4 DefE/252 Vel;;earthquake/icicle_crash/superpower/ice_shard
froslass_ou_1;froslass;ou;Suicide Lead;85;focus_sash;cursed_body;timid;4 PS/252 AtqE/252 Vel;;spikes/taunt/ice_beam/destiny_bond
rotom_wash_ou_1;rotom_wash;ou;Defensive;70;leftovers;;bold;252 PS/200 Def/56 DefE;;volt_switch/hydro_pump/will_o_wisp/pain_split
rotom_wash_ou_2;rotom_wash;ou;Choice Scarf;35;choice_scarf;;timid;32 PS/252 AtqE/224 Vel;;volt_switch/hydro_pump/trick/hidden_power
victini_ou_1;victini;ou;Choice Band;61;choice_band;;adamant,jolly;252 Atq/4 Def/252 Vel;;v_create/bolt_strike/brick_break/u_turn
excadrill_ou_1;excadrill;ou;Offensive;64;leftovers;sand_force,mold_breaker;adamant,jolly;252 Atq/4 Def/252 Vel;;earthquake/iron_head/protect/rapid_spin
excadrill_ou_2;excadrill;ou;Swords Dance;66;leftovers;sand_force,mold_breaker;adamant,jolly;252 Atq/4 DefE/252 Vel;;swords_dance/earthquake/iron_head,rock_slide/rapid_spin
excadrill_ou_3;excadrill;ou;Specially Defensive;53;leftovers;mold_breaker;careful;208 PS/252 DefE/48 Vel;;earthquake/rapid_spin/toxic,stealth_rock/protect
excadrill_ou_4;excadrill;ou;Choice Scarf;68;choice_scarf;mold_breaker,sand_force;adamant,jolly;252 Atq/4 DefE/252 Vel;;earthquake/iron_head/rapid_spin/rock_slide,toxic
conkeldurr_ou_1;conkeldurr;ou;Bulk Up;60;leftovers;;careful,adamant;252 PS/4 Atq/252 DefE;;bulk_up/mach_punch/drain_punch/payback,ice_punch
conkeldurr_ou_2;conkeldurr;ou;Four Attacks;54;life_orb,fist_plate;iron_fist;adamant;20 PS/236 Atq/252 DefE;;drain_punch/ice_punch/thunder_punch/mach_punch
reuniclus_ou_1;reuniclus;ou;Calm Mind;65;leftovers;magic_guard;bold;252 PS/252 Def/4 AtqE;;calm_mind/psychic,thunder,hidden_power/focus_blast,hidden_power,thunder/recover
reuniclus_ou_2;reuniclus;ou;3 Attacks;53;life_orb;magic_guard;modest;208 PS/200 AtqE/100 DefE;;psychic/focus_blast/hidden_power,signal_beam/recover
reuniclus_ou_3;reuniclus;ou;Trick Room;54;life_orb;magic_guard;quiet;192 PS/64 Def/252 AtqE;;trick_room/psychic/focus_blast/hidden_power,signal_beam,recover
amoonguss_ou_1;amoonguss;ou;Defensive Pivot;71;black_sludge;regenerator;bold;252 PS/252 Def/4 DefE;;stun_spore/giga_drain/hidden_power/sludge_bomb,clear_smog
jellicent_ou_1;jellicent;ou;Standard;60;leftovers,air_balloon,sitrus_berry,eject_button;;timid;248 PS/124 Def/136 Vel;;taunt/will_o_wisp/recover/night_shade
haxorus_ou_1;haxorus;ou;Dragon Dance;52;lum_berry,yache_berry;mold_breaker;jolly;252 Atq/4 Def/252 Vel;;dragon_dance/dual_chop/outrage/superpower,taunt,swords_dance
mienshao_ou_1;mienshao;ou;Choice Scarf;73;choice_scarf;regenerator;naive;252 Atq/32 AtqE/224 Vel;;high_jump_kick/u_turn/stone_edge/hidden_power
hydreigon_ou_1;hydreigon;ou;Attacker;39;life_orb,choice_specs;;modest,timid;252 AtqE/4 DefE/252 Vel;;draco_meteor/fire_blast/dark_pulse,dragon_pulse/focus_blast,roost
terrakion_ou_1;terrakion;ou;Choice Band;41;choice_band;;jolly;4 PS/252 Atq/252 Vel;;close_combat/stone_edge/x_scissor/sacred_sword,quick_attack
terrakion_ou_2;terrakion;ou;All-Out Attacker;36;life_orb;;naive;252 Atq/4 AtqE/252 Vel;;close_combat/stone_edge/hidden_power/earthquake,protect
terrakion_ou_3;terrakion;ou;Stealth Rock;45;focus_sash;;jolly;252 Atq/4 DefE/252 Vel;;stealth_rock/taunt,swords_dance/stone_edge/close_combat
terrakion_ou_4;terrakion;ou;Substitute + Swords Dance;40;life_orb,salac_berry;;jolly;252 Atq/4 Def/252 Vel;;substitute/swords_dance/close_combat/stone_edge
terrakion_ou_5;terrakion;ou;Double Dancer;39;air_balloon,life_orb;;jolly,adamant;4 PS/252 Atq/252 Vel;;rock_polish/swords_dance/close_combat/stone_edge
terrakion_ou_6;terrakion;ou;Choice Scarf;46;choice_scarf;;jolly;4 PS/252 Atq/252 Vel;;close_combat/stone_edge/x_scissor/rock_slide,sacred_sword
tornadus_ou_1;tornadus;ou;Offensive;74;leftovers,sharp_beak,choice_specs;prankster,defiant;timid;4 Def/252 AtqE/252 Vel;;hurricane/focus_blast/u_turn/protect,tailwind,knock_off
tornadus_ou_2;tornadus;ou;Substitute + Protect;35;leftovers;;timid;4 Def/252 AtqE/252 Vel;;substitute/protect/hurricane/focus_blast
thundurus_therian_ou_1;thundurus_therian;ou;SubsThundy;65;leftovers;;modest;104 PS/144 Def/48 AtqE/4 DefE/208 Vel;;substitute/thunder,thunderbolt/hidden_power/focus_blast,agility,nasty_plot
thundurus_therian_ou_2;thundurus_therian;ou;AgilThundy;67;leftovers;;modest;24 PS/228 AtqE/104 DefE/152 Vel;;agility/thunder,thunderbolt/hidden_power/focus_blast,grass_knot
thundurus_therian_ou_3;thundurus_therian;ou;Offensive;66;leftovers;;timid;24 PS/252 AtqE/56 DefE/176 Vel;;thunder,thunderbolt/hidden_power/focus_blast/grass_knot,nasty_plot,u_turn
landorus_therian_ou_1;landorus_therian;ou;Defensive;57;leftovers;;naive;240 PS/16 Def/252 Vel;30 PS/30 Def;stealth_rock/earthquake/u_turn/hidden_power
landorus_therian_ou_2;landorus_therian;ou;Choice Scarf;61;choice_scarf;;naive;72 PS/140 Atq/60 Def/236 Vel;30 Vel;earthquake/u_turn/hidden_power/stone_edge,stealth_rock
landorus_therian_ou_3;landorus_therian;ou;Lead;24;focus_sash;;jolly;4 PS/252 Atq/252 Vel;;stealth_rock/earthquake/imprison/explosion
landorus_therian_ou_4;landorus_therian;ou;Swords Dance;30;fist_plate;;naughty,naive;252 Atq/4 AtqE/252 Vel;30 Atq/30 Def;earthquake/superpower/swords_dance/hidden_power
kyurem_ou_1;kyurem;ou;SubRoost;43;leftovers;;timid;56 PS/200 AtqE/252 Vel;;ice_beam/earth_power/substitute/roost
kyurem_black_ou_1;kyurem_black;ou;Choice Band;59;choice_band;;adamant,jolly;252 Atq/4 Def/252 Vel;;outrage/dragon_claw/fusion_bolt/ice_beam,earth_power
kyurem_black_ou_2;kyurem_black;ou;Substitute Attacker;33;leftovers;;mild;56 PS/228 AtqE/224 Vel;;substitute/ice_beam/fusion_bolt/earth_power,hidden_power
keldeo_ou_1;keldeo;ou;Choice Specs;39;choice_specs;;timid;252 AtqE/4 DefE/252 Vel;;hydro_pump/secret_sword/hidden_power/surf
keldeo_ou_2;keldeo;ou;Choice Scarf;37;choice_scarf;;timid;252 AtqE/4 DefE/252 Vel;;hydro_pump/secret_sword/hidden_power/surf,scald
keldeo_ou_3;keldeo;ou;Leftovers Attacker;36;leftovers;;timid;252 AtqE/4 DefE/252 Vel;;scald/secret_sword/hidden_power/protect
keldeo_ou_4;keldeo;ou;Toxic + Protect;30;leftovers;;timid;252 AtqE/4 DefE/252 Vel;;toxic/protect/scald/secret_sword
keldeo_ou_5;keldeo;ou;Calm Mind;45;leftovers;;timid;252 AtqE/4 DefE/252 Vel;;calm_mind/hydro_pump,scald/secret_sword/hidden_power,substitute
blaziken_ubers_1;blaziken;ubers;Swords Dance;66;life_orb,leftovers;speed_boost;jolly,adamant;4 PS/252 Atq/252 Vel;;swords_dance/low_kick/protect/flare_blitz
ferrothorn_ubers_1;ferrothorn;ubers;Support;71;leftovers;;sassy;252 PS/48 Atq/208 DefE;;spikes/power_whip,gyro_ball/gyro_ball,leech_seed/stealth_rock,protect,thunder_wave
ferrothorn_ubers_2;ferrothorn;ubers;Choice Band;31;choice_band;;brave;252 PS/252 Atq/4 DefE;;power_whip/gyro_ball/bulldoze/explosion,spikes
qwilfish_ubers_1;qwilfish;ubers;Support;68;life_orb,splash_plate;swift_swim;adamant,jolly;4 PS/252 Atq/252 Vel;;spikes,toxic_spikes/taunt/destiny_bond/waterfall
qwilfish_ubers_2;qwilfish;ubers;Swords Dance;72;life_orb;swift_swim;adamant,jolly;4 PS/252 Atq/252 Vel;;swords_dance/taunt,destiny_bond/waterfall/poison_jab
arceus_ubers_1;arceus;ubers;Extreme Killer (Swords Dance);61;silk_scarf,life_orb,lum_berry;;adamant;200 PS/252 Atq/56 Vel;;swords_dance/extreme_speed/shadow_claw,shadow_force/earthquake,brick_break,recover
arceus_ubers_2;arceus;ubers;Wallceus (Physical Wall);9;leftovers;;impish;252 PS/200 Def/56 Vel;;will_o_wisp,reflect/recover/return/roar,perish_song
arceus_ubers_3;arceus;ubers;Bandceus (Choice Band);44;choice_band;;adamant;200 PS/252 Atq/56 Vel;;trick/extreme_speed/swords_dance,shadow_claw/earthquake,shadow_claw
magnezone_ubers_1;magnezone;ubers;SubCharge;22;leftovers;;modest;212 PS/252 AtqE/44 Vel;;substitute/charge_beam/thunder/hidden_power
magnezone_ubers_2;magnezone;ubers;Choice Specs;23;choice_specs;;modest;208 PS/252 AtqE/48 Vel;;thunder/hidden_power/volt_switch,thunderbolt/flash_cannon
magnezone_ubers_3;magnezone;ubers;Dual Screen;16;light_clay,air_balloon;;modest;252 PS/208 AtqE/48 Vel;;thunder,volt_switch/reflect/light_screen/hidden_power,explosion
heatran_ubers_1;heatran;ubers;Stallbreaker;62;leftovers;;calm;252 PS/148 DefE/108 Vel;;taunt/toxic/roar/flamethrower,lava_plume
heatran_ubers_2;heatran;ubers;Defensive;69;leftovers;;bold;252 PS/232 Def/24 DefE;;lava_plume/protect/roar/stealth_rock,toxic
heatran_ubers_3;heatran;ubers;Choice Scarf;1;choice_scarf;;timid;4 Def/252 AtqE/252 Vel;;overheat/hidden_power/dragon_pulse/flamethrower,fire_blast,earth_power
shiftry_ubers_1;shiftry;ubers;Special Sweeper;53;life_orb;;modest;4 PS/252 AtqE/252 Vel;;nasty_plot/grass_knot/dark_pulse/focus_blast,hidden_power
cresselia_ubers_1;cresselia;ubers;Dual Screens + Lunar Dance;0;light_clay;;calm;252 PS/160 Def/96 DefE;;trick_room,safeguard,thunder_wave/light_screen/reflect/lunar_dance
cresselia_ubers_2;cresselia;ubers;Wall;0;leftovers;;bold;252 PS/252 Def/4 DefE;;moonlight/reflect/ice_beam/toxic,magic_coat,thunder_wave
tentacruel_ubers_1;tentacruel;ubers;Support;66;black_sludge;rain_dish;calm;252 PS/32 Def/224 DefE;;toxic_spikes/rapid_spin/scald/protect,ice_beam
cloyster_ubers_1;cloyster;ubers;Shell Smash;49;life_orb;skill_link;naive;232 Atq/32 AtqE/244 Vel;;shell_smash/icicle_spear/hydro_pump/rock_blast
cloyster_ubers_2;cloyster;ubers;Offensive Support;92;focus_sash;skill_link;jolly,adamant;4 PS/252 Atq/252 Vel;;icicle_spear/rapid_spin/shell_smash/spikes,rock_blast,toxic_spikes
chansey_ubers_1;chansey;ubers;Support;72;eviolite;;calm,bold;4 PS/252 Def/252 DefE;;wish,heal_bell/soft_boiled/toxic/seismic_toss,heal_bell,snatch
omastar_ubers_1;omastar;ubers;Choice Specs;70;choice_specs;;modest;4 PS/252 AtqE/252 Vel;;hydro_pump/ice_beam/surf/earth_power,hidden_power
omastar_ubers_2;omastar;ubers;Life Orb;46;life_orb;;modest;4 PS/252 AtqE/252 Vel;;hydro_pump,surf/ice_beam/shell_smash,toxic_spikes,spikes/earth_power,hidden_power
kabutops_ubers_1;kabutops;ubers;Cleaner;56;life_orb,lum_berry;;adamant,jolly;252 Atq/4 Def/252 Vel;;waterfall/stone_edge/low_kick/rapid_spin,aqua_jet,swords_dance
kabutops_ubers_2;kabutops;ubers;Choice Band;61;choice_band;;adamant,jolly;252 Atq/4 Def/252 Vel;;waterfall/stone_edge/low_kick/x_scissor,aqua_jet,rapid_spin
mewtwo_ubers_1;mewtwo;ubers;Psycho Killer;50;life_orb;;timid;4 Def/252 AtqE/252 Vel;;psystrike/ice_beam/aura_sphere,fire_blast/fire_blast,calm_mind
mewtwo_ubers_2;mewtwo;ubers;Bulky Booster;37;leftovers;;timid;252 PS/4 Def/252 Vel;;calm_mind/psystrike/recover/flamethrower,aura_sphere,ice_beam
mewtwo_ubers_3;mewtwo;ubers;Support (StallTwo);22;leftovers;;timid;252 PS/72 DefE/184 Vel;;taunt/recover/will_o_wisp,toxic/psystrike,light_screen,substitute
mewtwo_ubers_4;mewtwo;ubers;Choice Scarf;47;choice_scarf;;timid;4 PS/252 AtqE/252 Vel;;psystrike/ice_beam/aura_sphere,fire_blast,flamethrower/fire_blast,trick,flamethrower
mew_ubers_1;mew;ubers;Baton Pass;45;leftovers,lum_berry;;calm;252 PS/20 Def/168 DefE/68 Vel;;rock_polish/swords_dance,nasty_plot/baton_pass/substitute,taunt,magic_coat
mew_ubers_2;mew;ubers;Lead;29;lum_berry;;jolly;252 PS/4 Def/252 Vel;;stealth_rock/taunt,magic_coat/u_turn/fake_out,magic_coat
xatu_ubers_1;xatu;ubers;Dual Screens;41;light_clay,leftovers;magic_bounce;bold;252 PS/252 Def/4 Vel;;reflect/light_screen/roost/night_shade,heat_wave,toxic
espeon_ubers_1;espeon;ubers;Focus Sash Attacker;55;focus_sash;magic_bounce;timid;4 Def/252 AtqE/252 Vel;;psyshock,shadow_ball/yawn,psyshock/grass_knot/hidden_power
wobbuffet_ubers_1;wobbuffet;ubers;Oh, no! It's Wobbuffet! (Standard);70;leftovers;;calm;28 PS/228 Def/252 DefE;;counter/mirror_coat/encore/safeguard,tickle
forretress_ubers_1;forretress;ubers;Support;58;leftovers;;careful;252 PS/4 Def/252 DefE;;spikes/rapid_spin/toxic_spikes/pain_split,toxic,volt_switch
forretress_ubers_2;forretress;ubers;Custap Lead;39;custap_berry;;brave;252 Atq;;rapid_spin/stealth_rock/spikes,toxic_spikes/gyro_ball,explosion
skarmory_ubers_1;skarmory;ubers;Support;85;leftovers;sturdy;impish;252 PS/4 Def/252 DefE;;spikes/roost/whirlwind/toxic,taunt,brave_bird
skarmory_ubers_2;skarmory;ubers;Custap Lead;56;custap_berry;sturdy;timid;252 PS/4 Def/252 Vel;;taunt/stealth_rock/spikes/whirlwind
kingdra_ubers_1;kingdra;ubers;Mixed Attacker;36;life_orb;;mild,rash;4 Atq/252 AtqE/252 Vel;;surf,hydro_pump/waterfall/outrage/draco_meteor
kingdra_ubers_2;kingdra;ubers;Dragon Dance;23;life_orb;;lonely,naughty;252 Atq/4 AtqE/252 Vel;;dragon_dance/waterfall/outrage/draco_meteor,yawn
kingdra_ubers_3;kingdra;ubers;Choice Specs;67;choice_specs;;modest,timid;4 PS/252 AtqE/252 Vel;;draco_meteor/hydro_pump/dragon_pulse,ice_beam/surf,ice_beam
smeargle_ubers_1;smeargle;ubers;SmashPass;70;focus_sash;;jolly;4 PS/252 Def/252 Vel;;shell_smash/baton_pass/spore/magic_coat,ingrain,taunt
smeargle_ubers_2;smeargle;ubers;Lv. 1 FEAR;40;focus_sash;;brave;;;trick_room/spore/endeavor/dragon_rage,destiny_bond
blissey_ubers_1;blissey;ubers;Support;43;leftovers;;calm;4 PS/252 Def/252 DefE;;wish/protect,soft_boiled/toxic,snatch/seismic_toss,heal_bell
tyranitar_ubers_1;tyranitar;ubers;Tank;37;leftovers,lum_berry;;sassy,careful;252 PS/76 Atq/180 DefE;;crunch,payback/pursuit/low_kick,superpower/fire_blast,stealth_rock,stone_edge
tyranitar_ubers_2;tyranitar;ubers;Choice Band;34;choice_band;;adamant;252 PS/64 Atq/192 DefE;;crunch,payback/pursuit/stone_edge/low_kick
lugia_ubers_1;lugia;ubers;Great Wall;91;leftovers;multiscale;bold,impish;252 PS/176 Def/80 DefE;;roost/whirlwind,dragon_tail/ice_beam,substitute/toxic,reflect
lugia_ubers_2;lugia;ubers;Calm Mind;80;leftovers;multiscale;timid;252 PS/4 Def/252 Vel;;calm_mind/ice_beam/thunder,whirlwind/roost
ho_oh_ubers_1;ho_oh;ubers;Tank;62;leftovers,life_orb;regenerator;adamant;248 PS/176 Atq/84 DefE;;sacred_fire/brave_bird/substitute,earthquake/roost
ho_oh_ubers_2;ho_oh;ubers;Choice Band;69;choice_band;regenerator;adamant;248 PS/252 Atq/8 Vel;;sacred_fire/brave_bird/earthquake/sleep_talk,punishment
ho_oh_ubers_3;ho_oh;ubers;Physical Sweeper;57;life_orb;regenerator;adamant,jolly;252 Atq/4 Def/252 Vel;;flame_charge,tailwind/sacred_fire/brave_bird/roost,earthquake
ho_oh_ubers_4;ho_oh;ubers;Choice Scarf;60;choice_scarf;regenerator;adamant,jolly;52 PS/252 Atq/204 Vel;;sacred_fire/brave_bird/earthquake/punishment,sleep_talk
ho_oh_ubers_5;ho_oh;ubers;Physically Defensive;57;leftovers;regenerator;impish;248 PS/8 Atq/252 Def;;sacred_fire/brave_bird/substitute,whirlwind/roost
ludicolo_ubers_1;ludicolo;ubers;Rain Sweeper;20;life_orb;;modest,timid;4 PS/252 AtqE/252 Vel;;hydro_pump/grass_knot/ice_beam/focus_blast
ludicolo_ubers_2;ludicolo;ubers;SubSeed;42;leftovers;rain_dish;calm;252 PS/40 Def/216 DefE;;leech_seed/ice_beam,substitute/grass_knot/protect
sableye_ubers_1;sableye;ubers;Prankster;55;leftovers;prankster;bold;252 PS/252 Def/4 DefE;;will_o_wisp/recover/taunt/foul_play
salamence_ubers_1;salamence;ubers;Choice Scarf;54;choice_scarf;moxie;naive;252 Atq/4 AtqE/252 Vel;;outrage/dragon_claw/earthquake/fire_blast
salamence_ubers_2;salamence;ubers;Dragon Dance;57;life_orb;intimidate,moxie;naive;252 Atq/4 AtqE/252 Vel;;dragon_dance/outrage/earthquake/fire_blast
latias_ubers_1;latias;ubers;Classic;46;soul_dew;;timid;48 PS/208 AtqE/252 Vel;;calm_mind/roost/dragon_pulse/thunder,psyshock
latias_ubers_2;latias;ubers;Defensive Calm Mind;40;soul_dew;;timid;252 PS/4 Def/252 Vel;;calm_mind/roost/dragon_pulse/roar,refresh,substitute
latias_ubers_3;latias;ubers;All-Out Attacker;53;soul_dew;;timid;164 PS/148 AtqE/196 Vel;;draco_meteor/roost/grass_knot,thunder/hidden_power,surf
latias_ubers_4;latias;ubers;Calm Mind Draco Meteor;58;soul_dew;;timid;68 PS/248 AtqE/192 Vel;;draco_meteor/calm_mind/psyshock,thunder/roost
latias_ubers_5;latias;ubers;Specially Defensive;48;soul_dew;;calm;252 PS/120 DefE/136 Vel;;light_screen/roost/roar/dragon_pulse,draco_meteor
latios_ubers_1;latios;ubers;All-Out Attacker;60;soul_dew;;timid;4 PS/252 AtqE/252 Vel;;dragon_pulse/psyshock/hidden_power,thunder/draco_meteor,grass_knot
latios_ubers_2;latios;ubers;Calm Mind;60;soul_dew;;timid;4 PS/252 AtqE/252 Vel;;calm_mind/draco_meteor,dragon_pulse/psyshock/roost,hidden_power,thunder
latios_ubers_3;latios;ubers;Speed Booster;59;soul_dew;;timid;4 PS/252 AtqE/252 Vel;;tailwind,dragon_dance/draco_meteor,dragon_pulse/psyshock/thunder,hidden_power
latios_ubers_4;latios;ubers;Dual Screens;17;light_clay;;timid;252 PS/4 DefE/252 Vel;;light_screen/reflect/draco_meteor,roost/memento
kyogre_ubers_1;kyogre;ubers;Choice Scarf;47;choice_scarf;;modest,timid;4 PS/252 AtqE/252 Vel;;water_spout/surf/thunder/ice_beam
kyogre_ubers_2;kyogre;ubers;Choice Specs;36;choice_specs;;modest;252 PS/252 AtqE/4 Vel;;water_spout/surf,hydro_pump/thunder/ice_beam
kyogre_ubers_3;kyogre;ubers;Calm Mind + 3 Attacks;35;leftovers;;modest,bold;252 PS/252 AtqE/4 Vel;;calm_mind/surf,scald/thunder/ice_beam
kyogre_ubers_4;kyogre;ubers;Mono-Attacker;30;leftovers;;bold;252 PS/252 Def/4 Vel;;calm_mind/scald,surf/rest/sleep_talk
kyogre_ubers_5;kyogre;ubers;Specially Defensive;33;leftovers;;calm;248 PS/8 Def/252 DefE;;scald/roar/rest/sleep_talk
kyogre_ubers_6;kyogre;ubers;Thunder Wave;35;leftovers,lum_berry;;modest,quiet;252 PS/4 Def/252 AtqE;;thunder_wave/surf,hydro_pump/ice_beam/thunder
kyogre_ubers_7;kyogre;ubers;SubCM;27;leftovers;;modest;252 PS/252 AtqE/4 Vel;;substitute/calm_mind/surf,scald/ice_beam,thunder
kyogre_ubers_8;kyogre;ubers;ChestoRest;23;chesto_berry;;bold;252 PS/252 Def/4 Vel;;calm_mind/rest/surf,scald/ice_beam,thunder
groudon_ubers_1;groudon;ubers;Support;52;leftovers;;impish;252 PS/4 Atq/252 Def;;earthquake/stone_edge,fire_blast/stealth_rock/dragon_tail,thunder_wave,toxic
groudon_ubers_2;groudon;ubers;Rock Polish;33;life_orb;;adamant,jolly;80 PS/252 Atq/176 Vel;;rock_polish/earthquake/dragon_claw,swords_dance/stone_edge,overheat
groudon_ubers_3;groudon;ubers;Paradancer;41;leftovers,lum_berry;;adamant;200 PS/200 Atq/108 Def;;swords_dance/thunder_wave/earthquake/stone_edge
groudon_ubers_4;groudon;ubers;Choice Band;28;choice_band;;adamant;252 PS/252 Atq/4 Def;;earthquake/dragon_claw/stone_edge/fire_punch
groudon_ubers_5;groudon;ubers;Offensive Stealth Rock;42;life_orb,earth_plate;;adamant,jolly;4 PS/252 Atq/252 Vel;;stealth_rock/earthquake/fire_punch/dragon_claw,stone_edge
rayquaza_ubers_1;rayquaza;ubers;Dragon Dance;43;life_orb;;jolly;252 Atq/4 AtqE/252 Vel;;dragon_dance/outrage/earthquake/overheat
rayquaza_ubers_2;rayquaza;ubers;Mixed Attacker;57;life_orb;;hasty,naive;252 AtqE/4 DefE/252 Vel;;draco_meteor/fire_blast,v_create/extreme_speed/outrage,dragon_tail
rayquaza_ubers_3;rayquaza;ubers;Mixed Dancer;48;life_orb;;mild,rash;40 Atq/252 AtqE/216 Vel;;dragon_dance/draco_meteor/outrage/fire_blast,earthquake
rayquaza_ubers_4;rayquaza;ubers;Swords Dance;44;life_orb;;adamant,jolly;252 Atq/4 DefE/252 Vel;;swords_dance/extreme_speed/dragon_claw/v_create
rayquaza_ubers_5;rayquaza;ubers;Choice Scarf;38;choice_scarf;;hasty,naive;252 Atq/4 AtqE/252 Vel;;outrage/v_create/draco_meteor/earthquake,extreme_speed
rayquaza_ubers_6;rayquaza;ubers;Choice Band;40;choice_band;;adamant,jolly;252 Atq/4 Def/252 Vel;;outrage/v_create/extreme_speed/earthquake
jirachi_ubers_1;jirachi;ubers;Specially Defensive;30;leftovers;;careful;252 PS/4 Def/252 DefE;;wish/stealth_rock,u_turn,protect/iron_head/toxic,thunder
jirachi_ubers_2;jirachi;ubers;Choice Scarf;59;choice_scarf;;jolly;4 PS/252 Atq/252 Vel;;iron_head/u_turn/healing_wish,trick/ice_punch,fire_punch
deoxys_ubers_1;deoxys;ubers;Offensive Dual Screens;15;light_clay;;naive;28 PS/48 Atq/252 Def/180 Vel;;light_screen/reflect/psycho_boost,ice_beam/low_kick,fire_punch
deoxys_attack_ubers_1;deoxys_attack;ubers;Focus Sash Attacker;57;focus_sash;;naive;4 Atq/252 AtqE/252 Vel;;psycho_boost/ice_beam,dark_pulse/superpower,hidden_power/extreme_speed
deoxys_attack_ubers_2;deoxys_attack;ubers;Sash Lead;61;focus_sash;;naive;4 Atq/252 AtqE/252 Vel;;spikes,stealth_rock/psycho_boost/hidden_power,superpower/ice_beam,extreme_speed,dark_pulse
deoxys_attack_ubers_3;deoxys_attack;ubers;Life Orb;40;life_orb;;naive,rash;4 Atq/252 AtqE/252 Vel;;psycho_boost/ice_beam,dark_pulse/superpower/extreme_speed,hidden_power
deoxys_defense_ubers_1;deoxys_defense;ubers;Agility + Taunt;82;leftovers;;calm;252 PS/108 Def/148 Vel;;taunt/agility/toxic/recover
deoxys_defense_ubers_2;deoxys_defense;ubers;Utility Wall;54;leftovers;;calm;252 PS/4 Def/252 DefE;;spikes/recover/magic_coat,seismic_toss/taunt,knock_off
deoxys_speed_ubers_1;deoxys_speed;ubers;Hazard Lead;50;focus_sash;;jolly;252 Atq/4 Def/252 Vel;;spikes,stealth_rock/magic_coat,stealth_rock/taunt/fire_punch
deoxys_speed_ubers_2;deoxys_speed;ubers;Dual Screens;25;light_clay;;jolly;252 PS/4 Def/252 Vel;;reflect/light_screen/taunt/stealth_rock,fire_punch
deoxys_speed_ubers_3;deoxys_speed;ubers;TrickScarf;34;choice_scarf;;jolly;252 PS/148 Def/100 DefE/8 Vel;;trick/spikes/taunt/fire_punch,superpower
gastrodon_ubers_1;gastrodon;ubers;Tank;90;leftovers;storm_drain;calm;252 PS/248 DefE/8 Vel;;scald/recover/toxic/mirror_coat,earth_power,clear_smog
bronzong_ubers_1;bronzong;ubers;Tank;44;leftovers,light_clay;;sassy;252 PS/4 Def/252 DefE;;stealth_rock,toxic/gyro_ball,earthquake/light_screen/reflect
bronzong_ubers_2;bronzong;ubers;Trick Room;40;life_orb;;brave;252 PS/252 Atq/4 DefE;;trick_room/gyro_ball/earthquake/stealth_rock,explosion
garchomp_ubers_1;garchomp;ubers;Choice Scarf;27;choice_scarf;;jolly;4 PS/252 Atq/252 Vel;;outrage/earthquake/dragon_claw/stone_edge
garchomp_ubers_2;garchomp;ubers;Swords Dance;28;life_orb,haban_berry;;jolly;4 PS/252 Atq/252 Vel;;swords_dance/outrage/earthquake/stone_edge,fire_fang
garchomp_ubers_3;garchomp;ubers;Choice Band;24;choice_band;;jolly;4 PS/252 Atq/252 Vel;;outrage/earthquake/stone_edge,fire_fang/dragon_claw
garchomp_ubers_4;garchomp;ubers;Substitute + Swords Dance;42;leftovers;;jolly;4 PS/252 Atq/252 Vel;;substitute/swords_dance/outrage,dragon_claw/earthquake
hippowdon_ubers_1;hippowdon;ubers;Physical Wall;80;leftovers;;impish;252 PS/252 Def/4 DefE;;slack_off/earthquake/whirlwind/toxic,stealth_rock,ice_fang
gliscor_ubers_1;gliscor;ubers;Substitute;72;toxic_orb;poison_heal;jolly;252 PS/40 Def/216 Vel;;substitute/protect,roost,taunt/toxic/earthquake
mamoswine_ubers_1;mamoswine;ubers;Physical Attacker;45;life_orb;snow_cloak;adamant;252 Atq/4 Def/252 Vel;29 PS;icicle_crash/earthquake/ice_shard/substitute,stealth_rock
froslass_ubers_1;froslass;ubers;Spikes;76;focus_sash;cursed_body;timid;4 PS/252 AtqE/252 Vel;;spikes/taunt/icy_wind,ice_beam/shadow_ball,destiny_bond
dialga_ubers_1;dialga;ubers;Defensive;46;leftovers;;modest,quiet;252 PS/56 AtqE/200 DefE;;stealth_rock/draco_meteor,dragon_pulse/fire_blast/roar,dragon_tail,thunder
dialga_ubers_2;dialga;ubers;Special Attacker;40;choice_specs,life_orb;;modest;252 PS/252 AtqE/4 Vel;;draco_meteor/thunder/fire_blast,aura_sphere/dragon_pulse,stealth_rock
dialga_ubers_3;dialga;ubers;Mixed;26;life_orb,expert_belt;;mild,quiet;252 Atq/252 AtqE/4 Vel;;draco_meteor/outrage,brick_break/fire_blast/thunder,bulk_up
dialga_ubers_4;dialga;ubers;Bulk Up + RestTalk;12;leftovers;;careful;252 PS/4 Def/252 DefE;;rest/sleep_talk/bulk_up/outrage,dragon_claw
dialga_ubers_5;dialga;ubers;Choice Scarf;31;choice_scarf;;modest,timid;52 PS/252 AtqE/204 Vel;;draco_meteor/thunder/fire_blast,aura_sphere/dragon_pulse
palkia_ubers_1;palkia;ubers;All-Out Attacker;46;lustrous_orb,haban_berry;;timid;4 PS/252 AtqE/252 Vel;;spacial_rend/surf,hydro_pump/fire_blast/thunder,dragon_tail
palkia_ubers_2;palkia;ubers;Choice Scarf;33;choice_scarf;;timid;4 PS/252 AtqE/252 Vel;;surf/spacial_rend/fire_blast/thunder
palkia_ubers_3;palkia;ubers;Choice Specs;55;choice_specs;;timid;4 PS/252 AtqE/252 Vel;;hydro_pump/spacial_rend/draco_meteor,fire_blast/thunder
palkia_ubers_4;palkia;ubers;Trick Room;38;lustrous_orb;;quiet;252 PS/4 Def/252 AtqE;;trick_room/spacial_rend/hydro_pump,surf/fire_blast,thunder
giratina_ubers_1;giratina;ubers;The Great Wall;62;leftovers;;impish;248 PS/252 Def/8 DefE;;rest/sleep_talk/roar,dragon_tail/will_o_wisp,dragon_tail
giratina_ubers_2;giratina;ubers;Specially Defensive;62;leftovers;;careful;248 PS/8 Def/252 DefE;;rest/sleep_talk/roar,dragon_tail/will_o_wisp,dragon_tail
giratina_ubers_3;giratina;ubers;ChestoRest;8;chesto_berry;;modest;248 PS/252 AtqE/8 Vel;;calm_mind/rest/dragon_pulse/aura_sphere,thunder
giratina_ubers_4;giratina;ubers;Mono-Attacker;39;leftovers;;bold;248 PS/252 Def/8 DefE;;rest/sleep_talk/calm_mind/dragon_pulse
manaphy_ubers_1;manaphy;ubers;Calm Mind;49;leftovers;;timid;252 PS/4 AtqE/252 Vel;;calm_mind/rest/scald/ice_beam
manaphy_ubers_2;manaphy;ubers;Tail Glow;50;leftovers,life_orb;;timid;4 PS/252 AtqE/252 Vel;;tail_glow/rest/surf/ice_beam,grass_knot
darkrai_ubers_1;darkrai;ubers;Special Sweeper;55;leftovers,life_orb,focus_sash;;timid;4 PS/252 AtqE/252 Vel;;dark_void/dark_pulse/focus_blast,nasty_plot/nasty_plot,substitute
darkrai_ubers_2;darkrai;ubers;Choice Scarf;39;choice_scarf;;timid;4 PS/252 AtqE/252 Vel;;trick/dark_void/dark_pulse/nasty_plot,focus_blast
darkrai_ubers_3;darkrai;ubers;Double Status;56;focus_sash,life_orb,leftovers;;timid;4 Def/252 AtqE/252 Vel;;dark_void/thunder_wave/dark_pulse/focus_blast,nasty_plot
shaymin_sky_ubers_1;shaymin_sky;ubers;Substitute + Leech Seed;52;leftovers;;timid;252 AtqE/4 DefE/252 Vel;;substitute/leech_seed/seed_flare/air_slash,hidden_power,earth_power
shaymin_sky_ubers_2;shaymin_sky;ubers;Choice Scarf;51;choice_scarf;;modest,timid;252 AtqE/4 DefE/252 Vel;;seed_flare,leaf_storm/air_slash/earth_power/hidden_power
shaymin_sky_ubers_3;shaymin_sky;ubers;Special Sweeper;48;life_orb,leftovers;;timid;252 AtqE/4 DefE/252 Vel;29 PS;seed_flare/air_slash/earth_power/hidden_power,growth
shaymin_sky_ubers_4;shaymin_sky;ubers;Choice Specs;38;choice_specs;;timid,modest;252 AtqE/4 DefE/252 Vel;;seed_flare/air_slash/earth_power/hidden_power
victini_ubers_1;victini;ubers;Choice Scarf;69;choice_scarf;;naive,jolly;252 Atq/4 Def/252 Vel;;v_create/bolt_strike/u_turn/hidden_power,flare_blitz
victini_ubers_2;victini;ubers;Choice Band;47;choice_band;;jolly;252 Atq/4 Def/252 Vel;;v_create/bolt_strike/u_turn/brick_break,flare_blitz
victini_ubers_3;victini;ubers;Trick Room;28;life_orb;;brave;248 PS/252 Atq/8 Def;;trick_room/v_create/bolt_strike/brick_break
excadrill_ubers_1;excadrill;ubers;Bulky Rapid Spin;50;leftovers;mold_breaker;adamant;176 PS/60 Atq/252 DefE/20 Vel;;rapid_spin/earthquake/swords_dance/rock_slide,substitute
excadrill_ubers_2;excadrill;ubers;Offensive Swords Dance;52;life_orb,air_balloon;;adamant,jolly;4 PS/252 Atq/252 Vel;;swords_dance/earthquake/rock_slide,rapid_spin/iron_head,rapid_spin,shadow_claw
accelgor_ubers_1;accelgor;ubers;Lead;96;focus_sash;unburden;naive;4 Atq/252 AtqE/252 Vel;3 DefE;spikes/yawn/bug_buzz/u_turn
terrakion_ubers_1;terrakion;ubers;Choice Scarf;67;choice_scarf;;jolly;252 Atq/4 Def/252 Vel;;close_combat/stone_edge/toxic,sleep_talk/rock_slide,sacred_sword
terrakion_ubers_2;terrakion;ubers;Lead;30;fist_plate,focus_sash;;jolly;252 Atq/4 Def/252 Vel;;close_combat/stone_edge/stealth_rock/taunt
terrakion_ubers_3;terrakion;ubers;Double Dance;30;life_orb,fist_plate;;jolly;252 Atq/4 Def/252 Vel;;close_combat/stone_edge/swords_dance/rock_polish
terrakion_ubers_4;terrakion;ubers;Choice Band;31;choice_band;;jolly;252 Atq/4 Def/252 Vel;;close_combat/stone_edge/quick_attack/rock_slide,toxic
tornadus_therian_ubers_1;tornadus_therian;ubers;Life Orb Attacker;47;life_orb;;timid,naive;4 Atq/252 AtqE/252 Vel;;hurricane/focus_blast,superpower/grass_knot,u_turn/taunt
tornadus_therian_ubers_2;tornadus_therian;ubers;Choice Specs;67;choice_specs;;timid,naive;4 Def/252 AtqE/252 Vel;;hurricane/focus_blast/heat_wave/u_turn,hidden_power,air_slash
thundurus_ubers_1;thundurus;ubers;Prankster;35;life_orb;;timid,naive;4 Def/252 AtqE/252 Vel;;thunder_wave/thunder/hidden_power/taunt,volt_switch,hammer_arm
thundurus_ubers_2;thundurus;ubers;Nasty Plot;29;life_orb;;timid;4 Def/252 AtqE/252 Vel;;nasty_plot/thunder/hidden_power/focus_blast
reshiram_ubers_1;reshiram;ubers;Choice Specs;34;choice_specs;;modest,timid;252 AtqE/4 DefE/252 Vel;;draco_meteor/blue_flare/dragon_pulse/focus_blast
reshiram_ubers_2;reshiram;ubers;Offensive;61;life_orb;;mild,hasty;4 Atq/252 AtqE/252 Vel;;blue_flare/draco_meteor,dragon_pulse/tailwind,roost/outrage,stone_edge,roost
reshiram_ubers_3;reshiram;ubers;Flame Charge;65;life_orb;;timid,hasty;4 Def/252 AtqE/252 Vel;;flame_charge/blue_flare/dragon_pulse,draco_meteor/draco_meteor,outrage,stone_edge
reshiram_ubers_4;reshiram;ubers;SubRoost;32;leftovers;;modest;4 Def/252 AtqE/252 Vel;;substitute/roost/blue_flare/dragon_pulse,draco_meteor
reshiram_ubers_5;reshiram;ubers;Sunny Day;50;life_orb;;modest;4 Def/252 AtqE/252 Vel;;sunny_day/blue_flare/draco_meteor/focus_blast,solar_beam
reshiram_ubers_6;reshiram;ubers;Choice Scarf;38;choice_scarf;;mild,hasty;4 Atq/252 AtqE/252 Vel;;draco_meteor/blue_flare/dragon_pulse,outrage/stone_edge
zekrom_ubers_1;zekrom;ubers;Mixed Attacker;44;life_orb;;lonely,naughty;104 PS/148 Atq/252 AtqE/4 Vel;;bolt_strike/draco_meteor/dragon_claw,outrage/focus_blast,volt_switch
zekrom_ubers_2;zekrom;ubers;Choice Band;45;choice_band;;adamant,jolly;252 PS/252 Atq/4 Vel;;bolt_strike/dragon_claw/outrage/fusion_bolt,volt_switch
zekrom_ubers_3;zekrom;ubers;Choice Scarf;53;choice_scarf;;jolly,adamant;4 PS/252 Atq/252 Vel;;bolt_strike/outrage/dragon_claw/volt_switch,fusion_bolt
zekrom_ubers_4;zekrom;ubers;Substitute + Hone Claws;36;leftovers,life_orb;;adamant,jolly;252 PS/252 Atq/4 Vel;;substitute/hone_claws/bolt_strike/outrage,dragon_claw
zekrom_ubers_5;zekrom;ubers;Tailwind;36;life_orb;;naughty;252 Atq/80 AtqE/176 Vel;;tailwind/draco_meteor/bolt_strike/outrage,volt_switch,focus_blast
landorus_ubers_1;landorus;ubers;Choice Scarf;65;choice_scarf;;naive;252 Atq/4 AtqE/252 Vel;;earthquake/stone_edge/u_turn/grass_knot
landorus_ubers_2;landorus;ubers;Swords Dance;31;life_orb,leftovers;;jolly;252 Atq/4 Def/252 Vel;;swords_dance/earthquake/stone_edge/rock_polish,grass_knot,substitute
landorus_therian_ubers_1;landorus_therian;ubers;Defensive;59;leftovers;;impish;252 PS/76 Atq/180 Def;;stealth_rock/earthquake/toxic,u_turn/stone_edge,superpower,toxic
landorus_therian_ubers_2;landorus_therian;ubers;SubSD;49;leftovers;;adamant;196 PS/140 Atq/96 Def/76 Vel;;substitute/swords_dance/earthquake/stone_edge
landorus_therian_ubers_3;landorus_therian;ubers;Double Dance;33;life_orb,lum_berry;;adamant;80 PS/252 Atq/8 Def/168 Vel;;rock_polish/swords_dance/earthquake/stone_edge
landorus_therian_ubers_4;landorus_therian;ubers;Choice Band;37;choice_band;;adamant;224 PS/252 Atq/32 Def;;earthquake/u_turn/stone_edge/superpower,explosion
kyurem_white_ubers_1;kyurem_white;ubers;Choice Specs;70;choice_specs;;modest,timid;252 AtqE/4 DefE/252 Vel;;draco_meteor/ice_beam/focus_blast/fusion_flare,earth_power
kyurem_white_ubers_2;kyurem_white;ubers;Burning Red White Kyurem (Choice-less);50;life_orb,haban_berry,leftovers;;timid,modest;252 AtqE/4 DefE/252 Vel;;draco_meteor/ice_beam/focus_blast,fusion_flare,earth_power/roost,substitute,focus_blast
kyurem_white_ubers_3;kyurem_white;ubers;Choice Scarf;51;choice_scarf;;hasty,timid;4 Atq/252 AtqE/252 Vel;;draco_meteor/ice_beam/focus_blast,fusion_flare,earth_power/outrage,focus_blast,sleep_talk
genesect_ubers_1;genesect;ubers;Physically Based Choice Scarf;67;choice_scarf;;naive,hasty;252 Atq/4 AtqE/252 Vel;;u_turn/ice_beam/explosion,flamethrower/iron_head,flamethrower
genesect_ubers_2;genesect;ubers;Specially Based Choice Scarf;66;choice_scarf;;naive,hasty;4 Atq/252 AtqE/252 Vel;;u_turn/ice_beam/bug_buzz,flamethrower,thunder/flamethrower,thunder
genesect_ubers_3;genesect;ubers;Special Attacker;40;expert_belt;;hasty,naive;4 Atq/252 AtqE/252 Vel;;u_turn/ice_beam/thunder/flamethrower,hidden_power
genesect_ubers_4;genesect;ubers;Choice Band;40;choice_band;;hasty,naive;252 Atq/4 AtqE/252 Vel;;u_turn/explosion/iron_head/ice_beam,flamethrower
blastoise_uu_1;blastoise;uu;Utility;70;leftovers;;bold,relaxed;252 PS/252 Def/4 DefE;;rapid_spin/scald/roar,dragon_tail/foresight,toxic
nidoqueen_uu_1;nidoqueen;uu;Offensive;68;life_orb;sheer_force;modest;100 PS/252 AtqE/156 Vel;;earth_power/fire_blast/ice_beam,focus_blast,sludge_wave/stealth_rock,focus_blast
nidoqueen_uu_2;nidoqueen;uu;Defensive;62;black_sludge;sheer_force;bold;252 PS/232 Def/24 Vel;;stealth_rock/earth_power/fire_blast,ice_beam/dragon_tail,roar
nidoking_uu_1;nidoking;uu;Special Attacker;79;life_orb;sheer_force;timid,modest;252 AtqE/4 DefE/252 Vel;;earth_power/fire_blast/ice_beam,focus_blast/substitute,stealth_rock
nidoking_uu_2;nidoking;uu;Choice Scarf;64;choice_scarf;sheer_force;modest,timid;252 AtqE/4 DefE/252 Vel;;earth_power/sludge_wave/ice_beam/fire_blast,thunderbolt
clefable_uu_1;clefable;uu;Support;21;leftovers,toxic_orb;magic_guard;calm;252 PS/4 Def/252 DefE;;wish/seismic_toss/knock_off,protect/encore,heal_bell
clefable_uu_2;clefable;uu;Life Orb;66;life_orb;magic_guard;brave;252 Atq/4 Def/252 AtqE;;double_edge/fire_blast,flamethrower/grass_knot,ice_beam/soft_boiled
poliwrath_uu_1;poliwrath;uu;RestTalk;67;leftovers;;impish;252 PS/4 Atq/252 Def;;rest/sleep_talk/circle_throw/waterfall,toxic
poliwrath_uu_2;poliwrath;uu;SubPunch;28;leftovers;;adamant;132 PS/252 Atq/124 Vel;;substitute/focus_punch/waterfall/encore,bulk_up,toxic
victreebel_uu_1;victreebel;uu;Mixed Sun Sweeper;0;life_orb;;rash;172 Atq/140 AtqE/196 Vel;;growth/leaf_blade,power_whip/weather_ball,hidden_power/sludge_bomb,sleep_powder
zapdos_uu_1;zapdos;uu;Offensive;48;life_orb;;timid;4 PS/252 AtqE/252 Vel;;thunderbolt/heat_wave/hidden_power/roost
zapdos_uu_2;zapdos;uu;SubRoost;64;leftovers;;timid;248 PS/84 Def/176 Vel;;substitute/roost/thunderbolt/hidden_power
zapdos_uu_3;zapdos;uu;Physically Defensive;59;leftovers;;bold;248 PS/236 Def/24 Vel;;discharge,thunderbolt/roost/hidden_power/heat_wave,toxic
zapdos_uu_4;zapdos;uu;Choice Specs;22;choice_specs;;timid;4 PS/252 AtqE/252 Vel;30 PS/30 Atq/30 Def/30 AtqE/30 DefE;thunderbolt/hidden_power/heat_wave/volt_switch
zapdos_uu_5;zapdos;uu;Specially Defensive;64;leftovers;;calm;248 PS/236 DefE/24 Vel;;discharge,thunderbolt/roost/heat_wave,toxic/hidden_power,roar
zapdos_uu_6;zapdos;uu;Agility;41;life_orb;;modest;180 PS/252 AtqE/76 Vel;;thunderbolt/hidden_power/agility/roost
moltres_uu_1;moltres;uu;Sweeper;38;life_orb,leftovers;;timid;252 AtqE/4 DefE/252 Vel;;fire_blast/air_slash/hidden_power/roost,flame_charge
moltres_uu_2;moltres;uu;Choice Specs;64;choice_specs;;modest,timid;4 Def/252 AtqE/252 Vel;;fire_blast/air_slash/hidden_power/u_turn
moltres_uu_3;moltres;uu;SubRoost Staller;10;leftovers;;timid;248 PS/36 Def/224 Vel;;substitute/roost/toxic/flamethrower
feraligatr_uu_1;feraligatr;uu;Dragon Dance;32;life_orb;;jolly;28 PS/252 Atq/228 Vel;;dragon_dance/waterfall/ice_punch/earthquake,low_kick
feraligatr_uu_2;feraligatr;uu;Swords Dance;32;life_orb;;adamant;148 PS/252 Atq/108 Vel;;swords_dance/waterfall/return/aqua_jet
feraligatr_uu_3;feraligatr;uu;Substitute + Dragon Dance;30;leftovers;;adamant;144 PS/252 Atq/112 Vel;;substitute/dragon_dance/waterfall/return
azumarill_uu_1;azumarill;uu;Choice Band;75;choice_band;huge_power;adamant;168 PS/252 Atq/4 DefE/84 Vel;;aqua_jet/waterfall/double_edge/ice_punch
hitmonlee_uu_1;hitmonlee;uu;Endure + Reversal Sweeper;90;liechi_berry;unburden;adamant,jolly;4 PS/252 Atq/252 Vel;;endure/reversal/stone_edge/earthquake,close_combat
hitmontop_uu_1;hitmontop;uu;Rapid Spin;62;leftovers;;impish;252 PS/4 Atq/252 Def;;rapid_spin/foresight,toxic/sucker_punch,stone_edge/close_combat
sceptile_uu_1;sceptile;uu;Swords Dance;31;life_orb,flying_gem;;jolly,adamant;252 Atq/4 DefE/252 Vel;;swords_dance/leaf_blade/earthquake/rock_slide,acrobatics
sceptile_uu_2;sceptile;uu;Special Attacker;8;choice_specs,life_orb;;timid;4 PS/252 AtqE/252 Vel;;leaf_storm/focus_blast/hidden_power/giga_drain
sceptile_uu_3;sceptile;uu;SubSeed;12;leftovers;;timid;252 AtqE/4 DefE/252 Vel;;substitute/leech_seed/giga_drain/hidden_power
swampert_uu_1;swampert;uu;Defensive Tank;75;leftovers;;relaxed,impish;240 PS/16 Atq/252 Def;;stealth_rock/scald,waterfall/earthquake/toxic,roar
swampert_uu_2;swampert;uu;Choice Band;19;choice_band;;adamant;208 PS/252 Atq/4 DefE/44 Vel;;earthquake/waterfall/ice_punch/superpower,stone_edge
swampert_uu_3;swampert;uu;Offensive Tank;55;leftovers;;adamant;240 PS/252 Atq/16 Def;;earthquake/waterfall/ice_punch/stealth_rock,roar,toxic
milotic_uu_1;milotic;uu;Physically Defensive;58;leftovers;;bold;248 PS/252 Def/8 Vel;;scald/recover/ice_beam/haze,dragon_tail
dusclops_uu_1;dusclops;uu;Curse;67;eviolite;;bold;252 PS/252 Def/4 DefE;;curse/night_shade/will_o_wisp/pain_split,rest
registeel_uu_1;registeel;uu;Utility;73;leftovers;;careful;252 PS/4 Def/252 DefE;;stealth_rock/thunder_wave,toxic/seismic_toss/earthquake,shadow_claw
empoleon_uu_1;empoleon;uu;SubPetaya;9;petaya_berry;;modest;252 AtqE/4 DefE/252 Vel;30 PS;agility/substitute/surf,hydro_pump/ice_beam,grass_knot
empoleon_uu_2;empoleon;uu;Specially Defensive;63;leftovers;;calm;252 PS/4 AtqE/252 DefE;;stealth_rock/scald/ice_beam/roar,toxic
empoleon_uu_3;empoleon;uu;Choice Specs;24;choice_specs;;modest;252 AtqE/4 DefE/252 Vel;;hydro_pump/ice_beam/grass_knot/scald,surf
empoleon_uu_4;empoleon;uu;Offensive Stealth Rock;42;leftovers;;modest;172 PS/252 AtqE/84 Vel;;stealth_rock/hydro_pump/ice_beam/grass_knot
empoleon_uu_5;empoleon;uu;Agility;10;life_orb;;modest;252 AtqE/4 DefE/252 Vel;;agility/hydro_pump/ice_beam/grass_knot
roserade_uu_1;roserade;uu;Offensive;35;life_orb,choice_specs;;timid,modest;4 PS/252 AtqE/252 Vel;;leaf_storm/sludge_bomb/sleep_powder,hidden_power/synthesis,rest,extrasensory
roserade_uu_2;roserade;uu;Spikes;61;black_sludge;;calm;252 PS/240 DefE/16 Vel;;spikes/giga_drain/sludge_bomb/rest,synthesis
togekiss_uu_1;togekiss;uu;Physically Defensive;86;leftovers;serene_grace;bold;248 PS/216 Def/44 Vel;;air_slash/roost/heal_bell,thunder_wave/nasty_plot
togekiss_uu_2;togekiss;uu;Specially Defensive;86;leftovers;serene_grace;calm;248 PS/216 DefE/44 Vel;;air_slash/roost/heal_bell,thunder_wave/nasty_plot
scolipede_uu_1;scolipede;uu;Spikes + 3 Attacks;61;focus_sash,life_orb;swarm;jolly;4 PS/252 Atq/252 Vel;;spikes/megahorn/earthquake/rock_slide
scolipede_uu_2;scolipede;uu;Swords Dance;22;life_orb;swarm;jolly;4 PS/252 Atq/252 Vel;;swords_dance/megahorn/earthquake/aqua_tail,rock_slide
whimsicott_uu_1;whimsicott;uu;Prankster;32;leftovers;;impish;252 PS/252 Def/4 DefE;;encore/leech_seed/substitute,u_turn/taunt,stun_spore
krookodile_uu_1;krookodile;uu;Choice Scarf;84;choice_scarf;moxie;jolly,adamant;252 Atq/4 DefE/252 Vel;;earthquake/crunch/stone_edge/pursuit,superpower
exeggutor_uu_1;exeggutor;uu;Sunny Day;64;life_orb,heat_rock;;modest,timid;4 Def/252 AtqE/252 Vel;;sunny_day/solar_beam,grass_knot/hidden_power,psyshock/sleep_powder
exeggutor_uu_2;exeggutor;uu;SubSeed;15;sitrus_berry;harvest;bold;252 PS/252 Def/4 Vel;;leech_seed/protect/substitute/hidden_power,psychic
exeggutor_uu_3;exeggutor;uu;Trick Room;45;life_orb;harvest;quiet;232 PS/24 Def/252 AtqE;;trick_room/sleep_powder/leaf_storm,grass_knot/psyshock,hidden_power
exeggutor_uu_4;exeggutor;uu;Choice Specs;20;choice_specs;;modest,timid;4 PS/252 AtqE/252 Vel;2 Atq/30 AtqE/30 Vel;leaf_storm/psyshock/hidden_power/sleep_powder
qwilfish_uu_1;qwilfish;uu;Utility;77;black_sludge;intimidate;impish;252 PS/204 Def/52 Vel;;spikes/pain_split/waterfall,poison_jab/haze,thunder_wave
qwilfish_uu_2;qwilfish;uu;Fast Spikes Lead;49;focus_sash;intimidate;jolly;252 PS/4 Atq/252 Vel;;spikes/taunt/destiny_bond,explosion/waterfall
raikou_uu_1;raikou;uu;Substitute + Calm Mind;59;leftovers;;timid;4 PS/252 AtqE/252 Vel;;substitute/calm_mind/thunderbolt/hidden_power
raikou_uu_2;raikou;uu;Life Orb;41;life_orb;;timid;4 PS/252 AtqE/252 Vel;;thunderbolt/hidden_power/extrasensory/calm_mind,volt_switch
raikou_uu_3;raikou;uu;Choice Specs;38;choice_specs;;timid;4 PS/252 AtqE/252 Vel;;thunderbolt/volt_switch/hidden_power/extrasensory
raikou_uu_4;raikou;uu;Choice Scarf;36;choice_scarf;;rash,timid;4 PS/252 AtqE/252 Vel;;thunderbolt/volt_switch/hidden_power/aura_sphere,extrasensory
entei_uu_1;entei;uu;Physical Attacker;61;choice_band,life_orb;;adamant;252 Atq/4 AtqE/252 Vel;;flare_blitz/extreme_speed/stone_edge/hidden_power,toxic,flame_charge
entei_uu_2;entei;uu;Calm Mind;25;leftovers,life_orb;;timid;136 PS/120 AtqE/252 Vel;;calm_mind/substitute/flamethrower/hidden_power
entei_uu_3;entei;uu;Sunny Day;26;life_orb,heat_rock;;timid;4 Def/252 AtqE/252 Vel;;sunny_day/calm_mind/fire_blast,flamethrower/solar_beam
suicune_uu_1;suicune;uu;Offensive;62;leftovers,life_orb;;timid,modest;252 AtqE/4 DefE/252 Vel;;hydro_pump,surf/calm_mind/ice_beam/hidden_power
suicune_uu_2;suicune;uu;CroCune;56;leftovers;;bold;252 PS/252 Def/4 DefE;;calm_mind/rest/sleep_talk/scald
suicune_uu_3;suicune;uu;RestTalk;42;leftovers;;bold;252 PS/252 Def/4 DefE;;rest/sleep_talk/scald/roar
swellow_uu_1;swellow;uu;Guts;0;toxic_orb,flame_orb;;jolly;4 PS/252 Atq/252 Vel;;facade/brave_bird/u_turn,pursuit/quick_attack,protect
volbeat_uu_1;volbeat;uu;Baton Pass;0;leftovers;prankster;bold;252 PS/252 Def/4 Vel;;tail_glow/baton_pass/bug_buzz,substitute/thunder_wave,encore
volbeat_uu_2;volbeat;uu;Weather Support;0;damp_rock,heat_rock;prankster;impish;252 PS/252 Def/4 Vel;;rain_dance,sunny_day/thunder_wave/encore/u_turn
crustle_uu_1;crustle;uu;Custap Lead;50;custap_berry;;lonely;252 Atq/252 Vel;;stealth_rock/spikes/stone_edge/x_scissor,toxic
cryogonal_uu_1;cryogonal;uu;Defensive Rapid Spin;49;leftovers;;calm;248 PS/8 Def/252 DefE;;rapid_spin/recover/ice_beam/haze,toxic,reflect
cryogonal_uu_2;cryogonal;uu;Offensive Rapid Spin;79;life_orb,icicle_plate;;timid;40 PS/252 AtqE/216 Vel;;rapid_spin/ice_beam/hidden_power/recover
weezing_uu_1;weezing;uu;Utility;0;black_sludge;;bold;252 PS/252 Def/4 DefE;;flamethrower,haze/thunderbolt,haze/pain_split/will_o_wisp
flygon_uu_1;flygon;uu;Choice Band;47;choice_band;;jolly,adamant;252 Atq/4 DefE/252 Vel;;outrage/earthquake/u_turn/fire_punch
flygon_uu_2;flygon;uu;Choice Scarf;71;choice_scarf;;jolly,adamant;252 Atq/4 DefE/252 Vel;;outrage/earthquake/u_turn/fire_punch,stone_edge
flygon_uu_3;flygon;uu;Physical Life Orb;32;life_orb;;jolly,adamant;252 Atq/4 DefE/252 Vel;;earthquake/dragon_claw,outrage/roost/fire_punch,superpower
gallade_uu_1;gallade;uu;Swords Dance;0;life_orb;justified;adamant;68 PS/252 Atq/188 Vel;;swords_dance/close_combat/ice_punch,stone_edge/shadow_sneak,night_slash
gallade_uu_2;gallade;uu;Choice;0;choice_scarf,choice_band;justified;jolly,adamant;4 PS/252 Atq/252 Vel;;close_combat/ice_punch,stone_edge/zen_headbutt,night_slash/trick
gallade_uu_3;gallade;uu;Bulk Up;0;leftovers;justified;adamant;252 PS/68 Atq/188 Vel;;bulk_up/drain_punch/ice_punch,stone_edge/night_slash,x_scissor
cresselia_uu_1;cresselia;uu;Defensive;40;leftovers;;bold;252 PS/252 Def/4 DefE;;moonlight/psychic/hidden_power,ice_beam/thunder_wave,toxic
cresselia_uu_2;cresselia;uu;Dual Screens;9;light_clay;;bold;252 PS/176 Def/80 DefE;;reflect/light_screen/lunar_dance/psychic,hidden_power
cresselia_uu_3;cresselia;uu;Substitute + Calm Mind;62;leftovers;;timid;252 PS/4 Def/252 Vel;;calm_mind/substitute/psyshock,psychic/hidden_power,ice_beam
venomoth_uu_1;venomoth;uu;QuiverPass;66;black_sludge;wonder_skin;timid;248 PS/8 Def/252 Vel;;quiver_dance/baton_pass/sleep_powder/bug_buzz
arcanine_uu_1;arcanine;uu;Offensive;60;life_orb;flash_fire,intimidate;adamant;72 PS/252 Atq/8 DefE/176 Vel;;flare_blitz/extreme_speed/wild_charge,crunch/close_combat,morning_sun
arcanine_uu_2;arcanine;uu;Physically Defensive;68;leftovers;;impish,bold;248 PS/252 Def/8 DefE;;flare_blitz,flamethrower/extreme_speed,hidden_power/morning_sun/will_o_wisp,toxic
arcanine_uu_3;arcanine;uu;Sunny Day;28;leftovers,life_orb;;modest;192 PS/248 AtqE/4 DefE/64 Vel;;sunny_day/fire_blast,flamethrower/solar_beam/morning_sun
machamp_uu_1;machamp;uu;SubChamp;83;leftovers;no_guard;adamant;212 PS/252 Atq/44 Vel;;substitute/dynamic_punch/stone_edge/thunder_punch,toxic
machamp_uu_2;machamp;uu;Bulk Up;70;leftovers;no_guard;adamant;212 PS/252 Atq/44 Vel;;bulk_up/dynamic_punch/stone_edge/thunder_punch,ice_punch
slowbro_uu_1;slowbro;uu;Calm Mind;63;leftovers;regenerator;bold;248 PS/244 Def/16 AtqE;;calm_mind/scald/psyshock/slack_off
slowbro_uu_2;slowbro;uu;Physical Tank;75;leftovers;regenerator;bold;248 PS/244 Def/16 AtqE;;scald/psyshock/slack_off/thunder_wave,fire_blast
slowbro_uu_3;slowbro;uu;Choice Specs;46;choice_specs;regenerator;modest;252 PS/252 AtqE/4 Vel;;surf,scald/psyshock,psychic/fire_blast/grass_knot,trick
magneton_uu_1;magneton;uu;Steel Killer (Substitute);39;eviolite;;modest;212 PS/120 AtqE/176 Vel;;substitute/magnet_rise/thunderbolt/hidden_power
magneton_uu_2;magneton;uu;Choice Scarf;41;choice_scarf;;modest,timid;4 PS/252 AtqE/252 Vel;;thunderbolt/hidden_power/volt_switch/flash_cannon
magneton_uu_3;magneton;uu;Choice Specs;53;choice_specs;analytic;modest;120 PS/252 AtqE/136 Vel;;thunderbolt/volt_switch/flash_cannon/hidden_power,thunder
kangaskhan_uu_1;kangaskhan;uu;Choice Band;30;choice_band;scrappy;jolly;4 PS/252 Atq/252 Vel;;double_edge/hammer_arm,drain_punch/aqua_tail/earthquake,sucker_punch
kangaskhan_uu_2;kangaskhan;uu;SubPunch;100;leftovers;scrappy;adamant;240 PS/252 Atq/16 Vel;;substitute/focus_punch/return/sucker_punch
scyther_uu_1;scyther;uu;Bulky Swords Dance;45;eviolite;technician;jolly;216 PS/40 Atq/252 Vel;;swords_dance/roost/aerial_ace/brick_break
scyther_uu_2;scyther;uu;Swords Dance Sweeper;60;life_orb;technician;jolly;252 Atq/4 Def/252 Vel;;swords_dance/aerial_ace/brick_break/bug_bite,quick_attack
scyther_uu_3;scyther;uu;Choice Attacker;100;choice_band,choice_scarf;technician;jolly;252 Atq/4 Def/252 Vel;;u_turn/aerial_ace/brick_break,pursuit/quick_attack
jynx_uu_1;jynx;uu;Nasty Plot;50;leftovers,life_orb;dry_skin;timid;4 PS/252 AtqE/252 Vel;;nasty_plot/ice_beam/psyshock,focus_blast/lovely_kiss,substitute
jynx_uu_2;jynx;uu;Calm Mind;38;leftovers;dry_skin;timid;200 PS/56 AtqE/252 Vel;;calm_mind/ice_beam,psyshock/taunt,substitute/lovely_kiss
tauros_uu_1;tauros;uu;Life Orb;0;life_orb;;jolly;4 PS/252 Atq/252 Vel;;double_edge,return,rock_climb/earthquake/rock_slide/zen_headbutt
ditto_uu_1;ditto;uu;REVENGE!;96;choice_scarf;imposter;sassy;252 PS/4 Def/252 DefE;30 AtqE/30 DefE/3 Vel;transform
omastar_uu_1;omastar;uu;Shell Smash;38;life_orb,white_herb;shell_armor;modest,timid;4 Def/252 AtqE/252 Vel;;shell_smash/hydro_pump,surf/ice_beam/hidden_power
omastar_uu_2;omastar;uu;Support;19;leftovers;shell_armor;bold;248 PS/252 Def/8 DefE;;stealth_rock,toxic_spikes/spikes,stealth_rock/scald/ice_beam
kabutops_uu_1;kabutops;uu;Swords Dance;79;life_orb;;jolly,adamant;252 Atq/4 Def/252 Vel;;swords_dance/waterfall/stone_edge/aqua_jet
kabutops_uu_2;kabutops;uu;Support;30;leftovers;;impish;252 PS/68 Atq/188 Def;;rapid_spin/stealth_rock/aqua_jet,waterfall/stone_edge,rock_slide
aerodactyl_uu_1;aerodactyl;uu;Stealth Rock;61;life_orb;pressure;jolly;252 Atq/4 Def/252 Vel;;stealth_rock/stone_edge/earthquake/taunt,roost
aerodactyl_uu_2;aerodactyl;uu;Choice Band;25;choice_band;;jolly;252 Atq/4 Def/252 Vel;;stone_edge/earthquake/aqua_tail/double_edge
snorlax_uu_1;snorlax;uu;Offensive;62;choice_band,leftovers;thick_fat;adamant;252 Atq/52 Def/200 DefE/4 Vel;;return,body_slam/pursuit/earthquake/crunch,fire_punch
snorlax_uu_2;snorlax;uu;Offensive CurseLax;63;leftovers;thick_fat;adamant;80 PS/176 Atq/96 Def/156 DefE;;curse/return/crunch/earthquake,fire_punch
snorlax_uu_3;snorlax;uu;Classic CurseLax;75;leftovers;thick_fat;careful;144 PS/188 Def/176 DefE;;curse/body_slam/earthquake,crunch/rest
snorlax_uu_4;snorlax;uu;RestTalk;65;leftovers;thick_fat;careful;144 PS/188 Def/176 DefE;;rest/sleep_talk/body_slam/whirlwind
mew_uu_1;mew;uu;Nasty Plot;24;life_orb,leftovers;;timid;252 AtqE/4 DefE/252 Vel;;nasty_plot/psyshock,psychic/fire_blast,aura_sphere/giga_drain,dark_pulse
mew_uu_2;mew;uu;Swords Dance;17;life_orb,leftovers;;adamant,jolly;252 Atq/4 DefE/252 Vel;;swords_dance/zen_headbutt/drain_punch/sucker_punch
mew_uu_3;mew;uu;Specially Defensive;33;leftovers;;calm;252 PS/232 DefE/24 Vel;;taunt/will_o_wisp/soft_boiled/psyshock,psychic
crobat_uu_1;crobat;uu;Stallbreaker;53;black_sludge;;jolly;176 PS/192 Atq/4 DefE/136 Vel;;brave_bird/taunt/roost/u_turn,toxic,super_fang
crobat_uu_2;crobat;uu;Choice Band;59;choice_band;infiltrator,inner_focus;jolly,adamant;252 Atq/4 DefE/252 Vel;;brave_bird/u_turn/cross_poison,super_fang/sleep_talk,roost
lanturn_uu_1;lanturn;uu;Special Tank;85;leftovers;;calm;204 PS/96 Def/208 DefE;;scald/volt_switch/heal_bell,toxic/thunder_wave,toxic
lanturn_uu_2;lanturn;uu;Rain Dance;30;damp_rock;;modest;252 AtqE/104 DefE/152 Vel;;rain_dance/volt_switch/thunder,heal_bell/hydro_pump,surf
lanturn_uu_3;lanturn;uu;Choice Specs;30;choice_specs;;modest;252 AtqE/104 DefE/152 Vel;;hydro_pump/volt_switch/ice_beam/thunderbolt,scald
xatu_uu_1;xatu;uu;Support;65;leftovers;magic_bounce;calm,careful;252 PS/240 DefE/16 Vel;;thunder_wave,toxic/roost/u_turn/psychic,night_shade
xatu_uu_2;xatu;uu;Special Attacker;41;life_orb;magic_bounce;modest,timid;32 PS/252 AtqE/8 DefE/216 Vel;;psyshock,psychic/grass_knot/heat_wave/roost
quagsire_uu_1;quagsire;uu;Curse;56;leftovers;unaware;careful;252 PS/4 Def/252 DefE;;curse/recover/earthquake/waterfall,stone_edge
quagsire_uu_2;quagsire;uu;Physically Defensive;85;leftovers;unaware;relaxed;252 PS/252 Def/4 DefE;;recover/scald/toxic/earthquake
umbreon_uu_1;umbreon;uu;Wish Support;83;leftovers;;calm;252 PS/4 Def/252 DefE;;wish/foul_play/heal_bell,toxic,yawn/protect
slowking_uu_1;slowking;uu;Physically Defensive;93;leftovers;regenerator;relaxed;248 PS/12 Atq/248 Def;;scald/dragon_tail/slack_off/thunder_wave
slowking_uu_2;slowking;uu;Utility Counter;93;leftovers;regenerator;sassy;248 PS/12 Atq/72 Def/176 DefE;;scald/dragon_tail/slack_off/thunder_wave,fire_blast
gligar_uu_1;gligar;uu;Defensive;97;eviolite;immunity;impish;252 PS/252 Def/4 Vel;;roost/earthquake/u_turn,toxic/toxic,taunt,stealth_rock
heracross_uu_1;heracross;uu;Choice Scarf;73;choice_scarf;moxie,guts;jolly,adamant;252 Atq/4 Def/252 Vel;;close_combat/megahorn/stone_edge/earthquake,sleep_talk
heracross_uu_2;heracross;uu;Swords Dance;54;leftovers;guts;jolly,adamant;252 Atq/4 Def/252 Vel;;swords_dance/close_combat/megahorn/stone_edge
heracross_uu_3;heracross;uu;Choice Band;71;choice_band;guts;adamant,jolly;252 Atq/4 Def/252 Vel;;close_combat/megahorn/stone_edge/sleep_talk,earthquake
heracross_uu_4;heracross;uu;Substitute;53;leftovers;moxie,guts;jolly,adamant;252 Atq/4 Def/252 Vel;;substitute/close_combat/megahorn/stone_edge
houndoom_uu_1;houndoom;uu;Mixed Attacker;79;life_orb;flash_fire;hasty;252 Atq/4 AtqE/252 Vel;;pursuit/sucker_punch/fire_blast/crunch,hidden_power
houndoom_uu_2;houndoom;uu;Nasty Plot;77;life_orb;flash_fire;timid;252 AtqE/4 DefE/252 Vel;;nasty_plot/fire_blast/dark_pulse/hidden_power
kingdra_uu_1;kingdra;uu;Substitute + Dragon Dance;29;lum_berry,leftovers;swift_swim,sniper;adamant;252 Atq/4 DefE/252 Vel;;substitute/dragon_dance/outrage/waterfall
kingdra_uu_2;kingdra;uu;Rain Dance Sweeper;39;life_orb;;modest;252 AtqE/4 DefE/252 Vel;;rain_dance/hydro_pump/draco_meteor/dragon_pulse,surf
kingdra_uu_3;kingdra;uu;Offensive Dragon Dance;41;life_orb;swift_swim,sniper;adamant,lonely;252 Atq/4 DefE/252 Vel;;dragon_dance/outrage/waterfall/rain_dance,draco_meteor
kingdra_uu_4;kingdra;uu;Choice Specs;61;choice_specs;swift_swim,sniper;modest,timid;252 AtqE/4 DefE/252 Vel;;draco_meteor/hydro_pump,surf/dragon_pulse/hidden_power,surf
kingdra_uu_5;kingdra;uu;ChestoRest;26;chesto_berry;swift_swim,sniper;adamant;252 Atq/4 DefE/252 Vel;;rest/dragon_dance/outrage/waterfall
porygon2_uu_1;porygon2;uu;Duck Tank;74;eviolite;download,analytic;modest,quiet;252 PS/4 Def/252 AtqE;;tri_attack/ice_beam/discharge,thunderbolt/recover
porygon2_uu_2;porygon2;uu;Defensive Duck;67;eviolite;;bold,calm;252 PS/176 Def/80 DefE;;ice_beam/discharge,thunderbolt/toxic,thunder_wave/recover
porygon2_uu_3;porygon2;uu;Trick Room;72;eviolite;download,trace;quiet;252 PS/252 AtqE/4 DefE;;trick_room/thunderbolt/ice_beam,tri_attack/recover
smeargle_uu_1;smeargle;uu;Spikes;69;focus_sash;;jolly;4 PS/252 Def/252 Vel;;spikes/spore/magic_coat/stealth_rock,endeavor
ludicolo_uu_1;ludicolo;uu;Rain Dance Sweeper;53;life_orb;;modest,timid;4 PS/252 AtqE/252 Vel;;hydro_pump,surf/giga_drain/ice_beam/rain_dance
ludicolo_uu_2;ludicolo;uu;Swords Dance;44;life_orb;;adamant,jolly;4 PS/252 Atq/252 Vel;;swords_dance/waterfall/seed_bomb,bullet_seed/ice_punch,rain_dance
ninjask_uu_1;ninjask;uu;Baton Pass;0;focus_sash,leftovers;;adamant;248 PS/192 Atq/68 Vel;;swords_dance/baton_pass/substitute/x_scissor,protect
hariyama_uu_1;hariyama;uu;Guts;61;toxic_orb,flame_orb;guts;adamant;252 Atq/172 Def/84 Vel;;fake_out,ice_punch/close_combat/stone_edge/bullet_punch
hariyama_uu_2;hariyama;uu;RestTalk;3;leftovers;;careful,impish;12 PS/244 Def/252 DefE;;whirlwind/rest/sleep_talk/force_palm
hariyama_uu_3;hariyama;uu;Bulk Up;14;leftovers;;adamant;4 PS/252 Atq/252 DefE;;bulk_up/force_palm/stone_edge/ice_punch
hariyama_uu_4;hariyama;uu;SubPunch;11;leftovers;;adamant;4 PS/252 Atq/252 DefE;;substitute/focus_punch/stone_edge/bulk_up,payback
sableye_uu_1;sableye;uu;Prankster;85;leftovers;prankster;calm;252 PS/120 Def/136 DefE;;recover/will_o_wisp/taunt/foul_play,night_shade
aggron_uu_1;aggron;uu;Choice Band;45;choice_band;rock_head;jolly,adamant;4 PS/252 Atq/252 Vel;;head_smash/heavy_slam/earthquake/aqua_tail,superpower
aggron_uu_2;aggron;uu;Autotomize;31;life_orb,chople_berry;rock_head;adamant,jolly;4 PS/252 Atq/252 Vel;;autotomize/head_smash/aqua_tail/low_kick,magnet_rise
medicham_uu_1;medicham;uu;Choice Band;59;choice_band;;adamant,jolly;252 Atq/4 DefE/252 Vel;;high_jump_kick/psycho_cut/ice_punch/trick,thunder_punch
sharpedo_uu_1;sharpedo;uu;Physical Attacker;85;life_orb;speed_boost;adamant;252 Atq/4 DefE/252 Vel;;protect/waterfall/crunch/earthquake
sharpedo_uu_2;sharpedo;uu;Special Attacker;57;life_orb;speed_boost;modest;252 AtqE/4 DefE/252 Vel;;protect/hydro_pump,surf/dark_pulse/ice_beam
altaria_uu_1;altaria;uu;Offensive Dragon Dance;37;life_orb;;adamant,jolly;252 Atq/4 Def/252 Vel;;dragon_dance/outrage/earthquake/roost
altaria_uu_2;altaria;uu;Bulky Dragon Dance;36;leftovers;;careful;252 PS/16 Atq/176 DefE/64 Vel;;dragon_dance/roost/dragon_claw/heal_bell,safeguard
altaria_uu_3;altaria;uu;Support;34;leftovers;;calm;252 PS/4 Def/252 DefE;;dragon_pulse/heal_bell/roost/perish_song,toxic,flamethrower
crawdaunt_uu_1;crawdaunt;uu;Dragon Dance;70;life_orb;adaptability;jolly,adamant;12 PS/252 Atq/244 Vel;;dragon_dance/waterfall/crunch/superpower,taunt,substitute
claydol_uu_1;claydol;uu;Support;60;leftovers;;sassy,careful;252 PS/4 Def/252 DefE;;rapid_spin/stealth_rock/earthquake/ice_beam,toxic
ambipom_uu_1;ambipom;uu;All-Out Attacker;31;life_orb;;jolly;252 Atq/4 DefE/252 Vel;;fake_out/return/low_kick/beat_up,shadow_claw
ambipom_uu_2;ambipom;uu;Choice Band;26;choice_band;;jolly;252 Atq/4 DefE/252 Vel;;return/low_kick/beat_up,pursuit/switcheroo,u_turn
drifblim_uu_1;drifblim;uu;AcroBlimp;0;flying_gem;unburden;adamant;200 Atq/104 Def/204 Vel;;acrobatics/substitute/destiny_bond/will_o_wisp
drifblim_uu_2;drifblim;uu;ChestoRest;0;chesto_berry;unburden;modest;252 Def/108 AtqE/148 Vel;;calm_mind/rest/shadow_ball/thunderbolt,hidden_power
mismagius_uu_1;mismagius;uu;Nasty Plot;50;life_orb,leftovers;;timid;4 PS/252 AtqE/252 Vel;;nasty_plot/shadow_ball/hidden_power/thunderbolt,taunt
mismagius_uu_2;mismagius;uu;Defensive;39;leftovers;;bold;236 PS/176 Def/96 Vel;;will_o_wisp,thunder_wave/heal_bell,taunt,perish_song/pain_split/shadow_ball
mismagius_uu_3;mismagius;uu;Substitute + Calm Mind;38;leftovers;;timid;4 PS/252 AtqE/252 Vel;;substitute/calm_mind/shadow_ball/hidden_power
honchkrow_uu_1;honchkrow;uu;Life Orb;68;life_orb;moxie;adamant;252 Atq/4 DefE/252 Vel;;sucker_punch/brave_bird/superpower,substitute/roost,heat_wave,pursuit
honchkrow_uu_2;honchkrow;uu;Choice Scarf;67;choice_scarf;moxie;jolly,naive;252 Atq/4 DefE/252 Vel;;brave_bird/night_slash/superpower/drill_peck,pursuit,hidden_power
bronzong_uu_1;bronzong;uu;Tank;66;leftovers;;relaxed;252 PS/252 Def/4 DefE;;stealth_rock/gyro_ball/toxic/earthquake
bronzong_uu_2;bronzong;uu;Dual Screen;16;light_clay;;relaxed;252 PS/252 Def/4 DefE;;reflect/light_screen/gyro_ball/earthquake,stealth_rock
spiritomb_uu_1;spiritomb;uu;Choice Band;0;choice_band;;adamant;252 PS/252 Atq/4 Def;;shadow_sneak/pursuit/sucker_punch/trick
spiritomb_uu_2;spiritomb;uu;Defensive;0;leftovers;;sassy;252 PS/116 Def/140 DefE;;dark_pulse/will_o_wisp/pursuit/pain_split,rest,shadow_sneak
spiritomb_uu_3;spiritomb;uu;Calm Mind;0;leftovers;;bold;252 PS/252 Def/4 DefE;;calm_mind/dark_pulse/rest/sleep_talk,hidden_power
drapion_uu_1;drapion;uu;Support;31;leftovers;;careful;252 PS/4 Def/252 DefE;;toxic_spikes/taunt/crunch/whirlwind
drapion_uu_2;drapion;uu;Physical Attacker;31;life_orb,choice_band;sniper;jolly;4 PS/252 Atq/252 Vel;;pursuit/earthquake/aqua_tail/crunch,toxic_spikes
drapion_uu_3;drapion;uu;Swords Dance;44;life_orb;sniper;jolly;4 PS/252 Atq/252 Vel;;swords_dance/crunch/earthquake/aqua_tail,taunt
abomasnow_uu_1;abomasnow;uu;SubSeed;85;leftovers;soundproof;calm;248 PS/252 DefE/8 Vel;;substitute/leech_seed/ice_beam/giga_drain,synthesis,ice_shard
weavile_uu_1;weavile;uu;Swords Dance;44;life_orb;;jolly;252 Atq/4 DefE/252 Vel;;swords_dance/ice_shard/night_slash/low_kick
weavile_uu_2;weavile;uu;Physical Attacker;57;choice_band,life_orb;;jolly;252 Atq/4 DefE/252 Vel;;pursuit/ice_shard/low_kick/ice_punch,night_slash
rhyperior_uu_1;rhyperior;uu;Tank;85;leftovers;solid_rock;adamant;248 PS/16 Atq/244 DefE;;stealth_rock/earthquake/rock_blast,stone_edge/dragon_tail
rhyperior_uu_2;rhyperior;uu;Choice Band;46;choice_band;solid_rock;adamant;96 PS/252 Atq/160 Vel;;stone_edge/earthquake/megahorn/ice_punch,rock_blast
rhyperior_uu_3;rhyperior;uu;Rock Polish;36;life_orb;solid_rock;jolly;252 Atq/4 DefE/252 Vel;;rock_polish/earthquake/stone_edge/megahorn
tangrowth_uu_1;tangrowth;uu;Tank;52;leftovers;regenerator,chlorophyll;relaxed,impish,bold;252 PS/252 Def/4 DefE;;power_whip,giga_drain/earthquake,hidden_power/sleep_powder/leech_seed,synthesis
tangrowth_uu_2;tangrowth;uu;Sweeper;34;life_orb;;adamant,naughty;252 Atq/4 AtqE/252 Vel;;swords_dance,growth/power_whip/earthquake/rock_slide,hidden_power
yanmega_uu_1;yanmega;uu;Choice Specs;85;choice_specs;tinted_lens;timid,modest;252 AtqE/4 DefE/252 Vel;;bug_buzz/air_slash/psychic/u_turn,sleep_talk
yanmega_uu_2;yanmega;uu;Life Orb;41;life_orb;;modest;252 AtqE/4 DefE/252 Vel;;bug_buzz/air_slash/protect/hidden_power,giga_drain
porygon_z_uu_1;porygon_z;uu;Agility;47;life_orb;download;modest;96 PS/252 AtqE/160 Vel;;agility/tri_attack/dark_pulse/hidden_power
porygon_z_uu_2;porygon_z;uu;Choice Scarf;43;choice_scarf;;timid,modest;4 PS/252 AtqE/252 Vel;;tri_attack/dark_pulse/hidden_power/trick
porygon_z_uu_3;porygon_z;uu;Choice Specs;43;choice_specs;;modest,timid;4 PS/252 AtqE/252 Vel;;tri_attack/dark_pulse/hidden_power/trick
porygon_z_uu_4;porygon_z;uu;Nasty Plot;41;life_orb;;timid;4 PS/252 AtqE/252 Vel;;nasty_plot/tri_attack/dark_pulse/hidden_power
rotom_uu_1;rotom;uu;Choice;35;choice_scarf,choice_specs;;timid,modest;252 AtqE/4 DefE/252 Vel;;volt_switch,thunderbolt/shadow_ball/hidden_power/trick
rotom_uu_2;rotom;uu;Physically Defensive;65;leftovers;;bold;252 PS/252 Def/4 DefE;;will_o_wisp/pain_split/thunderbolt,discharge/shadow_ball,toxic
rotom_uu_3;rotom;uu;Dual Screens;30;light_clay;;timid;252 PS/4 Def/252 Vel;;light_screen/reflect/volt_switch/will_o_wisp,shadow_ball
rotom_heat_uu_1;rotom_heat;uu;Choice Specs;53;choice_specs;;timid,modest;252 AtqE/4 DefE/252 Vel;;overheat/volt_switch,thunderbolt/hidden_power/trick
rotom_heat_uu_2;rotom_heat;uu;Choice Scarf;49;choice_scarf;;timid,modest;252 AtqE/4 DefE/252 Vel;;overheat/volt_switch,thunderbolt/hidden_power/trick
rotom_heat_uu_3;rotom_heat;uu;Non-Choice Attacker;46;leftovers;;timid;252 AtqE/4 DefE/252 Vel;;overheat/volt_switch,thunderbolt/will_o_wisp,hidden_power/pain_split
rotom_mow_uu_1;rotom_mow;uu;Choice Scarf;52;choice_scarf;;timid,modest;252 AtqE/4 DefE/252 Vel;;leaf_storm/volt_switch/thunderbolt,hidden_power/trick
rotom_mow_uu_2;rotom_mow;uu;Defensive;50;leftovers;;bold;252 PS/252 Def/4 Vel;;leaf_storm/volt_switch,thunderbolt/pain_split/will_o_wisp,thunder_wave
rotom_mow_uu_3;rotom_mow;uu;Choice Specs;43;choice_specs;;timid;252 AtqE/4 DefE/252 Vel;;leaf_storm/volt_switch/thunderbolt,hidden_power/trick
rotom_mow_uu_4;rotom_mow;uu;Non-Choice Attacker;50;expert_belt,leftovers;;timid;252 AtqE/4 DefE/252 Vel;;leaf_storm/volt_switch,thunderbolt/will_o_wisp,hidden_power/pain_split
uxie_uu_1;uxie;uu;Dual Screens;23;light_clay;;bold;252 PS/252 Def/4 DefE;;light_screen/reflect/memento,u_turn/yawn,psychic
uxie_uu_2;uxie;uu;Support;49;leftovers;;bold;252 PS/252 Def/4 DefE;;stealth_rock/u_turn/thunder_wave/psychic,heal_bell,yawn
uxie_uu_3;uxie;uu;Substitute + Calm Mind;34;leftovers;;timid;96 PS/188 AtqE/224 Vel;;calm_mind/substitute/psychic,psyshock/thunderbolt
uxie_uu_4;uxie;uu;Field Supporter;46;damp_rock,heat_rock,leftovers;;bold,relaxed;252 PS/252 Def/4 DefE;;rain_dance,sunny_day,trick_room/u_turn/stealth_rock/psychic,heal_bell
mesprit_uu_1;mesprit;uu;Trick Room;34;life_orb,leftovers;;quiet;252 PS/4 Def/252 AtqE;;trick_room/psychic/thunderbolt/healing_wish,u_turn
mesprit_uu_2;mesprit;uu;Support;47;leftovers;;bold;252 PS/252 Def/4 Vel;;stealth_rock/psychic/grass_knot,ice_beam/u_turn
mesprit_uu_3;mesprit;uu;Weather Support;10;damp_rock;;modest;252 PS/252 AtqE/4 Vel;;rain_dance/psychic/thunder/healing_wish,u_turn
azelf_uu_1;azelf;uu;Nasty Plot;10;life_orb;;timid;252 AtqE/4 DefE/252 Vel;;nasty_plot/psychic,psyshock/fire_blast,flamethrower/thunderbolt,grass_knot
azelf_uu_2;azelf;uu;All-Out Attacker;21;life_orb;;timid;252 AtqE/4 DefE/252 Vel;;psychic,psyshock/fire_blast,flamethrower/shadow_ball/stealth_rock,u_turn,grass_knot
azelf_uu_3;azelf;uu;Dual Screens;28;light_clay;;timid,jolly;252 PS/4 DefE/252 Vel;;reflect/light_screen/taunt,u_turn/stealth_rock,u_turn
azelf_uu_4;azelf;uu;Choice Band;1;choice_band;;jolly;252 Atq/4 DefE/252 Vel;;zen_headbutt/fire_punch/ice_punch/u_turn,trick
shaymin_uu_1;shaymin;uu;Life Orb;52;life_orb;;timid;252 AtqE/4 DefE/252 Vel;;seed_flare/earth_power/psychic,hidden_power,air_slash/synthesis,rest
shaymin_uu_2;shaymin;uu;Leech Seed;38;leftovers,life_orb;;timid;252 AtqE/4 DefE/252 Vel;;leech_seed/seed_flare/psychic,hidden_power,air_slash/substitute,protect
victini_uu_1;victini;uu;Choice Band;60;choice_band;;jolly;252 Atq/4 DefE/252 Vel;;v_create/bolt_strike/u_turn/trick,zen_headbutt
victini_uu_2;victini;uu;All-out Attacker;31;expert_belt,charcoal;;naive,timid;252 AtqE/4 DefE/252 Vel;;v_create,blue_flare/grass_knot/u_turn,thunder/psychic,focus_blast,thunder
victini_uu_3;victini;uu;Choice Scarf;62;choice_scarf;;jolly;252 Atq/4 DefE/252 Vel;;v_create/bolt_strike/u_turn/trick,flare_blitz
lilligant_uu_1;lilligant;uu;Quiver Dance;80;life_orb,lum_berry;;modest,timid;252 AtqE/4 DefE/252 Vel;;quiver_dance/sleep_powder/giga_drain,petal_dance/hidden_power
darmanitan_uu_1;darmanitan;uu;Physical Attacker;61;life_orb;;jolly,adamant;252 Atq/4 DefE/252 Vel;;flare_blitz/rock_slide/superpower/u_turn
darmanitan_uu_2;darmanitan;uu;Choice Scarf;73;choice_scarf;;jolly,adamant;252 Atq/4 DefE/252 Vel;;flare_blitz/u_turn/rock_slide,earthquake/superpower,fire_punch
scrafty_uu_1;scrafty;uu;Dragon Dance;46;lum_berry,life_orb;moxie,shed_skin;jolly;252 Atq/4 DefE/252 Vel;;dragon_dance/high_jump_kick,drain_punch/crunch/ice_punch,zen_headbutt
scrafty_uu_2;scrafty;uu;Bulk Up;82;leftovers;;careful;252 PS/4 Atq/252 DefE;;bulk_up/drain_punch/crunch/rest
scrafty_uu_3;scrafty;uu;Choice Band;31;choice_band;intimidate;adamant;232 PS/252 Atq/4 DefE/20 Vel;;high_jump_kick/crunch/ice_punch,stone_edge/drain_punch,zen_headbutt
sigilyph_uu_1;sigilyph;uu;Bulky Sweeper;71;flame_orb;magic_guard;bold;252 PS/252 Def/4 Vel;;cosmic_power,calm_mind/psycho_shift/stored_power/roost
sigilyph_uu_2;sigilyph;uu;Offensive;44;life_orb;magic_guard;timid;252 AtqE/4 DefE/252 Vel;;psyshock,psychic/air_slash,ice_beam/heat_wave/roost,hidden_power
cofagrigus_uu_1;cofagrigus;uu;Offensive Trick Room;50;leftovers;;quiet;248 PS/8 Def/252 AtqE;2 Atq/30 Def/30 AtqE/30 DefE/2 Vel;shadow_ball/hidden_power/nasty_plot/trick_room
cofagrigus_uu_2;cofagrigus;uu;Defensive;62;leftovers;;bold;248 PS/252 Def/8 DefE;;will_o_wisp/shadow_ball/pain_split/haze,knock_off
carracosta_uu_1;carracosta;uu;Shell Smash;0;white_herb;;jolly;52 PS/252 Atq/204 Vel;;shell_smash/waterfall/stone_edge/aqua_jet,earthquake
carracosta_uu_2;carracosta;uu;Choice Band;0;choice_band;;adamant;252 PS/252 Atq/4 Def;;waterfall,aqua_tail/stone_edge/earthquake,crunch/aqua_jet
archeops_uu_1;archeops;uu;Acrobatics;42;flying_gem;;jolly;252 Atq/4 Def/252 Vel;;acrobatics/stone_edge/earthquake/u_turn
archeops_uu_2;archeops;uu;Choice Band;38;choice_band;;jolly;252 Atq/4 Def/252 Vel;;stone_edge/earthquake/u_turn/aerial_ace,crunch
zoroark_uu_1;zoroark;uu;Choice Specs;56;choice_specs;;timid;252 AtqE/4 DefE/252 Vel;;dark_pulse,night_daze/flamethrower/focus_blast/trick
cinccino_uu_1;cinccino;uu;Physical Attacker;0;life_orb,choice_band;skill_link;jolly;252 Atq/4 DefE/252 Vel;;tail_slap/rock_blast/bullet_seed/u_turn
escavalier_uu_1;escavalier;uu;Offensive;70;choice_band;;adamant;248 PS/252 Atq/8 DefE;;megahorn/iron_head/pursuit/return
escavalier_uu_2;escavalier;uu;Defensive;45;leftovers,chesto_berry;;careful;248 PS/8 Atq/252 DefE;;megahorn/iron_head/pursuit/toxic,rest
amoonguss_uu_1;amoonguss;uu;Physically Defensive;71;leftovers;regenerator;bold;252 PS/252 Def/4 AtqE;;spore/giga_drain/clear_smog,sludge_bomb/stun_spore,synthesis
amoonguss_uu_2;amoonguss;uu;Offensive;55;life_orb;regenerator;modest;120 PS/128 Def/252 AtqE/8 Vel;;spore/giga_drain/sludge_bomb/hidden_power,stun_spore
alomomola_uu_1;alomomola;uu;Wish Support;75;leftovers;regenerator;bold;252 PS/252 Def/4 DefE;;wish/protect/toxic/scald
galvantula_uu_1;galvantula;uu;Special Attacker;17;life_orb;;timid;252 AtqE/4 DefE/252 Vel;;thunder/bug_buzz/hidden_power/energy_ball,substitute
ferroseed_uu_1;ferroseed;uu;Spiker;83;eviolite;;sassy;252 PS/4 Def/252 DefE;;spikes,stealth_rock/leech_seed/thunder_wave,protect/gyro_ball
eelektross_uu_1;eelektross;uu;Offensive;0;life_orb,expert_belt;;quiet,modest;172 PS/252 AtqE/84 Vel;;thunderbolt/flamethrower/giga_drain,grass_knot/superpower,hidden_power
eelektross_uu_2;eelektross;uu;Coil;0;leftovers;;adamant;252 PS/16 Atq/240 DefE;;coil/thunder_punch/drain_punch/dragon_tail,aqua_tail
accelgor_uu_1;accelgor;uu;Suicide Spiker;79;focus_sash;sticky_hold,unburden;timid;4 PS/252 AtqE/252 Vel;;spikes/bug_buzz/focus_blast/yawn,u_turn,final_gambit
accelgor_uu_2;accelgor;uu;All-Out Attacker;19;life_orb,choice_specs;sticky_hold;modest;4 PS/252 AtqE/252 Vel;;bug_buzz/focus_blast/hidden_power/acid_spray,giga_drain,u_turn
mienshao_uu_1;mienshao;uu;Choice Scarf;74;choice_scarf;regenerator,reckless;jolly;252 Atq/4 DefE/252 Vel;;high_jump_kick/stone_edge/u_turn/aerial_ace
mienshao_uu_2;mienshao;uu;All-out Attacker;81;life_orb;regenerator;naive,hasty,jolly;252 Atq/4 DefE/252 Vel;;high_jump_kick/stone_edge/u_turn/hidden_power,fake_out
druddigon_uu_1;druddigon;uu;Choice Band;38;choice_band;mold_breaker;adamant;152 PS/252 Atq/4 DefE/100 Vel;;outrage/earthquake/sucker_punch/dragon_claw,superpower
druddigon_uu_2;druddigon;uu;Bulky Paralysis Shuffler;43;leftovers,rocky_helmet;;impish;252 PS/4 Atq/252 Def;;stealth_rock/dragon_tail,roar/glare/dragon_claw
golurk_uu_1;golurk;uu;Tank;53;leftovers;;adamant;252 PS/252 Atq/4 DefE;;stealth_rock/earthquake/fire_punch/shadow_punch
bisharp_uu_1;bisharp;uu;Swords Dance;51;leftovers;;adamant;52 PS/252 Atq/204 Vel;;swords_dance/sucker_punch/substitute/low_kick,iron_head
bouffalant_uu_1;bouffalant;uu;Swords Dance;30;lum_berry,leftovers;;adamant;252 PS/252 Atq/4 Def;;swords_dance/head_charge,return/earthquake/wild_charge,taunt,megahorn
bouffalant_uu_2;bouffalant;uu;Choice Band;40;choice_band;;adamant;252 PS/252 Atq/4 Def;;head_charge/earthquake/wild_charge,pursuit/megahorn
braviary_uu_1;braviary;uu;Choice Scarf;0;choice_scarf;defiant;jolly,adamant;252 Atq/4 DefE/252 Vel;;brave_bird/return/superpower/u_turn
braviary_uu_2;braviary;uu;Wallbreaker;0;choice_band,life_orb;defiant;adamant,jolly;252 Atq/4 DefE/252 Vel;;brave_bird/return/superpower/u_turn
mandibuzz_uu_1;mandibuzz;uu;Specially Defensive;0;leftovers;overcoat;careful;248 PS/8 Def/252 DefE;;roost/toxic/whirlwind,brave_bird/taunt,u_turn
durant_uu_1;durant;uu;Hone Claws;70;life_orb,lum_berry;hustle;jolly;4 PS/252 Atq/252 Vel;;hone_claws/x_scissor/rock_slide/iron_head,superpower
durant_uu_2;durant;uu;Choice Band;72;choice_band;hustle;jolly;4 PS/252 Atq/252 Vel;;x_scissor/rock_slide/iron_head/superpower
cobalion_uu_1;cobalion;uu;Swords Dance;17;life_orb,lum_berry;;naive,jolly;4 PS/252 Atq/252 Vel;;swords_dance/close_combat/stone_edge/hidden_power,x_scissor
cobalion_uu_2;cobalion;uu;Calm Mind;23;leftovers;;timid;4 PS/252 AtqE/252 Vel;;calm_mind/focus_blast/hidden_power/flash_cannon,substitute
cobalion_uu_3;cobalion;uu;Utility;52;leftovers;;jolly,naive;248 PS/28 Atq/232 Vel;;stealth_rock/sacred_sword,close_combat/volt_switch/toxic,hidden_power
virizion_uu_1;virizion;uu;Swords Dance;67;life_orb,lum_berry;;jolly;4 PS/252 Atq/252 Vel;;swords_dance/leaf_blade/close_combat/stone_edge
virizion_uu_2;virizion;uu;Calm Mind;11;life_orb,leftovers;;timid;20 PS/252 AtqE/236 Vel;;calm_mind/giga_drain/focus_blast/hidden_power
tornadus_uu_1;tornadus;uu;Mixed Attacker;35;life_orb;;naive;252 AtqE/4 DefE/252 Vel;;rain_dance/hurricane/grass_knot/superpower
tornadus_uu_2;tornadus;uu;Bulk Up;12;flying_gem;;jolly;252 Atq/4 Def/252 Vel;;bulk_up/acrobatics/superpower/taunt,substitute
tornadus_uu_3;tornadus;uu;Rain Dance;47;damp_rock;;naive;252 AtqE/4 DefE/252 Vel;;rain_dance/hurricane/taunt/superpower
meloetta_uu_1;meloetta;uu;Offensive Calm Mind;53;life_orb,leftovers;;timid;4 PS/252 AtqE/252 Vel;;calm_mind/psychic,psyshock/shadow_ball/focus_blast,thunderbolt,grass_knot
meloetta_uu_2;meloetta;uu;Choice Specs;46;choice_specs;;timid;4 PS/252 AtqE/252 Vel;;psychic/focus_blast/shadow_ball,thunderbolt/u_turn,trick
meloetta_uu_3;meloetta;uu;Substitute + Calm Mind;42;leftovers;;modest;172 PS/232 AtqE/104 Vel;;substitute/calm_mind/psychic,psyshock/hyper_voice,thunderbolt,focus_blast
charizard_ru_1;charizard;ru;Swords Dance;16;flying_gem;;jolly;252 Atq/4 Def/252 Vel;;swords_dance/acrobatics/earthquake/fire_punch,flare_blitz,roost
charizard_ru_2;charizard;ru;Solar Power;23;flame_plate,leftovers;solar_power;timid;4 Def/252 AtqE/252 Vel;;sunny_day/fire_blast/solar_beam/roost,air_slash
butterfree_ru_1;butterfree;ru;Quiver Dance;0;leftovers,life_orb;tinted_lens,compound_eyes;timid;252 AtqE/4 DefE/252 Vel;;sleep_powder/quiver_dance/bug_buzz/substitute,hidden_power
butterfree_ru_2;butterfree;ru;Choice Scarf;0;choice_scarf;;timid;252 AtqE/4 DefE/252 Vel;;sleep_powder/stun_spore/bug_buzz/u_turn
clefable_ru_1;clefable;ru;Support;51;leftovers;magic_guard;calm;252 PS/4 Def/252 DefE;;wish/protect,soft_boiled/seismic_toss/heal_bell,stealth_rock,encore
clefable_ru_2;clefable;ru;Tank;60;life_orb;magic_guard;brave;252 PS/252 Atq/4 AtqE;;double_edge/grass_knot,flamethrower/stealth_rock,wish/soft_boiled,protect
clefable_ru_3;clefable;ru;Wallbreaker;46;life_orb;magic_guard;brave;4 PS/252 Atq/252 AtqE;;double_edge/grass_knot/fire_blast/soft_boiled
clefable_ru_4;clefable;ru;Calm Mind;44;life_orb;magic_guard;modest;252 PS/252 AtqE/4 Vel;;calm_mind/thunderbolt/ice_beam/soft_boiled
vileplume_ru_1;vileplume;ru;Support;0;black_sludge;effect_spore;bold;252 PS/252 Def/4 DefE;;aromatherapy/giga_drain/sludge_bomb/moonlight
vileplume_ru_2;vileplume;ru;Special Attacker;0;life_orb,black_sludge;effect_spore;modest;92 PS/252 AtqE/164 Vel;;sleep_powder/giga_drain/sludge_bomb/moonlight
poliwrath_ru_1;poliwrath;ru;Physically Defensive;23;leftovers;;relaxed;252 PS/4 Atq/252 Def;;protect,rest/toxic,sleep_talk/scald/circle_throw
poliwrath_ru_2;poliwrath;ru;SubPunch;21;leftovers;;adamant;160 PS/252 Atq/96 Vel;;substitute/focus_punch/waterfall/bulk_up,encore
victreebel_ru_1;victreebel;ru;Mixed Growth;68;life_orb;;rash;200 Atq/56 AtqE/252 Vel;;leaf_blade/weather_ball/sludge_bomb/growth
articuno_ru_1;articuno;ru;Specially Defensive;19;leftovers;;calm;248 PS/176 DefE/84 Vel;;ice_beam/roost/substitute/roar,toxic
moltres_ru_1;moltres;ru;Life Orb;69;life_orb;;timid;4 Def/252 AtqE/252 Vel;;fire_blast/hurricane/hidden_power,substitute/roost
moltres_ru_2;moltres;ru;Choice Specs;44;choice_specs;;timid;4 Def/252 AtqE/252 Vel;;fire_blast/hurricane/hidden_power/u_turn
moltres_ru_3;moltres;ru;Agility;47;life_orb;;modest;4 Def/252 AtqE/252 Vel;;agility/hurricane/flamethrower/roost,hidden_power
moltres_ru_4;moltres;ru;Defensive SubRoost;15;leftovers;;timid;248 PS/32 Def/228 Vel;;substitute/roost/toxic/flamethrower
moltres_ru_5;moltres;ru;Choice Scarf;32;choice_scarf;;timid;4 Def/252 AtqE/252 Vel;;hurricane/fire_blast/u_turn/sleep_talk,flamethrower
meganium_ru_1;meganium;ru;Support;0;leftovers;;calm;252 PS/4 Def/252 DefE;;aromatherapy/dragon_tail/giga_drain/synthesis,toxic
typhlosion_ru_1;typhlosion;ru;Choice Specs;54;choice_specs;;timid;252 AtqE/4 DefE/252 Vel;;eruption/fire_blast/focus_blast/hidden_power
typhlosion_ru_2;typhlosion;ru;Choice Scarf;46;choice_scarf;;timid;252 AtqE/4 DefE/252 Vel;;eruption/fire_blast/focus_blast/hidden_power
typhlosion_ru_3;typhlosion;ru;Sunny Day;7;life_orb;;timid;252 AtqE/4 DefE/252 Vel;;sunny_day/fire_blast/solar_beam/hidden_power
feraligatr_ru_1;feraligatr;ru;Swords Dance;42;life_orb;;adamant;104 PS/252 Atq/152 Vel;;swords_dance/aqua_jet/waterfall/return,crunch
feraligatr_ru_2;feraligatr;ru;Dragon Dance;16;life_orb;;jolly,adamant;252 Atq/4 Def/252 Vel;;dragon_dance/waterfall/ice_punch/earthquake,crunch
hitmonlee_ru_1;hitmonlee;ru;Unburden;35;fighting_gem,normal_gem;unburden;adamant;4 PS/252 Atq/252 Vel;;close_combat,high_jump_kick/stone_edge/mach_punch,fake_out/return,earthquake
hitmonlee_ru_2;hitmonlee;ru;Life Orb;22;life_orb;reckless;jolly,adamant;4 PS/252 Atq/252 Vel;;high_jump_kick/sucker_punch,mach_punch/double_edge,stone_edge/earthquake
hitmonlee_ru_3;hitmonlee;ru;Reversal Sweeper;10;liechi_berry;unburden;adamant;4 PS/252 Atq/252 Vel;;reversal/endure/stone_edge/earthquake,mach_punch
hitmonchan_ru_1;hitmonchan;ru;Life Orb;70;life_orb;iron_fist;adamant;4 PS/252 Atq/252 Vel;;drain_punch,close_combat/mach_punch/thunder_punch/ice_punch,rapid_spin
sceptile_ru_1;sceptile;ru;Substitute + 3 Attacks;15;life_orb;;timid;4 PS/252 AtqE/252 Vel;;substitute/giga_drain/focus_blast/hidden_power
sceptile_ru_2;sceptile;ru;All-Out Attacker;16;life_orb,choice_specs;;timid;4 PS/252 AtqE/252 Vel;;leaf_storm/focus_blast/hidden_power/giga_drain
sceptile_ru_3;sceptile;ru;Swords Dance;68;flying_gem,life_orb;unburden,overgrow;adamant,jolly;252 Atq/4 Def/252 Vel;;swords_dance/leaf_blade/drain_punch,earthquake/acrobatics,rock_slide
sceptile_ru_4;sceptile;ru;SubSeed;10;leftovers;;timid;4 Def/252 AtqE/252 Vel;;substitute/leech_seed/leaf_storm,giga_drain/hidden_power,focus_blast
gardevoir_ru_1;gardevoir;ru;Support;29;leftovers;trace;calm;252 PS/4 Def/252 DefE;;will_o_wisp/wish,pain_split/protect,heal_bell/psychic
gardevoir_ru_2;gardevoir;ru;Choice;84;choice_scarf,choice_specs;trace;timid,modest;4 Def/252 AtqE/252 Vel;;psychic/thunderbolt/focus_blast/trick,shadow_ball
gardevoir_ru_3;gardevoir;ru;Dual Screens;29;light_clay;trace;timid;252 PS/4 Def/252 Vel;;reflect/light_screen/memento/psychic,taunt,will_o_wisp
gardevoir_ru_4;gardevoir;ru;Substitute + 3 Attacks;46;leftovers;trace;timid,modest;4 Def/252 AtqE/252 Vel;;substitute/psychic/thunderbolt/focus_blast
regirock_ru_1;regirock;ru;Support;42;leftovers;;careful;252 PS/4 Atq/252 DefE;;stealth_rock/rock_slide/thunder_wave,toxic/protect,earthquake
regirock_ru_2;regirock;ru;Sunny Day;66;heat_rock;;careful;252 PS/4 Atq/252 DefE;;sunny_day/stealth_rock/rock_slide/fire_punch,explosion
torterra_ru_1;torterra;ru;Specially Defensive;69;leftovers;;careful;252 PS/40 Def/216 DefE;;stealth_rock/wood_hammer/earthquake/synthesis
torterra_ru_2;torterra;ru;Rock Polish;56;leftovers,life_orb;;adamant,jolly;252 Atq/4 Def/252 Vel;;rock_polish/wood_hammer/earthquake/stone_edge
torterra_ru_3;torterra;ru;Tank;58;leftovers;;adamant;164 PS/252 Atq/92 Vel;;stealth_rock/wood_hammer,earthquake/stone_edge/synthesis
torterra_ru_4;torterra;ru;Choice Band;34;choice_band;;adamant;44 PS/252 Atq/212 Vel;;wood_hammer/earthquake/stone_edge/bullet_seed,sleep_talk
dusknoir_ru_1;dusknoir;ru;Tank;51;leftovers;;impish;252 PS/248 Def/8 DefE;;will_o_wisp/pain_split/fire_punch/earthquake
emboar_ru_1;emboar;ru;Choice Scarf;60;choice_scarf;;jolly;252 Atq/4 DefE/252 Vel;;flare_blitz/superpower/wild_charge/sleep_talk
emboar_ru_2;emboar;ru;Choice Band;51;choice_band;;adamant;236 PS/252 Atq/20 Vel;;flare_blitz/superpower/wild_charge/sleep_talk
emboar_ru_3;emboar;ru;Mixed Attacker;37;expert_belt,life_orb;;rash;72 Atq/252 AtqE/184 Vel;;fire_blast/superpower/grass_knot/wild_charge,sleep_talk
emboar_ru_4;emboar;ru;BigPig (Defensive);34;leftovers;;impish;252 PS/4 Atq/252 Def;;flare_blitz/superpower/will_o_wisp/protect
samurott_ru_1;samurott;ru;Mixed Attacker;30;life_orb;;naive;84 Atq/180 AtqE/244 Vel;;hydro_pump/grass_knot,hidden_power,aqua_jet/ice_beam/megahorn,superpower
samurott_ru_2;samurott;ru;Swords Dance;60;life_orb,lum_berry;;jolly,adamant;4 PS/252 Atq/252 Vel;;swords_dance/waterfall/megahorn/aqua_jet
simipour_ru_1;simipour;ru;Nasty Plot;42;life_orb;;timid;4 PS/252 AtqE/252 Vel;;nasty_plot/hydro_pump/ice_beam/hidden_power,substitute
simipour_ru_2;simipour;ru;Choice Specs;45;choice_specs;torrent;timid;4 PS/252 AtqE/252 Vel;;hydro_pump/ice_beam/hidden_power/focus_blast
seismitoad_ru_1;seismitoad;ru;Physically Defensive;54;leftovers;water_absorb;bold;252 PS/192 Def/64 Vel;;stealth_rock/scald/earth_power/toxic
seismitoad_ru_2;seismitoad;ru;Swift Swim Sweeper;35;life_orb;;modest;4 PS/252 AtqE/252 Vel;;hydro_pump/earth_power/sludge_wave/rain_dance,grass_knot
seismitoad_ru_3;seismitoad;ru;Substitute;45;leftovers;water_absorb;timid;44 PS/252 AtqE/212 Vel;;substitute/earth_power/surf/sludge_bomb,toxic
scolipede_ru_1;scolipede;ru;Spikes;78;life_orb,focus_sash;swarm;jolly;4 PS/252 Atq/252 Vel;;spikes/megahorn/earthquake/rock_slide
scolipede_ru_2;scolipede;ru;Swords Dance + 3 Attacks;52;life_orb;quick_feet;jolly;4 PS/252 Atq/252 Vel;;swords_dance/megahorn/earthquake/rock_slide,aqua_tail
scolipede_ru_3;scolipede;ru;Substitute + Swords Dance;32;salac_berry;swarm;jolly;12 PS/244 Atq/252 Vel;;swords_dance/substitute/megahorn/aqua_tail
whimsicott_ru_1;whimsicott;ru;Support;34;leftovers;;bold;252 PS/252 Def/4 DefE;;stun_spore/u_turn,memento/encore/taunt,giga_drain,leech_seed
whimsicott_ru_2;whimsicott;ru;Sunny Day Support;42;heat_rock;;impish;248 PS/252 Def/8 DefE;;sunny_day/taunt/u_turn,memento/encore,memento,leech_seed
exeggutor_ru_1;exeggutor;ru;LumRest;13;lum_berry;harvest;modest;156 PS/252 AtqE/100 Vel;;rest/sleep_powder/leaf_storm,giga_drain/psyshock,psychic
exeggutor_ru_2;exeggutor;ru;Sunny Day;58;life_orb,heat_rock;;timid,modest;4 PS/252 AtqE/252 Vel;;sunny_day/solar_beam,giga_drain/psyshock/sleep_powder,hidden_power
exeggutor_ru_3;exeggutor;ru;Choice Specs;16;choice_specs;;modest;152 PS/252 AtqE/104 Vel;;leaf_storm/psyshock/hidden_power,giga_drain/sleep_powder,giga_drain
exeggutor_ru_4;exeggutor;ru;Trick Room;27;life_orb;harvest;quiet;232 PS/24 Def/252 AtqE;;trick_room/leaf_storm,giga_drain/psyshock/sleep_powder
exeggutor_ru_5;exeggutor;ru;Leech Seed;14;sitrus_berry;harvest;bold;252 PS/156 Def/100 Vel;;leech_seed/sleep_powder/substitute,protect/psyshock,hidden_power
qwilfish_ru_1;qwilfish;ru;Utility;64;black_sludge;intimidate;impish;252 PS/240 Def/16 Vel;;spikes/pain_split/waterfall/thunder_wave,taunt,haze
entei_ru_1;entei;ru;Physical Attacker;55;choice_band,flame_plate;;adamant;252 Atq/4 AtqE/252 Vel;;flare_blitz/extreme_speed/stone_edge/hidden_power,sleep_talk
entei_ru_2;entei;ru;Substitute + Calm Mind;17;leftovers;;timid;136 PS/120 AtqE/252 Vel;;substitute/calm_mind/flamethrower,lava_plume/hidden_power,roar
swellow_ru_1;swellow;ru;Guts;43;toxic_orb;;jolly;252 Atq/4 Def/252 Vel;;facade/brave_bird/u_turn/quick_attack,protect
volbeat_ru_1;volbeat;ru;Rain Dance;0;damp_rock;prankster;relaxed;252 PS/252 Def/4 DefE;;rain_dance/u_turn/encore/thunder_wave
volbeat_ru_2;volbeat;ru;Baton Pass;0;leftovers;prankster;bold;252 PS/252 Def/4 DefE;;baton_pass/tail_glow/encore/substitute,thunder_wave
crustle_ru_1;crustle;ru;Custap Lead;64;custap_berry;;adamant;220 PS/224 Atq/20 Def/44 Vel;;stealth_rock/spikes/rock_blast,stone_edge/x_scissor,earthquake
crustle_ru_2;crustle;ru;Shell Smash Lead;40;lum_berry;;adamant;4 PS/252 Atq/252 Vel;;shell_smash/spikes,stealth_rock/rock_blast/earthquake,x_scissor
cryogonal_ru_1;cryogonal;ru;Rapid Spin;58;leftovers;;calm;248 PS/168 Def/92 DefE;;rapid_spin/ice_beam/recover/haze,toxic,reflect
cryogonal_ru_2;cryogonal;ru;Offensive;57;icicle_plate;;timid;64 PS/252 AtqE/192 Vel;;ice_beam/rapid_spin/hidden_power/recover
weezing_ru_1;weezing;ru;Physical Wall;51;black_sludge;;bold;252 PS/252 Def/4 DefE;;will_o_wisp/pain_split/fire_blast,haze,clear_smog/thunderbolt,haze,clear_smog
weezing_ru_2;weezing;ru;Specially Defensive;68;black_sludge;;calm;252 PS/4 Def/252 DefE;;will_o_wisp/pain_split,rest/flamethrower,fire_blast/thunderbolt,sleep_talk
leafeon_ru_1;leafeon;ru;Swords Dance + Baton Pass;60;leftovers;chlorophyll;jolly;252 PS/4 Def/252 Vel;;swords_dance/baton_pass/leaf_blade/synthesis
gallade_ru_1;gallade;ru;Bulky Swords Dance;50;lum_berry,leftovers;justified;adamant;200 PS/252 Atq/56 Vel;;swords_dance/drain_punch/psycho_cut/night_slash,leaf_blade
gallade_ru_2;gallade;ru;Substitute + 3 Attacks;40;life_orb;justified;jolly;252 Atq/4 DefE/252 Vel;;substitute/drain_punch/night_slash,leaf_blade/psycho_cut
gallade_ru_3;gallade;ru;Offensive Swords Dance;40;lum_berry,life_orb;justified;adamant,jolly;252 Atq/4 DefE/252 Vel;;swords_dance/close_combat/psycho_cut/night_slash,shadow_sneak
gallade_ru_4;gallade;ru;Specially Defensive;26;leftovers;;careful;248 PS/244 DefE/16 Vel;;wish/protect/drain_punch/will_o_wisp
gallade_ru_5;gallade;ru;Choice Band;33;choice_band;justified;adamant,jolly;252 Atq/4 DefE/252 Vel;;close_combat/psycho_cut/night_slash/stone_edge,leaf_blade
gallade_ru_6;gallade;ru;Bulk Up;50;leftovers;justified;careful;240 PS/212 DefE/56 Vel;;bulk_up/drain_punch/night_slash/substitute
shiftry_ru_1;shiftry;ru;Swords Dance;0;life_orb,lum_berry;early_bird;adamant,jolly;252 Atq/4 DefE/252 Vel;;swords_dance/sucker_punch/seed_bomb/nature_power
shiftry_ru_2;shiftry;ru;Mixed Attacker;0;life_orb;early_bird;rash;4 Atq/252 AtqE/252 Vel;;leaf_storm/sucker_punch/hidden_power,dark_pulse/focus_blast,nature_power
sandslash_ru_1;sandslash;ru;Rapid Spin;73;lum_berry,leftovers;sand_rush;adamant;232 PS/216 Atq/36 Def/24 Vel;;rapid_spin/earthquake/stone_edge,night_slash/swords_dance,stealth_rock
golbat_ru_1;golbat;ru;Defensive;0;eviolite;;impish;252 PS/172 Def/84 DefE;;brave_bird/roost/taunt/super_fang,toxic
primeape_ru_1;primeape;ru;Choice Scarf;83;choice_scarf;;jolly;252 Atq/4 Def/252 Vel;;u_turn/close_combat/stone_edge/ice_punch,punishment
primeape_ru_2;primeape;ru;Life Orb;44;life_orb;;jolly;252 Atq/4 Def/252 Vel;;close_combat/stone_edge/encore/u_turn,ice_punch
kadabra_ru_1;kadabra;ru;Special Attacker;46;focus_sash;magic_guard;modest,timid;4 PS/252 AtqE/252 Vel;;psychic,psyshock/shadow_ball/hidden_power/encore
magneton_ru_1;magneton;ru;Choice Specs;59;choice_specs;;timid,modest;4 PS/252 AtqE/252 Vel;;thunderbolt/volt_switch/hidden_power/flash_cannon
magneton_ru_2;magneton;ru;Eviolite;57;eviolite;;modest;200 PS/208 AtqE/100 Vel;;thunderbolt/volt_switch,substitute/hidden_power/flash_cannon,charge_beam
magneton_ru_3;magneton;ru;Choice Scarf;78;choice_scarf;;timid;4 PS/252 AtqE/252 Vel;;thunderbolt/volt_switch/hidden_power/flash_cannon
muk_ru_1;muk;ru;Specially Defensive;19;black_sludge;sticky_hold;sassy;252 PS/4 AtqE/252 DefE;;poison_jab/fire_punch/thunderbolt/toxic,haze
haunter_ru_1;haunter;ru;Life Orb;85;life_orb;;timid;252 AtqE/4 DefE/252 Vel;;shadow_ball/sludge_bomb/hidden_power/substitute,destiny_bond
haunter_ru_2;haunter;ru;SubDisable;30;black_sludge;;timid;252 AtqE/4 DefE/252 Vel;;substitute/disable/shadow_ball/sludge_bomb,hidden_power
haunter_ru_3;haunter;ru;Choice Scarf;45;choice_scarf;;timid;252 AtqE/4 DefE/252 Vel;;shadow_ball/sludge_bomb/destiny_bond/hidden_power,trick
marowak_ru_1;marowak;ru;Trick Room Sweeper;0;thick_club;;brave;252 PS/252 Atq/4 Def;;earthquake/double_edge/fire_punch/stone_edge,swords_dance
marowak_ru_2;marowak;ru;Substitute Attacker;0;thick_club;;adamant;212 PS/252 Atq/44 Vel;;substitute/earthquake/double_edge/fire_punch,swords_dance
rhydon_ru_1;rhydon;ru;Tank;80;eviolite;rock_head;adamant;88 PS/252 Atq/84 DefE/84 Vel;;stealth_rock,substitute/earthquake/rock_blast,stone_edge/megahorn
rhydon_ru_2;rhydon;ru;Choice Band;50;choice_band;rock_head,reckless;adamant;36 PS/252 Atq/220 Vel;;earthquake/stone_edge/megahorn/double_edge,rock_blast
rhydon_ru_3;rhydon;ru;Rock Polish;44;life_orb;rock_head;jolly;40 PS/252 Atq/216 Vel;;rock_polish/earthquake/stone_edge/megahorn
kangaskhan_ru_1;kangaskhan;ru;Physical Attacker;82;silk_scarf,life_orb;scrappy;adamant,jolly;252 Atq/4 DefE/252 Vel;;double_edge,return/drain_punch,earthquake/fake_out/sucker_punch
kangaskhan_ru_2;kangaskhan;ru;SubPunch;42;leftovers;scrappy;adamant;216 PS/236 Atq/56 Vel;;substitute/focus_punch/return/sucker_punch
scyther_ru_1;scyther;ru;Offensive Swords Dance;53;life_orb,lum_berry;technician;jolly;252 Atq/4 Def/252 Vel;;swords_dance/aerial_ace/bug_bite,quick_attack/brick_break,quick_attack
scyther_ru_2;scyther;ru;Choice;63;choice_band,choice_scarf;technician;jolly;252 Atq/4 Def/252 Vel;;u_turn/aerial_ace/bug_bite,quick_attack/brick_break,bug_bite
scyther_ru_3;scyther;ru;Bulky Swords Dance;58;eviolite;technician;jolly;248 PS/8 Atq/252 Vel;;swords_dance/aerial_ace/roost/baton_pass,brick_break
jynx_ru_1;jynx;ru;Special Attacker;32;life_orb;dry_skin;timid;4 Def/252 AtqE/252 Vel;;ice_beam/psyshock/focus_blast,hidden_power/lovely_kiss
jynx_ru_2;jynx;ru;Substitute + Nasty Plot;28;leftovers;dry_skin;timid;8 PS/248 AtqE/252 Vel;;substitute/nasty_plot/ice_beam/lovely_kiss
jynx_ru_3;jynx;ru;Choice Scarf;46;choice_scarf;dry_skin;timid;4 Def/252 AtqE/252 Vel;;ice_beam/psychic/focus_blast/trick,lovely_kiss
pinsir_ru_1;pinsir;ru;Swords Dance;0;life_orb;moxie;adamant,jolly;252 Atq/4 Def/252 Vel;;swords_dance/x_scissor/earthquake/quick_attack
pinsir_ru_2;pinsir;ru;Choice Scarf;0;choice_scarf;moxie;adamant;16 PS/252 Atq/240 Vel;;x_scissor/earthquake/close_combat/stone_edge
tauros_ru_1;tauros;ru;All-Out Attacker;98;life_orb;sheer_force;naive;252 Atq/4 AtqE/252 Vel;;rock_climb/earthquake/fire_blast/zen_headbutt,rock_slide
ditto_ru_1;ditto;ru;Ditto That;100;choice_scarf;imposter;relaxed;252 PS/252 Def;30 Atq/30 Def/30 Vel;transform
flareon_ru_1;flareon;ru;Special Tank;0;leftovers;;calm;252 PS/4 Def/252 DefE;;wish/protect/flamethrower,lava_plume/toxic,roar
omastar_ru_1;omastar;ru;Shell Smash;51;lum_berry,life_orb;weak_armor;timid,modest;252 AtqE/4 DefE/252 Vel;;shell_smash/surf,hydro_pump/ice_beam/hidden_power
omastar_ru_2;omastar;ru;Suicide Lead;65;focus_sash;weak_armor;timid;252 AtqE/4 DefE/252 Vel;;spikes/scald,hydro_pump/icy_wind,ice_beam/stealth_rock,shell_smash
omastar_ru_3;omastar;ru;Defensive;35;leftovers;shell_armor;bold;252 PS/252 Def/4 AtqE;;spikes/stealth_rock,toxic_spikes/scald/ice_beam
kabutops_ru_1;kabutops;ru;Offensive Rapid Spin;75;life_orb,lum_berry;weak_armor;adamant;4 PS/252 Atq/252 Vel;;rapid_spin/stone_edge/aqua_jet/swords_dance,waterfall
kabutops_ru_2;kabutops;ru;Swords Dance;66;life_orb,lum_berry;weak_armor;adamant;4 PS/252 Atq/252 Vel;;swords_dance/stone_edge/aqua_jet/waterfall
kabutops_ru_3;kabutops;ru;Choice Band;43;choice_band;weak_armor;adamant;4 PS/252 Atq/252 Vel;;stone_edge/aqua_jet/waterfall/superpower
aerodactyl_ru_1;aerodactyl;ru;Life Orb;47;life_orb;pressure,rock_head;hasty,jolly;220 Atq/36 AtqE/252 Vel;;stone_edge/earthquake/fire_blast,double_edge/roost
aerodactyl_ru_2;aerodactyl;ru;Choice Band;28;choice_band;;jolly;252 Atq/4 Def/252 Vel;;stone_edge/earthquake/aqua_tail/double_edge
dragonair_ru_1;dragonair;ru;Bulky Dragon Dance;0;eviolite;marvel_scale;careful;252 PS/4 Def/252 DefE;;dragon_dance/outrage/rest/sleep_talk
lanturn_ru_1;lanturn;ru;Pivot;64;leftovers;;calm;204 PS/96 Def/208 DefE;;scald/volt_switch/thunder_wave,toxic/protect,heal_bell
lanturn_ru_2;lanturn;ru;Special Attacker;18;choice_specs,life_orb;;modest;136 PS/252 AtqE/120 Vel;;volt_switch/hydro_pump,surf/thunderbolt/ice_beam
natu_ru_1;natu;ru;Physically Defensive;87;eviolite;magic_bounce;impish;248 PS/252 Def/8 Vel;;roost/reflect/thunder_wave,toxic/u_turn
quagsire_ru_1;quagsire;ru;Physically Defensive;70;leftovers;unaware;relaxed;248 PS/252 Def/8 DefE;;recover/scald/earthquake/toxic,encore
slowking_ru_1;slowking;ru;Defensive;74;leftovers;regenerator;calm;248 PS/144 Def/116 DefE;;scald/slack_off/psyshock,fire_blast/thunder_wave,toxic
slowking_ru_2;slowking;ru;Choice Specs;33;choice_specs;regenerator;modest;212 PS/252 AtqE/44 Vel;;surf/psyshock,psychic/fire_blast/trick,grass_knot
slowking_ru_3;slowking;ru;Trick Room;55;leftovers,life_orb;regenerator;quiet;248 PS/252 AtqE/8 DefE;;trick_room/surf/fire_blast/nasty_plot,psyshock
slowking_ru_4;slowking;ru;Calm Mind;68;leftovers;regenerator;bold;248 PS/216 Def/44 Vel;;calm_mind/scald/fire_blast,psyshock/slack_off
misdreavus_ru_1;misdreavus;ru;Support;85;eviolite;;bold;252 PS/252 Def/4 DefE;;will_o_wisp/pain_split/shadow_ball/heal_bell,taunt,perish_song
steelix_ru_1;steelix;ru;Defensive;77;leftovers;sturdy;relaxed;252 PS/220 Def/36 DefE;;stealth_rock/earthquake/gyro_ball/roar,dragon_tail
steelix_ru_2;steelix;ru;Custap Berry;51;custap_berry;sturdy;adamant;212 PS/252 Atq/44 Vel;;stealth_rock/earthquake/heavy_slam/explosion
steelix_ru_3;steelix;ru;Sheer Force;50;life_orb,leftovers;sheer_force;adamant;212 PS/252 Atq/44 Vel;;stealth_rock/earthquake/iron_tail,iron_head/crunch
ursaring_ru_1;ursaring;ru;Quick Feet;45;toxic_orb;quick_feet;jolly;4 PS/252 Atq/252 Vel;;protect,swords_dance/facade/close_combat/crunch
ursaring_ru_2;ursaring;ru;Village Crusher (Guts);55;flame_orb;;adamant;156 PS/252 Atq/100 Vel;;swords_dance/facade/earthquake/crunch
piloswine_ru_1;piloswine;ru;Tank;97;eviolite;thick_fat;adamant;252 PS/252 Atq/4 DefE;;stealth_rock/earthquake/icicle_crash,icicle_spear/ice_shard,stone_edge
smeargle_ru_1;smeargle;ru;Hazard Lead;30;focus_sash;;jolly;252 PS/4 Def/252 Vel;;spikes/spore/stealth_rock,rapid_spin/whirlwind,explosion,memento
smeargle_ru_2;smeargle;ru;Baton Pass;25;focus_sash;;timid;252 PS/4 Def/252 Vel;;baton_pass/quiver_dance,shift_gear/spore/substitute
smeargle_ru_3;smeargle;ru;FEARgle (Level 1);60;focus_sash;;hardy;252 Vel;;trick_room/spore/endeavor/dragon_rage,memento,magic_coat
miltank_ru_1;miltank;ru;Mootility;84;leftovers;sap_sipper,thick_fat;careful;252 PS/192 DefE/64 Vel;;stealth_rock/milk_drink/body_slam/heal_bell,earthquake
miltank_ru_2;miltank;ru;Moofensive;44;life_orb;sap_sipper;jolly;4 PS/252 Atq/252 Vel;;double_edge,return/earthquake/milk_drink/heal_bell,fire_punch,stealth_rock
linoone_ru_1;linoone;ru;Belly Drum Sweeper;0;silk_scarf,lum_berry,sitrus_berry;;jolly;4 PS/252 Atq/252 Vel;;belly_drum/extreme_speed/shadow_claw/seed_bomb,rock_smash,return
ludicolo_ru_1;ludicolo;ru;Swift Swim Sweeper;73;life_orb;;modest;4 Def/252 AtqE/252 Vel;;rain_dance/hydro_pump/giga_drain/ice_beam
ninjask_ru_1;ninjask;ru;Base 160 Isn't Enough IMO;36;leftovers;;timid;240 PS/252 Def/16 Vel;;baton_pass/protect/substitute/swords_dance,toxic
hariyama_ru_1;hariyama;ru;All-Out Attacker;65;toxic_orb;guts;adamant;252 Atq/172 Def/84 Vel;;close_combat/facade/fake_out/stone_edge,bullet_punch
hariyama_ru_2;hariyama;ru;RestTalk;3;leftovers;;careful;12 PS/244 Def/252 DefE;;whirlwind/force_palm/rest/sleep_talk
aggron_ru_1;aggron;ru;Choice Band;68;choice_band;rock_head;adamant;252 Atq/4 Def/252 Vel;;head_smash/earthquake,low_kick/heavy_slam/aqua_tail,fire_punch
aggron_ru_2;aggron;ru;Rock Polish;46;life_orb;rock_head;adamant;252 Atq/4 Def/252 Vel;;rock_polish/head_smash/earthquake/heavy_slam
medicham_ru_1;medicham;ru;Choice Scarf;51;choice_scarf;;adamant,jolly;4 PS/252 Atq/252 Vel;;high_jump_kick/psycho_cut/thunder_punch/trick
medicham_ru_2;medicham;ru;Physical Attacker;34;choice_band,life_orb;;adamant,jolly;252 Atq/4 Def/252 Vel;;high_jump_kick/psycho_cut,zen_headbutt/thunder_punch/drain_punch,bullet_punch
manectric_ru_1;manectric;ru;Choice Scarf;69;choice_scarf;lightning_rod;timid;4 Def/252 AtqE/252 Vel;;volt_switch/overheat/thunderbolt/switcheroo
manectric_ru_2;manectric;ru;Special Attacker;59;expert_belt,choice_specs;lightning_rod;timid;4 Def/252 AtqE/252 Vel;;volt_switch/flamethrower/thunderbolt/hidden_power
roselia_ru_1;roselia;ru;Utility;72;eviolite;;calm;252 PS/4 Def/252 DefE;;spikes/giga_drain/sludge_bomb/synthesis,rest,toxic_spikes
cacturne_ru_1;cacturne;ru;Offensive Spikes;98;life_orb,leftovers;water_absorb;lonely,adamant;252 Atq/152 AtqE/104 Vel;;spikes/sucker_punch/seed_bomb/hidden_power,substitute
altaria_ru_1;altaria;ru;Special Attacker;33;choice_specs,life_orb;;modest;120 PS/252 AtqE/136 Vel;;draco_meteor/fire_blast/dragon_pulse,power_swap/rest,roost
altaria_ru_2;altaria;ru;Support;22;leftovers;;calm;252 PS/4 Def/252 DefE;;roost/dragon_pulse/heal_bell/roar,toxic
altaria_ru_3;altaria;ru;Offensive Dragon Dance;59;life_orb,leftovers;;adamant;252 Atq/4 Def/252 Vel;;dragon_dance/outrage/earthquake/roost
altaria_ru_4;altaria;ru;Defensive Dragon Dance;33;leftovers;;careful;252 PS/192 DefE/64 Vel;;dragon_dance/dragon_claw/roost/safeguard,heal_bell
zangoose_ru_1;zangoose;ru;Toxic Boost;99;toxic_orb;toxic_boost;jolly;252 Atq/4 DefE/252 Vel;;facade/close_combat/night_slash,swords_dance/quick_attack
crawdaunt_ru_1;crawdaunt;ru;Dragon Dance;64;leftovers,life_orb,lum_berry;adaptability;jolly;4 PS/252 Atq/252 Vel;;dragon_dance/waterfall/crunch/substitute,superpower
crawdaunt_ru_2;crawdaunt;ru;Choice Band;45;choice_band;adaptability;adamant;4 PS/252 Atq/252 Vel;;waterfall/crunch/superpower/toxic
crawdaunt_ru_3;crawdaunt;ru;Special Attacker;43;life_orb;adaptability;rash,modest;4 Atq/252 AtqE/252 Vel;;surf/dark_pulse/ice_beam/superpower,hidden_power
cradily_ru_1;cradily;ru;Support;76;leftovers;storm_drain;bold;252 PS/252 Def/4 DefE;;stealth_rock/toxic,energy_ball/recover/hidden_power
cradily_ru_2;cradily;ru;Mono-Attacker;29;leftovers;;careful;252 PS/4 Def/252 DefE;;curse/rest/sleep_talk/rock_slide,seed_bomb
cradily_ru_3;cradily;ru;Swords Dance;61;leftovers;storm_drain;adamant;252 PS/252 Atq/4 Def;;swords_dance/stone_edge,seed_bomb/earthquake/recover
armaldo_ru_1;armaldo;ru;Choice Band;37;choice_band;;adamant;212 PS/252 Atq/44 Vel;;x_scissor/stone_edge,rock_blast/earthquake/rapid_spin,aqua_tail
armaldo_ru_2;armaldo;ru;Rapid Spin Support;71;leftovers;;impish;252 PS/252 Def/4 DefE;;rapid_spin/stealth_rock/rock_blast/x_scissor,earthquake
armaldo_ru_3;armaldo;ru;Swift Swim + Swords Dance;16;life_orb;swift_swim;adamant;252 Atq/4 Def/252 Vel;;swords_dance/x_scissor/stone_edge/aqua_tail
absol_ru_1;absol;ru;All-Out Attacker;73;life_orb,dread_plate;super_luck;naughty,adamant;252 Atq/4 Def/252 Vel;;sucker_punch/superpower/night_slash/fire_blast,pursuit
absol_ru_2;absol;ru;Swords Dance;67;life_orb,lum_berry;super_luck;adamant,jolly;252 Atq/4 Def/252 Vel;;swords_dance/sucker_punch/superpower/night_slash
gorebyss_ru_1;gorebyss;ru;Shell Smash;0;life_orb;;modest;4 PS/252 AtqE/252 Vel;;shell_smash/surf,hydro_pump/shadow_ball/ice_beam
relicanth_ru_1;relicanth;ru;Choice Band;0;choice_band;rock_head;adamant,jolly;252 Atq/4 Def/252 Vel;;head_smash/waterfall/earthquake/zen_headbutt,double_edge
relicanth_ru_2;relicanth;ru;Rock Polish;0;life_orb;rock_head;jolly,adamant;252 Atq/4 Def/252 Vel;;rock_polish/head_smash/waterfall/earthquake
relicanth_ru_3;relicanth;ru;Swift Swim Sweeper;0;life_orb;;jolly,adamant;4 PS/252 Atq/252 Vel;;head_smash/waterfall/earthquake/rain_dance,stone_edge
metang_ru_1;metang;ru;THE MIGHTY METANG;0;eviolite,cell_battery;;adamant;252 PS/252 Atq/4 DefE;;stealth_rock/meteor_mash/earthquake/explosion
rampardos_ru_1;rampardos;ru;Mixed;21;life_orb;sheer_force;rash;16 Atq/252 AtqE/240 Vel;;head_smash,rock_slide/thunderbolt/focus_blast/ice_beam
rampardos_ru_2;rampardos;ru;Choice Band;45;choice_band;sheer_force;adamant;252 Atq/4 DefE/252 Vel;;head_smash/superpower/fire_punch/thunder_punch,rock_slide
mothim_ru_1;mothim;ru;Choice Specs;0;choice_specs;tinted_lens;rash,mild;252 AtqE/4 DefE/252 Vel;;bug_buzz/air_slash/u_turn/giga_drain,hidden_power
mothim_ru_2;mothim;ru;Quiver Dance;0;leftovers,life_orb;tinted_lens;timid;252 AtqE/4 DefE/252 Vel;;quiver_dance/bug_buzz/air_slash/substitute,hidden_power
floatzel_ru_1;floatzel;ru;Mixed Rain Dance;57;life_orb;;naive;196 Atq/252 AtqE/60 Vel;;waterfall/ice_beam/brick_break,crunch/rain_dance,hidden_power
floatzel_ru_2;floatzel;ru;Choice Band;46;choice_band;;jolly,adamant;4 PS/252 Atq/252 Vel;;waterfall/return,ice_beam/crunch/switcheroo
floatzel_ru_3;floatzel;ru;Baton Pass;29;leftovers;water_veil;jolly;252 PS/40 Def/216 Vel;;bulk_up,agility/taunt/baton_pass/waterfall
drifblim_ru_1;drifblim;ru;AcroBlimp;100;flying_gem;unburden;naughty,adamant;20 PS/252 Atq/236 Vel;;acrobatics/will_o_wisp/destiny_bond/shadow_ball,substitute
drifblim_ru_2;drifblim;ru;Weather Balloon;55;flying_gem;unburden;rash;20 Atq/252 AtqE/236 Vel;;rain_dance/weather_ball/thunder/acrobatics
drifblim_ru_3;drifblim;ru;Calm Mind;30;chesto_berry,sitrus_berry;unburden;modest;20 PS/252 AtqE/236 Vel;;calm_mind/shadow_ball/thunderbolt,hidden_power/rest,substitute
skuntank_ru_1;skuntank;ru;Trapper;65;life_orb,black_sludge;aftermath,stench;adamant;4 PS/252 Atq/252 Vel;;pursuit/taunt/sucker_punch/crunch,poison_jab
skuntank_ru_2;skuntank;ru;Wallbreaker;68;life_orb;aftermath,stench;naughty;252 Atq/104 AtqE/152 Vel;;sucker_punch/taunt/poison_jab,pursuit/fire_blast
spiritomb_ru_1;spiritomb;ru;All-Out Attacker;25;choice_band,black_glasses;;adamant;248 PS/252 Atq/8 DefE;;shadow_sneak/sucker_punch/pursuit/trick,will_o_wisp
spiritomb_ru_2;spiritomb;ru;Calm Mind;47;leftovers;;bold;252 PS/252 Def/4 DefE;;calm_mind/dark_pulse/rest/sleep_talk
spiritomb_ru_3;spiritomb;ru;Defensive;40;leftovers;;careful,calm;252 PS/4 Def/252 DefE;;will_o_wisp/foul_play/rest,pain_split/sleep_talk,sucker_punch,taunt
drapion_ru_1;drapion;ru;Swords Dance;56;life_orb,lum_berry,black_sludge;sniper;jolly;252 Atq/4 Def/252 Vel;;swords_dance/crunch/earthquake/poison_jab,taunt
drapion_ru_2;drapion;ru;All-Out Attacker;60;choice_band,life_orb;sniper;jolly;252 Atq/4 Def/252 Vel;;pursuit/crunch/earthquake/poison_jab,aqua_tail
drapion_ru_3;drapion;ru;Specially Defensive;27;black_sludge;;careful;248 PS/244 DefE/16 Vel;;crunch/poison_jab/whirlwind/taunt
lickilicky_ru_1;lickilicky;ru;Support;0;leftovers;;careful;252 PS/4 Def/252 DefE;;wish/protect/body_slam,return/dragon_tail
lickilicky_ru_2;lickilicky;ru;Choice Band;0;choice_band;;adamant;172 PS/252 Atq/84 Vel;;return,body_slam/power_whip/fire_punch/explosion
tangrowth_ru_1;tangrowth;ru;Defensive;50;leftovers;regenerator;relaxed,bold;240 PS/252 Def/16 DefE;;power_whip,giga_drain/hidden_power/stun_spore,knock_off/synthesis,leech_seed
tangrowth_ru_2;tangrowth;ru;Offensive;34;choice_specs,life_orb;regenerator;modest;112 PS/252 AtqE/144 Vel;;leaf_storm/hidden_power,focus_blast/ancient_power,hidden_power/giga_drain,synthesis
electivire_ru_1;electivire;ru;Mixed Attacker;49;life_orb,expert_belt;;naive;248 Atq/36 AtqE/224 Vel;;wild_charge/flamethrower/earthquake/ice_punch
magmortar_ru_1;magmortar;ru;Wallbreaker;55;expert_belt,life_orb;vital_spirit;modest,timid;4 Def/252 AtqE/252 Vel;;fire_blast/thunderbolt/focus_blast/hidden_power,substitute
rotom_ru_1;rotom;ru;Substitute + Pain Split;30;life_orb;;timid;4 PS/252 AtqE/252 Vel;;thunderbolt/shadow_ball/substitute/pain_split
rotom_ru_2;rotom;ru;Choice Scarf;77;choice_scarf;;timid;4 PS/252 AtqE/252 Vel;;volt_switch/shadow_ball/thunderbolt,hidden_power/trick
rotom_ru_3;rotom;ru;Bulky;33;leftovers;;timid;180 PS/252 Def/76 Vel;;thunderbolt/shadow_ball/will_o_wisp/pain_split
rotom_frost_ru_1;rotom_frost;ru;SubSplit;0;life_orb;;timid;4 Def/252 AtqE/252 Vel;;substitute/blizzard/thunderbolt/pain_split
rotom_frost_ru_2;rotom_frost;ru;Choice Scarf;0;choice_scarf;;timid;4 Def/252 AtqE/252 Vel;;volt_switch/blizzard/thunderbolt/trick
rotom_frost_ru_3;rotom_frost;ru;All-Out Attacker;0;expert_belt;;timid;4 Def/252 AtqE/252 Vel;;volt_switch/blizzard/hidden_power/thunderbolt
rotom_fan_ru_1;rotom_fan;ru;Support;0;leftovers;;bold;252 PS/120 Def/136 Vel;;will_o_wisp/volt_switch,thunderbolt/air_slash,hidden_power/pain_split,substitute
rotom_fan_ru_2;rotom_fan;ru;Choice;0;choice_scarf,choice_specs;;timid,modest;252 AtqE/4 DefE/252 Vel;;volt_switch,thunderbolt/air_slash/hidden_power/trick,thunderbolt
rotom_fan_ru_3;rotom_fan;ru;Substitute + Charge Beam;0;leftovers;;timid;64 PS/232 AtqE/212 Vel;;substitute/charge_beam/thunderbolt/hidden_power
rotom_fan_ru_4;rotom_fan;ru;SubSplit;0;life_orb;;timid;252 AtqE/4 DefE/252 Vel;;substitute/pain_split/thunderbolt/hidden_power,air_slash
rotom_mow_ru_1;rotom_mow;ru;Choice Scarf;70;choice_scarf;;timid;4 Def/252 AtqE/252 Vel;;volt_switch/leaf_storm/thunderbolt,hidden_power/trick
rotom_mow_ru_2;rotom_mow;ru;Choice Specs;52;choice_specs;;modest,timid;48 PS/252 AtqE/208 Vel;;volt_switch/leaf_storm/thunderbolt,hidden_power/trick,hidden_power
rotom_mow_ru_3;rotom_mow;ru;Utility;39;leftovers;;timid;48 PS/252 AtqE/208 Vel;;will_o_wisp,thunder_wave/volt_switch,thunderbolt/leaf_storm/pain_split,hidden_power
uxie_ru_1;uxie;ru;Standard Support;46;leftovers;;bold;252 PS/152 Def/104 Vel;;stealth_rock/psychic/thunder_wave,yawn/u_turn
uxie_ru_2;uxie;ru;Substitute + Calm Mind;44;leftovers;;timid;96 PS/188 AtqE/224 Vel;;substitute/calm_mind/psychic,psyshock/thunderbolt
uxie_ru_3;uxie;ru;Dual Screens;18;light_clay;;jolly;252 PS/4 Def/252 Vel;;reflect/light_screen/u_turn,memento/stealth_rock,thunder_wave
uxie_ru_4;uxie;ru;TrickScarf;21;choice_scarf;;jolly;252 PS/4 Def/252 Vel;;u_turn/stealth_rock/zen_headbutt,thunder_wave/trick
uxie_ru_5;uxie;ru;Weather Support;28;heat_rock,damp_rock;;impish,bold;252 PS/240 Def/16 Vel;;sunny_day,rain_dance/u_turn,memento/stealth_rock/heal_bell,psychic
mesprit_ru_1;mesprit;ru;Offensive Stealth Rock;32;leftovers;;timid;4 PS/252 AtqE/252 Vel;;stealth_rock/psychic/thunderbolt,hidden_power/u_turn,healing_wish
mesprit_ru_2;mesprit;ru;Calm Mind;24;life_orb;;timid;32 PS/4 Def/252 AtqE/220 Vel;;calm_mind/psyshock,psychic/thunderbolt/hidden_power,ice_beam
mesprit_ru_3;mesprit;ru;Choice Specs;30;choice_specs;;timid,modest;36 PS/252 AtqE/220 Vel;;psyshock,psychic/thunderbolt/hidden_power,ice_beam/u_turn,ice_beam,trick
mesprit_ru_4;mesprit;ru;Substitute + Calm Mind;13;leftovers;;timid;40 PS/252 AtqE/216 Vel;;substitute/calm_mind/psyshock/thunderbolt,ice_beam
liepard_ru_1;liepard;ru;Weather Support;55;damp_rock,heat_rock;prankster;careful;252 PS/4 Def/252 DefE;;rain_dance,sunny_day/encore/taunt,thunder_wave/u_turn
liepard_ru_2;liepard;ru;Nasty Plot;19;life_orb;prankster;timid;4 Def/252 AtqE/252 Vel;;nasty_plot/encore,thunder_wave/dark_pulse/hidden_power
musharna_ru_1;musharna;ru;Calm Mind;85;leftovers;synchronize;bold;240 PS/252 Def/16 Vel;;calm_mind/stored_power,psychic/moonlight/baton_pass
gurdurr_ru_1;gurdurr;ru;Bulk Up;70;eviolite;;adamant;252 PS/252 Atq/4 Def;;bulk_up/drain_punch/thunder_punch,payback/mach_punch
lilligant_ru_1;lilligant;ru;Quiver Dance;68;life_orb,ice_gem;own_tempo,chlorophyll;timid;4 PS/252 AtqE/252 Vel;;quiver_dance/giga_drain/hidden_power/petal_dance,substitute,healing_wish
basculin_ru_1;basculin;ru;Choice Band;0;choice_band;adaptability;jolly;4 PS/252 Atq/252 Vel;;waterfall/aqua_jet/zen_headbutt/crunch,superpower
scraggy_ru_1;scraggy;ru;Dragon Dance;0;eviolite;;jolly;252 Atq/4 Def/252 Vel;;dragon_dance/high_jump_kick/crunch/drain_punch
scraggy_ru_2;scraggy;ru;Bulk Up;0;eviolite;;careful;252 PS/236 DefE/20 Vel;;bulk_up/drain_punch/crunch/rest
sigilyph_ru_1;sigilyph;ru;Offensive;76;life_orb;magic_guard;timid;4 PS/252 AtqE/252 Vel;;psychic,psyshock/heat_wave/air_slash,energy_ball/roost
sigilyph_ru_2;sigilyph;ru;Cosmic Power;32;flame_orb;magic_guard;timid;252 PS/16 Def/240 Vel;;cosmic_power/roost/psycho_shift/stored_power
sigilyph_ru_3;sigilyph;ru;Offensive Calm Mind;78;life_orb;magic_guard;timid;4 PS/252 AtqE/252 Vel;;calm_mind/psychic,psyshock/heat_wave/roost
carracosta_ru_1;carracosta;ru;Shell Smash;43;life_orb,lum_berry;solid_rock,sturdy;jolly;252 Atq/4 Def/252 Vel;;shell_smash/stone_edge/waterfall,ice_beam/aqua_jet,ice_beam
carracosta_ru_2;carracosta;ru;Tank;22;leftovers;;adamant;252 PS/252 Atq/4 Def;;stealth_rock/waterfall/stone_edge/aqua_jet
archeops_ru_1;archeops;ru;Acrobatics;38;flying_gem;;naive;252 Atq/4 AtqE/252 Vel;;acrobatics/stone_edge/earth_power/head_smash,u_turn,roost
garbodor_ru_1;garbodor;ru;Tank;73;black_sludge;aftermath;impish;252 PS/252 Def/4 DefE;;toxic_spikes/spikes,haze/gunk_shot/payback,body_slam
cinccino_ru_1;cinccino;ru;Life Orb Attacker;69;life_orb;skill_link;jolly;4 PS/252 Atq/252 Vel;;tail_slap/bullet_seed/rock_blast/aqua_tail
cinccino_ru_2;cinccino;ru;Choice Band;77;choice_band;skill_link;jolly;4 PS/252 Atq/252 Vel;;tail_slap/bullet_seed/rock_blast/u_turn
cinccino_ru_3;cinccino;ru;Choice Scarf;82;choice_scarf;skill_link;adamant;4 PS/252 Atq/252 Vel;;tail_slap/bullet_seed/rock_blast/u_turn
sawsbuck_ru_1;sawsbuck;ru;Substitute + Baton Pass;43;leftovers;sap_sipper;jolly;252 Atq/4 DefE/252 Vel;;substitute/baton_pass/return/horn_leech
sawsbuck_ru_2;sawsbuck;ru;Swords Dance;46;life_orb,lum_berry;sap_sipper;jolly;252 Atq/4 DefE/252 Vel;;swords_dance/return,double_edge/horn_leech/nature_power,substitute
sawsbuck_ru_3;sawsbuck;ru;All-Out Attacker;41;choice_band,life_orb;sap_sipper;jolly;252 Atq/4 DefE/252 Vel;;return,double_edge/horn_leech/nature_power/megahorn
escavalier_ru_1;escavalier;ru;Tank;66;choice_band,occa_berry;;adamant;132 PS/252 Atq/124 Vel;;megahorn/pursuit/iron_head/sleep_talk
amoonguss_ru_1;amoonguss;ru;Pivot;69;black_sludge;regenerator;calm;252 PS/88 Def/52 AtqE/116 DefE;2 Atq/30 AtqE/30 Vel;giga_drain/clear_smog,sludge_bomb/hidden_power/stun_spore
alomomola_ru_1;alomomola;ru;Wish Support;80;leftovers;regenerator;impish;252 PS/252 Def/4 DefE;;wish/waterfall/protect/toxic
galvantula_ru_1;galvantula;ru;All-Out Attacker;62;life_orb,choice_specs;;timid;252 AtqE/4 DefE/252 Vel;;thunder/bug_buzz/hidden_power/giga_drain,volt_switch
ferroseed_ru_1;ferroseed;ru;Support;71;eviolite;;relaxed;248 PS/248 Def/12 DefE;;spikes,stealth_rock/thunder_wave,protect/leech_seed/gyro_ball,seed_bomb
klinklang_ru_1;klinklang;ru;Shift Gear;68;leftovers,life_orb;clear_body;adamant;100 PS/252 Atq/156 Vel;;shift_gear/gear_grind/substitute,wild_charge/return,wild_charge
eelektross_ru_1;eelektross;ru;Offensive Pivot;45;leftovers,choice_specs;;modest;248 PS/252 AtqE/8 Vel;;volt_switch/flamethrower/giga_drain/thunderbolt
eelektross_ru_2;eelektross;ru;Coil;35;leftovers;;careful;248 PS/252 DefE/8 Vel;;coil/thunder_punch/drain_punch/substitute
beheeyem_ru_1;beheeyem;ru;Trick Room;95;life_orb;analytic;quiet;252 PS/252 AtqE/4 DefE;;trick_room/psychic,psyshock/thunderbolt/substitute,hidden_power
fraxure_ru_1;fraxure;ru;Dragon Dance;100;eviolite,life_orb;mold_breaker;jolly,adamant;4 PS/252 Atq/252 Vel;;dragon_dance/outrage/low_kick/taunt
accelgor_ru_1;accelgor;ru;Offensive;48;life_orb,choice_specs;sticky_hold;timid;4 PS/252 AtqE/252 Vel;;bug_buzz/focus_blast/hidden_power/spikes,giga_drain
accelgor_ru_2;accelgor;ru;Lead;68;focus_sash;sticky_hold;timid;252 PS/4 AtqE/252 Vel;;spikes/final_gambit/bug_buzz/focus_blast,hidden_power
accelgor_ru_3;accelgor;ru;Substitute + Encore;40;leftovers;sticky_hold;timid;208 PS/48 AtqE/252 Vel;;encore/substitute/baton_pass,bug_buzz/bug_buzz,focus_blast
druddigon_ru_1;druddigon;ru;Stealth Rock;48;leftovers;;adamant;236 PS/252 Atq/20 Vel;;stealth_rock/outrage,dragon_claw/earthquake/sucker_punch
druddigon_ru_2;druddigon;ru;Choice Band;42;choice_band;;adamant;236 PS/252 Atq/20 Vel;;outrage/superpower,earthquake/sucker_punch,fire_punch/dragon_claw
druddigon_ru_3;druddigon;ru;Mixed;41;life_orb;sheer_force;lonely;216 PS/252 Atq/20 AtqE/20 Vel;;outrage,dragon_claw/flamethrower/earthquake/sucker_punch,substitute
druddigon_ru_4;druddigon;ru;Support;33;leftovers;;careful;252 PS/4 Def/252 DefE;;glare/dragon_tail/stealth_rock,rest/earthquake,sleep_talk
golurk_ru_1;golurk;ru;Tank;44;leftovers;;adamant;156 PS/252 Atq/100 Vel;;stealth_rock/earthquake/shadow_punch/drain_punch,fire_punch
golurk_ru_2;golurk;ru;Choice Band;39;choice_band;;adamant;156 PS/252 Atq/100 Vel;;earthquake/shadow_punch/fire_punch/stone_edge,drain_punch
golurk_ru_3;golurk;ru;Rock Polish;58;life_orb;;jolly,adamant;252 Atq/4 DefE/252 Vel;;rock_polish/earthquake/shadow_punch/fire_punch
bouffalant_ru_1;bouffalant;ru;Substitute;58;leftovers;sap_sipper;adamant;156 PS/252 Atq/100 Vel;;substitute/return,head_charge/earthquake/stone_edge,swords_dance
bouffalant_ru_2;bouffalant;ru;Choice Band;48;choice_band;sap_sipper;adamant;156 PS/252 Atq/100 Vel;;head_charge/stone_edge/megahorn/earthquake,superpower
bouffalant_ru_3;bouffalant;ru;Swords Dance;56;leftovers;sap_sipper;adamant;248 PS/160 Atq/100 Vel;;swords_dance/return/earthquake/stone_edge,substitute
braviary_ru_1;braviary;ru;Choice Scarf;38;choice_scarf;defiant;adamant,jolly;252 Atq/4 Def/252 Vel;;brave_bird/superpower/return/u_turn
braviary_ru_2;braviary;ru;Choice Band;38;choice_band;defiant;jolly;252 Atq/4 Def/252 Vel;;brave_bird/superpower/return/u_turn
braviary_ru_3;braviary;ru;Bulk Up;85;leftovers;defiant;careful;252 PS/196 DefE/60 Vel;;bulk_up/brave_bird/roost/substitute
braviary_ru_4;braviary;ru;Roost + 3 Attacks;78;life_orb,leftovers;defiant;jolly;252 Atq/4 Def/252 Vel;;brave_bird/superpower/return,substitute,u_turn/roost
mandibuzz_ru_1;mandibuzz;ru;Specially Defensive;71;leftovers;;careful;248 PS/8 Def/252 DefE;;taunt/roost/whirlwind/foul_play,brave_bird,toxic
durant_ru_1;durant;ru;Choice Band;61;choice_band;hustle;jolly;252 Atq/4 Def/252 Vel;;x_scissor/superpower/thunder_fang/iron_head
durant_ru_2;durant;ru;Hone Claws;81;lum_berry,life_orb;hustle;jolly;252 Atq/4 Def/252 Vel;;hone_claws/x_scissor/superpower/thunder_fang,iron_head
durant_ru_3;durant;ru;Choice Scarf;36;choice_scarf;;adamant;252 Atq/4 Def/252 Vel;;x_scissor/superpower/stone_edge/iron_head,baton_pass
charizard_nu_1;charizard;nu;Choice Specs;67;choice_specs;;timid;4 Def/252 AtqE/252 Vel;;fire_blast/air_slash/hidden_power/flamethrower
charizard_nu_2;charizard;nu;Choice Scarf;46;choice_scarf;;timid;4 Def/252 AtqE/252 Vel;;fire_blast/flamethrower/focus_blast/air_slash,hidden_power
charizard_nu_3;charizard;nu;Swords Dance;3;flying_gem;;jolly;252 Atq/4 Def/252 Vel;;swords_dance/acrobatics/earthquake/roost
charizard_nu_4;charizard;nu;Special Attacker;48;life_orb;;timid;4 Def/252 AtqE/252 Vel;;fire_blast/air_slash/hidden_power,substitute/roost
wartortle_nu_1;wartortle;nu;Rapid Spin;72;eviolite;;bold;248 PS/172 Def/88 DefE;;rapid_spin/foresight/scald/toxic,haze
butterfree_nu_1;butterfree;nu;Quiver Dance;0;leftovers,bug_gem;tinted_lens;timid;4 Def/252 AtqE/252 Vel;;quiver_dance/sleep_powder/bug_buzz/substitute
butterfree_nu_2;butterfree;nu;Dual Powder;0;focus_sash;;jolly;252 Atq/4 Def/252 Vel;;sleep_powder/stun_spore/u_turn/tailwind
beedrill_nu_1;beedrill;nu;Support;0;focus_sash;;jolly;252 Atq/252 Vel;;toxic_spikes/endeavor/u_turn/tailwind
pidgeot_nu_1;pidgeot;nu;Choice Band;0;choice_band;tangled_feet;jolly;252 Atq/4 Def/252 Vel;;brave_bird/return/u_turn/quick_attack
pikachu_nu_1;pikachu;nu;Substitute;70;light_ball;lightning_rod;timid;4 Def/252 AtqE/252 Vel;;substitute/thunderbolt/hidden_power/encore,grass_knot
raichu_nu_1;raichu;nu;Encore + Nasty Plot;0;life_orb;lightning_rod;timid;4 PS/252 AtqE/252 Vel;;encore/nasty_plot/thunderbolt/grass_knot
wigglytuff_nu_1;wigglytuff;nu;Support;0;leftovers;frisk;careful;252 PS/4 Atq/252 DefE;;stealth_rock/wish/protect/double_edge
vileplume_nu_1;vileplume;nu;Physically Defensive;0;black_sludge;effect_spore;bold;248 PS/216 Def/44 DefE;;moonlight/aromatherapy,sleep_powder/giga_drain/sludge_bomb
vileplume_nu_2;vileplume;nu;Offensive;0;life_orb;effect_spore;modest;172 PS/252 AtqE/84 Vel;;sleep_powder/giga_drain/sludge_bomb/moonlight
victreebel_nu_1;victreebel;nu;Sun Sweeper;57;life_orb;;modest;4 PS/252 AtqE/252 Vel;;solar_beam/weather_ball/sludge_bomb/growth,sleep_powder
victreebel_nu_2;victreebel;nu;All-Out Attacker;34;life_orb;;rash;4 Atq/252 AtqE/252 Vel;;sleep_powder/leaf_storm/sludge_bomb/sucker_punch
golem_nu_1;golem;nu;Utility;72;leftovers;sturdy;adamant;200 PS/252 Atq/56 Vel;;stealth_rock/rock_blast/earthquake/sucker_punch,toxic
golem_nu_2;golem;nu;Custap Lead;85;custap_berry;sturdy;adamant;4 PS/252 Atq/252 Vel;;stealth_rock/earthquake/rock_blast/explosion
mr_mime_nu_1;mr_mime;nu;Baton Pass;0;leftovers;filter;timid;144 PS/112 AtqE/252 Vel;;baton_pass/nasty_plot/substitute,encore/psychic
articuno_nu_1;articuno;nu;Offensive;0;leftovers,life_orb;;timid;252 AtqE/4 DefE/252 Vel;;ice_beam/hurricane/roost/substitute,hidden_power
articuno_nu_2;articuno;nu;Defensive SubRoost;0;leftovers;;timid;192 PS/64 DefE/252 Vel;;substitute/roost/toxic,protect/ice_beam
meganium_nu_1;meganium;nu;Support;0;leftovers;;calm;252 PS/4 Def/252 DefE;;aromatherapy/synthesis,leech_seed/giga_drain/dragon_tail
togetic_nu_1;togetic;nu;Baton Pass;0;eviolite;serene_grace;calm;248 PS/8 Def/252 DefE;;nasty_plot/baton_pass/roost/hyper_voice,fire_blast
ampharos_nu_1;ampharos;nu;Tank;53;life_orb,leftovers;;modest;172 PS/252 AtqE/84 Vel;;thunderbolt/hidden_power/volt_switch/focus_blast,heal_bell
ampharos_nu_2;ampharos;nu;Specially Defensive;51;leftovers;;calm;252 PS/4 AtqE/252 DefE;;thunderbolt/heal_bell/toxic/volt_switch,focus_blast
ampharos_nu_3;ampharos;nu;Dual Screens;6;light_clay;;bold;252 PS/252 Def/4 DefE;;reflect/light_screen/volt_switch/heal_bell
bellossom_nu_1;bellossom;nu;Specially Defensive;0;leftovers;;calm;252 PS/4 Def/252 DefE;;sleep_powder/stun_spore/giga_drain/hidden_power,synthesis
jumpluff_nu_1;jumpluff;nu;Swords Dance;0;flying_gem;;jolly;252 Atq/4 DefE/252 Vel;;swords_dance/acrobatics/seed_bomb/sleep_powder,encore
jumpluff_nu_2;jumpluff;nu;Support Pivot;0;leftovers;;jolly;248 PS/8 Def/252 Vel;;encore/sleep_powder/u_turn/leech_seed
jumpluff_nu_3;jumpluff;nu;Sunny Day;0;heat_rock;;jolly;248 PS/8 Def/252 Vel;;sunny_day/sleep_powder/encore/memento
granbull_nu_1;granbull;nu;Offensive Support;0;leftovers;;adamant;252 PS/252 Atq/4 Vel;;return/close_combat,crunch/heal_bell/toxic,thunder_wave
combusken_nu_1;combusken;nu;Swords Dance;100;eviolite;speed_boost;jolly;4 PS/252 Atq/252 Vel;;swords_dance/protect/flare_blitz/sky_uppercut
combusken_nu_2;combusken;nu;Special Attacker;30;life_orb;speed_boost;modest;4 PS/252 AtqE/252 Vel;;protect/fire_blast/focus_blast/substitute
beautifly_nu_1;beautifly;nu;Quiver Dance;0;life_orb,focus_sash;;timid;252 AtqE/4 DefE/252 Vel;;quiver_dance/bug_buzz/hidden_power/psychic
gardevoir_nu_1;gardevoir;nu;All-Out Attacker;79;life_orb;trace;timid;252 AtqE/4 DefE/252 Vel;;psychic/signal_beam/focus_blast/destiny_bond
gardevoir_nu_2;gardevoir;nu;SubCM;50;leftovers;trace;timid;252 AtqE/4 DefE/252 Vel;;calm_mind/substitute/psychic/signal_beam,thunderbolt
gardevoir_nu_3;gardevoir;nu;Dual Screens;30;light_clay;trace;timid;252 PS/4 DefE/252 Vel;;reflect/light_screen/memento/taunt,psychic
exploud_nu_1;exploud;nu;Wallbreaker;0;life_orb;scrappy;naive;68 Atq/252 AtqE/188 Vel;;hyper_voice/surf/fire_blast/low_kick
mawile_nu_1;mawile;nu;Swords Dance;0;life_orb;sheer_force;jolly;252 Atq/4 Def/252 Vel;;swords_dance/iron_head/sucker_punch/thunder_punch,substitute
mawile_nu_2;mawile;nu;Baton Pass;0;leftovers;intimidate;jolly;252 PS/4 Def/252 Vel;;iron_defense,swords_dance/baton_pass/substitute/taunt
plusle_nu_1;plusle;nu;Offensive Nasty Plot;0;life_orb;;timid;4 PS/252 AtqE/252 Vel;;nasty_plot/thunderbolt/hidden_power/baton_pass
minun_nu_1;minun;nu;Nasty Plot + Baton Pass;0;leftovers;;timid;252 PS/4 Def/252 Vel;;nasty_plot/baton_pass/encore/thunderbolt
kecleon_nu_1;kecleon;nu;Specially Defensive;0;leftovers;;calm;252 PS/4 Def/252 DefE;;stealth_rock/recover/foul_play/toxic,thunder_wave
regirock_nu_1;regirock;nu;Tank;63;leftovers;;impish;240 PS/252 Atq/16 Vel;;stealth_rock/stone_edge,rock_slide/drain_punch/toxic,thunder_wave
regice_nu_1;regice;nu;Offensive Tank;46;leftovers;;modest;248 PS/252 AtqE/8 Vel;;rest/sleep_talk/ice_beam/thunderbolt
regice_nu_2;regice;nu;Rock Polish;45;life_orb;;modest;32 PS/252 AtqE/224 Vel;;rock_polish/ice_beam/thunderbolt/focus_blast
torterra_nu_1;torterra;nu;Choice Band;0;choice_band;;adamant;88 PS/252 Atq/168 Vel;;wood_hammer/earthquake/stone_edge/bullet_seed,toxic
torterra_nu_2;torterra;nu;Tank;0;leftovers;;adamant;180 PS/252 Atq/76 Vel;;stealth_rock/wood_hammer/earthquake/synthesis
torterra_nu_3;torterra;nu;Rock Polish;0;life_orb;;jolly;252 Atq/4 DefE/252 Vel;;rock_polish/wood_hammer/earthquake/stone_edge
serperior_nu_1;serperior;nu;Calm Mind Attacker;79;life_orb;;timid;252 AtqE/4 DefE/252 Vel;;calm_mind/substitute,taunt/giga_drain/hidden_power
samurott_nu_1;samurott;nu;Swords Dance;48;lum_berry,mystic_water;;adamant;200 PS/252 Atq/56 Vel;;swords_dance/razor_shell,waterfall/aqua_jet/megahorn
samurott_nu_2;samurott;nu;All-out Attacker;25;life_orb;;modest;4 Def/252 AtqE/252 Vel;;hydro_pump/ice_beam/hidden_power/megahorn,taunt
stoutland_nu_1;stoutland;nu;Bulky Attacker;0;leftovers;;adamant;252 PS/252 Atq/4 DefE;;return/crunch/superpower/thunder_wave,toxic
simisage_nu_1;simisage;nu;Mixed Attacker;0;life_orb;overgrow;hasty;4 Atq/252 AtqE/252 Vel;;substitute/giga_drain/superpower/hidden_power
simisage_nu_2;simisage;nu;Physical Attacker;0;flying_gem;overgrow;jolly;8 PS/248 Atq/252 Vel;;substitute/seed_bomb/acrobatics/low_kick,endeavor
simisage_nu_3;simisage;nu;Nasty Plot;0;life_orb,salac_berry;;timid;4 PS/252 AtqE/252 Vel;;nasty_plot/giga_drain/focus_blast,substitute/hidden_power
simisear_nu_1;simisear;nu;Substitute + Nasty Plot;0;salac_berry;;timid;4 PS/252 AtqE/252 Vel;;nasty_plot/substitute/fire_blast,flamethrower/focus_blast
simisear_nu_2;simisear;nu;All-Out Attacker;0;life_orb;blaze;hasty;4 Atq/252 AtqE/252 Vel;;fire_blast/grass_knot/superpower/hidden_power
simipour_nu_1;simipour;nu;Nasty Plot;70;life_orb;;timid;4 PS/252 AtqE/252 Vel;;nasty_plot/hydro_pump/ice_beam/hidden_power
simipour_nu_2;simipour;nu;AcroPour;45;flying_gem;torrent;hasty;156 Atq/100 AtqE/252 Vel;;hydro_pump/substitute/acrobatics/endeavor
simipour_nu_3;simipour;nu;SubSalac;60;salac_berry;;timid;4 PS/252 AtqE/252 Vel;;substitute/nasty_plot/hydro_pump/ice_beam
simipour_nu_4;simipour;nu;Choice Scarf;45;choice_scarf;torrent;timid;4 PS/252 AtqE/252 Vel;;hydro_pump/ice_beam/hidden_power/focus_blast,surf
unfezant_nu_1;unfezant;nu;Tailwind Support;0;focus_sash;super_luck;adamant;252 Atq/4 Def/252 Vel;;tailwind/hypnosis/u_turn/return
gigalith_nu_1;gigalith;nu;Custap Lead;0;custap_berry;;adamant;196 PS/252 Atq/60 Vel;;stealth_rock/explosion/rock_blast/earthquake
seismitoad_nu_1;seismitoad;nu;Utility;82;leftovers;water_absorb;relaxed;200 PS/252 Def/56 DefE;;stealth_rock/scald/earth_power/toxic,knock_off
seismitoad_nu_2;seismitoad;nu;Offensive Stealth Rock;78;leftovers;water_absorb;modest;232 PS/252 AtqE/24 Vel;;stealth_rock/hydro_pump/earth_power/toxic,grass_knot
seismitoad_nu_3;seismitoad;nu;Swift Swim;23;life_orb;;modest,mild;4 PS/252 AtqE/252 Vel;;rain_dance/hydro_pump/earth_power,earthquake/stealth_rock,sludge_bomb
leavanny_nu_1;leavanny;nu;Utility;0;life_orb;;jolly;252 Atq/4 Def/252 Vel;;leaf_blade/x_scissor/synthesis/heal_bell
lampent_nu_1;lampent;nu;Trick Room;0;life_orb;flash_fire,flame_body;quiet;248 PS/8 Def/252 AtqE;;trick_room/fire_blast/shadow_ball/energy_ball,memento
arbok_nu_1;arbok;nu;Coil;0;black_sludge;intimidate,shed_skin;jolly;252 Atq/4 Def/252 Vel;;coil/gunk_shot/sucker_punch/earthquake,seed_bomb
farfetchd_nu_1;farfetchd;nu;"Swords Dance ""Sweeper""";0;life_orb;defiant;adamant;252 Atq/4 Def/252 Vel;;swords_dance/brave_bird/leaf_blade/quick_attack
dodrio_nu_1;dodrio;nu;KACAW (Choice Band);0;choice_band;early_bird;jolly;252 Atq/4 Def/252 Vel;;brave_bird/return/pursuit/quick_attack,toxic
electrode_nu_1;electrode;nu;Special Attacker;97;life_orb;aftermath,static;timid;84 PS/252 AtqE/172 Vel;;thunderbolt/volt_switch/hidden_power/signal_beam,taunt
exeggutor_nu_1;exeggutor;nu;LumRest;38;lum_berry;harvest;modest;248 PS/176 AtqE/84 Vel;;rest/sleep_powder/giga_drain/psychic
exeggutor_nu_2;exeggutor;nu;Choice Specs;31;choice_specs;;modest;80 PS/252 AtqE/176 Vel;;leaf_storm/psychic/hidden_power/sleep_powder,giga_drain
exeggutor_nu_3;exeggutor;nu;SubSeed;65;sitrus_berry;harvest;bold;248 PS/176 Def/84 Vel;;substitute/leech_seed/psychic/protect,sleep_powder
exeggutor_nu_4;exeggutor;nu;Sun Sweeper;56;life_orb;;modest;4 Def/252 AtqE/252 Vel;;sunny_day/solar_beam/psychic/sleep_powder,hidden_power
noctowl_nu_1;noctowl;nu;Specially Defensive;0;leftovers;;calm;248 PS/8 Def/252 DefE;;roost/whirlwind/night_shade,air_slash/toxic
ariados_nu_1;ariados;nu;Toxic Spikes;0;focus_sash;insomnia;jolly,adamant;120 PS/252 Atq/4 Def/132 Vel;;toxic_spikes/x_scissor/sucker_punch/baton_pass,poison_jab
magcargo_nu_1;magcargo;nu;Defensive;0;leftovers;flame_body;bold;248 PS/8 Def/252 DefE;;stealth_rock/recover/lava_plume/toxic
corsola_nu_1;corsola;nu;World's Cutest Wall;0;leftovers;regenerator;bold;252 PS/252 Def/4 AtqE;;power_gem/recover/toxic/stealth_rock,scald
mantine_nu_1;mantine;nu;MANtine (Rain Dance);0;life_orb;;modest;64 PS/252 AtqE/192 Vel;;rain_dance/hydro_pump/air_slash/ice_beam,hidden_power
mantine_nu_2;mantine;nu;Physically Defensive;0;leftovers;water_absorb;bold;248 PS/252 Def/8 DefE;;rest/sleep_talk/scald/air_slash
swellow_nu_1;swellow;nu;Guts;82;toxic_orb;;jolly;252 Atq/4 Def/252 Vel;;facade/brave_bird/u_turn/quick_attack
pelipper_nu_1;pelipper;nu;Specially Defensive;0;leftovers;rain_dish;calm;248 PS/44 Def/216 DefE;;scald/roost/toxic/hurricane,u_turn
masquerain_nu_1;masquerain;nu;QuiverPass;0;leftovers;;timid;248 PS/112 Def/148 Vel;;quiver_dance/baton_pass/roost/bug_buzz,air_slash
delcatty_nu_1;delcatty;nu;Calm Mind + Baton Pass;0;leftovers;wonder_skin;bold;252 PS/200 Def/56 Vel;;baton_pass/calm_mind/hyper_voice/substitute
volbeat_nu_1;volbeat;nu;Weather Supporter;32;damp_rock,heat_rock;prankster;bold,relaxed;248 PS/252 Def/8 DefE;;rain_dance,sunny_day/u_turn/encore/thunder_wave
volbeat_nu_2;volbeat;nu;Baton Pass;98;leftovers;prankster;bold;248 PS/252 Def/8 DefE;;tail_glow/baton_pass/substitute/encore,thunder_wave
illumise_nu_1;illumise;nu;Weather Supporter;80;damp_rock,heat_rock;prankster;bold,relaxed;248 PS/252 Def/8 DefE;;rain_dance,sunny_day/u_turn/encore/thunder_wave
torkoal_nu_1;torkoal;nu;Tank;93;leftovers;shell_armor;bold;248 PS/252 Def/8 DefE;;rapid_spin/lava_plume/stealth_rock/yawn
torkoal_nu_2;torkoal;nu;Smashkoal;32;white_herb;shell_armor;timid,modest;4 Def/252 AtqE/252 Vel;;shell_smash/rapid_spin/fire_blast/earth_power,hidden_power
lunatone_nu_1;lunatone;nu;Utility;0;leftovers;;calm;252 PS/4 AtqE/252 DefE;;stealth_rock/moonlight/hidden_power/toxic,psychic
lunatone_nu_2;lunatone;nu;Rock Polish;0;life_orb;;modest;4 PS/252 AtqE/252 Vel;;rock_polish/psychic/hidden_power/baton_pass,earth_power
solrock_nu_1;solrock;nu;Dual Screens;0;light_clay;;jolly;252 PS/4 Atq/252 Vel;;stealth_rock/reflect/light_screen/explosion
solrock_nu_2;solrock;nu;Defensive;0;leftovers;;careful;252 PS/4 Def/252 DefE;;stealth_rock/will_o_wisp/morning_sun/rock_slide
castform_nu_1;castform;nu;Everybody Look At Me I'm Using Castform;30;life_orb,expert_belt;;modest;4 PS/252 AtqE/252 Vel;;sunny_day,rain_dance/weather_ball/thunderbolt/ice_beam
chimecho_nu_1;chimecho;nu;Support;0;focus_sash;;timid;252 PS/4 Def/252 Vel;;healing_wish/yawn/psychic/taunt
wormadam_nu_1;wormadam;nu;Wall;0;leftovers;;calm;248 PS/8 Def/252 DefE;;toxic/protect,synthesis/giga_drain/signal_beam
wormadam_sandy_nu_1;wormadam_sandy;nu;Utility;0;leftovers;;impish;252 PS/252 Def/4 DefE;;stealth_rock/toxic/protect/earthquake
wormadam_trash_nu_1;wormadam_trash;nu;Utility;0;leftovers;;relaxed;252 PS/252 Def/4 DefE;;stealth_rock/toxic/protect/gyro_ball
vanilluxe_nu_1;vanilluxe;nu;Autotomize;0;life_orb,icicle_plate;;modest;78 PS/252 AtqE/180 Vel;30 AtqE/30 DefE;autotomize/ice_beam/hidden_power/flash_cannon
beartic_nu_1;beartic;nu;Bulk Up;0;leftovers;swift_swim;adamant;132 PS/252 Atq/124 Vel;;bulk_up/substitute/icicle_crash/low_kick
beartic_nu_2;beartic;nu;All-Out Attacker;0;life_orb;swift_swim;adamant;32 PS/252 Atq/8 Def/216 Vel;;icicle_crash/superpower/stone_edge/taunt,aqua_jet
weezing_nu_1;weezing;nu;Physically Defensive;72;black_sludge;;bold;252 PS/252 Def/4 DefE;;will_o_wisp/sludge_bomb/flamethrower,pain_split/haze,taunt
leafeon_nu_1;leafeon;nu;Substitute + Swords Dance;0;leftovers;chlorophyll;jolly;136 PS/120 Atq/252 Vel;;swords_dance/substitute/baton_pass/leaf_blade
glaceon_nu_1;glaceon;nu;Choice Specs;0;choice_specs;ice_body;modest;252 AtqE/4 DefE/252 Vel;;ice_beam/hidden_power/signal_beam/baton_pass,frost_breath
shiftry_nu_1;shiftry;nu;Mixed Attacker;76;life_orb;early_bird;rash;88 Atq/244 AtqE/176 Vel;;leaf_storm/sucker_punch/dark_pulse/nature_power
shiftry_nu_2;shiftry;nu;Swords Dance;64;life_orb;early_bird;adamant;252 Atq/4 DefE/252 Vel;;swords_dance/sucker_punch/seed_bomb/nature_power
raticate_nu_1;raticate;nu;Guts;0;flame_orb,toxic_orb;guts;jolly;252 Atq/4 Def/252 Vel;;facade/sucker_punch/u_turn/pursuit,swords_dance
fearow_nu_1;fearow;nu;Physical Attacker;0;choice_band,life_orb;sniper;jolly;252 Atq/4 Def/252 Vel;;return/drill_peck/drill_run/u_turn,pursuit
golbat_nu_1;golbat;nu;Physically Defensive;85;eviolite;;impish;248 PS/228 Def/32 Vel;;taunt/roost/toxic,super_fang/brave_bird
parasect_nu_1;parasect;nu;Utility;0;leftovers;dry_skin;impish;248 PS/252 Def/8 DefE;;spore/leech_seed/seed_bomb/x_scissor,protect
persian_nu_1;persian;nu;Scout;0;life_orb,silk_scarf;technician;jolly;252 Atq/4 Def/252 Vel;;fake_out/u_turn/taunt,bite/return
golduck_nu_1;golduck;nu;Substitute + Calm Mind;0;leftovers;cloud_nine;calm;196 PS/176 DefE/136 Vel;;calm_mind/substitute/surf/signal_beam,ice_beam
primeape_nu_1;primeape;nu;Choice Scarf;70;choice_scarf;;jolly;252 Atq/4 Def/252 Vel;;close_combat/u_turn/ice_punch/stone_edge
primeape_nu_2;primeape;nu;Choice Band;51;choice_band;;jolly;252 Atq/4 Def/252 Vel;;close_combat/u_turn/ice_punch/stone_edge
primeape_nu_3;primeape;nu;Encore;48;fist_plate,expert_belt;;jolly;252 Atq/4 Def/252 Vel;;close_combat/encore/u_turn/punishment,ice_punch
kadabra_nu_1;kadabra;nu;Special Attacker;75;focus_sash,life_orb;magic_guard;timid;4 PS/252 AtqE/252 Vel;;psychic/signal_beam/hidden_power/encore,substitute
tentacool_nu_1;tentacool;nu;Utility;0;eviolite;liquid_ooze;calm;252 PS/80 Def/176 DefE;;rapid_spin/toxic_spikes/scald,sludge_bomb/toxic
rapidash_nu_1;rapidash;nu;Physical Attacker;0;life_orb,choice_band;flash_fire;jolly;252 Atq/4 DefE/252 Vel;;flare_blitz/wild_charge/low_kick/morning_sun,baton_pass
dewgong_nu_1;dewgong;nu;Specially Defensive;0;leftovers;;calm;248 PS/8 Def/252 DefE;;perish_song/toxic/ice_beam/protect,surf
muk_nu_1;muk;nu;Touncher;83;black_sludge;poison_touch;adamant;252 PS/252 Atq/4 Def;;poison_jab/shadow_sneak/ice_punch,fire_punch/memento,curse
muk_nu_2;muk;nu;Choice Band;74;choice_band;poison_touch;adamant;252 PS/252 Atq/4 Def;;poison_jab,gunk_shot/shadow_sneak/ice_punch,fire_punch/explosion
haunter_nu_1;haunter;nu;Life Orb;77;life_orb;;timid;4 Def/252 AtqE/252 Vel;;shadow_ball/sludge_bomb/hidden_power/destiny_bond
haunter_nu_2;haunter;nu;SubDisable;30;black_sludge;;timid;4 Def/252 AtqE/252 Vel;;substitute/disable/shadow_ball/sludge_bomb
haunter_nu_3;haunter;nu;Choice Scarf;51;choice_scarf;;timid;4 Def/252 AtqE/252 Vel;;shadow_ball/sludge_bomb/destiny_bond/trick
hypno_nu_1;hypno;nu;Specially Defensive;0;leftovers;;calm;252 PS/52 Def/204 DefE;;wish/protect/thunder_wave,toxic/foul_play,seismic_toss
kingler_nu_1;kingler;nu;Substitute + Swords Dance;0;salac_berry,lum_berry;;jolly;4 PS/252 Atq/252 Vel;;substitute/swords_dance/crabhammer/return,x_scissor
kingler_nu_2;kingler;nu;Choice Band;0;choice_band;;adamant;4 PS/252 Atq/252 Vel;;crabhammer/x_scissor/double_edge/toxic
marowak_nu_1;marowak;nu;Offensive;0;thick_club;;adamant;200 PS/252 Atq/56 Vel;;bonemerang/stone_edge/double_edge/stealth_rock,substitute
tangela_nu_1;tangela;nu;Tank;70;eviolite;regenerator;bold;248 PS/136 Def/124 DefE;;giga_drain/leech_seed,synthesis/sleep_powder/hidden_power,stun_spore
tangela_nu_2;tangela;nu;Offensive;55;eviolite;regenerator;modest;212 PS/252 AtqE/44 Vel;;leaf_storm/sleep_powder/hidden_power/giga_drain,synthesis
kangaskhan_nu_1;kangaskhan;nu;All-Out Attacker;85;silk_scarf,life_orb;scrappy;jolly,adamant;4 PS/252 Atq/252 Vel;;double_edge,return/earthquake,drain_punch/fake_out/sucker_punch
kangaskhan_nu_2;kangaskhan;nu;Choice Band;60;choice_band;scrappy;jolly,adamant;4 PS/252 Atq/252 Vel;;double_edge/earthquake/sucker_punch/return
kangaskhan_nu_3;kangaskhan;nu;SubPunch;35;leftovers;scrappy;adamant;40 PS/252 Atq/216 Vel;;substitute/focus_punch/sucker_punch/return
seadra_nu_1;seadra;nu;SubDisable;0;eviolite;;timid;4 Def/252 AtqE/252 Vel;;disable/substitute/hydro_pump,scald/ice_beam
seaking_nu_1;seaking;nu;Life Orb;0;life_orb;lightning_rod;lonely;252 Atq/92 AtqE/164 Vel;;waterfall/megahorn/return/ice_beam
electabuzz_nu_1;electabuzz;nu;Eviolite;79;eviolite;vital_spirit;timid;4 PS/252 AtqE/252 Vel;;volt_switch/thunderbolt/focus_blast/hidden_power
electabuzz_nu_2;electabuzz;nu;Choice Scarf;62;choice_scarf;vital_spirit;timid;4 PS/252 AtqE/252 Vel;;volt_switch/thunderbolt/focus_blast/hidden_power
magmar_nu_1;magmar;nu;Eviolite Attacker;0;eviolite;vital_spirit;modest;200 PS/248 AtqE/60 Vel;;flamethrower/focus_blast/hidden_power/will_o_wisp,substitute
pinsir_nu_1;pinsir;nu;Swords Dance;45;life_orb;moxie,mold_breaker;adamant;252 Atq/4 Def/252 Vel;;swords_dance/x_scissor/earthquake/quick_attack
pinsir_nu_2;pinsir;nu;Choice Scarf;85;choice_scarf;moxie;adamant;252 Atq/4 Def/252 Vel;;x_scissor/close_combat/stone_edge/earthquake
tauros_nu_1;tauros;nu;Life Orb;21;life_orb;sheer_force;jolly;4 PS/252 Atq/252 Vel;;rock_climb/earthquake/zen_headbutt/substitute
tauros_nu_2;tauros;nu;Choice Scarf;80;choice_scarf;;adamant,jolly;4 PS/252 Atq/252 Vel;;double_edge/earthquake/stone_edge/pursuit,retaliate
tauros_nu_3;tauros;nu;Substitute + Endeavor;6;life_orb;sheer_force;jolly;8 PS/248 Atq/252 Vel;;substitute/endeavor/rock_climb/zen_headbutt
lapras_nu_1;lapras;nu;Bulky Attacker;55;leftovers,choice_specs;;modest;200 PS/8 Def/252 AtqE/4 DefE/44 Vel;;hydro_pump/thunderbolt/ice_beam/substitute,frost_breath
ditto_nu_1;ditto;nu;Doppelganger;100;choice_scarf;imposter;relaxed;252 PS/252 Def/4 DefE;2 Atq/30 AtqE/3 Vel;transform
flareon_nu_1;flareon;nu;Wish;0;leftovers;;calm;252 PS/4 AtqE/252 DefE;;wish/protect/lava_plume,flamethrower/heal_bell,roar,toxic
flareon_nu_2;flareon;nu;Guts;0;toxic_orb;guts;adamant;252 Atq/4 Def/252 Vel;;facade/superpower/flame_charge/bite,protect
dragonair_nu_1;dragonair;nu;Bulky Dragon Dance;0;eviolite;shed_skin,marvel_scale;careful;252 PS/4 Def/252 DefE;;dragon_dance/rest/outrage/sleep_talk,waterfall
dragonair_nu_2;dragonair;nu;RestTalk;0;eviolite;marvel_scale;careful;244 PS/56 Def/208 DefE;;rest/dragon_tail,outrage/thunder_wave/sleep_talk
furret_nu_1;furret;nu;It's a Trick!;0;choice_band,choice_scarf;frisk;jolly;4 PS/252 Atq/252 Vel;;trick/return,double_edge/u_turn/aqua_tail,shadow_claw
ledian_nu_1;ledian;nu;Love Bug;0;light_clay;early_bird;jolly;152 PS/104 DefE/252 Vel;;encore/light_screen/reflect/u_turn,roost
natu_nu_1;natu;nu;Support;0;eviolite;magic_bounce;bold;248 PS/204 Def/56 Vel;;roost/toxic/reflect/night_shade
sudowoodo_nu_1;sudowoodo;nu;Support;0;leftovers;rock_head;impish;252 PS/4 Atq/252 Def;;stealth_rock/stone_edge/wood_hammer/toxic
sudowoodo_nu_2;sudowoodo;nu;Physical Attacker;0;life_orb,choice_band;rock_head;adamant;4 PS/252 Atq/252 Vel;;stone_edge/wood_hammer/earthquake/sucker_punch
sunflora_nu_1;sunflora;nu;Suicide Sun;0;focus_sash;;hasty;252 AtqE/252 Vel;;sunny_day/solar_beam/hidden_power,earth_power/endeavor,encore
murkrow_nu_1;murkrow;nu;Calm Mind;0;eviolite;prankster;bold;248 PS/252 Def/8 DefE;;calm_mind/roost/dark_pulse/feather_dance,substitute
misdreavus_nu_1;misdreavus;nu;Utility Counter;71;eviolite;;bold;248 PS/220 Def/40 Vel;;will_o_wisp/shadow_ball,foul_play/pain_split/taunt,heal_bell,perish_song
misdreavus_nu_2;misdreavus;nu;Nasty Plot;59;eviolite;;timid;40 PS/252 AtqE/216 Vel;;nasty_plot/shadow_ball/thunderbolt/taunt,will_o_wisp
girafarig_nu_1;girafarig;nu;Baton Pass;0;leftovers;sap_sipper;timid;4 PS/252 AtqE/252 Vel;;baton_pass/calm_mind/psychic/hyper_voice,thunderbolt
pineco_nu_1;pineco;nu;Custap Lead;0;custap_berry;;hasty;252 Atq/252 Vel;;stealth_rock/spikes,toxic_spikes/rapid_spin/endure,bug_bite
pineco_nu_2;pineco;nu;Suicide Lead (Level 1);0;berry_juice;;timid;252 Vel;;stealth_rock/pain_split/spikes/toxic_spikes
dunsparce_nu_1;dunsparce;nu;ParaFlinch;0;leftovers;;careful;252 PS/4 Def/252 DefE;;glare,body_slam/coil/headbutt,rock_slide/roost
shuckle_nu_1;shuckle;nu;Wall;0;leftovers;;impish;252 PS/252 Def/4 DefE;;stealth_rock/toxic/encore/knock_off,protect
sneasel_nu_1;sneasel;nu;Offensive;0;eviolite,life_orb;;jolly;252 Atq/4 DefE/252 Vel;;pursuit/ice_punch/punishment,foul_play/ice_shard,taunt
ursaring_nu_1;ursaring;nu;Quick Feet;0;toxic_orb;quick_feet;jolly;4 PS/252 Atq/252 Vel;;facade/earthquake/crunch/swords_dance,protect
ursaring_nu_2;ursaring;nu;Guts;0;toxic_orb;;adamant,jolly;4 PS/252 Atq/252 Vel;;facade/earthquake/crunch/protect,swords_dance
ursaring_nu_3;ursaring;nu;SubSD;0;leftovers;;adamant;248 PS/124 Atq/52 Def/84 Vel;;substitute/swords_dance/return/earthquake
piloswine_nu_1;piloswine;nu;Stealth Rock;99;eviolite;thick_fat;adamant;240 PS/252 Atq/16 Vel;;stealth_rock/earthquake/icicle_spear/ice_shard
octillery_nu_1;octillery;nu;Choice Specs;0;choice_specs;sniper;modest;92 PS/252 AtqE/164 Vel;;hydro_pump/ice_beam/energy_ball/fire_blast
delibird_nu_1;delibird;nu;Band It Like Beckham;0;choice_band;hustle;jolly;252 Atq/4 DefE/252 Vel;;aerial_ace/ice_shard/ice_punch/focus_punch,brick_break
stantler_nu_1;stantler;nu;All-Out Attacker;0;life_orb;;jolly,adamant;4 PS/252 Atq/252 Vel;;double_edge/sucker_punch/earthquake/toxic
miltank_nu_1;miltank;nu;Mootility;70;leftovers;;careful;252 PS/4 Def/252 DefE;;milk_drink/stealth_rock/heal_bell,toxic/body_slam,return
miltank_nu_2;miltank;nu;Moodoo;83;leftovers;scrappy;careful;252 PS/4 Def/252 DefE;;curse/body_slam,return/milk_drink/heal_bell
mightyena_nu_1;mightyena;nu;Physical Attacker;0;black_glasses,lum_berry;moxie;adamant,jolly;252 Atq/4 DefE/252 Vel;;sucker_punch/crunch/substitute/taunt,toxic
linoone_nu_1;linoone;nu;Belly Drum;85;sitrus_berry,silk_scarf;;adamant;172 PS/252 Atq/44 Def/40 DefE;;belly_drum/extreme_speed/shadow_claw,return/seed_bomb
dustox_nu_1;dustox;nu;I'll bring the flame to the moth myself;0;black_sludge,life_orb;;timid;4 Def/252 AtqE/252 Vel;;quiver_dance/sludge_bomb/bug_buzz/roost,substitute
ludicolo_nu_1;ludicolo;nu;Rain Dance;19;life_orb;;modest,timid;4 PS/252 AtqE/252 Vel;;rain_dance/hydro_pump/giga_drain/ice_beam
ludicolo_nu_2;ludicolo;nu;Specially Defensive;95;leftovers;rain_dish;calm;248 PS/204 DefE/56 Vel;;scald/giga_drain/synthesis/leech_seed
vigoroth_nu_1;vigoroth;nu;Stallbreaker;0;eviolite;;careful;252 PS/224 DefE/32 Vel;;taunt/toxic/slack_off/return
vigoroth_nu_2;vigoroth;nu;Bulk Up;0;eviolite;;careful;252 PS/224 DefE/32 Vel;;bulk_up/taunt/slack_off/return
slaking_nu_1;slaking;nu;Choice Band;0;choice_band;;jolly;252 Atq/4 DefE/252 Vel;;return/earthquake/night_slash/pursuit,retaliate
ninjask_nu_1;ninjask;nu;Baton Pass;70;leftovers;;impish;248 PS/224 Def/36 Vel;;baton_pass/substitute/protect/swords_dance,x_scissor
shedinja_nu_1;shedinja;nu;Pivot;0;focus_sash,lum_berry;;brave;252 Atq;;baton_pass/will_o_wisp/protect/shadow_sneak
shedinja_nu_2;shedinja;nu;Swords Dance;0;focus_sash,lum_berry;;lonely;252 Atq/252 Vel;;swords_dance/shadow_sneak,shadow_claw/x_scissor/protect,will_o_wisp
lairon_nu_1;lairon;nu;Tank;0;eviolite;rock_head;adamant;252 PS/252 Atq/4 Def;;stealth_rock/head_smash/earthquake/roar,toxic
lairon_nu_2;lairon;nu;Offensive;0;eviolite;rock_head;adamant,jolly;4 PS/252 Atq/252 Vel;;autotomize/head_smash/earthquake/iron_head
roselia_nu_1;roselia;nu;Spikes;75;eviolite;;calm;248 PS/8 Def/252 DefE;;spikes/rest,synthesis/giga_drain/sludge_bomb
roselia_nu_2;roselia;nu;Offensive Pivot;62;eviolite;;modest;160 PS/252 AtqE/96 Vel;;sleep_powder/sludge_bomb/giga_drain/synthesis
swalot_nu_1;swalot;nu;Utility;0;black_sludge;;bold,relaxed;252 PS/252 Def/4 DefE;;encore/toxic/sludge_bomb/pain_split,earthquake
wailord_nu_1;wailord;nu;Choice Specs;0;choice_specs;pressure;modest;56 Def/252 AtqE/60 DefE/140 Vel;;water_spout/ice_beam/hidden_power/surf,hydro_pump
camerupt_nu_1;camerupt;nu;Special Tank;95;leftovers;solid_rock;calm;248 PS/8 AtqE/252 DefE;;stealth_rock/lava_plume/earth_power/roar
grumpig_nu_1;grumpig;nu;Utility Support;0;leftovers;;calm;248 PS/8 Def/252 DefE;;heal_bell/psychic/whirlwind/thunder_wave,toxic
spinda_nu_1;spinda;nu;Attacker?;0;life_orb;contrary;brave;252 PS/252 Atq/4 DefE;;double_edge/superpower/sucker_punch/trick_room
cacturne_nu_1;cacturne;nu;Lead;53;focus_sash;water_absorb;jolly;4 PS/252 Atq/252 Vel;;spikes/destiny_bond,swords_dance/sucker_punch/seed_bomb
cacturne_nu_2;cacturne;nu;Physical Sweeper;89;life_orb,leftovers;water_absorb;jolly;4 PS/252 Atq/252 Vel;;swords_dance/sucker_punch/seed_bomb/drain_punch,substitute
altaria_nu_1;altaria;nu;Choice Specs;15;choice_specs;;modest;252 AtqE/4 DefE/252 Vel;;draco_meteor/fire_blast/dragon_pulse/rest
altaria_nu_2;altaria;nu;Bulky Dragon Dance;65;leftovers;;careful;248 PS/196 DefE/64 Vel;;dragon_dance/roost/dragon_claw/substitute,heal_bell
zangoose_nu_1;zangoose;nu;All-Out Attacker;99;toxic_orb;toxic_boost;jolly;252 Atq/4 DefE/252 Vel;;facade/close_combat/night_slash/quick_attack
zangoose_nu_2;zangoose;nu;Swords Dance;86;toxic_orb;toxic_boost;jolly;252 Atq/4 DefE/252 Vel;;swords_dance/facade/close_combat/quick_attack,night_slash
seviper_nu_1;seviper;nu;Mixed Attacker;0;life_orb;;naive;4 Atq/252 AtqE/252 Vel;;sludge_bomb/flamethrower/giga_drain/sucker_punch
whiscash_nu_1;whiscash;nu;Dragon Dance;0;leftovers;hydration;adamant;172 PS/80 Atq/32 Def/224 Vel;;dragon_dance/substitute/earthquake/waterfall
cradily_nu_1;cradily;nu;Support;85;leftovers;storm_drain;relaxed;252 PS/252 Def/4 DefE;;stealth_rock/giga_drain/rock_slide,toxic/recover
cradily_nu_2;cradily;nu;Mono-Attacker;25;leftovers;;careful;252 PS/4 Def/252 DefE;;curse/rest/sleep_talk/rock_slide,seed_bomb
armaldo_nu_1;armaldo;nu;Swift Swim;29;lum_berry,life_orb;swift_swim;adamant;252 Atq/4 Def/252 Vel;;swords_dance/rock_blast,stone_edge/aqua_tail/rapid_spin
banette_nu_1;banette;nu;Suicide Trick Room;0;focus_sash;;brave;252 Atq;;trick_room/taunt/shadow_claw,curse/destiny_bond
tropius_nu_1;tropius;nu;SubSeed;0;sitrus_berry;harvest;bold;248 PS/144 Def/116 Vel;;leech_seed/substitute/air_slash/protect,toxic
glalie_nu_1;glalie;nu;Spikes Lead;0;focus_sash;;hasty,naive;252 Atq/4 AtqE/252 Vel;;spikes/taunt/explosion/ice_beam
walrein_nu_1;walrein;nu;Specially Defensive;0;leftovers;;calm;248 PS/8 Def/252 DefE;;toxic/ice_beam/roar,encore/surf,protect
huntail_nu_1;huntail;nu;Shell Smash;0;white_herb;water_veil;naive;252 Atq/4 AtqE/252 Vel;;shell_smash/waterfall/return/ice_beam
gorebyss_nu_1;gorebyss;nu;Shell Smash;81;life_orb,lum_berry;;timid;4 PS/252 AtqE/252 Vel;;shell_smash/surf/signal_beam/substitute,ice_beam
relicanth_nu_1;relicanth;nu;Choice Band;0;choice_band;rock_head;adamant;252 Atq/4 Def/252 Vel;;head_smash/waterfall/earthquake/double_edge
relicanth_nu_2;relicanth;nu;Support;0;leftovers;rock_head;impish;252 PS/172 Def/84 Vel;;stealth_rock/head_smash/waterfall,earthquake/toxic,yawn
luvdisc_nu_1;luvdisc;nu;Eat Your Heart Out Alomomola;0;damp_rock,life_orb;;modest;156 PS/252 AtqE/100 Vel;;rain_dance/surf,hydro_pump/ice_beam/hidden_power
shelgon_nu_1;shelgon;nu;Bulky Dragon Dance;0;eviolite;overcoat;impish;252 PS/20 Atq/236 Def;;dragon_dance/outrage/rest/sleep_talk
shelgon_nu_2;shelgon;nu;Physically Defensive;0;eviolite;;impish;252 PS/236 Def/20 DefE;;wish/protect/toxic,roar/dragon_claw
metang_nu_1;metang;nu;Offensive Utility;74;eviolite;;adamant;252 PS/176 Atq/80 DefE;;stealth_rock/meteor_mash/toxic/bullet_punch
metang_nu_2;metang;nu;Physically Defensive;63;eviolite;;impish;252 PS/252 Def/4 DefE;;stealth_rock/meteor_mash/toxic/psych_up
bibarel_nu_1;bibarel;nu;Simple Sweeper;0;chesto_berry;;adamant;252 PS/252 Atq/4 DefE;;curse/rest/waterfall/quick_attack
kricketune_nu_1;kricketune;nu;np Sabre Dance - Aram Khachaturian;0;life_orb;technician;jolly;252 Atq/4 Def/252 Vel;;swords_dance/bug_bite/brick_break/return,night_slash
luxray_nu_1;luxray;nu;Guts;70;flame_orb;guts;jolly;4 PS/252 Atq/252 Vel;;wild_charge/superpower/facade/crunch
luxray_nu_2;luxray;nu;Wallbreaker;0;life_orb;intimidate;rash;60 Atq/252 AtqE/196 Vel;;thunderbolt/superpower/hidden_power/volt_switch,signal_beam
luxray_nu_3;luxray;nu;Choice;45;choice_band,choice_scarf;intimidate,guts;jolly,adamant;4 PS/252 Atq/252 Vel;;wild_charge/superpower/ice_fang/volt_switch,crunch
rampardos_nu_1;rampardos;nu;Choice Band;45;choice_band;;adamant,jolly;252 Atq/4 DefE/252 Vel;;head_smash/earthquake/crunch/stone_edge,rock_slide
bastiodon_nu_1;bastiodon;nu;Utility;0;leftovers;;calm;248 PS/8 Def/252 DefE;;stealth_rock/roar/magic_coat/toxic
mothim_nu_1;mothim;nu;Choice Specs;0;choice_specs;tinted_lens;rash;4 Atq/252 AtqE/252 Vel;;bug_buzz/air_slash/sleep_talk/u_turn
vespiquen_nu_1;vespiquen;nu;Wall;0;leftovers;;impish;248 PS/252 Def/8 DefE;;protect/roost/toxic/attack_order
pachirisu_nu_1;pachirisu;nu;Generous Sparky;0;lum_berry,zap_plate;volt_absorb;timid;156 PS/56 AtqE/44 DefE/252 Vel;;bestow,fling/covet/volt_switch/super_fang,toxic
floatzel_nu_1;floatzel;nu;Mixed Attacker;30;life_orb;water_veil,swift_swim;naive;4 Atq/252 AtqE/252 Vel;;hydro_pump/ice_beam,ice_punch/crunch/hidden_power,low_kick
floatzel_nu_2;floatzel;nu;Choice Band;62;choice_band;water_veil,swift_swim;jolly;4 PS/252 Atq/252 Vel;;waterfall/ice_punch/return/switcheroo,aqua_jet
floatzel_nu_3;floatzel;nu;Bulk Up;37;leftovers;water_veil;jolly;252 PS/4 Atq/252 Vel;;bulk_up/baton_pass/waterfall/taunt,return,ice_punch
drifblim_nu_1;drifblim;nu;AcroBlimp;26;flying_gem;unburden;jolly;252 Atq/4 Def/252 Vel;;acrobatics/will_o_wisp/substitute,disable/destiny_bond,disable
drifblim_nu_2;drifblim;nu;SubCM;80;ghost_gem;unburden;modest;4 Def/252 AtqE/252 Vel;;substitute/calm_mind/shadow_ball/thunderbolt,hidden_power
lopunny_nu_1;lopunny;nu;Klutz;0;choice_scarf;klutz;jolly;248 PS/8 DefE/252 Vel;;switcheroo/encore/healing_wish/baton_pass,thunder_wave
purugly_nu_1;purugly;nu;Pivot;0;silk_scarf,life_orb;;jolly;4 PS/252 Atq/252 Vel;;u_turn/return/fake_out/sucker_punch
skuntank_nu_1;skuntank;nu;Offensive Support;65;black_sludge,lum_berry;aftermath;adamant;252 Atq/176 DefE/80 Vel;;sucker_punch/pursuit/poison_jab,crunch/taunt
bronzor_nu_1;bronzor;nu;Calm Mind;0;eviolite;;bold;248 PS/252 Def/8 DefE;;calm_mind/rest/flash_cannon/toxic,sleep_talk
chatot_nu_1;chatot;nu;Choice Specs;0;choice_specs;;timid;252 AtqE/4 DefE/252 Vel;;hyper_voice/heat_wave/u_turn/hidden_power
gabite_nu_1;gabite;nu;Tank;85;eviolite;rough_skin;jolly,naive;64 PS/252 Atq/192 Vel;;stealth_rock/outrage/earthquake/toxic,fire_blast
munchlax_nu_1;munchlax;nu;RestTalk;0;eviolite;thick_fat;careful;136 PS/120 Def/252 DefE;;rest/sleep_talk/body_slam/whirlwind
munchlax_nu_2;munchlax;nu;Offensive Tank;0;eviolite;thick_fat;adamant;252 Atq/120 Def/136 DefE;;body_slam,return/earthquake/pursuit/toxic,sleep_talk,curse
carnivine_nu_1;carnivine;nu;Swords Dance;0;focus_sash;;jolly;4 PS/252 Atq/252 Vel;;swords_dance/power_whip/sleep_powder/return
lumineon_nu_1;lumineon;nu;Utility;0;damp_rock,leftovers;swift_swim,storm_drain;jolly;252 PS/4 Def/252 Vel;;rain_dance,tailwind/u_turn/waterfall/toxic
lickilicky_nu_1;lickilicky;nu;Support;0;leftovers;;careful;252 PS/4 Def/252 DefE;;wish/heal_bell/protect/body_slam,dragon_tail
lickilicky_nu_2;lickilicky;nu;Swords Dance;30;leftovers;cloud_nine;careful;172 PS/84 Atq/128 DefE/124 Vel;;swords_dance/substitute/body_slam,return/power_whip
lickilicky_nu_3;lickilicky;nu;Choice Band;15;choice_band;cloud_nine;adamant;132 PS/252 Atq/124 Vel;;return/power_whip/explosion/earthquake
probopass_nu_1;probopass;nu;Defensive;55;leftovers;;calm;252 PS/56 AtqE/200 DefE;;stealth_rock/power_gem/toxic/volt_switch
probopass_nu_2;probopass;nu;Trapper;73;air_balloon,leftovers;magnet_pull;modest;160 PS/252 AtqE/96 Vel;;stealth_rock/power_gem,flash_cannon/earth_power/volt_switch
rotom_frost_nu_1;rotom_frost;nu;Choice Scarf;42;choice_scarf;;timid;252 AtqE/4 DefE/252 Vel;;thunderbolt/blizzard/volt_switch/trick
rotom_frost_nu_2;rotom_frost;nu;Substitute;47;leftovers;;timid;252 AtqE/4 DefE/252 Vel;;substitute/blizzard/thunderbolt/pain_split,will_o_wisp,volt_switch
rotom_fan_nu_1;rotom_fan;nu;Choice Scarf;52;choice_scarf;;timid;4 Def/252 AtqE/252 Vel;;thunderbolt/air_slash/volt_switch/trick
rotom_fan_nu_2;rotom_fan;nu;Expert Belt;46;expert_belt;;timid;4 Def/252 AtqE/252 Vel;;volt_switch/hidden_power/air_slash/thunderbolt
rotom_fan_nu_3;rotom_fan;nu;Defensive;15;leftovers;;bold;224 PS/220 Def/64 Vel;;pain_split/discharge,substitute/air_slash/will_o_wisp
regigigas_nu_1;regigigas;nu;One-Hit Wonder;0;leftovers;;adamant;252 PS/252 Atq/4 Def;;thunder_wave/confuse_ray/substitute/return
phione_nu_1;phione;nu;Rain Dance;0;damp_rock;;bold;252 PS/252 Def/4 DefE;;rain_dance/u_turn/rest/scald,toxic
watchog_nu_1;watchog;nu;The Namib Special;0;life_orb;analytic;adamant;252 PS/252 Atq/4 DefE;;return/hypnosis/super_fang/toxic,thunder_wave
liepard_nu_1;liepard;nu;Pivot;75;dread_plate;prankster;jolly;4 PS/252 Atq/252 Vel;;encore/sucker_punch/u_turn/pursuit,night_slash
liepard_nu_2;liepard;nu;Weather Support;64;damp_rock,heat_rock;prankster;jolly;4 PS/252 Atq/252 Vel;;rain_dance,sunny_day/encore/u_turn/sucker_punch
musharna_nu_1;musharna;nu;Support Pivot;71;leftovers;synchronize;bold;240 PS/252 Def/16 DefE;;moonlight/toxic,yawn,thunder_wave/baton_pass,heal_bell/psychic
musharna_nu_2;musharna;nu;Calm Mind;80;leftovers;synchronize;bold;240 PS/252 Def/16 DefE;;calm_mind/moonlight/psychic/heal_bell,baton_pass,signal_beam
musharna_nu_3;musharna;nu;Offensive Trick Room;37;life_orb;synchronize;quiet;248 PS/8 Def/252 AtqE;30 PS/3 Vel;trick_room/psychic/signal_beam/moonlight,hidden_power
musharna_nu_4;musharna;nu;Choice Specs;29;choice_specs;synchronize;modest;248 PS/8 Def/252 AtqE;;psychic/signal_beam/baton_pass,hidden_power/trick,sleep_talk
zebstrika_nu_1;zebstrika;nu;Special Attacker;0;life_orb;;timid;252 AtqE/4 DefE/252 Vel;;thunderbolt/volt_switch/overheat/hidden_power
zebstrika_nu_2;zebstrika;nu;Choice Scarf;0;choice_scarf;;modest;252 AtqE/4 DefE/252 Vel;;volt_switch/thunderbolt/overheat/hidden_power
swoobat_nu_1;swoobat;nu;SubSalac;0;salac_berry;simple;timid;4 PS/252 AtqE/252 Vel;;substitute/calm_mind/stored_power/heat_wave
audino_nu_1;audino;nu;Cleric;25;leftovers;regenerator;careful;252 PS/4 Def/252 DefE;;wish/heal_bell/protect,toxic/double_edge
gurdurr_nu_1;gurdurr;nu;Bulky Attacker;75;eviolite;iron_fist,guts;adamant;252 PS/252 Atq/4 Def;;drain_punch/mach_punch/ice_punch/knock_off,stone_edge
gurdurr_nu_2;gurdurr;nu;Bulk Up;80;eviolite;;adamant;252 PS/252 Atq/4 Def;;bulk_up/drain_punch/mach_punch/payback,ice_punch
throh_nu_1;throh;nu;Bulky Phazer;0;leftovers,chesto_berry;;careful;252 PS/4 Atq/252 DefE;;circle_throw/bulk_up/rest/sleep_talk,payback
throh_nu_2;throh;nu;Substitute + Bulk Up;0;leftovers;mold_breaker;adamant;92 PS/132 Atq/120 DefE/164 Vel;;substitute/bulk_up/storm_throw/ice_punch
sawk_nu_1;sawk;nu;Choice Band;69;choice_band;mold_breaker;adamant;4 PS/252 Atq/252 Vel;;close_combat/earthquake/ice_punch/stone_edge
sawk_nu_2;sawk;nu;Choice Scarf;68;choice_scarf;;adamant;4 PS/252 Atq/252 Vel;;close_combat/ice_punch/stone_edge/toxic,earthquake,knock_off
basculin_nu_1;basculin;nu;Choice Band;73;choice_band;adaptability;adamant;4 PS/252 Atq/252 Vel;;waterfall/aqua_jet/double_edge/superpower
maractus_nu_1;maractus;nu;Spikes;0;focus_sash;storm_drain;naughty;252 Atq/48 AtqE/208 Vel;;spikes/bullet_seed/grass_knot/sucker_punch
dwebble_nu_1;dwebble;nu;Custap Lead;0;custap_berry;;jolly;252 PS/4 Def/252 Vel;;stealth_rock/spikes/endure,knock_off/rock_blast
scraggy_nu_1;scraggy;nu;Bulk Up;0;eviolite;;careful;248 PS/8 Atq/252 DefE;;bulk_up/drain_punch/crunch/rest
scraggy_nu_2;scraggy;nu;Dragon Dance;0;eviolite;;jolly;4 PS/252 Atq/252 Vel;;dragon_dance/high_jump_kick/crunch/drain_punch
carracosta_nu_1;carracosta;nu;Shell Smash;69;life_orb;;adamant,jolly;252 Atq/4 Def/252 Vel;;shell_smash/waterfall/stone_edge/aqua_jet
carracosta_nu_2;carracosta;nu;Tank;44;leftovers;;adamant;248 PS/252 Atq/8 Def;;stealth_rock/waterfall/stone_edge/aqua_jet,toxic
garbodor_nu_1;garbodor;nu;Spikes;61;rocky_helmet,black_sludge;aftermath;impish;252 PS/240 Def/16 Vel;;spikes/toxic/pain_split,toxic_spikes/rock_blast,gunk_shot
duosion_nu_1;duosion;nu;Calm Mind;0;eviolite;magic_guard;bold;252 PS/252 Def/4 AtqE;;calm_mind/psychic/thunder,signal_beam/recover
duosion_nu_2;duosion;nu;Offensive Trick Room;0;eviolite;regenerator;quiet;252 PS/4 Def/252 AtqE;3 Vel;trick_room/psychic/thunder/signal_beam,hidden_power
swanna_nu_1;swanna;nu;Offensive;0;life_orb;hydration;timid;4 Def/252 AtqE/252 Vel;;surf/hurricane/rain_dance,substitute/rest,roost
sawsbuck_nu_1;sawsbuck;nu;Swords Dance;84;life_orb;sap_sipper;jolly;4 PS/252 Atq/252 Vel;;swords_dance/double_edge,return/horn_leech/nature_power,substitute
sawsbuck_nu_2;sawsbuck;nu;Choice Scarf;47;choice_scarf;sap_sipper;jolly;4 PS/252 Atq/252 Vel;;double_edge/horn_leech/nature_power/baton_pass
emolga_nu_1;emolga;nu;Tailwind Support;0;leftovers;motor_drive;timid;4 Def/252 AtqE/252 Vel;;tailwind/encore/u_turn/air_slash,taunt
frillish_nu_1;frillish;nu;Physically Defensive;0;eviolite;;bold;248 PS/160 Def/100 Vel;;recover/night_shade/will_o_wisp/taunt,scald
alomomola_nu_1;alomomola;nu;Wish;85;leftovers;regenerator;impish;104 PS/252 Def/152 DefE;;wish/protect/waterfall/toxic
klang_nu_1;klang;nu;Mono-Attacker;70;eviolite;clear_body;impish;240 PS/136 Def/40 DefE/92 Vel;;shift_gear/rest/gear_grind/sleep_talk
klang_nu_2;klang;nu;Offensive Shift Gear;85;eviolite;clear_body;adamant;88 PS/252 Atq/168 Vel;;shift_gear/gear_grind/return,wild_charge/substitute,magnet_rise
eelektross_nu_1;eelektross;nu;Eebeltross;42;expert_belt;;rash;140 Atq/244 AtqE/124 Vel;;thunderbolt/superpower/flamethrower/giga_drain
eelektross_nu_2;eelektross;nu;Special Attacker;64;leftovers,choice_specs;;modest;172 PS/252 AtqE/84 Vel;;volt_switch/giga_drain/flamethrower/thunderbolt
eelektross_nu_3;eelektross;nu;Physical Attacker;11;choice_band,expert_belt;;adamant;132 PS/252 Atq/124 Vel;;u_turn/thunder_punch/superpower,drain_punch/aqua_tail
beheeyem_nu_1;beheeyem;nu;Choice Specs;100;choice_specs;analytic;modest;248 PS/8 Def/252 AtqE;;psychic/thunderbolt/signal_beam/trick
beheeyem_nu_2;beheeyem;nu;Trick Room;60;life_orb;analytic;quiet;248 PS/8 Def/252 AtqE;;trick_room/psychic/thunderbolt/signal_beam
fraxure_nu_1;fraxure;nu;Dragon Dance;84;eviolite;mold_breaker;jolly;4 PS/252 Atq/252 Vel;;dragon_dance/outrage/low_kick/taunt,substitute
fraxure_nu_2;fraxure;nu;Choice Band;31;choice_band;mold_breaker;adamant;4 PS/252 Atq/252 Vel;;outrage/superpower/aqua_tail/dragon_claw
stunfisk_nu_1;stunfisk;nu;Physically Defensive;0;leftovers;;bold;252 PS/252 Def/4 DefE;;stealth_rock/discharge/earth_power/toxic
golurk_nu_1;golurk;nu;Choice Band;32;choice_band;;adamant;80 PS/252 Atq/176 Vel;;earthquake/shadow_punch/ice_punch/drain_punch
golurk_nu_2;golurk;nu;Stealth Rock;56;leftovers;;adamant;80 PS/252 Atq/176 Vel;;stealth_rock/earthquake/shadow_punch/ice_punch
braviary_nu_1;braviary;nu;Substitute + Bulk Up;35;leftovers;defiant;careful;252 PS/192 DefE/64 Vel;;bulk_up/roost/substitute/brave_bird
braviary_nu_2;braviary;nu;Choice Band;83;choice_band;defiant;jolly;252 Atq/4 Def/252 Vel;;brave_bird/return/superpower/u_turn
braviary_nu_3;braviary;nu;Choice Scarf;76;choice_scarf;defiant;adamant;252 Atq/4 Def/252 Vel;;brave_bird/return/superpower/u_turn
mandibuzz_nu_1;mandibuzz;nu;Physically Defensive;76;leftovers;;bold;248 PS/148 Def/112 Vel;;foul_play/taunt/roost/toxic
heatmor_nu_1;heatmor;nu;Mixed Attacker;0;life_orb;flash_fire;rash;132 Atq/252 AtqE/124 Vel;;fire_blast/giga_drain/superpower/sucker_punch
zweilous_nu_1;zweilous;nu;Specially Defensive;0;eviolite;;careful;248 PS/200 DefE/60 Vel;;rest/sleep_talk/roar/dragon_tail,crunch
zweilous_nu_2;zweilous;nu;Offensive Tank;0;eviolite;;jolly;48 PS/252 Atq/208 Vel;;outrage/substitute/toxic/crunch,superpower
vileplume_pu_1;vileplume;pu;Cleric;58;black_sludge,occa_berry;effect_spore;bold;248 PS/208 Def/52 Vel;;aromatherapy/giga_drain/sludge_bomb/synthesis
victreebel_pu_1;victreebel;pu;Sun Sweeper;72;life_orb;;modest;4 Def/252 AtqE/252 Vel;;solar_beam/sludge_bomb/weather_ball/sunny_day,hidden_power,growth
articuno_pu_1;articuno;pu;Specially Defensive;56;leftovers;;calm;248 PS/8 AtqE/252 DefE;;substitute/roost/ice_beam/toxic,roar
jumpluff_pu_1;jumpluff;pu;Pivot;60;flying_gem;;jolly;252 Atq/4 Def/252 Vel;;acrobatics/synthesis/u_turn/encore,aromatherapy,swords_dance
mawile_pu_1;mawile;pu;Swords Dance Wallbreaker;50;life_orb;sheer_force;adamant;192 PS/252 Atq/64 Vel;;swords_dance/iron_head/sucker_punch/ice_punch,fire_fang,thunder_punch
mawile_pu_2;mawile;pu;Defensive;48;leftovers;intimidate;impish;248 PS/252 Def/8 Vel;;stealth_rock/iron_head/toxic/knock_off,pain_split
torterra_pu_1;torterra;pu;Offensive Tank;56;yache_berry,occa_berry;shell_armor;adamant;252 PS/76 Atq/180 DefE;;earthquake/stone_edge,wood_hammer/synthesis/stealth_rock,rock_polish,swords_dance,toxic
torterra_pu_2;torterra;pu;Physically Defensive;65;leftovers;shell_armor;impish;248 PS/252 Def/8 DefE;;stealth_rock/synthesis/wood_hammer/swords_dance,roar,earthquake,toxic
torterra_pu_3;torterra;pu;Choice Band;34;choice_band;;adamant;252 Atq/4 DefE/252 Vel;;wood_hammer/earthquake/stone_edge/superpower,seed_bomb
torterra_pu_4;torterra;pu;Double Dance;42;life_orb,yache_berry;overgrow,shell_armor;jolly;252 Atq/4 Def/252 Vel;;rock_polish/swords_dance/wood_hammer,stone_edge/earthquake,stone_edge
monferno_pu_1;monferno;pu;All-Out Attacker;65;eviolite,life_orb;iron_fist;jolly;252 Atq/4 Def/252 Vel;;close_combat/flare_blitz/mach_punch/u_turn,thunder_punch
monferno_pu_2;monferno;pu;Swords Dance;60;eviolite,life_orb;iron_fist;jolly;252 Atq/4 Def/252 Vel;;swords_dance/close_combat/flare_blitz,fire_punch/mach_punch,thunder_punch
monferno_pu_3;monferno;pu;Choiced Attacker;50;choice_scarf,choice_band;;jolly;252 Atq/4 Def/252 Vel;;close_combat/flare_blitz/thunder_punch,mach_punch/u_turn,mach_punch
stoutland_pu_1;stoutland;pu;Wallbreaker;88;choice_band;intimidate,scrappy;adamant;252 Atq/4 Def/252 Vel;;return/superpower/pursuit/facade,fire_fang
simisage_pu_1;simisage;pu;Mixed Wallbreaker;90;flying_gem;overgrow;naive;252 Atq/4 AtqE/252 Vel;;leaf_storm,giga_drain/superpower/acrobatics/taunt
simisear_pu_1;simisear;pu;Choice Item;37;choice_specs,choice_scarf;blaze;timid;252 AtqE/4 DefE/252 Vel;;flamethrower/focus_blast/hidden_power/overheat
simisear_pu_2;simisear;pu;Nasty Plot;52;salac_berry,life_orb;gluttony,blaze;timid;4 PS/252 AtqE/252 Vel;;substitute/nasty_plot/flamethrower/focus_blast
arbok_pu_1;arbok;pu;Coil;55;leftovers,life_orb,shuca_berry;intimidate,shed_skin;adamant;252 Atq/4 Def/252 Vel;;coil/gunk_shot/earthquake/sucker_punch,fire_fang
arbok_pu_2;arbok;pu;Choice Scarf;38;choice_scarf;shed_skin;jolly;252 Atq/4 Def/252 Vel;;poison_jab,gunk_shot/earthquake/switcheroo/fire_fang,coil,sucker_punch
dodrio_pu_1;dodrio;pu;Choice Scarf;74;choice_scarf;tangled_feet;adamant,jolly;252 Atq/4 DefE/252 Vel;;brave_bird/return/pursuit,quick_attack/drill_peck,quick_attack
dodrio_pu_2;dodrio;pu;Choice Band;64;choice_band;tangled_feet;jolly;252 Atq/4 Def/252 Vel;;brave_bird/return/quick_attack/pursuit,drill_peck
mantine_pu_1;mantine;pu;Special Wall;63;leftovers;water_absorb;bold;248 PS/148 Def/112 DefE;;rest/sleep_talk/scald/toxic,hidden_power,air_slash
volbeat_pu_1;volbeat;pu;Support;74;leftovers,heat_rock;prankster;relaxed;248 PS/252 Def/4 DefE;;u_turn/roost/encore/sunny_day,rain_dance,thunder_wave,toxic
vanilluxe_pu_1;vanilluxe;pu;Choice Scarf;44;choice_scarf;weak_armor,ice_body;modest;252 AtqE/4 DefE/252 Vel;;ice_beam/hidden_power/flash_cannon/frost_breath
shiftry_pu_1;shiftry;pu;Choice Specs;15;choice_specs;;modest,mild;252 AtqE/4 DefE/252 Vel;;dark_pulse/leaf_storm/hidden_power/focus_blast,sucker_punch
shiftry_pu_2;shiftry;pu;Swords Dance;74;life_orb,dark_gem;;adamant;252 Atq/4 DefE/252 Vel;;swords_dance/seed_bomb/sucker_punch/nature_power
golduck_pu_1;golduck;pu;SubCM;36;leftovers,life_orb;cloud_nine;timid;252 AtqE/4 DefE/252 Vel;;substitute/calm_mind/scald/ice_beam
golduck_pu_2;golduck;pu;Choice Scarf;64;choice_scarf;cloud_nine;timid;252 AtqE/4 DefE/252 Vel;;hydro_pump,surf/ice_beam/hidden_power/focus_blast,encore
abra_pu_1;abra;pu;Revenge Killer;80;focus_sash;magic_guard;timid;4 PS/252 AtqE/252 Vel;;psychic/signal_beam/thunder_wave,encore/knock_off,encore
machoke_pu_1;machoke;pu;Physical Tank;63;eviolite;no_guard;impish;248 PS/216 Def/44 Vel;;rest/sleep_talk/dynamic_punch/toxic,ice_punch,thunder_punch
tentacool_pu_1;tentacool;pu;Rapid Spinner;85;eviolite;liquid_ooze;calm;248 PS/8 Def/252 DefE;;rapid_spin/toxic_spikes/scald/knock_off,sludge_bomb,rest
rapidash_pu_1;rapidash;pu;Physical Attacker;87;leftovers,life_orb;flash_fire;jolly;252 Atq/4 Def/252 Vel;;flare_blitz/morning_sun/wild_charge/drill_run,will_o_wisp
magikarp_pu_1;magikarp;pu;One Speed, One Gear, One Moveset;0;choice_scarf,focus_sash,choice_band,life_orb,leftovers,air_balloon,eject_button,stick;;jolly,adamant;4 PS/252 Atq/252 Vel;;splash/tackle/flail/bounce
chinchou_pu_1;chinchou;pu;Special Wall;0;eviolite;;calm;248 PS/8 Def/252 DefE;;rest/sleep_talk,discharge/scald/volt_switch,discharge
natu_pu_1;natu;pu;Utility;96;eviolite;magic_bounce;relaxed;248 PS/252 Def/8 DefE;;night_shade/roost/u_turn/toxic,reflect
unown_pu_1;unown;pu;The Most Almighty Unown;0;choice_specs;;modest;4 PS/252 AtqE/252 Vel;;hidden_power
unown_pu_2;unown;pu;The Swift Death;0;choice_scarf;;timid,modest;4 PS/252 AtqE/252 Vel;;hidden_power
ursaring_pu_1;ursaring;pu;RestTalk;15;leftovers;;careful;248 PS/8 Def/252 DefE;;return,body_slam/bulk_up/rest/sleep_talk,crunch
ursaring_pu_2;ursaring;pu;Quick Feet;55;toxic_orb;quick_feet;jolly;252 Atq/4 Def/252 Vel;;facade/close_combat/crunch/protect,swords_dance
banette_pu_1;banette;pu;Spinblocker;69;choice_band,ghost_gem;frisk;adamant;212 PS/252 Atq/44 Vel;;shadow_claw/pursuit/trick,shadow_sneak,return/sucker_punch,shadow_sneak,return
glalie_pu_1;glalie;pu;Offensive Spikes;63;leftovers,focus_sash;;naive;4 Atq/252 AtqE/252 Vel;;spikes/taunt/ice_beam/earthquake,explosion
huntail_pu_1;huntail;pu;Shell Smash;76;white_herb,life_orb;water_veil;modest,naughty;4 Def/252 AtqE/252 Vel;;shell_smash/hydro_pump,waterfall/ice_beam/hidden_power,crunch
rampardos_pu_1;rampardos;pu;Lead;47;focus_sash;;naive;252 Atq/4 AtqE/252 Vel;;stealth_rock/head_smash,stone_edge/earthquake/ice_beam
purugly_pu_1;purugly;pu;Revenge Killer;74;silk_scarf,leftovers;;jolly;252 Atq/4 Def/252 Vel;;fake_out/return/sucker_punch/u_turn
bronzor_pu_1;bronzor;pu;Support Wall;81;eviolite;;bold;252 PS/192 Def/64 DefE;;psywave/toxic/rest/stealth_rock,sleep_talk
gabite_pu_1;gabite;pu;Offensive;85;choice_band,choice_scarf;rough_skin;jolly;252 Atq/4 Def/252 Vel;;outrage/earthquake/dragon_claw/stone_edge
gabite_pu_2;gabite;pu;Defensive;49;eviolite;rough_skin;impish;252 PS/176 Def/80 Vel;;stealth_rock/earthquake/dragon_claw,toxic/roar,toxic
zebstrika_pu_1;zebstrika;pu;Offensive Pivot;77;life_orb,expert_belt,fire_gem;lightning_rod,sap_sipper;timid;252 AtqE/4 DefE/252 Vel;;thunderbolt/volt_switch/overheat/hidden_power
swoobat_pu_1;swoobat;pu;Choiced Disruptor;44;choice_specs;;timid;4 Def/252 AtqE/252 Vel;;psychic/signal_beam/u_turn/air_slash,heat_wave,trick
audino_pu_1;audino;pu;Specially Defensive;61;leftovers;regenerator;careful;252 PS/4 Def/252 DefE;;wish/protect/return/heal_bell,encore,toxic
maractus_pu_1;maractus;pu;Defensive;80;leftovers;;bold;252 PS/172 Def/84 Vel;;spikes/synthesis/giga_drain/knock_off,hidden_power,toxic
maractus_pu_2;maractus;pu;Offensive;94;leftovers;water_absorb,storm_drain;modest,adamant;248 PS/124 AtqE/136 Vel;;spikes/synthesis/giga_drain,seed_bomb/hidden_power,sucker_punch
dwebble_pu_1;dwebble;pu;Entry Hazard Lead;75;custap_berry;;jolly;252 Atq/4 Def/252 Vel;;stealth_rock/spikes/rock_blast/toxic,knock_off,shell_smash,endure
scraggy_pu_1;scraggy;pu;Bulk Up;85;eviolite;;careful;252 PS/236 DefE/20 Vel;;bulk_up/drain_punch/crunch/rest
duosion_pu_1;duosion;pu;Bulky Calm Mind;80;eviolite;magic_guard;bold;252 PS/252 Def/4 AtqE;;calm_mind/recover/psyshock,psychic/acid_armor,signal_beam
swanna_pu_1;swanna;pu;SubRoost;33;leftovers,life_orb;hydration;timid;4 Def/252 AtqE/252 Vel;;substitute/roost/scald/hurricane
swanna_pu_2;swanna;pu;Choice Scarf;76;choice_scarf;hydration;naive,timid;4 Def/252 AtqE/252 Vel;;surf/ice_beam/hidden_power/brave_bird,hurricane
klang_pu_1;klang;pu;Pivot;90;eviolite;clear_body;sassy;248 PS/8 Def/252 DefE;;rest/sleep_talk/volt_switch/toxic,gear_grind
beheeyem_pu_1;beheeyem;pu;Bulky SetUp;70;leftovers;analytic;bold;248 PS/252 Def/8 DefE;;nasty_plot,calm_mind/psychic/signal_beam,hidden_power/recover
beheeyem_pu_2;beheeyem;pu;Choice Specs;53;choice_specs;analytic;modest;160 PS/252 AtqE/88 Vel;;psychic/signal_beam/hidden_power/trick
beheeyem_pu_3;beheeyem;pu;Trick Room;57;life_orb;analytic;quiet;248 PS/8 Def/252 AtqE;;psychic/hidden_power,signal_beam/recover,signal_beam/trick_room
fraxure_pu_1;fraxure;pu;Stallbreaker;55;eviolite;mold_breaker,unnerve;adamant;224 PS/252 Atq/32 Vel;;swords_dance/taunt/dragon_claw,outrage/superpower
stunfisk_pu_1;stunfisk;pu;Utility;75;leftovers;;bold;252 PS/252 Def/4 DefE;;stealth_rock/discharge/earth_power/toxic,thunder_wave
zweilous_pu_1;zweilous;pu;Specially Defensive;84;eviolite;;careful;248 PS/8 Def/252 DefE;;rest/sleep_talk/crunch/roar,dragon_tail
bulbasaur_lc_1;bulbasaur;lc;Choice Scarf;15;choice_scarf;;modest;240 AtqE/240 Vel;;sleep_powder/leaf_storm/sludge_bomb/hidden_power
charmander_lc_1;charmander;lc;Dragon Dance;69;life_orb;;adamant;180 Atq/92 Def/236 Vel;21 PS;dragon_dance/flare_blitz/thunder_punch/brick_break,rock_slide
charmander_lc_2;charmander;lc;Choice Scarf;35;choice_scarf;;adamant;44 PS/180 Atq/16 Def/236 Vel;;flare_blitz/thunder_punch/brick_break/rock_slide
squirtle_lc_1;squirtle;lc;Priority User;15;life_orb;;adamant;212 Atq/4 DefE/252 Vel;;fake_out/aqua_jet/waterfall/brick_break,ice_punch
squirtle_lc_2;squirtle;lc;Utility;15;eviolite;;bold;244 PS/156 Def/84 DefE/20 Vel;;surf/rapid_spin/toxic,yawn/hidden_power
squirtle_lc_3;squirtle;lc;Choice Scarf;15;choice_scarf;;timid;4 PS/200 AtqE/4 DefE/252 Vel;;water_spout/hydro_pump/ice_beam/hidden_power
chikorita_lc_1;chikorita;lc;Cleric;0;eviolite;;calm;156 PS/156 Def/156 DefE;;aromatherapy/giga_drain/toxic/synthesis
chikorita_lc_2;chikorita;lc;Dual Screens;0;light_clay;;bold,calm;236 PS/156 Def/76 DefE;;reflect/light_screen/leaf_storm,giga_drain/magic_coat,synthesis
cyndaquil_lc_1;cyndaquil;lc;Choice Scarf;78;choice_scarf;;modest;44 PS/24 Atq/200 AtqE/236 Vel;;eruption/fire_blast/hidden_power/nature_power
totodile_lc_1;totodile;lc;Dragon Dance;15;life_orb;;adamant;236 Atq/4 Def/252 Vel;;dragon_dance/waterfall/ice_punch/crunch,rock_slide
totodile_lc_2;totodile;lc;Swords Dance;45;life_orb;;adamant;236 Atq/4 Def/252 Vel;;swords_dance/aqua_jet/ice_punch/crunch,waterfall
cleffa_lc_1;cleffa;lc;Endeavor;41;focus_sash;magic_guard;hasty;236 Vel;;endeavor/protect/encore/thunder_wave,toxic
cleffa_lc_2;cleffa;lc;Dual Screens;15;light_clay,eviolite;magic_guard;bold;196 PS/212 Def/76 DefE;;reflect/light_screen/thunder_wave/wish
cleffa_lc_3;cleffa;lc;Stallbreaker;34;eviolite;magic_guard;calm;196 PS/52 Def/236 DefE;;wish/protect/toxic/fire_blast
snubbull_lc_1;snubbull;lc;Sweeper;0;eviolite;;adamant;36 PS/196 Atq/36 Def/116 DefE/116 Vel;;thunder_wave,bulk_up/return/crunch/close_combat,brick_break
tyrogue_lc_1;tyrogue;lc;Priority Attacker;0;toxic_orb;;adamant;236 Atq/236 Vel;;high_jump_kick/fake_out/mach_punch/bullet_punch
treecko_lc_1;treecko;lc;Attacking Lead;85;eviolite,focus_sash;;hasty,naive;36 PS/240 AtqE/200 Vel;;leaf_storm/hidden_power/giga_drain/quick_attack
treecko_lc_2;treecko;lc;Swords Dance;25;life_orb,eviolite;;naive,jolly;236 Atq/200 Vel;3 PS;swords_dance/bullet_seed/drain_punch/rock_slide,hidden_power
torchic_lc_1;torchic;lc;Baton Pass;0;life_orb;;timid;36 Def/200 AtqE/36 DefE/236 Vel;3 PS/30 Atq/30 AtqE;agility/baton_pass/fire_blast/hidden_power,substitute
ralts_lc_1;ralts;lc;Destiny Room;0;focus_sash;trace;relaxed;212 PS/76 Def/156 DefE;;trick_room/memento/destiny_bond/protect
azurill_lc_1;azurill;lc;Trick Room Sweeper;0;life_orb;huge_power;brave;116 PS/196 Atq/36 Def/116 DefE;;waterfall/return,double_edge/encore,toxic,hidden_power/substitute
duskull_lc_1;duskull;lc;SubSplit;49;eviolite;;calm;196 PS/196 Def/116 DefE;;will_o_wisp/substitute/pain_split/icy_wind,ice_beam
turtwig_lc_1;turtwig;lc;Dual Screens;0;light_clay,eviolite;;impish,careful;236 PS/84 Def/156 DefE/28 Vel;;reflect/light_screen/stealth_rock/seed_bomb,hidden_power
chimchar_lc_1;chimchar;lc;Lead;73;focus_sash,life_orb;;hasty;4 PS/56 Atq/216 AtqE/4 DefE/188 Vel;;fake_out/stealth_rock/overheat,fire_blast/hidden_power,taunt,protect
piplup_lc_1;piplup;lc;Support;0;eviolite;;calm;192 Def/88 AtqE/228 DefE;;stealth_rock/scald/icy_wind,ice_beam/toxic
starly_lc_1;starly;lc;Choice Scarf;0;choice_scarf;;adamant;36 PS/236 Atq/36 Def/196 Vel;;brave_bird/return/u_turn,pursuit/final_gambit
snivy_lc_1;snivy;lc;Dual Screens;0;light_clay,eviolite;;timid;236 PS/252 Vel;;reflect/light_screen/taunt/leaf_storm,giga_drain
tepig_lc_1;tepig;lc;Flame Charge;0;life_orb;;adamant;252 Atq/236 Vel;;flame_charge/flare_blitz/wild_charge/superpower,head_smash
oshawott_lc_1;oshawott;lc;Swords Dance;0;life_orb;;adamant,naughty;240 Atq/16 AtqE/240 Vel;;swords_dance/waterfall/aqua_jet/x_scissor,hidden_power
pansage_lc_1;pansage;lc;Special Attacker;0;focus_sash,life_orb;gluttony,overgrow;timid;252 AtqE/244 Vel;;leaf_storm/hidden_power/energy_ball/nasty_plot,substitute
pansear_lc_1;pansear;lc;Life Orb Sweeper;0;life_orb;gluttony,blaze;timid;244 AtqE/252 Vel;;nasty_plot,sunny_day/fire_blast/hidden_power/taunt,solar_beam
panpour_lc_1;panpour;lc;Nasty Plot;85;eviolite;;timid;36 PS/52 Def/176 AtqE/244 Vel;;nasty_plot/hydro_pump,surf/ice_beam,substitute/hidden_power
cottonee_lc_1;cottonee;lc;Annoyer;36;eviolite;;bold;36 PS/196 Def/196 DefE/76 Vel;;substitute,protect/leech_seed/stun_spore/encore,taunt
gothita_lc_1;gothita;lc;Life Orb;0;life_orb;;timid;36 Def/236 AtqE/236 Vel;;psychic,psyshock/thunderbolt,hidden_power/dark_pulse/substitute,calm_mind
klink_lc_1;klink;lc;Special Attacker;0;eviolite;;modest;36 PS/36 Def/240 AtqE/196 Vel;;rock_polish/flash_cannon/thunderbolt,charge_beam/hidden_power
litwick_lc_1;litwick;lc;Trick Room Sweeper;53;life_orb;;quiet;116 PS/76 Def/240 AtqE;30 AtqE/30 DefE/3 Vel;fire_blast/shadow_ball/hidden_power/energy_ball,trick_room
rufflet_lc_1;rufflet;lc;Choice Scarf;0;choice_scarf;keen_eye,sheer_force;jolly,adamant;252 Atq/36 Def/196 Vel;;pluck/return/u_turn/superpower,rock_slide
rufflet_lc_2;rufflet;lc;Bulk Up;0;eviolite,oran_berry;;jolly;36 PS/12 Atq/36 Def/196 DefE/196 Vel;;bulk_up/return/pluck/roost,substitute
larvesta_lc_1;larvesta;lc;Offensive Pivot;71;eviolite;;adamant;76 PS/236 Atq/196 Vel;;flare_blitz/u_turn/morning_sun/will_o_wisp
larvesta_lc_2;larvesta;lc;Choice Scarf;40;choice_scarf;;jolly;76 PS/236 Atq/196 Vel;;u_turn/flare_blitz/wild_charge/zen_headbutt
wingull_lc_1;wingull;lc;Life Orb;83;life_orb;rain_dish;timid,naive;36 PS/236 AtqE/236 Vel;;scald/ice_beam,hidden_power/rain_dance,u_turn/hurricane,air_slash
roggenrola_lc_1;roggenrola;lc;Autotomize Sweeper;0;oran_berry,life_orb;sand_force;jolly;236 Atq/236 Vel;;autotomize/stone_edge,rock_blast/earthquake/explosion
roggenrola_lc_2;roggenrola;lc;Trick Room Sweeper;0;life_orb,oran_berry;sand_force;brave;236 PS/236 Atq;;stone_edge,rock_blast/earthquake/explosion/return
roggenrola_lc_3;roggenrola;lc;Substitute;0;life_orb,oran_berry;sand_force;naughty,adamant;236 PS/236 Atq;;substitute/stone_edge,rock_blast/earthquake/explosion
roggenrola_lc_4;roggenrola;lc;Lead;0;oran_berry;;adamant,naughty;236 PS/236 Atq;;rock_blast,stone_edge/stealth_rock/protect,earthquake/explosion
woobat_lc_1;woobat;lc;Calm Mind;98;eviolite;simple;timid;252 Def/12 DefE/180 Vel;;calm_mind/stored_power/roost/heat_wave
vanillite_lc_1;vanillite;lc;Choice Scarf;0;choice_scarf;;modest;72 PS/40 Def/160 AtqE/120 DefE/88 Vel;;ice_beam,blizzard/flash_cannon/water_pulse/hidden_power
vanillite_lc_2;vanillite;lc;Autotomize;0;life_orb;weak_armor;modest;240 AtqE/248 Vel;27 PS/30 Def/30 AtqE/30 DefE/30 Vel;autotomize/ice_beam,blizzard/hidden_power/substitute,taunt
deerling_lc_1;deerling;lc;Choice Scarf;0;choice_scarf;sap_sipper;adamant,jolly;196 Atq/36 Def/36 DefE/236 Vel;;seed_bomb/return,double_edge/jump_kick/nature_power,wild_charge
deerling_lc_2;deerling;lc;Baton Pass;0;eviolite;sap_sipper;jolly;36 PS/196 Def/36 DefE/236 Vel;;work_up/agility/baton_pass/seed_bomb,substitute
cubchoo_lc_1;cubchoo;lc;Hail Sweeper;85;choice_scarf;;timid;76 PS/200 AtqE/196 Vel;;blizzard/surf/hidden_power/toxic
cubchoo_lc_2;cubchoo;lc;SubPunch;0;oran_berry,eviolite;rattled;jolly;76 PS/196 Atq/196 Vel;;encore,yawn/substitute,protect/focus_punch/ice_punch
koffing_lc_1;koffing;lc;Pain Split;0;eviolite;;bold;36 PS/236 Def/236 DefE;;pain_split/clear_smog/will_o_wisp,toxic/fire_blast
koffing_lc_2;koffing;lc;RestTalk;0;eviolite;;bold;196 PS/76 Def/236 DefE;;rest/sleep_talk/clear_smog/fire_blast,sludge_bomb
trapinch_lc_1;trapinch;lc;Trapper;50;eviolite;arena_trap;impish;156 PS/36 Atq/156 Def/156 DefE;;earthquake/quick_attack,feint/superpower,rock_slide/crunch
pidgey_lc_1;pidgey;lc;Choice;0;choice_scarf,choice_band;;jolly,adamant;36 PS/236 Atq/228 Vel;;brave_bird/u_turn/feint_attack,pursuit/return,steel_wing
rattata_lc_1;rattata;lc;Guts;0;toxic_orb,flame_orb;guts;jolly;36 PS/228 Atq/180 Vel;;facade/sucker_punch/flame_wheel/protect,wild_charge,u_turn
rattata_lc_2;rattata;lc;Choice Scarf;0;choice_scarf;hustle;jolly;36 PS/228 Atq/180 Vel;;return/u_turn/flame_wheel,wild_charge/crunch,sucker_punch
spearow_lc_1;spearow;lc;Choice Scarf;0;choice_scarf;sniper;adamant,jolly;36 PS/200 Atq/36 Def/36 DefE/196 Vel;;drill_peck/return,quick_attack/u_turn/pursuit
ekans_lc_1;ekans;lc;Coil;0;eviolite;shed_skin;careful;236 PS/4 Def/244 DefE;;coil/gunk_shot/sucker_punch/rest,earthquake
ekans_lc_2;ekans;lc;Annoyer;0;choice_scarf;;timid;236 PS/4 Def/4 DefE/240 Vel;30 Vel;switcheroo/glare/swagger/acid_spray,giga_drain
sandshrew_lc_1;sandshrew;lc;Swords Dance;0;eviolite;sand_rush;adamant,jolly;36 PS/236 Atq/36 DefE/196 Vel;;swords_dance/earthquake/rock_slide/night_slash
sandshrew_lc_2;sandshrew;lc;Support;0;eviolite;sand_rush;adamant;116 PS/236 Atq/36 DefE/116 Vel;;earthquake/rock_slide,stealth_rock/rapid_spin/night_slash,stealth_rock
nidoran_m_lc_1;nidoran_m;lc;Mixed Attacker;0;life_orb;hustle;naive;224 Atq/36 Def/40 AtqE/200 Vel;3 PS/30 Atq/30 AtqE/30 Vel;poison_jab/sucker_punch/thunderbolt/hidden_power
zubat_lc_1;zubat;lc;Choice Bat;0;choice_scarf,choice_band;inner_focus,infiltrator;jolly,adamant;36 PS/236 Atq/236 Vel;;brave_bird/steel_wing,super_fang/bite,pursuit/pursuit,heat_wave,u_turn
zubat_lc_2;zubat;lc;Stallbreaker;0;eviolite;inner_focus,infiltrator;jolly;236 PS/32 Atq/236 Vel;;brave_bird/super_fang/taunt,toxic/roost
oddish_lc_1;oddish;lc;Sun Special Attacker;55;heat_rock,life_orb,eviolite;;timid;240 AtqE/200 Vel;;solar_beam/hidden_power/sludge_bomb,sleep_powder/sunny_day
paras_lc_1;paras;lc;Spore;56;eviolite,oran_berry;dry_skin;impish;236 PS/116 Atq/156 Def;;spore/bug_bite,x_scissor/bullet_seed/synthesis,stun_spore
paras_lc_2;paras;lc;AgiliSpore;30;life_orb,oran_berry;dry_skin;jolly;76 PS/196 Atq/236 Vel;;agility/spore/x_scissor/bullet_seed
venonat_lc_1;venonat;lc;Baton Passer;0;eviolite,focus_sash;;timid;196 PS/36 Def/36 AtqE/236 Vel;;agility/baton_pass/sleep_powder/signal_beam,psychic
venonat_lc_2;venonat;lc;Substitute + Disable;0;eviolite;tinted_lens;bold;36 PS/116 Def/116 AtqE/156 DefE/76 Vel;;substitute/disable/morning_sun/signal_beam
diglett_lc_1;diglett;lc;Life Orb;70;life_orb;arena_trap;jolly;36 PS/236 Atq/236 Vel;;earthquake/beat_up/substitute,sucker_punch/final_gambit,stealth_rock,pursuit
diglett_lc_2;diglett;lc;Eviolite;65;eviolite;arena_trap;jolly;36 PS/156 Atq/76 DefE/236 Vel;;earthquake/stealth_rock,final_gambit/pursuit,memento,toxic/beat_up
diglett_lc_3;diglett;lc;Air Balloon;58;air_balloon;arena_trap;jolly;36 PS/236 Atq/236 Vel;;earthquake/beat_up/substitute/memento,final_gambit
meowth_lc_1;meowth;lc;Physical Attacker;78;normal_gem,life_orb;technician;jolly;236 Atq/76 Def/192 Vel;;fake_out/u_turn/covet,return/bite
psyduck_lc_1;psyduck;lc;Choice Scarf;100;choice_scarf;cloud_nine;modest;240 AtqE/240 Vel;;hydro_pump,surf/ice_beam/hidden_power/signal_beam
mankey_lc_1;mankey;lc;Choice Scarf;0;choice_scarf;;jolly,adamant;116 PS/196 Atq/196 Vel;;close_combat/u_turn/punishment/final_gambit,ice_punch
growlithe_lc_1;growlithe;lc;Pivot;62;eviolite;;careful;116 Atq/196 Def/196 DefE;;flare_blitz/wild_charge,return/morning_sun/will_o_wisp
poliwag_lc_1;poliwag;lc;Special Attacker;0;life_orb,eviolite;swift_swim,water_absorb;timid,modest;36 Def/200 AtqE/36 DefE/196 Vel;;hydro_pump,surf/ice_beam/hidden_power/hypnosis,rain_dance
poliwag_lc_2;poliwag;lc;BellyWag;0;oran_berry;swift_swim,water_absorb;jolly;196 Atq/36 Def/36 DefE/196 Vel;;belly_drum/waterfall/return/hypnosis
abra_lc_1;abra;lc;Focus Sash;66;focus_sash;magic_guard;timid;240 AtqE/200 Vel;;psychic/shadow_ball/hidden_power,energy_ball,charge_beam/protect,encore
abra_lc_2;abra;lc;Life Orb;52;life_orb;magic_guard;timid;240 AtqE/200 Vel;3 Atq/30 Def/30 AtqE/30 DefE/30 Vel;psychic/hidden_power/shadow_ball/substitute,energy_ball,taunt
abra_lc_3;abra;lc;Eviolite;48;eviolite;magic_guard;timid;236 AtqE/76 DefE/196 Vel;;psychic/energy_ball/charge_beam,hidden_power/encore,hidden_power,shadow_ball,taunt
abra_lc_4;abra;lc;Choice Scarf;56;choice_scarf;magic_guard;timid,modest;76 Def/236 AtqE/196 Vel;;psychic/shadow_ball,hidden_power/energy_ball,shadow_ball/trick,magic_room,encore
abra_lc_5;abra;lc;Shed Shell;47;shed_shell;magic_guard;timid;240 AtqE/200 Vel;2 Atq/30 AtqE/30 Vel;psychic/shadow_ball/hidden_power/encore,energy_ball
machop_lc_1;machop;lc;Choice Scarf;100;choice_scarf;no_guard;jolly;36 PS/196 Atq/36 Def/236 Vel;;dynamic_punch/payback/ice_punch/rock_slide
bellsprout_lc_1;bellsprout;lc;Sunny Day Sweeper;45;life_orb;;modest,timid;36 PS/196 AtqE/36 DefE/196 Vel;;solar_beam/sludge_bomb,sunny_day/sleep_powder,growth/weather_ball,hidden_power
bellsprout_lc_2;bellsprout;lc;Swords Dance Sweeper;0;life_orb;;adamant,jolly;36 PS/236 Atq/36 DefE/196 Vel;;swords_dance/sleep_powder/seed_bomb/sucker_punch
bellsprout_lc_3;bellsprout;lc;Mixed Attacker;30;life_orb;;naive;236 Atq/36 AtqE/196 Vel;;growth/weather_ball/seed_bomb,solar_beam/sunny_day,sucker_punch
tentacool_lc_1;tentacool;lc;Utility;96;eviolite;liquid_ooze;bold;196 PS/236 Def/36 AtqE/40 Vel;;scald/rapid_spin/knock_off,hidden_power/toxic_spikes
geodude_lc_1;geodude;lc;Stealth Rock;45;oran_berry;sturdy;adamant;196 Atq/116 Def/196 DefE;;stealth_rock/stone_edge,rock_slide/earthquake,sucker_punch/fire_punch
geodude_lc_2;geodude;lc;Rock Polish;45;oran_berry;sturdy;adamant,jolly;196 Atq/116 DefE/196 Vel;;rock_polish/stone_edge,rock_slide/earthquake/fire_punch,explosion
ponyta_lc_1;ponyta;lc;Choice;99;choice_scarf,choice_band;flame_body;jolly;36 PS/236 Atq/196 Vel;;flare_blitz/wild_charge/return/will_o_wisp
slowpoke_lc_1;slowpoke;lc;Defensive;79;eviolite;regenerator;calm;36 PS/236 Def/36 AtqE/196 DefE;;scald,fire_blast/slack_off/psychic,future_sight/thunder_wave,toxic
magnemite_lc_1;magnemite;lc;Choice Scarf;96;choice_scarf;magnet_pull,sturdy;timid;240 AtqE/240 Vel;2 Atq/30 AtqE/30 Vel;volt_switch/thunderbolt/flash_cannon/hidden_power
magnemite_lc_2;magnemite;lc;Eviolite;60;eviolite;;timid;76 PS/36 Def/156 DefE/240 Vel;2 Atq/30 AtqE/30 Vel;volt_switch/hidden_power/flash_cannon/thunderbolt,magic_coat
magnemite_lc_3;magnemite;lc;Choice Specs;58;choice_specs;;timid;240 AtqE/240 Vel;2 Atq/30 AtqE/30 Vel;volt_switch/thunderbolt/flash_cannon/hidden_power
doduo_lc_1;doduo;lc;Choice Band;45;choice_band;tangled_feet;jolly;236 Atq/236 Vel;;brave_bird/return/quick_attack,pursuit/drill_peck,quick_attack
seel_lc_1;seel;lc;Priority Attacker;100;life_orb;ice_body,thick_fat;adamant,jolly;236 Atq/36 DefE/236 Vel;;fake_out/aqua_jet/ice_shard/waterfall,return
grimer_lc_1;grimer;lc;Bulky Attacker;80;eviolite;sticky_hold;impish;116 PS/196 Atq/116 Def/36 DefE;;poison_jab,gunk_shot/fire_punch/shadow_sneak/pain_split
grimer_lc_2;grimer;lc;Curse;54;eviolite;sticky_hold;careful;196 PS/116 Def/196 DefE;;curse/poison_jab/rest/sleep_talk
shellder_lc_1;shellder;lc;Eviolite Shell Smash;79;eviolite;skill_link;adamant;236 Atq/36 Def/196 Vel;;shell_smash/icicle_spear/rock_blast/protect,substitute
shellder_lc_2;shellder;lc;Life Orb Shell Smash;59;life_orb;skill_link;adamant;156 Atq/116 Def/196 Vel;;shell_smash/icicle_spear/rock_blast/protect
gastly_lc_1;gastly;lc;Eviolite;46;eviolite;;timid;36 PS/36 Def/196 AtqE/196 Vel;;substitute,knock_off/will_o_wisp,knock_off,pain_split/sludge_bomb,pain_split/shadow_ball,hidden_power,pain_split,giga_drain
gastly_lc_2;gastly;lc;Life Orb;34;life_orb;;hasty;76 Atq/36 Def/196 AtqE/196 Vel;;shadow_ball/sludge_bomb/thunderbolt,hidden_power/sucker_punch,substitute
gastly_lc_3;gastly;lc;Scarf;37;choice_scarf;;timid;36 Def/196 AtqE/76 DefE/196 Vel;;shadow_ball/sludge_bomb,hidden_power,thunderbolt/energy_ball,hidden_power,thunderbolt/trick
gastly_lc_4;gastly;lc;Black Sludge;36;black_sludge;;timid;36 Def/196 AtqE/76 DefE/196 Vel;;trick/shadow_ball/sludge_bomb,will_o_wisp/substitute,will_o_wisp
onix_lc_1;onix;lc;Support;37;eviolite;sturdy;impish,careful;236 PS/116 Def/156 DefE;;stealth_rock/dragon_tail/stone_edge/earthquake,protect
onix_lc_2;onix;lc;Rock Polish;22;life_orb,eviolite;sturdy;adamant;236 Atq/236 DefE/36 Vel;;rock_polish/earthquake/stone_edge/explosion
drowzee_lc_1;drowzee;lc;Choice Scarf;0;choice_scarf;;jolly;116 PS/212 Atq/180 Vel;;zen_headbutt,psycho_cut/ice_punch/thunder_punch/drain_punch
krabby_lc_1;krabby;lc;Boosting Sweeper;0;oran_berry,life_orb;;adamant;36 PS/236 Atq/36 Def/196 Vel;;agility/swords_dance/crabhammer/return
krabby_lc_2;krabby;lc;All-Out Attacker;0;life_orb;shell_armor;adamant;236 Atq/36 Def/196 Vel;;crabhammer/return/superpower/x_scissor
krabby_lc_3;krabby;lc;Choice Scarf;0;choice_scarf;sheer_force;adamant;36 PS/236 Atq/36 Def/196 Vel;;crabhammer/return/rock_slide/x_scissor
voltorb_lc_1;voltorb;lc;Offensive Orb;7;life_orb;;hasty,timid;36 PS/36 Atq/236 AtqE/200 Vel;;thunderbolt/hidden_power/substitute,signal_beam/explosion,taunt
voltorb_lc_2;voltorb;lc;Substitute + Charge Beam;0;oran_berry;;timid;36 PS/36 Def/236 AtqE/196 Vel;;charge_beam/hidden_power/thunderbolt/substitute
voltorb_lc_3;voltorb;lc;Rain Dance Lead;78;damp_rock;;naive,hasty;36 PS/36 Atq/236 AtqE/200 Vel;;rain_dance/thunder/taunt,protect/explosion,volt_switch
exeggcute_lc_1;exeggcute;lc;Diverse;15;oran_berry;harvest;timid;36 PS/36 Def/196 AtqE/196 Vel;;sleep_powder/substitute/leaf_storm,giga_drain/psychic
exeggcute_lc_2;exeggcute;lc;Physical Wall;23;eviolite;;bold;116 PS/40 Def/236 AtqE/116 Vel;;wish,synthesis/giga_drain/leech_seed,hidden_power/protect,toxic
exeggcute_lc_3;exeggcute;lc;Chlorophyll Sweeper;57;life_orb,eviolite;;modest;116 PS/236 AtqE/116 Vel;;giga_drain,solar_beam/psychic/hidden_power/sleep_powder,synthesis,sunny_day
cubone_lc_1;cubone;lc;Baton Pass Receiver;0;thick_club;;adamant;36 PS/196 Atq/36 DefE/236 Vel;;earthquake/swords_dance/fire_punch/double_edge
lickitung_lc_1;lickitung;lc;Wish;69;eviolite;;careful;196 PS/76 Def/236 DefE;;wish/protect/dragon_tail/heal_bell,toxic,return
lickitung_lc_2;lickitung;lc;RestTalk + Curse;56;eviolite;cloud_nine;careful;196 PS/76 Def/236 DefE;;rest/sleep_talk/curse/dragon_tail
rhyhorn_lc_1;rhyhorn;lc;Rock Polish;0;life_orb,eviolite;rock_head;jolly;36 PS/236 Atq/236 Vel;;rock_polish/earthquake/stone_edge,rock_blast/swords_dance,megahorn
rhyhorn_lc_2;rhyhorn;lc;All-Out Attacker;0;life_orb;rock_head;adamant;156 PS/236 Atq/36 DefE/76 Vel;;earthquake/rock_blast/aqua_tail,fire_fang/megahorn
horsea_lc_1;horsea;lc;Swift Swim Sweeper;85;life_orb,eviolite;;modest,timid;36 Def/200 AtqE/76 DefE/196 Vel;;rain_dance/hydro_pump,surf/ice_beam/hidden_power
goldeen_lc_1;goldeen;lc;Bulky Attacker;100;eviolite;lightning_rod;adamant,jolly;76 PS/220 Atq/36 Def/172 Vel;;aqua_tail/megahorn/drill_run/knock_off
staryu_lc_1;staryu;lc;Bulky Rapid Spin;85;eviolite;natural_cure;timid;116 PS/156 Def/236 Vel;;scald/thunderbolt,toxic,thunder_wave/rapid_spin/recover
staryu_lc_2;staryu;lc;Offensive;82;eviolite;natural_cure;timid;76 Def/196 AtqE/236 Vel;;hydro_pump,surf/thunderbolt,psychic,hidden_power/rapid_spin,thunderbolt/recover
staryu_lc_3;staryu;lc;Life Orb;33;life_orb;natural_cure;timid;196 AtqE/76 DefE/236 Vel;;hydro_pump/psychic/hidden_power,ice_beam/rapid_spin,thunderbolt
eevee_lc_1;eevee;lc;Choice Band;0;choice_band;adaptability;jolly,adamant;236 Atq/36 Def/236 Vel;;quick_attack/return/bite/baton_pass,iron_tail
eevee_lc_2;eevee;lc;Mixed Attacker;0;life_orb;adaptability;naive,hasty;236 Atq/240 Vel;;work_up,return/quick_attack/shadow_ball,bite/hidden_power
porygon_lc_1;porygon;lc;God Wall [Special];66;eviolite;;calm;156 PS/116 Def/236 DefE;;tri_attack,ice_beam,thunderbolt/psychic/thunder_wave,toxic/recover
porygon_lc_2;porygon;lc;God Wall [Physical];66;eviolite;;bold;156 PS/196 Def/156 DefE;;thunderbolt/ice_beam,psychic/recover/toxic,thunder_wave
omanyte_lc_1;omanyte;lc;Shell Smash;73;eviolite;weak_armor,shell_armor;timid;36 Def/200 AtqE/240 Vel;;shell_smash/hydro_pump,surf/hidden_power/earth_power,substitute,ice_beam
omanyte_lc_2;omanyte;lc;Entry Hazard Setter;48;eviolite;weak_armor;timid;76 PS/196 AtqE/236 Vel;;stealth_rock/toxic_spikes/scald,hydro_pump/knock_off
omanyte_lc_3;omanyte;lc;Shell Smash + Hazards;70;eviolite;weak_armor;timid;76 PS/196 AtqE/236 Vel;;toxic_spikes,stealth_rock/shell_smash/hydro_pump/earth_power,hidden_power
kabuto_lc_1;kabuto;lc;Rain Sweeper;37;life_orb,eviolite;;adamant;196 Atq/36 Def/236 Vel;;waterfall/rock_slide/aqua_jet/rain_dance,hone_claws
kabuto_lc_2;kabuto;lc;Lead;52;focus_sash;;adamant;36 PS/196 Atq/36 Def/236 Vel;;stealth_rock/aqua_jet/rock_slide,waterfall/rapid_spin,protect
dratini_lc_1;dratini;lc;Offensive Dragon Dance;76;life_orb,eviolite;;lonely,hasty;244 Atq/36 AtqE/196 Vel;;dragon_dance/outrage/extreme_speed/fire_blast
dratini_lc_2;dratini;lc;RestTalk Dragon Dance;48;eviolite;marvel_scale;jolly;108 PS/4 Atq/76 Def/196 DefE/116 Vel;;dragon_dance/outrage/rest/sleep_talk
sentret_lc_1;sentret;lc;Choice Specs;0;choice_specs;frisk;modest;76 PS/236 AtqE/196 Vel;;hyper_voice/flamethrower/shadow_ball,surf/trick
hoothoot_lc_1;hoothoot;lc;Support;0;eviolite;;calm;196 PS/196 Def/68 DefE/36 Vel;;reflect/roost/air_slash/hypnosis,whirlwind
ledyba_lc_1;ledyba;lc;Utility Wall;0;eviolite;early_bird;bold;196 PS/196 Def/116 DefE;;roost/encore/reflect,knock_off/bug_buzz
spinarak_lc_1;spinarak;lc;Boosting Sweeper;0;life_orb;swarm,sniper;adamant;196 Atq/36 Def/36 DefE/196 Vel;;agility/night_slash/bug_bite/poison_jab,cross_poison
chinchou_lc_1;chinchou;lc;Choice Scarf;59;choice_scarf;water_absorb,volt_absorb;timid;52 Def/228 AtqE/220 Vel;;volt_switch/hydro_pump/thunderbolt,surf,scald/toxic,hidden_power
chinchou_lc_2;chinchou;lc;Defensive;55;eviolite;water_absorb,volt_absorb;calm;76 PS/52 Def/228 DefE/140 Vel;;scald,surf/volt_switch/toxic,hidden_power/protect,sucker_punch
pichu_lc_1;pichu;lc;Choice Band;0;choice_band;lightning_rod;adamant;116 PS/196 Atq/196 Vel;;volt_tackle/return/thunder_punch/iron_tail,toxic
pichu_lc_2;pichu;lc;Utility;0;life_orb;lightning_rod;adamant;36 PS/196 Atq/76 Def/196 Vel;;fake_out/volt_tackle/encore/volt_switch,light_screen,toxic
pichu_lc_3;pichu;lc;Nasty Plot;0;life_orb;lightning_rod;timid,modest;36 PS/236 AtqE/196 Vel;;nasty_plot/encore/thunderbolt/hidden_power
natu_lc_1;natu;lc;Calm Mind;77;eviolite;magic_bounce;bold;196 PS/156 Def/36 AtqE/76 DefE/36 Vel;;psychic/calm_mind/roost/heat_wave,u_turn
natu_lc_2;natu;lc;Wish;77;eviolite;magic_bounce;bold;196 PS/156 Def/36 AtqE/76 DefE/36 Vel;;psychic/wish/roost/u_turn
natu_lc_3;natu;lc;Fast Pivot;83;eviolite;magic_bounce;timid;36 PS/156 Def/36 AtqE/76 DefE/196 Vel;;psychic/roost,sucker_punch/u_turn,thunder_wave,toxic/heat_wave,giga_drain
mareep_lc_1;mareep;lc;Dual Screens;0;light_clay,eviolite;;bold;236 PS/196 Def/76 DefE;;reflect/light_screen/thunderbolt,discharge/thunder_wave
hoppip_lc_1;hoppip;lc;Global Warming;0;heat_rock;;jolly;236 PS/36 Def/196 Vel;;encore/sleep_powder/sunny_day/memento,u_turn
hoppip_lc_2;hoppip;lc;Shiatsu Massage Not Included;0;eviolite;;jolly;236 PS/36 Def/196 Vel;;encore/aromatherapy/sleep_powder,leech_seed/memento,u_turn
hoppip_lc_3;hoppip;lc;Parry, Parry, Thrust;0;flying_gem;;jolly;76 PS/236 Atq/196 Vel;;swords_dance/acrobatics/protect,synthesis/seed_bomb
aipom_lc_1;aipom;lc;Life Orb;46;life_orb;skill_link;jolly;196 Atq/76 DefE/236 Vel;;fury_swipes/u_turn,knock_off/fire_punch,beat_up,shadow_claw/fake_out
wooper_lc_1;wooper;lc;Tank;74;eviolite;unaware,water_absorb;impish;236 PS/76 Atq/156 Def;;earthquake/waterfall,ice_punch,encore/toxic/recover
pineco_lc_1;pineco;lc;Support;15;eviolite,oran_berry;;impish;196 PS/76 Atq/196 Def;;rapid_spin/stealth_rock,spikes/payback,protect/bug_bite
teddiursa_lc_1;teddiursa;lc;Quick Feet;0;toxic_orb;quick_feet;jolly;196 Atq/116 DefE/196 Vel;;swords_dance,protect/facade/close_combat/crunch
slugma_lc_1;slugma;lc;Stockpile;0;eviolite;flame_body;calm;196 PS/116 Def/196 DefE;;stockpile/recover/flamethrower,lava_plume/will_o_wisp,toxic,hidden_power
slugma_lc_2;slugma;lc;Dual Screen Memento;0;eviolite,light_clay;flame_body;bold;196 PS/196 Def/116 DefE;;light_screen/reflect/memento/lava_plume
swinub_lc_1;swinub;lc;Physical Sweeper;100;life_orb;snow_cloak;jolly,adamant;116 PS/196 Atq/196 Vel;;earthquake/superpower,icicle_spear/ice_shard/stealth_rock
remoraid_lc_1;remoraid;lc;Special Choice Scarf;0;choice_scarf;sniper;timid,modest;236 AtqE/236 Vel;;water_spout/surf/fire_blast/hidden_power
remoraid_lc_2;remoraid;lc;Physical Choice;0;choice_scarf,choice_band;;naive;236 Atq/236 Vel;;waterfall/seed_bomb/return/water_spout,fire_blast
remoraid_lc_3;remoraid;lc;Mixed Choice Scarf;0;choice_scarf;;naughty;236 AtqE/236 Vel;;waterfall/water_spout/seed_bomb/fire_blast
houndour_lc_1;houndour;lc;Mixed Attacker;74;life_orb;early_bird,flash_fire;lonely;196 Atq/36 AtqE/36 DefE/236 Vel;;sucker_punch/crunch,dark_pulse/fire_blast/protect,substitute
phanpy_lc_1;phanpy;lc;Utility;85;eviolite;sand_veil;impish;196 PS/196 Def/116 DefE;;stealth_rock/earthquake/knock_off,ice_shard/toxic,roar
smoochum_lc_1;smoochum;lc;Hail Scarfer;85;choice_scarf;forewarn;timid;236 AtqE/236 Vel;;blizzard/psychic/ice_beam,shadow_ball,hidden_power/trick
smoochum_lc_2;smoochum;lc;Nasty Plot;58;shed_shell;forewarn;timid;240 AtqE/240 Vel;3 Atq/30 Def/30 AtqE/30 DefE/30 Vel;nasty_plot/blizzard/psychic/substitute,hidden_power,protect
elekid_lc_1;elekid;lc;Life Orb;59;life_orb;;timid;240 AtqE/236 Vel;7 PS/2 Atq/30 AtqE;thunderbolt/volt_switch/hidden_power/psychic
elekid_lc_2;elekid;lc;Air Balloon Pivot;68;air_balloon;;timid;240 AtqE/236 Vel;2 Atq/30 AtqE;thunderbolt/volt_switch/hidden_power/protect
magby_lc_1;magby;lc;Belly Drum Sweeper;0;oran_berry;;jolly;236 Atq/252 Vel;23 PS;belly_drum/fire_punch/thunder_punch,return/substitute,protect
larvitar_lc_1;larvitar;lc;Boosting Sweeper;81;flame_orb;;jolly,adamant;36 PS/244 Atq/36 Def/188 Vel;;dragon_dance,rock_polish/earthquake/stone_edge,rock_slide/crunch,facade
poochyena_lc_1;poochyena;lc;Boosting Sweeper;0;toxic_orb;quick_feet;jolly;236 Atq/36 DefE/236 Vel;;howl/facade/crunch/fire_fang
zigzagoon_lc_1;zigzagoon;lc;Belly Drum;85;oran_berry;;adamant;132 PS/196 Atq/108 Def/28 DefE/36 Vel;;belly_drum/extreme_speed/thief,seed_bomb/protect,substitute
lotad_lc_1;lotad;lc;Swift Swim Sweeper;0;life_orb;;timid,modest;36 Def/196 AtqE/36 DefE/196 Vel;;rain_dance/surf/giga_drain/ice_beam
seedot_lc_1;seedot;lc;Growth;0;life_orb;;naive;40 Atq/36 Def/200 AtqE/200 Vel;3 PS/30 Atq/30 AtqE/30 Vel;growth/solar_beam/explosion/hidden_power,sunny_day
taillow_lc_1;taillow;lc;Guts Sweeper;85;toxic_orb;;jolly;36 PS/236 Atq/236 Vel;;facade/brave_bird/quick_attack/u_turn,protect
taillow_lc_2;taillow;lc;Choice Scarf;30;choice_scarf;;adamant;36 PS/236 Atq/236 Vel;;brave_bird/u_turn/return/toxic
surskit_lc_1;surskit;lc;Special Sweeper;0;life_orb;;modest,timid;20 Def/200 AtqE/20 DefE/236 Vel;19 PS/30 Atq/30 AtqE/30 Vel;hydro_pump/signal_beam/hidden_power/giga_drain
surskit_lc_2;surskit;lc;Baton Pass;0;eviolite,oran_berry;;calm;116 PS/20 Def/18 DefE/156 Vel;;baton_pass/agility/substitute/hydro_pump
shroomish_lc_1;shroomish;lc;Eviolite;0;eviolite;;bold;196 PS/196 Def/36 AtqE/36 DefE;;spore/giga_drain/synthesis/toxic,stun_spore
whismur_lc_1;whismur;lc;Trick Room Attacker;0;life_orb;;quiet;244 PS/12 Def/188 AtqE/12 DefE;;hyper_voice/fire_blast/shadow_ball/ice_beam
makuhita_lc_1;makuhita;lc;Support;0;eviolite;;careful;180 PS/196 Atq/36 Def/36 DefE;;force_palm,toxic/whirlwind/knock_off/bullet_punch,brick_break
makuhita_lc_2;makuhita;lc;Trick Room Sweeper;0;eviolite,oran_berry;guts;brave;180 PS/196 Atq/36 Def;;belly_drum/close_combat,cross_chop/bullet_punch/ice_punch
nosepass_lc_1;nosepass;lc;Bulky Attacker;35;eviolite;magnet_pull;impish;196 PS/76 Atq/156 Def/36 DefE/36 Vel;;stone_edge,rock_slide/fire_punch/thunder_wave,stealth_rock/pain_split,stealth_rock
skitty_lc_1;skitty;lc;Anti-Lead;48;life_orb;;jolly,adamant;236 Atq/76 DefE/196 Vel;;fake_out/return/sucker_punch,feint_attack/zen_headbutt
skitty_lc_2;skitty;lc;Normalize;53;oran_berry;normalize;adamant;236 Atq/76 DefE/196 Vel;;thunder_wave/return/sucker_punch/foresight,fake_out
aron_lc_1;aron;lc;Rock Polish;85;life_orb;rock_head;jolly,adamant;196 Atq/116 DefE/196 Vel;;rock_polish/head_smash/iron_head/earthquake
aron_lc_2;aron;lc;Choice Band;52;choice_band;rock_head;adamant;196 Atq/116 DefE/196 Vel;;head_smash/iron_head/earthquake/superpower
electrike_lc_1;electrike;lc;Choice;100;choice_specs,choice_scarf;lightning_rod;timid,modest;240 AtqE/236 Vel;;volt_switch/flamethrower/thunderbolt/hidden_power,switcheroo
electrike_lc_2;electrike;lc;Substitute + Charge Beam;45;life_orb;lightning_rod;timid;240 AtqE/236 Vel;;charge_beam/substitute/hidden_power/thunderbolt,flamethrower
gulpin_lc_1;gulpin;lc;Stockpile;0;eviolite;;modest;116 PS/172 Def/12 AtqE/172 DefE;;stockpile/pain_split/encore,toxic/ice_beam,sludge_bomb
carvanha_lc_1;carvanha;lc;Special;80;life_orb;speed_boost;modest,timid;240 AtqE/240 Vel;2 PS/2 Atq/30 AtqE/30 Vel;hydro_pump/dark_pulse/hidden_power,ice_beam/protect
carvanha_lc_2;carvanha;lc;Physical;68;life_orb;speed_boost;adamant,jolly;196 Atq/36 Def/36 DefE/236 Vel;;waterfall/crunch/zen_headbutt,aqua_jet/protect
wailmer_lc_1;wailmer;lc;Tank;0;eviolite;pressure;bold;36 PS/236 Def/236 DefE;;rest/sleep_talk/roar/scald
wailmer_lc_2;wailmer;lc;Choice Scarf;83;choice_scarf;;timid,modest;36 PS/76 Def/200 AtqE/196 Vel;;water_spout/hydro_pump,surf/ice_beam/hidden_power
numel_lc_1;numel;lc;RestTalk;71;eviolite;simple;bold;196 PS/116 Def/156 DefE;;rest/sleep_talk/lava_plume/stockpile,earth_power
numel_lc_2;numel;lc;Flame Charge;31;life_orb;simple;modest;240 AtqE/236 Vel;;flame_charge/fire_blast/earth_power/hidden_power
spoink_lc_1;spoink;lc;Dual Screens;34;light_clay,eviolite;;timid;196 PS/76 Def/36 DefE/196 Vel;;reflect/light_screen/psychic/thunder_wave
spoink_lc_2;spoink;lc;Calm Mind;76;eviolite;;timid;36 PS/200 AtqE/40 DefE/200 Vel;;calm_mind/psychic/shadow_ball/hidden_power
spoink_lc_3;spoink;lc;Choice Scarf;54;choice_scarf;;modest;36 PS/200 AtqE/40 DefE/200 Vel;;psychic/shadow_ball/hidden_power/trick
cacnea_lc_1;cacnea;lc;Swords Dance;0;life_orb,oran_berry;;adamant,jolly;36 PS/236 Atq/236 Vel;;swords_dance/sucker_punch/bullet_seed,substitute/drain_punch,focus_punch
swablu_lc_1;swablu;lc;Weather Guard;0;eviolite;cloud_nine;careful;236 PS/36 Def/236 DefE;;roost/toxic/pluck,hyper_voice/cotton_guard
barboach_lc_1;barboach;lc;Dragon Dance;100;eviolite;anticipation;adamant,impish;36 PS/212 Atq/12 Def/28 DefE/196 Vel;;dragon_dance/earthquake/waterfall/bounce,return
corphish_lc_1;corphish;lc;Offensive Dragon Dance;100;eviolite,life_orb;adaptability;jolly;12 PS/196 Atq/240 Vel;;dragon_dance/waterfall,crabhammer/superpower,brick_break/return,crunch
corphish_lc_2;corphish;lc;Bulky Dragon Dance;85;eviolite;adaptability;adamant;172 PS/76 Def/156 DefE/76 Vel;;dragon_dance/waterfall/brick_break/return,crunch
baltoy_lc_1;baltoy;lc;Rapid Spin;57;eviolite,oran_berry;;bold,relaxed;196 PS/236 Def/36 AtqE/36 DefE;;rapid_spin/stealth_rock/earth_power/toxic,psychic
baltoy_lc_2;baltoy;lc;Dual Screens;51;eviolite,light_clay;;impish,bold;196 PS/196 Def/112 DefE;;reflect/light_screen/stealth_rock/toxic,explosion,shadow_ball
lileep_lc_1;lileep;lc;Sand Wall;66;eviolite;storm_drain;bold;148 PS/224 Def/28 AtqE/64 DefE/16 Vel;;giga_drain/hidden_power,barrier/recover/toxic
anorith_lc_1;anorith;lc;Utility;54;eviolite;;jolly;36 PS/236 Atq/236 Vel;;rapid_spin/stealth_rock/x_scissor/knock_off,rock_blast
shuppet_lc_1;shuppet;lc;Trick Room Lead;0;focus_sash;frisk;brave;236 Atq;;trick_room/destiny_bond/taunt/shadow_sneak,sucker_punch
wynaut_lc_1;wynaut;lc;Why Not?;0;oran_berry,eviolite;;bold;76 PS/132 Def/212 DefE/12 Vel;;counter/mirror_coat/encore/safeguard,tickle
snorunt_lc_1;snorunt;lc;Spiker;70;oran_berry;ice_body,inner_focus;naive;36 PS/36 Atq/36 Def/196 AtqE/196 Vel;;spikes/ice_beam/hidden_power/ice_shard
snorunt_lc_2;snorunt;lc;Disable;100;oran_berry;ice_body,inner_focus;naive;36 PS/36 Atq/36 Def/196 AtqE/196 Vel;;disable/ice_beam/crunch,shadow_ball/ice_shard
spheal_lc_1;spheal;lc;Stall;99;leftovers;ice_body;bold,calm;36 PS/196 Def/76 AtqE/196 DefE;;protect/substitute/aqua_ring/super_fang,blizzard,surf,toxic
clamperl_lc_1;clamperl;lc;Shell Smash;70;deep_sea_tooth;;timid;248 AtqE/76 DefE/180 Vel;2 Atq/30 AtqE;shell_smash/surf/hidden_power,ice_beam/protect,substitute
bagon_lc_1;bagon;lc;Defensive;0;eviolite;;relaxed;236 PS/196 Def/36 AtqE/36 DefE;;wish/dragon_claw/fire_blast/protect,toxic
bidoof_lc_1;bidoof;lc;Curse;0;eviolite;;adamant;204 PS/236 Atq/36 Def;;curse/return/aqua_tail/quick_attack
shinx_lc_1;shinx;lc;Guts;0;toxic_orb,flame_orb;guts;jolly;236 Atq/4 Def/4 DefE/236 Vel;;facade/wild_charge/ice_fang,crunch/fire_fang,crunch
budew_lc_1;budew;lc;Spiker;0;eviolite;;timid;36 PS/156 Def/36 AtqE/36 DefE/236 Vel;;spikes/giga_drain/sludge_bomb/synthesis,rest
cranidos_lc_1;cranidos;lc;Choice Scarf;68;choice_scarf;;adamant,jolly;60 PS/236 Atq/212 Vel;;head_smash/stone_edge/earthquake/zen_headbutt,fire_punch
cranidos_lc_2;cranidos;lc;Rock Polish;41;life_orb,oran_berry;;adamant;60 PS/236 Atq/212 Vel;;rock_polish/stone_edge/earthquake/zen_headbutt,crunch
shieldon_lc_1;shieldon;lc;Support;18;oran_berry;;sassy;196 PS/20 Atq/56 Def/20 AtqE/212 DefE;;stealth_rock/metal_burst/fire_blast/ice_beam,earthquake
buizel_lc_1;buizel;lc;Life Orb;45;life_orb;water_veil;jolly;236 Atq/240 Vel;30 Def/30 AtqE/30 Vel;aqua_tail/return/hidden_power/aqua_jet
buizel_lc_2;buizel;lc;Choice Band;100;choice_band;water_veil;jolly;236 Atq/36 DefE/236 Vel;;waterfall,aqua_tail/return/switcheroo,brick_break/aqua_jet,switcheroo
buizel_lc_3;buizel;lc;Baton Passer;15;eviolite;;jolly;76 PS/196 DefE/236 Vel;;baton_pass/bulk_up/agility/waterfall
cherubi_lc_1;cherubi;lc;Chlorophyll Sweeper;0;eviolite;;modest,timid;80 Def/180 AtqE/240 Vel;;sunny_day/growth/solar_beam,giga_drain/weather_ball,hidden_power
shellos_lc_1;shellos;lc;Tank;74;eviolite;storm_drain;bold;228 PS/132 Def/100 DefE/4 Vel;;surf,scald/clear_smog/recover/yawn,toxic
drifloon_lc_1;drifloon;lc;Physical Acrobatics;80;flying_gem;unburden;adamant;196 Atq/84 Def/4 DefE/196 Vel;;acrobatics/sucker_punch/will_o_wisp/substitute,memento,destiny_bond
drifloon_lc_2;drifloon;lc;Mixed Acrobatics;86;flying_gem;unburden;naughty;36 PS/200 Atq/4 Def/120 AtqE/116 Vel;;acrobatics/will_o_wisp/shadow_ball/hidden_power,destiny_bond,sucker_punch
buneary_lc_1;buneary;lc;Anti-Lead;42;flame_orb,choice_scarf;klutz;jolly;236 Atq/36 Def/236 Vel;;fake_out/switcheroo/return/encore,thunder_punch
buneary_lc_2;buneary;lc;Choice Band;59;choice_band;limber;jolly;236 Atq/36 Def/236 Vel;;return/jump_kick,drain_punch/thunder_punch/switcheroo,quick_attack,fire_punch
buneary_lc_3;buneary;lc;Support;28;eviolite;limber;jolly,adamant;96 PS/148 Atq/96 Def/156 Vel;;encore,sweet_kiss/circle_throw/healing_wish,heal_bell/ice_punch,thunder_punch
buneary_lc_4;buneary;lc;Baton Pass;30;oran_berry;limber;jolly;236 PS/4 Def/236 Vel;;baton_pass/agility/encore/substitute,return
glameow_lc_1;glameow;lc;Attacking Lead;39;life_orb;;jolly;236 Atq/20 Def/236 Vel;;fake_out/u_turn/sucker_punch/hypnosis,return,quick_attack
glameow_lc_2;glameow;lc;Mixed Attacker;22;life_orb;;naive;240 Atq/20 Def/240 Vel;2 PS/30 Atq/30 AtqE/30 Vel;work_up/return/sucker_punch/hidden_power
chingling_lc_1;chingling;lc;Utility;0;eviolite,light_clay;;bold,calm;236 PS/156 Def/116 DefE;;hypnosis/reflect/light_screen/psychic,wish
stunky_lc_1;stunky;lc;Pursuit Trapper;45;shed_shell;aftermath;hasty;12 PS/252 Atq/244 Vel;;pursuit/sucker_punch/fire_blast/memento
bronzor_lc_1;bronzor;lc;Calm Mind;64;eviolite;;bold;140 PS/148 Def/84 AtqE/68 DefE/12 Vel;;calm_mind/rest/sleep_talk/psychic,flash_cannon
bronzor_lc_2;bronzor;lc;Defensive;28;oran_berry;;calm;140 PS/68 Def/4 AtqE/228 DefE/12 Vel;;recycle/stealth_rock/psychic/toxic,earthquake
bonsly_lc_1;bonsly;lc;Rock Polish;40;life_orb;rock_head;adamant,jolly;116 PS/196 Atq/196 Vel;;rock_polish/double_edge/rock_slide/brick_break
happiny_lc_1;happiny;lc;Support;0;eviolite;;calm;236 PS/236 DefE;;thunder_wave,toxic/heal_bell/light_screen/flamethrower
gible_lc_1;gible;lc;Sand Veil;15;life_orb;;naive;196 Atq/116 AtqE/180 Vel;;substitute/outrage/earthquake/fire_blast
munchlax_lc_1;munchlax;lc;Offensive Tank;72;eviolite;thick_fat;adamant;236 Atq/36 Def/236 DefE;;return/fire_punch/earthquake/pursuit
riolu_lc_1;riolu;lc;Copycat + Roar;52;eviolite;prankster;impish;196 PS/36 Atq/196 Def/36 DefE/36 Vel;;copycat/roar/drain_punch,high_jump_kick/protect,crunch
hippopotas_lc_1;hippopotas;lc;Sand Support;80;eviolite;;careful;132 PS/20 Atq/132 Def/180 DefE/20 Vel;;earthquake/stealth_rock/slack_off/crunch,whirlwind
skorupi_lc_1;skorupi;lc;Toxic Spikes;55;eviolite;;timid;36 PS/36 Def/196 AtqE/236 Vel;;knock_off/toxic_spikes/sludge_bomb/taunt
croagunk_lc_1;croagunk;lc;Utility;85;eviolite;dry_skin;quiet;212 PS/28 Atq/36 Def/108 AtqE/116 DefE;;drain_punch/vacuum_wave/shadow_ball/knock_off,fake_out
croagunk_lc_2;croagunk;lc;Bulk Up;71;eviolite;dry_skin;adamant;212 PS/28 Atq/116 Def/116 DefE/36 Vel;;bulk_up/drain_punch/sucker_punch/payback,knock_off,vacuum_wave
finneon_lc_1;finneon;lc;Choice Scarf;0;choice_scarf;storm_drain;naive;44 Atq/208 AtqE/28 DefE/228 Vel;;surf/u_turn/ice_beam/hidden_power
finneon_lc_2;finneon;lc;Rain Dance;0;damp_rock,life_orb;;naive;204 Atq/48 AtqE/28 DefE/228 Vel;;rain_dance/aqua_tail,waterfall/hidden_power,ice_beam/return,u_turn
mantyke_lc_1;mantyke;lc;RestTalk;87;eviolite;water_absorb;bold;156 PS/196 Def/36 AtqE/116 DefE;;rest/sleep_talk/air_slash/scald,toxic
mantyke_lc_2;mantyke;lc;Swift Swim Sweeper;43;life_orb,eviolite;;modest;36 Def/196 AtqE/36 DefE/196 Vel;;rain_dance/hydro_pump/ice_beam,substitute/air_slash,substitute
snover_lc_1;snover;lc;Bulky Attacker;58;eviolite;;timid;36 PS/20 Atq/36 Def/180 AtqE/36 DefE/196 Vel;;blizzard/giga_drain/protect/ice_shard,hidden_power,toxic
snover_lc_2;snover;lc;Choice Scarf;63;choice_scarf;;timid;36 PS/36 Def/184 AtqE/36 DefE/200 Vel;;blizzard/giga_drain/hidden_power/ice_shard
patrat_lc_1;patrat;lc;Baton Pass;0;eviolite;analytic;jolly;76 PS/124 Def/124 DefE/180 Vel;;swords_dance,work_up/baton_pass/hypnosis,substitute/return,crunch
lillipup_lc_1;lillipup;lc;Life Orb;42;life_orb;;jolly,adamant;200 Atq/236 Vel;;return/wild_charge/fire_fang/crunch,ice_fang
purrloin_lc_1;purrloin;lc;Puddytat;0;eviolite;prankster;jolly;188 PS/60 Def/228 Vel;;encore/u_turn/swagger,thunder_wave/foul_play,knock_off
munna_lc_1;munna;lc;Trick Room;20;eviolite;synchronize;relaxed;148 PS/160 Def/160 DefE;2 Vel;trick_room/psychic,psyshock/hidden_power/yawn,hypnosis
munna_lc_2;munna;lc;Calm Mind;6;eviolite;synchronize;bold;228 PS/224 AtqE/8 Vel;;calm_mind/stored_power,psychic/hidden_power/moonlight,shadow_ball
munna_lc_3;munna;lc;Dual Screens;15;light_clay;synchronize;bold;228 PS/76 Def/60 AtqE/76 DefE/4 Vel;;reflect/light_screen/magic_coat/yawn
blitzle_lc_1;blitzle;lc;Boosting Sweeper;85;life_orb;;naughty,naive;196 Atq/76 AtqE/232 Vel;;agility,flame_charge/wild_charge/hidden_power/pursuit,quick_attack
blitzle_lc_2;blitzle;lc;Charge Beam;25;life_orb;motor_drive;naive;36 Atq/236 AtqE/232 Vel;;charge_beam/thunderbolt/hidden_power/flame_charge,quick_attack
drilbur_lc_1;drilbur;lc;Utility;87;eviolite;mold_breaker;jolly;36 PS/156 Atq/76 DefE/212 Vel;;earthquake/rock_tomb,rock_slide/rapid_spin,swords_dance,toxic/stealth_rock,swords_dance,toxic
drilbur_lc_2;drilbur;lc;Choice Scarf;70;choice_scarf;mold_breaker;jolly;236 Atq/36 Def/212 Vel;;earthquake/rock_slide/rapid_spin/stealth_rock,toxic
timburr_lc_1;timburr;lc;Bulk Up;79;eviolite;;careful;36 Atq/156 Def/236 DefE/76 Vel;;bulk_up/drain_punch/mach_punch/payback,thunder_punch
tympole_lc_1;tympole;lc;Swift Swim Sweeper;0;life_orb;;modest;36 Def/200 AtqE/244 Vel;;hydro_pump,surf/sludge_wave/earth_power/hidden_power,rain_dance
sewaddle_lc_1;sewaddle;lc;Chlorophyll;0;life_orb;chlorophyll;timid,modest;196 AtqE/116 DefE/180 Vel;;calm_mind/solar_beam,energy_ball/bug_buzz/hidden_power
petilil_lc_1;petilil;lc;Sunny Day Sweeper;0;eviolite,life_orb;;timid;36 Def/200 AtqE/36 DefE/200 Vel;;sunny_day/solar_beam,giga_drain/hidden_power/sleep_powder,growth
sandile_lc_1;sandile;lc;Choice Scarf;81;choice_scarf;moxie;adamant;180 Atq/76 Def/236 Vel;;earthquake/crunch/fire_fang/stone_edge,pursuit
sandile_lc_2;sandile;lc;Hone Claws;59;life_orb;moxie;jolly,adamant;180 Atq/76 Def/236 Vel;;hone_claws/earthquake/fire_fang,stone_edge/crunch,pursuit
darumaka_lc_1;darumaka;lc;Choice;85;choice_scarf,choice_band;;jolly;116 PS/196 Atq/196 Vel;;flare_blitz/superpower/rock_slide/u_turn
darumaka_lc_2;darumaka;lc;Support;15;eviolite;;jolly;196 PS/36 Atq/76 Def/196 Vel;;encore/will_o_wisp,yawn/u_turn/fire_punch
dwebble_lc_1;dwebble;lc;Entry Hazard Setter;55;eviolite;weak_armor;adamant;36 PS/236 Atq/236 Vel;;spikes/stealth_rock/rock_blast/counter
yamask_lc_1;yamask;lc;Trick Room;11;oran_berry;;quiet;216 PS/160 AtqE/80 DefE;2 Vel;trick_room/shadow_ball/hidden_power/nasty_plot
yamask_lc_2;yamask;lc;Calm Mind;30;oran_berry;;bold;212 PS/80 Def/160 DefE/40 Vel;;calm_mind/hex/hidden_power/will_o_wisp
tirtouga_lc_1;tirtouga;lc;Utility;14;eviolite;;relaxed;164 PS/52 Atq/12 Def/236 DefE/20 Vel;;stealth_rock/knock_off/aqua_jet/rock_slide
tirtouga_lc_2;tirtouga;lc;Shell Smash;40;eviolite;;jolly,adamant;4 PS/212 Atq/12 Def/76 DefE/180 Vel;;shell_smash/waterfall/stone_edge/stealth_rock
archen_lc_1;archen;lc;Acrobatics;71;flying_gem;;jolly;76 PS/180 Atq/196 Vel;;acrobatics/stone_edge,quick_attack/earthquake,stealth_rock/roost,u_turn,protect
trubbish_lc_1;trubbish;lc;Entry Hazard Setter;100;eviolite;sticky_hold;impish;116 PS/36 Atq/180 Def/20 DefE/156 Vel;;drain_punch,gunk_shot/spikes,toxic_spikes/pain_split,toxic_spikes/rock_blast
zorua_lc_1;zorua;lc;Mixed Attacker;46;life_orb;;naive;200 Atq/40 Def/240 Vel;2 PS;dark_pulse/sucker_punch/hidden_power/extrasensory
zorua_lc_2;zorua;lc;Choice Scarf;39;choice_scarf;;naive,hasty;36 PS/200 AtqE/240 Vel;;dark_pulse,night_daze/hidden_power/u_turn/pursuit,extrasensory
zorua_lc_3;zorua;lc;Nasty Plot;57;life_orb;;timid,naive;40 Def/200 AtqE/240 Vel;2 PS;nasty_plot/dark_pulse,night_daze/hidden_power/extrasensory,sucker_punch
minccino_lc_1;minccino;lc;Skill Link;62;life_orb,eviolite;skill_link;adamant,jolly;196 Atq/76 DefE/236 Vel;;tail_slap/aqua_tail/u_turn/knock_off,seed_bomb
minccino_lc_2;minccino;lc;Choice Scarf;75;choice_scarf;skill_link;adamant;196 Atq/76 DefE/236 Vel;;tail_slap/aqua_tail/u_turn/seed_bomb
solosis_lc_1;solosis;lc;Trick Room;96;life_orb;magic_guard;quiet;236 PS/240 AtqE;30 Def/30 AtqE/30 DefE/2 Vel;trick_room/psychic/hidden_power/thunder,shadow_ball
ducklett_lc_1;ducklett;lc;Bulky Feather Dance;0;eviolite;big_pecks;calm;180 PS/196 Def/4 AtqE/116 DefE;;feather_dance/toxic/roost/surf,air_slash
ducklett_lc_2;ducklett;lc;Bulky Rain Dance;0;eviolite;hydration;calm;180 PS/196 Def/4 AtqE/116 DefE;;rain_dance/surf/hurricane,air_slash/rest,roost
karrablast_lc_1;karrablast;lc;Swords Dance;0;life_orb,oran_berry;shed_skin;jolly;36 PS/236 Atq/36 AtqE/196 Vel;;swords_dance/megahorn/double_edge,return/feint_attack,aerial_ace
karrablast_lc_2;karrablast;lc;Choice;0;choice_band,choice_scarf;shed_skin;jolly,adamant;76 PS/236 Atq/196 Vel;;megahorn/double_edge,return/aerial_ace/toxic,rest
foongus_lc_1;foongus;lc;Pivot;89;eviolite;regenerator;calm;44 PS/76 Def/76 AtqE/236 DefE/76 Vel;;stun_spore/synthesis/giga_drain/sludge_bomb
frillish_lc_1;frillish;lc;Defensive;91;eviolite;cursed_body,water_absorb;bold;236 PS/116 Def/76 AtqE/76 DefE;;scald/shadow_ball,giga_drain/will_o_wisp,taunt,hidden_power/recover
frillish_lc_2;frillish;lc;Choice Scarf;22;choice_scarf;cursed_body;timid;236 AtqE/76 DefE/196 Vel;;water_spout/trick/surf/shadow_ball
joltik_lc_1;joltik;lc;Choice Scarf;75;choice_scarf;swarm;modest;36 Def/220 AtqE/236 Vel;;volt_switch/thunderbolt/bug_buzz/giga_drain
joltik_lc_2;joltik;lc;Agility;45;life_orb,eviolite;unnerve;modest;36 Def/220 AtqE/236 Vel;;agility/thunderbolt/bug_buzz/giga_drain
joltik_lc_3;joltik;lc;Eviolite;75;eviolite;unnerve,swarm;impish;116 PS/196 Def/60 AtqE/116 DefE;;thunderbolt,discharge/bug_buzz/giga_drain/thunder_wave,volt_switch
ferroseed_lc_1;ferroseed;lc;Wall [Special Attacker];63;eviolite;;bold;164 PS/108 Def/4 AtqE/228 DefE;;giga_drain/thunderbolt,payback/thunder_wave,stealth_rock/spikes
ferroseed_lc_2;ferroseed;lc;Wall [Physical Attacker];62;eviolite;;impish;84 PS/36 Atq/108 Def/228 DefE/36 Vel;;bullet_seed/stealth_rock/thunder_wave,payback/spikes,payback
elgyem_lc_1;elgyem;lc;Bulky Attacker;0;eviolite;analytic;modest;76 PS/240 AtqE/120 Vel;;psychic/thunderbolt/hidden_power/recover
axew_lc_1;axew;lc;Dragon Dance;61;eviolite;mold_breaker;jolly;68 PS/220 Atq/220 Vel;;dragon_dance/outrage/aqua_tail/dragon_claw,superpower
axew_lc_2;axew;lc;Choice Scarf;59;choice_scarf;mold_breaker;jolly;68 PS/220 Atq/220 Vel;;dragon_claw/superpower/aqua_tail/outrage
shelmet_lc_1;shelmet;lc;Support;96;eviolite;shell_armor;bold;116 PS/156 Def/236 DefE;;spikes/recover/acid_armor/bug_buzz,hidden_power
mienfoo_lc_1;mienfoo;lc;Slow Pivot;82;eviolite;regenerator;impish;156 PS/116 Def/196 DefE;;fake_out,taunt/high_jump_kick,drain_punch/u_turn/knock_off
mienfoo_lc_2;mienfoo;lc;Choice Scarf;43;choice_scarf;reckless;jolly;236 Atq/36 DefE/236 Vel;;high_jump_kick/u_turn/stone_edge/drain_punch,knock_off
mienfoo_lc_3;mienfoo;lc;Fast Pivot;82;eviolite;regenerator;jolly;36 Def/196 DefE/236 Vel;;high_jump_kick/knock_off/u_turn/fake_out
mienfoo_lc_4;mienfoo;lc;Substitute + Payback;68;eviolite;regenerator;adamant;236 Atq/36 DefE/236 Vel;;high_jump_kick/payback/substitute/u_turn
golett_lc_1;golett;lc;Stealth Rock;85;eviolite;;adamant;44 PS/244 Atq/116 Def/84 Vel;;stealth_rock/earthquake/drain_punch/ice_punch,toxic
pawniard_lc_1;pawniard;lc;Eviolite;64;eviolite;;jolly;156 Atq/36 Def/116 DefE/196 Vel;;swords_dance,stealth_rock/sucker_punch/iron_head/night_slash,brick_break,pursuit,thunder_wave
pawniard_lc_2;pawniard;lc;Choice Scarf;33;choice_scarf;;adamant;236 Atq/36 Def/36 DefE/196 Vel;;iron_head/night_slash,knock_off/pursuit/brick_break,knock_off
pawniard_lc_3;pawniard;lc;Substitute + Swords Dance;53;eviolite;;jolly;156 Atq/196 Def/116 DefE/36 Vel;;swords_dance/sucker_punch/iron_head/substitute
vullaby_lc_1;vullaby;lc;Nasty Plot;58;eviolite;weak_armor;modest;76 Def/236 AtqE/196 Vel;;nasty_plot/air_slash/dark_pulse/heat_wave,roost
vullaby_lc_2;vullaby;lc;Offensive Pivot;86;eviolite;weak_armor;adamant;236 Atq/76 Def/196 Vel;;brave_bird/knock_off/u_turn/roost
vullaby_lc_3;vullaby;lc;Choice Scarf;62;choice_scarf;overcoat,weak_armor;adamant;236 Atq/76 DefE/196 Vel;;brave_bird/foul_play,knock_off/u_turn/knock_off,roost,heat_wave,rock_smash
deino_lc_1;deino;lc;Choice Scarf;85;choice_scarf;;jolly;20 PS/236 Atq/36 Def/212 Vel;;outrage/crunch/superpower/head_smash,zen_headbutt
